ISO-10303-21;
HEADER;
FILE_DESCRIPTION(('Open CASCADE Model'),'2;1');
FILE_NAME('Open CASCADE Shape Model','2026-08-28T13:50:42',('Author'),(
    'Open CASCADE'),'Open CASCADE STEP processor 7.9','Open CASCADE 7.9'
  ,'Unknown');
FILE_SCHEMA(('AUTOMOTIVE_DESIGN { 1 0 10303 214 1 1 1 1 }'));
ENDSEC;
DATA;
#1 = APPLICATION_PROTOCOL_DEFINITION('international standard',
  'automotive_design',2000,#2);
#2 = APPLICATION_CONTEXT(
  'core data for automotive mechanical design processes');
#3 = SHAPE_DEFINITION_REPRESENTATION(#4,#10);
#4 = PRODUCT_DEFINITION_SHAPE('','',#5);
#5 = PRODUCT_DEFINITION('design','',#6,#9);
#6 = PRODUCT_DEFINITION_FORMATION('','',#7);
#7 = PRODUCT('wsc_cam_case_body','wsc_cam_case_body','',(#8));
#8 = PRODUCT_CONTEXT('',#2,'mechanical');
#9 = PRODUCT_DEFINITION_CONTEXT('part definition',#2,'design');
#10 = ADVANCED_BREP_SHAPE_REPRESENTATION('',(#11,#15),#5934);
#11 = AXIS2_PLACEMENT_3D('',#12,#13,#14);
#12 = CARTESIAN_POINT('',(0.,0.,0.));
#13 = DIRECTION('',(0.,0.,1.));
#14 = DIRECTION('',(1.,0.,-0.));
#15 = MANIFOLD_SOLID_BREP('',#16);
#16 = CLOSED_SHELL('',(#17,#137,#261,#347,#433,#527,#594,#661,#890,#958,
    #1030,#1098,#1170,#1246,#1299,#1475,#1528,#1590,#1639,#1688,#1787,
    #1836,#1886,#1980,#2047,#2095,#2262,#2329,#2377,#2619,#2708,#2733,
    #2795,#2822,#2935,#2960,#3022,#3131,#3178,#3236,#3261,#3286,#3331,
    #3338,#3393,#3451,#3476,#3501,#3546,#3553,#3864,#4020,#4176,#4305,
    #4312,#4388,#4457,#4484,#4861,#4868,#4895,#4922,#4929,#4964,#5068,
    #5113,#5160,#5242,#5346,#5373,#5400,#5504,#5529,#5554,#5579,#5604,
    #5611,#5618,#5625,#5632,#5639,#5694,#5749,#5804,#5859,#5914,#5918,
    #5922,#5926,#5930));
#17 = ADVANCED_FACE('',(#18),#32,.T.);
#18 = FACE_BOUND('',#19,.T.);
#19 = EDGE_LOOP('',(#20,#55,#83,#111));
#20 = ORIENTED_EDGE('',*,*,#21,.T.);
#21 = EDGE_CURVE('',#22,#24,#26,.T.);
#22 = VERTEX_POINT('',#23);
#23 = CARTESIAN_POINT('',(-3.9,-0.9,-4.4));
#24 = VERTEX_POINT('',#25);
#25 = CARTESIAN_POINT('',(-3.9,-0.9,7.));
#26 = SURFACE_CURVE('',#27,(#31,#43),.PCURVE_S1.);
#27 = LINE('',#28,#29);
#28 = CARTESIAN_POINT('',(-3.9,-0.9,-7.4));
#29 = VECTOR('',#30,1.);
#30 = DIRECTION('',(0.,0.,1.));
#31 = PCURVE('',#32,#37);
#32 = PLANE('',#33);
#33 = AXIS2_PLACEMENT_3D('',#34,#35,#36);
#34 = CARTESIAN_POINT('',(-3.9,-0.9,-7.4));
#35 = DIRECTION('',(-1.,0.,0.));
#36 = DIRECTION('',(0.,1.,0.));
#37 = DEFINITIONAL_REPRESENTATION('',(#38),#42);
#38 = LINE('',#39,#40);
#39 = CARTESIAN_POINT('',(0.,0.));
#40 = VECTOR('',#41,1.);
#41 = DIRECTION('',(0.,-1.));
#42 = ( GEOMETRIC_REPRESENTATION_CONTEXT(2) 
PARAMETRIC_REPRESENTATION_CONTEXT() REPRESENTATION_CONTEXT('2D SPACE',''
  ) );
#43 = PCURVE('',#44,#49);
#44 = CYLINDRICAL_SURFACE('',#45,3.);
#45 = AXIS2_PLACEMENT_3D('',#46,#47,#48);
#46 = CARTESIAN_POINT('',(-0.9,-0.9,-7.4));
#47 = DIRECTION('',(-0.,-0.,-1.));
#48 = DIRECTION('',(1.,0.,0.));
#49 = DEFINITIONAL_REPRESENTATION('',(#50),#54);
#50 = LINE('',#51,#52);
#51 = CARTESIAN_POINT('',(-3.14159265359,0.));
#52 = VECTOR('',#53,1.);
#53 = DIRECTION('',(-0.,-1.));
#54 = ( GEOMETRIC_REPRESENTATION_CONTEXT(2) 
PARAMETRIC_REPRESENTATION_CONTEXT() REPRESENTATION_CONTEXT('2D SPACE',''
  ) );
#55 = ORIENTED_EDGE('',*,*,#56,.F.);
#56 = EDGE_CURVE('',#57,#24,#59,.T.);
#57 = VERTEX_POINT('',#58);
#58 = CARTESIAN_POINT('',(-3.9,37.899999995838,7.));
#59 = SURFACE_CURVE('',#60,(#64,#71),.PCURVE_S1.);
#60 = LINE('',#61,#62);
#61 = CARTESIAN_POINT('',(-3.9,37.899999995838,7.));
#62 = VECTOR('',#63,1.);
#63 = DIRECTION('',(-0.,-1.,-0.));
#64 = PCURVE('',#32,#65);
#65 = DEFINITIONAL_REPRESENTATION('',(#66),#70);
#66 = LINE('',#67,#68);
#67 = CARTESIAN_POINT('',(38.799999995839,-14.4));
#68 = VECTOR('',#69,1.);
#69 = DIRECTION('',(-1.,0.));
#70 = ( GEOMETRIC_REPRESENTATION_CONTEXT(2) 
PARAMETRIC_REPRESENTATION_CONTEXT() REPRESENTATION_CONTEXT('2D SPACE',''
  ) );
#71 = PCURVE('',#72,#77);
#72 = PLANE('',#73);
#73 = AXIS2_PLACEMENT_3D('',#74,#75,#76);
#74 = CARTESIAN_POINT('',(-3.36966991411,37.899999995838,8.28033008589)
  );
#75 = DIRECTION('',(0.923879532511,0.,-0.382683432365));
#76 = DIRECTION('',(-0.,1.,0.));
#77 = DEFINITIONAL_REPRESENTATION('',(#78),#82);
#78 = LINE('',#79,#80);
#79 = CARTESIAN_POINT('',(-0.,-1.385819298767));
#80 = VECTOR('',#81,1.);
#81 = DIRECTION('',(-1.,0.));
#82 = ( GEOMETRIC_REPRESENTATION_CONTEXT(2) 
PARAMETRIC_REPRESENTATION_CONTEXT() REPRESENTATION_CONTEXT('2D SPACE',''
  ) );
#83 = ORIENTED_EDGE('',*,*,#84,.F.);
#84 = EDGE_CURVE('',#85,#57,#87,.T.);
#85 = VERTEX_POINT('',#86);
#86 = CARTESIAN_POINT('',(-3.9,37.899999995838,-4.4));
#87 = SURFACE_CURVE('',#88,(#92,#99),.PCURVE_S1.);
#88 = LINE('',#89,#90);
#89 = CARTESIAN_POINT('',(-3.9,37.899999995838,-7.4));
#90 = VECTOR('',#91,1.);
#91 = DIRECTION('',(0.,0.,1.));
#92 = PCURVE('',#32,#93);
#93 = DEFINITIONAL_REPRESENTATION('',(#94),#98);
#94 = LINE('',#95,#96);
#95 = CARTESIAN_POINT('',(38.799999995839,0.));
#96 = VECTOR('',#97,1.);
#97 = DIRECTION('',(0.,-1.));
#98 = ( GEOMETRIC_REPRESENTATION_CONTEXT(2) 
PARAMETRIC_REPRESENTATION_CONTEXT() REPRESENTATION_CONTEXT('2D SPACE',''
  ) );
#99 = PCURVE('',#100,#105);
#100 = CYLINDRICAL_SURFACE('',#101,3.);
#101 = AXIS2_PLACEMENT_3D('',#102,#103,#104);
#102 = CARTESIAN_POINT('',(-0.9,37.899999995838,-7.4));
#103 = DIRECTION('',(-0.,-0.,-1.));
#104 = DIRECTION('',(1.,0.,0.));
#105 = DEFINITIONAL_REPRESENTATION('',(#106),#110);
#106 = LINE('',#107,#108);
#107 = CARTESIAN_POINT('',(-3.14159265359,0.));
#108 = VECTOR('',#109,1.);
#109 = DIRECTION('',(-0.,-1.));
#110 = ( GEOMETRIC_REPRESENTATION_CONTEXT(2) 
PARAMETRIC_REPRESENTATION_CONTEXT() REPRESENTATION_CONTEXT('2D SPACE',''
  ) );
#111 = ORIENTED_EDGE('',*,*,#112,.T.);
#112 = EDGE_CURVE('',#85,#22,#113,.T.);
#113 = SURFACE_CURVE('',#114,(#118,#125),.PCURVE_S1.);
#114 = LINE('',#115,#116);
#115 = CARTESIAN_POINT('',(-3.9,37.899999995838,-4.4));
#116 = VECTOR('',#117,1.);
#117 = DIRECTION('',(-0.,-1.,-0.));
#118 = PCURVE('',#32,#119);
#119 = DEFINITIONAL_REPRESENTATION('',(#120),#124);
#120 = LINE('',#121,#122);
#121 = CARTESIAN_POINT('',(38.799999995839,-3.));
#122 = VECTOR('',#123,1.);
#123 = DIRECTION('',(-1.,0.));
#124 = ( GEOMETRIC_REPRESENTATION_CONTEXT(2) 
PARAMETRIC_REPRESENTATION_CONTEXT() REPRESENTATION_CONTEXT('2D SPACE',''
  ) );
#125 = PCURVE('',#126,#131);
#126 = PLANE('',#127);
#127 = AXIS2_PLACEMENT_3D('',#128,#129,#130);
#128 = CARTESIAN_POINT('',(-3.36966991411,37.899999995838,-5.68033008589
    ));
#129 = DIRECTION('',(-0.923879532511,0.,-0.382683432365));
#130 = DIRECTION('',(-0.,1.,0.));
#131 = DEFINITIONAL_REPRESENTATION('',(#132),#136);
#132 = LINE('',#133,#134);
#133 = CARTESIAN_POINT('',(-0.,-1.385819298767));
#134 = VECTOR('',#135,1.);
#135 = DIRECTION('',(-1.,0.));
#136 = ( GEOMETRIC_REPRESENTATION_CONTEXT(2) 
PARAMETRIC_REPRESENTATION_CONTEXT() REPRESENTATION_CONTEXT('2D SPACE',''
  ) );
#137 = ADVANCED_FACE('',(#138),#44,.T.);
#138 = FACE_BOUND('',#139,.F.);
#139 = EDGE_LOOP('',(#140,#141,#188,#216));
#140 = ORIENTED_EDGE('',*,*,#21,.T.);
#141 = ORIENTED_EDGE('',*,*,#142,.T.);
#142 = EDGE_CURVE('',#24,#143,#145,.T.);
#143 = VERTEX_POINT('',#144);
#144 = CARTESIAN_POINT('',(-0.9,-3.9,7.));
#145 = SURFACE_CURVE('',#146,(#154,#166),.PCURVE_S1.);
#146 = B_SPLINE_CURVE_WITH_KNOTS('',6,(#147,#148,#149,#150,#151,#152,
    #153),.UNSPECIFIED.,.F.,.F.,(7,7),(82.312388976224,87.024777956608),
  .PIECEWISE_BEZIER_KNOTS.);
#147 = CARTESIAN_POINT('',(-3.9,-0.9,7.));
#148 = CARTESIAN_POINT('',(-3.9,-1.68539456795,7.));
#149 = CARTESIAN_POINT('',(-3.65331885412,-2.470735425585,7.));
#150 = CARTESIAN_POINT('',(-3.159565528542,-3.159565528543,7.));
#151 = CARTESIAN_POINT('',(-2.470735425585,-3.653318854121,7.));
#152 = CARTESIAN_POINT('',(-1.68539456795,-3.9,7.));
#153 = CARTESIAN_POINT('',(-0.9,-3.9,7.));
#154 = PCURVE('',#44,#155);
#155 = DEFINITIONAL_REPRESENTATION('',(#156),#165);
#156 = B_SPLINE_CURVE_WITH_KNOTS('',7,(#157,#158,#159,#160,#161,#162,
    #163,#164),.UNSPECIFIED.,.F.,.F.,(8,8),(82.312388976224,
    87.024777956608),.PIECEWISE_BEZIER_KNOTS.);
#157 = CARTESIAN_POINT('',(-3.14159265359,-14.4));
#158 = CARTESIAN_POINT('',(-3.365991101575,-14.4));
#159 = CARTESIAN_POINT('',(-3.590373898773,-14.4));
#160 = CARTESIAN_POINT('',(-3.814838570927,-14.4));
#161 = CARTESIAN_POINT('',(-4.039143063047,-14.4));
#162 = CARTESIAN_POINT('',(-4.263607735202,-14.4));
#163 = CARTESIAN_POINT('',(-4.487990532399,-14.4));
#164 = CARTESIAN_POINT('',(-4.712388980385,-14.4));
#165 = ( GEOMETRIC_REPRESENTATION_CONTEXT(2) 
PARAMETRIC_REPRESENTATION_CONTEXT() REPRESENTATION_CONTEXT('2D SPACE',''
  ) );
#166 = PCURVE('',#167,#182);
#167 = B_SPLINE_SURFACE_WITH_KNOTS('',1,6,(
    (#168,#169,#170,#171,#172,#173,#174)
    ,(#175,#176,#177,#178,#179,#180,#181
    )),.UNSPECIFIED.,.F.,.F.,.F.,(2,2),(7,7),(0.,4.712388980385),(
    82.312388976224,87.024777956608),.PIECEWISE_BEZIER_KNOTS.);
#168 = CARTESIAN_POINT('',(-3.9,-0.9,7.));
#169 = CARTESIAN_POINT('',(-3.9,-1.68539456795,7.));
#170 = CARTESIAN_POINT('',(-3.65331885412,-2.470735425585,7.));
#171 = CARTESIAN_POINT('',(-3.159565528542,-3.159565528543,7.));
#172 = CARTESIAN_POINT('',(-2.470735425585,-3.653318854121,7.));
#173 = CARTESIAN_POINT('',(-1.68539456795,-3.9,7.));
#174 = CARTESIAN_POINT('',(-0.9,-3.9,7.));
#175 = CARTESIAN_POINT('',(-2.83933982822,-0.9,9.56066017178));
#176 = CARTESIAN_POINT('',(-2.83933982822,-1.407715655498,9.56066017178)
  );
#177 = CARTESIAN_POINT('',(-2.679873637862,-1.915396590145,9.56066017178
    ));
#178 = CARTESIAN_POINT('',(-2.360688474658,-2.360688474659,9.56066017178
    ));
#179 = CARTESIAN_POINT('',(-1.915396590144,-2.679873637862,9.56066017178
    ));
#180 = CARTESIAN_POINT('',(-1.407715655498,-2.839339828221,9.56066017178
    ));
#181 = CARTESIAN_POINT('',(-0.9,-2.839339828221,9.56066017178));
#182 = DEFINITIONAL_REPRESENTATION('',(#183),#187);
#183 = LINE('',#184,#185);
#184 = CARTESIAN_POINT('',(0.,0.));
#185 = VECTOR('',#186,1.);
#186 = DIRECTION('',(0.,1.));
#187 = ( GEOMETRIC_REPRESENTATION_CONTEXT(2) 
PARAMETRIC_REPRESENTATION_CONTEXT() REPRESENTATION_CONTEXT('2D SPACE',''
  ) );
#188 = ORIENTED_EDGE('',*,*,#189,.F.);
#189 = EDGE_CURVE('',#190,#143,#192,.T.);
#190 = VERTEX_POINT('',#191);
#191 = CARTESIAN_POINT('',(-0.9,-3.9,-4.4));
#192 = SURFACE_CURVE('',#193,(#197,#204),.PCURVE_S1.);
#193 = LINE('',#194,#195);
#194 = CARTESIAN_POINT('',(-0.9,-3.9,-7.4));
#195 = VECTOR('',#196,1.);
#196 = DIRECTION('',(0.,0.,1.));
#197 = PCURVE('',#44,#198);
#198 = DEFINITIONAL_REPRESENTATION('',(#199),#203);
#199 = LINE('',#200,#201);
#200 = CARTESIAN_POINT('',(-4.712388980385,0.));
#201 = VECTOR('',#202,1.);
#202 = DIRECTION('',(-0.,-1.));
#203 = ( GEOMETRIC_REPRESENTATION_CONTEXT(2) 
PARAMETRIC_REPRESENTATION_CONTEXT() REPRESENTATION_CONTEXT('2D SPACE',''
  ) );
#204 = PCURVE('',#205,#210);
#205 = PLANE('',#206);
#206 = AXIS2_PLACEMENT_3D('',#207,#208,#209);
#207 = CARTESIAN_POINT('',(-0.9,-3.9,-7.4));
#208 = DIRECTION('',(0.,1.,0.));
#209 = DIRECTION('',(1.,0.,0.));
#210 = DEFINITIONAL_REPRESENTATION('',(#211),#215);
#211 = LINE('',#212,#213);
#212 = CARTESIAN_POINT('',(0.,0.));
#213 = VECTOR('',#214,1.);
#214 = DIRECTION('',(0.,-1.));
#215 = ( GEOMETRIC_REPRESENTATION_CONTEXT(2) 
PARAMETRIC_REPRESENTATION_CONTEXT() REPRESENTATION_CONTEXT('2D SPACE',''
  ) );
#216 = ORIENTED_EDGE('',*,*,#217,.F.);
#217 = EDGE_CURVE('',#22,#190,#218,.T.);
#218 = SURFACE_CURVE('',#219,(#227,#239),.PCURVE_S1.);
#219 = B_SPLINE_CURVE_WITH_KNOTS('',6,(#220,#221,#222,#223,#224,#225,
    #226),.UNSPECIFIED.,.F.,.F.,(7,7),(82.312388976224,87.024777956608),
  .PIECEWISE_BEZIER_KNOTS.);
#220 = CARTESIAN_POINT('',(-3.9,-0.9,-4.4));
#221 = CARTESIAN_POINT('',(-3.9,-1.68539456795,-4.4));
#222 = CARTESIAN_POINT('',(-3.65331885412,-2.470735425585,-4.4));
#223 = CARTESIAN_POINT('',(-3.159565528542,-3.159565528543,-4.4));
#224 = CARTESIAN_POINT('',(-2.470735425585,-3.653318854121,-4.4));
#225 = CARTESIAN_POINT('',(-1.68539456795,-3.9,-4.4));
#226 = CARTESIAN_POINT('',(-0.9,-3.9,-4.4));
#227 = PCURVE('',#44,#228);
#228 = DEFINITIONAL_REPRESENTATION('',(#229),#238);
#229 = B_SPLINE_CURVE_WITH_KNOTS('',7,(#230,#231,#232,#233,#234,#235,
    #236,#237),.UNSPECIFIED.,.F.,.F.,(8,8),(82.312388976224,
    87.024777956608),.PIECEWISE_BEZIER_KNOTS.);
#230 = CARTESIAN_POINT('',(-3.14159265359,-3.));
#231 = CARTESIAN_POINT('',(-3.365991101575,-3.));
#232 = CARTESIAN_POINT('',(-3.590373898773,-3.));
#233 = CARTESIAN_POINT('',(-3.814838570927,-3.));
#234 = CARTESIAN_POINT('',(-4.039143063048,-3.));
#235 = CARTESIAN_POINT('',(-4.263607735202,-3.));
#236 = CARTESIAN_POINT('',(-4.487990532399,-3.));
#237 = CARTESIAN_POINT('',(-4.712388980385,-3.));
#238 = ( GEOMETRIC_REPRESENTATION_CONTEXT(2) 
PARAMETRIC_REPRESENTATION_CONTEXT() REPRESENTATION_CONTEXT('2D SPACE',''
  ) );
#239 = PCURVE('',#240,#255);
#240 = B_SPLINE_SURFACE_WITH_KNOTS('',1,6,(
    (#241,#242,#243,#244,#245,#246,#247)
    ,(#248,#249,#250,#251,#252,#253,#254
    )),.UNSPECIFIED.,.F.,.F.,.F.,(2,2),(7,7),(0.,4.712388980385),(
    82.312388976224,87.024777956608),.PIECEWISE_BEZIER_KNOTS.);
#241 = CARTESIAN_POINT('',(-3.9,-0.9,-4.4));
#242 = CARTESIAN_POINT('',(-3.9,-1.68539456795,-4.4));
#243 = CARTESIAN_POINT('',(-3.65331885412,-2.470735425585,-4.4));
#244 = CARTESIAN_POINT('',(-3.159565528542,-3.159565528543,-4.4));
#245 = CARTESIAN_POINT('',(-2.470735425585,-3.653318854121,-4.4));
#246 = CARTESIAN_POINT('',(-1.68539456795,-3.9,-4.4));
#247 = CARTESIAN_POINT('',(-0.9,-3.9,-4.4));
#248 = CARTESIAN_POINT('',(-2.83933982822,-0.9,-6.96066017178));
#249 = CARTESIAN_POINT('',(-2.83933982822,-1.407715655498,-6.96066017178
    ));
#250 = CARTESIAN_POINT('',(-2.679873637862,-1.915396590145,
    -6.96066017178));
#251 = CARTESIAN_POINT('',(-2.360688474658,-2.360688474659,
    -6.96066017178));
#252 = CARTESIAN_POINT('',(-1.915396590144,-2.679873637862,
    -6.96066017178));
#253 = CARTESIAN_POINT('',(-1.407715655498,-2.839339828221,
    -6.96066017178));
#254 = CARTESIAN_POINT('',(-0.9,-2.839339828221,-6.96066017178));
#255 = DEFINITIONAL_REPRESENTATION('',(#256),#260);
#256 = LINE('',#257,#258);
#257 = CARTESIAN_POINT('',(0.,0.));
#258 = VECTOR('',#259,1.);
#259 = DIRECTION('',(0.,1.));
#260 = ( GEOMETRIC_REPRESENTATION_CONTEXT(2) 
PARAMETRIC_REPRESENTATION_CONTEXT() REPRESENTATION_CONTEXT('2D SPACE',''
  ) );
#261 = ADVANCED_FACE('',(#262),#126,.T.);
#262 = FACE_BOUND('',#263,.F.);
#263 = EDGE_LOOP('',(#264,#299,#300,#321));
#264 = ORIENTED_EDGE('',*,*,#265,.F.);
#265 = EDGE_CURVE('',#85,#266,#268,.T.);
#266 = VERTEX_POINT('',#267);
#267 = CARTESIAN_POINT('',(-2.83933982822,37.899999995838,-6.96066017178
    ));
#268 = SURFACE_CURVE('',#269,(#272,#278),.PCURVE_S1.);
#269 = B_SPLINE_CURVE_WITH_KNOTS('',1,(#270,#271),.UNSPECIFIED.,.F.,.F.,
  (2,2),(0.,4.712388980385),.PIECEWISE_BEZIER_KNOTS.);
#270 = CARTESIAN_POINT('',(-3.9,37.899999995838,-4.4));
#271 = CARTESIAN_POINT('',(-2.83933982822,37.899999995838,-6.96066017178
    ));
#272 = PCURVE('',#126,#273);
#273 = DEFINITIONAL_REPRESENTATION('',(#274),#277);
#274 = B_SPLINE_CURVE_WITH_KNOTS('',1,(#275,#276),.UNSPECIFIED.,.F.,.F.,
  (2,2),(0.,4.712388980385),.PIECEWISE_BEZIER_KNOTS.);
#275 = CARTESIAN_POINT('',(0.,-1.385819298767));
#276 = CARTESIAN_POINT('',(0.,1.385819298767));
#277 = ( GEOMETRIC_REPRESENTATION_CONTEXT(2) 
PARAMETRIC_REPRESENTATION_CONTEXT() REPRESENTATION_CONTEXT('2D SPACE',''
  ) );
#278 = PCURVE('',#279,#294);
#279 = B_SPLINE_SURFACE_WITH_KNOTS('',1,6,(
    (#280,#281,#282,#283,#284,#285,#286)
    ,(#287,#288,#289,#290,#291,#292,#293
    )),.UNSPECIFIED.,.F.,.F.,.F.,(2,2),(7,7),(0.,4.712388980385),(38.8,
    43.512388980385),.PIECEWISE_BEZIER_KNOTS.);
#280 = CARTESIAN_POINT('',(-0.9,40.899999995838,-4.4));
#281 = CARTESIAN_POINT('',(-1.68539456795,40.899999995838,-4.4));
#282 = CARTESIAN_POINT('',(-2.470735425585,40.653318849959,-4.4));
#283 = CARTESIAN_POINT('',(-3.159565528542,40.15956552438,-4.4));
#284 = CARTESIAN_POINT('',(-3.65331885412,39.470735421423,-4.4));
#285 = CARTESIAN_POINT('',(-3.9,38.685394563788,-4.4));
#286 = CARTESIAN_POINT('',(-3.9,37.899999995838,-4.4));
#287 = CARTESIAN_POINT('',(-0.9,39.839339824059,-6.96066017178));
#288 = CARTESIAN_POINT('',(-1.407715655498,39.839339824059,
    -6.96066017178));
#289 = CARTESIAN_POINT('',(-1.915396590144,39.6798736337,-6.96066017178)
  );
#290 = CARTESIAN_POINT('',(-2.360688474658,39.360688470497,
    -6.96066017178));
#291 = CARTESIAN_POINT('',(-2.679873637862,38.915396585983,
    -6.96066017178));
#292 = CARTESIAN_POINT('',(-2.83933982822,38.407715651336,-6.96066017178
    ));
#293 = CARTESIAN_POINT('',(-2.83933982822,37.899999995838,-6.96066017178
    ));
#294 = DEFINITIONAL_REPRESENTATION('',(#295),#298);
#295 = B_SPLINE_CURVE_WITH_KNOTS('',1,(#296,#297),.UNSPECIFIED.,.F.,.F.,
  (2,2),(0.,4.712388980385),.PIECEWISE_BEZIER_KNOTS.);
#296 = CARTESIAN_POINT('',(0.,43.512388980385));
#297 = CARTESIAN_POINT('',(4.712388980385,43.512388980385));
#298 = ( GEOMETRIC_REPRESENTATION_CONTEXT(2) 
PARAMETRIC_REPRESENTATION_CONTEXT() REPRESENTATION_CONTEXT('2D SPACE',''
  ) );
#299 = ORIENTED_EDGE('',*,*,#112,.T.);
#300 = ORIENTED_EDGE('',*,*,#301,.T.);
#301 = EDGE_CURVE('',#22,#302,#304,.T.);
#302 = VERTEX_POINT('',#303);
#303 = CARTESIAN_POINT('',(-2.83933982822,-0.9,-6.96066017178));
#304 = SURFACE_CURVE('',#305,(#309,#315),.PCURVE_S1.);
#305 = LINE('',#306,#307);
#306 = CARTESIAN_POINT('',(-3.36966991411,-0.9,-5.68033008589));
#307 = VECTOR('',#308,1.);
#308 = DIRECTION('',(0.382683432365,0.,-0.923879532511));
#309 = PCURVE('',#126,#310);
#310 = DEFINITIONAL_REPRESENTATION('',(#311),#314);
#311 = B_SPLINE_CURVE_WITH_KNOTS('',1,(#312,#313),.UNSPECIFIED.,.F.,.F.,
  (2,2),(-1.385819298767,1.385819298767),.PIECEWISE_BEZIER_KNOTS.);
#312 = CARTESIAN_POINT('',(-38.79999999583,-1.385819298767));
#313 = CARTESIAN_POINT('',(-38.79999999583,1.385819298767));
#314 = ( GEOMETRIC_REPRESENTATION_CONTEXT(2) 
PARAMETRIC_REPRESENTATION_CONTEXT() REPRESENTATION_CONTEXT('2D SPACE',''
  ) );
#315 = PCURVE('',#240,#316);
#316 = DEFINITIONAL_REPRESENTATION('',(#317),#320);
#317 = B_SPLINE_CURVE_WITH_KNOTS('',1,(#318,#319),.UNSPECIFIED.,.F.,.F.,
  (2,2),(-1.385819298767,1.385819298767),.PIECEWISE_BEZIER_KNOTS.);
#318 = CARTESIAN_POINT('',(0.,82.312388976224));
#319 = CARTESIAN_POINT('',(4.712388980385,82.312388976224));
#320 = ( GEOMETRIC_REPRESENTATION_CONTEXT(2) 
PARAMETRIC_REPRESENTATION_CONTEXT() REPRESENTATION_CONTEXT('2D SPACE',''
  ) );
#321 = ORIENTED_EDGE('',*,*,#322,.F.);
#322 = EDGE_CURVE('',#266,#302,#323,.T.);
#323 = SURFACE_CURVE('',#324,(#328,#335),.PCURVE_S1.);
#324 = LINE('',#325,#326);
#325 = CARTESIAN_POINT('',(-2.83933982822,37.899999995838,-6.96066017178
    ));
#326 = VECTOR('',#327,1.);
#327 = DIRECTION('',(-0.,-1.,-0.));
#328 = PCURVE('',#126,#329);
#329 = DEFINITIONAL_REPRESENTATION('',(#330),#334);
#330 = LINE('',#331,#332);
#331 = CARTESIAN_POINT('',(-0.,1.385819298767));
#332 = VECTOR('',#333,1.);
#333 = DIRECTION('',(-1.,0.));
#334 = ( GEOMETRIC_REPRESENTATION_CONTEXT(2) 
PARAMETRIC_REPRESENTATION_CONTEXT() REPRESENTATION_CONTEXT('2D SPACE',''
  ) );
#335 = PCURVE('',#336,#341);
#336 = PLANE('',#337);
#337 = AXIS2_PLACEMENT_3D('',#338,#339,#340);
#338 = CARTESIAN_POINT('',(-3.15,37.899999995838,-6.65));
#339 = DIRECTION('',(0.707106781187,0.,0.707106781187));
#340 = DIRECTION('',(-0.,1.,-0.));
#341 = DEFINITIONAL_REPRESENTATION('',(#342),#346);
#342 = LINE('',#343,#344);
#343 = CARTESIAN_POINT('',(-0.,-0.43933982822));
#344 = VECTOR('',#345,1.);
#345 = DIRECTION('',(-1.,0.));
#346 = ( GEOMETRIC_REPRESENTATION_CONTEXT(2) 
PARAMETRIC_REPRESENTATION_CONTEXT() REPRESENTATION_CONTEXT('2D SPACE',''
  ) );
#347 = ADVANCED_FACE('',(#348),#72,.F.);
#348 = FACE_BOUND('',#349,.T.);
#349 = EDGE_LOOP('',(#350,#385,#386,#407));
#350 = ORIENTED_EDGE('',*,*,#351,.F.);
#351 = EDGE_CURVE('',#57,#352,#354,.T.);
#352 = VERTEX_POINT('',#353);
#353 = CARTESIAN_POINT('',(-2.83933982822,37.899999995838,9.56066017178)
  );
#354 = SURFACE_CURVE('',#355,(#358,#364),.PCURVE_S1.);
#355 = B_SPLINE_CURVE_WITH_KNOTS('',1,(#356,#357),.UNSPECIFIED.,.F.,.F.,
  (2,2),(0.,4.712388980385),.PIECEWISE_BEZIER_KNOTS.);
#356 = CARTESIAN_POINT('',(-3.9,37.899999995838,7.));
#357 = CARTESIAN_POINT('',(-2.83933982822,37.899999995838,9.56066017178)
  );
#358 = PCURVE('',#72,#359);
#359 = DEFINITIONAL_REPRESENTATION('',(#360),#363);
#360 = B_SPLINE_CURVE_WITH_KNOTS('',1,(#361,#362),.UNSPECIFIED.,.F.,.F.,
  (2,2),(0.,4.712388980385),.PIECEWISE_BEZIER_KNOTS.);
#361 = CARTESIAN_POINT('',(0.,-1.385819298767));
#362 = CARTESIAN_POINT('',(0.,1.385819298767));
#363 = ( GEOMETRIC_REPRESENTATION_CONTEXT(2) 
PARAMETRIC_REPRESENTATION_CONTEXT() REPRESENTATION_CONTEXT('2D SPACE',''
  ) );
#364 = PCURVE('',#365,#380);
#365 = B_SPLINE_SURFACE_WITH_KNOTS('',1,6,(
    (#366,#367,#368,#369,#370,#371,#372)
    ,(#373,#374,#375,#376,#377,#378,#379
    )),.UNSPECIFIED.,.F.,.F.,.F.,(2,2),(7,7),(0.,4.712388980385),(38.8,
    43.512388980385),.PIECEWISE_BEZIER_KNOTS.);
#366 = CARTESIAN_POINT('',(-0.9,40.899999995838,7.));
#367 = CARTESIAN_POINT('',(-1.68539456795,40.899999995838,7.));
#368 = CARTESIAN_POINT('',(-2.470735425585,40.653318849959,7.));
#369 = CARTESIAN_POINT('',(-3.159565528542,40.15956552438,7.));
#370 = CARTESIAN_POINT('',(-3.65331885412,39.470735421423,7.));
#371 = CARTESIAN_POINT('',(-3.9,38.685394563788,7.));
#372 = CARTESIAN_POINT('',(-3.9,37.899999995838,7.));
#373 = CARTESIAN_POINT('',(-0.9,39.839339824059,9.56066017178));
#374 = CARTESIAN_POINT('',(-1.407715655498,39.839339824059,9.56066017178
    ));
#375 = CARTESIAN_POINT('',(-1.915396590144,39.6798736337,9.56066017178)
  );
#376 = CARTESIAN_POINT('',(-2.360688474658,39.360688470497,9.56066017178
    ));
#377 = CARTESIAN_POINT('',(-2.679873637862,38.915396585983,9.56066017178
    ));
#378 = CARTESIAN_POINT('',(-2.83933982822,38.407715651336,9.56066017178)
  );
#379 = CARTESIAN_POINT('',(-2.83933982822,37.899999995838,9.56066017178)
  );
#380 = DEFINITIONAL_REPRESENTATION('',(#381),#384);
#381 = B_SPLINE_CURVE_WITH_KNOTS('',1,(#382,#383),.UNSPECIFIED.,.F.,.F.,
  (2,2),(0.,4.712388980385),.PIECEWISE_BEZIER_KNOTS.);
#382 = CARTESIAN_POINT('',(0.,43.512388980385));
#383 = CARTESIAN_POINT('',(4.712388980385,43.512388980385));
#384 = ( GEOMETRIC_REPRESENTATION_CONTEXT(2) 
PARAMETRIC_REPRESENTATION_CONTEXT() REPRESENTATION_CONTEXT('2D SPACE',''
  ) );
#385 = ORIENTED_EDGE('',*,*,#56,.T.);
#386 = ORIENTED_EDGE('',*,*,#387,.T.);
#387 = EDGE_CURVE('',#24,#388,#390,.T.);
#388 = VERTEX_POINT('',#389);
#389 = CARTESIAN_POINT('',(-2.83933982822,-0.9,9.56066017178));
#390 = SURFACE_CURVE('',#391,(#395,#401),.PCURVE_S1.);
#391 = LINE('',#392,#393);
#392 = CARTESIAN_POINT('',(-3.36966991411,-0.9,8.28033008589));
#393 = VECTOR('',#394,1.);
#394 = DIRECTION('',(0.382683432365,-0.,0.923879532511));
#395 = PCURVE('',#72,#396);
#396 = DEFINITIONAL_REPRESENTATION('',(#397),#400);
#397 = B_SPLINE_CURVE_WITH_KNOTS('',1,(#398,#399),.UNSPECIFIED.,.F.,.F.,
  (2,2),(-1.385819298767,1.385819298767),.PIECEWISE_BEZIER_KNOTS.);
#398 = CARTESIAN_POINT('',(-38.79999999583,-1.385819298767));
#399 = CARTESIAN_POINT('',(-38.79999999583,1.385819298767));
#400 = ( GEOMETRIC_REPRESENTATION_CONTEXT(2) 
PARAMETRIC_REPRESENTATION_CONTEXT() REPRESENTATION_CONTEXT('2D SPACE',''
  ) );
#401 = PCURVE('',#167,#402);
#402 = DEFINITIONAL_REPRESENTATION('',(#403),#406);
#403 = B_SPLINE_CURVE_WITH_KNOTS('',1,(#404,#405),.UNSPECIFIED.,.F.,.F.,
  (2,2),(-1.385819298767,1.385819298767),.PIECEWISE_BEZIER_KNOTS.);
#404 = CARTESIAN_POINT('',(0.,82.312388976224));
#405 = CARTESIAN_POINT('',(4.712388980385,82.312388976224));
#406 = ( GEOMETRIC_REPRESENTATION_CONTEXT(2) 
PARAMETRIC_REPRESENTATION_CONTEXT() REPRESENTATION_CONTEXT('2D SPACE',''
  ) );
#407 = ORIENTED_EDGE('',*,*,#408,.F.);
#408 = EDGE_CURVE('',#352,#388,#409,.T.);
#409 = SURFACE_CURVE('',#410,(#414,#421),.PCURVE_S1.);
#410 = LINE('',#411,#412);
#411 = CARTESIAN_POINT('',(-2.83933982822,37.899999995838,9.56066017178)
  );
#412 = VECTOR('',#413,1.);
#413 = DIRECTION('',(-0.,-1.,-0.));
#414 = PCURVE('',#72,#415);
#415 = DEFINITIONAL_REPRESENTATION('',(#416),#420);
#416 = LINE('',#417,#418);
#417 = CARTESIAN_POINT('',(-0.,1.385819298767));
#418 = VECTOR('',#419,1.);
#419 = DIRECTION('',(-1.,0.));
#420 = ( GEOMETRIC_REPRESENTATION_CONTEXT(2) 
PARAMETRIC_REPRESENTATION_CONTEXT() REPRESENTATION_CONTEXT('2D SPACE',''
  ) );
#421 = PCURVE('',#422,#427);
#422 = PLANE('',#423);
#423 = AXIS2_PLACEMENT_3D('',#424,#425,#426);
#424 = CARTESIAN_POINT('',(-3.15,37.899999995838,9.25));
#425 = DIRECTION('',(-0.707106781187,0.,0.707106781187));
#426 = DIRECTION('',(0.,1.,-0.));
#427 = DEFINITIONAL_REPRESENTATION('',(#428),#432);
#428 = LINE('',#429,#430);
#429 = CARTESIAN_POINT('',(-0.,-0.43933982822));
#430 = VECTOR('',#431,1.);
#431 = DIRECTION('',(-1.,0.));
#432 = ( GEOMETRIC_REPRESENTATION_CONTEXT(2) 
PARAMETRIC_REPRESENTATION_CONTEXT() REPRESENTATION_CONTEXT('2D SPACE',''
  ) );
#433 = ADVANCED_FACE('',(#434),#100,.T.);
#434 = FACE_BOUND('',#435,.F.);
#435 = EDGE_LOOP('',(#436,#466,#496,#497));
#436 = ORIENTED_EDGE('',*,*,#437,.T.);
#437 = EDGE_CURVE('',#438,#440,#442,.T.);
#438 = VERTEX_POINT('',#439);
#439 = CARTESIAN_POINT('',(-0.9,40.9,-4.4));
#440 = VERTEX_POINT('',#441);
#441 = CARTESIAN_POINT('',(-0.9,40.9,7.));
#442 = SURFACE_CURVE('',#443,(#447,#454),.PCURVE_S1.);
#443 = LINE('',#444,#445);
#444 = CARTESIAN_POINT('',(-0.9,40.899999997919,-7.4));
#445 = VECTOR('',#446,1.);
#446 = DIRECTION('',(0.,0.,1.));
#447 = PCURVE('',#100,#448);
#448 = DEFINITIONAL_REPRESENTATION('',(#449),#453);
#449 = LINE('',#450,#451);
#450 = CARTESIAN_POINT('',(-1.570796326795,0.));
#451 = VECTOR('',#452,1.);
#452 = DIRECTION('',(-0.,-1.));
#453 = ( GEOMETRIC_REPRESENTATION_CONTEXT(2) 
PARAMETRIC_REPRESENTATION_CONTEXT() REPRESENTATION_CONTEXT('2D SPACE',''
  ) );
#454 = PCURVE('',#455,#460);
#455 = PLANE('',#456);
#456 = AXIS2_PLACEMENT_3D('',#457,#458,#459);
#457 = CARTESIAN_POINT('',(-0.9,40.9,-7.4));
#458 = DIRECTION('',(0.,1.,0.));
#459 = DIRECTION('',(1.,0.,0.));
#460 = DEFINITIONAL_REPRESENTATION('',(#461),#465);
#461 = LINE('',#462,#463);
#462 = CARTESIAN_POINT('',(0.,0.));
#463 = VECTOR('',#464,1.);
#464 = DIRECTION('',(0.,-1.));
#465 = ( GEOMETRIC_REPRESENTATION_CONTEXT(2) 
PARAMETRIC_REPRESENTATION_CONTEXT() REPRESENTATION_CONTEXT('2D SPACE',''
  ) );
#466 = ORIENTED_EDGE('',*,*,#467,.T.);
#467 = EDGE_CURVE('',#440,#57,#468,.T.);
#468 = SURFACE_CURVE('',#469,(#477,#489),.PCURVE_S1.);
#469 = B_SPLINE_CURVE_WITH_KNOTS('',6,(#470,#471,#472,#473,#474,#475,
    #476),.UNSPECIFIED.,.F.,.F.,(7,7),(38.8,43.512388980385),
  .PIECEWISE_BEZIER_KNOTS.);
#470 = CARTESIAN_POINT('',(-0.9,40.899999995838,7.));
#471 = CARTESIAN_POINT('',(-1.68539456795,40.899999995838,7.));
#472 = CARTESIAN_POINT('',(-2.470735425585,40.653318849959,7.));
#473 = CARTESIAN_POINT('',(-3.159565528542,40.15956552438,7.));
#474 = CARTESIAN_POINT('',(-3.65331885412,39.470735421423,7.));
#475 = CARTESIAN_POINT('',(-3.9,38.685394563788,7.));
#476 = CARTESIAN_POINT('',(-3.9,37.899999995838,7.));
#477 = PCURVE('',#100,#478);
#478 = DEFINITIONAL_REPRESENTATION('',(#479),#488);
#479 = B_SPLINE_CURVE_WITH_KNOTS('',7,(#480,#481,#482,#483,#484,#485,
    #486,#487),.UNSPECIFIED.,.F.,.F.,(8,8),(38.8,43.512388980385),
  .PIECEWISE_BEZIER_KNOTS.);
#480 = CARTESIAN_POINT('',(-1.570796326795,-14.4));
#481 = CARTESIAN_POINT('',(-1.795194774781,-14.4));
#482 = CARTESIAN_POINT('',(-2.019577571978,-14.4));
#483 = CARTESIAN_POINT('',(-2.244042244132,-14.4));
#484 = CARTESIAN_POINT('',(-2.468346736253,-14.4));
#485 = CARTESIAN_POINT('',(-2.692811408407,-14.4));
#486 = CARTESIAN_POINT('',(-2.917194205604,-14.4));
#487 = CARTESIAN_POINT('',(-3.14159265359,-14.4));
#488 = ( GEOMETRIC_REPRESENTATION_CONTEXT(2) 
PARAMETRIC_REPRESENTATION_CONTEXT() REPRESENTATION_CONTEXT('2D SPACE',''
  ) );
#489 = PCURVE('',#365,#490);
#490 = DEFINITIONAL_REPRESENTATION('',(#491),#495);
#491 = LINE('',#492,#493);
#492 = CARTESIAN_POINT('',(0.,0.));
#493 = VECTOR('',#494,1.);
#494 = DIRECTION('',(0.,1.));
#495 = ( GEOMETRIC_REPRESENTATION_CONTEXT(2) 
PARAMETRIC_REPRESENTATION_CONTEXT() REPRESENTATION_CONTEXT('2D SPACE',''
  ) );
#496 = ORIENTED_EDGE('',*,*,#84,.F.);
#497 = ORIENTED_EDGE('',*,*,#498,.F.);
#498 = EDGE_CURVE('',#438,#85,#499,.T.);
#499 = SURFACE_CURVE('',#500,(#508,#520),.PCURVE_S1.);
#500 = B_SPLINE_CURVE_WITH_KNOTS('',6,(#501,#502,#503,#504,#505,#506,
    #507),.UNSPECIFIED.,.F.,.F.,(7,7),(38.8,43.512388980385),
  .PIECEWISE_BEZIER_KNOTS.);
#501 = CARTESIAN_POINT('',(-0.9,40.899999995838,-4.4));
#502 = CARTESIAN_POINT('',(-1.68539456795,40.899999995838,-4.4));
#503 = CARTESIAN_POINT('',(-2.470735425585,40.653318849959,-4.4));
#504 = CARTESIAN_POINT('',(-3.159565528542,40.15956552438,-4.4));
#505 = CARTESIAN_POINT('',(-3.65331885412,39.470735421423,-4.4));
#506 = CARTESIAN_POINT('',(-3.9,38.685394563788,-4.4));
#507 = CARTESIAN_POINT('',(-3.9,37.899999995838,-4.4));
#508 = PCURVE('',#100,#509);
#509 = DEFINITIONAL_REPRESENTATION('',(#510),#519);
#510 = B_SPLINE_CURVE_WITH_KNOTS('',7,(#511,#512,#513,#514,#515,#516,
    #517,#518),.UNSPECIFIED.,.F.,.F.,(8,8),(38.8,43.512388980385),
  .PIECEWISE_BEZIER_KNOTS.);
#511 = CARTESIAN_POINT('',(-1.570796326795,-3.));
#512 = CARTESIAN_POINT('',(-1.795194774781,-3.));
#513 = CARTESIAN_POINT('',(-2.019577571978,-3.));
#514 = CARTESIAN_POINT('',(-2.244042244132,-3.));
#515 = CARTESIAN_POINT('',(-2.468346736253,-3.));
#516 = CARTESIAN_POINT('',(-2.692811408407,-3.));
#517 = CARTESIAN_POINT('',(-2.917194205604,-3.));
#518 = CARTESIAN_POINT('',(-3.14159265359,-3.));
#519 = ( GEOMETRIC_REPRESENTATION_CONTEXT(2) 
PARAMETRIC_REPRESENTATION_CONTEXT() REPRESENTATION_CONTEXT('2D SPACE',''
  ) );
#520 = PCURVE('',#279,#521);
#521 = DEFINITIONAL_REPRESENTATION('',(#522),#526);
#522 = LINE('',#523,#524);
#523 = CARTESIAN_POINT('',(0.,0.));
#524 = VECTOR('',#525,1.);
#525 = DIRECTION('',(0.,1.));
#526 = ( GEOMETRIC_REPRESENTATION_CONTEXT(2) 
PARAMETRIC_REPRESENTATION_CONTEXT() REPRESENTATION_CONTEXT('2D SPACE',''
  ) );
#527 = ADVANCED_FACE('',(#528),#240,.T.);
#528 = FACE_BOUND('',#529,.T.);
#529 = EDGE_LOOP('',(#530,#531,#570,#593));
#530 = ORIENTED_EDGE('',*,*,#301,.T.);
#531 = ORIENTED_EDGE('',*,*,#532,.T.);
#532 = EDGE_CURVE('',#302,#533,#535,.T.);
#533 = VERTEX_POINT('',#534);
#534 = CARTESIAN_POINT('',(-0.9,-2.839339828221,-6.96066017178));
#535 = SURFACE_CURVE('',#536,(#544,#551),.PCURVE_S1.);
#536 = B_SPLINE_CURVE_WITH_KNOTS('',6,(#537,#538,#539,#540,#541,#542,
    #543),.UNSPECIFIED.,.F.,.F.,(7,7),(82.312388976224,87.024777956608),
  .PIECEWISE_BEZIER_KNOTS.);
#537 = CARTESIAN_POINT('',(-2.83933982822,-0.9,-6.96066017178));
#538 = CARTESIAN_POINT('',(-2.83933982822,-1.407715655498,-6.96066017178
    ));
#539 = CARTESIAN_POINT('',(-2.679873637862,-1.915396590145,
    -6.96066017178));
#540 = CARTESIAN_POINT('',(-2.360688474658,-2.360688474659,
    -6.96066017178));
#541 = CARTESIAN_POINT('',(-1.915396590144,-2.679873637862,
    -6.96066017178));
#542 = CARTESIAN_POINT('',(-1.407715655498,-2.839339828221,
    -6.96066017178));
#543 = CARTESIAN_POINT('',(-0.9,-2.839339828221,-6.96066017178));
#544 = PCURVE('',#240,#545);
#545 = DEFINITIONAL_REPRESENTATION('',(#546),#550);
#546 = LINE('',#547,#548);
#547 = CARTESIAN_POINT('',(4.712388980385,0.));
#548 = VECTOR('',#549,1.);
#549 = DIRECTION('',(0.,1.));
#550 = ( GEOMETRIC_REPRESENTATION_CONTEXT(2) 
PARAMETRIC_REPRESENTATION_CONTEXT() REPRESENTATION_CONTEXT('2D SPACE',''
  ) );
#551 = PCURVE('',#552,#557);
#552 = CONICAL_SURFACE('',#553,3.,0.785398163397);
#553 = AXIS2_PLACEMENT_3D('',#554,#555,#556);
#554 = CARTESIAN_POINT('',(-0.9,-0.9,-5.9));
#555 = DIRECTION('',(0.,0.,1.));
#556 = DIRECTION('',(-1.,-1.184237892934E-15,0.));
#557 = DEFINITIONAL_REPRESENTATION('',(#558),#569);
#558 = B_SPLINE_CURVE_WITH_KNOTS('',9,(#559,#560,#561,#562,#563,#564,
    #565,#566,#567,#568),.UNSPECIFIED.,.F.,.F.,(10,10),(82.312388976224,
    87.024777956608),.PIECEWISE_BEZIER_KNOTS.);
#559 = CARTESIAN_POINT('',(-3.219646771413E-15,-1.06066017178));
#560 = CARTESIAN_POINT('',(0.174532126211,-1.06066017178));
#561 = CARTESIAN_POINT('',(0.349056831434,-1.06066017178));
#562 = CARTESIAN_POINT('',(0.523603035017,-1.06066017178));
#563 = CARTESIAN_POINT('',(0.698153658391,-1.06066017178));
#564 = CARTESIAN_POINT('',(0.872642668404,-1.06066017178));
#565 = CARTESIAN_POINT('',(1.047193291778,-1.06066017178));
#566 = CARTESIAN_POINT('',(1.221739495361,-1.06066017178));
#567 = CARTESIAN_POINT('',(1.396264200584,-1.06066017178));
#568 = CARTESIAN_POINT('',(1.570796326795,-1.06066017178));
#569 = ( GEOMETRIC_REPRESENTATION_CONTEXT(2) 
PARAMETRIC_REPRESENTATION_CONTEXT() REPRESENTATION_CONTEXT('2D SPACE',''
  ) );
#570 = ORIENTED_EDGE('',*,*,#571,.F.);
#571 = EDGE_CURVE('',#190,#533,#572,.T.);
#572 = SURFACE_CURVE('',#573,(#576,#582),.PCURVE_S1.);
#573 = B_SPLINE_CURVE_WITH_KNOTS('',1,(#574,#575),.UNSPECIFIED.,.F.,.F.,
  (2,2),(0.,4.712388980385),.PIECEWISE_BEZIER_KNOTS.);
#574 = CARTESIAN_POINT('',(-0.9,-3.9,-4.4));
#575 = CARTESIAN_POINT('',(-0.9,-2.839339828221,-6.96066017178));
#576 = PCURVE('',#240,#577);
#577 = DEFINITIONAL_REPRESENTATION('',(#578),#581);
#578 = B_SPLINE_CURVE_WITH_KNOTS('',1,(#579,#580),.UNSPECIFIED.,.F.,.F.,
  (2,2),(0.,4.712388980385),.PIECEWISE_BEZIER_KNOTS.);
#579 = CARTESIAN_POINT('',(0.,87.024777956608));
#580 = CARTESIAN_POINT('',(4.712388980385,87.024777956608));
#581 = ( GEOMETRIC_REPRESENTATION_CONTEXT(2) 
PARAMETRIC_REPRESENTATION_CONTEXT() REPRESENTATION_CONTEXT('2D SPACE',''
  ) );
#582 = PCURVE('',#583,#588);
#583 = PLANE('',#584);
#584 = AXIS2_PLACEMENT_3D('',#585,#586,#587);
#585 = CARTESIAN_POINT('',(-0.9,-3.36966991411,-5.68033008589));
#586 = DIRECTION('',(0.,0.923879532511,0.382683432365));
#587 = DIRECTION('',(1.,0.,-0.));
#588 = DEFINITIONAL_REPRESENTATION('',(#589),#592);
#589 = B_SPLINE_CURVE_WITH_KNOTS('',1,(#590,#591),.UNSPECIFIED.,.F.,.F.,
  (2,2),(0.,4.712388980385),.PIECEWISE_BEZIER_KNOTS.);
#590 = CARTESIAN_POINT('',(0.,-1.385819298767));
#591 = CARTESIAN_POINT('',(0.,1.385819298767));
#592 = ( GEOMETRIC_REPRESENTATION_CONTEXT(2) 
PARAMETRIC_REPRESENTATION_CONTEXT() REPRESENTATION_CONTEXT('2D SPACE',''
  ) );
#593 = ORIENTED_EDGE('',*,*,#217,.F.);
#594 = ADVANCED_FACE('',(#595),#167,.F.);
#595 = FACE_BOUND('',#596,.F.);
#596 = EDGE_LOOP('',(#597,#598,#637,#660));
#597 = ORIENTED_EDGE('',*,*,#387,.T.);
#598 = ORIENTED_EDGE('',*,*,#599,.T.);
#599 = EDGE_CURVE('',#388,#600,#602,.T.);
#600 = VERTEX_POINT('',#601);
#601 = CARTESIAN_POINT('',(-0.9,-2.839339828221,9.56066017178));
#602 = SURFACE_CURVE('',#603,(#611,#618),.PCURVE_S1.);
#603 = B_SPLINE_CURVE_WITH_KNOTS('',6,(#604,#605,#606,#607,#608,#609,
    #610),.UNSPECIFIED.,.F.,.F.,(7,7),(82.312388976224,87.024777956608),
  .PIECEWISE_BEZIER_KNOTS.);
#604 = CARTESIAN_POINT('',(-2.83933982822,-0.9,9.56066017178));
#605 = CARTESIAN_POINT('',(-2.83933982822,-1.407715655498,9.56066017178)
  );
#606 = CARTESIAN_POINT('',(-2.679873637862,-1.915396590145,9.56066017178
    ));
#607 = CARTESIAN_POINT('',(-2.360688474658,-2.360688474659,9.56066017178
    ));
#608 = CARTESIAN_POINT('',(-1.915396590144,-2.679873637862,9.56066017178
    ));
#609 = CARTESIAN_POINT('',(-1.407715655498,-2.839339828221,9.56066017178
    ));
#610 = CARTESIAN_POINT('',(-0.9,-2.839339828221,9.56066017178));
#611 = PCURVE('',#167,#612);
#612 = DEFINITIONAL_REPRESENTATION('',(#613),#617);
#613 = LINE('',#614,#615);
#614 = CARTESIAN_POINT('',(4.712388980385,0.));
#615 = VECTOR('',#616,1.);
#616 = DIRECTION('',(0.,1.));
#617 = ( GEOMETRIC_REPRESENTATION_CONTEXT(2) 
PARAMETRIC_REPRESENTATION_CONTEXT() REPRESENTATION_CONTEXT('2D SPACE',''
  ) );
#618 = PCURVE('',#619,#624);
#619 = CONICAL_SURFACE('',#620,3.,0.785398163397);
#620 = AXIS2_PLACEMENT_3D('',#621,#622,#623);
#621 = CARTESIAN_POINT('',(-0.9,-0.9,8.5));
#622 = DIRECTION('',(-0.,-0.,-1.));
#623 = DIRECTION('',(-1.,-1.184237892934E-15,0.));
#624 = DEFINITIONAL_REPRESENTATION('',(#625),#636);
#625 = B_SPLINE_CURVE_WITH_KNOTS('',9,(#626,#627,#628,#629,#630,#631,
    #632,#633,#634,#635),.UNSPECIFIED.,.F.,.F.,(10,10),(82.312388976224,
    87.024777956608),.PIECEWISE_BEZIER_KNOTS.);
#626 = CARTESIAN_POINT('',(2.22044604925E-15,-1.06066017178));
#627 = CARTESIAN_POINT('',(-0.174532126211,-1.06066017178));
#628 = CARTESIAN_POINT('',(-0.349056831434,-1.06066017178));
#629 = CARTESIAN_POINT('',(-0.523603035017,-1.06066017178));
#630 = CARTESIAN_POINT('',(-0.698153658391,-1.06066017178));
#631 = CARTESIAN_POINT('',(-0.872642668404,-1.06066017178));
#632 = CARTESIAN_POINT('',(-1.047193291778,-1.06066017178));
#633 = CARTESIAN_POINT('',(-1.221739495361,-1.06066017178));
#634 = CARTESIAN_POINT('',(-1.396264200584,-1.06066017178));
#635 = CARTESIAN_POINT('',(-1.570796326795,-1.06066017178));
#636 = ( GEOMETRIC_REPRESENTATION_CONTEXT(2) 
PARAMETRIC_REPRESENTATION_CONTEXT() REPRESENTATION_CONTEXT('2D SPACE',''
  ) );
#637 = ORIENTED_EDGE('',*,*,#638,.F.);
#638 = EDGE_CURVE('',#143,#600,#639,.T.);
#639 = SURFACE_CURVE('',#640,(#643,#649),.PCURVE_S1.);
#640 = B_SPLINE_CURVE_WITH_KNOTS('',1,(#641,#642),.UNSPECIFIED.,.F.,.F.,
  (2,2),(0.,4.712388980385),.PIECEWISE_BEZIER_KNOTS.);
#641 = CARTESIAN_POINT('',(-0.9,-3.9,7.));
#642 = CARTESIAN_POINT('',(-0.9,-2.839339828221,9.56066017178));
#643 = PCURVE('',#167,#644);
#644 = DEFINITIONAL_REPRESENTATION('',(#645),#648);
#645 = B_SPLINE_CURVE_WITH_KNOTS('',1,(#646,#647),.UNSPECIFIED.,.F.,.F.,
  (2,2),(0.,4.712388980385),.PIECEWISE_BEZIER_KNOTS.);
#646 = CARTESIAN_POINT('',(0.,87.024777956608));
#647 = CARTESIAN_POINT('',(4.712388980385,87.024777956608));
#648 = ( GEOMETRIC_REPRESENTATION_CONTEXT(2) 
PARAMETRIC_REPRESENTATION_CONTEXT() REPRESENTATION_CONTEXT('2D SPACE',''
  ) );
#649 = PCURVE('',#650,#655);
#650 = PLANE('',#651);
#651 = AXIS2_PLACEMENT_3D('',#652,#653,#654);
#652 = CARTESIAN_POINT('',(-0.9,-3.36966991411,8.28033008589));
#653 = DIRECTION('',(0.,-0.923879532511,0.382683432365));
#654 = DIRECTION('',(1.,0.,0.));
#655 = DEFINITIONAL_REPRESENTATION('',(#656),#659);
#656 = B_SPLINE_CURVE_WITH_KNOTS('',1,(#657,#658),.UNSPECIFIED.,.F.,.F.,
  (2,2),(0.,4.712388980385),.PIECEWISE_BEZIER_KNOTS.);
#657 = CARTESIAN_POINT('',(0.,-1.385819298767));
#658 = CARTESIAN_POINT('',(0.,1.385819298767));
#659 = ( GEOMETRIC_REPRESENTATION_CONTEXT(2) 
PARAMETRIC_REPRESENTATION_CONTEXT() REPRESENTATION_CONTEXT('2D SPACE',''
  ) );
#660 = ORIENTED_EDGE('',*,*,#142,.F.);
#661 = ADVANCED_FACE('',(#662),#205,.F.);
#662 = FACE_BOUND('',#663,.F.);
#663 = EDGE_LOOP('',(#664,#687,#688,#711,#739,#762,#788,#814,#840,#866)
  );
#664 = ORIENTED_EDGE('',*,*,#665,.F.);
#665 = EDGE_CURVE('',#190,#666,#668,.T.);
#666 = VERTEX_POINT('',#667);
#667 = CARTESIAN_POINT('',(0.6,-3.9,-4.4));
#668 = SURFACE_CURVE('',#669,(#673,#680),.PCURVE_S1.);
#669 = LINE('',#670,#671);
#670 = CARTESIAN_POINT('',(-0.9,-3.9,-4.4));
#671 = VECTOR('',#672,1.);
#672 = DIRECTION('',(1.,0.,0.));
#673 = PCURVE('',#205,#674);
#674 = DEFINITIONAL_REPRESENTATION('',(#675),#679);
#675 = LINE('',#676,#677);
#676 = CARTESIAN_POINT('',(0.,-3.));
#677 = VECTOR('',#678,1.);
#678 = DIRECTION('',(1.,0.));
#679 = ( GEOMETRIC_REPRESENTATION_CONTEXT(2) 
PARAMETRIC_REPRESENTATION_CONTEXT() REPRESENTATION_CONTEXT('2D SPACE',''
  ) );
#680 = PCURVE('',#583,#681);
#681 = DEFINITIONAL_REPRESENTATION('',(#682),#686);
#682 = LINE('',#683,#684);
#683 = CARTESIAN_POINT('',(0.,-1.385819298767));
#684 = VECTOR('',#685,1.);
#685 = DIRECTION('',(1.,0.));
#686 = ( GEOMETRIC_REPRESENTATION_CONTEXT(2) 
PARAMETRIC_REPRESENTATION_CONTEXT() REPRESENTATION_CONTEXT('2D SPACE',''
  ) );
#687 = ORIENTED_EDGE('',*,*,#189,.T.);
#688 = ORIENTED_EDGE('',*,*,#689,.T.);
#689 = EDGE_CURVE('',#143,#690,#692,.T.);
#690 = VERTEX_POINT('',#691);
#691 = CARTESIAN_POINT('',(37.899999995838,-3.9,7.));
#692 = SURFACE_CURVE('',#693,(#697,#704),.PCURVE_S1.);
#693 = LINE('',#694,#695);
#694 = CARTESIAN_POINT('',(-0.9,-3.9,7.));
#695 = VECTOR('',#696,1.);
#696 = DIRECTION('',(1.,0.,0.));
#697 = PCURVE('',#205,#698);
#698 = DEFINITIONAL_REPRESENTATION('',(#699),#703);
#699 = LINE('',#700,#701);
#700 = CARTESIAN_POINT('',(0.,-14.4));
#701 = VECTOR('',#702,1.);
#702 = DIRECTION('',(1.,0.));
#703 = ( GEOMETRIC_REPRESENTATION_CONTEXT(2) 
PARAMETRIC_REPRESENTATION_CONTEXT() REPRESENTATION_CONTEXT('2D SPACE',''
  ) );
#704 = PCURVE('',#650,#705);
#705 = DEFINITIONAL_REPRESENTATION('',(#706),#710);
#706 = LINE('',#707,#708);
#707 = CARTESIAN_POINT('',(0.,-1.385819298767));
#708 = VECTOR('',#709,1.);
#709 = DIRECTION('',(1.,0.));
#710 = ( GEOMETRIC_REPRESENTATION_CONTEXT(2) 
PARAMETRIC_REPRESENTATION_CONTEXT() REPRESENTATION_CONTEXT('2D SPACE',''
  ) );
#711 = ORIENTED_EDGE('',*,*,#712,.F.);
#712 = EDGE_CURVE('',#713,#690,#715,.T.);
#713 = VERTEX_POINT('',#714);
#714 = CARTESIAN_POINT('',(37.899999995838,-3.9,-4.4));
#715 = SURFACE_CURVE('',#716,(#720,#727),.PCURVE_S1.);
#716 = LINE('',#717,#718);
#717 = CARTESIAN_POINT('',(37.899999995838,-3.9,-7.4));
#718 = VECTOR('',#719,1.);
#719 = DIRECTION('',(0.,0.,1.));
#720 = PCURVE('',#205,#721);
#721 = DEFINITIONAL_REPRESENTATION('',(#722),#726);
#722 = LINE('',#723,#724);
#723 = CARTESIAN_POINT('',(38.799999995838,0.));
#724 = VECTOR('',#725,1.);
#725 = DIRECTION('',(0.,-1.));
#726 = ( GEOMETRIC_REPRESENTATION_CONTEXT(2) 
PARAMETRIC_REPRESENTATION_CONTEXT() REPRESENTATION_CONTEXT('2D SPACE',''
  ) );
#727 = PCURVE('',#728,#733);
#728 = CYLINDRICAL_SURFACE('',#729,3.);
#729 = AXIS2_PLACEMENT_3D('',#730,#731,#732);
#730 = CARTESIAN_POINT('',(37.899999995838,-0.9,-7.4));
#731 = DIRECTION('',(-0.,-0.,-1.));
#732 = DIRECTION('',(1.,0.,0.));
#733 = DEFINITIONAL_REPRESENTATION('',(#734),#738);
#734 = LINE('',#735,#736);
#735 = CARTESIAN_POINT('',(-4.712388980385,0.));
#736 = VECTOR('',#737,1.);
#737 = DIRECTION('',(-0.,-1.));
#738 = ( GEOMETRIC_REPRESENTATION_CONTEXT(2) 
PARAMETRIC_REPRESENTATION_CONTEXT() REPRESENTATION_CONTEXT('2D SPACE',''
  ) );
#739 = ORIENTED_EDGE('',*,*,#740,.F.);
#740 = EDGE_CURVE('',#741,#713,#743,.T.);
#741 = VERTEX_POINT('',#742);
#742 = CARTESIAN_POINT('',(25.6,-3.9,-4.4));
#743 = SURFACE_CURVE('',#744,(#748,#755),.PCURVE_S1.);
#744 = LINE('',#745,#746);
#745 = CARTESIAN_POINT('',(-0.9,-3.9,-4.4));
#746 = VECTOR('',#747,1.);
#747 = DIRECTION('',(1.,0.,0.));
#748 = PCURVE('',#205,#749);
#749 = DEFINITIONAL_REPRESENTATION('',(#750),#754);
#750 = LINE('',#751,#752);
#751 = CARTESIAN_POINT('',(0.,-3.));
#752 = VECTOR('',#753,1.);
#753 = DIRECTION('',(1.,0.));
#754 = ( GEOMETRIC_REPRESENTATION_CONTEXT(2) 
PARAMETRIC_REPRESENTATION_CONTEXT() REPRESENTATION_CONTEXT('2D SPACE',''
  ) );
#755 = PCURVE('',#583,#756);
#756 = DEFINITIONAL_REPRESENTATION('',(#757),#761);
#757 = LINE('',#758,#759);
#758 = CARTESIAN_POINT('',(0.,-1.385819298767));
#759 = VECTOR('',#760,1.);
#760 = DIRECTION('',(1.,0.));
#761 = ( GEOMETRIC_REPRESENTATION_CONTEXT(2) 
PARAMETRIC_REPRESENTATION_CONTEXT() REPRESENTATION_CONTEXT('2D SPACE',''
  ) );
#762 = ORIENTED_EDGE('',*,*,#763,.F.);
#763 = EDGE_CURVE('',#764,#741,#766,.T.);
#764 = VERTEX_POINT('',#765);
#765 = CARTESIAN_POINT('',(25.6,-3.9,3.1));
#766 = SURFACE_CURVE('',#767,(#771,#777),.PCURVE_S1.);
#767 = LINE('',#768,#769);
#768 = CARTESIAN_POINT('',(25.6,-3.9,-6.5));
#769 = VECTOR('',#770,1.);
#770 = DIRECTION('',(-0.,0.,-1.));
#771 = PCURVE('',#205,#772);
#772 = DEFINITIONAL_REPRESENTATION('',(#773),#776);
#773 = B_SPLINE_CURVE_WITH_KNOTS('',1,(#774,#775),.UNSPECIFIED.,.F.,.F.,
  (2,2),(-9.6,-2.1),.PIECEWISE_BEZIER_KNOTS.);
#774 = CARTESIAN_POINT('',(26.5,-10.5));
#775 = CARTESIAN_POINT('',(26.5,-3.));
#776 = ( GEOMETRIC_REPRESENTATION_CONTEXT(2) 
PARAMETRIC_REPRESENTATION_CONTEXT() REPRESENTATION_CONTEXT('2D SPACE',''
  ) );
#777 = PCURVE('',#778,#783);
#778 = PLANE('',#779);
#779 = AXIS2_PLACEMENT_3D('',#780,#781,#782);
#780 = CARTESIAN_POINT('',(25.6,-8.9,-5.6));
#781 = DIRECTION('',(1.,0.,-0.));
#782 = DIRECTION('',(0.,0.,1.));
#783 = DEFINITIONAL_REPRESENTATION('',(#784),#787);
#784 = B_SPLINE_CURVE_WITH_KNOTS('',1,(#785,#786),.UNSPECIFIED.,.F.,.F.,
  (2,2),(-9.6,-2.1),.PIECEWISE_BEZIER_KNOTS.);
#785 = CARTESIAN_POINT('',(8.7,-5.));
#786 = CARTESIAN_POINT('',(1.2,-5.));
#787 = ( GEOMETRIC_REPRESENTATION_CONTEXT(2) 
PARAMETRIC_REPRESENTATION_CONTEXT() REPRESENTATION_CONTEXT('2D SPACE',''
  ) );
#788 = ORIENTED_EDGE('',*,*,#789,.F.);
#789 = EDGE_CURVE('',#790,#764,#792,.T.);
#790 = VERTEX_POINT('',#791);
#791 = CARTESIAN_POINT('',(11.4,-3.9,3.1));
#792 = SURFACE_CURVE('',#793,(#797,#803),.PCURVE_S1.);
#793 = LINE('',#794,#795);
#794 = CARTESIAN_POINT('',(5.25,-3.9,3.1));
#795 = VECTOR('',#796,1.);
#796 = DIRECTION('',(1.,0.,0.));
#797 = PCURVE('',#205,#798);
#798 = DEFINITIONAL_REPRESENTATION('',(#799),#802);
#799 = B_SPLINE_CURVE_WITH_KNOTS('',1,(#800,#801),.UNSPECIFIED.,.F.,.F.,
  (2,2),(6.15,20.35),.PIECEWISE_BEZIER_KNOTS.);
#800 = CARTESIAN_POINT('',(12.3,-10.5));
#801 = CARTESIAN_POINT('',(26.5,-10.5));
#802 = ( GEOMETRIC_REPRESENTATION_CONTEXT(2) 
PARAMETRIC_REPRESENTATION_CONTEXT() REPRESENTATION_CONTEXT('2D SPACE',''
  ) );
#803 = PCURVE('',#804,#809);
#804 = PLANE('',#805);
#805 = AXIS2_PLACEMENT_3D('',#806,#807,#808);
#806 = CARTESIAN_POINT('',(11.4,-8.9,3.1));
#807 = DIRECTION('',(0.,0.,1.));
#808 = DIRECTION('',(1.,0.,-0.));
#809 = DEFINITIONAL_REPRESENTATION('',(#810),#813);
#810 = B_SPLINE_CURVE_WITH_KNOTS('',1,(#811,#812),.UNSPECIFIED.,.F.,.F.,
  (2,2),(6.15,20.35),.PIECEWISE_BEZIER_KNOTS.);
#811 = CARTESIAN_POINT('',(0.,5.));
#812 = CARTESIAN_POINT('',(14.2,5.));
#813 = ( GEOMETRIC_REPRESENTATION_CONTEXT(2) 
PARAMETRIC_REPRESENTATION_CONTEXT() REPRESENTATION_CONTEXT('2D SPACE',''
  ) );
#814 = ORIENTED_EDGE('',*,*,#815,.T.);
#815 = EDGE_CURVE('',#790,#816,#818,.T.);
#816 = VERTEX_POINT('',#817);
#817 = CARTESIAN_POINT('',(11.4,-3.9,-0.6));
#818 = SURFACE_CURVE('',#819,(#823,#829),.PCURVE_S1.);
#819 = LINE('',#820,#821);
#820 = CARTESIAN_POINT('',(11.4,-3.9,-6.5));
#821 = VECTOR('',#822,1.);
#822 = DIRECTION('',(-0.,0.,-1.));
#823 = PCURVE('',#205,#824);
#824 = DEFINITIONAL_REPRESENTATION('',(#825),#828);
#825 = B_SPLINE_CURVE_WITH_KNOTS('',1,(#826,#827),.UNSPECIFIED.,.F.,.F.,
  (2,2),(-9.6,-2.1),.PIECEWISE_BEZIER_KNOTS.);
#826 = CARTESIAN_POINT('',(12.3,-10.5));
#827 = CARTESIAN_POINT('',(12.3,-3.));
#828 = ( GEOMETRIC_REPRESENTATION_CONTEXT(2) 
PARAMETRIC_REPRESENTATION_CONTEXT() REPRESENTATION_CONTEXT('2D SPACE',''
  ) );
#829 = PCURVE('',#830,#835);
#830 = PLANE('',#831);
#831 = AXIS2_PLACEMENT_3D('',#832,#833,#834);
#832 = CARTESIAN_POINT('',(11.4,-8.9,-5.6));
#833 = DIRECTION('',(1.,0.,-0.));
#834 = DIRECTION('',(0.,0.,1.));
#835 = DEFINITIONAL_REPRESENTATION('',(#836),#839);
#836 = B_SPLINE_CURVE_WITH_KNOTS('',1,(#837,#838),.UNSPECIFIED.,.F.,.F.,
  (2,2),(-9.6,-2.1),.PIECEWISE_BEZIER_KNOTS.);
#837 = CARTESIAN_POINT('',(8.7,-5.));
#838 = CARTESIAN_POINT('',(1.2,-5.));
#839 = ( GEOMETRIC_REPRESENTATION_CONTEXT(2) 
PARAMETRIC_REPRESENTATION_CONTEXT() REPRESENTATION_CONTEXT('2D SPACE',''
  ) );
#840 = ORIENTED_EDGE('',*,*,#841,.F.);
#841 = EDGE_CURVE('',#842,#816,#844,.T.);
#842 = VERTEX_POINT('',#843);
#843 = CARTESIAN_POINT('',(0.6,-3.9,-0.6));
#844 = SURFACE_CURVE('',#845,(#849,#855),.PCURVE_S1.);
#845 = LINE('',#846,#847);
#846 = CARTESIAN_POINT('',(-0.15,-3.9,-0.6));
#847 = VECTOR('',#848,1.);
#848 = DIRECTION('',(1.,0.,0.));
#849 = PCURVE('',#205,#850);
#850 = DEFINITIONAL_REPRESENTATION('',(#851),#854);
#851 = B_SPLINE_CURVE_WITH_KNOTS('',1,(#852,#853),.UNSPECIFIED.,.F.,.F.,
  (2,2),(0.75,11.55),.PIECEWISE_BEZIER_KNOTS.);
#852 = CARTESIAN_POINT('',(1.5,-6.8));
#853 = CARTESIAN_POINT('',(12.3,-6.8));
#854 = ( GEOMETRIC_REPRESENTATION_CONTEXT(2) 
PARAMETRIC_REPRESENTATION_CONTEXT() REPRESENTATION_CONTEXT('2D SPACE',''
  ) );
#855 = PCURVE('',#856,#861);
#856 = PLANE('',#857);
#857 = AXIS2_PLACEMENT_3D('',#858,#859,#860);
#858 = CARTESIAN_POINT('',(0.6,-8.9,-0.6));
#859 = DIRECTION('',(0.,0.,1.));
#860 = DIRECTION('',(1.,0.,-0.));
#861 = DEFINITIONAL_REPRESENTATION('',(#862),#865);
#862 = B_SPLINE_CURVE_WITH_KNOTS('',1,(#863,#864),.UNSPECIFIED.,.F.,.F.,
  (2,2),(0.75,11.55),.PIECEWISE_BEZIER_KNOTS.);
#863 = CARTESIAN_POINT('',(0.,5.));
#864 = CARTESIAN_POINT('',(10.8,5.));
#865 = ( GEOMETRIC_REPRESENTATION_CONTEXT(2) 
PARAMETRIC_REPRESENTATION_CONTEXT() REPRESENTATION_CONTEXT('2D SPACE',''
  ) );
#866 = ORIENTED_EDGE('',*,*,#867,.T.);
#867 = EDGE_CURVE('',#842,#666,#868,.T.);
#868 = SURFACE_CURVE('',#869,(#873,#879),.PCURVE_S1.);
#869 = LINE('',#870,#871);
#870 = CARTESIAN_POINT('',(0.6,-3.9,-6.4));
#871 = VECTOR('',#872,1.);
#872 = DIRECTION('',(-0.,0.,-1.));
#873 = PCURVE('',#205,#874);
#874 = DEFINITIONAL_REPRESENTATION('',(#875),#878);
#875 = B_SPLINE_CURVE_WITH_KNOTS('',1,(#876,#877),.UNSPECIFIED.,.F.,.F.,
  (2,2),(-5.8,-2.),.PIECEWISE_BEZIER_KNOTS.);
#876 = CARTESIAN_POINT('',(1.5,-6.8));
#877 = CARTESIAN_POINT('',(1.5,-3.));
#878 = ( GEOMETRIC_REPRESENTATION_CONTEXT(2) 
PARAMETRIC_REPRESENTATION_CONTEXT() REPRESENTATION_CONTEXT('2D SPACE',''
  ) );
#879 = PCURVE('',#880,#885);
#880 = PLANE('',#881);
#881 = AXIS2_PLACEMENT_3D('',#882,#883,#884);
#882 = CARTESIAN_POINT('',(0.6,-8.9,-5.4));
#883 = DIRECTION('',(1.,0.,-0.));
#884 = DIRECTION('',(0.,0.,1.));
#885 = DEFINITIONAL_REPRESENTATION('',(#886),#889);
#886 = B_SPLINE_CURVE_WITH_KNOTS('',1,(#887,#888),.UNSPECIFIED.,.F.,.F.,
  (2,2),(-5.8,-2.),.PIECEWISE_BEZIER_KNOTS.);
#887 = CARTESIAN_POINT('',(4.8,-5.));
#888 = CARTESIAN_POINT('',(1.,-5.));
#889 = ( GEOMETRIC_REPRESENTATION_CONTEXT(2) 
PARAMETRIC_REPRESENTATION_CONTEXT() REPRESENTATION_CONTEXT('2D SPACE',''
  ) );
#890 = ADVANCED_FACE('',(#891),#279,.T.);
#891 = FACE_BOUND('',#892,.T.);
#892 = EDGE_LOOP('',(#893,#919,#956,#957));
#893 = ORIENTED_EDGE('',*,*,#894,.T.);
#894 = EDGE_CURVE('',#438,#895,#897,.T.);
#895 = VERTEX_POINT('',#896);
#896 = CARTESIAN_POINT('',(-0.9,39.839339828221,-6.96066017178));
#897 = SURFACE_CURVE('',#898,(#902,#908),.PCURVE_S1.);
#898 = LINE('',#899,#900);
#899 = CARTESIAN_POINT('',(-0.9,40.369669914111,-5.68033008589));
#900 = VECTOR('',#901,1.);
#901 = DIRECTION('',(-0.,-0.382683432365,-0.923879532511));
#902 = PCURVE('',#279,#903);
#903 = DEFINITIONAL_REPRESENTATION('',(#904),#907);
#904 = B_SPLINE_CURVE_WITH_KNOTS('',1,(#905,#906),.UNSPECIFIED.,.F.,.F.,
  (2,2),(-1.385819298767,1.385819298767),.PIECEWISE_BEZIER_KNOTS.);
#905 = CARTESIAN_POINT('',(0.,38.8));
#906 = CARTESIAN_POINT('',(4.712388980385,38.8));
#907 = ( GEOMETRIC_REPRESENTATION_CONTEXT(2) 
PARAMETRIC_REPRESENTATION_CONTEXT() REPRESENTATION_CONTEXT('2D SPACE',''
  ) );
#908 = PCURVE('',#909,#914);
#909 = PLANE('',#910);
#910 = AXIS2_PLACEMENT_3D('',#911,#912,#913);
#911 = CARTESIAN_POINT('',(37.9,40.369669914111,-5.68033008589));
#912 = DIRECTION('',(-1.440097047929E-17,0.923879532511,-0.382683432365)
  );
#913 = DIRECTION('',(1.,1.330476187412E-17,-5.511012812403E-18));
#914 = DEFINITIONAL_REPRESENTATION('',(#915),#918);
#915 = B_SPLINE_CURVE_WITH_KNOTS('',1,(#916,#917),.UNSPECIFIED.,.F.,.F.,
  (2,2),(-1.385819298767,1.385819298767),.PIECEWISE_BEZIER_KNOTS.);
#916 = CARTESIAN_POINT('',(-38.8,-1.385819298767));
#917 = CARTESIAN_POINT('',(-38.8,1.385819298767));
#918 = ( GEOMETRIC_REPRESENTATION_CONTEXT(2) 
PARAMETRIC_REPRESENTATION_CONTEXT() REPRESENTATION_CONTEXT('2D SPACE',''
  ) );
#919 = ORIENTED_EDGE('',*,*,#920,.T.);
#920 = EDGE_CURVE('',#895,#266,#921,.T.);
#921 = SURFACE_CURVE('',#922,(#930,#937),.PCURVE_S1.);
#922 = B_SPLINE_CURVE_WITH_KNOTS('',6,(#923,#924,#925,#926,#927,#928,
    #929),.UNSPECIFIED.,.F.,.F.,(7,7),(38.8,43.512388980385),
  .PIECEWISE_BEZIER_KNOTS.);
#923 = CARTESIAN_POINT('',(-0.9,39.839339824059,-6.96066017178));
#924 = CARTESIAN_POINT('',(-1.407715655498,39.839339824059,
    -6.96066017178));
#925 = CARTESIAN_POINT('',(-1.915396590144,39.6798736337,-6.96066017178)
  );
#926 = CARTESIAN_POINT('',(-2.360688474658,39.360688470497,
    -6.96066017178));
#927 = CARTESIAN_POINT('',(-2.679873637862,38.915396585983,
    -6.96066017178));
#928 = CARTESIAN_POINT('',(-2.83933982822,38.407715651336,-6.96066017178
    ));
#929 = CARTESIAN_POINT('',(-2.83933982822,37.899999995838,-6.96066017178
    ));
#930 = PCURVE('',#279,#931);
#931 = DEFINITIONAL_REPRESENTATION('',(#932),#936);
#932 = LINE('',#933,#934);
#933 = CARTESIAN_POINT('',(4.712388980385,0.));
#934 = VECTOR('',#935,1.);
#935 = DIRECTION('',(0.,1.));
#936 = ( GEOMETRIC_REPRESENTATION_CONTEXT(2) 
PARAMETRIC_REPRESENTATION_CONTEXT() REPRESENTATION_CONTEXT('2D SPACE',''
  ) );
#937 = PCURVE('',#938,#943);
#938 = CONICAL_SURFACE('',#939,3.,0.785398163397);
#939 = AXIS2_PLACEMENT_3D('',#940,#941,#942);
#940 = CARTESIAN_POINT('',(-0.9,37.899999995838,-5.9));
#941 = DIRECTION('',(0.,0.,1.));
#942 = DIRECTION('',(0.,1.,0.));
#943 = DEFINITIONAL_REPRESENTATION('',(#944),#955);
#944 = B_SPLINE_CURVE_WITH_KNOTS('',9,(#945,#946,#947,#948,#949,#950,
    #951,#952,#953,#954),.UNSPECIFIED.,.F.,.F.,(10,10),(38.8,
    43.512388980385),.PIECEWISE_BEZIER_KNOTS.);
#945 = CARTESIAN_POINT('',(-5.477089412253E-15,-1.06066017178));
#946 = CARTESIAN_POINT('',(0.174532126211,-1.06066017178));
#947 = CARTESIAN_POINT('',(0.349056831434,-1.06066017178));
#948 = CARTESIAN_POINT('',(0.523603035017,-1.06066017178));
#949 = CARTESIAN_POINT('',(0.698153658391,-1.06066017178));
#950 = CARTESIAN_POINT('',(0.872642668403,-1.06066017178));
#951 = CARTESIAN_POINT('',(1.047193291778,-1.06066017178));
#952 = CARTESIAN_POINT('',(1.22173949536,-1.06066017178));
#953 = CARTESIAN_POINT('',(1.396264200584,-1.06066017178));
#954 = CARTESIAN_POINT('',(1.570796326795,-1.06066017178));
#955 = ( GEOMETRIC_REPRESENTATION_CONTEXT(2) 
PARAMETRIC_REPRESENTATION_CONTEXT() REPRESENTATION_CONTEXT('2D SPACE',''
  ) );
#956 = ORIENTED_EDGE('',*,*,#265,.F.);
#957 = ORIENTED_EDGE('',*,*,#498,.F.);
#958 = ADVANCED_FACE('',(#959),#336,.F.);
#959 = FACE_BOUND('',#960,.T.);
#960 = EDGE_LOOP('',(#961,#982,#1010,#1029));
#961 = ORIENTED_EDGE('',*,*,#962,.F.);
#962 = EDGE_CURVE('',#963,#266,#965,.T.);
#963 = VERTEX_POINT('',#964);
#964 = CARTESIAN_POINT('',(-2.4,37.899999995838,-7.4));
#965 = SURFACE_CURVE('',#966,(#970,#976),.PCURVE_S1.);
#966 = LINE('',#967,#968);
#967 = CARTESIAN_POINT('',(-3.9,37.899999995838,-5.9));
#968 = VECTOR('',#969,1.);
#969 = DIRECTION('',(-0.707106781187,4.329780281177E-17,0.707106781187)
  );
#970 = PCURVE('',#336,#971);
#971 = DEFINITIONAL_REPRESENTATION('',(#972),#975);
#972 = B_SPLINE_CURVE_WITH_KNOTS('',1,(#973,#974),.UNSPECIFIED.,.F.,.F.,
  (2,2),(-2.12132034356,0.),.PIECEWISE_BEZIER_KNOTS.);
#973 = CARTESIAN_POINT('',(0.,-1.06066017178));
#974 = CARTESIAN_POINT('',(0.,1.06066017178));
#975 = ( GEOMETRIC_REPRESENTATION_CONTEXT(2) 
PARAMETRIC_REPRESENTATION_CONTEXT() REPRESENTATION_CONTEXT('2D SPACE',''
  ) );
#976 = PCURVE('',#938,#977);
#977 = DEFINITIONAL_REPRESENTATION('',(#978),#981);
#978 = B_SPLINE_CURVE_WITH_KNOTS('',1,(#979,#980),.UNSPECIFIED.,.F.,.F.,
  (2,2),(-2.12132034356,0.),.PIECEWISE_BEZIER_KNOTS.);
#979 = CARTESIAN_POINT('',(1.570796326795,-1.5));
#980 = CARTESIAN_POINT('',(1.570796326795,0.));
#981 = ( GEOMETRIC_REPRESENTATION_CONTEXT(2) 
PARAMETRIC_REPRESENTATION_CONTEXT() REPRESENTATION_CONTEXT('2D SPACE',''
  ) );
#982 = ORIENTED_EDGE('',*,*,#983,.T.);
#983 = EDGE_CURVE('',#963,#984,#986,.T.);
#984 = VERTEX_POINT('',#985);
#985 = CARTESIAN_POINT('',(-2.4,-0.9,-7.4));
#986 = SURFACE_CURVE('',#987,(#991,#998),.PCURVE_S1.);
#987 = LINE('',#988,#989);
#988 = CARTESIAN_POINT('',(-2.4,37.899999995838,-7.4));
#989 = VECTOR('',#990,1.);
#990 = DIRECTION('',(-0.,-1.,-0.));
#991 = PCURVE('',#336,#992);
#992 = DEFINITIONAL_REPRESENTATION('',(#993),#997);
#993 = LINE('',#994,#995);
#994 = CARTESIAN_POINT('',(-0.,-1.06066017178));
#995 = VECTOR('',#996,1.);
#996 = DIRECTION('',(-1.,0.));
#997 = ( GEOMETRIC_REPRESENTATION_CONTEXT(2) 
PARAMETRIC_REPRESENTATION_CONTEXT() REPRESENTATION_CONTEXT('2D SPACE',''
  ) );
#998 = PCURVE('',#999,#1004);
#999 = PLANE('',#1000);
#1000 = AXIS2_PLACEMENT_3D('',#1001,#1002,#1003);
#1001 = CARTESIAN_POINT('',(18.499999999424,18.499999999385,-7.4));
#1002 = DIRECTION('',(0.,0.,1.));
#1003 = DIRECTION('',(1.,0.,-0.));
#1004 = DEFINITIONAL_REPRESENTATION('',(#1005),#1009);
#1005 = LINE('',#1006,#1007);
#1006 = CARTESIAN_POINT('',(-20.89999999942,19.399999996454));
#1007 = VECTOR('',#1008,1.);
#1008 = DIRECTION('',(0.,-1.));
#1009 = ( GEOMETRIC_REPRESENTATION_CONTEXT(2) 
PARAMETRIC_REPRESENTATION_CONTEXT() REPRESENTATION_CONTEXT('2D SPACE',''
  ) );
#1010 = ORIENTED_EDGE('',*,*,#1011,.T.);
#1011 = EDGE_CURVE('',#984,#302,#1012,.T.);
#1012 = SURFACE_CURVE('',#1013,(#1017,#1023),.PCURVE_S1.);
#1013 = LINE('',#1014,#1015);
#1014 = CARTESIAN_POINT('',(-3.15,-0.9,-6.65));
#1015 = VECTOR('',#1016,1.);
#1016 = DIRECTION('',(-0.707106781187,-0.,0.707106781187));
#1017 = PCURVE('',#336,#1018);
#1018 = DEFINITIONAL_REPRESENTATION('',(#1019),#1022);
#1019 = B_SPLINE_CURVE_WITH_KNOTS('',1,(#1020,#1021),.UNSPECIFIED.,.F.,
  .F.,(2,2),(-1.06066017178,1.06066017178),.PIECEWISE_BEZIER_KNOTS.);
#1020 = CARTESIAN_POINT('',(-38.79999999583,-1.06066017178));
#1021 = CARTESIAN_POINT('',(-38.79999999583,1.06066017178));
#1022 = ( GEOMETRIC_REPRESENTATION_CONTEXT(2) 
PARAMETRIC_REPRESENTATION_CONTEXT() REPRESENTATION_CONTEXT('2D SPACE',''
  ) );
#1023 = PCURVE('',#552,#1024);
#1024 = DEFINITIONAL_REPRESENTATION('',(#1025),#1028);
#1025 = B_SPLINE_CURVE_WITH_KNOTS('',1,(#1026,#1027),.UNSPECIFIED.,.F.,
  .F.,(2,2),(-1.06066017178,1.06066017178),.PIECEWISE_BEZIER_KNOTS.);
#1026 = CARTESIAN_POINT('',(-8.881784197001E-16,-1.5));
#1027 = CARTESIAN_POINT('',(-8.881784197001E-16,-3.140184917368E-16));
#1028 = ( GEOMETRIC_REPRESENTATION_CONTEXT(2) 
PARAMETRIC_REPRESENTATION_CONTEXT() REPRESENTATION_CONTEXT('2D SPACE',''
  ) );
#1029 = ORIENTED_EDGE('',*,*,#322,.F.);
#1030 = ADVANCED_FACE('',(#1031),#365,.F.);
#1031 = FACE_BOUND('',#1032,.F.);
#1032 = EDGE_LOOP('',(#1033,#1059,#1096,#1097));
#1033 = ORIENTED_EDGE('',*,*,#1034,.T.);
#1034 = EDGE_CURVE('',#440,#1035,#1037,.T.);
#1035 = VERTEX_POINT('',#1036);
#1036 = CARTESIAN_POINT('',(-0.9,39.839339828221,9.56066017178));
#1037 = SURFACE_CURVE('',#1038,(#1042,#1048),.PCURVE_S1.);
#1038 = LINE('',#1039,#1040);
#1039 = CARTESIAN_POINT('',(-0.9,40.369669914111,8.28033008589));
#1040 = VECTOR('',#1041,1.);
#1041 = DIRECTION('',(-0.,-0.382683432365,0.923879532511));
#1042 = PCURVE('',#365,#1043);
#1043 = DEFINITIONAL_REPRESENTATION('',(#1044),#1047);
#1044 = B_SPLINE_CURVE_WITH_KNOTS('',1,(#1045,#1046),.UNSPECIFIED.,.F.,
  .F.,(2,2),(-1.385819298767,1.385819298767),.PIECEWISE_BEZIER_KNOTS.);
#1045 = CARTESIAN_POINT('',(0.,38.8));
#1046 = CARTESIAN_POINT('',(4.712388980385,38.8));
#1047 = ( GEOMETRIC_REPRESENTATION_CONTEXT(2) 
PARAMETRIC_REPRESENTATION_CONTEXT() REPRESENTATION_CONTEXT('2D SPACE',''
  ) );
#1048 = PCURVE('',#1049,#1054);
#1049 = PLANE('',#1050);
#1050 = AXIS2_PLACEMENT_3D('',#1051,#1052,#1053);
#1051 = CARTESIAN_POINT('',(37.9,40.369669914111,8.28033008589));
#1052 = DIRECTION('',(1.440097047929E-17,-0.923879532511,-0.382683432365
    ));
#1053 = DIRECTION('',(1.,1.330476187412E-17,5.511012812403E-18));
#1054 = DEFINITIONAL_REPRESENTATION('',(#1055),#1058);
#1055 = B_SPLINE_CURVE_WITH_KNOTS('',1,(#1056,#1057),.UNSPECIFIED.,.F.,
  .F.,(2,2),(-1.385819298767,1.385819298767),.PIECEWISE_BEZIER_KNOTS.);
#1056 = CARTESIAN_POINT('',(-38.8,-1.385819298767));
#1057 = CARTESIAN_POINT('',(-38.8,1.385819298767));
#1058 = ( GEOMETRIC_REPRESENTATION_CONTEXT(2) 
PARAMETRIC_REPRESENTATION_CONTEXT() REPRESENTATION_CONTEXT('2D SPACE',''
  ) );
#1059 = ORIENTED_EDGE('',*,*,#1060,.T.);
#1060 = EDGE_CURVE('',#1035,#352,#1061,.T.);
#1061 = SURFACE_CURVE('',#1062,(#1070,#1077),.PCURVE_S1.);
#1062 = B_SPLINE_CURVE_WITH_KNOTS('',6,(#1063,#1064,#1065,#1066,#1067,
    #1068,#1069),.UNSPECIFIED.,.F.,.F.,(7,7),(38.8,43.512388980385),
  .PIECEWISE_BEZIER_KNOTS.);
#1063 = CARTESIAN_POINT('',(-0.9,39.839339824059,9.56066017178));
#1064 = CARTESIAN_POINT('',(-1.407715655498,39.839339824059,
    9.56066017178));
#1065 = CARTESIAN_POINT('',(-1.915396590144,39.6798736337,9.56066017178)
  );
#1066 = CARTESIAN_POINT('',(-2.360688474658,39.360688470497,
    9.56066017178));
#1067 = CARTESIAN_POINT('',(-2.679873637862,38.915396585983,
    9.56066017178));
#1068 = CARTESIAN_POINT('',(-2.83933982822,38.407715651336,9.56066017178
    ));
#1069 = CARTESIAN_POINT('',(-2.83933982822,37.899999995838,9.56066017178
    ));
#1070 = PCURVE('',#365,#1071);
#1071 = DEFINITIONAL_REPRESENTATION('',(#1072),#1076);
#1072 = LINE('',#1073,#1074);
#1073 = CARTESIAN_POINT('',(4.712388980385,0.));
#1074 = VECTOR('',#1075,1.);
#1075 = DIRECTION('',(0.,1.));
#1076 = ( GEOMETRIC_REPRESENTATION_CONTEXT(2) 
PARAMETRIC_REPRESENTATION_CONTEXT() REPRESENTATION_CONTEXT('2D SPACE',''
  ) );
#1077 = PCURVE('',#1078,#1083);
#1078 = CONICAL_SURFACE('',#1079,3.,0.785398163397);
#1079 = AXIS2_PLACEMENT_3D('',#1080,#1081,#1082);
#1080 = CARTESIAN_POINT('',(-0.9,37.899999995838,8.5));
#1081 = DIRECTION('',(-0.,-0.,-1.));
#1082 = DIRECTION('',(0.,1.,-0.));
#1083 = DEFINITIONAL_REPRESENTATION('',(#1084),#1095);
#1084 = B_SPLINE_CURVE_WITH_KNOTS('',9,(#1085,#1086,#1087,#1088,#1089,
    #1090,#1091,#1092,#1093,#1094),.UNSPECIFIED.,.F.,.F.,(10,10),(38.8,
    43.512388980385),.PIECEWISE_BEZIER_KNOTS.);
#1085 = CARTESIAN_POINT('',(4.255844085165E-15,-1.06066017178));
#1086 = CARTESIAN_POINT('',(-0.174532126211,-1.06066017178));
#1087 = CARTESIAN_POINT('',(-0.349056831434,-1.06066017178));
#1088 = CARTESIAN_POINT('',(-0.523603035017,-1.06066017178));
#1089 = CARTESIAN_POINT('',(-0.698153658391,-1.06066017178));
#1090 = CARTESIAN_POINT('',(-0.872642668404,-1.06066017178));
#1091 = CARTESIAN_POINT('',(-1.047193291778,-1.06066017178));
#1092 = CARTESIAN_POINT('',(-1.221739495361,-1.06066017178));
#1093 = CARTESIAN_POINT('',(-1.396264200584,-1.06066017178));
#1094 = CARTESIAN_POINT('',(-1.570796326795,-1.06066017178));
#1095 = ( GEOMETRIC_REPRESENTATION_CONTEXT(2) 
PARAMETRIC_REPRESENTATION_CONTEXT() REPRESENTATION_CONTEXT('2D SPACE',''
  ) );
#1096 = ORIENTED_EDGE('',*,*,#351,.F.);
#1097 = ORIENTED_EDGE('',*,*,#467,.F.);
#1098 = ADVANCED_FACE('',(#1099),#422,.T.);
#1099 = FACE_BOUND('',#1100,.F.);
#1100 = EDGE_LOOP('',(#1101,#1122,#1150,#1169));
#1101 = ORIENTED_EDGE('',*,*,#1102,.F.);
#1102 = EDGE_CURVE('',#1103,#352,#1105,.T.);
#1103 = VERTEX_POINT('',#1104);
#1104 = CARTESIAN_POINT('',(-2.4,37.899999995838,10.));
#1105 = SURFACE_CURVE('',#1106,(#1110,#1116),.PCURVE_S1.);
#1106 = LINE('',#1107,#1108);
#1107 = CARTESIAN_POINT('',(-3.9,37.899999995838,8.5));
#1108 = VECTOR('',#1109,1.);
#1109 = DIRECTION('',(-0.707106781187,4.329780281177E-17,-0.707106781187
    ));
#1110 = PCURVE('',#422,#1111);
#1111 = DEFINITIONAL_REPRESENTATION('',(#1112),#1115);
#1112 = B_SPLINE_CURVE_WITH_KNOTS('',1,(#1113,#1114),.UNSPECIFIED.,.F.,
  .F.,(2,2),(-2.12132034356,0.),.PIECEWISE_BEZIER_KNOTS.);
#1113 = CARTESIAN_POINT('',(0.,-1.06066017178));
#1114 = CARTESIAN_POINT('',(0.,1.06066017178));
#1115 = ( GEOMETRIC_REPRESENTATION_CONTEXT(2) 
PARAMETRIC_REPRESENTATION_CONTEXT() REPRESENTATION_CONTEXT('2D SPACE',''
  ) );
#1116 = PCURVE('',#1078,#1117);
#1117 = DEFINITIONAL_REPRESENTATION('',(#1118),#1121);
#1118 = B_SPLINE_CURVE_WITH_KNOTS('',1,(#1119,#1120),.UNSPECIFIED.,.F.,
  .F.,(2,2),(-2.12132034356,0.),.PIECEWISE_BEZIER_KNOTS.);
#1119 = CARTESIAN_POINT('',(-1.570796326795,-1.5));
#1120 = CARTESIAN_POINT('',(-1.570796326795,0.));
#1121 = ( GEOMETRIC_REPRESENTATION_CONTEXT(2) 
PARAMETRIC_REPRESENTATION_CONTEXT() REPRESENTATION_CONTEXT('2D SPACE',''
  ) );
#1122 = ORIENTED_EDGE('',*,*,#1123,.T.);
#1123 = EDGE_CURVE('',#1103,#1124,#1126,.T.);
#1124 = VERTEX_POINT('',#1125);
#1125 = CARTESIAN_POINT('',(-2.4,-0.9,10.));
#1126 = SURFACE_CURVE('',#1127,(#1131,#1138),.PCURVE_S1.);
#1127 = LINE('',#1128,#1129);
#1128 = CARTESIAN_POINT('',(-2.4,37.899999995838,10.));
#1129 = VECTOR('',#1130,1.);
#1130 = DIRECTION('',(-0.,-1.,-0.));
#1131 = PCURVE('',#422,#1132);
#1132 = DEFINITIONAL_REPRESENTATION('',(#1133),#1137);
#1133 = LINE('',#1134,#1135);
#1134 = CARTESIAN_POINT('',(-0.,-1.06066017178));
#1135 = VECTOR('',#1136,1.);
#1136 = DIRECTION('',(-1.,0.));
#1137 = ( GEOMETRIC_REPRESENTATION_CONTEXT(2) 
PARAMETRIC_REPRESENTATION_CONTEXT() REPRESENTATION_CONTEXT('2D SPACE',''
  ) );
#1138 = PCURVE('',#1139,#1144);
#1139 = PLANE('',#1140);
#1140 = AXIS2_PLACEMENT_3D('',#1141,#1142,#1143);
#1141 = CARTESIAN_POINT('',(18.499999999424,18.499999999385,10.));
#1142 = DIRECTION('',(0.,0.,1.));
#1143 = DIRECTION('',(1.,0.,-0.));
#1144 = DEFINITIONAL_REPRESENTATION('',(#1145),#1149);
#1145 = LINE('',#1146,#1147);
#1146 = CARTESIAN_POINT('',(-20.89999999942,19.399999996454));
#1147 = VECTOR('',#1148,1.);
#1148 = DIRECTION('',(0.,-1.));
#1149 = ( GEOMETRIC_REPRESENTATION_CONTEXT(2) 
PARAMETRIC_REPRESENTATION_CONTEXT() REPRESENTATION_CONTEXT('2D SPACE',''
  ) );
#1150 = ORIENTED_EDGE('',*,*,#1151,.T.);
#1151 = EDGE_CURVE('',#1124,#388,#1152,.T.);
#1152 = SURFACE_CURVE('',#1153,(#1157,#1163),.PCURVE_S1.);
#1153 = LINE('',#1154,#1155);
#1154 = CARTESIAN_POINT('',(-3.15,-0.9,9.25));
#1155 = VECTOR('',#1156,1.);
#1156 = DIRECTION('',(-0.707106781187,-0.,-0.707106781187));
#1157 = PCURVE('',#422,#1158);
#1158 = DEFINITIONAL_REPRESENTATION('',(#1159),#1162);
#1159 = B_SPLINE_CURVE_WITH_KNOTS('',1,(#1160,#1161),.UNSPECIFIED.,.F.,
  .F.,(2,2),(-1.06066017178,1.06066017178),.PIECEWISE_BEZIER_KNOTS.);
#1160 = CARTESIAN_POINT('',(-38.79999999583,-1.06066017178));
#1161 = CARTESIAN_POINT('',(-38.79999999583,1.06066017178));
#1162 = ( GEOMETRIC_REPRESENTATION_CONTEXT(2) 
PARAMETRIC_REPRESENTATION_CONTEXT() REPRESENTATION_CONTEXT('2D SPACE',''
  ) );
#1163 = PCURVE('',#619,#1164);
#1164 = DEFINITIONAL_REPRESENTATION('',(#1165),#1168);
#1165 = B_SPLINE_CURVE_WITH_KNOTS('',1,(#1166,#1167),.UNSPECIFIED.,.F.,
  .F.,(2,2),(-1.06066017178,1.06066017178),.PIECEWISE_BEZIER_KNOTS.);
#1166 = CARTESIAN_POINT('',(8.881784197001E-16,-1.5));
#1167 = CARTESIAN_POINT('',(8.881784197001E-16,3.140184917368E-16));
#1168 = ( GEOMETRIC_REPRESENTATION_CONTEXT(2) 
PARAMETRIC_REPRESENTATION_CONTEXT() REPRESENTATION_CONTEXT('2D SPACE',''
  ) );
#1169 = ORIENTED_EDGE('',*,*,#408,.F.);
#1170 = ADVANCED_FACE('',(#1171),#455,.T.);
#1171 = FACE_BOUND('',#1172,.T.);
#1172 = EDGE_LOOP('',(#1173,#1174,#1197,#1225));
#1173 = ORIENTED_EDGE('',*,*,#437,.T.);
#1174 = ORIENTED_EDGE('',*,*,#1175,.F.);
#1175 = EDGE_CURVE('',#1176,#440,#1178,.T.);
#1176 = VERTEX_POINT('',#1177);
#1177 = CARTESIAN_POINT('',(37.9,40.9,7.));
#1178 = SURFACE_CURVE('',#1179,(#1183,#1190),.PCURVE_S1.);
#1179 = LINE('',#1180,#1181);
#1180 = CARTESIAN_POINT('',(37.9,40.9,7.));
#1181 = VECTOR('',#1182,1.);
#1182 = DIRECTION('',(-1.,-0.,-0.));
#1183 = PCURVE('',#455,#1184);
#1184 = DEFINITIONAL_REPRESENTATION('',(#1185),#1189);
#1185 = LINE('',#1186,#1187);
#1186 = CARTESIAN_POINT('',(38.8,-14.4));
#1187 = VECTOR('',#1188,1.);
#1188 = DIRECTION('',(-1.,0.));
#1189 = ( GEOMETRIC_REPRESENTATION_CONTEXT(2) 
PARAMETRIC_REPRESENTATION_CONTEXT() REPRESENTATION_CONTEXT('2D SPACE',''
  ) );
#1190 = PCURVE('',#1049,#1191);
#1191 = DEFINITIONAL_REPRESENTATION('',(#1192),#1196);
#1192 = LINE('',#1193,#1194);
#1193 = CARTESIAN_POINT('',(-0.,-1.385819298767));
#1194 = VECTOR('',#1195,1.);
#1195 = DIRECTION('',(-1.,0.));
#1196 = ( GEOMETRIC_REPRESENTATION_CONTEXT(2) 
PARAMETRIC_REPRESENTATION_CONTEXT() REPRESENTATION_CONTEXT('2D SPACE',''
  ) );
#1197 = ORIENTED_EDGE('',*,*,#1198,.F.);
#1198 = EDGE_CURVE('',#1199,#1176,#1201,.T.);
#1199 = VERTEX_POINT('',#1200);
#1200 = CARTESIAN_POINT('',(37.9,40.9,-4.4));
#1201 = SURFACE_CURVE('',#1202,(#1206,#1213),.PCURVE_S1.);
#1202 = LINE('',#1203,#1204);
#1203 = CARTESIAN_POINT('',(37.9,40.899999997919,-7.4));
#1204 = VECTOR('',#1205,1.);
#1205 = DIRECTION('',(0.,0.,1.));
#1206 = PCURVE('',#455,#1207);
#1207 = DEFINITIONAL_REPRESENTATION('',(#1208),#1212);
#1208 = LINE('',#1209,#1210);
#1209 = CARTESIAN_POINT('',(38.8,0.));
#1210 = VECTOR('',#1211,1.);
#1211 = DIRECTION('',(0.,-1.));
#1212 = ( GEOMETRIC_REPRESENTATION_CONTEXT(2) 
PARAMETRIC_REPRESENTATION_CONTEXT() REPRESENTATION_CONTEXT('2D SPACE',''
  ) );
#1213 = PCURVE('',#1214,#1219);
#1214 = CYLINDRICAL_SURFACE('',#1215,3.);
#1215 = AXIS2_PLACEMENT_3D('',#1216,#1217,#1218);
#1216 = CARTESIAN_POINT('',(37.9,37.899999995838,-7.4));
#1217 = DIRECTION('',(-0.,-0.,-1.));
#1218 = DIRECTION('',(1.,0.,0.));
#1219 = DEFINITIONAL_REPRESENTATION('',(#1220),#1224);
#1220 = LINE('',#1221,#1222);
#1221 = CARTESIAN_POINT('',(-1.570796326795,0.));
#1222 = VECTOR('',#1223,1.);
#1223 = DIRECTION('',(-0.,-1.));
#1224 = ( GEOMETRIC_REPRESENTATION_CONTEXT(2) 
PARAMETRIC_REPRESENTATION_CONTEXT() REPRESENTATION_CONTEXT('2D SPACE',''
  ) );
#1225 = ORIENTED_EDGE('',*,*,#1226,.T.);
#1226 = EDGE_CURVE('',#1199,#438,#1227,.T.);
#1227 = SURFACE_CURVE('',#1228,(#1232,#1239),.PCURVE_S1.);
#1228 = LINE('',#1229,#1230);
#1229 = CARTESIAN_POINT('',(37.9,40.9,-4.4));
#1230 = VECTOR('',#1231,1.);
#1231 = DIRECTION('',(-1.,-0.,-0.));
#1232 = PCURVE('',#455,#1233);
#1233 = DEFINITIONAL_REPRESENTATION('',(#1234),#1238);
#1234 = LINE('',#1235,#1236);
#1235 = CARTESIAN_POINT('',(38.8,-3.));
#1236 = VECTOR('',#1237,1.);
#1237 = DIRECTION('',(-1.,0.));
#1238 = ( GEOMETRIC_REPRESENTATION_CONTEXT(2) 
PARAMETRIC_REPRESENTATION_CONTEXT() REPRESENTATION_CONTEXT('2D SPACE',''
  ) );
#1239 = PCURVE('',#909,#1240);
#1240 = DEFINITIONAL_REPRESENTATION('',(#1241),#1245);
#1241 = LINE('',#1242,#1243);
#1242 = CARTESIAN_POINT('',(-0.,-1.385819298767));
#1243 = VECTOR('',#1244,1.);
#1244 = DIRECTION('',(-1.,0.));
#1245 = ( GEOMETRIC_REPRESENTATION_CONTEXT(2) 
PARAMETRIC_REPRESENTATION_CONTEXT() REPRESENTATION_CONTEXT('2D SPACE',''
  ) );
#1246 = ADVANCED_FACE('',(#1247),#552,.T.);
#1247 = FACE_BOUND('',#1248,.T.);
#1248 = EDGE_LOOP('',(#1249,#1250,#1274,#1298));
#1249 = ORIENTED_EDGE('',*,*,#1011,.F.);
#1250 = ORIENTED_EDGE('',*,*,#1251,.T.);
#1251 = EDGE_CURVE('',#984,#1252,#1254,.T.);
#1252 = VERTEX_POINT('',#1253);
#1253 = CARTESIAN_POINT('',(-0.9,-2.4,-7.4));
#1254 = SURFACE_CURVE('',#1255,(#1260,#1267),.PCURVE_S1.);
#1255 = CIRCLE('',#1256,1.5);
#1256 = AXIS2_PLACEMENT_3D('',#1257,#1258,#1259);
#1257 = CARTESIAN_POINT('',(-0.9,-0.9,-7.4));
#1258 = DIRECTION('',(0.,0.,1.));
#1259 = DIRECTION('',(-1.,-1.184237892934E-15,0.));
#1260 = PCURVE('',#552,#1261);
#1261 = DEFINITIONAL_REPRESENTATION('',(#1262),#1266);
#1262 = LINE('',#1263,#1264);
#1263 = CARTESIAN_POINT('',(0.,-1.5));
#1264 = VECTOR('',#1265,1.);
#1265 = DIRECTION('',(1.,0.));
#1266 = ( GEOMETRIC_REPRESENTATION_CONTEXT(2) 
PARAMETRIC_REPRESENTATION_CONTEXT() REPRESENTATION_CONTEXT('2D SPACE',''
  ) );
#1267 = PCURVE('',#999,#1268);
#1268 = DEFINITIONAL_REPRESENTATION('',(#1269),#1273);
#1269 = CIRCLE('',#1270,1.5);
#1270 = AXIS2_PLACEMENT_2D('',#1271,#1272);
#1271 = CARTESIAN_POINT('',(-19.39999999942,-19.39999999938));
#1272 = DIRECTION('',(-1.,-1.184237892934E-15));
#1273 = ( GEOMETRIC_REPRESENTATION_CONTEXT(2) 
PARAMETRIC_REPRESENTATION_CONTEXT() REPRESENTATION_CONTEXT('2D SPACE',''
  ) );
#1274 = ORIENTED_EDGE('',*,*,#1275,.T.);
#1275 = EDGE_CURVE('',#1252,#533,#1276,.T.);
#1276 = SURFACE_CURVE('',#1277,(#1281,#1287),.PCURVE_S1.);
#1277 = LINE('',#1278,#1279);
#1278 = CARTESIAN_POINT('',(-0.9,-3.15,-6.65));
#1279 = VECTOR('',#1280,1.);
#1280 = DIRECTION('',(0.,-0.707106781187,0.707106781187));
#1281 = PCURVE('',#552,#1282);
#1282 = DEFINITIONAL_REPRESENTATION('',(#1283),#1286);
#1283 = B_SPLINE_CURVE_WITH_KNOTS('',1,(#1284,#1285),.UNSPECIFIED.,.F.,
  .F.,(2,2),(-1.06066017178,1.06066017178),.PIECEWISE_BEZIER_KNOTS.);
#1284 = CARTESIAN_POINT('',(1.570796326795,-1.5));
#1285 = CARTESIAN_POINT('',(1.570796326795,-3.140184917368E-16));
#1286 = ( GEOMETRIC_REPRESENTATION_CONTEXT(2) 
PARAMETRIC_REPRESENTATION_CONTEXT() REPRESENTATION_CONTEXT('2D SPACE',''
  ) );
#1287 = PCURVE('',#1288,#1293);
#1288 = PLANE('',#1289);
#1289 = AXIS2_PLACEMENT_3D('',#1290,#1291,#1292);
#1290 = CARTESIAN_POINT('',(-0.9,-3.15,-6.65));
#1291 = DIRECTION('',(0.,-0.707106781187,-0.707106781187));
#1292 = DIRECTION('',(1.,0.,0.));
#1293 = DEFINITIONAL_REPRESENTATION('',(#1294),#1297);
#1294 = B_SPLINE_CURVE_WITH_KNOTS('',1,(#1295,#1296),.UNSPECIFIED.,.F.,
  .F.,(2,2),(-1.06066017178,1.06066017178),.PIECEWISE_BEZIER_KNOTS.);
#1295 = CARTESIAN_POINT('',(0.,-1.06066017178));
#1296 = CARTESIAN_POINT('',(0.,1.06066017178));
#1297 = ( GEOMETRIC_REPRESENTATION_CONTEXT(2) 
PARAMETRIC_REPRESENTATION_CONTEXT() REPRESENTATION_CONTEXT('2D SPACE',''
  ) );
#1298 = ORIENTED_EDGE('',*,*,#532,.F.);
#1299 = ADVANCED_FACE('',(#1300),#583,.F.);
#1300 = FACE_BOUND('',#1301,.F.);
#1301 = EDGE_LOOP('',(#1302,#1303,#1304,#1325,#1351,#1372,#1398,#1417,
    #1418,#1454));
#1302 = ORIENTED_EDGE('',*,*,#571,.F.);
#1303 = ORIENTED_EDGE('',*,*,#665,.T.);
#1304 = ORIENTED_EDGE('',*,*,#1305,.T.);
#1305 = EDGE_CURVE('',#666,#1306,#1308,.T.);
#1306 = VERTEX_POINT('',#1307);
#1307 = CARTESIAN_POINT('',(0.6,-3.5,-5.365685424948));
#1308 = SURFACE_CURVE('',#1309,(#1313,#1319),.PCURVE_S1.);
#1309 = LINE('',#1310,#1311);
#1310 = CARTESIAN_POINT('',(0.6,-3.824174785275,-4.583058261758));
#1311 = VECTOR('',#1312,1.);
#1312 = DIRECTION('',(-0.,0.382683432365,-0.923879532511));
#1313 = PCURVE('',#583,#1314);
#1314 = DEFINITIONAL_REPRESENTATION('',(#1315),#1318);
#1315 = B_SPLINE_CURVE_WITH_KNOTS('',1,(#1316,#1317),.UNSPECIFIED.,.F.,
  .F.,(2,2),(-0.198140834726,0.847109537174),.PIECEWISE_BEZIER_KNOTS.);
#1316 = CARTESIAN_POINT('',(1.5,-1.385819298767));
#1317 = CARTESIAN_POINT('',(1.5,-0.340568926867));
#1318 = ( GEOMETRIC_REPRESENTATION_CONTEXT(2) 
PARAMETRIC_REPRESENTATION_CONTEXT() REPRESENTATION_CONTEXT('2D SPACE',''
  ) );
#1319 = PCURVE('',#880,#1320);
#1320 = DEFINITIONAL_REPRESENTATION('',(#1321),#1324);
#1321 = B_SPLINE_CURVE_WITH_KNOTS('',1,(#1322,#1323),.UNSPECIFIED.,.F.,
  .F.,(2,2),(-0.198140834726,0.847109537174),.PIECEWISE_BEZIER_KNOTS.);
#1322 = CARTESIAN_POINT('',(1.,-5.));
#1323 = CARTESIAN_POINT('',(3.431457505176E-02,-5.4));
#1324 = ( GEOMETRIC_REPRESENTATION_CONTEXT(2) 
PARAMETRIC_REPRESENTATION_CONTEXT() REPRESENTATION_CONTEXT('2D SPACE',''
  ) );
#1325 = ORIENTED_EDGE('',*,*,#1326,.F.);
#1326 = EDGE_CURVE('',#1327,#1306,#1329,.T.);
#1327 = VERTEX_POINT('',#1328);
#1328 = CARTESIAN_POINT('',(11.4,-3.5,-5.365685424948));
#1329 = SURFACE_CURVE('',#1330,(#1334,#1340),.PCURVE_S1.);
#1330 = LINE('',#1331,#1332);
#1331 = CARTESIAN_POINT('',(-0.15,-3.5,-5.365685424948));
#1332 = VECTOR('',#1333,1.);
#1333 = DIRECTION('',(-1.,-0.,0.));
#1334 = PCURVE('',#583,#1335);
#1335 = DEFINITIONAL_REPRESENTATION('',(#1336),#1339);
#1336 = B_SPLINE_CURVE_WITH_KNOTS('',1,(#1337,#1338),.UNSPECIFIED.,.F.,
  .F.,(2,2),(-11.55,-0.75),.PIECEWISE_BEZIER_KNOTS.);
#1337 = CARTESIAN_POINT('',(12.3,-0.340568926867));
#1338 = CARTESIAN_POINT('',(1.5,-0.340568926867));
#1339 = ( GEOMETRIC_REPRESENTATION_CONTEXT(2) 
PARAMETRIC_REPRESENTATION_CONTEXT() REPRESENTATION_CONTEXT('2D SPACE',''
  ) );
#1340 = PCURVE('',#1341,#1346);
#1341 = PLANE('',#1342);
#1342 = AXIS2_PLACEMENT_3D('',#1343,#1344,#1345);
#1343 = CARTESIAN_POINT('',(0.6,-3.5,-5.4));
#1344 = DIRECTION('',(-0.,1.,0.));
#1345 = DIRECTION('',(0.,0.,1.));
#1346 = DEFINITIONAL_REPRESENTATION('',(#1347),#1350);
#1347 = B_SPLINE_CURVE_WITH_KNOTS('',1,(#1348,#1349),.UNSPECIFIED.,.F.,
  .F.,(2,2),(-11.55,-0.75),.PIECEWISE_BEZIER_KNOTS.);
#1348 = CARTESIAN_POINT('',(3.431457505176E-02,10.8));
#1349 = CARTESIAN_POINT('',(3.431457505176E-02,0.));
#1350 = ( GEOMETRIC_REPRESENTATION_CONTEXT(2) 
PARAMETRIC_REPRESENTATION_CONTEXT() REPRESENTATION_CONTEXT('2D SPACE',''
  ) );
#1351 = ORIENTED_EDGE('',*,*,#1352,.T.);
#1352 = EDGE_CURVE('',#1327,#1353,#1355,.T.);
#1353 = VERTEX_POINT('',#1354);
#1354 = CARTESIAN_POINT('',(11.4,-3.402943725152,-5.6));
#1355 = SURFACE_CURVE('',#1356,(#1360,#1366),.PCURVE_S1.);
#1356 = LINE('',#1357,#1358);
#1357 = CARTESIAN_POINT('',(11.4,-3.788819446216,-4.668413600818));
#1358 = VECTOR('',#1359,1.);
#1359 = DIRECTION('',(-0.,0.382683432365,-0.923879532511));
#1360 = PCURVE('',#583,#1361);
#1361 = DEFINITIONAL_REPRESENTATION('',(#1362),#1365);
#1362 = B_SPLINE_CURVE_WITH_KNOTS('',1,(#1363,#1364),.UNSPECIFIED.,.F.,
  .F.,(2,2),(-0.290528787977,1.008341852373),.PIECEWISE_BEZIER_KNOTS.);
#1363 = CARTESIAN_POINT('',(12.3,-1.385819298767));
#1364 = CARTESIAN_POINT('',(12.3,-8.694865841606E-02));
#1365 = ( GEOMETRIC_REPRESENTATION_CONTEXT(2) 
PARAMETRIC_REPRESENTATION_CONTEXT() REPRESENTATION_CONTEXT('2D SPACE',''
  ) );
#1366 = PCURVE('',#830,#1367);
#1367 = DEFINITIONAL_REPRESENTATION('',(#1368),#1371);
#1368 = B_SPLINE_CURVE_WITH_KNOTS('',1,(#1369,#1370),.UNSPECIFIED.,.F.,
  .F.,(2,2),(-0.290528787977,1.008341852373),.PIECEWISE_BEZIER_KNOTS.);
#1369 = CARTESIAN_POINT('',(1.2,-5.));
#1370 = CARTESIAN_POINT('',(2.22044604925E-16,-5.497056274848));
#1371 = ( GEOMETRIC_REPRESENTATION_CONTEXT(2) 
PARAMETRIC_REPRESENTATION_CONTEXT() REPRESENTATION_CONTEXT('2D SPACE',''
  ) );
#1372 = ORIENTED_EDGE('',*,*,#1373,.T.);
#1373 = EDGE_CURVE('',#1353,#1374,#1376,.T.);
#1374 = VERTEX_POINT('',#1375);
#1375 = CARTESIAN_POINT('',(25.6,-3.402943725152,-5.6));
#1376 = SURFACE_CURVE('',#1377,(#1381,#1387),.PCURVE_S1.);
#1377 = LINE('',#1378,#1379);
#1378 = CARTESIAN_POINT('',(5.25,-3.402943725152,-5.6));
#1379 = VECTOR('',#1380,1.);
#1380 = DIRECTION('',(1.,0.,0.));
#1381 = PCURVE('',#583,#1382);
#1382 = DEFINITIONAL_REPRESENTATION('',(#1383),#1386);
#1383 = B_SPLINE_CURVE_WITH_KNOTS('',1,(#1384,#1385),.UNSPECIFIED.,.F.,
  .F.,(2,2),(6.15,20.35),.PIECEWISE_BEZIER_KNOTS.);
#1384 = CARTESIAN_POINT('',(12.3,-8.694865841606E-02));
#1385 = CARTESIAN_POINT('',(26.5,-8.694865841606E-02));
#1386 = ( GEOMETRIC_REPRESENTATION_CONTEXT(2) 
PARAMETRIC_REPRESENTATION_CONTEXT() REPRESENTATION_CONTEXT('2D SPACE',''
  ) );
#1387 = PCURVE('',#1388,#1393);
#1388 = PLANE('',#1389);
#1389 = AXIS2_PLACEMENT_3D('',#1390,#1391,#1392);
#1390 = CARTESIAN_POINT('',(11.4,-8.9,-5.6));
#1391 = DIRECTION('',(0.,0.,1.));
#1392 = DIRECTION('',(1.,0.,-0.));
#1393 = DEFINITIONAL_REPRESENTATION('',(#1394),#1397);
#1394 = B_SPLINE_CURVE_WITH_KNOTS('',1,(#1395,#1396),.UNSPECIFIED.,.F.,
  .F.,(2,2),(6.15,20.35),.PIECEWISE_BEZIER_KNOTS.);
#1395 = CARTESIAN_POINT('',(0.,5.497056274848));
#1396 = CARTESIAN_POINT('',(14.2,5.497056274848));
#1397 = ( GEOMETRIC_REPRESENTATION_CONTEXT(2) 
PARAMETRIC_REPRESENTATION_CONTEXT() REPRESENTATION_CONTEXT('2D SPACE',''
  ) );
#1398 = ORIENTED_EDGE('',*,*,#1399,.F.);
#1399 = EDGE_CURVE('',#741,#1374,#1400,.T.);
#1400 = SURFACE_CURVE('',#1401,(#1405,#1411),.PCURVE_S1.);
#1401 = LINE('',#1402,#1403);
#1402 = CARTESIAN_POINT('',(25.6,-3.788819446216,-4.668413600818));
#1403 = VECTOR('',#1404,1.);
#1404 = DIRECTION('',(-0.,0.382683432365,-0.923879532511));
#1405 = PCURVE('',#583,#1406);
#1406 = DEFINITIONAL_REPRESENTATION('',(#1407),#1410);
#1407 = B_SPLINE_CURVE_WITH_KNOTS('',1,(#1408,#1409),.UNSPECIFIED.,.F.,
  .F.,(2,2),(-0.290528787977,1.008341852373),.PIECEWISE_BEZIER_KNOTS.);
#1408 = CARTESIAN_POINT('',(26.5,-1.385819298767));
#1409 = CARTESIAN_POINT('',(26.5,-8.694865841606E-02));
#1410 = ( GEOMETRIC_REPRESENTATION_CONTEXT(2) 
PARAMETRIC_REPRESENTATION_CONTEXT() REPRESENTATION_CONTEXT('2D SPACE',''
  ) );
#1411 = PCURVE('',#778,#1412);
#1412 = DEFINITIONAL_REPRESENTATION('',(#1413),#1416);
#1413 = B_SPLINE_CURVE_WITH_KNOTS('',1,(#1414,#1415),.UNSPECIFIED.,.F.,
  .F.,(2,2),(-0.290528787977,1.008341852373),.PIECEWISE_BEZIER_KNOTS.);
#1414 = CARTESIAN_POINT('',(1.2,-5.));
#1415 = CARTESIAN_POINT('',(2.22044604925E-16,-5.497056274848));
#1416 = ( GEOMETRIC_REPRESENTATION_CONTEXT(2) 
PARAMETRIC_REPRESENTATION_CONTEXT() REPRESENTATION_CONTEXT('2D SPACE',''
  ) );
#1417 = ORIENTED_EDGE('',*,*,#740,.T.);
#1418 = ORIENTED_EDGE('',*,*,#1419,.T.);
#1419 = EDGE_CURVE('',#713,#1420,#1422,.T.);
#1420 = VERTEX_POINT('',#1421);
#1421 = CARTESIAN_POINT('',(37.899999995838,-2.83933982822,
    -6.96066017178));
#1422 = SURFACE_CURVE('',#1423,(#1427,#1433),.PCURVE_S1.);
#1423 = LINE('',#1424,#1425);
#1424 = CARTESIAN_POINT('',(37.899999995838,-3.36966991411,
    -5.68033008589));
#1425 = VECTOR('',#1426,1.);
#1426 = DIRECTION('',(-0.,0.382683432365,-0.923879532511));
#1427 = PCURVE('',#583,#1428);
#1428 = DEFINITIONAL_REPRESENTATION('',(#1429),#1432);
#1429 = B_SPLINE_CURVE_WITH_KNOTS('',1,(#1430,#1431),.UNSPECIFIED.,.F.,
  .F.,(2,2),(-1.385819298767,1.385819298767),.PIECEWISE_BEZIER_KNOTS.);
#1430 = CARTESIAN_POINT('',(38.799999995838,-1.385819298767));
#1431 = CARTESIAN_POINT('',(38.799999995838,1.385819298767));
#1432 = ( GEOMETRIC_REPRESENTATION_CONTEXT(2) 
PARAMETRIC_REPRESENTATION_CONTEXT() REPRESENTATION_CONTEXT('2D SPACE',''
  ) );
#1433 = PCURVE('',#1434,#1449);
#1434 = B_SPLINE_SURFACE_WITH_KNOTS('',1,6,(
    (#1435,#1436,#1437,#1438,#1439,#1440,#1441)
    ,(#1442,#1443,#1444,#1445,#1446,#1447,#1448
  )),.UNSPECIFIED.,.F.,.F.,.F.,(2,2),(7,7),(0.,4.712388980385),(
    125.82477795244,130.53716693283),.PIECEWISE_BEZIER_KNOTS.);
#1435 = CARTESIAN_POINT('',(37.899999995838,-3.9,-4.4));
#1436 = CARTESIAN_POINT('',(38.685394563788,-3.9,-4.4));
#1437 = CARTESIAN_POINT('',(39.470735421422,-3.65331885412,-4.4));
#1438 = CARTESIAN_POINT('',(40.159565524381,-3.159565528542,-4.4));
#1439 = CARTESIAN_POINT('',(40.653318849958,-2.470735425584,-4.4));
#1440 = CARTESIAN_POINT('',(40.899999995838,-1.685394567949,-4.4));
#1441 = CARTESIAN_POINT('',(40.899999995838,-0.9,-4.4));
#1442 = CARTESIAN_POINT('',(37.899999995838,-2.83933982822,
    -6.96066017178));
#1443 = CARTESIAN_POINT('',(38.407715651336,-2.83933982822,
    -6.96066017178));
#1444 = CARTESIAN_POINT('',(38.915396585982,-2.679873637861,
    -6.96066017178));
#1445 = CARTESIAN_POINT('',(39.360688470497,-2.360688474658,
    -6.96066017178));
#1446 = CARTESIAN_POINT('',(39.679873633699,-1.915396590144,
    -6.96066017178));
#1447 = CARTESIAN_POINT('',(39.839339824058,-1.407715655497,
    -6.96066017178));
#1448 = CARTESIAN_POINT('',(39.839339824058,-0.9,-6.96066017178));
#1449 = DEFINITIONAL_REPRESENTATION('',(#1450),#1453);
#1450 = B_SPLINE_CURVE_WITH_KNOTS('',1,(#1451,#1452),.UNSPECIFIED.,.F.,
  .F.,(2,2),(-1.385819298767,1.385819298767),.PIECEWISE_BEZIER_KNOTS.);
#1451 = CARTESIAN_POINT('',(0.,125.82477795244));
#1452 = CARTESIAN_POINT('',(4.712388980385,125.82477795244));
#1453 = ( GEOMETRIC_REPRESENTATION_CONTEXT(2) 
PARAMETRIC_REPRESENTATION_CONTEXT() REPRESENTATION_CONTEXT('2D SPACE',''
  ) );
#1454 = ORIENTED_EDGE('',*,*,#1455,.F.);
#1455 = EDGE_CURVE('',#533,#1420,#1456,.T.);
#1456 = SURFACE_CURVE('',#1457,(#1461,#1468),.PCURVE_S1.);
#1457 = LINE('',#1458,#1459);
#1458 = CARTESIAN_POINT('',(-0.9,-2.83933982822,-6.96066017178));
#1459 = VECTOR('',#1460,1.);
#1460 = DIRECTION('',(1.,0.,0.));
#1461 = PCURVE('',#583,#1462);
#1462 = DEFINITIONAL_REPRESENTATION('',(#1463),#1467);
#1463 = LINE('',#1464,#1465);
#1464 = CARTESIAN_POINT('',(0.,1.385819298767));
#1465 = VECTOR('',#1466,1.);
#1466 = DIRECTION('',(1.,0.));
#1467 = ( GEOMETRIC_REPRESENTATION_CONTEXT(2) 
PARAMETRIC_REPRESENTATION_CONTEXT() REPRESENTATION_CONTEXT('2D SPACE',''
  ) );
#1468 = PCURVE('',#1288,#1469);
#1469 = DEFINITIONAL_REPRESENTATION('',(#1470),#1474);
#1470 = LINE('',#1471,#1472);
#1471 = CARTESIAN_POINT('',(0.,-0.43933982822));
#1472 = VECTOR('',#1473,1.);
#1473 = DIRECTION('',(1.,0.));
#1474 = ( GEOMETRIC_REPRESENTATION_CONTEXT(2) 
PARAMETRIC_REPRESENTATION_CONTEXT() REPRESENTATION_CONTEXT('2D SPACE',''
  ) );
#1475 = ADVANCED_FACE('',(#1476),#619,.T.);
#1476 = FACE_BOUND('',#1477,.F.);
#1477 = EDGE_LOOP('',(#1478,#1479,#1503,#1527));
#1478 = ORIENTED_EDGE('',*,*,#1151,.F.);
#1479 = ORIENTED_EDGE('',*,*,#1480,.T.);
#1480 = EDGE_CURVE('',#1124,#1481,#1483,.T.);
#1481 = VERTEX_POINT('',#1482);
#1482 = CARTESIAN_POINT('',(-0.9,-2.4,10.));
#1483 = SURFACE_CURVE('',#1484,(#1489,#1496),.PCURVE_S1.);
#1484 = CIRCLE('',#1485,1.5);
#1485 = AXIS2_PLACEMENT_3D('',#1486,#1487,#1488);
#1486 = CARTESIAN_POINT('',(-0.9,-0.9,10.));
#1487 = DIRECTION('',(0.,0.,1.));
#1488 = DIRECTION('',(-1.,-1.184237892934E-15,0.));
#1489 = PCURVE('',#619,#1490);
#1490 = DEFINITIONAL_REPRESENTATION('',(#1491),#1495);
#1491 = LINE('',#1492,#1493);
#1492 = CARTESIAN_POINT('',(-0.,-1.5));
#1493 = VECTOR('',#1494,1.);
#1494 = DIRECTION('',(-1.,0.));
#1495 = ( GEOMETRIC_REPRESENTATION_CONTEXT(2) 
PARAMETRIC_REPRESENTATION_CONTEXT() REPRESENTATION_CONTEXT('2D SPACE',''
  ) );
#1496 = PCURVE('',#1139,#1497);
#1497 = DEFINITIONAL_REPRESENTATION('',(#1498),#1502);
#1498 = CIRCLE('',#1499,1.5);
#1499 = AXIS2_PLACEMENT_2D('',#1500,#1501);
#1500 = CARTESIAN_POINT('',(-19.39999999942,-19.39999999938));
#1501 = DIRECTION('',(-1.,-1.184237892934E-15));
#1502 = ( GEOMETRIC_REPRESENTATION_CONTEXT(2) 
PARAMETRIC_REPRESENTATION_CONTEXT() REPRESENTATION_CONTEXT('2D SPACE',''
  ) );
#1503 = ORIENTED_EDGE('',*,*,#1504,.T.);
#1504 = EDGE_CURVE('',#1481,#600,#1505,.T.);
#1505 = SURFACE_CURVE('',#1506,(#1510,#1516),.PCURVE_S1.);
#1506 = LINE('',#1507,#1508);
#1507 = CARTESIAN_POINT('',(-0.9,-3.15,9.25));
#1508 = VECTOR('',#1509,1.);
#1509 = DIRECTION('',(0.,-0.707106781187,-0.707106781187));
#1510 = PCURVE('',#619,#1511);
#1511 = DEFINITIONAL_REPRESENTATION('',(#1512),#1515);
#1512 = B_SPLINE_CURVE_WITH_KNOTS('',1,(#1513,#1514),.UNSPECIFIED.,.F.,
  .F.,(2,2),(-1.06066017178,1.06066017178),.PIECEWISE_BEZIER_KNOTS.);
#1513 = CARTESIAN_POINT('',(-1.570796326795,-1.5));
#1514 = CARTESIAN_POINT('',(-1.570796326795,3.140184917368E-16));
#1515 = ( GEOMETRIC_REPRESENTATION_CONTEXT(2) 
PARAMETRIC_REPRESENTATION_CONTEXT() REPRESENTATION_CONTEXT('2D SPACE',''
  ) );
#1516 = PCURVE('',#1517,#1522);
#1517 = PLANE('',#1518);
#1518 = AXIS2_PLACEMENT_3D('',#1519,#1520,#1521);
#1519 = CARTESIAN_POINT('',(-0.9,-3.15,9.25));
#1520 = DIRECTION('',(0.,0.707106781187,-0.707106781187));
#1521 = DIRECTION('',(1.,0.,0.));
#1522 = DEFINITIONAL_REPRESENTATION('',(#1523),#1526);
#1523 = B_SPLINE_CURVE_WITH_KNOTS('',1,(#1524,#1525),.UNSPECIFIED.,.F.,
  .F.,(2,2),(-1.06066017178,1.06066017178),.PIECEWISE_BEZIER_KNOTS.);
#1524 = CARTESIAN_POINT('',(0.,-1.06066017178));
#1525 = CARTESIAN_POINT('',(0.,1.06066017178));
#1526 = ( GEOMETRIC_REPRESENTATION_CONTEXT(2) 
PARAMETRIC_REPRESENTATION_CONTEXT() REPRESENTATION_CONTEXT('2D SPACE',''
  ) );
#1527 = ORIENTED_EDGE('',*,*,#599,.F.);
#1528 = ADVANCED_FACE('',(#1529),#650,.T.);
#1529 = FACE_BOUND('',#1530,.T.);
#1530 = EDGE_LOOP('',(#1531,#1532,#1533,#1569));
#1531 = ORIENTED_EDGE('',*,*,#638,.F.);
#1532 = ORIENTED_EDGE('',*,*,#689,.T.);
#1533 = ORIENTED_EDGE('',*,*,#1534,.T.);
#1534 = EDGE_CURVE('',#690,#1535,#1537,.T.);
#1535 = VERTEX_POINT('',#1536);
#1536 = CARTESIAN_POINT('',(37.899999995838,-2.83933982822,9.56066017178
    ));
#1537 = SURFACE_CURVE('',#1538,(#1542,#1548),.PCURVE_S1.);
#1538 = LINE('',#1539,#1540);
#1539 = CARTESIAN_POINT('',(37.899999995838,-3.36966991411,8.28033008589
    ));
#1540 = VECTOR('',#1541,1.);
#1541 = DIRECTION('',(-0.,0.382683432365,0.923879532511));
#1542 = PCURVE('',#650,#1543);
#1543 = DEFINITIONAL_REPRESENTATION('',(#1544),#1547);
#1544 = B_SPLINE_CURVE_WITH_KNOTS('',1,(#1545,#1546),.UNSPECIFIED.,.F.,
  .F.,(2,2),(-1.385819298767,1.385819298767),.PIECEWISE_BEZIER_KNOTS.);
#1545 = CARTESIAN_POINT('',(38.799999995838,-1.385819298767));
#1546 = CARTESIAN_POINT('',(38.799999995838,1.385819298767));
#1547 = ( GEOMETRIC_REPRESENTATION_CONTEXT(2) 
PARAMETRIC_REPRESENTATION_CONTEXT() REPRESENTATION_CONTEXT('2D SPACE',''
  ) );
#1548 = PCURVE('',#1549,#1564);
#1549 = B_SPLINE_SURFACE_WITH_KNOTS('',1,6,(
    (#1550,#1551,#1552,#1553,#1554,#1555,#1556)
    ,(#1557,#1558,#1559,#1560,#1561,#1562,#1563
  )),.UNSPECIFIED.,.F.,.F.,.F.,(2,2),(7,7),(0.,4.712388980385),(
    125.82477795244,130.53716693283),.PIECEWISE_BEZIER_KNOTS.);
#1550 = CARTESIAN_POINT('',(37.899999995838,-3.9,7.));
#1551 = CARTESIAN_POINT('',(38.685394563788,-3.9,7.));
#1552 = CARTESIAN_POINT('',(39.470735421422,-3.65331885412,7.));
#1553 = CARTESIAN_POINT('',(40.159565524381,-3.159565528542,7.));
#1554 = CARTESIAN_POINT('',(40.653318849958,-2.470735425584,7.));
#1555 = CARTESIAN_POINT('',(40.899999995838,-1.685394567949,7.));
#1556 = CARTESIAN_POINT('',(40.899999995838,-0.9,7.));
#1557 = CARTESIAN_POINT('',(37.899999995838,-2.83933982822,9.56066017178
    ));
#1558 = CARTESIAN_POINT('',(38.407715651336,-2.83933982822,9.56066017178
    ));
#1559 = CARTESIAN_POINT('',(38.915396585982,-2.679873637861,
    9.56066017178));
#1560 = CARTESIAN_POINT('',(39.360688470497,-2.360688474658,
    9.56066017178));
#1561 = CARTESIAN_POINT('',(39.679873633699,-1.915396590144,
    9.56066017178));
#1562 = CARTESIAN_POINT('',(39.839339824058,-1.407715655497,
    9.56066017178));
#1563 = CARTESIAN_POINT('',(39.839339824058,-0.9,9.56066017178));
#1564 = DEFINITIONAL_REPRESENTATION('',(#1565),#1568);
#1565 = B_SPLINE_CURVE_WITH_KNOTS('',1,(#1566,#1567),.UNSPECIFIED.,.F.,
  .F.,(2,2),(-1.385819298767,1.385819298767),.PIECEWISE_BEZIER_KNOTS.);
#1566 = CARTESIAN_POINT('',(0.,125.82477795244));
#1567 = CARTESIAN_POINT('',(4.712388980385,125.82477795244));
#1568 = ( GEOMETRIC_REPRESENTATION_CONTEXT(2) 
PARAMETRIC_REPRESENTATION_CONTEXT() REPRESENTATION_CONTEXT('2D SPACE',''
  ) );
#1569 = ORIENTED_EDGE('',*,*,#1570,.F.);
#1570 = EDGE_CURVE('',#600,#1535,#1571,.T.);
#1571 = SURFACE_CURVE('',#1572,(#1576,#1583),.PCURVE_S1.);
#1572 = LINE('',#1573,#1574);
#1573 = CARTESIAN_POINT('',(-0.9,-2.83933982822,9.56066017178));
#1574 = VECTOR('',#1575,1.);
#1575 = DIRECTION('',(1.,0.,0.));
#1576 = PCURVE('',#650,#1577);
#1577 = DEFINITIONAL_REPRESENTATION('',(#1578),#1582);
#1578 = LINE('',#1579,#1580);
#1579 = CARTESIAN_POINT('',(0.,1.385819298767));
#1580 = VECTOR('',#1581,1.);
#1581 = DIRECTION('',(1.,0.));
#1582 = ( GEOMETRIC_REPRESENTATION_CONTEXT(2) 
PARAMETRIC_REPRESENTATION_CONTEXT() REPRESENTATION_CONTEXT('2D SPACE',''
  ) );
#1583 = PCURVE('',#1517,#1584);
#1584 = DEFINITIONAL_REPRESENTATION('',(#1585),#1589);
#1585 = LINE('',#1586,#1587);
#1586 = CARTESIAN_POINT('',(0.,-0.43933982822));
#1587 = VECTOR('',#1588,1.);
#1588 = DIRECTION('',(1.,0.));
#1589 = ( GEOMETRIC_REPRESENTATION_CONTEXT(2) 
PARAMETRIC_REPRESENTATION_CONTEXT() REPRESENTATION_CONTEXT('2D SPACE',''
  ) );
#1590 = ADVANCED_FACE('',(#1591),#880,.T.);
#1591 = FACE_BOUND('',#1592,.T.);
#1592 = EDGE_LOOP('',(#1593,#1616,#1617,#1618));
#1593 = ORIENTED_EDGE('',*,*,#1594,.F.);
#1594 = EDGE_CURVE('',#842,#1595,#1597,.T.);
#1595 = VERTEX_POINT('',#1596);
#1596 = CARTESIAN_POINT('',(0.6,-3.5,-0.6));
#1597 = SURFACE_CURVE('',#1598,(#1602,#1609),.PCURVE_S1.);
#1598 = LINE('',#1599,#1600);
#1599 = CARTESIAN_POINT('',(0.6,-8.9,-0.6));
#1600 = VECTOR('',#1601,1.);
#1601 = DIRECTION('',(-0.,1.,0.));
#1602 = PCURVE('',#880,#1603);
#1603 = DEFINITIONAL_REPRESENTATION('',(#1604),#1608);
#1604 = LINE('',#1605,#1606);
#1605 = CARTESIAN_POINT('',(4.8,0.));
#1606 = VECTOR('',#1607,1.);
#1607 = DIRECTION('',(0.,-1.));
#1608 = ( GEOMETRIC_REPRESENTATION_CONTEXT(2) 
PARAMETRIC_REPRESENTATION_CONTEXT() REPRESENTATION_CONTEXT('2D SPACE',''
  ) );
#1609 = PCURVE('',#856,#1610);
#1610 = DEFINITIONAL_REPRESENTATION('',(#1611),#1615);
#1611 = LINE('',#1612,#1613);
#1612 = CARTESIAN_POINT('',(0.,0.));
#1613 = VECTOR('',#1614,1.);
#1614 = DIRECTION('',(0.,1.));
#1615 = ( GEOMETRIC_REPRESENTATION_CONTEXT(2) 
PARAMETRIC_REPRESENTATION_CONTEXT() REPRESENTATION_CONTEXT('2D SPACE',''
  ) );
#1616 = ORIENTED_EDGE('',*,*,#867,.T.);
#1617 = ORIENTED_EDGE('',*,*,#1305,.T.);
#1618 = ORIENTED_EDGE('',*,*,#1619,.T.);
#1619 = EDGE_CURVE('',#1306,#1595,#1620,.T.);
#1620 = SURFACE_CURVE('',#1621,(#1625,#1632),.PCURVE_S1.);
#1621 = LINE('',#1622,#1623);
#1622 = CARTESIAN_POINT('',(0.6,-3.5,-5.4));
#1623 = VECTOR('',#1624,1.);
#1624 = DIRECTION('',(0.,0.,1.));
#1625 = PCURVE('',#880,#1626);
#1626 = DEFINITIONAL_REPRESENTATION('',(#1627),#1631);
#1627 = LINE('',#1628,#1629);
#1628 = CARTESIAN_POINT('',(0.,-5.4));
#1629 = VECTOR('',#1630,1.);
#1630 = DIRECTION('',(1.,0.));
#1631 = ( GEOMETRIC_REPRESENTATION_CONTEXT(2) 
PARAMETRIC_REPRESENTATION_CONTEXT() REPRESENTATION_CONTEXT('2D SPACE',''
  ) );
#1632 = PCURVE('',#1341,#1633);
#1633 = DEFINITIONAL_REPRESENTATION('',(#1634),#1638);
#1634 = LINE('',#1635,#1636);
#1635 = CARTESIAN_POINT('',(0.,0.));
#1636 = VECTOR('',#1637,1.);
#1637 = DIRECTION('',(1.,0.));
#1638 = ( GEOMETRIC_REPRESENTATION_CONTEXT(2) 
PARAMETRIC_REPRESENTATION_CONTEXT() REPRESENTATION_CONTEXT('2D SPACE',''
  ) );
#1639 = ADVANCED_FACE('',(#1640),#856,.F.);
#1640 = FACE_BOUND('',#1641,.F.);
#1641 = EDGE_LOOP('',(#1642,#1643,#1644,#1667));
#1642 = ORIENTED_EDGE('',*,*,#1594,.F.);
#1643 = ORIENTED_EDGE('',*,*,#841,.T.);
#1644 = ORIENTED_EDGE('',*,*,#1645,.T.);
#1645 = EDGE_CURVE('',#816,#1646,#1648,.T.);
#1646 = VERTEX_POINT('',#1647);
#1647 = CARTESIAN_POINT('',(11.4,-3.5,-0.6));
#1648 = SURFACE_CURVE('',#1649,(#1653,#1660),.PCURVE_S1.);
#1649 = LINE('',#1650,#1651);
#1650 = CARTESIAN_POINT('',(11.4,-8.9,-0.6));
#1651 = VECTOR('',#1652,1.);
#1652 = DIRECTION('',(-0.,1.,0.));
#1653 = PCURVE('',#856,#1654);
#1654 = DEFINITIONAL_REPRESENTATION('',(#1655),#1659);
#1655 = LINE('',#1656,#1657);
#1656 = CARTESIAN_POINT('',(10.8,0.));
#1657 = VECTOR('',#1658,1.);
#1658 = DIRECTION('',(0.,1.));
#1659 = ( GEOMETRIC_REPRESENTATION_CONTEXT(2) 
PARAMETRIC_REPRESENTATION_CONTEXT() REPRESENTATION_CONTEXT('2D SPACE',''
  ) );
#1660 = PCURVE('',#830,#1661);
#1661 = DEFINITIONAL_REPRESENTATION('',(#1662),#1666);
#1662 = LINE('',#1663,#1664);
#1663 = CARTESIAN_POINT('',(5.,0.));
#1664 = VECTOR('',#1665,1.);
#1665 = DIRECTION('',(0.,-1.));
#1666 = ( GEOMETRIC_REPRESENTATION_CONTEXT(2) 
PARAMETRIC_REPRESENTATION_CONTEXT() REPRESENTATION_CONTEXT('2D SPACE',''
  ) );
#1667 = ORIENTED_EDGE('',*,*,#1668,.F.);
#1668 = EDGE_CURVE('',#1595,#1646,#1669,.T.);
#1669 = SURFACE_CURVE('',#1670,(#1674,#1681),.PCURVE_S1.);
#1670 = LINE('',#1671,#1672);
#1671 = CARTESIAN_POINT('',(0.6,-3.5,-0.6));
#1672 = VECTOR('',#1673,1.);
#1673 = DIRECTION('',(1.,0.,-0.));
#1674 = PCURVE('',#856,#1675);
#1675 = DEFINITIONAL_REPRESENTATION('',(#1676),#1680);
#1676 = LINE('',#1677,#1678);
#1677 = CARTESIAN_POINT('',(0.,5.4));
#1678 = VECTOR('',#1679,1.);
#1679 = DIRECTION('',(1.,0.));
#1680 = ( GEOMETRIC_REPRESENTATION_CONTEXT(2) 
PARAMETRIC_REPRESENTATION_CONTEXT() REPRESENTATION_CONTEXT('2D SPACE',''
  ) );
#1681 = PCURVE('',#1341,#1682);
#1682 = DEFINITIONAL_REPRESENTATION('',(#1683),#1687);
#1683 = LINE('',#1684,#1685);
#1684 = CARTESIAN_POINT('',(4.8,0.));
#1685 = VECTOR('',#1686,1.);
#1686 = DIRECTION('',(0.,1.));
#1687 = ( GEOMETRIC_REPRESENTATION_CONTEXT(2) 
PARAMETRIC_REPRESENTATION_CONTEXT() REPRESENTATION_CONTEXT('2D SPACE',''
  ) );
#1688 = ADVANCED_FACE('',(#1689),#830,.T.);
#1689 = FACE_BOUND('',#1690,.T.);
#1690 = EDGE_LOOP('',(#1691,#1714,#1715,#1716,#1737,#1738,#1761));
#1691 = ORIENTED_EDGE('',*,*,#1692,.F.);
#1692 = EDGE_CURVE('',#790,#1693,#1695,.T.);
#1693 = VERTEX_POINT('',#1694);
#1694 = CARTESIAN_POINT('',(11.4,-3.3,3.1));
#1695 = SURFACE_CURVE('',#1696,(#1700,#1707),.PCURVE_S1.);
#1696 = LINE('',#1697,#1698);
#1697 = CARTESIAN_POINT('',(11.4,-8.9,3.1));
#1698 = VECTOR('',#1699,1.);
#1699 = DIRECTION('',(-0.,1.,0.));
#1700 = PCURVE('',#830,#1701);
#1701 = DEFINITIONAL_REPRESENTATION('',(#1702),#1706);
#1702 = LINE('',#1703,#1704);
#1703 = CARTESIAN_POINT('',(8.7,0.));
#1704 = VECTOR('',#1705,1.);
#1705 = DIRECTION('',(0.,-1.));
#1706 = ( GEOMETRIC_REPRESENTATION_CONTEXT(2) 
PARAMETRIC_REPRESENTATION_CONTEXT() REPRESENTATION_CONTEXT('2D SPACE',''
  ) );
#1707 = PCURVE('',#804,#1708);
#1708 = DEFINITIONAL_REPRESENTATION('',(#1709),#1713);
#1709 = LINE('',#1710,#1711);
#1710 = CARTESIAN_POINT('',(0.,0.));
#1711 = VECTOR('',#1712,1.);
#1712 = DIRECTION('',(0.,1.));
#1713 = ( GEOMETRIC_REPRESENTATION_CONTEXT(2) 
PARAMETRIC_REPRESENTATION_CONTEXT() REPRESENTATION_CONTEXT('2D SPACE',''
  ) );
#1714 = ORIENTED_EDGE('',*,*,#815,.T.);
#1715 = ORIENTED_EDGE('',*,*,#1645,.T.);
#1716 = ORIENTED_EDGE('',*,*,#1717,.F.);
#1717 = EDGE_CURVE('',#1327,#1646,#1718,.T.);
#1718 = SURFACE_CURVE('',#1719,(#1723,#1730),.PCURVE_S1.);
#1719 = LINE('',#1720,#1721);
#1720 = CARTESIAN_POINT('',(11.4,-3.5,-5.4));
#1721 = VECTOR('',#1722,1.);
#1722 = DIRECTION('',(0.,0.,1.));
#1723 = PCURVE('',#830,#1724);
#1724 = DEFINITIONAL_REPRESENTATION('',(#1725),#1729);
#1725 = LINE('',#1726,#1727);
#1726 = CARTESIAN_POINT('',(0.2,-5.4));
#1727 = VECTOR('',#1728,1.);
#1728 = DIRECTION('',(1.,0.));
#1729 = ( GEOMETRIC_REPRESENTATION_CONTEXT(2) 
PARAMETRIC_REPRESENTATION_CONTEXT() REPRESENTATION_CONTEXT('2D SPACE',''
  ) );
#1730 = PCURVE('',#1341,#1731);
#1731 = DEFINITIONAL_REPRESENTATION('',(#1732),#1736);
#1732 = LINE('',#1733,#1734);
#1733 = CARTESIAN_POINT('',(0.,10.8));
#1734 = VECTOR('',#1735,1.);
#1735 = DIRECTION('',(1.,0.));
#1736 = ( GEOMETRIC_REPRESENTATION_CONTEXT(2) 
PARAMETRIC_REPRESENTATION_CONTEXT() REPRESENTATION_CONTEXT('2D SPACE',''
  ) );
#1737 = ORIENTED_EDGE('',*,*,#1352,.T.);
#1738 = ORIENTED_EDGE('',*,*,#1739,.T.);
#1739 = EDGE_CURVE('',#1353,#1740,#1742,.T.);
#1740 = VERTEX_POINT('',#1741);
#1741 = CARTESIAN_POINT('',(11.4,-3.3,-5.6));
#1742 = SURFACE_CURVE('',#1743,(#1747,#1754),.PCURVE_S1.);
#1743 = LINE('',#1744,#1745);
#1744 = CARTESIAN_POINT('',(11.4,-8.9,-5.6));
#1745 = VECTOR('',#1746,1.);
#1746 = DIRECTION('',(-0.,1.,0.));
#1747 = PCURVE('',#830,#1748);
#1748 = DEFINITIONAL_REPRESENTATION('',(#1749),#1753);
#1749 = LINE('',#1750,#1751);
#1750 = CARTESIAN_POINT('',(0.,0.));
#1751 = VECTOR('',#1752,1.);
#1752 = DIRECTION('',(0.,-1.));
#1753 = ( GEOMETRIC_REPRESENTATION_CONTEXT(2) 
PARAMETRIC_REPRESENTATION_CONTEXT() REPRESENTATION_CONTEXT('2D SPACE',''
  ) );
#1754 = PCURVE('',#1388,#1755);
#1755 = DEFINITIONAL_REPRESENTATION('',(#1756),#1760);
#1756 = LINE('',#1757,#1758);
#1757 = CARTESIAN_POINT('',(0.,0.));
#1758 = VECTOR('',#1759,1.);
#1759 = DIRECTION('',(0.,1.));
#1760 = ( GEOMETRIC_REPRESENTATION_CONTEXT(2) 
PARAMETRIC_REPRESENTATION_CONTEXT() REPRESENTATION_CONTEXT('2D SPACE',''
  ) );
#1761 = ORIENTED_EDGE('',*,*,#1762,.T.);
#1762 = EDGE_CURVE('',#1740,#1693,#1763,.T.);
#1763 = SURFACE_CURVE('',#1764,(#1768,#1775),.PCURVE_S1.);
#1764 = LINE('',#1765,#1766);
#1765 = CARTESIAN_POINT('',(11.4,-3.3,-5.6));
#1766 = VECTOR('',#1767,1.);
#1767 = DIRECTION('',(0.,0.,1.));
#1768 = PCURVE('',#830,#1769);
#1769 = DEFINITIONAL_REPRESENTATION('',(#1770),#1774);
#1770 = LINE('',#1771,#1772);
#1771 = CARTESIAN_POINT('',(0.,-5.6));
#1772 = VECTOR('',#1773,1.);
#1773 = DIRECTION('',(1.,0.));
#1774 = ( GEOMETRIC_REPRESENTATION_CONTEXT(2) 
PARAMETRIC_REPRESENTATION_CONTEXT() REPRESENTATION_CONTEXT('2D SPACE',''
  ) );
#1775 = PCURVE('',#1776,#1781);
#1776 = PLANE('',#1777);
#1777 = AXIS2_PLACEMENT_3D('',#1778,#1779,#1780);
#1778 = CARTESIAN_POINT('',(11.4,-3.3,-5.6));
#1779 = DIRECTION('',(-0.,1.,0.));
#1780 = DIRECTION('',(0.,0.,1.));
#1781 = DEFINITIONAL_REPRESENTATION('',(#1782),#1786);
#1782 = LINE('',#1783,#1784);
#1783 = CARTESIAN_POINT('',(0.,0.));
#1784 = VECTOR('',#1785,1.);
#1785 = DIRECTION('',(1.,0.));
#1786 = ( GEOMETRIC_REPRESENTATION_CONTEXT(2) 
PARAMETRIC_REPRESENTATION_CONTEXT() REPRESENTATION_CONTEXT('2D SPACE',''
  ) );
#1787 = ADVANCED_FACE('',(#1788),#804,.F.);
#1788 = FACE_BOUND('',#1789,.F.);
#1789 = EDGE_LOOP('',(#1790,#1791,#1792,#1815));
#1790 = ORIENTED_EDGE('',*,*,#1692,.F.);
#1791 = ORIENTED_EDGE('',*,*,#789,.T.);
#1792 = ORIENTED_EDGE('',*,*,#1793,.T.);
#1793 = EDGE_CURVE('',#764,#1794,#1796,.T.);
#1794 = VERTEX_POINT('',#1795);
#1795 = CARTESIAN_POINT('',(25.6,-3.3,3.1));
#1796 = SURFACE_CURVE('',#1797,(#1801,#1808),.PCURVE_S1.);
#1797 = LINE('',#1798,#1799);
#1798 = CARTESIAN_POINT('',(25.6,-8.9,3.1));
#1799 = VECTOR('',#1800,1.);
#1800 = DIRECTION('',(-0.,1.,0.));
#1801 = PCURVE('',#804,#1802);
#1802 = DEFINITIONAL_REPRESENTATION('',(#1803),#1807);
#1803 = LINE('',#1804,#1805);
#1804 = CARTESIAN_POINT('',(14.2,0.));
#1805 = VECTOR('',#1806,1.);
#1806 = DIRECTION('',(0.,1.));
#1807 = ( GEOMETRIC_REPRESENTATION_CONTEXT(2) 
PARAMETRIC_REPRESENTATION_CONTEXT() REPRESENTATION_CONTEXT('2D SPACE',''
  ) );
#1808 = PCURVE('',#778,#1809);
#1809 = DEFINITIONAL_REPRESENTATION('',(#1810),#1814);
#1810 = LINE('',#1811,#1812);
#1811 = CARTESIAN_POINT('',(8.7,0.));
#1812 = VECTOR('',#1813,1.);
#1813 = DIRECTION('',(0.,-1.));
#1814 = ( GEOMETRIC_REPRESENTATION_CONTEXT(2) 
PARAMETRIC_REPRESENTATION_CONTEXT() REPRESENTATION_CONTEXT('2D SPACE',''
  ) );
#1815 = ORIENTED_EDGE('',*,*,#1816,.F.);
#1816 = EDGE_CURVE('',#1693,#1794,#1817,.T.);
#1817 = SURFACE_CURVE('',#1818,(#1822,#1829),.PCURVE_S1.);
#1818 = LINE('',#1819,#1820);
#1819 = CARTESIAN_POINT('',(11.4,-3.3,3.1));
#1820 = VECTOR('',#1821,1.);
#1821 = DIRECTION('',(1.,0.,-0.));
#1822 = PCURVE('',#804,#1823);
#1823 = DEFINITIONAL_REPRESENTATION('',(#1824),#1828);
#1824 = LINE('',#1825,#1826);
#1825 = CARTESIAN_POINT('',(0.,5.6));
#1826 = VECTOR('',#1827,1.);
#1827 = DIRECTION('',(1.,0.));
#1828 = ( GEOMETRIC_REPRESENTATION_CONTEXT(2) 
PARAMETRIC_REPRESENTATION_CONTEXT() REPRESENTATION_CONTEXT('2D SPACE',''
  ) );
#1829 = PCURVE('',#1776,#1830);
#1830 = DEFINITIONAL_REPRESENTATION('',(#1831),#1835);
#1831 = LINE('',#1832,#1833);
#1832 = CARTESIAN_POINT('',(8.7,0.));
#1833 = VECTOR('',#1834,1.);
#1834 = DIRECTION('',(0.,1.));
#1835 = ( GEOMETRIC_REPRESENTATION_CONTEXT(2) 
PARAMETRIC_REPRESENTATION_CONTEXT() REPRESENTATION_CONTEXT('2D SPACE',''
  ) );
#1836 = ADVANCED_FACE('',(#1837),#778,.F.);
#1837 = FACE_BOUND('',#1838,.F.);
#1838 = EDGE_LOOP('',(#1839,#1840,#1841,#1842,#1865));
#1839 = ORIENTED_EDGE('',*,*,#1793,.F.);
#1840 = ORIENTED_EDGE('',*,*,#763,.T.);
#1841 = ORIENTED_EDGE('',*,*,#1399,.T.);
#1842 = ORIENTED_EDGE('',*,*,#1843,.T.);
#1843 = EDGE_CURVE('',#1374,#1844,#1846,.T.);
#1844 = VERTEX_POINT('',#1845);
#1845 = CARTESIAN_POINT('',(25.6,-3.3,-5.6));
#1846 = SURFACE_CURVE('',#1847,(#1851,#1858),.PCURVE_S1.);
#1847 = LINE('',#1848,#1849);
#1848 = CARTESIAN_POINT('',(25.6,-8.9,-5.6));
#1849 = VECTOR('',#1850,1.);
#1850 = DIRECTION('',(-0.,1.,0.));
#1851 = PCURVE('',#778,#1852);
#1852 = DEFINITIONAL_REPRESENTATION('',(#1853),#1857);
#1853 = LINE('',#1854,#1855);
#1854 = CARTESIAN_POINT('',(0.,0.));
#1855 = VECTOR('',#1856,1.);
#1856 = DIRECTION('',(0.,-1.));
#1857 = ( GEOMETRIC_REPRESENTATION_CONTEXT(2) 
PARAMETRIC_REPRESENTATION_CONTEXT() REPRESENTATION_CONTEXT('2D SPACE',''
  ) );
#1858 = PCURVE('',#1388,#1859);
#1859 = DEFINITIONAL_REPRESENTATION('',(#1860),#1864);
#1860 = LINE('',#1861,#1862);
#1861 = CARTESIAN_POINT('',(14.2,0.));
#1862 = VECTOR('',#1863,1.);
#1863 = DIRECTION('',(0.,1.));
#1864 = ( GEOMETRIC_REPRESENTATION_CONTEXT(2) 
PARAMETRIC_REPRESENTATION_CONTEXT() REPRESENTATION_CONTEXT('2D SPACE',''
  ) );
#1865 = ORIENTED_EDGE('',*,*,#1866,.T.);
#1866 = EDGE_CURVE('',#1844,#1794,#1867,.T.);
#1867 = SURFACE_CURVE('',#1868,(#1872,#1879),.PCURVE_S1.);
#1868 = LINE('',#1869,#1870);
#1869 = CARTESIAN_POINT('',(25.6,-3.3,-5.6));
#1870 = VECTOR('',#1871,1.);
#1871 = DIRECTION('',(0.,0.,1.));
#1872 = PCURVE('',#778,#1873);
#1873 = DEFINITIONAL_REPRESENTATION('',(#1874),#1878);
#1874 = LINE('',#1875,#1876);
#1875 = CARTESIAN_POINT('',(0.,-5.6));
#1876 = VECTOR('',#1877,1.);
#1877 = DIRECTION('',(1.,0.));
#1878 = ( GEOMETRIC_REPRESENTATION_CONTEXT(2) 
PARAMETRIC_REPRESENTATION_CONTEXT() REPRESENTATION_CONTEXT('2D SPACE',''
  ) );
#1879 = PCURVE('',#1776,#1880);
#1880 = DEFINITIONAL_REPRESENTATION('',(#1881),#1885);
#1881 = LINE('',#1882,#1883);
#1882 = CARTESIAN_POINT('',(0.,14.2));
#1883 = VECTOR('',#1884,1.);
#1884 = DIRECTION('',(1.,0.));
#1885 = ( GEOMETRIC_REPRESENTATION_CONTEXT(2) 
PARAMETRIC_REPRESENTATION_CONTEXT() REPRESENTATION_CONTEXT('2D SPACE',''
  ) );
#1886 = ADVANCED_FACE('',(#1887),#728,.T.);
#1887 = FACE_BOUND('',#1888,.F.);
#1888 = EDGE_LOOP('',(#1889,#1890,#1922,#1950));
#1889 = ORIENTED_EDGE('',*,*,#712,.T.);
#1890 = ORIENTED_EDGE('',*,*,#1891,.T.);
#1891 = EDGE_CURVE('',#690,#1892,#1894,.T.);
#1892 = VERTEX_POINT('',#1893);
#1893 = CARTESIAN_POINT('',(40.899999995838,-0.9,7.));
#1894 = SURFACE_CURVE('',#1895,(#1903,#1915),.PCURVE_S1.);
#1895 = B_SPLINE_CURVE_WITH_KNOTS('',6,(#1896,#1897,#1898,#1899,#1900,
    #1901,#1902),.UNSPECIFIED.,.F.,.F.,(7,7),(125.82477795244,
    130.53716693283),.PIECEWISE_BEZIER_KNOTS.);
#1896 = CARTESIAN_POINT('',(37.899999995838,-3.9,7.));
#1897 = CARTESIAN_POINT('',(38.685394563788,-3.9,7.));
#1898 = CARTESIAN_POINT('',(39.470735421422,-3.65331885412,7.));
#1899 = CARTESIAN_POINT('',(40.159565524381,-3.159565528542,7.));
#1900 = CARTESIAN_POINT('',(40.653318849958,-2.470735425584,7.));
#1901 = CARTESIAN_POINT('',(40.899999995838,-1.685394567949,7.));
#1902 = CARTESIAN_POINT('',(40.899999995838,-0.9,7.));
#1903 = PCURVE('',#728,#1904);
#1904 = DEFINITIONAL_REPRESENTATION('',(#1905),#1914);
#1905 = B_SPLINE_CURVE_WITH_KNOTS('',7,(#1906,#1907,#1908,#1909,#1910,
    #1911,#1912,#1913),.UNSPECIFIED.,.F.,.F.,(8,8),(125.82477795244,
    130.53716693283),.PIECEWISE_BEZIER_KNOTS.);
#1906 = CARTESIAN_POINT('',(-4.712388980385,-14.4));
#1907 = CARTESIAN_POINT('',(-4.93678742837,-14.4));
#1908 = CARTESIAN_POINT('',(-5.161170225568,-14.4));
#1909 = CARTESIAN_POINT('',(-5.385634897722,-14.4));
#1910 = CARTESIAN_POINT('',(-5.609939389842,-14.4));
#1911 = CARTESIAN_POINT('',(-5.834404061997,-14.4));
#1912 = CARTESIAN_POINT('',(-6.058786859194,-14.4));
#1913 = CARTESIAN_POINT('',(-6.28318530718,-14.4));
#1914 = ( GEOMETRIC_REPRESENTATION_CONTEXT(2) 
PARAMETRIC_REPRESENTATION_CONTEXT() REPRESENTATION_CONTEXT('2D SPACE',''
  ) );
#1915 = PCURVE('',#1549,#1916);
#1916 = DEFINITIONAL_REPRESENTATION('',(#1917),#1921);
#1917 = LINE('',#1918,#1919);
#1918 = CARTESIAN_POINT('',(0.,0.));
#1919 = VECTOR('',#1920,1.);
#1920 = DIRECTION('',(0.,1.));
#1921 = ( GEOMETRIC_REPRESENTATION_CONTEXT(2) 
PARAMETRIC_REPRESENTATION_CONTEXT() REPRESENTATION_CONTEXT('2D SPACE',''
  ) );
#1922 = ORIENTED_EDGE('',*,*,#1923,.F.);
#1923 = EDGE_CURVE('',#1924,#1892,#1926,.T.);
#1924 = VERTEX_POINT('',#1925);
#1925 = CARTESIAN_POINT('',(40.899999995838,-0.9,-4.4));
#1926 = SURFACE_CURVE('',#1927,(#1931,#1938),.PCURVE_S1.);
#1927 = LINE('',#1928,#1929);
#1928 = CARTESIAN_POINT('',(40.899999997919,-0.9,-7.4));
#1929 = VECTOR('',#1930,1.);
#1930 = DIRECTION('',(0.,0.,1.));
#1931 = PCURVE('',#728,#1932);
#1932 = DEFINITIONAL_REPRESENTATION('',(#1933),#1937);
#1933 = LINE('',#1934,#1935);
#1934 = CARTESIAN_POINT('',(-6.28318530718,0.));
#1935 = VECTOR('',#1936,1.);
#1936 = DIRECTION('',(-0.,-1.));
#1937 = ( GEOMETRIC_REPRESENTATION_CONTEXT(2) 
PARAMETRIC_REPRESENTATION_CONTEXT() REPRESENTATION_CONTEXT('2D SPACE',''
  ) );
#1938 = PCURVE('',#1939,#1944);
#1939 = PLANE('',#1940);
#1940 = AXIS2_PLACEMENT_3D('',#1941,#1942,#1943);
#1941 = CARTESIAN_POINT('',(40.9,-0.9,-7.4));
#1942 = DIRECTION('',(-1.,0.,0.));
#1943 = DIRECTION('',(0.,1.,0.));
#1944 = DEFINITIONAL_REPRESENTATION('',(#1945),#1949);
#1945 = LINE('',#1946,#1947);
#1946 = CARTESIAN_POINT('',(0.,0.));
#1947 = VECTOR('',#1948,1.);
#1948 = DIRECTION('',(0.,-1.));
#1949 = ( GEOMETRIC_REPRESENTATION_CONTEXT(2) 
PARAMETRIC_REPRESENTATION_CONTEXT() REPRESENTATION_CONTEXT('2D SPACE',''
  ) );
#1950 = ORIENTED_EDGE('',*,*,#1951,.F.);
#1951 = EDGE_CURVE('',#713,#1924,#1952,.T.);
#1952 = SURFACE_CURVE('',#1953,(#1961,#1973),.PCURVE_S1.);
#1953 = B_SPLINE_CURVE_WITH_KNOTS('',6,(#1954,#1955,#1956,#1957,#1958,
    #1959,#1960),.UNSPECIFIED.,.F.,.F.,(7,7),(125.82477795244,
    130.53716693283),.PIECEWISE_BEZIER_KNOTS.);
#1954 = CARTESIAN_POINT('',(37.899999995838,-3.9,-4.4));
#1955 = CARTESIAN_POINT('',(38.685394563788,-3.9,-4.4));
#1956 = CARTESIAN_POINT('',(39.470735421422,-3.65331885412,-4.4));
#1957 = CARTESIAN_POINT('',(40.159565524381,-3.159565528542,-4.4));
#1958 = CARTESIAN_POINT('',(40.653318849958,-2.470735425584,-4.4));
#1959 = CARTESIAN_POINT('',(40.899999995838,-1.685394567949,-4.4));
#1960 = CARTESIAN_POINT('',(40.899999995838,-0.9,-4.4));
#1961 = PCURVE('',#728,#1962);
#1962 = DEFINITIONAL_REPRESENTATION('',(#1963),#1972);
#1963 = B_SPLINE_CURVE_WITH_KNOTS('',7,(#1964,#1965,#1966,#1967,#1968,
    #1969,#1970,#1971),.UNSPECIFIED.,.F.,.F.,(8,8),(125.82477795244,
    130.53716693283),.PIECEWISE_BEZIER_KNOTS.);
#1964 = CARTESIAN_POINT('',(-4.712388980385,-3.));
#1965 = CARTESIAN_POINT('',(-4.93678742837,-3.));
#1966 = CARTESIAN_POINT('',(-5.161170225568,-3.));
#1967 = CARTESIAN_POINT('',(-5.385634897722,-3.));
#1968 = CARTESIAN_POINT('',(-5.609939389842,-3.));
#1969 = CARTESIAN_POINT('',(-5.834404061997,-3.));
#1970 = CARTESIAN_POINT('',(-6.058786859194,-3.));
#1971 = CARTESIAN_POINT('',(-6.28318530718,-3.));
#1972 = ( GEOMETRIC_REPRESENTATION_CONTEXT(2) 
PARAMETRIC_REPRESENTATION_CONTEXT() REPRESENTATION_CONTEXT('2D SPACE',''
  ) );
#1973 = PCURVE('',#1434,#1974);
#1974 = DEFINITIONAL_REPRESENTATION('',(#1975),#1979);
#1975 = LINE('',#1976,#1977);
#1976 = CARTESIAN_POINT('',(0.,0.));
#1977 = VECTOR('',#1978,1.);
#1978 = DIRECTION('',(0.,1.));
#1979 = ( GEOMETRIC_REPRESENTATION_CONTEXT(2) 
PARAMETRIC_REPRESENTATION_CONTEXT() REPRESENTATION_CONTEXT('2D SPACE',''
  ) );
#1980 = ADVANCED_FACE('',(#1981),#909,.T.);
#1981 = FACE_BOUND('',#1982,.F.);
#1982 = EDGE_LOOP('',(#1983,#2019,#2020,#2021));
#1983 = ORIENTED_EDGE('',*,*,#1984,.F.);
#1984 = EDGE_CURVE('',#1199,#1985,#1987,.T.);
#1985 = VERTEX_POINT('',#1986);
#1986 = CARTESIAN_POINT('',(37.9,39.839339828221,-6.96066017178));
#1987 = SURFACE_CURVE('',#1988,(#1992,#1998),.PCURVE_S1.);
#1988 = LINE('',#1989,#1990);
#1989 = CARTESIAN_POINT('',(37.9,40.369669914111,-5.68033008589));
#1990 = VECTOR('',#1991,1.);
#1991 = DIRECTION('',(-0.,-0.382683432365,-0.923879532511));
#1992 = PCURVE('',#909,#1993);
#1993 = DEFINITIONAL_REPRESENTATION('',(#1994),#1997);
#1994 = B_SPLINE_CURVE_WITH_KNOTS('',1,(#1995,#1996),.UNSPECIFIED.,.F.,
  .F.,(2,2),(-1.385819298767,1.385819298767),.PIECEWISE_BEZIER_KNOTS.);
#1995 = CARTESIAN_POINT('',(0.,-1.385819298767));
#1996 = CARTESIAN_POINT('',(0.,1.385819298767));
#1997 = ( GEOMETRIC_REPRESENTATION_CONTEXT(2) 
PARAMETRIC_REPRESENTATION_CONTEXT() REPRESENTATION_CONTEXT('2D SPACE',''
  ) );
#1998 = PCURVE('',#1999,#2014);
#1999 = B_SPLINE_SURFACE_WITH_KNOTS('',1,6,(
    (#2000,#2001,#2002,#2003,#2004,#2005,#2006)
    ,(#2007,#2008,#2009,#2010,#2011,#2012,#2013
  )),.UNSPECIFIED.,.F.,.F.,.F.,(2,2),(7,7),(0.,4.712388980385),(
    169.33716692866,174.04955590905),.PIECEWISE_BEZIER_KNOTS.);
#2000 = CARTESIAN_POINT('',(40.9,37.899999995838,-4.4));
#2001 = CARTESIAN_POINT('',(40.9,38.685394563788,-4.4));
#2002 = CARTESIAN_POINT('',(40.65331885412,39.470735421423,-4.4));
#2003 = CARTESIAN_POINT('',(40.159565528543,40.159565524381,-4.4));
#2004 = CARTESIAN_POINT('',(39.470735425584,40.653318849958,-4.4));
#2005 = CARTESIAN_POINT('',(38.68539456795,40.899999995839,-4.4));
#2006 = CARTESIAN_POINT('',(37.9,40.899999995838,-4.4));
#2007 = CARTESIAN_POINT('',(39.83933982822,37.899999995838,
    -6.96066017178));
#2008 = CARTESIAN_POINT('',(39.83933982822,38.407715651336,
    -6.96066017178));
#2009 = CARTESIAN_POINT('',(39.679873637861,38.915396585982,
    -6.96066017178));
#2010 = CARTESIAN_POINT('',(39.360688474659,39.360688470497,
    -6.96066017178));
#2011 = CARTESIAN_POINT('',(38.915396590144,39.6798736337,-6.96066017178
    ));
#2012 = CARTESIAN_POINT('',(38.407715655498,39.839339824059,
    -6.96066017178));
#2013 = CARTESIAN_POINT('',(37.9,39.839339824059,-6.96066017178));
#2014 = DEFINITIONAL_REPRESENTATION('',(#2015),#2018);
#2015 = B_SPLINE_CURVE_WITH_KNOTS('',1,(#2016,#2017),.UNSPECIFIED.,.F.,
  .F.,(2,2),(-1.385819298767,1.385819298767),.PIECEWISE_BEZIER_KNOTS.);
#2016 = CARTESIAN_POINT('',(0.,174.04955590905));
#2017 = CARTESIAN_POINT('',(4.712388980385,174.04955590905));
#2018 = ( GEOMETRIC_REPRESENTATION_CONTEXT(2) 
PARAMETRIC_REPRESENTATION_CONTEXT() REPRESENTATION_CONTEXT('2D SPACE',''
  ) );
#2019 = ORIENTED_EDGE('',*,*,#1226,.T.);
#2020 = ORIENTED_EDGE('',*,*,#894,.T.);
#2021 = ORIENTED_EDGE('',*,*,#2022,.F.);
#2022 = EDGE_CURVE('',#1985,#895,#2023,.T.);
#2023 = SURFACE_CURVE('',#2024,(#2028,#2035),.PCURVE_S1.);
#2024 = LINE('',#2025,#2026);
#2025 = CARTESIAN_POINT('',(37.9,39.839339828221,-6.96066017178));
#2026 = VECTOR('',#2027,1.);
#2027 = DIRECTION('',(-1.,-0.,-0.));
#2028 = PCURVE('',#909,#2029);
#2029 = DEFINITIONAL_REPRESENTATION('',(#2030),#2034);
#2030 = LINE('',#2031,#2032);
#2031 = CARTESIAN_POINT('',(-0.,1.385819298767));
#2032 = VECTOR('',#2033,1.);
#2033 = DIRECTION('',(-1.,0.));
#2034 = ( GEOMETRIC_REPRESENTATION_CONTEXT(2) 
PARAMETRIC_REPRESENTATION_CONTEXT() REPRESENTATION_CONTEXT('2D SPACE',''
  ) );
#2035 = PCURVE('',#2036,#2041);
#2036 = PLANE('',#2037);
#2037 = AXIS2_PLACEMENT_3D('',#2038,#2039,#2040);
#2038 = CARTESIAN_POINT('',(37.9,40.15,-6.65));
#2039 = DIRECTION('',(0.,-0.707106781187,0.707106781187));
#2040 = DIRECTION('',(1.,0.,-0.));
#2041 = DEFINITIONAL_REPRESENTATION('',(#2042),#2046);
#2042 = LINE('',#2043,#2044);
#2043 = CARTESIAN_POINT('',(-0.,-0.43933982822));
#2044 = VECTOR('',#2045,1.);
#2045 = DIRECTION('',(-1.,0.));
#2046 = ( GEOMETRIC_REPRESENTATION_CONTEXT(2) 
PARAMETRIC_REPRESENTATION_CONTEXT() REPRESENTATION_CONTEXT('2D SPACE',''
  ) );
#2047 = ADVANCED_FACE('',(#2048),#938,.T.);
#2048 = FACE_BOUND('',#2049,.T.);
#2049 = EDGE_LOOP('',(#2050,#2071,#2093,#2094));
#2050 = ORIENTED_EDGE('',*,*,#2051,.F.);
#2051 = EDGE_CURVE('',#2052,#895,#2054,.T.);
#2052 = VERTEX_POINT('',#2053);
#2053 = CARTESIAN_POINT('',(-0.9,39.4,-7.4));
#2054 = SURFACE_CURVE('',#2055,(#2059,#2065),.PCURVE_S1.);
#2055 = LINE('',#2056,#2057);
#2056 = CARTESIAN_POINT('',(-0.9,40.15,-6.65));
#2057 = VECTOR('',#2058,1.);
#2058 = DIRECTION('',(-0.,0.707106781187,0.707106781187));
#2059 = PCURVE('',#938,#2060);
#2060 = DEFINITIONAL_REPRESENTATION('',(#2061),#2064);
#2061 = B_SPLINE_CURVE_WITH_KNOTS('',1,(#2062,#2063),.UNSPECIFIED.,.F.,
  .F.,(2,2),(-1.06066017178,1.06066017178),.PIECEWISE_BEZIER_KNOTS.);
#2062 = CARTESIAN_POINT('',(0.,-1.5));
#2063 = CARTESIAN_POINT('',(0.,-3.140184917368E-16));
#2064 = ( GEOMETRIC_REPRESENTATION_CONTEXT(2) 
PARAMETRIC_REPRESENTATION_CONTEXT() REPRESENTATION_CONTEXT('2D SPACE',''
  ) );
#2065 = PCURVE('',#2036,#2066);
#2066 = DEFINITIONAL_REPRESENTATION('',(#2067),#2070);
#2067 = B_SPLINE_CURVE_WITH_KNOTS('',1,(#2068,#2069),.UNSPECIFIED.,.F.,
  .F.,(2,2),(-1.06066017178,1.06066017178),.PIECEWISE_BEZIER_KNOTS.);
#2068 = CARTESIAN_POINT('',(-38.8,-1.06066017178));
#2069 = CARTESIAN_POINT('',(-38.8,1.06066017178));
#2070 = ( GEOMETRIC_REPRESENTATION_CONTEXT(2) 
PARAMETRIC_REPRESENTATION_CONTEXT() REPRESENTATION_CONTEXT('2D SPACE',''
  ) );
#2071 = ORIENTED_EDGE('',*,*,#2072,.T.);
#2072 = EDGE_CURVE('',#2052,#963,#2073,.T.);
#2073 = SURFACE_CURVE('',#2074,(#2079,#2086),.PCURVE_S1.);
#2074 = CIRCLE('',#2075,1.5);
#2075 = AXIS2_PLACEMENT_3D('',#2076,#2077,#2078);
#2076 = CARTESIAN_POINT('',(-0.9,37.899999995838,-7.4));
#2077 = DIRECTION('',(0.,-0.,1.));
#2078 = DIRECTION('',(0.,1.,0.));
#2079 = PCURVE('',#938,#2080);
#2080 = DEFINITIONAL_REPRESENTATION('',(#2081),#2085);
#2081 = LINE('',#2082,#2083);
#2082 = CARTESIAN_POINT('',(0.,-1.5));
#2083 = VECTOR('',#2084,1.);
#2084 = DIRECTION('',(1.,0.));
#2085 = ( GEOMETRIC_REPRESENTATION_CONTEXT(2) 
PARAMETRIC_REPRESENTATION_CONTEXT() REPRESENTATION_CONTEXT('2D SPACE',''
  ) );
#2086 = PCURVE('',#999,#2087);
#2087 = DEFINITIONAL_REPRESENTATION('',(#2088),#2092);
#2088 = CIRCLE('',#2089,1.5);
#2089 = AXIS2_PLACEMENT_2D('',#2090,#2091);
#2090 = CARTESIAN_POINT('',(-19.39999999942,19.399999996454));
#2091 = DIRECTION('',(0.,1.));
#2092 = ( GEOMETRIC_REPRESENTATION_CONTEXT(2) 
PARAMETRIC_REPRESENTATION_CONTEXT() REPRESENTATION_CONTEXT('2D SPACE',''
  ) );
#2093 = ORIENTED_EDGE('',*,*,#962,.T.);
#2094 = ORIENTED_EDGE('',*,*,#920,.F.);
#2095 = ADVANCED_FACE('',(#2096,#2231),#999,.F.);
#2096 = FACE_BOUND('',#2097,.F.);
#2097 = EDGE_LOOP('',(#2098,#2121,#2150,#2178,#2207,#2228,#2229,#2230));
#2098 = ORIENTED_EDGE('',*,*,#2099,.T.);
#2099 = EDGE_CURVE('',#1252,#2100,#2102,.T.);
#2100 = VERTEX_POINT('',#2101);
#2101 = CARTESIAN_POINT('',(37.899999995838,-2.4,-7.4));
#2102 = SURFACE_CURVE('',#2103,(#2107,#2114),.PCURVE_S1.);
#2103 = LINE('',#2104,#2105);
#2104 = CARTESIAN_POINT('',(-0.9,-2.4,-7.4));
#2105 = VECTOR('',#2106,1.);
#2106 = DIRECTION('',(1.,0.,0.));
#2107 = PCURVE('',#999,#2108);
#2108 = DEFINITIONAL_REPRESENTATION('',(#2109),#2113);
#2109 = LINE('',#2110,#2111);
#2110 = CARTESIAN_POINT('',(-19.39999999942,-20.89999999938));
#2111 = VECTOR('',#2112,1.);
#2112 = DIRECTION('',(1.,0.));
#2113 = ( GEOMETRIC_REPRESENTATION_CONTEXT(2) 
PARAMETRIC_REPRESENTATION_CONTEXT() REPRESENTATION_CONTEXT('2D SPACE',''
  ) );
#2114 = PCURVE('',#1288,#2115);
#2115 = DEFINITIONAL_REPRESENTATION('',(#2116),#2120);
#2116 = LINE('',#2117,#2118);
#2117 = CARTESIAN_POINT('',(0.,-1.06066017178));
#2118 = VECTOR('',#2119,1.);
#2119 = DIRECTION('',(1.,0.));
#2120 = ( GEOMETRIC_REPRESENTATION_CONTEXT(2) 
PARAMETRIC_REPRESENTATION_CONTEXT() REPRESENTATION_CONTEXT('2D SPACE',''
  ) );
#2121 = ORIENTED_EDGE('',*,*,#2122,.T.);
#2122 = EDGE_CURVE('',#2100,#2123,#2125,.T.);
#2123 = VERTEX_POINT('',#2124);
#2124 = CARTESIAN_POINT('',(39.399999995838,-0.9,-7.4));
#2125 = SURFACE_CURVE('',#2126,(#2131,#2138),.PCURVE_S1.);
#2126 = CIRCLE('',#2127,1.5);
#2127 = AXIS2_PLACEMENT_3D('',#2128,#2129,#2130);
#2128 = CARTESIAN_POINT('',(37.899999995838,-0.9,-7.4));
#2129 = DIRECTION('',(0.,0.,1.));
#2130 = DIRECTION('',(0.,-1.,0.));
#2131 = PCURVE('',#999,#2132);
#2132 = DEFINITIONAL_REPRESENTATION('',(#2133),#2137);
#2133 = CIRCLE('',#2134,1.5);
#2134 = AXIS2_PLACEMENT_2D('',#2135,#2136);
#2135 = CARTESIAN_POINT('',(19.399999996414,-19.39999999938));
#2136 = DIRECTION('',(0.,-1.));
#2137 = ( GEOMETRIC_REPRESENTATION_CONTEXT(2) 
PARAMETRIC_REPRESENTATION_CONTEXT() REPRESENTATION_CONTEXT('2D SPACE',''
  ) );
#2138 = PCURVE('',#2139,#2144);
#2139 = CONICAL_SURFACE('',#2140,3.,0.785398163397);
#2140 = AXIS2_PLACEMENT_3D('',#2141,#2142,#2143);
#2141 = CARTESIAN_POINT('',(37.899999995838,-0.9,-5.9));
#2142 = DIRECTION('',(0.,0.,1.));
#2143 = DIRECTION('',(0.,-1.,0.));
#2144 = DEFINITIONAL_REPRESENTATION('',(#2145),#2149);
#2145 = LINE('',#2146,#2147);
#2146 = CARTESIAN_POINT('',(0.,-1.5));
#2147 = VECTOR('',#2148,1.);
#2148 = DIRECTION('',(1.,0.));
#2149 = ( GEOMETRIC_REPRESENTATION_CONTEXT(2) 
PARAMETRIC_REPRESENTATION_CONTEXT() REPRESENTATION_CONTEXT('2D SPACE',''
  ) );
#2150 = ORIENTED_EDGE('',*,*,#2151,.T.);
#2151 = EDGE_CURVE('',#2123,#2152,#2154,.T.);
#2152 = VERTEX_POINT('',#2153);
#2153 = CARTESIAN_POINT('',(39.4,37.899999995838,-7.4));
#2154 = SURFACE_CURVE('',#2155,(#2159,#2166),.PCURVE_S1.);
#2155 = LINE('',#2156,#2157);
#2156 = CARTESIAN_POINT('',(39.4,-0.9,-7.4));
#2157 = VECTOR('',#2158,1.);
#2158 = DIRECTION('',(0.,1.,0.));
#2159 = PCURVE('',#999,#2160);
#2160 = DEFINITIONAL_REPRESENTATION('',(#2161),#2165);
#2161 = LINE('',#2162,#2163);
#2162 = CARTESIAN_POINT('',(20.900000000576,-19.39999999938));
#2163 = VECTOR('',#2164,1.);
#2164 = DIRECTION('',(0.,1.));
#2165 = ( GEOMETRIC_REPRESENTATION_CONTEXT(2) 
PARAMETRIC_REPRESENTATION_CONTEXT() REPRESENTATION_CONTEXT('2D SPACE',''
  ) );
#2166 = PCURVE('',#2167,#2172);
#2167 = PLANE('',#2168);
#2168 = AXIS2_PLACEMENT_3D('',#2169,#2170,#2171);
#2169 = CARTESIAN_POINT('',(40.15,-0.9,-6.65));
#2170 = DIRECTION('',(0.707106781187,0.,-0.707106781187));
#2171 = DIRECTION('',(0.,1.,0.));
#2172 = DEFINITIONAL_REPRESENTATION('',(#2173),#2177);
#2173 = LINE('',#2174,#2175);
#2174 = CARTESIAN_POINT('',(0.,-1.06066017178));
#2175 = VECTOR('',#2176,1.);
#2176 = DIRECTION('',(1.,0.));
#2177 = ( GEOMETRIC_REPRESENTATION_CONTEXT(2) 
PARAMETRIC_REPRESENTATION_CONTEXT() REPRESENTATION_CONTEXT('2D SPACE',''
  ) );
#2178 = ORIENTED_EDGE('',*,*,#2179,.T.);
#2179 = EDGE_CURVE('',#2152,#2180,#2182,.T.);
#2180 = VERTEX_POINT('',#2181);
#2181 = CARTESIAN_POINT('',(37.9,39.399999995838,-7.4));
#2182 = SURFACE_CURVE('',#2183,(#2188,#2195),.PCURVE_S1.);
#2183 = CIRCLE('',#2184,1.5);
#2184 = AXIS2_PLACEMENT_3D('',#2185,#2186,#2187);
#2185 = CARTESIAN_POINT('',(37.9,37.899999995838,-7.4));
#2186 = DIRECTION('',(0.,0.,1.));
#2187 = DIRECTION('',(1.,0.,-0.));
#2188 = PCURVE('',#999,#2189);
#2189 = DEFINITIONAL_REPRESENTATION('',(#2190),#2194);
#2190 = CIRCLE('',#2191,1.5);
#2191 = AXIS2_PLACEMENT_2D('',#2192,#2193);
#2192 = CARTESIAN_POINT('',(19.400000000576,19.399999996454));
#2193 = DIRECTION('',(1.,0.));
#2194 = ( GEOMETRIC_REPRESENTATION_CONTEXT(2) 
PARAMETRIC_REPRESENTATION_CONTEXT() REPRESENTATION_CONTEXT('2D SPACE',''
  ) );
#2195 = PCURVE('',#2196,#2201);
#2196 = CONICAL_SURFACE('',#2197,3.,0.785398163397);
#2197 = AXIS2_PLACEMENT_3D('',#2198,#2199,#2200);
#2198 = CARTESIAN_POINT('',(37.9,37.899999995838,-5.9));
#2199 = DIRECTION('',(0.,0.,1.));
#2200 = DIRECTION('',(1.,0.,-0.));
#2201 = DEFINITIONAL_REPRESENTATION('',(#2202),#2206);
#2202 = LINE('',#2203,#2204);
#2203 = CARTESIAN_POINT('',(0.,-1.5));
#2204 = VECTOR('',#2205,1.);
#2205 = DIRECTION('',(1.,0.));
#2206 = ( GEOMETRIC_REPRESENTATION_CONTEXT(2) 
PARAMETRIC_REPRESENTATION_CONTEXT() REPRESENTATION_CONTEXT('2D SPACE',''
  ) );
#2207 = ORIENTED_EDGE('',*,*,#2208,.T.);
#2208 = EDGE_CURVE('',#2180,#2052,#2209,.T.);
#2209 = SURFACE_CURVE('',#2210,(#2214,#2221),.PCURVE_S1.);
#2210 = LINE('',#2211,#2212);
#2211 = CARTESIAN_POINT('',(37.9,39.4,-7.4));
#2212 = VECTOR('',#2213,1.);
#2213 = DIRECTION('',(-1.,-0.,-0.));
#2214 = PCURVE('',#999,#2215);
#2215 = DEFINITIONAL_REPRESENTATION('',(#2216),#2220);
#2216 = LINE('',#2217,#2218);
#2217 = CARTESIAN_POINT('',(19.400000000576,20.900000000616));
#2218 = VECTOR('',#2219,1.);
#2219 = DIRECTION('',(-1.,0.));
#2220 = ( GEOMETRIC_REPRESENTATION_CONTEXT(2) 
PARAMETRIC_REPRESENTATION_CONTEXT() REPRESENTATION_CONTEXT('2D SPACE',''
  ) );
#2221 = PCURVE('',#2036,#2222);
#2222 = DEFINITIONAL_REPRESENTATION('',(#2223),#2227);
#2223 = LINE('',#2224,#2225);
#2224 = CARTESIAN_POINT('',(-0.,-1.06066017178));
#2225 = VECTOR('',#2226,1.);
#2226 = DIRECTION('',(-1.,0.));
#2227 = ( GEOMETRIC_REPRESENTATION_CONTEXT(2) 
PARAMETRIC_REPRESENTATION_CONTEXT() REPRESENTATION_CONTEXT('2D SPACE',''
  ) );
#2228 = ORIENTED_EDGE('',*,*,#2072,.T.);
#2229 = ORIENTED_EDGE('',*,*,#983,.T.);
#2230 = ORIENTED_EDGE('',*,*,#1251,.T.);
#2231 = FACE_BOUND('',#2232,.F.);
#2232 = EDGE_LOOP('',(#2233));
#2233 = ORIENTED_EDGE('',*,*,#2234,.F.);
#2234 = EDGE_CURVE('',#2235,#2235,#2237,.T.);
#2235 = VERTEX_POINT('',#2236);
#2236 = CARTESIAN_POINT('',(26.5,18.5,-7.4));
#2237 = SURFACE_CURVE('',#2238,(#2243,#2250),.PCURVE_S1.);
#2238 = CIRCLE('',#2239,8.);
#2239 = AXIS2_PLACEMENT_3D('',#2240,#2241,#2242);
#2240 = CARTESIAN_POINT('',(18.5,18.5,-7.4));
#2241 = DIRECTION('',(0.,0.,1.));
#2242 = DIRECTION('',(1.,0.,-0.));
#2243 = PCURVE('',#999,#2244);
#2244 = DEFINITIONAL_REPRESENTATION('',(#2245),#2249);
#2245 = CIRCLE('',#2246,8.);
#2246 = AXIS2_PLACEMENT_2D('',#2247,#2248);
#2247 = CARTESIAN_POINT('',(5.761187082953E-10,6.154294851513E-10));
#2248 = DIRECTION('',(1.,0.));
#2249 = ( GEOMETRIC_REPRESENTATION_CONTEXT(2) 
PARAMETRIC_REPRESENTATION_CONTEXT() REPRESENTATION_CONTEXT('2D SPACE',''
  ) );
#2250 = PCURVE('',#2251,#2256);
#2251 = CYLINDRICAL_SURFACE('',#2252,8.);
#2252 = AXIS2_PLACEMENT_3D('',#2253,#2254,#2255);
#2253 = CARTESIAN_POINT('',(18.5,18.5,-19.9));
#2254 = DIRECTION('',(0.,0.,1.));
#2255 = DIRECTION('',(1.,0.,-0.));
#2256 = DEFINITIONAL_REPRESENTATION('',(#2257),#2261);
#2257 = LINE('',#2258,#2259);
#2258 = CARTESIAN_POINT('',(0.,12.5));
#2259 = VECTOR('',#2260,1.);
#2260 = DIRECTION('',(1.,0.));
#2261 = ( GEOMETRIC_REPRESENTATION_CONTEXT(2) 
PARAMETRIC_REPRESENTATION_CONTEXT() REPRESENTATION_CONTEXT('2D SPACE',''
  ) );
#2262 = ADVANCED_FACE('',(#2263),#1049,.F.);
#2263 = FACE_BOUND('',#2264,.T.);
#2264 = EDGE_LOOP('',(#2265,#2301,#2302,#2303));
#2265 = ORIENTED_EDGE('',*,*,#2266,.F.);
#2266 = EDGE_CURVE('',#1176,#2267,#2269,.T.);
#2267 = VERTEX_POINT('',#2268);
#2268 = CARTESIAN_POINT('',(37.9,39.839339828221,9.56066017178));
#2269 = SURFACE_CURVE('',#2270,(#2274,#2280),.PCURVE_S1.);
#2270 = LINE('',#2271,#2272);
#2271 = CARTESIAN_POINT('',(37.9,40.369669914111,8.28033008589));
#2272 = VECTOR('',#2273,1.);
#2273 = DIRECTION('',(-0.,-0.382683432365,0.923879532511));
#2274 = PCURVE('',#1049,#2275);
#2275 = DEFINITIONAL_REPRESENTATION('',(#2276),#2279);
#2276 = B_SPLINE_CURVE_WITH_KNOTS('',1,(#2277,#2278),.UNSPECIFIED.,.F.,
  .F.,(2,2),(-1.385819298767,1.385819298767),.PIECEWISE_BEZIER_KNOTS.);
#2277 = CARTESIAN_POINT('',(0.,-1.385819298767));
#2278 = CARTESIAN_POINT('',(0.,1.385819298767));
#2279 = ( GEOMETRIC_REPRESENTATION_CONTEXT(2) 
PARAMETRIC_REPRESENTATION_CONTEXT() REPRESENTATION_CONTEXT('2D SPACE',''
  ) );
#2280 = PCURVE('',#2281,#2296);
#2281 = B_SPLINE_SURFACE_WITH_KNOTS('',1,6,(
    (#2282,#2283,#2284,#2285,#2286,#2287,#2288)
    ,(#2289,#2290,#2291,#2292,#2293,#2294,#2295
  )),.UNSPECIFIED.,.F.,.F.,.F.,(2,2),(7,7),(0.,4.712388980385),(
    169.33716692866,174.04955590905),.PIECEWISE_BEZIER_KNOTS.);
#2282 = CARTESIAN_POINT('',(40.9,37.899999995838,7.));
#2283 = CARTESIAN_POINT('',(40.9,38.685394563788,7.));
#2284 = CARTESIAN_POINT('',(40.65331885412,39.470735421423,7.));
#2285 = CARTESIAN_POINT('',(40.159565528543,40.159565524381,7.));
#2286 = CARTESIAN_POINT('',(39.470735425584,40.653318849958,7.));
#2287 = CARTESIAN_POINT('',(38.68539456795,40.899999995839,7.));
#2288 = CARTESIAN_POINT('',(37.9,40.899999995838,7.));
#2289 = CARTESIAN_POINT('',(39.83933982822,37.899999995838,9.56066017178
    ));
#2290 = CARTESIAN_POINT('',(39.83933982822,38.407715651336,9.56066017178
    ));
#2291 = CARTESIAN_POINT('',(39.679873637861,38.915396585982,
    9.56066017178));
#2292 = CARTESIAN_POINT('',(39.360688474659,39.360688470497,
    9.56066017178));
#2293 = CARTESIAN_POINT('',(38.915396590144,39.6798736337,9.56066017178)
  );
#2294 = CARTESIAN_POINT('',(38.407715655498,39.839339824059,
    9.56066017178));
#2295 = CARTESIAN_POINT('',(37.9,39.839339824059,9.56066017178));
#2296 = DEFINITIONAL_REPRESENTATION('',(#2297),#2300);
#2297 = B_SPLINE_CURVE_WITH_KNOTS('',1,(#2298,#2299),.UNSPECIFIED.,.F.,
  .F.,(2,2),(-1.385819298767,1.385819298767),.PIECEWISE_BEZIER_KNOTS.);
#2298 = CARTESIAN_POINT('',(0.,174.04955590905));
#2299 = CARTESIAN_POINT('',(4.712388980385,174.04955590905));
#2300 = ( GEOMETRIC_REPRESENTATION_CONTEXT(2) 
PARAMETRIC_REPRESENTATION_CONTEXT() REPRESENTATION_CONTEXT('2D SPACE',''
  ) );
#2301 = ORIENTED_EDGE('',*,*,#1175,.T.);
#2302 = ORIENTED_EDGE('',*,*,#1034,.T.);
#2303 = ORIENTED_EDGE('',*,*,#2304,.F.);
#2304 = EDGE_CURVE('',#2267,#1035,#2305,.T.);
#2305 = SURFACE_CURVE('',#2306,(#2310,#2317),.PCURVE_S1.);
#2306 = LINE('',#2307,#2308);
#2307 = CARTESIAN_POINT('',(37.9,39.839339828221,9.56066017178));
#2308 = VECTOR('',#2309,1.);
#2309 = DIRECTION('',(-1.,-0.,-0.));
#2310 = PCURVE('',#1049,#2311);
#2311 = DEFINITIONAL_REPRESENTATION('',(#2312),#2316);
#2312 = LINE('',#2313,#2314);
#2313 = CARTESIAN_POINT('',(-0.,1.385819298767));
#2314 = VECTOR('',#2315,1.);
#2315 = DIRECTION('',(-1.,0.));
#2316 = ( GEOMETRIC_REPRESENTATION_CONTEXT(2) 
PARAMETRIC_REPRESENTATION_CONTEXT() REPRESENTATION_CONTEXT('2D SPACE',''
  ) );
#2317 = PCURVE('',#2318,#2323);
#2318 = PLANE('',#2319);
#2319 = AXIS2_PLACEMENT_3D('',#2320,#2321,#2322);
#2320 = CARTESIAN_POINT('',(37.9,40.15,9.25));
#2321 = DIRECTION('',(0.,0.707106781187,0.707106781187));
#2322 = DIRECTION('',(1.,-0.,-0.));
#2323 = DEFINITIONAL_REPRESENTATION('',(#2324),#2328);
#2324 = LINE('',#2325,#2326);
#2325 = CARTESIAN_POINT('',(-0.,-0.43933982822));
#2326 = VECTOR('',#2327,1.);
#2327 = DIRECTION('',(-1.,0.));
#2328 = ( GEOMETRIC_REPRESENTATION_CONTEXT(2) 
PARAMETRIC_REPRESENTATION_CONTEXT() REPRESENTATION_CONTEXT('2D SPACE',''
  ) );
#2329 = ADVANCED_FACE('',(#2330),#1078,.T.);
#2330 = FACE_BOUND('',#2331,.F.);
#2331 = EDGE_LOOP('',(#2332,#2353,#2375,#2376));
#2332 = ORIENTED_EDGE('',*,*,#2333,.F.);
#2333 = EDGE_CURVE('',#2334,#1035,#2336,.T.);
#2334 = VERTEX_POINT('',#2335);
#2335 = CARTESIAN_POINT('',(-0.9,39.4,10.));
#2336 = SURFACE_CURVE('',#2337,(#2341,#2347),.PCURVE_S1.);
#2337 = LINE('',#2338,#2339);
#2338 = CARTESIAN_POINT('',(-0.9,40.15,9.25));
#2339 = VECTOR('',#2340,1.);
#2340 = DIRECTION('',(-0.,0.707106781187,-0.707106781187));
#2341 = PCURVE('',#1078,#2342);
#2342 = DEFINITIONAL_REPRESENTATION('',(#2343),#2346);
#2343 = B_SPLINE_CURVE_WITH_KNOTS('',1,(#2344,#2345),.UNSPECIFIED.,.F.,
  .F.,(2,2),(-1.06066017178,1.06066017178),.PIECEWISE_BEZIER_KNOTS.);
#2344 = CARTESIAN_POINT('',(0.,-1.5));
#2345 = CARTESIAN_POINT('',(0.,-3.140184917368E-16));
#2346 = ( GEOMETRIC_REPRESENTATION_CONTEXT(2) 
PARAMETRIC_REPRESENTATION_CONTEXT() REPRESENTATION_CONTEXT('2D SPACE',''
  ) );
#2347 = PCURVE('',#2318,#2348);
#2348 = DEFINITIONAL_REPRESENTATION('',(#2349),#2352);
#2349 = B_SPLINE_CURVE_WITH_KNOTS('',1,(#2350,#2351),.UNSPECIFIED.,.F.,
  .F.,(2,2),(-1.06066017178,1.06066017178),.PIECEWISE_BEZIER_KNOTS.);
#2350 = CARTESIAN_POINT('',(-38.8,-1.06066017178));
#2351 = CARTESIAN_POINT('',(-38.8,1.06066017178));
#2352 = ( GEOMETRIC_REPRESENTATION_CONTEXT(2) 
PARAMETRIC_REPRESENTATION_CONTEXT() REPRESENTATION_CONTEXT('2D SPACE',''
  ) );
#2353 = ORIENTED_EDGE('',*,*,#2354,.T.);
#2354 = EDGE_CURVE('',#2334,#1103,#2355,.T.);
#2355 = SURFACE_CURVE('',#2356,(#2361,#2368),.PCURVE_S1.);
#2356 = CIRCLE('',#2357,1.5);
#2357 = AXIS2_PLACEMENT_3D('',#2358,#2359,#2360);
#2358 = CARTESIAN_POINT('',(-0.9,37.899999995838,10.));
#2359 = DIRECTION('',(0.,0.,1.));
#2360 = DIRECTION('',(0.,1.,-0.));
#2361 = PCURVE('',#1078,#2362);
#2362 = DEFINITIONAL_REPRESENTATION('',(#2363),#2367);
#2363 = LINE('',#2364,#2365);
#2364 = CARTESIAN_POINT('',(-0.,-1.5));
#2365 = VECTOR('',#2366,1.);
#2366 = DIRECTION('',(-1.,0.));
#2367 = ( GEOMETRIC_REPRESENTATION_CONTEXT(2) 
PARAMETRIC_REPRESENTATION_CONTEXT() REPRESENTATION_CONTEXT('2D SPACE',''
  ) );
#2368 = PCURVE('',#1139,#2369);
#2369 = DEFINITIONAL_REPRESENTATION('',(#2370),#2374);
#2370 = CIRCLE('',#2371,1.5);
#2371 = AXIS2_PLACEMENT_2D('',#2372,#2373);
#2372 = CARTESIAN_POINT('',(-19.39999999942,19.399999996454));
#2373 = DIRECTION('',(0.,1.));
#2374 = ( GEOMETRIC_REPRESENTATION_CONTEXT(2) 
PARAMETRIC_REPRESENTATION_CONTEXT() REPRESENTATION_CONTEXT('2D SPACE',''
  ) );
#2375 = ORIENTED_EDGE('',*,*,#1102,.T.);
#2376 = ORIENTED_EDGE('',*,*,#1060,.F.);
#2377 = ADVANCED_FACE('',(#2378,#2513),#1139,.T.);
#2378 = FACE_BOUND('',#2379,.T.);
#2379 = EDGE_LOOP('',(#2380,#2403,#2432,#2460,#2489,#2510,#2511,#2512));
#2380 = ORIENTED_EDGE('',*,*,#2381,.T.);
#2381 = EDGE_CURVE('',#1481,#2382,#2384,.T.);
#2382 = VERTEX_POINT('',#2383);
#2383 = CARTESIAN_POINT('',(37.899999995838,-2.4,10.));
#2384 = SURFACE_CURVE('',#2385,(#2389,#2396),.PCURVE_S1.);
#2385 = LINE('',#2386,#2387);
#2386 = CARTESIAN_POINT('',(-0.9,-2.4,10.));
#2387 = VECTOR('',#2388,1.);
#2388 = DIRECTION('',(1.,0.,0.));
#2389 = PCURVE('',#1139,#2390);
#2390 = DEFINITIONAL_REPRESENTATION('',(#2391),#2395);
#2391 = LINE('',#2392,#2393);
#2392 = CARTESIAN_POINT('',(-19.39999999942,-20.89999999938));
#2393 = VECTOR('',#2394,1.);
#2394 = DIRECTION('',(1.,0.));
#2395 = ( GEOMETRIC_REPRESENTATION_CONTEXT(2) 
PARAMETRIC_REPRESENTATION_CONTEXT() REPRESENTATION_CONTEXT('2D SPACE',''
  ) );
#2396 = PCURVE('',#1517,#2397);
#2397 = DEFINITIONAL_REPRESENTATION('',(#2398),#2402);
#2398 = LINE('',#2399,#2400);
#2399 = CARTESIAN_POINT('',(0.,-1.06066017178));
#2400 = VECTOR('',#2401,1.);
#2401 = DIRECTION('',(1.,0.));
#2402 = ( GEOMETRIC_REPRESENTATION_CONTEXT(2) 
PARAMETRIC_REPRESENTATION_CONTEXT() REPRESENTATION_CONTEXT('2D SPACE',''
  ) );
#2403 = ORIENTED_EDGE('',*,*,#2404,.T.);
#2404 = EDGE_CURVE('',#2382,#2405,#2407,.T.);
#2405 = VERTEX_POINT('',#2406);
#2406 = CARTESIAN_POINT('',(39.399999995838,-0.9,10.));
#2407 = SURFACE_CURVE('',#2408,(#2413,#2420),.PCURVE_S1.);
#2408 = CIRCLE('',#2409,1.5);
#2409 = AXIS2_PLACEMENT_3D('',#2410,#2411,#2412);
#2410 = CARTESIAN_POINT('',(37.899999995838,-0.9,10.));
#2411 = DIRECTION('',(0.,0.,1.));
#2412 = DIRECTION('',(0.,-1.,0.));
#2413 = PCURVE('',#1139,#2414);
#2414 = DEFINITIONAL_REPRESENTATION('',(#2415),#2419);
#2415 = CIRCLE('',#2416,1.5);
#2416 = AXIS2_PLACEMENT_2D('',#2417,#2418);
#2417 = CARTESIAN_POINT('',(19.399999996414,-19.39999999938));
#2418 = DIRECTION('',(0.,-1.));
#2419 = ( GEOMETRIC_REPRESENTATION_CONTEXT(2) 
PARAMETRIC_REPRESENTATION_CONTEXT() REPRESENTATION_CONTEXT('2D SPACE',''
  ) );
#2420 = PCURVE('',#2421,#2426);
#2421 = CONICAL_SURFACE('',#2422,3.,0.785398163397);
#2422 = AXIS2_PLACEMENT_3D('',#2423,#2424,#2425);
#2423 = CARTESIAN_POINT('',(37.899999995838,-0.9,8.5));
#2424 = DIRECTION('',(-0.,-0.,-1.));
#2425 = DIRECTION('',(0.,-1.,0.));
#2426 = DEFINITIONAL_REPRESENTATION('',(#2427),#2431);
#2427 = LINE('',#2428,#2429);
#2428 = CARTESIAN_POINT('',(-0.,-1.5));
#2429 = VECTOR('',#2430,1.);
#2430 = DIRECTION('',(-1.,0.));
#2431 = ( GEOMETRIC_REPRESENTATION_CONTEXT(2) 
PARAMETRIC_REPRESENTATION_CONTEXT() REPRESENTATION_CONTEXT('2D SPACE',''
  ) );
#2432 = ORIENTED_EDGE('',*,*,#2433,.T.);
#2433 = EDGE_CURVE('',#2405,#2434,#2436,.T.);
#2434 = VERTEX_POINT('',#2435);
#2435 = CARTESIAN_POINT('',(39.4,37.899999995838,10.));
#2436 = SURFACE_CURVE('',#2437,(#2441,#2448),.PCURVE_S1.);
#2437 = LINE('',#2438,#2439);
#2438 = CARTESIAN_POINT('',(39.4,-0.9,10.));
#2439 = VECTOR('',#2440,1.);
#2440 = DIRECTION('',(0.,1.,0.));
#2441 = PCURVE('',#1139,#2442);
#2442 = DEFINITIONAL_REPRESENTATION('',(#2443),#2447);
#2443 = LINE('',#2444,#2445);
#2444 = CARTESIAN_POINT('',(20.900000000576,-19.39999999938));
#2445 = VECTOR('',#2446,1.);
#2446 = DIRECTION('',(0.,1.));
#2447 = ( GEOMETRIC_REPRESENTATION_CONTEXT(2) 
PARAMETRIC_REPRESENTATION_CONTEXT() REPRESENTATION_CONTEXT('2D SPACE',''
  ) );
#2448 = PCURVE('',#2449,#2454);
#2449 = PLANE('',#2450);
#2450 = AXIS2_PLACEMENT_3D('',#2451,#2452,#2453);
#2451 = CARTESIAN_POINT('',(40.15,-0.9,9.25));
#2452 = DIRECTION('',(-0.707106781187,0.,-0.707106781187));
#2453 = DIRECTION('',(0.,1.,0.));
#2454 = DEFINITIONAL_REPRESENTATION('',(#2455),#2459);
#2455 = LINE('',#2456,#2457);
#2456 = CARTESIAN_POINT('',(0.,-1.06066017178));
#2457 = VECTOR('',#2458,1.);
#2458 = DIRECTION('',(1.,0.));
#2459 = ( GEOMETRIC_REPRESENTATION_CONTEXT(2) 
PARAMETRIC_REPRESENTATION_CONTEXT() REPRESENTATION_CONTEXT('2D SPACE',''
  ) );
#2460 = ORIENTED_EDGE('',*,*,#2461,.T.);
#2461 = EDGE_CURVE('',#2434,#2462,#2464,.T.);
#2462 = VERTEX_POINT('',#2463);
#2463 = CARTESIAN_POINT('',(37.9,39.399999995838,10.));
#2464 = SURFACE_CURVE('',#2465,(#2470,#2477),.PCURVE_S1.);
#2465 = CIRCLE('',#2466,1.5);
#2466 = AXIS2_PLACEMENT_3D('',#2467,#2468,#2469);
#2467 = CARTESIAN_POINT('',(37.9,37.899999995838,10.));
#2468 = DIRECTION('',(0.,0.,1.));
#2469 = DIRECTION('',(1.,0.,-0.));
#2470 = PCURVE('',#1139,#2471);
#2471 = DEFINITIONAL_REPRESENTATION('',(#2472),#2476);
#2472 = CIRCLE('',#2473,1.5);
#2473 = AXIS2_PLACEMENT_2D('',#2474,#2475);
#2474 = CARTESIAN_POINT('',(19.400000000576,19.399999996454));
#2475 = DIRECTION('',(1.,0.));
#2476 = ( GEOMETRIC_REPRESENTATION_CONTEXT(2) 
PARAMETRIC_REPRESENTATION_CONTEXT() REPRESENTATION_CONTEXT('2D SPACE',''
  ) );
#2477 = PCURVE('',#2478,#2483);
#2478 = CONICAL_SURFACE('',#2479,3.,0.785398163397);
#2479 = AXIS2_PLACEMENT_3D('',#2480,#2481,#2482);
#2480 = CARTESIAN_POINT('',(37.9,37.899999995838,8.5));
#2481 = DIRECTION('',(-0.,-0.,-1.));
#2482 = DIRECTION('',(1.,0.,0.));
#2483 = DEFINITIONAL_REPRESENTATION('',(#2484),#2488);
#2484 = LINE('',#2485,#2486);
#2485 = CARTESIAN_POINT('',(-0.,-1.5));
#2486 = VECTOR('',#2487,1.);
#2487 = DIRECTION('',(-1.,0.));
#2488 = ( GEOMETRIC_REPRESENTATION_CONTEXT(2) 
PARAMETRIC_REPRESENTATION_CONTEXT() REPRESENTATION_CONTEXT('2D SPACE',''
  ) );
#2489 = ORIENTED_EDGE('',*,*,#2490,.T.);
#2490 = EDGE_CURVE('',#2462,#2334,#2491,.T.);
#2491 = SURFACE_CURVE('',#2492,(#2496,#2503),.PCURVE_S1.);
#2492 = LINE('',#2493,#2494);
#2493 = CARTESIAN_POINT('',(37.9,39.4,10.));
#2494 = VECTOR('',#2495,1.);
#2495 = DIRECTION('',(-1.,-0.,-0.));
#2496 = PCURVE('',#1139,#2497);
#2497 = DEFINITIONAL_REPRESENTATION('',(#2498),#2502);
#2498 = LINE('',#2499,#2500);
#2499 = CARTESIAN_POINT('',(19.400000000576,20.900000000616));
#2500 = VECTOR('',#2501,1.);
#2501 = DIRECTION('',(-1.,0.));
#2502 = ( GEOMETRIC_REPRESENTATION_CONTEXT(2) 
PARAMETRIC_REPRESENTATION_CONTEXT() REPRESENTATION_CONTEXT('2D SPACE',''
  ) );
#2503 = PCURVE('',#2318,#2504);
#2504 = DEFINITIONAL_REPRESENTATION('',(#2505),#2509);
#2505 = LINE('',#2506,#2507);
#2506 = CARTESIAN_POINT('',(-0.,-1.06066017178));
#2507 = VECTOR('',#2508,1.);
#2508 = DIRECTION('',(-1.,0.));
#2509 = ( GEOMETRIC_REPRESENTATION_CONTEXT(2) 
PARAMETRIC_REPRESENTATION_CONTEXT() REPRESENTATION_CONTEXT('2D SPACE',''
  ) );
#2510 = ORIENTED_EDGE('',*,*,#2354,.T.);
#2511 = ORIENTED_EDGE('',*,*,#1123,.T.);
#2512 = ORIENTED_EDGE('',*,*,#1480,.T.);
#2513 = FACE_BOUND('',#2514,.T.);
#2514 = EDGE_LOOP('',(#2515,#2543,#2569,#2595));
#2515 = ORIENTED_EDGE('',*,*,#2516,.T.);
#2516 = EDGE_CURVE('',#2517,#2519,#2521,.T.);
#2517 = VERTEX_POINT('',#2518);
#2518 = CARTESIAN_POINT('',(38.5,-1.5,10.));
#2519 = VERTEX_POINT('',#2520);
#2520 = CARTESIAN_POINT('',(-1.5,-1.5,10.));
#2521 = SURFACE_CURVE('',#2522,(#2526,#2532),.PCURVE_S1.);
#2522 = LINE('',#2523,#2524);
#2523 = CARTESIAN_POINT('',(8.499999999712,-1.5,10.));
#2524 = VECTOR('',#2525,1.);
#2525 = DIRECTION('',(-1.,-0.,0.));
#2526 = PCURVE('',#1139,#2527);
#2527 = DEFINITIONAL_REPRESENTATION('',(#2528),#2531);
#2528 = B_SPLINE_CURVE_WITH_KNOTS('',1,(#2529,#2530),.UNSPECIFIED.,.F.,
  .F.,(2,2),(-30.00000000028,9.999999999712),.PIECEWISE_BEZIER_KNOTS.);
#2529 = CARTESIAN_POINT('',(20.000000000576,-19.99999999938));
#2530 = CARTESIAN_POINT('',(-19.99999999942,-19.99999999938));
#2531 = ( GEOMETRIC_REPRESENTATION_CONTEXT(2) 
PARAMETRIC_REPRESENTATION_CONTEXT() REPRESENTATION_CONTEXT('2D SPACE',''
  ) );
#2532 = PCURVE('',#2533,#2538);
#2533 = PLANE('',#2534);
#2534 = AXIS2_PLACEMENT_3D('',#2535,#2536,#2537);
#2535 = CARTESIAN_POINT('',(-1.5,-1.5,-5.));
#2536 = DIRECTION('',(-0.,1.,0.));
#2537 = DIRECTION('',(0.,0.,1.));
#2538 = DEFINITIONAL_REPRESENTATION('',(#2539),#2542);
#2539 = B_SPLINE_CURVE_WITH_KNOTS('',1,(#2540,#2541),.UNSPECIFIED.,.F.,
  .F.,(2,2),(-30.00000000028,9.999999999712),.PIECEWISE_BEZIER_KNOTS.);
#2540 = CARTESIAN_POINT('',(15.,40.));
#2541 = CARTESIAN_POINT('',(15.,0.));
#2542 = ( GEOMETRIC_REPRESENTATION_CONTEXT(2) 
PARAMETRIC_REPRESENTATION_CONTEXT() REPRESENTATION_CONTEXT('2D SPACE',''
  ) );
#2543 = ORIENTED_EDGE('',*,*,#2544,.T.);
#2544 = EDGE_CURVE('',#2519,#2545,#2547,.T.);
#2545 = VERTEX_POINT('',#2546);
#2546 = CARTESIAN_POINT('',(-1.5,38.5,10.));
#2547 = SURFACE_CURVE('',#2548,(#2552,#2558),.PCURVE_S1.);
#2548 = LINE('',#2549,#2550);
#2549 = CARTESIAN_POINT('',(-1.5,8.499999999692,10.));
#2550 = VECTOR('',#2551,1.);
#2551 = DIRECTION('',(-0.,1.,0.));
#2552 = PCURVE('',#1139,#2553);
#2553 = DEFINITIONAL_REPRESENTATION('',(#2554),#2557);
#2554 = B_SPLINE_CURVE_WITH_KNOTS('',1,(#2555,#2556),.UNSPECIFIED.,.F.,
  .F.,(2,2),(-9.999999999692,30.000000000308),.PIECEWISE_BEZIER_KNOTS.);
#2555 = CARTESIAN_POINT('',(-19.99999999942,-19.99999999938));
#2556 = CARTESIAN_POINT('',(-19.99999999942,20.000000000615));
#2557 = ( GEOMETRIC_REPRESENTATION_CONTEXT(2) 
PARAMETRIC_REPRESENTATION_CONTEXT() REPRESENTATION_CONTEXT('2D SPACE',''
  ) );
#2558 = PCURVE('',#2559,#2564);
#2559 = PLANE('',#2560);
#2560 = AXIS2_PLACEMENT_3D('',#2561,#2562,#2563);
#2561 = CARTESIAN_POINT('',(-1.5,-1.5,-5.));
#2562 = DIRECTION('',(1.,0.,-0.));
#2563 = DIRECTION('',(0.,0.,1.));
#2564 = DEFINITIONAL_REPRESENTATION('',(#2565),#2568);
#2565 = B_SPLINE_CURVE_WITH_KNOTS('',1,(#2566,#2567),.UNSPECIFIED.,.F.,
  .F.,(2,2),(-9.999999999692,30.000000000308),.PIECEWISE_BEZIER_KNOTS.);
#2566 = CARTESIAN_POINT('',(15.,0.));
#2567 = CARTESIAN_POINT('',(15.,-40.));
#2568 = ( GEOMETRIC_REPRESENTATION_CONTEXT(2) 
PARAMETRIC_REPRESENTATION_CONTEXT() REPRESENTATION_CONTEXT('2D SPACE',''
  ) );
#2569 = ORIENTED_EDGE('',*,*,#2570,.F.);
#2570 = EDGE_CURVE('',#2571,#2545,#2573,.T.);
#2571 = VERTEX_POINT('',#2572);
#2572 = CARTESIAN_POINT('',(38.5,38.5,10.));
#2573 = SURFACE_CURVE('',#2574,(#2578,#2584),.PCURVE_S1.);
#2574 = LINE('',#2575,#2576);
#2575 = CARTESIAN_POINT('',(8.499999999712,38.5,10.));
#2576 = VECTOR('',#2577,1.);
#2577 = DIRECTION('',(-1.,-0.,0.));
#2578 = PCURVE('',#1139,#2579);
#2579 = DEFINITIONAL_REPRESENTATION('',(#2580),#2583);
#2580 = B_SPLINE_CURVE_WITH_KNOTS('',1,(#2581,#2582),.UNSPECIFIED.,.F.,
  .F.,(2,2),(-30.00000000028,9.999999999712),.PIECEWISE_BEZIER_KNOTS.);
#2581 = CARTESIAN_POINT('',(20.000000000576,20.000000000615));
#2582 = CARTESIAN_POINT('',(-19.99999999942,20.000000000615));
#2583 = ( GEOMETRIC_REPRESENTATION_CONTEXT(2) 
PARAMETRIC_REPRESENTATION_CONTEXT() REPRESENTATION_CONTEXT('2D SPACE',''
  ) );
#2584 = PCURVE('',#2585,#2590);
#2585 = PLANE('',#2586);
#2586 = AXIS2_PLACEMENT_3D('',#2587,#2588,#2589);
#2587 = CARTESIAN_POINT('',(-1.5,38.5,-5.));
#2588 = DIRECTION('',(-0.,1.,0.));
#2589 = DIRECTION('',(0.,0.,1.));
#2590 = DEFINITIONAL_REPRESENTATION('',(#2591),#2594);
#2591 = B_SPLINE_CURVE_WITH_KNOTS('',1,(#2592,#2593),.UNSPECIFIED.,.F.,
  .F.,(2,2),(-30.00000000028,9.999999999712),.PIECEWISE_BEZIER_KNOTS.);
#2592 = CARTESIAN_POINT('',(15.,40.));
#2593 = CARTESIAN_POINT('',(15.,0.));
#2594 = ( GEOMETRIC_REPRESENTATION_CONTEXT(2) 
PARAMETRIC_REPRESENTATION_CONTEXT() REPRESENTATION_CONTEXT('2D SPACE',''
  ) );
#2595 = ORIENTED_EDGE('',*,*,#2596,.F.);
#2596 = EDGE_CURVE('',#2517,#2571,#2597,.T.);
#2597 = SURFACE_CURVE('',#2598,(#2602,#2608),.PCURVE_S1.);
#2598 = LINE('',#2599,#2600);
#2599 = CARTESIAN_POINT('',(38.5,8.499999999692,10.));
#2600 = VECTOR('',#2601,1.);
#2601 = DIRECTION('',(-0.,1.,0.));
#2602 = PCURVE('',#1139,#2603);
#2603 = DEFINITIONAL_REPRESENTATION('',(#2604),#2607);
#2604 = B_SPLINE_CURVE_WITH_KNOTS('',1,(#2605,#2606),.UNSPECIFIED.,.F.,
  .F.,(2,2),(-9.999999999692,30.000000000308),.PIECEWISE_BEZIER_KNOTS.);
#2605 = CARTESIAN_POINT('',(20.000000000576,-19.99999999938));
#2606 = CARTESIAN_POINT('',(20.000000000576,20.000000000615));
#2607 = ( GEOMETRIC_REPRESENTATION_CONTEXT(2) 
PARAMETRIC_REPRESENTATION_CONTEXT() REPRESENTATION_CONTEXT('2D SPACE',''
  ) );
#2608 = PCURVE('',#2609,#2614);
#2609 = PLANE('',#2610);
#2610 = AXIS2_PLACEMENT_3D('',#2611,#2612,#2613);
#2611 = CARTESIAN_POINT('',(38.5,-1.5,-5.));
#2612 = DIRECTION('',(1.,0.,-0.));
#2613 = DIRECTION('',(0.,0.,1.));
#2614 = DEFINITIONAL_REPRESENTATION('',(#2615),#2618);
#2615 = B_SPLINE_CURVE_WITH_KNOTS('',1,(#2616,#2617),.UNSPECIFIED.,.F.,
  .F.,(2,2),(-9.999999999692,30.000000000308),.PIECEWISE_BEZIER_KNOTS.);
#2616 = CARTESIAN_POINT('',(15.,0.));
#2617 = CARTESIAN_POINT('',(15.,-40.));
#2618 = ( GEOMETRIC_REPRESENTATION_CONTEXT(2) 
PARAMETRIC_REPRESENTATION_CONTEXT() REPRESENTATION_CONTEXT('2D SPACE',''
  ) );
#2619 = ADVANCED_FACE('',(#2620),#1214,.T.);
#2620 = FACE_BOUND('',#2621,.F.);
#2621 = EDGE_LOOP('',(#2622,#2647,#2677,#2678));
#2622 = ORIENTED_EDGE('',*,*,#2623,.T.);
#2623 = EDGE_CURVE('',#2624,#2626,#2628,.T.);
#2624 = VERTEX_POINT('',#2625);
#2625 = CARTESIAN_POINT('',(40.9,37.899999995838,-4.4));
#2626 = VERTEX_POINT('',#2627);
#2627 = CARTESIAN_POINT('',(40.9,37.899999995838,7.));
#2628 = SURFACE_CURVE('',#2629,(#2633,#2640),.PCURVE_S1.);
#2629 = LINE('',#2630,#2631);
#2630 = CARTESIAN_POINT('',(40.9,37.899999995838,-7.4));
#2631 = VECTOR('',#2632,1.);
#2632 = DIRECTION('',(0.,0.,1.));
#2633 = PCURVE('',#1214,#2634);
#2634 = DEFINITIONAL_REPRESENTATION('',(#2635),#2639);
#2635 = LINE('',#2636,#2637);
#2636 = CARTESIAN_POINT('',(-0.,0.));
#2637 = VECTOR('',#2638,1.);
#2638 = DIRECTION('',(-0.,-1.));
#2639 = ( GEOMETRIC_REPRESENTATION_CONTEXT(2) 
PARAMETRIC_REPRESENTATION_CONTEXT() REPRESENTATION_CONTEXT('2D SPACE',''
  ) );
#2640 = PCURVE('',#1939,#2641);
#2641 = DEFINITIONAL_REPRESENTATION('',(#2642),#2646);
#2642 = LINE('',#2643,#2644);
#2643 = CARTESIAN_POINT('',(38.799999995838,0.));
#2644 = VECTOR('',#2645,1.);
#2645 = DIRECTION('',(0.,-1.));
#2646 = ( GEOMETRIC_REPRESENTATION_CONTEXT(2) 
PARAMETRIC_REPRESENTATION_CONTEXT() REPRESENTATION_CONTEXT('2D SPACE',''
  ) );
#2647 = ORIENTED_EDGE('',*,*,#2648,.T.);
#2648 = EDGE_CURVE('',#2626,#1176,#2649,.T.);
#2649 = SURFACE_CURVE('',#2650,(#2658,#2670),.PCURVE_S1.);
#2650 = B_SPLINE_CURVE_WITH_KNOTS('',6,(#2651,#2652,#2653,#2654,#2655,
    #2656,#2657),.UNSPECIFIED.,.F.,.F.,(7,7),(169.33716692866,
    174.04955590905),.PIECEWISE_BEZIER_KNOTS.);
#2651 = CARTESIAN_POINT('',(40.9,37.899999995838,7.));
#2652 = CARTESIAN_POINT('',(40.9,38.685394563788,7.));
#2653 = CARTESIAN_POINT('',(40.65331885412,39.470735421423,7.));
#2654 = CARTESIAN_POINT('',(40.159565528543,40.159565524381,7.));
#2655 = CARTESIAN_POINT('',(39.470735425584,40.653318849958,7.));
#2656 = CARTESIAN_POINT('',(38.68539456795,40.899999995839,7.));
#2657 = CARTESIAN_POINT('',(37.9,40.899999995838,7.));
#2658 = PCURVE('',#1214,#2659);
#2659 = DEFINITIONAL_REPRESENTATION('',(#2660),#2669);
#2660 = B_SPLINE_CURVE_WITH_KNOTS('',7,(#2661,#2662,#2663,#2664,#2665,
    #2666,#2667,#2668),.UNSPECIFIED.,.F.,.F.,(8,8),(169.33716692866,
    174.04955590905),.PIECEWISE_BEZIER_KNOTS.);
#2661 = CARTESIAN_POINT('',(2.590477020523E-15,-14.4));
#2662 = CARTESIAN_POINT('',(-0.224398447985,-14.4));
#2663 = CARTESIAN_POINT('',(-0.448781245183,-14.4));
#2664 = CARTESIAN_POINT('',(-0.673245917337,-14.4));
#2665 = CARTESIAN_POINT('',(-0.897550409458,-14.4));
#2666 = CARTESIAN_POINT('',(-1.122015081612,-14.4));
#2667 = CARTESIAN_POINT('',(-1.346397878809,-14.4));
#2668 = CARTESIAN_POINT('',(-1.570796326795,-14.4));
#2669 = ( GEOMETRIC_REPRESENTATION_CONTEXT(2) 
PARAMETRIC_REPRESENTATION_CONTEXT() REPRESENTATION_CONTEXT('2D SPACE',''
  ) );
#2670 = PCURVE('',#2281,#2671);
#2671 = DEFINITIONAL_REPRESENTATION('',(#2672),#2676);
#2672 = LINE('',#2673,#2674);
#2673 = CARTESIAN_POINT('',(0.,0.));
#2674 = VECTOR('',#2675,1.);
#2675 = DIRECTION('',(0.,1.));
#2676 = ( GEOMETRIC_REPRESENTATION_CONTEXT(2) 
PARAMETRIC_REPRESENTATION_CONTEXT() REPRESENTATION_CONTEXT('2D SPACE',''
  ) );
#2677 = ORIENTED_EDGE('',*,*,#1198,.F.);
#2678 = ORIENTED_EDGE('',*,*,#2679,.F.);
#2679 = EDGE_CURVE('',#2624,#1199,#2680,.T.);
#2680 = SURFACE_CURVE('',#2681,(#2689,#2701),.PCURVE_S1.);
#2681 = B_SPLINE_CURVE_WITH_KNOTS('',6,(#2682,#2683,#2684,#2685,#2686,
    #2687,#2688),.UNSPECIFIED.,.F.,.F.,(7,7),(169.33716692866,
    174.04955590905),.PIECEWISE_BEZIER_KNOTS.);
#2682 = CARTESIAN_POINT('',(40.9,37.899999995838,-4.4));
#2683 = CARTESIAN_POINT('',(40.9,38.685394563788,-4.4));
#2684 = CARTESIAN_POINT('',(40.65331885412,39.470735421423,-4.4));
#2685 = CARTESIAN_POINT('',(40.159565528543,40.159565524381,-4.4));
#2686 = CARTESIAN_POINT('',(39.470735425584,40.653318849958,-4.4));
#2687 = CARTESIAN_POINT('',(38.68539456795,40.899999995839,-4.4));
#2688 = CARTESIAN_POINT('',(37.9,40.899999995838,-4.4));
#2689 = PCURVE('',#1214,#2690);
#2690 = DEFINITIONAL_REPRESENTATION('',(#2691),#2700);
#2691 = B_SPLINE_CURVE_WITH_KNOTS('',7,(#2692,#2693,#2694,#2695,#2696,
    #2697,#2698,#2699),.UNSPECIFIED.,.F.,.F.,(8,8),(169.33716692866,
    174.04955590905),.PIECEWISE_BEZIER_KNOTS.);
#2692 = CARTESIAN_POINT('',(-2.40552659029E-15,-3.));
#2693 = CARTESIAN_POINT('',(-0.224398447985,-3.));
#2694 = CARTESIAN_POINT('',(-0.448781245184,-3.));
#2695 = CARTESIAN_POINT('',(-0.673245917337,-3.));
#2696 = CARTESIAN_POINT('',(-0.897550409458,-3.));
#2697 = CARTESIAN_POINT('',(-1.122015081612,-3.));
#2698 = CARTESIAN_POINT('',(-1.346397878809,-3.));
#2699 = CARTESIAN_POINT('',(-1.570796326795,-3.));
#2700 = ( GEOMETRIC_REPRESENTATION_CONTEXT(2) 
PARAMETRIC_REPRESENTATION_CONTEXT() REPRESENTATION_CONTEXT('2D SPACE',''
  ) );
#2701 = PCURVE('',#1999,#2702);
#2702 = DEFINITIONAL_REPRESENTATION('',(#2703),#2707);
#2703 = LINE('',#2704,#2705);
#2704 = CARTESIAN_POINT('',(0.,0.));
#2705 = VECTOR('',#2706,1.);
#2706 = DIRECTION('',(0.,1.));
#2707 = ( GEOMETRIC_REPRESENTATION_CONTEXT(2) 
PARAMETRIC_REPRESENTATION_CONTEXT() REPRESENTATION_CONTEXT('2D SPACE',''
  ) );
#2708 = ADVANCED_FACE('',(#2709),#1288,.T.);
#2709 = FACE_BOUND('',#2710,.T.);
#2710 = EDGE_LOOP('',(#2711,#2712,#2713,#2732));
#2711 = ORIENTED_EDGE('',*,*,#1275,.F.);
#2712 = ORIENTED_EDGE('',*,*,#2099,.T.);
#2713 = ORIENTED_EDGE('',*,*,#2714,.T.);
#2714 = EDGE_CURVE('',#2100,#1420,#2715,.T.);
#2715 = SURFACE_CURVE('',#2716,(#2720,#2726),.PCURVE_S1.);
#2716 = LINE('',#2717,#2718);
#2717 = CARTESIAN_POINT('',(37.899999995838,-3.15,-6.65));
#2718 = VECTOR('',#2719,1.);
#2719 = DIRECTION('',(0.,-0.707106781187,0.707106781187));
#2720 = PCURVE('',#1288,#2721);
#2721 = DEFINITIONAL_REPRESENTATION('',(#2722),#2725);
#2722 = B_SPLINE_CURVE_WITH_KNOTS('',1,(#2723,#2724),.UNSPECIFIED.,.F.,
  .F.,(2,2),(-1.06066017178,1.06066017178),.PIECEWISE_BEZIER_KNOTS.);
#2723 = CARTESIAN_POINT('',(38.799999995838,-1.06066017178));
#2724 = CARTESIAN_POINT('',(38.799999995838,1.06066017178));
#2725 = ( GEOMETRIC_REPRESENTATION_CONTEXT(2) 
PARAMETRIC_REPRESENTATION_CONTEXT() REPRESENTATION_CONTEXT('2D SPACE',''
  ) );
#2726 = PCURVE('',#2139,#2727);
#2727 = DEFINITIONAL_REPRESENTATION('',(#2728),#2731);
#2728 = B_SPLINE_CURVE_WITH_KNOTS('',1,(#2729,#2730),.UNSPECIFIED.,.F.,
  .F.,(2,2),(-1.06066017178,1.06066017178),.PIECEWISE_BEZIER_KNOTS.);
#2729 = CARTESIAN_POINT('',(0.,-1.5));
#2730 = CARTESIAN_POINT('',(0.,-3.140184917368E-16));
#2731 = ( GEOMETRIC_REPRESENTATION_CONTEXT(2) 
PARAMETRIC_REPRESENTATION_CONTEXT() REPRESENTATION_CONTEXT('2D SPACE',''
  ) );
#2732 = ORIENTED_EDGE('',*,*,#1455,.F.);
#2733 = ADVANCED_FACE('',(#2734),#1434,.T.);
#2734 = FACE_BOUND('',#2735,.T.);
#2735 = EDGE_LOOP('',(#2736,#2737,#2771,#2794));
#2736 = ORIENTED_EDGE('',*,*,#1419,.T.);
#2737 = ORIENTED_EDGE('',*,*,#2738,.T.);
#2738 = EDGE_CURVE('',#1420,#2739,#2741,.T.);
#2739 = VERTEX_POINT('',#2740);
#2740 = CARTESIAN_POINT('',(39.839339824058,-0.9,-6.96066017178));
#2741 = SURFACE_CURVE('',#2742,(#2750,#2757),.PCURVE_S1.);
#2742 = B_SPLINE_CURVE_WITH_KNOTS('',6,(#2743,#2744,#2745,#2746,#2747,
    #2748,#2749),.UNSPECIFIED.,.F.,.F.,(7,7),(125.82477795244,
    130.53716693283),.PIECEWISE_BEZIER_KNOTS.);
#2743 = CARTESIAN_POINT('',(37.899999995838,-2.83933982822,
    -6.96066017178));
#2744 = CARTESIAN_POINT('',(38.407715651336,-2.83933982822,
    -6.96066017178));
#2745 = CARTESIAN_POINT('',(38.915396585982,-2.679873637861,
    -6.96066017178));
#2746 = CARTESIAN_POINT('',(39.360688470497,-2.360688474658,
    -6.96066017178));
#2747 = CARTESIAN_POINT('',(39.679873633699,-1.915396590144,
    -6.96066017178));
#2748 = CARTESIAN_POINT('',(39.839339824058,-1.407715655497,
    -6.96066017178));
#2749 = CARTESIAN_POINT('',(39.839339824058,-0.9,-6.96066017178));
#2750 = PCURVE('',#1434,#2751);
#2751 = DEFINITIONAL_REPRESENTATION('',(#2752),#2756);
#2752 = LINE('',#2753,#2754);
#2753 = CARTESIAN_POINT('',(4.712388980385,0.));
#2754 = VECTOR('',#2755,1.);
#2755 = DIRECTION('',(0.,1.));
#2756 = ( GEOMETRIC_REPRESENTATION_CONTEXT(2) 
PARAMETRIC_REPRESENTATION_CONTEXT() REPRESENTATION_CONTEXT('2D SPACE',''
  ) );
#2757 = PCURVE('',#2139,#2758);
#2758 = DEFINITIONAL_REPRESENTATION('',(#2759),#2770);
#2759 = B_SPLINE_CURVE_WITH_KNOTS('',9,(#2760,#2761,#2762,#2763,#2764,
    #2765,#2766,#2767,#2768,#2769),.UNSPECIFIED.,.F.,.F.,(10,10),(
    125.82477795244,130.53716693283),.PIECEWISE_BEZIER_KNOTS.);
#2760 = CARTESIAN_POINT('',(-3.62677191736E-15,-1.06066017178));
#2761 = CARTESIAN_POINT('',(0.174532126211,-1.06066017178));
#2762 = CARTESIAN_POINT('',(0.349056831434,-1.06066017178));
#2763 = CARTESIAN_POINT('',(0.523603035018,-1.06066017178));
#2764 = CARTESIAN_POINT('',(0.69815365839,-1.06066017178));
#2765 = CARTESIAN_POINT('',(0.872642668405,-1.06066017178));
#2766 = CARTESIAN_POINT('',(1.047193291777,-1.06066017178));
#2767 = CARTESIAN_POINT('',(1.221739495361,-1.06066017178));
#2768 = CARTESIAN_POINT('',(1.396264200584,-1.06066017178));
#2769 = CARTESIAN_POINT('',(1.570796326795,-1.06066017178));
#2770 = ( GEOMETRIC_REPRESENTATION_CONTEXT(2) 
PARAMETRIC_REPRESENTATION_CONTEXT() REPRESENTATION_CONTEXT('2D SPACE',''
  ) );
#2771 = ORIENTED_EDGE('',*,*,#2772,.F.);
#2772 = EDGE_CURVE('',#1924,#2739,#2773,.T.);
#2773 = SURFACE_CURVE('',#2774,(#2777,#2783),.PCURVE_S1.);
#2774 = B_SPLINE_CURVE_WITH_KNOTS('',1,(#2775,#2776),.UNSPECIFIED.,.F.,
  .F.,(2,2),(0.,4.712388980385),.PIECEWISE_BEZIER_KNOTS.);
#2775 = CARTESIAN_POINT('',(40.899999995838,-0.9,-4.4));
#2776 = CARTESIAN_POINT('',(39.839339824058,-0.9,-6.96066017178));
#2777 = PCURVE('',#1434,#2778);
#2778 = DEFINITIONAL_REPRESENTATION('',(#2779),#2782);
#2779 = B_SPLINE_CURVE_WITH_KNOTS('',1,(#2780,#2781),.UNSPECIFIED.,.F.,
  .F.,(2,2),(0.,4.712388980385),.PIECEWISE_BEZIER_KNOTS.);
#2780 = CARTESIAN_POINT('',(0.,130.53716693283));
#2781 = CARTESIAN_POINT('',(4.712388980385,130.53716693283));
#2782 = ( GEOMETRIC_REPRESENTATION_CONTEXT(2) 
PARAMETRIC_REPRESENTATION_CONTEXT() REPRESENTATION_CONTEXT('2D SPACE',''
  ) );
#2783 = PCURVE('',#2784,#2789);
#2784 = PLANE('',#2785);
#2785 = AXIS2_PLACEMENT_3D('',#2786,#2787,#2788);
#2786 = CARTESIAN_POINT('',(40.36966991411,-0.9,-5.68033008589));
#2787 = DIRECTION('',(-0.923879532511,1.440097047929E-17,0.382683432365)
  );
#2788 = DIRECTION('',(1.330476187412E-17,1.,-5.511012812403E-18));
#2789 = DEFINITIONAL_REPRESENTATION('',(#2790),#2793);
#2790 = B_SPLINE_CURVE_WITH_KNOTS('',1,(#2791,#2792),.UNSPECIFIED.,.F.,
  .F.,(2,2),(0.,4.712388980385),.PIECEWISE_BEZIER_KNOTS.);
#2791 = CARTESIAN_POINT('',(0.,-1.385819298767));
#2792 = CARTESIAN_POINT('',(0.,1.385819298767));
#2793 = ( GEOMETRIC_REPRESENTATION_CONTEXT(2) 
PARAMETRIC_REPRESENTATION_CONTEXT() REPRESENTATION_CONTEXT('2D SPACE',''
  ) );
#2794 = ORIENTED_EDGE('',*,*,#1951,.F.);
#2795 = ADVANCED_FACE('',(#2796),#1388,.T.);
#2796 = FACE_BOUND('',#2797,.T.);
#2797 = EDGE_LOOP('',(#2798,#2799,#2800,#2801));
#2798 = ORIENTED_EDGE('',*,*,#1739,.F.);
#2799 = ORIENTED_EDGE('',*,*,#1373,.T.);
#2800 = ORIENTED_EDGE('',*,*,#1843,.T.);
#2801 = ORIENTED_EDGE('',*,*,#2802,.F.);
#2802 = EDGE_CURVE('',#1740,#1844,#2803,.T.);
#2803 = SURFACE_CURVE('',#2804,(#2808,#2815),.PCURVE_S1.);
#2804 = LINE('',#2805,#2806);
#2805 = CARTESIAN_POINT('',(11.4,-3.3,-5.6));
#2806 = VECTOR('',#2807,1.);
#2807 = DIRECTION('',(1.,0.,-0.));
#2808 = PCURVE('',#1388,#2809);
#2809 = DEFINITIONAL_REPRESENTATION('',(#2810),#2814);
#2810 = LINE('',#2811,#2812);
#2811 = CARTESIAN_POINT('',(0.,5.6));
#2812 = VECTOR('',#2813,1.);
#2813 = DIRECTION('',(1.,0.));
#2814 = ( GEOMETRIC_REPRESENTATION_CONTEXT(2) 
PARAMETRIC_REPRESENTATION_CONTEXT() REPRESENTATION_CONTEXT('2D SPACE',''
  ) );
#2815 = PCURVE('',#1776,#2816);
#2816 = DEFINITIONAL_REPRESENTATION('',(#2817),#2821);
#2817 = LINE('',#2818,#2819);
#2818 = CARTESIAN_POINT('',(0.,0.));
#2819 = VECTOR('',#2820,1.);
#2820 = DIRECTION('',(0.,1.));
#2821 = ( GEOMETRIC_REPRESENTATION_CONTEXT(2) 
PARAMETRIC_REPRESENTATION_CONTEXT() REPRESENTATION_CONTEXT('2D SPACE',''
  ) );
#2822 = ADVANCED_FACE('',(#2823,#2829),#1341,.F.);
#2823 = FACE_BOUND('',#2824,.F.);
#2824 = EDGE_LOOP('',(#2825,#2826,#2827,#2828));
#2825 = ORIENTED_EDGE('',*,*,#1717,.F.);
#2826 = ORIENTED_EDGE('',*,*,#1326,.T.);
#2827 = ORIENTED_EDGE('',*,*,#1619,.T.);
#2828 = ORIENTED_EDGE('',*,*,#1668,.T.);
#2829 = FACE_BOUND('',#2830,.F.);
#2830 = EDGE_LOOP('',(#2831,#2859,#2885,#2911));
#2831 = ORIENTED_EDGE('',*,*,#2832,.F.);
#2832 = EDGE_CURVE('',#2833,#2835,#2837,.T.);
#2833 = VERTEX_POINT('',#2834);
#2834 = CARTESIAN_POINT('',(1.,-3.5,-5.));
#2835 = VERTEX_POINT('',#2836);
#2836 = CARTESIAN_POINT('',(1.,-3.5,-1.));
#2837 = SURFACE_CURVE('',#2838,(#2842,#2848),.PCURVE_S1.);
#2838 = LINE('',#2839,#2840);
#2839 = CARTESIAN_POINT('',(1.,-3.5,-5.2));
#2840 = VECTOR('',#2841,1.);
#2841 = DIRECTION('',(0.,0.,1.));
#2842 = PCURVE('',#1341,#2843);
#2843 = DEFINITIONAL_REPRESENTATION('',(#2844),#2847);
#2844 = B_SPLINE_CURVE_WITH_KNOTS('',1,(#2845,#2846),.UNSPECIFIED.,.F.,
  .F.,(2,2),(0.2,4.2),.PIECEWISE_BEZIER_KNOTS.);
#2845 = CARTESIAN_POINT('',(0.4,0.4));
#2846 = CARTESIAN_POINT('',(4.4,0.4));
#2847 = ( GEOMETRIC_REPRESENTATION_CONTEXT(2) 
PARAMETRIC_REPRESENTATION_CONTEXT() REPRESENTATION_CONTEXT('2D SPACE',''
  ) );
#2848 = PCURVE('',#2849,#2854);
#2849 = PLANE('',#2850);
#2850 = AXIS2_PLACEMENT_3D('',#2851,#2852,#2853);
#2851 = CARTESIAN_POINT('',(1.,-8.9,-5.));
#2852 = DIRECTION('',(1.,0.,-0.));
#2853 = DIRECTION('',(0.,0.,1.));
#2854 = DEFINITIONAL_REPRESENTATION('',(#2855),#2858);
#2855 = B_SPLINE_CURVE_WITH_KNOTS('',1,(#2856,#2857),.UNSPECIFIED.,.F.,
  .F.,(2,2),(0.2,4.2),.PIECEWISE_BEZIER_KNOTS.);
#2856 = CARTESIAN_POINT('',(0.,-5.4));
#2857 = CARTESIAN_POINT('',(4.,-5.4));
#2858 = ( GEOMETRIC_REPRESENTATION_CONTEXT(2) 
PARAMETRIC_REPRESENTATION_CONTEXT() REPRESENTATION_CONTEXT('2D SPACE',''
  ) );
#2859 = ORIENTED_EDGE('',*,*,#2860,.F.);
#2860 = EDGE_CURVE('',#2861,#2833,#2863,.T.);
#2861 = VERTEX_POINT('',#2862);
#2862 = CARTESIAN_POINT('',(11.,-3.5,-5.));
#2863 = SURFACE_CURVE('',#2864,(#2868,#2874),.PCURVE_S1.);
#2864 = LINE('',#2865,#2866);
#2865 = CARTESIAN_POINT('',(0.8,-3.5,-5.));
#2866 = VECTOR('',#2867,1.);
#2867 = DIRECTION('',(-1.,-0.,0.));
#2868 = PCURVE('',#1341,#2869);
#2869 = DEFINITIONAL_REPRESENTATION('',(#2870),#2873);
#2870 = B_SPLINE_CURVE_WITH_KNOTS('',1,(#2871,#2872),.UNSPECIFIED.,.F.,
  .F.,(2,2),(-10.6,0.2),.PIECEWISE_BEZIER_KNOTS.);
#2871 = CARTESIAN_POINT('',(0.4,10.8));
#2872 = CARTESIAN_POINT('',(0.4,0.));
#2873 = ( GEOMETRIC_REPRESENTATION_CONTEXT(2) 
PARAMETRIC_REPRESENTATION_CONTEXT() REPRESENTATION_CONTEXT('2D SPACE',''
  ) );
#2874 = PCURVE('',#2875,#2880);
#2875 = PLANE('',#2876);
#2876 = AXIS2_PLACEMENT_3D('',#2877,#2878,#2879);
#2877 = CARTESIAN_POINT('',(1.,-8.9,-5.));
#2878 = DIRECTION('',(0.,0.,1.));
#2879 = DIRECTION('',(1.,0.,-0.));
#2880 = DEFINITIONAL_REPRESENTATION('',(#2881),#2884);
#2881 = B_SPLINE_CURVE_WITH_KNOTS('',1,(#2882,#2883),.UNSPECIFIED.,.F.,
  .F.,(2,2),(-10.6,0.2),.PIECEWISE_BEZIER_KNOTS.);
#2882 = CARTESIAN_POINT('',(10.4,5.4));
#2883 = CARTESIAN_POINT('',(-0.4,5.4));
#2884 = ( GEOMETRIC_REPRESENTATION_CONTEXT(2) 
PARAMETRIC_REPRESENTATION_CONTEXT() REPRESENTATION_CONTEXT('2D SPACE',''
  ) );
#2885 = ORIENTED_EDGE('',*,*,#2886,.T.);
#2886 = EDGE_CURVE('',#2861,#2887,#2889,.T.);
#2887 = VERTEX_POINT('',#2888);
#2888 = CARTESIAN_POINT('',(11.,-3.5,-1.));
#2889 = SURFACE_CURVE('',#2890,(#2894,#2900),.PCURVE_S1.);
#2890 = LINE('',#2891,#2892);
#2891 = CARTESIAN_POINT('',(11.,-3.5,-5.2));
#2892 = VECTOR('',#2893,1.);
#2893 = DIRECTION('',(0.,0.,1.));
#2894 = PCURVE('',#1341,#2895);
#2895 = DEFINITIONAL_REPRESENTATION('',(#2896),#2899);
#2896 = B_SPLINE_CURVE_WITH_KNOTS('',1,(#2897,#2898),.UNSPECIFIED.,.F.,
  .F.,(2,2),(0.2,4.2),.PIECEWISE_BEZIER_KNOTS.);
#2897 = CARTESIAN_POINT('',(0.4,10.4));
#2898 = CARTESIAN_POINT('',(4.4,10.4));
#2899 = ( GEOMETRIC_REPRESENTATION_CONTEXT(2) 
PARAMETRIC_REPRESENTATION_CONTEXT() REPRESENTATION_CONTEXT('2D SPACE',''
  ) );
#2900 = PCURVE('',#2901,#2906);
#2901 = PLANE('',#2902);
#2902 = AXIS2_PLACEMENT_3D('',#2903,#2904,#2905);
#2903 = CARTESIAN_POINT('',(11.,-8.9,-5.));
#2904 = DIRECTION('',(1.,0.,-0.));
#2905 = DIRECTION('',(0.,0.,1.));
#2906 = DEFINITIONAL_REPRESENTATION('',(#2907),#2910);
#2907 = B_SPLINE_CURVE_WITH_KNOTS('',1,(#2908,#2909),.UNSPECIFIED.,.F.,
  .F.,(2,2),(0.2,4.2),.PIECEWISE_BEZIER_KNOTS.);
#2908 = CARTESIAN_POINT('',(0.,-5.4));
#2909 = CARTESIAN_POINT('',(4.,-5.4));
#2910 = ( GEOMETRIC_REPRESENTATION_CONTEXT(2) 
PARAMETRIC_REPRESENTATION_CONTEXT() REPRESENTATION_CONTEXT('2D SPACE',''
  ) );
#2911 = ORIENTED_EDGE('',*,*,#2912,.T.);
#2912 = EDGE_CURVE('',#2887,#2835,#2913,.T.);
#2913 = SURFACE_CURVE('',#2914,(#2918,#2924),.PCURVE_S1.);
#2914 = LINE('',#2915,#2916);
#2915 = CARTESIAN_POINT('',(0.8,-3.5,-1.));
#2916 = VECTOR('',#2917,1.);
#2917 = DIRECTION('',(-1.,-0.,0.));
#2918 = PCURVE('',#1341,#2919);
#2919 = DEFINITIONAL_REPRESENTATION('',(#2920),#2923);
#2920 = B_SPLINE_CURVE_WITH_KNOTS('',1,(#2921,#2922),.UNSPECIFIED.,.F.,
  .F.,(2,2),(-10.2,-0.2),.PIECEWISE_BEZIER_KNOTS.);
#2921 = CARTESIAN_POINT('',(4.4,10.4));
#2922 = CARTESIAN_POINT('',(4.4,0.4));
#2923 = ( GEOMETRIC_REPRESENTATION_CONTEXT(2) 
PARAMETRIC_REPRESENTATION_CONTEXT() REPRESENTATION_CONTEXT('2D SPACE',''
  ) );
#2924 = PCURVE('',#2925,#2930);
#2925 = PLANE('',#2926);
#2926 = AXIS2_PLACEMENT_3D('',#2927,#2928,#2929);
#2927 = CARTESIAN_POINT('',(1.,-8.9,-1.));
#2928 = DIRECTION('',(0.,0.,1.));
#2929 = DIRECTION('',(1.,0.,-0.));
#2930 = DEFINITIONAL_REPRESENTATION('',(#2931),#2934);
#2931 = B_SPLINE_CURVE_WITH_KNOTS('',1,(#2932,#2933),.UNSPECIFIED.,.F.,
  .F.,(2,2),(-10.2,-0.2),.PIECEWISE_BEZIER_KNOTS.);
#2932 = CARTESIAN_POINT('',(10.,5.4));
#2933 = CARTESIAN_POINT('',(0.,5.4));
#2934 = ( GEOMETRIC_REPRESENTATION_CONTEXT(2) 
PARAMETRIC_REPRESENTATION_CONTEXT() REPRESENTATION_CONTEXT('2D SPACE',''
  ) );
#2935 = ADVANCED_FACE('',(#2936),#1517,.F.);
#2936 = FACE_BOUND('',#2937,.F.);
#2937 = EDGE_LOOP('',(#2938,#2939,#2940,#2959));
#2938 = ORIENTED_EDGE('',*,*,#1504,.F.);
#2939 = ORIENTED_EDGE('',*,*,#2381,.T.);
#2940 = ORIENTED_EDGE('',*,*,#2941,.T.);
#2941 = EDGE_CURVE('',#2382,#1535,#2942,.T.);
#2942 = SURFACE_CURVE('',#2943,(#2947,#2953),.PCURVE_S1.);
#2943 = LINE('',#2944,#2945);
#2944 = CARTESIAN_POINT('',(37.899999995838,-3.15,9.25));
#2945 = VECTOR('',#2946,1.);
#2946 = DIRECTION('',(0.,-0.707106781187,-0.707106781187));
#2947 = PCURVE('',#1517,#2948);
#2948 = DEFINITIONAL_REPRESENTATION('',(#2949),#2952);
#2949 = B_SPLINE_CURVE_WITH_KNOTS('',1,(#2950,#2951),.UNSPECIFIED.,.F.,
  .F.,(2,2),(-1.06066017178,1.06066017178),.PIECEWISE_BEZIER_KNOTS.);
#2950 = CARTESIAN_POINT('',(38.799999995838,-1.06066017178));
#2951 = CARTESIAN_POINT('',(38.799999995838,1.06066017178));
#2952 = ( GEOMETRIC_REPRESENTATION_CONTEXT(2) 
PARAMETRIC_REPRESENTATION_CONTEXT() REPRESENTATION_CONTEXT('2D SPACE',''
  ) );
#2953 = PCURVE('',#2421,#2954);
#2954 = DEFINITIONAL_REPRESENTATION('',(#2955),#2958);
#2955 = B_SPLINE_CURVE_WITH_KNOTS('',1,(#2956,#2957),.UNSPECIFIED.,.F.,
  .F.,(2,2),(-1.06066017178,1.06066017178),.PIECEWISE_BEZIER_KNOTS.);
#2956 = CARTESIAN_POINT('',(0.,-1.5));
#2957 = CARTESIAN_POINT('',(0.,3.140184917368E-16));
#2958 = ( GEOMETRIC_REPRESENTATION_CONTEXT(2) 
PARAMETRIC_REPRESENTATION_CONTEXT() REPRESENTATION_CONTEXT('2D SPACE',''
  ) );
#2959 = ORIENTED_EDGE('',*,*,#1570,.F.);
#2960 = ADVANCED_FACE('',(#2961),#1549,.F.);
#2961 = FACE_BOUND('',#2962,.F.);
#2962 = EDGE_LOOP('',(#2963,#2964,#2998,#3021));
#2963 = ORIENTED_EDGE('',*,*,#1534,.T.);
#2964 = ORIENTED_EDGE('',*,*,#2965,.T.);
#2965 = EDGE_CURVE('',#1535,#2966,#2968,.T.);
#2966 = VERTEX_POINT('',#2967);
#2967 = CARTESIAN_POINT('',(39.839339824058,-0.9,9.56066017178));
#2968 = SURFACE_CURVE('',#2969,(#2977,#2984),.PCURVE_S1.);
#2969 = B_SPLINE_CURVE_WITH_KNOTS('',6,(#2970,#2971,#2972,#2973,#2974,
    #2975,#2976),.UNSPECIFIED.,.F.,.F.,(7,7),(125.82477795244,
    130.53716693283),.PIECEWISE_BEZIER_KNOTS.);
#2970 = CARTESIAN_POINT('',(37.899999995838,-2.83933982822,9.56066017178
    ));
#2971 = CARTESIAN_POINT('',(38.407715651336,-2.83933982822,9.56066017178
    ));
#2972 = CARTESIAN_POINT('',(38.915396585982,-2.679873637861,
    9.56066017178));
#2973 = CARTESIAN_POINT('',(39.360688470497,-2.360688474658,
    9.56066017178));
#2974 = CARTESIAN_POINT('',(39.679873633699,-1.915396590144,
    9.56066017178));
#2975 = CARTESIAN_POINT('',(39.839339824058,-1.407715655497,
    9.56066017178));
#2976 = CARTESIAN_POINT('',(39.839339824058,-0.9,9.56066017178));
#2977 = PCURVE('',#1549,#2978);
#2978 = DEFINITIONAL_REPRESENTATION('',(#2979),#2983);
#2979 = LINE('',#2980,#2981);
#2980 = CARTESIAN_POINT('',(4.712388980385,0.));
#2981 = VECTOR('',#2982,1.);
#2982 = DIRECTION('',(0.,1.));
#2983 = ( GEOMETRIC_REPRESENTATION_CONTEXT(2) 
PARAMETRIC_REPRESENTATION_CONTEXT() REPRESENTATION_CONTEXT('2D SPACE',''
  ) );
#2984 = PCURVE('',#2421,#2985);
#2985 = DEFINITIONAL_REPRESENTATION('',(#2986),#2997);
#2986 = B_SPLINE_CURVE_WITH_KNOTS('',9,(#2987,#2988,#2989,#2990,#2991,
    #2992,#2993,#2994,#2995,#2996),.UNSPECIFIED.,.F.,.F.,(10,10),(
    125.82477795244,130.53716693283),.PIECEWISE_BEZIER_KNOTS.);
#2987 = CARTESIAN_POINT('',(3.959838824748E-15,-1.06066017178));
#2988 = CARTESIAN_POINT('',(-0.174532126211,-1.06066017178));
#2989 = CARTESIAN_POINT('',(-0.349056831434,-1.06066017178));
#2990 = CARTESIAN_POINT('',(-0.523603035018,-1.06066017178));
#2991 = CARTESIAN_POINT('',(-0.69815365839,-1.06066017178));
#2992 = CARTESIAN_POINT('',(-0.872642668405,-1.06066017178));
#2993 = CARTESIAN_POINT('',(-1.047193291777,-1.06066017178));
#2994 = CARTESIAN_POINT('',(-1.221739495361,-1.06066017178));
#2995 = CARTESIAN_POINT('',(-1.396264200584,-1.06066017178));
#2996 = CARTESIAN_POINT('',(-1.570796326795,-1.06066017178));
#2997 = ( GEOMETRIC_REPRESENTATION_CONTEXT(2) 
PARAMETRIC_REPRESENTATION_CONTEXT() REPRESENTATION_CONTEXT('2D SPACE',''
  ) );
#2998 = ORIENTED_EDGE('',*,*,#2999,.F.);
#2999 = EDGE_CURVE('',#1892,#2966,#3000,.T.);
#3000 = SURFACE_CURVE('',#3001,(#3004,#3010),.PCURVE_S1.);
#3001 = B_SPLINE_CURVE_WITH_KNOTS('',1,(#3002,#3003),.UNSPECIFIED.,.F.,
  .F.,(2,2),(0.,4.712388980385),.PIECEWISE_BEZIER_KNOTS.);
#3002 = CARTESIAN_POINT('',(40.899999995838,-0.9,7.));
#3003 = CARTESIAN_POINT('',(39.839339824058,-0.9,9.56066017178));
#3004 = PCURVE('',#1549,#3005);
#3005 = DEFINITIONAL_REPRESENTATION('',(#3006),#3009);
#3006 = B_SPLINE_CURVE_WITH_KNOTS('',1,(#3007,#3008),.UNSPECIFIED.,.F.,
  .F.,(2,2),(0.,4.712388980385),.PIECEWISE_BEZIER_KNOTS.);
#3007 = CARTESIAN_POINT('',(0.,130.53716693283));
#3008 = CARTESIAN_POINT('',(4.712388980385,130.53716693283));
#3009 = ( GEOMETRIC_REPRESENTATION_CONTEXT(2) 
PARAMETRIC_REPRESENTATION_CONTEXT() REPRESENTATION_CONTEXT('2D SPACE',''
  ) );
#3010 = PCURVE('',#3011,#3016);
#3011 = PLANE('',#3012);
#3012 = AXIS2_PLACEMENT_3D('',#3013,#3014,#3015);
#3013 = CARTESIAN_POINT('',(40.36966991411,-0.9,8.28033008589));
#3014 = DIRECTION('',(0.923879532511,-1.440097047929E-17,0.382683432365)
  );
#3015 = DIRECTION('',(1.330476187412E-17,1.,5.511012812403E-18));
#3016 = DEFINITIONAL_REPRESENTATION('',(#3017),#3020);
#3017 = B_SPLINE_CURVE_WITH_KNOTS('',1,(#3018,#3019),.UNSPECIFIED.,.F.,
  .F.,(2,2),(0.,4.712388980385),.PIECEWISE_BEZIER_KNOTS.);
#3018 = CARTESIAN_POINT('',(0.,-1.385819298767));
#3019 = CARTESIAN_POINT('',(0.,1.385819298767));
#3020 = ( GEOMETRIC_REPRESENTATION_CONTEXT(2) 
PARAMETRIC_REPRESENTATION_CONTEXT() REPRESENTATION_CONTEXT('2D SPACE',''
  ) );
#3021 = ORIENTED_EDGE('',*,*,#1891,.F.);
#3022 = ADVANCED_FACE('',(#3023,#3029),#1776,.F.);
#3023 = FACE_BOUND('',#3024,.F.);
#3024 = EDGE_LOOP('',(#3025,#3026,#3027,#3028));
#3025 = ORIENTED_EDGE('',*,*,#2802,.F.);
#3026 = ORIENTED_EDGE('',*,*,#1762,.T.);
#3027 = ORIENTED_EDGE('',*,*,#1816,.T.);
#3028 = ORIENTED_EDGE('',*,*,#1866,.F.);
#3029 = FACE_BOUND('',#3030,.F.);
#3030 = EDGE_LOOP('',(#3031,#3059,#3081,#3107));
#3031 = ORIENTED_EDGE('',*,*,#3032,.F.);
#3032 = EDGE_CURVE('',#3033,#3035,#3037,.T.);
#3033 = VERTEX_POINT('',#3034);
#3034 = CARTESIAN_POINT('',(12.,-3.3,-5.));
#3035 = VERTEX_POINT('',#3036);
#3036 = CARTESIAN_POINT('',(12.,-3.3,2.5));
#3037 = SURFACE_CURVE('',#3038,(#3042,#3048),.PCURVE_S1.);
#3038 = LINE('',#3039,#3040);
#3039 = CARTESIAN_POINT('',(12.,-3.3,-5.3));
#3040 = VECTOR('',#3041,1.);
#3041 = DIRECTION('',(0.,0.,1.));
#3042 = PCURVE('',#1776,#3043);
#3043 = DEFINITIONAL_REPRESENTATION('',(#3044),#3047);
#3044 = B_SPLINE_CURVE_WITH_KNOTS('',1,(#3045,#3046),.UNSPECIFIED.,.F.,
  .F.,(2,2),(0.3,7.8),.PIECEWISE_BEZIER_KNOTS.);
#3045 = CARTESIAN_POINT('',(0.6,0.6));
#3046 = CARTESIAN_POINT('',(8.1,0.6));
#3047 = ( GEOMETRIC_REPRESENTATION_CONTEXT(2) 
PARAMETRIC_REPRESENTATION_CONTEXT() REPRESENTATION_CONTEXT('2D SPACE',''
  ) );
#3048 = PCURVE('',#3049,#3054);
#3049 = PLANE('',#3050);
#3050 = AXIS2_PLACEMENT_3D('',#3051,#3052,#3053);
#3051 = CARTESIAN_POINT('',(12.,-8.9,-5.));
#3052 = DIRECTION('',(1.,0.,-0.));
#3053 = DIRECTION('',(0.,0.,1.));
#3054 = DEFINITIONAL_REPRESENTATION('',(#3055),#3058);
#3055 = B_SPLINE_CURVE_WITH_KNOTS('',1,(#3056,#3057),.UNSPECIFIED.,.F.,
  .F.,(2,2),(0.3,7.8),.PIECEWISE_BEZIER_KNOTS.);
#3056 = CARTESIAN_POINT('',(0.,-5.6));
#3057 = CARTESIAN_POINT('',(7.5,-5.6));
#3058 = ( GEOMETRIC_REPRESENTATION_CONTEXT(2) 
PARAMETRIC_REPRESENTATION_CONTEXT() REPRESENTATION_CONTEXT('2D SPACE',''
  ) );
#3059 = ORIENTED_EDGE('',*,*,#3060,.F.);
#3060 = EDGE_CURVE('',#3061,#3033,#3063,.T.);
#3061 = VERTEX_POINT('',#3062);
#3062 = CARTESIAN_POINT('',(25.,-3.3,-5.));
#3063 = SURFACE_CURVE('',#3064,(#3068,#3074),.PCURVE_S1.);
#3064 = LINE('',#3065,#3066);
#3065 = CARTESIAN_POINT('',(11.7,-3.3,-5.));
#3066 = VECTOR('',#3067,1.);
#3067 = DIRECTION('',(-1.,-0.,0.));
#3068 = PCURVE('',#1776,#3069);
#3069 = DEFINITIONAL_REPRESENTATION('',(#3070),#3073);
#3070 = B_SPLINE_CURVE_WITH_KNOTS('',1,(#3071,#3072),.UNSPECIFIED.,.F.,
  .F.,(2,2),(-13.9,0.3),.PIECEWISE_BEZIER_KNOTS.);
#3071 = CARTESIAN_POINT('',(0.6,14.2));
#3072 = CARTESIAN_POINT('',(0.6,0.));
#3073 = ( GEOMETRIC_REPRESENTATION_CONTEXT(2) 
PARAMETRIC_REPRESENTATION_CONTEXT() REPRESENTATION_CONTEXT('2D SPACE',''
  ) );
#3074 = PCURVE('',#2875,#3075);
#3075 = DEFINITIONAL_REPRESENTATION('',(#3076),#3080);
#3076 = LINE('',#3077,#3078);
#3077 = CARTESIAN_POINT('',(10.7,5.6));
#3078 = VECTOR('',#3079,1.);
#3079 = DIRECTION('',(-1.,0.));
#3080 = ( GEOMETRIC_REPRESENTATION_CONTEXT(2) 
PARAMETRIC_REPRESENTATION_CONTEXT() REPRESENTATION_CONTEXT('2D SPACE',''
  ) );
#3081 = ORIENTED_EDGE('',*,*,#3082,.T.);
#3082 = EDGE_CURVE('',#3061,#3083,#3085,.T.);
#3083 = VERTEX_POINT('',#3084);
#3084 = CARTESIAN_POINT('',(25.,-3.3,2.5));
#3085 = SURFACE_CURVE('',#3086,(#3090,#3096),.PCURVE_S1.);
#3086 = LINE('',#3087,#3088);
#3087 = CARTESIAN_POINT('',(25.,-3.3,-5.3));
#3088 = VECTOR('',#3089,1.);
#3089 = DIRECTION('',(0.,0.,1.));
#3090 = PCURVE('',#1776,#3091);
#3091 = DEFINITIONAL_REPRESENTATION('',(#3092),#3095);
#3092 = B_SPLINE_CURVE_WITH_KNOTS('',1,(#3093,#3094),.UNSPECIFIED.,.F.,
  .F.,(2,2),(0.3,7.8),.PIECEWISE_BEZIER_KNOTS.);
#3093 = CARTESIAN_POINT('',(0.6,13.6));
#3094 = CARTESIAN_POINT('',(8.1,13.6));
#3095 = ( GEOMETRIC_REPRESENTATION_CONTEXT(2) 
PARAMETRIC_REPRESENTATION_CONTEXT() REPRESENTATION_CONTEXT('2D SPACE',''
  ) );
#3096 = PCURVE('',#3097,#3102);
#3097 = PLANE('',#3098);
#3098 = AXIS2_PLACEMENT_3D('',#3099,#3100,#3101);
#3099 = CARTESIAN_POINT('',(25.,-8.9,-5.));
#3100 = DIRECTION('',(1.,0.,-0.));
#3101 = DIRECTION('',(0.,0.,1.));
#3102 = DEFINITIONAL_REPRESENTATION('',(#3103),#3106);
#3103 = B_SPLINE_CURVE_WITH_KNOTS('',1,(#3104,#3105),.UNSPECIFIED.,.F.,
  .F.,(2,2),(0.3,7.8),.PIECEWISE_BEZIER_KNOTS.);
#3104 = CARTESIAN_POINT('',(0.,-5.6));
#3105 = CARTESIAN_POINT('',(7.5,-5.6));
#3106 = ( GEOMETRIC_REPRESENTATION_CONTEXT(2) 
PARAMETRIC_REPRESENTATION_CONTEXT() REPRESENTATION_CONTEXT('2D SPACE',''
  ) );
#3107 = ORIENTED_EDGE('',*,*,#3108,.T.);
#3108 = EDGE_CURVE('',#3083,#3035,#3109,.T.);
#3109 = SURFACE_CURVE('',#3110,(#3114,#3120),.PCURVE_S1.);
#3110 = LINE('',#3111,#3112);
#3111 = CARTESIAN_POINT('',(11.7,-3.3,2.5));
#3112 = VECTOR('',#3113,1.);
#3113 = DIRECTION('',(-1.,-0.,0.));
#3114 = PCURVE('',#1776,#3115);
#3115 = DEFINITIONAL_REPRESENTATION('',(#3116),#3119);
#3116 = B_SPLINE_CURVE_WITH_KNOTS('',1,(#3117,#3118),.UNSPECIFIED.,.F.,
  .F.,(2,2),(-13.3,-0.3),.PIECEWISE_BEZIER_KNOTS.);
#3117 = CARTESIAN_POINT('',(8.1,13.6));
#3118 = CARTESIAN_POINT('',(8.1,0.6));
#3119 = ( GEOMETRIC_REPRESENTATION_CONTEXT(2) 
PARAMETRIC_REPRESENTATION_CONTEXT() REPRESENTATION_CONTEXT('2D SPACE',''
  ) );
#3120 = PCURVE('',#3121,#3126);
#3121 = PLANE('',#3122);
#3122 = AXIS2_PLACEMENT_3D('',#3123,#3124,#3125);
#3123 = CARTESIAN_POINT('',(12.,-8.9,2.5));
#3124 = DIRECTION('',(0.,0.,1.));
#3125 = DIRECTION('',(1.,0.,-0.));
#3126 = DEFINITIONAL_REPRESENTATION('',(#3127),#3130);
#3127 = B_SPLINE_CURVE_WITH_KNOTS('',1,(#3128,#3129),.UNSPECIFIED.,.F.,
  .F.,(2,2),(-13.3,-0.3),.PIECEWISE_BEZIER_KNOTS.);
#3128 = CARTESIAN_POINT('',(13.,5.6));
#3129 = CARTESIAN_POINT('',(0.,5.6));
#3130 = ( GEOMETRIC_REPRESENTATION_CONTEXT(2) 
PARAMETRIC_REPRESENTATION_CONTEXT() REPRESENTATION_CONTEXT('2D SPACE',''
  ) );
#3131 = ADVANCED_FACE('',(#3132),#1939,.F.);
#3132 = FACE_BOUND('',#3133,.F.);
#3133 = EDGE_LOOP('',(#3134,#3135,#3156,#3157));
#3134 = ORIENTED_EDGE('',*,*,#1923,.T.);
#3135 = ORIENTED_EDGE('',*,*,#3136,.T.);
#3136 = EDGE_CURVE('',#1892,#2626,#3137,.T.);
#3137 = SURFACE_CURVE('',#3138,(#3142,#3149),.PCURVE_S1.);
#3138 = LINE('',#3139,#3140);
#3139 = CARTESIAN_POINT('',(40.9,-0.9,7.));
#3140 = VECTOR('',#3141,1.);
#3141 = DIRECTION('',(0.,1.,0.));
#3142 = PCURVE('',#1939,#3143);
#3143 = DEFINITIONAL_REPRESENTATION('',(#3144),#3148);
#3144 = LINE('',#3145,#3146);
#3145 = CARTESIAN_POINT('',(0.,-14.4));
#3146 = VECTOR('',#3147,1.);
#3147 = DIRECTION('',(1.,0.));
#3148 = ( GEOMETRIC_REPRESENTATION_CONTEXT(2) 
PARAMETRIC_REPRESENTATION_CONTEXT() REPRESENTATION_CONTEXT('2D SPACE',''
  ) );
#3149 = PCURVE('',#3011,#3150);
#3150 = DEFINITIONAL_REPRESENTATION('',(#3151),#3155);
#3151 = LINE('',#3152,#3153);
#3152 = CARTESIAN_POINT('',(0.,-1.385819298767));
#3153 = VECTOR('',#3154,1.);
#3154 = DIRECTION('',(1.,0.));
#3155 = ( GEOMETRIC_REPRESENTATION_CONTEXT(2) 
PARAMETRIC_REPRESENTATION_CONTEXT() REPRESENTATION_CONTEXT('2D SPACE',''
  ) );
#3156 = ORIENTED_EDGE('',*,*,#2623,.F.);
#3157 = ORIENTED_EDGE('',*,*,#3158,.F.);
#3158 = EDGE_CURVE('',#1924,#2624,#3159,.T.);
#3159 = SURFACE_CURVE('',#3160,(#3164,#3171),.PCURVE_S1.);
#3160 = LINE('',#3161,#3162);
#3161 = CARTESIAN_POINT('',(40.9,-0.9,-4.4));
#3162 = VECTOR('',#3163,1.);
#3163 = DIRECTION('',(0.,1.,0.));
#3164 = PCURVE('',#1939,#3165);
#3165 = DEFINITIONAL_REPRESENTATION('',(#3166),#3170);
#3166 = LINE('',#3167,#3168);
#3167 = CARTESIAN_POINT('',(0.,-3.));
#3168 = VECTOR('',#3169,1.);
#3169 = DIRECTION('',(1.,0.));
#3170 = ( GEOMETRIC_REPRESENTATION_CONTEXT(2) 
PARAMETRIC_REPRESENTATION_CONTEXT() REPRESENTATION_CONTEXT('2D SPACE',''
  ) );
#3171 = PCURVE('',#2784,#3172);
#3172 = DEFINITIONAL_REPRESENTATION('',(#3173),#3177);
#3173 = LINE('',#3174,#3175);
#3174 = CARTESIAN_POINT('',(0.,-1.385819298767));
#3175 = VECTOR('',#3176,1.);
#3176 = DIRECTION('',(1.,0.));
#3177 = ( GEOMETRIC_REPRESENTATION_CONTEXT(2) 
PARAMETRIC_REPRESENTATION_CONTEXT() REPRESENTATION_CONTEXT('2D SPACE',''
  ) );
#3178 = ADVANCED_FACE('',(#3179),#1999,.T.);
#3179 = FACE_BOUND('',#3180,.T.);
#3180 = EDGE_LOOP('',(#3181,#3202,#3234,#3235));
#3181 = ORIENTED_EDGE('',*,*,#3182,.T.);
#3182 = EDGE_CURVE('',#2624,#3183,#3185,.T.);
#3183 = VERTEX_POINT('',#3184);
#3184 = CARTESIAN_POINT('',(39.83933982822,37.899999995838,
    -6.96066017178));
#3185 = SURFACE_CURVE('',#3186,(#3190,#3196),.PCURVE_S1.);
#3186 = LINE('',#3187,#3188);
#3187 = CARTESIAN_POINT('',(40.36966991411,37.899999995838,
    -5.68033008589));
#3188 = VECTOR('',#3189,1.);
#3189 = DIRECTION('',(-0.382683432365,0.,-0.923879532511));
#3190 = PCURVE('',#1999,#3191);
#3191 = DEFINITIONAL_REPRESENTATION('',(#3192),#3195);
#3192 = B_SPLINE_CURVE_WITH_KNOTS('',1,(#3193,#3194),.UNSPECIFIED.,.F.,
  .F.,(2,2),(-1.385819298767,1.385819298767),.PIECEWISE_BEZIER_KNOTS.);
#3193 = CARTESIAN_POINT('',(0.,169.33716692866));
#3194 = CARTESIAN_POINT('',(4.712388980385,169.33716692866));
#3195 = ( GEOMETRIC_REPRESENTATION_CONTEXT(2) 
PARAMETRIC_REPRESENTATION_CONTEXT() REPRESENTATION_CONTEXT('2D SPACE',''
  ) );
#3196 = PCURVE('',#2784,#3197);
#3197 = DEFINITIONAL_REPRESENTATION('',(#3198),#3201);
#3198 = B_SPLINE_CURVE_WITH_KNOTS('',1,(#3199,#3200),.UNSPECIFIED.,.F.,
  .F.,(2,2),(-1.385819298767,1.385819298767),.PIECEWISE_BEZIER_KNOTS.);
#3199 = CARTESIAN_POINT('',(38.799999995838,-1.385819298767));
#3200 = CARTESIAN_POINT('',(38.799999995838,1.385819298767));
#3201 = ( GEOMETRIC_REPRESENTATION_CONTEXT(2) 
PARAMETRIC_REPRESENTATION_CONTEXT() REPRESENTATION_CONTEXT('2D SPACE',''
  ) );
#3202 = ORIENTED_EDGE('',*,*,#3203,.T.);
#3203 = EDGE_CURVE('',#3183,#1985,#3204,.T.);
#3204 = SURFACE_CURVE('',#3205,(#3213,#3220),.PCURVE_S1.);
#3205 = B_SPLINE_CURVE_WITH_KNOTS('',6,(#3206,#3207,#3208,#3209,#3210,
    #3211,#3212),.UNSPECIFIED.,.F.,.F.,(7,7),(169.33716692866,
    174.04955590905),.PIECEWISE_BEZIER_KNOTS.);
#3206 = CARTESIAN_POINT('',(39.83933982822,37.899999995838,
    -6.96066017178));
#3207 = CARTESIAN_POINT('',(39.83933982822,38.407715651336,
    -6.96066017178));
#3208 = CARTESIAN_POINT('',(39.679873637861,38.915396585982,
    -6.96066017178));
#3209 = CARTESIAN_POINT('',(39.360688474659,39.360688470497,
    -6.96066017178));
#3210 = CARTESIAN_POINT('',(38.915396590144,39.6798736337,-6.96066017178
    ));
#3211 = CARTESIAN_POINT('',(38.407715655498,39.839339824059,
    -6.96066017178));
#3212 = CARTESIAN_POINT('',(37.9,39.839339824059,-6.96066017178));
#3213 = PCURVE('',#1999,#3214);
#3214 = DEFINITIONAL_REPRESENTATION('',(#3215),#3219);
#3215 = LINE('',#3216,#3217);
#3216 = CARTESIAN_POINT('',(4.712388980385,0.));
#3217 = VECTOR('',#3218,1.);
#3218 = DIRECTION('',(0.,1.));
#3219 = ( GEOMETRIC_REPRESENTATION_CONTEXT(2) 
PARAMETRIC_REPRESENTATION_CONTEXT() REPRESENTATION_CONTEXT('2D SPACE',''
  ) );
#3220 = PCURVE('',#2196,#3221);
#3221 = DEFINITIONAL_REPRESENTATION('',(#3222),#3233);
#3222 = B_SPLINE_CURVE_WITH_KNOTS('',9,(#3223,#3224,#3225,#3226,#3227,
    #3228,#3229,#3230,#3231,#3232),.UNSPECIFIED.,.F.,.F.,(10,10),(
    169.33716692866,174.04955590905),.PIECEWISE_BEZIER_KNOTS.);
#3223 = CARTESIAN_POINT('',(-3.922744650073E-15,-1.06066017178));
#3224 = CARTESIAN_POINT('',(0.174532126211,-1.06066017178));
#3225 = CARTESIAN_POINT('',(0.349056831435,-1.06066017178));
#3226 = CARTESIAN_POINT('',(0.523603035016,-1.06066017178));
#3227 = CARTESIAN_POINT('',(0.698153658394,-1.06066017178));
#3228 = CARTESIAN_POINT('',(0.872642668402,-1.06066017178));
#3229 = CARTESIAN_POINT('',(1.047193291779,-1.06066017178));
#3230 = CARTESIAN_POINT('',(1.22173949536,-1.06066017178));
#3231 = CARTESIAN_POINT('',(1.396264200584,-1.06066017178));
#3232 = CARTESIAN_POINT('',(1.570796326795,-1.06066017178));
#3233 = ( GEOMETRIC_REPRESENTATION_CONTEXT(2) 
PARAMETRIC_REPRESENTATION_CONTEXT() REPRESENTATION_CONTEXT('2D SPACE',''
  ) );
#3234 = ORIENTED_EDGE('',*,*,#1984,.F.);
#3235 = ORIENTED_EDGE('',*,*,#2679,.F.);
#3236 = ADVANCED_FACE('',(#3237),#2036,.F.);
#3237 = FACE_BOUND('',#3238,.T.);
#3238 = EDGE_LOOP('',(#3239,#3258,#3259,#3260));
#3239 = ORIENTED_EDGE('',*,*,#3240,.F.);
#3240 = EDGE_CURVE('',#2180,#1985,#3241,.T.);
#3241 = SURFACE_CURVE('',#3242,(#3246,#3252),.PCURVE_S1.);
#3242 = LINE('',#3243,#3244);
#3243 = CARTESIAN_POINT('',(37.9,40.899999995838,-5.9));
#3244 = VECTOR('',#3245,1.);
#3245 = DIRECTION('',(4.329780281177E-17,0.707106781187,0.707106781187)
  );
#3246 = PCURVE('',#2036,#3247);
#3247 = DEFINITIONAL_REPRESENTATION('',(#3248),#3251);
#3248 = B_SPLINE_CURVE_WITH_KNOTS('',1,(#3249,#3250),.UNSPECIFIED.,.F.,
  .F.,(2,2),(-2.12132034356,0.),.PIECEWISE_BEZIER_KNOTS.);
#3249 = CARTESIAN_POINT('',(0.,-1.06066017178));
#3250 = CARTESIAN_POINT('',(0.,1.06066017178));
#3251 = ( GEOMETRIC_REPRESENTATION_CONTEXT(2) 
PARAMETRIC_REPRESENTATION_CONTEXT() REPRESENTATION_CONTEXT('2D SPACE',''
  ) );
#3252 = PCURVE('',#2196,#3253);
#3253 = DEFINITIONAL_REPRESENTATION('',(#3254),#3257);
#3254 = B_SPLINE_CURVE_WITH_KNOTS('',1,(#3255,#3256),.UNSPECIFIED.,.F.,
  .F.,(2,2),(-2.12132034356,0.),.PIECEWISE_BEZIER_KNOTS.);
#3255 = CARTESIAN_POINT('',(1.570796326795,-1.5));
#3256 = CARTESIAN_POINT('',(1.570796326795,0.));
#3257 = ( GEOMETRIC_REPRESENTATION_CONTEXT(2) 
PARAMETRIC_REPRESENTATION_CONTEXT() REPRESENTATION_CONTEXT('2D SPACE',''
  ) );
#3258 = ORIENTED_EDGE('',*,*,#2208,.T.);
#3259 = ORIENTED_EDGE('',*,*,#2051,.T.);
#3260 = ORIENTED_EDGE('',*,*,#2022,.F.);
#3261 = ADVANCED_FACE('',(#3262),#2139,.T.);
#3262 = FACE_BOUND('',#3263,.T.);
#3263 = EDGE_LOOP('',(#3264,#3265,#3266,#3285));
#3264 = ORIENTED_EDGE('',*,*,#2714,.F.);
#3265 = ORIENTED_EDGE('',*,*,#2122,.T.);
#3266 = ORIENTED_EDGE('',*,*,#3267,.T.);
#3267 = EDGE_CURVE('',#2123,#2739,#3268,.T.);
#3268 = SURFACE_CURVE('',#3269,(#3273,#3279),.PCURVE_S1.);
#3269 = LINE('',#3270,#3271);
#3270 = CARTESIAN_POINT('',(40.899999995838,-0.9,-5.9));
#3271 = VECTOR('',#3272,1.);
#3272 = DIRECTION('',(0.707106781187,-4.329780281177E-17,0.707106781187)
  );
#3273 = PCURVE('',#2139,#3274);
#3274 = DEFINITIONAL_REPRESENTATION('',(#3275),#3278);
#3275 = B_SPLINE_CURVE_WITH_KNOTS('',1,(#3276,#3277),.UNSPECIFIED.,.F.,
  .F.,(2,2),(-2.12132034356,0.),.PIECEWISE_BEZIER_KNOTS.);
#3276 = CARTESIAN_POINT('',(1.570796326795,-1.5));
#3277 = CARTESIAN_POINT('',(1.570796326795,0.));
#3278 = ( GEOMETRIC_REPRESENTATION_CONTEXT(2) 
PARAMETRIC_REPRESENTATION_CONTEXT() REPRESENTATION_CONTEXT('2D SPACE',''
  ) );
#3279 = PCURVE('',#2167,#3280);
#3280 = DEFINITIONAL_REPRESENTATION('',(#3281),#3284);
#3281 = B_SPLINE_CURVE_WITH_KNOTS('',1,(#3282,#3283),.UNSPECIFIED.,.F.,
  .F.,(2,2),(-2.12132034356,0.),.PIECEWISE_BEZIER_KNOTS.);
#3282 = CARTESIAN_POINT('',(0.,-1.06066017178));
#3283 = CARTESIAN_POINT('',(0.,1.06066017178));
#3284 = ( GEOMETRIC_REPRESENTATION_CONTEXT(2) 
PARAMETRIC_REPRESENTATION_CONTEXT() REPRESENTATION_CONTEXT('2D SPACE',''
  ) );
#3285 = ORIENTED_EDGE('',*,*,#2738,.F.);
#3286 = ADVANCED_FACE('',(#3287),#2167,.T.);
#3287 = FACE_BOUND('',#3288,.T.);
#3288 = EDGE_LOOP('',(#3289,#3290,#3291,#3310));
#3289 = ORIENTED_EDGE('',*,*,#3267,.F.);
#3290 = ORIENTED_EDGE('',*,*,#2151,.T.);
#3291 = ORIENTED_EDGE('',*,*,#3292,.T.);
#3292 = EDGE_CURVE('',#2152,#3183,#3293,.T.);
#3293 = SURFACE_CURVE('',#3294,(#3298,#3304),.PCURVE_S1.);
#3294 = LINE('',#3295,#3296);
#3295 = CARTESIAN_POINT('',(40.15,37.899999995838,-6.65));
#3296 = VECTOR('',#3297,1.);
#3297 = DIRECTION('',(0.707106781187,-0.,0.707106781187));
#3298 = PCURVE('',#2167,#3299);
#3299 = DEFINITIONAL_REPRESENTATION('',(#3300),#3303);
#3300 = B_SPLINE_CURVE_WITH_KNOTS('',1,(#3301,#3302),.UNSPECIFIED.,.F.,
  .F.,(2,2),(-1.06066017178,1.06066017178),.PIECEWISE_BEZIER_KNOTS.);
#3301 = CARTESIAN_POINT('',(38.799999995838,-1.06066017178));
#3302 = CARTESIAN_POINT('',(38.799999995838,1.06066017178));
#3303 = ( GEOMETRIC_REPRESENTATION_CONTEXT(2) 
PARAMETRIC_REPRESENTATION_CONTEXT() REPRESENTATION_CONTEXT('2D SPACE',''
  ) );
#3304 = PCURVE('',#2196,#3305);
#3305 = DEFINITIONAL_REPRESENTATION('',(#3306),#3309);
#3306 = B_SPLINE_CURVE_WITH_KNOTS('',1,(#3307,#3308),.UNSPECIFIED.,.F.,
  .F.,(2,2),(-1.06066017178,1.06066017178),.PIECEWISE_BEZIER_KNOTS.);
#3307 = CARTESIAN_POINT('',(0.,-1.5));
#3308 = CARTESIAN_POINT('',(0.,-3.140184917368E-16));
#3309 = ( GEOMETRIC_REPRESENTATION_CONTEXT(2) 
PARAMETRIC_REPRESENTATION_CONTEXT() REPRESENTATION_CONTEXT('2D SPACE',''
  ) );
#3310 = ORIENTED_EDGE('',*,*,#3311,.F.);
#3311 = EDGE_CURVE('',#2739,#3183,#3312,.T.);
#3312 = SURFACE_CURVE('',#3313,(#3317,#3324),.PCURVE_S1.);
#3313 = LINE('',#3314,#3315);
#3314 = CARTESIAN_POINT('',(39.83933982822,-0.9,-6.96066017178));
#3315 = VECTOR('',#3316,1.);
#3316 = DIRECTION('',(0.,1.,0.));
#3317 = PCURVE('',#2167,#3318);
#3318 = DEFINITIONAL_REPRESENTATION('',(#3319),#3323);
#3319 = LINE('',#3320,#3321);
#3320 = CARTESIAN_POINT('',(0.,-0.43933982822));
#3321 = VECTOR('',#3322,1.);
#3322 = DIRECTION('',(1.,0.));
#3323 = ( GEOMETRIC_REPRESENTATION_CONTEXT(2) 
PARAMETRIC_REPRESENTATION_CONTEXT() REPRESENTATION_CONTEXT('2D SPACE',''
  ) );
#3324 = PCURVE('',#2784,#3325);
#3325 = DEFINITIONAL_REPRESENTATION('',(#3326),#3330);
#3326 = LINE('',#3327,#3328);
#3327 = CARTESIAN_POINT('',(0.,1.385819298767));
#3328 = VECTOR('',#3329,1.);
#3329 = DIRECTION('',(1.,0.));
#3330 = ( GEOMETRIC_REPRESENTATION_CONTEXT(2) 
PARAMETRIC_REPRESENTATION_CONTEXT() REPRESENTATION_CONTEXT('2D SPACE',''
  ) );
#3331 = ADVANCED_FACE('',(#3332),#2196,.T.);
#3332 = FACE_BOUND('',#3333,.T.);
#3333 = EDGE_LOOP('',(#3334,#3335,#3336,#3337));
#3334 = ORIENTED_EDGE('',*,*,#3292,.F.);
#3335 = ORIENTED_EDGE('',*,*,#2179,.T.);
#3336 = ORIENTED_EDGE('',*,*,#3240,.T.);
#3337 = ORIENTED_EDGE('',*,*,#3203,.F.);
#3338 = ADVANCED_FACE('',(#3339),#2251,.T.);
#3339 = FACE_BOUND('',#3340,.T.);
#3340 = EDGE_LOOP('',(#3341,#3342,#3365,#3392));
#3341 = ORIENTED_EDGE('',*,*,#2234,.F.);
#3342 = ORIENTED_EDGE('',*,*,#3343,.F.);
#3343 = EDGE_CURVE('',#3344,#2235,#3346,.T.);
#3344 = VERTEX_POINT('',#3345);
#3345 = CARTESIAN_POINT('',(26.5,18.5,-19.9));
#3346 = SEAM_CURVE('',#3347,(#3351,#3358),.PCURVE_S1.);
#3347 = LINE('',#3348,#3349);
#3348 = CARTESIAN_POINT('',(26.5,18.5,-19.9));
#3349 = VECTOR('',#3350,1.);
#3350 = DIRECTION('',(0.,0.,1.));
#3351 = PCURVE('',#2251,#3352);
#3352 = DEFINITIONAL_REPRESENTATION('',(#3353),#3357);
#3353 = LINE('',#3354,#3355);
#3354 = CARTESIAN_POINT('',(6.28318530718,-0.));
#3355 = VECTOR('',#3356,1.);
#3356 = DIRECTION('',(0.,1.));
#3357 = ( GEOMETRIC_REPRESENTATION_CONTEXT(2) 
PARAMETRIC_REPRESENTATION_CONTEXT() REPRESENTATION_CONTEXT('2D SPACE',''
  ) );
#3358 = PCURVE('',#2251,#3359);
#3359 = DEFINITIONAL_REPRESENTATION('',(#3360),#3364);
#3360 = LINE('',#3361,#3362);
#3361 = CARTESIAN_POINT('',(0.,-0.));
#3362 = VECTOR('',#3363,1.);
#3363 = DIRECTION('',(0.,1.));
#3364 = ( GEOMETRIC_REPRESENTATION_CONTEXT(2) 
PARAMETRIC_REPRESENTATION_CONTEXT() REPRESENTATION_CONTEXT('2D SPACE',''
  ) );
#3365 = ORIENTED_EDGE('',*,*,#3366,.T.);
#3366 = EDGE_CURVE('',#3344,#3344,#3367,.T.);
#3367 = SURFACE_CURVE('',#3368,(#3373,#3380),.PCURVE_S1.);
#3368 = CIRCLE('',#3369,8.);
#3369 = AXIS2_PLACEMENT_3D('',#3370,#3371,#3372);
#3370 = CARTESIAN_POINT('',(18.5,18.5,-19.9));
#3371 = DIRECTION('',(0.,0.,1.));
#3372 = DIRECTION('',(1.,0.,-0.));
#3373 = PCURVE('',#2251,#3374);
#3374 = DEFINITIONAL_REPRESENTATION('',(#3375),#3379);
#3375 = LINE('',#3376,#3377);
#3376 = CARTESIAN_POINT('',(0.,0.));
#3377 = VECTOR('',#3378,1.);
#3378 = DIRECTION('',(1.,0.));
#3379 = ( GEOMETRIC_REPRESENTATION_CONTEXT(2) 
PARAMETRIC_REPRESENTATION_CONTEXT() REPRESENTATION_CONTEXT('2D SPACE',''
  ) );
#3380 = PCURVE('',#3381,#3386);
#3381 = PLANE('',#3382);
#3382 = AXIS2_PLACEMENT_3D('',#3383,#3384,#3385);
#3383 = CARTESIAN_POINT('',(18.5,18.5,-19.9));
#3384 = DIRECTION('',(0.,0.,1.));
#3385 = DIRECTION('',(1.,0.,-0.));
#3386 = DEFINITIONAL_REPRESENTATION('',(#3387),#3391);
#3387 = CIRCLE('',#3388,8.);
#3388 = AXIS2_PLACEMENT_2D('',#3389,#3390);
#3389 = CARTESIAN_POINT('',(0.,0.));
#3390 = DIRECTION('',(1.,0.));
#3391 = ( GEOMETRIC_REPRESENTATION_CONTEXT(2) 
PARAMETRIC_REPRESENTATION_CONTEXT() REPRESENTATION_CONTEXT('2D SPACE',''
  ) );
#3392 = ORIENTED_EDGE('',*,*,#3343,.T.);
#3393 = ADVANCED_FACE('',(#3394),#2281,.F.);
#3394 = FACE_BOUND('',#3395,.F.);
#3395 = EDGE_LOOP('',(#3396,#3417,#3449,#3450));
#3396 = ORIENTED_EDGE('',*,*,#3397,.T.);
#3397 = EDGE_CURVE('',#2626,#3398,#3400,.T.);
#3398 = VERTEX_POINT('',#3399);
#3399 = CARTESIAN_POINT('',(39.83933982822,37.899999995838,9.56066017178
    ));
#3400 = SURFACE_CURVE('',#3401,(#3405,#3411),.PCURVE_S1.);
#3401 = LINE('',#3402,#3403);
#3402 = CARTESIAN_POINT('',(40.36966991411,37.899999995838,8.28033008589
    ));
#3403 = VECTOR('',#3404,1.);
#3404 = DIRECTION('',(-0.382683432365,0.,0.923879532511));
#3405 = PCURVE('',#2281,#3406);
#3406 = DEFINITIONAL_REPRESENTATION('',(#3407),#3410);
#3407 = B_SPLINE_CURVE_WITH_KNOTS('',1,(#3408,#3409),.UNSPECIFIED.,.F.,
  .F.,(2,2),(-1.385819298767,1.385819298767),.PIECEWISE_BEZIER_KNOTS.);
#3408 = CARTESIAN_POINT('',(0.,169.33716692866));
#3409 = CARTESIAN_POINT('',(4.712388980385,169.33716692866));
#3410 = ( GEOMETRIC_REPRESENTATION_CONTEXT(2) 
PARAMETRIC_REPRESENTATION_CONTEXT() REPRESENTATION_CONTEXT('2D SPACE',''
  ) );
#3411 = PCURVE('',#3011,#3412);
#3412 = DEFINITIONAL_REPRESENTATION('',(#3413),#3416);
#3413 = B_SPLINE_CURVE_WITH_KNOTS('',1,(#3414,#3415),.UNSPECIFIED.,.F.,
  .F.,(2,2),(-1.385819298767,1.385819298767),.PIECEWISE_BEZIER_KNOTS.);
#3414 = CARTESIAN_POINT('',(38.799999995838,-1.385819298767));
#3415 = CARTESIAN_POINT('',(38.799999995838,1.385819298767));
#3416 = ( GEOMETRIC_REPRESENTATION_CONTEXT(2) 
PARAMETRIC_REPRESENTATION_CONTEXT() REPRESENTATION_CONTEXT('2D SPACE',''
  ) );
#3417 = ORIENTED_EDGE('',*,*,#3418,.T.);
#3418 = EDGE_CURVE('',#3398,#2267,#3419,.T.);
#3419 = SURFACE_CURVE('',#3420,(#3428,#3435),.PCURVE_S1.);
#3420 = B_SPLINE_CURVE_WITH_KNOTS('',6,(#3421,#3422,#3423,#3424,#3425,
    #3426,#3427),.UNSPECIFIED.,.F.,.F.,(7,7),(169.33716692866,
    174.04955590905),.PIECEWISE_BEZIER_KNOTS.);
#3421 = CARTESIAN_POINT('',(39.83933982822,37.899999995838,9.56066017178
    ));
#3422 = CARTESIAN_POINT('',(39.83933982822,38.407715651336,9.56066017178
    ));
#3423 = CARTESIAN_POINT('',(39.679873637861,38.915396585982,
    9.56066017178));
#3424 = CARTESIAN_POINT('',(39.360688474659,39.360688470497,
    9.56066017178));
#3425 = CARTESIAN_POINT('',(38.915396590144,39.6798736337,9.56066017178)
  );
#3426 = CARTESIAN_POINT('',(38.407715655498,39.839339824059,
    9.56066017178));
#3427 = CARTESIAN_POINT('',(37.9,39.839339824059,9.56066017178));
#3428 = PCURVE('',#2281,#3429);
#3429 = DEFINITIONAL_REPRESENTATION('',(#3430),#3434);
#3430 = LINE('',#3431,#3432);
#3431 = CARTESIAN_POINT('',(4.712388980385,0.));
#3432 = VECTOR('',#3433,1.);
#3433 = DIRECTION('',(0.,1.));
#3434 = ( GEOMETRIC_REPRESENTATION_CONTEXT(2) 
PARAMETRIC_REPRESENTATION_CONTEXT() REPRESENTATION_CONTEXT('2D SPACE',''
  ) );
#3435 = PCURVE('',#2478,#3436);
#3436 = DEFINITIONAL_REPRESENTATION('',(#3437),#3448);
#3437 = B_SPLINE_CURVE_WITH_KNOTS('',9,(#3438,#3439,#3440,#3441,#3442,
    #3443,#3444,#3445,#3446,#3447),.UNSPECIFIED.,.F.,.F.,(10,10),(
    169.33716692866,174.04955590905),.PIECEWISE_BEZIER_KNOTS.);
#3438 = CARTESIAN_POINT('',(3.811722347612E-15,-1.06066017178));
#3439 = CARTESIAN_POINT('',(-0.174532126211,-1.06066017178));
#3440 = CARTESIAN_POINT('',(-0.349056831435,-1.06066017178));
#3441 = CARTESIAN_POINT('',(-0.523603035017,-1.06066017178));
#3442 = CARTESIAN_POINT('',(-0.698153658392,-1.06066017178));
#3443 = CARTESIAN_POINT('',(-0.872642668404,-1.06066017178));
#3444 = CARTESIAN_POINT('',(-1.047193291777,-1.06066017178));
#3445 = CARTESIAN_POINT('',(-1.221739495361,-1.06066017178));
#3446 = CARTESIAN_POINT('',(-1.396264200584,-1.06066017178));
#3447 = CARTESIAN_POINT('',(-1.570796326795,-1.06066017178));
#3448 = ( GEOMETRIC_REPRESENTATION_CONTEXT(2) 
PARAMETRIC_REPRESENTATION_CONTEXT() REPRESENTATION_CONTEXT('2D SPACE',''
  ) );
#3449 = ORIENTED_EDGE('',*,*,#2266,.F.);
#3450 = ORIENTED_EDGE('',*,*,#2648,.F.);
#3451 = ADVANCED_FACE('',(#3452),#2318,.T.);
#3452 = FACE_BOUND('',#3453,.F.);
#3453 = EDGE_LOOP('',(#3454,#3473,#3474,#3475));
#3454 = ORIENTED_EDGE('',*,*,#3455,.F.);
#3455 = EDGE_CURVE('',#2462,#2267,#3456,.T.);
#3456 = SURFACE_CURVE('',#3457,(#3461,#3467),.PCURVE_S1.);
#3457 = LINE('',#3458,#3459);
#3458 = CARTESIAN_POINT('',(37.9,40.899999995838,8.5));
#3459 = VECTOR('',#3460,1.);
#3460 = DIRECTION('',(4.329780281177E-17,0.707106781187,-0.707106781187)
  );
#3461 = PCURVE('',#2318,#3462);
#3462 = DEFINITIONAL_REPRESENTATION('',(#3463),#3466);
#3463 = B_SPLINE_CURVE_WITH_KNOTS('',1,(#3464,#3465),.UNSPECIFIED.,.F.,
  .F.,(2,2),(-2.12132034356,0.),.PIECEWISE_BEZIER_KNOTS.);
#3464 = CARTESIAN_POINT('',(0.,-1.06066017178));
#3465 = CARTESIAN_POINT('',(0.,1.06066017178));
#3466 = ( GEOMETRIC_REPRESENTATION_CONTEXT(2) 
PARAMETRIC_REPRESENTATION_CONTEXT() REPRESENTATION_CONTEXT('2D SPACE',''
  ) );
#3467 = PCURVE('',#2478,#3468);
#3468 = DEFINITIONAL_REPRESENTATION('',(#3469),#3472);
#3469 = B_SPLINE_CURVE_WITH_KNOTS('',1,(#3470,#3471),.UNSPECIFIED.,.F.,
  .F.,(2,2),(-2.12132034356,0.),.PIECEWISE_BEZIER_KNOTS.);
#3470 = CARTESIAN_POINT('',(-1.570796326795,-1.5));
#3471 = CARTESIAN_POINT('',(-1.570796326795,0.));
#3472 = ( GEOMETRIC_REPRESENTATION_CONTEXT(2) 
PARAMETRIC_REPRESENTATION_CONTEXT() REPRESENTATION_CONTEXT('2D SPACE',''
  ) );
#3473 = ORIENTED_EDGE('',*,*,#2490,.T.);
#3474 = ORIENTED_EDGE('',*,*,#2333,.T.);
#3475 = ORIENTED_EDGE('',*,*,#2304,.F.);
#3476 = ADVANCED_FACE('',(#3477),#2421,.T.);
#3477 = FACE_BOUND('',#3478,.F.);
#3478 = EDGE_LOOP('',(#3479,#3480,#3481,#3500));
#3479 = ORIENTED_EDGE('',*,*,#2941,.F.);
#3480 = ORIENTED_EDGE('',*,*,#2404,.T.);
#3481 = ORIENTED_EDGE('',*,*,#3482,.T.);
#3482 = EDGE_CURVE('',#2405,#2966,#3483,.T.);
#3483 = SURFACE_CURVE('',#3484,(#3488,#3494),.PCURVE_S1.);
#3484 = LINE('',#3485,#3486);
#3485 = CARTESIAN_POINT('',(40.899999995838,-0.9,8.5));
#3486 = VECTOR('',#3487,1.);
#3487 = DIRECTION('',(0.707106781187,-4.329780281177E-17,-0.707106781187
    ));
#3488 = PCURVE('',#2421,#3489);
#3489 = DEFINITIONAL_REPRESENTATION('',(#3490),#3493);
#3490 = B_SPLINE_CURVE_WITH_KNOTS('',1,(#3491,#3492),.UNSPECIFIED.,.F.,
  .F.,(2,2),(-2.12132034356,0.),.PIECEWISE_BEZIER_KNOTS.);
#3491 = CARTESIAN_POINT('',(-1.570796326795,-1.5));
#3492 = CARTESIAN_POINT('',(-1.570796326795,0.));
#3493 = ( GEOMETRIC_REPRESENTATION_CONTEXT(2) 
PARAMETRIC_REPRESENTATION_CONTEXT() REPRESENTATION_CONTEXT('2D SPACE',''
  ) );
#3494 = PCURVE('',#2449,#3495);
#3495 = DEFINITIONAL_REPRESENTATION('',(#3496),#3499);
#3496 = B_SPLINE_CURVE_WITH_KNOTS('',1,(#3497,#3498),.UNSPECIFIED.,.F.,
  .F.,(2,2),(-2.12132034356,0.),.PIECEWISE_BEZIER_KNOTS.);
#3497 = CARTESIAN_POINT('',(0.,-1.06066017178));
#3498 = CARTESIAN_POINT('',(0.,1.06066017178));
#3499 = ( GEOMETRIC_REPRESENTATION_CONTEXT(2) 
PARAMETRIC_REPRESENTATION_CONTEXT() REPRESENTATION_CONTEXT('2D SPACE',''
  ) );
#3500 = ORIENTED_EDGE('',*,*,#2965,.F.);
#3501 = ADVANCED_FACE('',(#3502),#2449,.F.);
#3502 = FACE_BOUND('',#3503,.F.);
#3503 = EDGE_LOOP('',(#3504,#3505,#3506,#3525));
#3504 = ORIENTED_EDGE('',*,*,#3482,.F.);
#3505 = ORIENTED_EDGE('',*,*,#2433,.T.);
#3506 = ORIENTED_EDGE('',*,*,#3507,.T.);
#3507 = EDGE_CURVE('',#2434,#3398,#3508,.T.);
#3508 = SURFACE_CURVE('',#3509,(#3513,#3519),.PCURVE_S1.);
#3509 = LINE('',#3510,#3511);
#3510 = CARTESIAN_POINT('',(40.15,37.899999995838,9.25));
#3511 = VECTOR('',#3512,1.);
#3512 = DIRECTION('',(0.707106781187,0.,-0.707106781187));
#3513 = PCURVE('',#2449,#3514);
#3514 = DEFINITIONAL_REPRESENTATION('',(#3515),#3518);
#3515 = B_SPLINE_CURVE_WITH_KNOTS('',1,(#3516,#3517),.UNSPECIFIED.,.F.,
  .F.,(2,2),(-1.06066017178,1.06066017178),.PIECEWISE_BEZIER_KNOTS.);
#3516 = CARTESIAN_POINT('',(38.799999995838,-1.06066017178));
#3517 = CARTESIAN_POINT('',(38.799999995838,1.06066017178));
#3518 = ( GEOMETRIC_REPRESENTATION_CONTEXT(2) 
PARAMETRIC_REPRESENTATION_CONTEXT() REPRESENTATION_CONTEXT('2D SPACE',''
  ) );
#3519 = PCURVE('',#2478,#3520);
#3520 = DEFINITIONAL_REPRESENTATION('',(#3521),#3524);
#3521 = B_SPLINE_CURVE_WITH_KNOTS('',1,(#3522,#3523),.UNSPECIFIED.,.F.,
  .F.,(2,2),(-1.06066017178,1.06066017178),.PIECEWISE_BEZIER_KNOTS.);
#3522 = CARTESIAN_POINT('',(0.,-1.5));
#3523 = CARTESIAN_POINT('',(0.,-3.140184917368E-16));
#3524 = ( GEOMETRIC_REPRESENTATION_CONTEXT(2) 
PARAMETRIC_REPRESENTATION_CONTEXT() REPRESENTATION_CONTEXT('2D SPACE',''
  ) );
#3525 = ORIENTED_EDGE('',*,*,#3526,.F.);
#3526 = EDGE_CURVE('',#2966,#3398,#3527,.T.);
#3527 = SURFACE_CURVE('',#3528,(#3532,#3539),.PCURVE_S1.);
#3528 = LINE('',#3529,#3530);
#3529 = CARTESIAN_POINT('',(39.83933982822,-0.9,9.56066017178));
#3530 = VECTOR('',#3531,1.);
#3531 = DIRECTION('',(0.,1.,0.));
#3532 = PCURVE('',#2449,#3533);
#3533 = DEFINITIONAL_REPRESENTATION('',(#3534),#3538);
#3534 = LINE('',#3535,#3536);
#3535 = CARTESIAN_POINT('',(0.,-0.43933982822));
#3536 = VECTOR('',#3537,1.);
#3537 = DIRECTION('',(1.,0.));
#3538 = ( GEOMETRIC_REPRESENTATION_CONTEXT(2) 
PARAMETRIC_REPRESENTATION_CONTEXT() REPRESENTATION_CONTEXT('2D SPACE',''
  ) );
#3539 = PCURVE('',#3011,#3540);
#3540 = DEFINITIONAL_REPRESENTATION('',(#3541),#3545);
#3541 = LINE('',#3542,#3543);
#3542 = CARTESIAN_POINT('',(0.,1.385819298767));
#3543 = VECTOR('',#3544,1.);
#3544 = DIRECTION('',(1.,0.));
#3545 = ( GEOMETRIC_REPRESENTATION_CONTEXT(2) 
PARAMETRIC_REPRESENTATION_CONTEXT() REPRESENTATION_CONTEXT('2D SPACE',''
  ) );
#3546 = ADVANCED_FACE('',(#3547),#2478,.T.);
#3547 = FACE_BOUND('',#3548,.F.);
#3548 = EDGE_LOOP('',(#3549,#3550,#3551,#3552));
#3549 = ORIENTED_EDGE('',*,*,#3507,.F.);
#3550 = ORIENTED_EDGE('',*,*,#2461,.T.);
#3551 = ORIENTED_EDGE('',*,*,#3455,.T.);
#3552 = ORIENTED_EDGE('',*,*,#3418,.F.);
#3553 = ADVANCED_FACE('',(#3554),#2533,.T.);
#3554 = FACE_BOUND('',#3555,.T.);
#3555 = EDGE_LOOP('',(#3556,#3579,#3607,#3635,#3658,#3679,#3700,#3721,
    #3744,#3765,#3786,#3814,#3842,#3863));
#3556 = ORIENTED_EDGE('',*,*,#3557,.F.);
#3557 = EDGE_CURVE('',#3558,#2517,#3560,.T.);
#3558 = VERTEX_POINT('',#3559);
#3559 = CARTESIAN_POINT('',(38.5,-1.5,0.));
#3560 = SURFACE_CURVE('',#3561,(#3565,#3572),.PCURVE_S1.);
#3561 = LINE('',#3562,#3563);
#3562 = CARTESIAN_POINT('',(38.5,-1.5,-5.));
#3563 = VECTOR('',#3564,1.);
#3564 = DIRECTION('',(0.,0.,1.));
#3565 = PCURVE('',#2533,#3566);
#3566 = DEFINITIONAL_REPRESENTATION('',(#3567),#3571);
#3567 = LINE('',#3568,#3569);
#3568 = CARTESIAN_POINT('',(0.,40.));
#3569 = VECTOR('',#3570,1.);
#3570 = DIRECTION('',(1.,0.));
#3571 = ( GEOMETRIC_REPRESENTATION_CONTEXT(2) 
PARAMETRIC_REPRESENTATION_CONTEXT() REPRESENTATION_CONTEXT('2D SPACE',''
  ) );
#3572 = PCURVE('',#2609,#3573);
#3573 = DEFINITIONAL_REPRESENTATION('',(#3574),#3578);
#3574 = LINE('',#3575,#3576);
#3575 = CARTESIAN_POINT('',(0.,0.));
#3576 = VECTOR('',#3577,1.);
#3577 = DIRECTION('',(1.,0.));
#3578 = ( GEOMETRIC_REPRESENTATION_CONTEXT(2) 
PARAMETRIC_REPRESENTATION_CONTEXT() REPRESENTATION_CONTEXT('2D SPACE',''
  ) );
#3579 = ORIENTED_EDGE('',*,*,#3580,.F.);
#3580 = EDGE_CURVE('',#3581,#3558,#3583,.T.);
#3581 = VERTEX_POINT('',#3582);
#3582 = CARTESIAN_POINT('',(34.8,-1.5,0.));
#3583 = SURFACE_CURVE('',#3584,(#3588,#3595),.PCURVE_S1.);
#3584 = LINE('',#3585,#3586);
#3585 = CARTESIAN_POINT('',(34.8,-1.5,0.));
#3586 = VECTOR('',#3587,1.);
#3587 = DIRECTION('',(1.,0.,-0.));
#3588 = PCURVE('',#2533,#3589);
#3589 = DEFINITIONAL_REPRESENTATION('',(#3590),#3594);
#3590 = LINE('',#3591,#3592);
#3591 = CARTESIAN_POINT('',(5.,36.3));
#3592 = VECTOR('',#3593,1.);
#3593 = DIRECTION('',(0.,1.));
#3594 = ( GEOMETRIC_REPRESENTATION_CONTEXT(2) 
PARAMETRIC_REPRESENTATION_CONTEXT() REPRESENTATION_CONTEXT('2D SPACE',''
  ) );
#3595 = PCURVE('',#3596,#3601);
#3596 = PLANE('',#3597);
#3597 = AXIS2_PLACEMENT_3D('',#3598,#3599,#3600);
#3598 = CARTESIAN_POINT('',(34.8,-1.5,0.));
#3599 = DIRECTION('',(0.,0.,1.));
#3600 = DIRECTION('',(1.,0.,-0.));
#3601 = DEFINITIONAL_REPRESENTATION('',(#3602),#3606);
#3602 = LINE('',#3603,#3604);
#3603 = CARTESIAN_POINT('',(0.,0.));
#3604 = VECTOR('',#3605,1.);
#3605 = DIRECTION('',(1.,0.));
#3606 = ( GEOMETRIC_REPRESENTATION_CONTEXT(2) 
PARAMETRIC_REPRESENTATION_CONTEXT() REPRESENTATION_CONTEXT('2D SPACE',''
  ) );
#3607 = ORIENTED_EDGE('',*,*,#3608,.F.);
#3608 = EDGE_CURVE('',#3609,#3581,#3611,.T.);
#3609 = VERTEX_POINT('',#3610);
#3610 = CARTESIAN_POINT('',(34.8,-1.5,-5.));
#3611 = SURFACE_CURVE('',#3612,(#3616,#3623),.PCURVE_S1.);
#3612 = LINE('',#3613,#3614);
#3613 = CARTESIAN_POINT('',(34.8,-1.5,-5.));
#3614 = VECTOR('',#3615,1.);
#3615 = DIRECTION('',(0.,0.,1.));
#3616 = PCURVE('',#2533,#3617);
#3617 = DEFINITIONAL_REPRESENTATION('',(#3618),#3622);
#3618 = LINE('',#3619,#3620);
#3619 = CARTESIAN_POINT('',(0.,36.3));
#3620 = VECTOR('',#3621,1.);
#3621 = DIRECTION('',(1.,0.));
#3622 = ( GEOMETRIC_REPRESENTATION_CONTEXT(2) 
PARAMETRIC_REPRESENTATION_CONTEXT() REPRESENTATION_CONTEXT('2D SPACE',''
  ) );
#3623 = PCURVE('',#3624,#3629);
#3624 = PLANE('',#3625);
#3625 = AXIS2_PLACEMENT_3D('',#3626,#3627,#3628);
#3626 = CARTESIAN_POINT('',(34.8,-1.5,-5.));
#3627 = DIRECTION('',(1.,0.,-0.));
#3628 = DIRECTION('',(0.,0.,1.));
#3629 = DEFINITIONAL_REPRESENTATION('',(#3630),#3634);
#3630 = LINE('',#3631,#3632);
#3631 = CARTESIAN_POINT('',(0.,0.));
#3632 = VECTOR('',#3633,1.);
#3633 = DIRECTION('',(1.,0.));
#3634 = ( GEOMETRIC_REPRESENTATION_CONTEXT(2) 
PARAMETRIC_REPRESENTATION_CONTEXT() REPRESENTATION_CONTEXT('2D SPACE',''
  ) );
#3635 = ORIENTED_EDGE('',*,*,#3636,.F.);
#3636 = EDGE_CURVE('',#3637,#3609,#3639,.T.);
#3637 = VERTEX_POINT('',#3638);
#3638 = CARTESIAN_POINT('',(25.,-1.5,-5.));
#3639 = SURFACE_CURVE('',#3640,(#3644,#3651),.PCURVE_S1.);
#3640 = LINE('',#3641,#3642);
#3641 = CARTESIAN_POINT('',(-1.5,-1.5,-5.));
#3642 = VECTOR('',#3643,1.);
#3643 = DIRECTION('',(1.,0.,-0.));
#3644 = PCURVE('',#2533,#3645);
#3645 = DEFINITIONAL_REPRESENTATION('',(#3646),#3650);
#3646 = LINE('',#3647,#3648);
#3647 = CARTESIAN_POINT('',(0.,0.));
#3648 = VECTOR('',#3649,1.);
#3649 = DIRECTION('',(0.,1.));
#3650 = ( GEOMETRIC_REPRESENTATION_CONTEXT(2) 
PARAMETRIC_REPRESENTATION_CONTEXT() REPRESENTATION_CONTEXT('2D SPACE',''
  ) );
#3651 = PCURVE('',#2875,#3652);
#3652 = DEFINITIONAL_REPRESENTATION('',(#3653),#3657);
#3653 = LINE('',#3654,#3655);
#3654 = CARTESIAN_POINT('',(-2.5,7.4));
#3655 = VECTOR('',#3656,1.);
#3656 = DIRECTION('',(1.,0.));
#3657 = ( GEOMETRIC_REPRESENTATION_CONTEXT(2) 
PARAMETRIC_REPRESENTATION_CONTEXT() REPRESENTATION_CONTEXT('2D SPACE',''
  ) );
#3658 = ORIENTED_EDGE('',*,*,#3659,.F.);
#3659 = EDGE_CURVE('',#3660,#3637,#3662,.T.);
#3660 = VERTEX_POINT('',#3661);
#3661 = CARTESIAN_POINT('',(25.,-1.5,2.5));
#3662 = SURFACE_CURVE('',#3663,(#3667,#3673),.PCURVE_S1.);
#3663 = LINE('',#3664,#3665);
#3664 = CARTESIAN_POINT('',(25.,-1.5,-5.));
#3665 = VECTOR('',#3666,1.);
#3666 = DIRECTION('',(-0.,0.,-1.));
#3667 = PCURVE('',#2533,#3668);
#3668 = DEFINITIONAL_REPRESENTATION('',(#3669),#3672);
#3669 = B_SPLINE_CURVE_WITH_KNOTS('',1,(#3670,#3671),.UNSPECIFIED.,.F.,
  .F.,(2,2),(-7.5,0.),.PIECEWISE_BEZIER_KNOTS.);
#3670 = CARTESIAN_POINT('',(7.5,26.5));
#3671 = CARTESIAN_POINT('',(0.,26.5));
#3672 = ( GEOMETRIC_REPRESENTATION_CONTEXT(2) 
PARAMETRIC_REPRESENTATION_CONTEXT() REPRESENTATION_CONTEXT('2D SPACE',''
  ) );
#3673 = PCURVE('',#3097,#3674);
#3674 = DEFINITIONAL_REPRESENTATION('',(#3675),#3678);
#3675 = B_SPLINE_CURVE_WITH_KNOTS('',1,(#3676,#3677),.UNSPECIFIED.,.F.,
  .F.,(2,2),(-7.5,0.),.PIECEWISE_BEZIER_KNOTS.);
#3676 = CARTESIAN_POINT('',(7.5,-7.4));
#3677 = CARTESIAN_POINT('',(0.,-7.4));
#3678 = ( GEOMETRIC_REPRESENTATION_CONTEXT(2) 
PARAMETRIC_REPRESENTATION_CONTEXT() REPRESENTATION_CONTEXT('2D SPACE',''
  ) );
#3679 = ORIENTED_EDGE('',*,*,#3680,.F.);
#3680 = EDGE_CURVE('',#3681,#3660,#3683,.T.);
#3681 = VERTEX_POINT('',#3682);
#3682 = CARTESIAN_POINT('',(12.,-1.5,2.5));
#3683 = SURFACE_CURVE('',#3684,(#3688,#3694),.PCURVE_S1.);
#3684 = LINE('',#3685,#3686);
#3685 = CARTESIAN_POINT('',(5.25,-1.5,2.5));
#3686 = VECTOR('',#3687,1.);
#3687 = DIRECTION('',(1.,0.,-0.));
#3688 = PCURVE('',#2533,#3689);
#3689 = DEFINITIONAL_REPRESENTATION('',(#3690),#3693);
#3690 = B_SPLINE_CURVE_WITH_KNOTS('',1,(#3691,#3692),.UNSPECIFIED.,.F.,
  .F.,(2,2),(6.75,19.75),.PIECEWISE_BEZIER_KNOTS.);
#3691 = CARTESIAN_POINT('',(7.5,13.5));
#3692 = CARTESIAN_POINT('',(7.5,26.5));
#3693 = ( GEOMETRIC_REPRESENTATION_CONTEXT(2) 
PARAMETRIC_REPRESENTATION_CONTEXT() REPRESENTATION_CONTEXT('2D SPACE',''
  ) );
#3694 = PCURVE('',#3121,#3695);
#3695 = DEFINITIONAL_REPRESENTATION('',(#3696),#3699);
#3696 = B_SPLINE_CURVE_WITH_KNOTS('',1,(#3697,#3698),.UNSPECIFIED.,.F.,
  .F.,(2,2),(6.75,19.75),.PIECEWISE_BEZIER_KNOTS.);
#3697 = CARTESIAN_POINT('',(0.,7.4));
#3698 = CARTESIAN_POINT('',(13.,7.4));
#3699 = ( GEOMETRIC_REPRESENTATION_CONTEXT(2) 
PARAMETRIC_REPRESENTATION_CONTEXT() REPRESENTATION_CONTEXT('2D SPACE',''
  ) );
#3700 = ORIENTED_EDGE('',*,*,#3701,.T.);
#3701 = EDGE_CURVE('',#3681,#3702,#3704,.T.);
#3702 = VERTEX_POINT('',#3703);
#3703 = CARTESIAN_POINT('',(12.,-1.5,-5.));
#3704 = SURFACE_CURVE('',#3705,(#3709,#3715),.PCURVE_S1.);
#3705 = LINE('',#3706,#3707);
#3706 = CARTESIAN_POINT('',(12.,-1.5,-5.));
#3707 = VECTOR('',#3708,1.);
#3708 = DIRECTION('',(-0.,0.,-1.));
#3709 = PCURVE('',#2533,#3710);
#3710 = DEFINITIONAL_REPRESENTATION('',(#3711),#3714);
#3711 = B_SPLINE_CURVE_WITH_KNOTS('',1,(#3712,#3713),.UNSPECIFIED.,.F.,
  .F.,(2,2),(-7.5,0.),.PIECEWISE_BEZIER_KNOTS.);
#3712 = CARTESIAN_POINT('',(7.5,13.5));
#3713 = CARTESIAN_POINT('',(0.,13.5));
#3714 = ( GEOMETRIC_REPRESENTATION_CONTEXT(2) 
PARAMETRIC_REPRESENTATION_CONTEXT() REPRESENTATION_CONTEXT('2D SPACE',''
  ) );
#3715 = PCURVE('',#3049,#3716);
#3716 = DEFINITIONAL_REPRESENTATION('',(#3717),#3720);
#3717 = B_SPLINE_CURVE_WITH_KNOTS('',1,(#3718,#3719),.UNSPECIFIED.,.F.,
  .F.,(2,2),(-7.5,0.),.PIECEWISE_BEZIER_KNOTS.);
#3718 = CARTESIAN_POINT('',(7.5,-7.4));
#3719 = CARTESIAN_POINT('',(0.,-7.4));
#3720 = ( GEOMETRIC_REPRESENTATION_CONTEXT(2) 
PARAMETRIC_REPRESENTATION_CONTEXT() REPRESENTATION_CONTEXT('2D SPACE',''
  ) );
#3721 = ORIENTED_EDGE('',*,*,#3722,.F.);
#3722 = EDGE_CURVE('',#3723,#3702,#3725,.T.);
#3723 = VERTEX_POINT('',#3724);
#3724 = CARTESIAN_POINT('',(11.,-1.5,-5.));
#3725 = SURFACE_CURVE('',#3726,(#3730,#3737),.PCURVE_S1.);
#3726 = LINE('',#3727,#3728);
#3727 = CARTESIAN_POINT('',(-1.5,-1.5,-5.));
#3728 = VECTOR('',#3729,1.);
#3729 = DIRECTION('',(1.,0.,-0.));
#3730 = PCURVE('',#2533,#3731);
#3731 = DEFINITIONAL_REPRESENTATION('',(#3732),#3736);
#3732 = LINE('',#3733,#3734);
#3733 = CARTESIAN_POINT('',(0.,0.));
#3734 = VECTOR('',#3735,1.);
#3735 = DIRECTION('',(0.,1.));
#3736 = ( GEOMETRIC_REPRESENTATION_CONTEXT(2) 
PARAMETRIC_REPRESENTATION_CONTEXT() REPRESENTATION_CONTEXT('2D SPACE',''
  ) );
#3737 = PCURVE('',#2875,#3738);
#3738 = DEFINITIONAL_REPRESENTATION('',(#3739),#3743);
#3739 = LINE('',#3740,#3741);
#3740 = CARTESIAN_POINT('',(-2.5,7.4));
#3741 = VECTOR('',#3742,1.);
#3742 = DIRECTION('',(1.,0.));
#3743 = ( GEOMETRIC_REPRESENTATION_CONTEXT(2) 
PARAMETRIC_REPRESENTATION_CONTEXT() REPRESENTATION_CONTEXT('2D SPACE',''
  ) );
#3744 = ORIENTED_EDGE('',*,*,#3745,.F.);
#3745 = EDGE_CURVE('',#3746,#3723,#3748,.T.);
#3746 = VERTEX_POINT('',#3747);
#3747 = CARTESIAN_POINT('',(11.,-1.5,-1.));
#3748 = SURFACE_CURVE('',#3749,(#3753,#3759),.PCURVE_S1.);
#3749 = LINE('',#3750,#3751);
#3750 = CARTESIAN_POINT('',(11.,-1.5,-5.));
#3751 = VECTOR('',#3752,1.);
#3752 = DIRECTION('',(-0.,0.,-1.));
#3753 = PCURVE('',#2533,#3754);
#3754 = DEFINITIONAL_REPRESENTATION('',(#3755),#3758);
#3755 = B_SPLINE_CURVE_WITH_KNOTS('',1,(#3756,#3757),.UNSPECIFIED.,.F.,
  .F.,(2,2),(-4.,0.),.PIECEWISE_BEZIER_KNOTS.);
#3756 = CARTESIAN_POINT('',(4.,12.5));
#3757 = CARTESIAN_POINT('',(0.,12.5));
#3758 = ( GEOMETRIC_REPRESENTATION_CONTEXT(2) 
PARAMETRIC_REPRESENTATION_CONTEXT() REPRESENTATION_CONTEXT('2D SPACE',''
  ) );
#3759 = PCURVE('',#2901,#3760);
#3760 = DEFINITIONAL_REPRESENTATION('',(#3761),#3764);
#3761 = B_SPLINE_CURVE_WITH_KNOTS('',1,(#3762,#3763),.UNSPECIFIED.,.F.,
  .F.,(2,2),(-4.,0.),.PIECEWISE_BEZIER_KNOTS.);
#3762 = CARTESIAN_POINT('',(4.,-7.4));
#3763 = CARTESIAN_POINT('',(0.,-7.4));
#3764 = ( GEOMETRIC_REPRESENTATION_CONTEXT(2) 
PARAMETRIC_REPRESENTATION_CONTEXT() REPRESENTATION_CONTEXT('2D SPACE',''
  ) );
#3765 = ORIENTED_EDGE('',*,*,#3766,.F.);
#3766 = EDGE_CURVE('',#3767,#3746,#3769,.T.);
#3767 = VERTEX_POINT('',#3768);
#3768 = CARTESIAN_POINT('',(2.2,-1.5,-1.));
#3769 = SURFACE_CURVE('',#3770,(#3774,#3780),.PCURVE_S1.);
#3770 = LINE('',#3771,#3772);
#3771 = CARTESIAN_POINT('',(-0.25,-1.5,-1.));
#3772 = VECTOR('',#3773,1.);
#3773 = DIRECTION('',(1.,0.,-0.));
#3774 = PCURVE('',#2533,#3775);
#3775 = DEFINITIONAL_REPRESENTATION('',(#3776),#3779);
#3776 = B_SPLINE_CURVE_WITH_KNOTS('',1,(#3777,#3778),.UNSPECIFIED.,.F.,
  .F.,(2,2),(1.25,11.25),.PIECEWISE_BEZIER_KNOTS.);
#3777 = CARTESIAN_POINT('',(4.,2.5));
#3778 = CARTESIAN_POINT('',(4.,12.5));
#3779 = ( GEOMETRIC_REPRESENTATION_CONTEXT(2) 
PARAMETRIC_REPRESENTATION_CONTEXT() REPRESENTATION_CONTEXT('2D SPACE',''
  ) );
#3780 = PCURVE('',#2925,#3781);
#3781 = DEFINITIONAL_REPRESENTATION('',(#3782),#3785);
#3782 = B_SPLINE_CURVE_WITH_KNOTS('',1,(#3783,#3784),.UNSPECIFIED.,.F.,
  .F.,(2,2),(1.25,11.25),.PIECEWISE_BEZIER_KNOTS.);
#3783 = CARTESIAN_POINT('',(0.,7.4));
#3784 = CARTESIAN_POINT('',(10.,7.4));
#3785 = ( GEOMETRIC_REPRESENTATION_CONTEXT(2) 
PARAMETRIC_REPRESENTATION_CONTEXT() REPRESENTATION_CONTEXT('2D SPACE',''
  ) );
#3786 = ORIENTED_EDGE('',*,*,#3787,.T.);
#3787 = EDGE_CURVE('',#3767,#3788,#3790,.T.);
#3788 = VERTEX_POINT('',#3789);
#3789 = CARTESIAN_POINT('',(2.2,-1.5,0.));
#3790 = SURFACE_CURVE('',#3791,(#3795,#3802),.PCURVE_S1.);
#3791 = LINE('',#3792,#3793);
#3792 = CARTESIAN_POINT('',(2.2,-1.5,-5.));
#3793 = VECTOR('',#3794,1.);
#3794 = DIRECTION('',(0.,0.,1.));
#3795 = PCURVE('',#2533,#3796);
#3796 = DEFINITIONAL_REPRESENTATION('',(#3797),#3801);
#3797 = LINE('',#3798,#3799);
#3798 = CARTESIAN_POINT('',(0.,3.7));
#3799 = VECTOR('',#3800,1.);
#3800 = DIRECTION('',(1.,0.));
#3801 = ( GEOMETRIC_REPRESENTATION_CONTEXT(2) 
PARAMETRIC_REPRESENTATION_CONTEXT() REPRESENTATION_CONTEXT('2D SPACE',''
  ) );
#3802 = PCURVE('',#3803,#3808);
#3803 = PLANE('',#3804);
#3804 = AXIS2_PLACEMENT_3D('',#3805,#3806,#3807);
#3805 = CARTESIAN_POINT('',(2.2,-1.5,-5.));
#3806 = DIRECTION('',(1.,0.,-0.));
#3807 = DIRECTION('',(0.,0.,1.));
#3808 = DEFINITIONAL_REPRESENTATION('',(#3809),#3813);
#3809 = LINE('',#3810,#3811);
#3810 = CARTESIAN_POINT('',(0.,0.));
#3811 = VECTOR('',#3812,1.);
#3812 = DIRECTION('',(1.,0.));
#3813 = ( GEOMETRIC_REPRESENTATION_CONTEXT(2) 
PARAMETRIC_REPRESENTATION_CONTEXT() REPRESENTATION_CONTEXT('2D SPACE',''
  ) );
#3814 = ORIENTED_EDGE('',*,*,#3815,.F.);
#3815 = EDGE_CURVE('',#3816,#3788,#3818,.T.);
#3816 = VERTEX_POINT('',#3817);
#3817 = CARTESIAN_POINT('',(-1.5,-1.5,0.));
#3818 = SURFACE_CURVE('',#3819,(#3823,#3830),.PCURVE_S1.);
#3819 = LINE('',#3820,#3821);
#3820 = CARTESIAN_POINT('',(-1.5,-1.5,0.));
#3821 = VECTOR('',#3822,1.);
#3822 = DIRECTION('',(1.,0.,-0.));
#3823 = PCURVE('',#2533,#3824);
#3824 = DEFINITIONAL_REPRESENTATION('',(#3825),#3829);
#3825 = LINE('',#3826,#3827);
#3826 = CARTESIAN_POINT('',(5.,0.));
#3827 = VECTOR('',#3828,1.);
#3828 = DIRECTION('',(0.,1.));
#3829 = ( GEOMETRIC_REPRESENTATION_CONTEXT(2) 
PARAMETRIC_REPRESENTATION_CONTEXT() REPRESENTATION_CONTEXT('2D SPACE',''
  ) );
#3830 = PCURVE('',#3831,#3836);
#3831 = PLANE('',#3832);
#3832 = AXIS2_PLACEMENT_3D('',#3833,#3834,#3835);
#3833 = CARTESIAN_POINT('',(-1.5,-1.5,0.));
#3834 = DIRECTION('',(0.,0.,1.));
#3835 = DIRECTION('',(1.,0.,-0.));
#3836 = DEFINITIONAL_REPRESENTATION('',(#3837),#3841);
#3837 = LINE('',#3838,#3839);
#3838 = CARTESIAN_POINT('',(0.,0.));
#3839 = VECTOR('',#3840,1.);
#3840 = DIRECTION('',(1.,0.));
#3841 = ( GEOMETRIC_REPRESENTATION_CONTEXT(2) 
PARAMETRIC_REPRESENTATION_CONTEXT() REPRESENTATION_CONTEXT('2D SPACE',''
  ) );
#3842 = ORIENTED_EDGE('',*,*,#3843,.T.);
#3843 = EDGE_CURVE('',#3816,#2519,#3844,.T.);
#3844 = SURFACE_CURVE('',#3845,(#3849,#3856),.PCURVE_S1.);
#3845 = LINE('',#3846,#3847);
#3846 = CARTESIAN_POINT('',(-1.5,-1.5,-5.));
#3847 = VECTOR('',#3848,1.);
#3848 = DIRECTION('',(0.,0.,1.));
#3849 = PCURVE('',#2533,#3850);
#3850 = DEFINITIONAL_REPRESENTATION('',(#3851),#3855);
#3851 = LINE('',#3852,#3853);
#3852 = CARTESIAN_POINT('',(0.,0.));
#3853 = VECTOR('',#3854,1.);
#3854 = DIRECTION('',(1.,0.));
#3855 = ( GEOMETRIC_REPRESENTATION_CONTEXT(2) 
PARAMETRIC_REPRESENTATION_CONTEXT() REPRESENTATION_CONTEXT('2D SPACE',''
  ) );
#3856 = PCURVE('',#2559,#3857);
#3857 = DEFINITIONAL_REPRESENTATION('',(#3858),#3862);
#3858 = LINE('',#3859,#3860);
#3859 = CARTESIAN_POINT('',(0.,0.));
#3860 = VECTOR('',#3861,1.);
#3861 = DIRECTION('',(1.,0.));
#3862 = ( GEOMETRIC_REPRESENTATION_CONTEXT(2) 
PARAMETRIC_REPRESENTATION_CONTEXT() REPRESENTATION_CONTEXT('2D SPACE',''
  ) );
#3863 = ORIENTED_EDGE('',*,*,#2516,.F.);
#3864 = ADVANCED_FACE('',(#3865),#2609,.F.);
#3865 = FACE_BOUND('',#3866,.F.);
#3866 = EDGE_LOOP('',(#3867,#3868,#3891,#3919,#3942,#3970,#3998,#4019));
#3867 = ORIENTED_EDGE('',*,*,#3557,.F.);
#3868 = ORIENTED_EDGE('',*,*,#3869,.T.);
#3869 = EDGE_CURVE('',#3558,#3870,#3872,.T.);
#3870 = VERTEX_POINT('',#3871);
#3871 = CARTESIAN_POINT('',(38.5,2.2,0.));
#3872 = SURFACE_CURVE('',#3873,(#3877,#3884),.PCURVE_S1.);
#3873 = LINE('',#3874,#3875);
#3874 = CARTESIAN_POINT('',(38.5,-1.5,0.));
#3875 = VECTOR('',#3876,1.);
#3876 = DIRECTION('',(-0.,1.,0.));
#3877 = PCURVE('',#2609,#3878);
#3878 = DEFINITIONAL_REPRESENTATION('',(#3879),#3883);
#3879 = LINE('',#3880,#3881);
#3880 = CARTESIAN_POINT('',(5.,0.));
#3881 = VECTOR('',#3882,1.);
#3882 = DIRECTION('',(0.,-1.));
#3883 = ( GEOMETRIC_REPRESENTATION_CONTEXT(2) 
PARAMETRIC_REPRESENTATION_CONTEXT() REPRESENTATION_CONTEXT('2D SPACE',''
  ) );
#3884 = PCURVE('',#3596,#3885);
#3885 = DEFINITIONAL_REPRESENTATION('',(#3886),#3890);
#3886 = LINE('',#3887,#3888);
#3887 = CARTESIAN_POINT('',(3.7,0.));
#3888 = VECTOR('',#3889,1.);
#3889 = DIRECTION('',(0.,1.));
#3890 = ( GEOMETRIC_REPRESENTATION_CONTEXT(2) 
PARAMETRIC_REPRESENTATION_CONTEXT() REPRESENTATION_CONTEXT('2D SPACE',''
  ) );
#3891 = ORIENTED_EDGE('',*,*,#3892,.F.);
#3892 = EDGE_CURVE('',#3893,#3870,#3895,.T.);
#3893 = VERTEX_POINT('',#3894);
#3894 = CARTESIAN_POINT('',(38.5,2.2,-5.));
#3895 = SURFACE_CURVE('',#3896,(#3900,#3907),.PCURVE_S1.);
#3896 = LINE('',#3897,#3898);
#3897 = CARTESIAN_POINT('',(38.5,2.2,-5.));
#3898 = VECTOR('',#3899,1.);
#3899 = DIRECTION('',(0.,0.,1.));
#3900 = PCURVE('',#2609,#3901);
#3901 = DEFINITIONAL_REPRESENTATION('',(#3902),#3906);
#3902 = LINE('',#3903,#3904);
#3903 = CARTESIAN_POINT('',(0.,-3.7));
#3904 = VECTOR('',#3905,1.);
#3905 = DIRECTION('',(1.,0.));
#3906 = ( GEOMETRIC_REPRESENTATION_CONTEXT(2) 
PARAMETRIC_REPRESENTATION_CONTEXT() REPRESENTATION_CONTEXT('2D SPACE',''
  ) );
#3907 = PCURVE('',#3908,#3913);
#3908 = PLANE('',#3909);
#3909 = AXIS2_PLACEMENT_3D('',#3910,#3911,#3912);
#3910 = CARTESIAN_POINT('',(34.8,2.2,-5.));
#3911 = DIRECTION('',(-0.,1.,0.));
#3912 = DIRECTION('',(0.,0.,1.));
#3913 = DEFINITIONAL_REPRESENTATION('',(#3914),#3918);
#3914 = LINE('',#3915,#3916);
#3915 = CARTESIAN_POINT('',(0.,3.7));
#3916 = VECTOR('',#3917,1.);
#3917 = DIRECTION('',(1.,0.));
#3918 = ( GEOMETRIC_REPRESENTATION_CONTEXT(2) 
PARAMETRIC_REPRESENTATION_CONTEXT() REPRESENTATION_CONTEXT('2D SPACE',''
  ) );
#3919 = ORIENTED_EDGE('',*,*,#3920,.T.);
#3920 = EDGE_CURVE('',#3893,#3921,#3923,.T.);
#3921 = VERTEX_POINT('',#3922);
#3922 = CARTESIAN_POINT('',(38.5,34.8,-5.));
#3923 = SURFACE_CURVE('',#3924,(#3928,#3935),.PCURVE_S1.);
#3924 = LINE('',#3925,#3926);
#3925 = CARTESIAN_POINT('',(38.5,-1.5,-5.));
#3926 = VECTOR('',#3927,1.);
#3927 = DIRECTION('',(-0.,1.,0.));
#3928 = PCURVE('',#2609,#3929);
#3929 = DEFINITIONAL_REPRESENTATION('',(#3930),#3934);
#3930 = LINE('',#3931,#3932);
#3931 = CARTESIAN_POINT('',(0.,0.));
#3932 = VECTOR('',#3933,1.);
#3933 = DIRECTION('',(0.,-1.));
#3934 = ( GEOMETRIC_REPRESENTATION_CONTEXT(2) 
PARAMETRIC_REPRESENTATION_CONTEXT() REPRESENTATION_CONTEXT('2D SPACE',''
  ) );
#3935 = PCURVE('',#2875,#3936);
#3936 = DEFINITIONAL_REPRESENTATION('',(#3937),#3941);
#3937 = LINE('',#3938,#3939);
#3938 = CARTESIAN_POINT('',(37.5,7.4));
#3939 = VECTOR('',#3940,1.);
#3940 = DIRECTION('',(0.,1.));
#3941 = ( GEOMETRIC_REPRESENTATION_CONTEXT(2) 
PARAMETRIC_REPRESENTATION_CONTEXT() REPRESENTATION_CONTEXT('2D SPACE',''
  ) );
#3942 = ORIENTED_EDGE('',*,*,#3943,.T.);
#3943 = EDGE_CURVE('',#3921,#3944,#3946,.T.);
#3944 = VERTEX_POINT('',#3945);
#3945 = CARTESIAN_POINT('',(38.5,34.8,0.));
#3946 = SURFACE_CURVE('',#3947,(#3951,#3958),.PCURVE_S1.);
#3947 = LINE('',#3948,#3949);
#3948 = CARTESIAN_POINT('',(38.5,34.8,-5.));
#3949 = VECTOR('',#3950,1.);
#3950 = DIRECTION('',(0.,0.,1.));
#3951 = PCURVE('',#2609,#3952);
#3952 = DEFINITIONAL_REPRESENTATION('',(#3953),#3957);
#3953 = LINE('',#3954,#3955);
#3954 = CARTESIAN_POINT('',(0.,-36.3));
#3955 = VECTOR('',#3956,1.);
#3956 = DIRECTION('',(1.,0.));
#3957 = ( GEOMETRIC_REPRESENTATION_CONTEXT(2) 
PARAMETRIC_REPRESENTATION_CONTEXT() REPRESENTATION_CONTEXT('2D SPACE',''
  ) );
#3958 = PCURVE('',#3959,#3964);
#3959 = PLANE('',#3960);
#3960 = AXIS2_PLACEMENT_3D('',#3961,#3962,#3963);
#3961 = CARTESIAN_POINT('',(34.8,34.8,-5.));
#3962 = DIRECTION('',(-0.,1.,0.));
#3963 = DIRECTION('',(0.,0.,1.));
#3964 = DEFINITIONAL_REPRESENTATION('',(#3965),#3969);
#3965 = LINE('',#3966,#3967);
#3966 = CARTESIAN_POINT('',(0.,3.7));
#3967 = VECTOR('',#3968,1.);
#3968 = DIRECTION('',(1.,0.));
#3969 = ( GEOMETRIC_REPRESENTATION_CONTEXT(2) 
PARAMETRIC_REPRESENTATION_CONTEXT() REPRESENTATION_CONTEXT('2D SPACE',''
  ) );
#3970 = ORIENTED_EDGE('',*,*,#3971,.T.);
#3971 = EDGE_CURVE('',#3944,#3972,#3974,.T.);
#3972 = VERTEX_POINT('',#3973);
#3973 = CARTESIAN_POINT('',(38.5,38.5,0.));
#3974 = SURFACE_CURVE('',#3975,(#3979,#3986),.PCURVE_S1.);
#3975 = LINE('',#3976,#3977);
#3976 = CARTESIAN_POINT('',(38.5,34.8,0.));
#3977 = VECTOR('',#3978,1.);
#3978 = DIRECTION('',(-0.,1.,0.));
#3979 = PCURVE('',#2609,#3980);
#3980 = DEFINITIONAL_REPRESENTATION('',(#3981),#3985);
#3981 = LINE('',#3982,#3983);
#3982 = CARTESIAN_POINT('',(5.,-36.3));
#3983 = VECTOR('',#3984,1.);
#3984 = DIRECTION('',(0.,-1.));
#3985 = ( GEOMETRIC_REPRESENTATION_CONTEXT(2) 
PARAMETRIC_REPRESENTATION_CONTEXT() REPRESENTATION_CONTEXT('2D SPACE',''
  ) );
#3986 = PCURVE('',#3987,#3992);
#3987 = PLANE('',#3988);
#3988 = AXIS2_PLACEMENT_3D('',#3989,#3990,#3991);
#3989 = CARTESIAN_POINT('',(34.8,34.8,0.));
#3990 = DIRECTION('',(0.,0.,1.));
#3991 = DIRECTION('',(1.,0.,-0.));
#3992 = DEFINITIONAL_REPRESENTATION('',(#3993),#3997);
#3993 = LINE('',#3994,#3995);
#3994 = CARTESIAN_POINT('',(3.7,0.));
#3995 = VECTOR('',#3996,1.);
#3996 = DIRECTION('',(0.,1.));
#3997 = ( GEOMETRIC_REPRESENTATION_CONTEXT(2) 
PARAMETRIC_REPRESENTATION_CONTEXT() REPRESENTATION_CONTEXT('2D SPACE',''
  ) );
#3998 = ORIENTED_EDGE('',*,*,#3999,.T.);
#3999 = EDGE_CURVE('',#3972,#2571,#4000,.T.);
#4000 = SURFACE_CURVE('',#4001,(#4005,#4012),.PCURVE_S1.);
#4001 = LINE('',#4002,#4003);
#4002 = CARTESIAN_POINT('',(38.5,38.5,-5.));
#4003 = VECTOR('',#4004,1.);
#4004 = DIRECTION('',(0.,0.,1.));
#4005 = PCURVE('',#2609,#4006);
#4006 = DEFINITIONAL_REPRESENTATION('',(#4007),#4011);
#4007 = LINE('',#4008,#4009);
#4008 = CARTESIAN_POINT('',(0.,-40.));
#4009 = VECTOR('',#4010,1.);
#4010 = DIRECTION('',(1.,0.));
#4011 = ( GEOMETRIC_REPRESENTATION_CONTEXT(2) 
PARAMETRIC_REPRESENTATION_CONTEXT() REPRESENTATION_CONTEXT('2D SPACE',''
  ) );
#4012 = PCURVE('',#2585,#4013);
#4013 = DEFINITIONAL_REPRESENTATION('',(#4014),#4018);
#4014 = LINE('',#4015,#4016);
#4015 = CARTESIAN_POINT('',(0.,40.));
#4016 = VECTOR('',#4017,1.);
#4017 = DIRECTION('',(1.,0.));
#4018 = ( GEOMETRIC_REPRESENTATION_CONTEXT(2) 
PARAMETRIC_REPRESENTATION_CONTEXT() REPRESENTATION_CONTEXT('2D SPACE',''
  ) );
#4019 = ORIENTED_EDGE('',*,*,#2596,.F.);
#4020 = ADVANCED_FACE('',(#4021),#2585,.F.);
#4021 = FACE_BOUND('',#4022,.F.);
#4022 = EDGE_LOOP('',(#4023,#4024,#4047,#4075,#4098,#4126,#4154,#4175));
#4023 = ORIENTED_EDGE('',*,*,#3999,.F.);
#4024 = ORIENTED_EDGE('',*,*,#4025,.F.);
#4025 = EDGE_CURVE('',#4026,#3972,#4028,.T.);
#4026 = VERTEX_POINT('',#4027);
#4027 = CARTESIAN_POINT('',(34.8,38.5,0.));
#4028 = SURFACE_CURVE('',#4029,(#4033,#4040),.PCURVE_S1.);
#4029 = LINE('',#4030,#4031);
#4030 = CARTESIAN_POINT('',(34.8,38.5,0.));
#4031 = VECTOR('',#4032,1.);
#4032 = DIRECTION('',(1.,0.,-0.));
#4033 = PCURVE('',#2585,#4034);
#4034 = DEFINITIONAL_REPRESENTATION('',(#4035),#4039);
#4035 = LINE('',#4036,#4037);
#4036 = CARTESIAN_POINT('',(5.,36.3));
#4037 = VECTOR('',#4038,1.);
#4038 = DIRECTION('',(0.,1.));
#4039 = ( GEOMETRIC_REPRESENTATION_CONTEXT(2) 
PARAMETRIC_REPRESENTATION_CONTEXT() REPRESENTATION_CONTEXT('2D SPACE',''
  ) );
#4040 = PCURVE('',#3987,#4041);
#4041 = DEFINITIONAL_REPRESENTATION('',(#4042),#4046);
#4042 = LINE('',#4043,#4044);
#4043 = CARTESIAN_POINT('',(0.,3.7));
#4044 = VECTOR('',#4045,1.);
#4045 = DIRECTION('',(1.,0.));
#4046 = ( GEOMETRIC_REPRESENTATION_CONTEXT(2) 
PARAMETRIC_REPRESENTATION_CONTEXT() REPRESENTATION_CONTEXT('2D SPACE',''
  ) );
#4047 = ORIENTED_EDGE('',*,*,#4048,.F.);
#4048 = EDGE_CURVE('',#4049,#4026,#4051,.T.);
#4049 = VERTEX_POINT('',#4050);
#4050 = CARTESIAN_POINT('',(34.8,38.5,-5.));
#4051 = SURFACE_CURVE('',#4052,(#4056,#4063),.PCURVE_S1.);
#4052 = LINE('',#4053,#4054);
#4053 = CARTESIAN_POINT('',(34.8,38.5,-5.));
#4054 = VECTOR('',#4055,1.);
#4055 = DIRECTION('',(0.,0.,1.));
#4056 = PCURVE('',#2585,#4057);
#4057 = DEFINITIONAL_REPRESENTATION('',(#4058),#4062);
#4058 = LINE('',#4059,#4060);
#4059 = CARTESIAN_POINT('',(0.,36.3));
#4060 = VECTOR('',#4061,1.);
#4061 = DIRECTION('',(1.,0.));
#4062 = ( GEOMETRIC_REPRESENTATION_CONTEXT(2) 
PARAMETRIC_REPRESENTATION_CONTEXT() REPRESENTATION_CONTEXT('2D SPACE',''
  ) );
#4063 = PCURVE('',#4064,#4069);
#4064 = PLANE('',#4065);
#4065 = AXIS2_PLACEMENT_3D('',#4066,#4067,#4068);
#4066 = CARTESIAN_POINT('',(34.8,34.8,-5.));
#4067 = DIRECTION('',(1.,0.,-0.));
#4068 = DIRECTION('',(0.,0.,1.));
#4069 = DEFINITIONAL_REPRESENTATION('',(#4070),#4074);
#4070 = LINE('',#4071,#4072);
#4071 = CARTESIAN_POINT('',(0.,-3.7));
#4072 = VECTOR('',#4073,1.);
#4073 = DIRECTION('',(1.,0.));
#4074 = ( GEOMETRIC_REPRESENTATION_CONTEXT(2) 
PARAMETRIC_REPRESENTATION_CONTEXT() REPRESENTATION_CONTEXT('2D SPACE',''
  ) );
#4075 = ORIENTED_EDGE('',*,*,#4076,.F.);
#4076 = EDGE_CURVE('',#4077,#4049,#4079,.T.);
#4077 = VERTEX_POINT('',#4078);
#4078 = CARTESIAN_POINT('',(2.2,38.5,-5.));
#4079 = SURFACE_CURVE('',#4080,(#4084,#4091),.PCURVE_S1.);
#4080 = LINE('',#4081,#4082);
#4081 = CARTESIAN_POINT('',(-1.5,38.5,-5.));
#4082 = VECTOR('',#4083,1.);
#4083 = DIRECTION('',(1.,0.,-0.));
#4084 = PCURVE('',#2585,#4085);
#4085 = DEFINITIONAL_REPRESENTATION('',(#4086),#4090);
#4086 = LINE('',#4087,#4088);
#4087 = CARTESIAN_POINT('',(0.,0.));
#4088 = VECTOR('',#4089,1.);
#4089 = DIRECTION('',(0.,1.));
#4090 = ( GEOMETRIC_REPRESENTATION_CONTEXT(2) 
PARAMETRIC_REPRESENTATION_CONTEXT() REPRESENTATION_CONTEXT('2D SPACE',''
  ) );
#4091 = PCURVE('',#2875,#4092);
#4092 = DEFINITIONAL_REPRESENTATION('',(#4093),#4097);
#4093 = LINE('',#4094,#4095);
#4094 = CARTESIAN_POINT('',(-2.5,47.4));
#4095 = VECTOR('',#4096,1.);
#4096 = DIRECTION('',(1.,0.));
#4097 = ( GEOMETRIC_REPRESENTATION_CONTEXT(2) 
PARAMETRIC_REPRESENTATION_CONTEXT() REPRESENTATION_CONTEXT('2D SPACE',''
  ) );
#4098 = ORIENTED_EDGE('',*,*,#4099,.T.);
#4099 = EDGE_CURVE('',#4077,#4100,#4102,.T.);
#4100 = VERTEX_POINT('',#4101);
#4101 = CARTESIAN_POINT('',(2.2,38.5,0.));
#4102 = SURFACE_CURVE('',#4103,(#4107,#4114),.PCURVE_S1.);
#4103 = LINE('',#4104,#4105);
#4104 = CARTESIAN_POINT('',(2.2,38.5,-5.));
#4105 = VECTOR('',#4106,1.);
#4106 = DIRECTION('',(0.,0.,1.));
#4107 = PCURVE('',#2585,#4108);
#4108 = DEFINITIONAL_REPRESENTATION('',(#4109),#4113);
#4109 = LINE('',#4110,#4111);
#4110 = CARTESIAN_POINT('',(0.,3.7));
#4111 = VECTOR('',#4112,1.);
#4112 = DIRECTION('',(1.,0.));
#4113 = ( GEOMETRIC_REPRESENTATION_CONTEXT(2) 
PARAMETRIC_REPRESENTATION_CONTEXT() REPRESENTATION_CONTEXT('2D SPACE',''
  ) );
#4114 = PCURVE('',#4115,#4120);
#4115 = PLANE('',#4116);
#4116 = AXIS2_PLACEMENT_3D('',#4117,#4118,#4119);
#4117 = CARTESIAN_POINT('',(2.2,34.8,-5.));
#4118 = DIRECTION('',(1.,0.,-0.));
#4119 = DIRECTION('',(0.,0.,1.));
#4120 = DEFINITIONAL_REPRESENTATION('',(#4121),#4125);
#4121 = LINE('',#4122,#4123);
#4122 = CARTESIAN_POINT('',(0.,-3.7));
#4123 = VECTOR('',#4124,1.);
#4124 = DIRECTION('',(1.,0.));
#4125 = ( GEOMETRIC_REPRESENTATION_CONTEXT(2) 
PARAMETRIC_REPRESENTATION_CONTEXT() REPRESENTATION_CONTEXT('2D SPACE',''
  ) );
#4126 = ORIENTED_EDGE('',*,*,#4127,.F.);
#4127 = EDGE_CURVE('',#4128,#4100,#4130,.T.);
#4128 = VERTEX_POINT('',#4129);
#4129 = CARTESIAN_POINT('',(-1.5,38.5,0.));
#4130 = SURFACE_CURVE('',#4131,(#4135,#4142),.PCURVE_S1.);
#4131 = LINE('',#4132,#4133);
#4132 = CARTESIAN_POINT('',(-1.5,38.5,0.));
#4133 = VECTOR('',#4134,1.);
#4134 = DIRECTION('',(1.,0.,-0.));
#4135 = PCURVE('',#2585,#4136);
#4136 = DEFINITIONAL_REPRESENTATION('',(#4137),#4141);
#4137 = LINE('',#4138,#4139);
#4138 = CARTESIAN_POINT('',(5.,0.));
#4139 = VECTOR('',#4140,1.);
#4140 = DIRECTION('',(0.,1.));
#4141 = ( GEOMETRIC_REPRESENTATION_CONTEXT(2) 
PARAMETRIC_REPRESENTATION_CONTEXT() REPRESENTATION_CONTEXT('2D SPACE',''
  ) );
#4142 = PCURVE('',#4143,#4148);
#4143 = PLANE('',#4144);
#4144 = AXIS2_PLACEMENT_3D('',#4145,#4146,#4147);
#4145 = CARTESIAN_POINT('',(-1.5,34.8,0.));
#4146 = DIRECTION('',(0.,0.,1.));
#4147 = DIRECTION('',(1.,0.,-0.));
#4148 = DEFINITIONAL_REPRESENTATION('',(#4149),#4153);
#4149 = LINE('',#4150,#4151);
#4150 = CARTESIAN_POINT('',(0.,3.7));
#4151 = VECTOR('',#4152,1.);
#4152 = DIRECTION('',(1.,0.));
#4153 = ( GEOMETRIC_REPRESENTATION_CONTEXT(2) 
PARAMETRIC_REPRESENTATION_CONTEXT() REPRESENTATION_CONTEXT('2D SPACE',''
  ) );
#4154 = ORIENTED_EDGE('',*,*,#4155,.T.);
#4155 = EDGE_CURVE('',#4128,#2545,#4156,.T.);
#4156 = SURFACE_CURVE('',#4157,(#4161,#4168),.PCURVE_S1.);
#4157 = LINE('',#4158,#4159);
#4158 = CARTESIAN_POINT('',(-1.5,38.5,-5.));
#4159 = VECTOR('',#4160,1.);
#4160 = DIRECTION('',(0.,0.,1.));
#4161 = PCURVE('',#2585,#4162);
#4162 = DEFINITIONAL_REPRESENTATION('',(#4163),#4167);
#4163 = LINE('',#4164,#4165);
#4164 = CARTESIAN_POINT('',(0.,0.));
#4165 = VECTOR('',#4166,1.);
#4166 = DIRECTION('',(1.,0.));
#4167 = ( GEOMETRIC_REPRESENTATION_CONTEXT(2) 
PARAMETRIC_REPRESENTATION_CONTEXT() REPRESENTATION_CONTEXT('2D SPACE',''
  ) );
#4168 = PCURVE('',#2559,#4169);
#4169 = DEFINITIONAL_REPRESENTATION('',(#4170),#4174);
#4170 = LINE('',#4171,#4172);
#4171 = CARTESIAN_POINT('',(0.,-40.));
#4172 = VECTOR('',#4173,1.);
#4173 = DIRECTION('',(1.,0.));
#4174 = ( GEOMETRIC_REPRESENTATION_CONTEXT(2) 
PARAMETRIC_REPRESENTATION_CONTEXT() REPRESENTATION_CONTEXT('2D SPACE',''
  ) );
#4175 = ORIENTED_EDGE('',*,*,#2570,.F.);
#4176 = ADVANCED_FACE('',(#4177),#2559,.T.);
#4177 = FACE_BOUND('',#4178,.T.);
#4178 = EDGE_LOOP('',(#4179,#4180,#4203,#4231,#4254,#4282,#4303,#4304));
#4179 = ORIENTED_EDGE('',*,*,#3843,.F.);
#4180 = ORIENTED_EDGE('',*,*,#4181,.T.);
#4181 = EDGE_CURVE('',#3816,#4182,#4184,.T.);
#4182 = VERTEX_POINT('',#4183);
#4183 = CARTESIAN_POINT('',(-1.5,2.2,0.));
#4184 = SURFACE_CURVE('',#4185,(#4189,#4196),.PCURVE_S1.);
#4185 = LINE('',#4186,#4187);
#4186 = CARTESIAN_POINT('',(-1.5,-1.5,0.));
#4187 = VECTOR('',#4188,1.);
#4188 = DIRECTION('',(-0.,1.,0.));
#4189 = PCURVE('',#2559,#4190);
#4190 = DEFINITIONAL_REPRESENTATION('',(#4191),#4195);
#4191 = LINE('',#4192,#4193);
#4192 = CARTESIAN_POINT('',(5.,0.));
#4193 = VECTOR('',#4194,1.);
#4194 = DIRECTION('',(0.,-1.));
#4195 = ( GEOMETRIC_REPRESENTATION_CONTEXT(2) 
PARAMETRIC_REPRESENTATION_CONTEXT() REPRESENTATION_CONTEXT('2D SPACE',''
  ) );
#4196 = PCURVE('',#3831,#4197);
#4197 = DEFINITIONAL_REPRESENTATION('',(#4198),#4202);
#4198 = LINE('',#4199,#4200);
#4199 = CARTESIAN_POINT('',(0.,0.));
#4200 = VECTOR('',#4201,1.);
#4201 = DIRECTION('',(0.,1.));
#4202 = ( GEOMETRIC_REPRESENTATION_CONTEXT(2) 
PARAMETRIC_REPRESENTATION_CONTEXT() REPRESENTATION_CONTEXT('2D SPACE',''
  ) );
#4203 = ORIENTED_EDGE('',*,*,#4204,.F.);
#4204 = EDGE_CURVE('',#4205,#4182,#4207,.T.);
#4205 = VERTEX_POINT('',#4206);
#4206 = CARTESIAN_POINT('',(-1.5,2.2,-5.));
#4207 = SURFACE_CURVE('',#4208,(#4212,#4219),.PCURVE_S1.);
#4208 = LINE('',#4209,#4210);
#4209 = CARTESIAN_POINT('',(-1.5,2.2,-5.));
#4210 = VECTOR('',#4211,1.);
#4211 = DIRECTION('',(0.,0.,1.));
#4212 = PCURVE('',#2559,#4213);
#4213 = DEFINITIONAL_REPRESENTATION('',(#4214),#4218);
#4214 = LINE('',#4215,#4216);
#4215 = CARTESIAN_POINT('',(0.,-3.7));
#4216 = VECTOR('',#4217,1.);
#4217 = DIRECTION('',(1.,0.));
#4218 = ( GEOMETRIC_REPRESENTATION_CONTEXT(2) 
PARAMETRIC_REPRESENTATION_CONTEXT() REPRESENTATION_CONTEXT('2D SPACE',''
  ) );
#4219 = PCURVE('',#4220,#4225);
#4220 = PLANE('',#4221);
#4221 = AXIS2_PLACEMENT_3D('',#4222,#4223,#4224);
#4222 = CARTESIAN_POINT('',(-1.5,2.2,-5.));
#4223 = DIRECTION('',(-0.,1.,0.));
#4224 = DIRECTION('',(0.,0.,1.));
#4225 = DEFINITIONAL_REPRESENTATION('',(#4226),#4230);
#4226 = LINE('',#4227,#4228);
#4227 = CARTESIAN_POINT('',(0.,0.));
#4228 = VECTOR('',#4229,1.);
#4229 = DIRECTION('',(1.,0.));
#4230 = ( GEOMETRIC_REPRESENTATION_CONTEXT(2) 
PARAMETRIC_REPRESENTATION_CONTEXT() REPRESENTATION_CONTEXT('2D SPACE',''
  ) );
#4231 = ORIENTED_EDGE('',*,*,#4232,.T.);
#4232 = EDGE_CURVE('',#4205,#4233,#4235,.T.);
#4233 = VERTEX_POINT('',#4234);
#4234 = CARTESIAN_POINT('',(-1.5,34.8,-5.));
#4235 = SURFACE_CURVE('',#4236,(#4240,#4247),.PCURVE_S1.);
#4236 = LINE('',#4237,#4238);
#4237 = CARTESIAN_POINT('',(-1.5,-1.5,-5.));
#4238 = VECTOR('',#4239,1.);
#4239 = DIRECTION('',(-0.,1.,0.));
#4240 = PCURVE('',#2559,#4241);
#4241 = DEFINITIONAL_REPRESENTATION('',(#4242),#4246);
#4242 = LINE('',#4243,#4244);
#4243 = CARTESIAN_POINT('',(0.,0.));
#4244 = VECTOR('',#4245,1.);
#4245 = DIRECTION('',(0.,-1.));
#4246 = ( GEOMETRIC_REPRESENTATION_CONTEXT(2) 
PARAMETRIC_REPRESENTATION_CONTEXT() REPRESENTATION_CONTEXT('2D SPACE',''
  ) );
#4247 = PCURVE('',#2875,#4248);
#4248 = DEFINITIONAL_REPRESENTATION('',(#4249),#4253);
#4249 = LINE('',#4250,#4251);
#4250 = CARTESIAN_POINT('',(-2.5,7.4));
#4251 = VECTOR('',#4252,1.);
#4252 = DIRECTION('',(0.,1.));
#4253 = ( GEOMETRIC_REPRESENTATION_CONTEXT(2) 
PARAMETRIC_REPRESENTATION_CONTEXT() REPRESENTATION_CONTEXT('2D SPACE',''
  ) );
#4254 = ORIENTED_EDGE('',*,*,#4255,.T.);
#4255 = EDGE_CURVE('',#4233,#4256,#4258,.T.);
#4256 = VERTEX_POINT('',#4257);
#4257 = CARTESIAN_POINT('',(-1.5,34.8,0.));
#4258 = SURFACE_CURVE('',#4259,(#4263,#4270),.PCURVE_S1.);
#4259 = LINE('',#4260,#4261);
#4260 = CARTESIAN_POINT('',(-1.5,34.8,-5.));
#4261 = VECTOR('',#4262,1.);
#4262 = DIRECTION('',(0.,0.,1.));
#4263 = PCURVE('',#2559,#4264);
#4264 = DEFINITIONAL_REPRESENTATION('',(#4265),#4269);
#4265 = LINE('',#4266,#4267);
#4266 = CARTESIAN_POINT('',(0.,-36.3));
#4267 = VECTOR('',#4268,1.);
#4268 = DIRECTION('',(1.,0.));
#4269 = ( GEOMETRIC_REPRESENTATION_CONTEXT(2) 
PARAMETRIC_REPRESENTATION_CONTEXT() REPRESENTATION_CONTEXT('2D SPACE',''
  ) );
#4270 = PCURVE('',#4271,#4276);
#4271 = PLANE('',#4272);
#4272 = AXIS2_PLACEMENT_3D('',#4273,#4274,#4275);
#4273 = CARTESIAN_POINT('',(-1.5,34.8,-5.));
#4274 = DIRECTION('',(-0.,1.,0.));
#4275 = DIRECTION('',(0.,0.,1.));
#4276 = DEFINITIONAL_REPRESENTATION('',(#4277),#4281);
#4277 = LINE('',#4278,#4279);
#4278 = CARTESIAN_POINT('',(0.,0.));
#4279 = VECTOR('',#4280,1.);
#4280 = DIRECTION('',(1.,0.));
#4281 = ( GEOMETRIC_REPRESENTATION_CONTEXT(2) 
PARAMETRIC_REPRESENTATION_CONTEXT() REPRESENTATION_CONTEXT('2D SPACE',''
  ) );
#4282 = ORIENTED_EDGE('',*,*,#4283,.T.);
#4283 = EDGE_CURVE('',#4256,#4128,#4284,.T.);
#4284 = SURFACE_CURVE('',#4285,(#4289,#4296),.PCURVE_S1.);
#4285 = LINE('',#4286,#4287);
#4286 = CARTESIAN_POINT('',(-1.5,34.8,0.));
#4287 = VECTOR('',#4288,1.);
#4288 = DIRECTION('',(-0.,1.,0.));
#4289 = PCURVE('',#2559,#4290);
#4290 = DEFINITIONAL_REPRESENTATION('',(#4291),#4295);
#4291 = LINE('',#4292,#4293);
#4292 = CARTESIAN_POINT('',(5.,-36.3));
#4293 = VECTOR('',#4294,1.);
#4294 = DIRECTION('',(0.,-1.));
#4295 = ( GEOMETRIC_REPRESENTATION_CONTEXT(2) 
PARAMETRIC_REPRESENTATION_CONTEXT() REPRESENTATION_CONTEXT('2D SPACE',''
  ) );
#4296 = PCURVE('',#4143,#4297);
#4297 = DEFINITIONAL_REPRESENTATION('',(#4298),#4302);
#4298 = LINE('',#4299,#4300);
#4299 = CARTESIAN_POINT('',(0.,0.));
#4300 = VECTOR('',#4301,1.);
#4301 = DIRECTION('',(0.,1.));
#4302 = ( GEOMETRIC_REPRESENTATION_CONTEXT(2) 
PARAMETRIC_REPRESENTATION_CONTEXT() REPRESENTATION_CONTEXT('2D SPACE',''
  ) );
#4303 = ORIENTED_EDGE('',*,*,#4155,.T.);
#4304 = ORIENTED_EDGE('',*,*,#2544,.F.);
#4305 = ADVANCED_FACE('',(#4306),#2784,.F.);
#4306 = FACE_BOUND('',#4307,.F.);
#4307 = EDGE_LOOP('',(#4308,#4309,#4310,#4311));
#4308 = ORIENTED_EDGE('',*,*,#2772,.F.);
#4309 = ORIENTED_EDGE('',*,*,#3158,.T.);
#4310 = ORIENTED_EDGE('',*,*,#3182,.T.);
#4311 = ORIENTED_EDGE('',*,*,#3311,.F.);
#4312 = ADVANCED_FACE('',(#4313),#2849,.T.);
#4313 = FACE_BOUND('',#4314,.T.);
#4314 = EDGE_LOOP('',(#4315,#4338,#4339,#4362));
#4315 = ORIENTED_EDGE('',*,*,#4316,.F.);
#4316 = EDGE_CURVE('',#2835,#4317,#4319,.T.);
#4317 = VERTEX_POINT('',#4318);
#4318 = CARTESIAN_POINT('',(1.,-0.5,-1.));
#4319 = SURFACE_CURVE('',#4320,(#4324,#4331),.PCURVE_S1.);
#4320 = LINE('',#4321,#4322);
#4321 = CARTESIAN_POINT('',(1.,-8.9,-1.));
#4322 = VECTOR('',#4323,1.);
#4323 = DIRECTION('',(-0.,1.,0.));
#4324 = PCURVE('',#2849,#4325);
#4325 = DEFINITIONAL_REPRESENTATION('',(#4326),#4330);
#4326 = LINE('',#4327,#4328);
#4327 = CARTESIAN_POINT('',(4.,0.));
#4328 = VECTOR('',#4329,1.);
#4329 = DIRECTION('',(0.,-1.));
#4330 = ( GEOMETRIC_REPRESENTATION_CONTEXT(2) 
PARAMETRIC_REPRESENTATION_CONTEXT() REPRESENTATION_CONTEXT('2D SPACE',''
  ) );
#4331 = PCURVE('',#2925,#4332);
#4332 = DEFINITIONAL_REPRESENTATION('',(#4333),#4337);
#4333 = LINE('',#4334,#4335);
#4334 = CARTESIAN_POINT('',(0.,0.));
#4335 = VECTOR('',#4336,1.);
#4336 = DIRECTION('',(0.,1.));
#4337 = ( GEOMETRIC_REPRESENTATION_CONTEXT(2) 
PARAMETRIC_REPRESENTATION_CONTEXT() REPRESENTATION_CONTEXT('2D SPACE',''
  ) );
#4338 = ORIENTED_EDGE('',*,*,#2832,.F.);
#4339 = ORIENTED_EDGE('',*,*,#4340,.T.);
#4340 = EDGE_CURVE('',#2833,#4341,#4343,.T.);
#4341 = VERTEX_POINT('',#4342);
#4342 = CARTESIAN_POINT('',(1.,-0.5,-5.));
#4343 = SURFACE_CURVE('',#4344,(#4348,#4355),.PCURVE_S1.);
#4344 = LINE('',#4345,#4346);
#4345 = CARTESIAN_POINT('',(1.,-8.9,-5.));
#4346 = VECTOR('',#4347,1.);
#4347 = DIRECTION('',(-0.,1.,0.));
#4348 = PCURVE('',#2849,#4349);
#4349 = DEFINITIONAL_REPRESENTATION('',(#4350),#4354);
#4350 = LINE('',#4351,#4352);
#4351 = CARTESIAN_POINT('',(0.,0.));
#4352 = VECTOR('',#4353,1.);
#4353 = DIRECTION('',(0.,-1.));
#4354 = ( GEOMETRIC_REPRESENTATION_CONTEXT(2) 
PARAMETRIC_REPRESENTATION_CONTEXT() REPRESENTATION_CONTEXT('2D SPACE',''
  ) );
#4355 = PCURVE('',#2875,#4356);
#4356 = DEFINITIONAL_REPRESENTATION('',(#4357),#4361);
#4357 = LINE('',#4358,#4359);
#4358 = CARTESIAN_POINT('',(0.,0.));
#4359 = VECTOR('',#4360,1.);
#4360 = DIRECTION('',(0.,1.));
#4361 = ( GEOMETRIC_REPRESENTATION_CONTEXT(2) 
PARAMETRIC_REPRESENTATION_CONTEXT() REPRESENTATION_CONTEXT('2D SPACE',''
  ) );
#4362 = ORIENTED_EDGE('',*,*,#4363,.T.);
#4363 = EDGE_CURVE('',#4341,#4317,#4364,.T.);
#4364 = SURFACE_CURVE('',#4365,(#4369,#4376),.PCURVE_S1.);
#4365 = LINE('',#4366,#4367);
#4366 = CARTESIAN_POINT('',(1.,-0.5,-5.));
#4367 = VECTOR('',#4368,1.);
#4368 = DIRECTION('',(0.,0.,1.));
#4369 = PCURVE('',#2849,#4370);
#4370 = DEFINITIONAL_REPRESENTATION('',(#4371),#4375);
#4371 = LINE('',#4372,#4373);
#4372 = CARTESIAN_POINT('',(0.,-8.4));
#4373 = VECTOR('',#4374,1.);
#4374 = DIRECTION('',(1.,0.));
#4375 = ( GEOMETRIC_REPRESENTATION_CONTEXT(2) 
PARAMETRIC_REPRESENTATION_CONTEXT() REPRESENTATION_CONTEXT('2D SPACE',''
  ) );
#4376 = PCURVE('',#4377,#4382);
#4377 = PLANE('',#4378);
#4378 = AXIS2_PLACEMENT_3D('',#4379,#4380,#4381);
#4379 = CARTESIAN_POINT('',(1.,-0.5,-5.));
#4380 = DIRECTION('',(-0.,1.,0.));
#4381 = DIRECTION('',(0.,0.,1.));
#4382 = DEFINITIONAL_REPRESENTATION('',(#4383),#4387);
#4383 = LINE('',#4384,#4385);
#4384 = CARTESIAN_POINT('',(0.,0.));
#4385 = VECTOR('',#4386,1.);
#4386 = DIRECTION('',(1.,0.));
#4387 = ( GEOMETRIC_REPRESENTATION_CONTEXT(2) 
PARAMETRIC_REPRESENTATION_CONTEXT() REPRESENTATION_CONTEXT('2D SPACE',''
  ) );
#4388 = ADVANCED_FACE('',(#4389),#2925,.F.);
#4389 = FACE_BOUND('',#4390,.F.);
#4390 = EDGE_LOOP('',(#4391,#4392,#4393,#4414,#4415,#4436));
#4391 = ORIENTED_EDGE('',*,*,#4316,.F.);
#4392 = ORIENTED_EDGE('',*,*,#2912,.F.);
#4393 = ORIENTED_EDGE('',*,*,#4394,.T.);
#4394 = EDGE_CURVE('',#2887,#3746,#4395,.T.);
#4395 = SURFACE_CURVE('',#4396,(#4400,#4407),.PCURVE_S1.);
#4396 = LINE('',#4397,#4398);
#4397 = CARTESIAN_POINT('',(11.,-8.9,-1.));
#4398 = VECTOR('',#4399,1.);
#4399 = DIRECTION('',(-0.,1.,0.));
#4400 = PCURVE('',#2925,#4401);
#4401 = DEFINITIONAL_REPRESENTATION('',(#4402),#4406);
#4402 = LINE('',#4403,#4404);
#4403 = CARTESIAN_POINT('',(10.,0.));
#4404 = VECTOR('',#4405,1.);
#4405 = DIRECTION('',(0.,1.));
#4406 = ( GEOMETRIC_REPRESENTATION_CONTEXT(2) 
PARAMETRIC_REPRESENTATION_CONTEXT() REPRESENTATION_CONTEXT('2D SPACE',''
  ) );
#4407 = PCURVE('',#2901,#4408);
#4408 = DEFINITIONAL_REPRESENTATION('',(#4409),#4413);
#4409 = LINE('',#4410,#4411);
#4410 = CARTESIAN_POINT('',(4.,0.));
#4411 = VECTOR('',#4412,1.);
#4412 = DIRECTION('',(0.,-1.));
#4413 = ( GEOMETRIC_REPRESENTATION_CONTEXT(2) 
PARAMETRIC_REPRESENTATION_CONTEXT() REPRESENTATION_CONTEXT('2D SPACE',''
  ) );
#4414 = ORIENTED_EDGE('',*,*,#3766,.F.);
#4415 = ORIENTED_EDGE('',*,*,#4416,.F.);
#4416 = EDGE_CURVE('',#4417,#3767,#4419,.T.);
#4417 = VERTEX_POINT('',#4418);
#4418 = CARTESIAN_POINT('',(2.2,-0.5,-1.));
#4419 = SURFACE_CURVE('',#4420,(#4424,#4430),.PCURVE_S1.);
#4420 = LINE('',#4421,#4422);
#4421 = CARTESIAN_POINT('',(2.2,-5.2,-1.));
#4422 = VECTOR('',#4423,1.);
#4423 = DIRECTION('',(0.,-1.,0.));
#4424 = PCURVE('',#2925,#4425);
#4425 = DEFINITIONAL_REPRESENTATION('',(#4426),#4429);
#4426 = B_SPLINE_CURVE_WITH_KNOTS('',1,(#4427,#4428),.UNSPECIFIED.,.F.,
  .F.,(2,2),(-4.7,-3.7),.PIECEWISE_BEZIER_KNOTS.);
#4427 = CARTESIAN_POINT('',(1.2,8.4));
#4428 = CARTESIAN_POINT('',(1.2,7.4));
#4429 = ( GEOMETRIC_REPRESENTATION_CONTEXT(2) 
PARAMETRIC_REPRESENTATION_CONTEXT() REPRESENTATION_CONTEXT('2D SPACE',''
  ) );
#4430 = PCURVE('',#3803,#4431);
#4431 = DEFINITIONAL_REPRESENTATION('',(#4432),#4435);
#4432 = B_SPLINE_CURVE_WITH_KNOTS('',1,(#4433,#4434),.UNSPECIFIED.,.F.,
  .F.,(2,2),(-4.7,-3.7),.PIECEWISE_BEZIER_KNOTS.);
#4433 = CARTESIAN_POINT('',(4.,-1.));
#4434 = CARTESIAN_POINT('',(4.,0.));
#4435 = ( GEOMETRIC_REPRESENTATION_CONTEXT(2) 
PARAMETRIC_REPRESENTATION_CONTEXT() REPRESENTATION_CONTEXT('2D SPACE',''
  ) );
#4436 = ORIENTED_EDGE('',*,*,#4437,.F.);
#4437 = EDGE_CURVE('',#4317,#4417,#4438,.T.);
#4438 = SURFACE_CURVE('',#4439,(#4443,#4450),.PCURVE_S1.);
#4439 = LINE('',#4440,#4441);
#4440 = CARTESIAN_POINT('',(1.,-0.5,-1.));
#4441 = VECTOR('',#4442,1.);
#4442 = DIRECTION('',(1.,0.,-0.));
#4443 = PCURVE('',#2925,#4444);
#4444 = DEFINITIONAL_REPRESENTATION('',(#4445),#4449);
#4445 = LINE('',#4446,#4447);
#4446 = CARTESIAN_POINT('',(0.,8.4));
#4447 = VECTOR('',#4448,1.);
#4448 = DIRECTION('',(1.,0.));
#4449 = ( GEOMETRIC_REPRESENTATION_CONTEXT(2) 
PARAMETRIC_REPRESENTATION_CONTEXT() REPRESENTATION_CONTEXT('2D SPACE',''
  ) );
#4450 = PCURVE('',#4377,#4451);
#4451 = DEFINITIONAL_REPRESENTATION('',(#4452),#4456);
#4452 = LINE('',#4453,#4454);
#4453 = CARTESIAN_POINT('',(4.,0.));
#4454 = VECTOR('',#4455,1.);
#4455 = DIRECTION('',(0.,1.));
#4456 = ( GEOMETRIC_REPRESENTATION_CONTEXT(2) 
PARAMETRIC_REPRESENTATION_CONTEXT() REPRESENTATION_CONTEXT('2D SPACE',''
  ) );
#4457 = ADVANCED_FACE('',(#4458),#2901,.F.);
#4458 = FACE_BOUND('',#4459,.F.);
#4459 = EDGE_LOOP('',(#4460,#4461,#4462,#4483));
#4460 = ORIENTED_EDGE('',*,*,#4394,.F.);
#4461 = ORIENTED_EDGE('',*,*,#2886,.F.);
#4462 = ORIENTED_EDGE('',*,*,#4463,.T.);
#4463 = EDGE_CURVE('',#2861,#3723,#4464,.T.);
#4464 = SURFACE_CURVE('',#4465,(#4469,#4476),.PCURVE_S1.);
#4465 = LINE('',#4466,#4467);
#4466 = CARTESIAN_POINT('',(11.,-8.9,-5.));
#4467 = VECTOR('',#4468,1.);
#4468 = DIRECTION('',(-0.,1.,0.));
#4469 = PCURVE('',#2901,#4470);
#4470 = DEFINITIONAL_REPRESENTATION('',(#4471),#4475);
#4471 = LINE('',#4472,#4473);
#4472 = CARTESIAN_POINT('',(0.,0.));
#4473 = VECTOR('',#4474,1.);
#4474 = DIRECTION('',(0.,-1.));
#4475 = ( GEOMETRIC_REPRESENTATION_CONTEXT(2) 
PARAMETRIC_REPRESENTATION_CONTEXT() REPRESENTATION_CONTEXT('2D SPACE',''
  ) );
#4476 = PCURVE('',#2875,#4477);
#4477 = DEFINITIONAL_REPRESENTATION('',(#4478),#4482);
#4478 = LINE('',#4479,#4480);
#4479 = CARTESIAN_POINT('',(10.,0.));
#4480 = VECTOR('',#4481,1.);
#4481 = DIRECTION('',(0.,1.));
#4482 = ( GEOMETRIC_REPRESENTATION_CONTEXT(2) 
PARAMETRIC_REPRESENTATION_CONTEXT() REPRESENTATION_CONTEXT('2D SPACE',''
  ) );
#4483 = ORIENTED_EDGE('',*,*,#3745,.F.);
#4484 = ADVANCED_FACE('',(#4485),#2875,.T.);
#4485 = FACE_BOUND('',#4486,.T.);
#4486 = EDGE_LOOP('',(#4487,#4488,#4489,#4490,#4491,#4512,#4513,#4534,
    #4535,#4558,#4587,#4608,#4609,#4632,#4661,#4682,#4683,#4706,#4739,
    #4760,#4761,#4784,#4817,#4840));
#4487 = ORIENTED_EDGE('',*,*,#4340,.F.);
#4488 = ORIENTED_EDGE('',*,*,#2860,.F.);
#4489 = ORIENTED_EDGE('',*,*,#4463,.T.);
#4490 = ORIENTED_EDGE('',*,*,#3722,.T.);
#4491 = ORIENTED_EDGE('',*,*,#4492,.F.);
#4492 = EDGE_CURVE('',#3033,#3702,#4493,.T.);
#4493 = SURFACE_CURVE('',#4494,(#4498,#4505),.PCURVE_S1.);
#4494 = LINE('',#4495,#4496);
#4495 = CARTESIAN_POINT('',(12.,-8.9,-5.));
#4496 = VECTOR('',#4497,1.);
#4497 = DIRECTION('',(-0.,1.,0.));
#4498 = PCURVE('',#2875,#4499);
#4499 = DEFINITIONAL_REPRESENTATION('',(#4500),#4504);
#4500 = LINE('',#4501,#4502);
#4501 = CARTESIAN_POINT('',(11.,0.));
#4502 = VECTOR('',#4503,1.);
#4503 = DIRECTION('',(0.,1.));
#4504 = ( GEOMETRIC_REPRESENTATION_CONTEXT(2) 
PARAMETRIC_REPRESENTATION_CONTEXT() REPRESENTATION_CONTEXT('2D SPACE',''
  ) );
#4505 = PCURVE('',#3049,#4506);
#4506 = DEFINITIONAL_REPRESENTATION('',(#4507),#4511);
#4507 = LINE('',#4508,#4509);
#4508 = CARTESIAN_POINT('',(0.,0.));
#4509 = VECTOR('',#4510,1.);
#4510 = DIRECTION('',(0.,-1.));
#4511 = ( GEOMETRIC_REPRESENTATION_CONTEXT(2) 
PARAMETRIC_REPRESENTATION_CONTEXT() REPRESENTATION_CONTEXT('2D SPACE',''
  ) );
#4512 = ORIENTED_EDGE('',*,*,#3060,.F.);
#4513 = ORIENTED_EDGE('',*,*,#4514,.T.);
#4514 = EDGE_CURVE('',#3061,#3637,#4515,.T.);
#4515 = SURFACE_CURVE('',#4516,(#4520,#4527),.PCURVE_S1.);
#4516 = LINE('',#4517,#4518);
#4517 = CARTESIAN_POINT('',(25.,-8.9,-5.));
#4518 = VECTOR('',#4519,1.);
#4519 = DIRECTION('',(-0.,1.,0.));
#4520 = PCURVE('',#2875,#4521);
#4521 = DEFINITIONAL_REPRESENTATION('',(#4522),#4526);
#4522 = LINE('',#4523,#4524);
#4523 = CARTESIAN_POINT('',(24.,0.));
#4524 = VECTOR('',#4525,1.);
#4525 = DIRECTION('',(0.,1.));
#4526 = ( GEOMETRIC_REPRESENTATION_CONTEXT(2) 
PARAMETRIC_REPRESENTATION_CONTEXT() REPRESENTATION_CONTEXT('2D SPACE',''
  ) );
#4527 = PCURVE('',#3097,#4528);
#4528 = DEFINITIONAL_REPRESENTATION('',(#4529),#4533);
#4529 = LINE('',#4530,#4531);
#4530 = CARTESIAN_POINT('',(0.,0.));
#4531 = VECTOR('',#4532,1.);
#4532 = DIRECTION('',(0.,-1.));
#4533 = ( GEOMETRIC_REPRESENTATION_CONTEXT(2) 
PARAMETRIC_REPRESENTATION_CONTEXT() REPRESENTATION_CONTEXT('2D SPACE',''
  ) );
#4534 = ORIENTED_EDGE('',*,*,#3636,.T.);
#4535 = ORIENTED_EDGE('',*,*,#4536,.T.);
#4536 = EDGE_CURVE('',#3609,#4537,#4539,.T.);
#4537 = VERTEX_POINT('',#4538);
#4538 = CARTESIAN_POINT('',(34.8,-0.3,-5.));
#4539 = SURFACE_CURVE('',#4540,(#4544,#4551),.PCURVE_S1.);
#4540 = LINE('',#4541,#4542);
#4541 = CARTESIAN_POINT('',(34.8,-1.5,-5.));
#4542 = VECTOR('',#4543,1.);
#4543 = DIRECTION('',(-0.,1.,0.));
#4544 = PCURVE('',#2875,#4545);
#4545 = DEFINITIONAL_REPRESENTATION('',(#4546),#4550);
#4546 = LINE('',#4547,#4548);
#4547 = CARTESIAN_POINT('',(33.8,7.4));
#4548 = VECTOR('',#4549,1.);
#4549 = DIRECTION('',(0.,1.));
#4550 = ( GEOMETRIC_REPRESENTATION_CONTEXT(2) 
PARAMETRIC_REPRESENTATION_CONTEXT() REPRESENTATION_CONTEXT('2D SPACE',''
  ) );
#4551 = PCURVE('',#3624,#4552);
#4552 = DEFINITIONAL_REPRESENTATION('',(#4553),#4557);
#4553 = LINE('',#4554,#4555);
#4554 = CARTESIAN_POINT('',(0.,0.));
#4555 = VECTOR('',#4556,1.);
#4556 = DIRECTION('',(0.,-1.));
#4557 = ( GEOMETRIC_REPRESENTATION_CONTEXT(2) 
PARAMETRIC_REPRESENTATION_CONTEXT() REPRESENTATION_CONTEXT('2D SPACE',''
  ) );
#4558 = ORIENTED_EDGE('',*,*,#4559,.F.);
#4559 = EDGE_CURVE('',#4560,#4537,#4562,.T.);
#4560 = VERTEX_POINT('',#4561);
#4561 = CARTESIAN_POINT('',(37.3,2.2,-5.));
#4562 = SURFACE_CURVE('',#4563,(#4568,#4575),.PCURVE_S1.);
#4563 = CIRCLE('',#4564,2.5);
#4564 = AXIS2_PLACEMENT_3D('',#4565,#4566,#4567);
#4565 = CARTESIAN_POINT('',(34.8,2.2,-5.));
#4566 = DIRECTION('',(0.,0.,1.));
#4567 = DIRECTION('',(1.,0.,-0.));
#4568 = PCURVE('',#2875,#4569);
#4569 = DEFINITIONAL_REPRESENTATION('',(#4570),#4574);
#4570 = CIRCLE('',#4571,2.5);
#4571 = AXIS2_PLACEMENT_2D('',#4572,#4573);
#4572 = CARTESIAN_POINT('',(33.8,11.1));
#4573 = DIRECTION('',(1.,0.));
#4574 = ( GEOMETRIC_REPRESENTATION_CONTEXT(2) 
PARAMETRIC_REPRESENTATION_CONTEXT() REPRESENTATION_CONTEXT('2D SPACE',''
  ) );
#4575 = PCURVE('',#4576,#4581);
#4576 = CYLINDRICAL_SURFACE('',#4577,2.5);
#4577 = AXIS2_PLACEMENT_3D('',#4578,#4579,#4580);
#4578 = CARTESIAN_POINT('',(34.8,2.2,-5.));
#4579 = DIRECTION('',(0.,0.,1.));
#4580 = DIRECTION('',(1.,0.,-0.));
#4581 = DEFINITIONAL_REPRESENTATION('',(#4582),#4586);
#4582 = LINE('',#4583,#4584);
#4583 = CARTESIAN_POINT('',(0.,0.));
#4584 = VECTOR('',#4585,1.);
#4585 = DIRECTION('',(1.,0.));
#4586 = ( GEOMETRIC_REPRESENTATION_CONTEXT(2) 
PARAMETRIC_REPRESENTATION_CONTEXT() REPRESENTATION_CONTEXT('2D SPACE',''
  ) );
#4587 = ORIENTED_EDGE('',*,*,#4588,.T.);
#4588 = EDGE_CURVE('',#4560,#3893,#4589,.T.);
#4589 = SURFACE_CURVE('',#4590,(#4594,#4601),.PCURVE_S1.);
#4590 = LINE('',#4591,#4592);
#4591 = CARTESIAN_POINT('',(34.8,2.2,-5.));
#4592 = VECTOR('',#4593,1.);
#4593 = DIRECTION('',(1.,0.,-0.));
#4594 = PCURVE('',#2875,#4595);
#4595 = DEFINITIONAL_REPRESENTATION('',(#4596),#4600);
#4596 = LINE('',#4597,#4598);
#4597 = CARTESIAN_POINT('',(33.8,11.1));
#4598 = VECTOR('',#4599,1.);
#4599 = DIRECTION('',(1.,0.));
#4600 = ( GEOMETRIC_REPRESENTATION_CONTEXT(2) 
PARAMETRIC_REPRESENTATION_CONTEXT() REPRESENTATION_CONTEXT('2D SPACE',''
  ) );
#4601 = PCURVE('',#3908,#4602);
#4602 = DEFINITIONAL_REPRESENTATION('',(#4603),#4607);
#4603 = LINE('',#4604,#4605);
#4604 = CARTESIAN_POINT('',(0.,0.));
#4605 = VECTOR('',#4606,1.);
#4606 = DIRECTION('',(0.,1.));
#4607 = ( GEOMETRIC_REPRESENTATION_CONTEXT(2) 
PARAMETRIC_REPRESENTATION_CONTEXT() REPRESENTATION_CONTEXT('2D SPACE',''
  ) );
#4608 = ORIENTED_EDGE('',*,*,#3920,.T.);
#4609 = ORIENTED_EDGE('',*,*,#4610,.F.);
#4610 = EDGE_CURVE('',#4611,#3921,#4613,.T.);
#4611 = VERTEX_POINT('',#4612);
#4612 = CARTESIAN_POINT('',(37.3,34.8,-5.));
#4613 = SURFACE_CURVE('',#4614,(#4618,#4625),.PCURVE_S1.);
#4614 = LINE('',#4615,#4616);
#4615 = CARTESIAN_POINT('',(34.8,34.8,-5.));
#4616 = VECTOR('',#4617,1.);
#4617 = DIRECTION('',(1.,0.,-0.));
#4618 = PCURVE('',#2875,#4619);
#4619 = DEFINITIONAL_REPRESENTATION('',(#4620),#4624);
#4620 = LINE('',#4621,#4622);
#4621 = CARTESIAN_POINT('',(33.8,43.7));
#4622 = VECTOR('',#4623,1.);
#4623 = DIRECTION('',(1.,0.));
#4624 = ( GEOMETRIC_REPRESENTATION_CONTEXT(2) 
PARAMETRIC_REPRESENTATION_CONTEXT() REPRESENTATION_CONTEXT('2D SPACE',''
  ) );
#4625 = PCURVE('',#3959,#4626);
#4626 = DEFINITIONAL_REPRESENTATION('',(#4627),#4631);
#4627 = LINE('',#4628,#4629);
#4628 = CARTESIAN_POINT('',(0.,0.));
#4629 = VECTOR('',#4630,1.);
#4630 = DIRECTION('',(0.,1.));
#4631 = ( GEOMETRIC_REPRESENTATION_CONTEXT(2) 
PARAMETRIC_REPRESENTATION_CONTEXT() REPRESENTATION_CONTEXT('2D SPACE',''
  ) );
#4632 = ORIENTED_EDGE('',*,*,#4633,.F.);
#4633 = EDGE_CURVE('',#4634,#4611,#4636,.T.);
#4634 = VERTEX_POINT('',#4635);
#4635 = CARTESIAN_POINT('',(34.8,37.3,-5.));
#4636 = SURFACE_CURVE('',#4637,(#4642,#4649),.PCURVE_S1.);
#4637 = CIRCLE('',#4638,2.5);
#4638 = AXIS2_PLACEMENT_3D('',#4639,#4640,#4641);
#4639 = CARTESIAN_POINT('',(34.8,34.8,-5.));
#4640 = DIRECTION('',(0.,0.,1.));
#4641 = DIRECTION('',(1.,0.,-0.));
#4642 = PCURVE('',#2875,#4643);
#4643 = DEFINITIONAL_REPRESENTATION('',(#4644),#4648);
#4644 = CIRCLE('',#4645,2.5);
#4645 = AXIS2_PLACEMENT_2D('',#4646,#4647);
#4646 = CARTESIAN_POINT('',(33.8,43.7));
#4647 = DIRECTION('',(1.,0.));
#4648 = ( GEOMETRIC_REPRESENTATION_CONTEXT(2) 
PARAMETRIC_REPRESENTATION_CONTEXT() REPRESENTATION_CONTEXT('2D SPACE',''
  ) );
#4649 = PCURVE('',#4650,#4655);
#4650 = CYLINDRICAL_SURFACE('',#4651,2.5);
#4651 = AXIS2_PLACEMENT_3D('',#4652,#4653,#4654);
#4652 = CARTESIAN_POINT('',(34.8,34.8,-5.));
#4653 = DIRECTION('',(0.,0.,1.));
#4654 = DIRECTION('',(1.,0.,-0.));
#4655 = DEFINITIONAL_REPRESENTATION('',(#4656),#4660);
#4656 = LINE('',#4657,#4658);
#4657 = CARTESIAN_POINT('',(0.,0.));
#4658 = VECTOR('',#4659,1.);
#4659 = DIRECTION('',(1.,0.));
#4660 = ( GEOMETRIC_REPRESENTATION_CONTEXT(2) 
PARAMETRIC_REPRESENTATION_CONTEXT() REPRESENTATION_CONTEXT('2D SPACE',''
  ) );
#4661 = ORIENTED_EDGE('',*,*,#4662,.T.);
#4662 = EDGE_CURVE('',#4634,#4049,#4663,.T.);
#4663 = SURFACE_CURVE('',#4664,(#4668,#4675),.PCURVE_S1.);
#4664 = LINE('',#4665,#4666);
#4665 = CARTESIAN_POINT('',(34.8,34.8,-5.));
#4666 = VECTOR('',#4667,1.);
#4667 = DIRECTION('',(-0.,1.,0.));
#4668 = PCURVE('',#2875,#4669);
#4669 = DEFINITIONAL_REPRESENTATION('',(#4670),#4674);
#4670 = LINE('',#4671,#4672);
#4671 = CARTESIAN_POINT('',(33.8,43.7));
#4672 = VECTOR('',#4673,1.);
#4673 = DIRECTION('',(0.,1.));
#4674 = ( GEOMETRIC_REPRESENTATION_CONTEXT(2) 
PARAMETRIC_REPRESENTATION_CONTEXT() REPRESENTATION_CONTEXT('2D SPACE',''
  ) );
#4675 = PCURVE('',#4064,#4676);
#4676 = DEFINITIONAL_REPRESENTATION('',(#4677),#4681);
#4677 = LINE('',#4678,#4679);
#4678 = CARTESIAN_POINT('',(0.,0.));
#4679 = VECTOR('',#4680,1.);
#4680 = DIRECTION('',(0.,-1.));
#4681 = ( GEOMETRIC_REPRESENTATION_CONTEXT(2) 
PARAMETRIC_REPRESENTATION_CONTEXT() REPRESENTATION_CONTEXT('2D SPACE',''
  ) );
#4682 = ORIENTED_EDGE('',*,*,#4076,.F.);
#4683 = ORIENTED_EDGE('',*,*,#4684,.F.);
#4684 = EDGE_CURVE('',#4685,#4077,#4687,.T.);
#4685 = VERTEX_POINT('',#4686);
#4686 = CARTESIAN_POINT('',(2.2,37.3,-5.));
#4687 = SURFACE_CURVE('',#4688,(#4692,#4699),.PCURVE_S1.);
#4688 = LINE('',#4689,#4690);
#4689 = CARTESIAN_POINT('',(2.2,34.8,-5.));
#4690 = VECTOR('',#4691,1.);
#4691 = DIRECTION('',(-0.,1.,0.));
#4692 = PCURVE('',#2875,#4693);
#4693 = DEFINITIONAL_REPRESENTATION('',(#4694),#4698);
#4694 = LINE('',#4695,#4696);
#4695 = CARTESIAN_POINT('',(1.2,43.7));
#4696 = VECTOR('',#4697,1.);
#4697 = DIRECTION('',(0.,1.));
#4698 = ( GEOMETRIC_REPRESENTATION_CONTEXT(2) 
PARAMETRIC_REPRESENTATION_CONTEXT() REPRESENTATION_CONTEXT('2D SPACE',''
  ) );
#4699 = PCURVE('',#4115,#4700);
#4700 = DEFINITIONAL_REPRESENTATION('',(#4701),#4705);
#4701 = LINE('',#4702,#4703);
#4702 = CARTESIAN_POINT('',(0.,0.));
#4703 = VECTOR('',#4704,1.);
#4704 = DIRECTION('',(0.,-1.));
#4705 = ( GEOMETRIC_REPRESENTATION_CONTEXT(2) 
PARAMETRIC_REPRESENTATION_CONTEXT() REPRESENTATION_CONTEXT('2D SPACE',''
  ) );
#4706 = ORIENTED_EDGE('',*,*,#4707,.T.);
#4707 = EDGE_CURVE('',#4685,#4708,#4710,.T.);
#4708 = VERTEX_POINT('',#4709);
#4709 = CARTESIAN_POINT('',(-0.3,34.8,-5.));
#4710 = SURFACE_CURVE('',#4711,(#4716,#4727),.PCURVE_S1.);
#4711 = CIRCLE('',#4712,2.5);
#4712 = AXIS2_PLACEMENT_3D('',#4713,#4714,#4715);
#4713 = CARTESIAN_POINT('',(2.2,34.8,-5.));
#4714 = DIRECTION('',(0.,0.,-1.));
#4715 = DIRECTION('',(4.440892098501E-15,1.,0.));
#4716 = PCURVE('',#2875,#4717);
#4717 = DEFINITIONAL_REPRESENTATION('',(#4718),#4726);
#4718 = ( BOUNDED_CURVE() B_SPLINE_CURVE(2,(#4719,#4720,#4721,#4722,
#4723,#4724,#4725),.UNSPECIFIED.,.T.,.F.) B_SPLINE_CURVE_WITH_KNOTS((1,2
    ,2,2,2,1),(-2.094395102393,0.,2.094395102393,4.188790204786,
6.28318530718,8.377580409573),.UNSPECIFIED.) CURVE() 
GEOMETRIC_REPRESENTATION_ITEM() RATIONAL_B_SPLINE_CURVE((1.,0.5,1.,0.5,
1.,0.5,1.)) REPRESENTATION_ITEM('') );
#4719 = CARTESIAN_POINT('',(1.2,46.2));
#4720 = CARTESIAN_POINT('',(5.530127018922,46.2));
#4721 = CARTESIAN_POINT('',(3.365063509461,42.45));
#4722 = CARTESIAN_POINT('',(1.2,38.7));
#4723 = CARTESIAN_POINT('',(-0.965063509461,42.45));
#4724 = CARTESIAN_POINT('',(-3.130127018922,46.2));
#4725 = CARTESIAN_POINT('',(1.2,46.2));
#4726 = ( GEOMETRIC_REPRESENTATION_CONTEXT(2) 
PARAMETRIC_REPRESENTATION_CONTEXT() REPRESENTATION_CONTEXT('2D SPACE',''
  ) );
#4727 = PCURVE('',#4728,#4733);
#4728 = CYLINDRICAL_SURFACE('',#4729,2.5);
#4729 = AXIS2_PLACEMENT_3D('',#4730,#4731,#4732);
#4730 = CARTESIAN_POINT('',(2.2,34.8,-5.));
#4731 = DIRECTION('',(0.,0.,1.));
#4732 = DIRECTION('',(1.,0.,-0.));
#4733 = DEFINITIONAL_REPRESENTATION('',(#4734),#4738);
#4734 = LINE('',#4735,#4736);
#4735 = CARTESIAN_POINT('',(7.853981633974,0.));
#4736 = VECTOR('',#4737,1.);
#4737 = DIRECTION('',(-1.,-0.));
#4738 = ( GEOMETRIC_REPRESENTATION_CONTEXT(2) 
PARAMETRIC_REPRESENTATION_CONTEXT() REPRESENTATION_CONTEXT('2D SPACE',''
  ) );
#4739 = ORIENTED_EDGE('',*,*,#4740,.F.);
#4740 = EDGE_CURVE('',#4233,#4708,#4741,.T.);
#4741 = SURFACE_CURVE('',#4742,(#4746,#4753),.PCURVE_S1.);
#4742 = LINE('',#4743,#4744);
#4743 = CARTESIAN_POINT('',(-1.5,34.8,-5.));
#4744 = VECTOR('',#4745,1.);
#4745 = DIRECTION('',(1.,0.,-0.));
#4746 = PCURVE('',#2875,#4747);
#4747 = DEFINITIONAL_REPRESENTATION('',(#4748),#4752);
#4748 = LINE('',#4749,#4750);
#4749 = CARTESIAN_POINT('',(-2.5,43.7));
#4750 = VECTOR('',#4751,1.);
#4751 = DIRECTION('',(1.,0.));
#4752 = ( GEOMETRIC_REPRESENTATION_CONTEXT(2) 
PARAMETRIC_REPRESENTATION_CONTEXT() REPRESENTATION_CONTEXT('2D SPACE',''
  ) );
#4753 = PCURVE('',#4271,#4754);
#4754 = DEFINITIONAL_REPRESENTATION('',(#4755),#4759);
#4755 = LINE('',#4756,#4757);
#4756 = CARTESIAN_POINT('',(0.,0.));
#4757 = VECTOR('',#4758,1.);
#4758 = DIRECTION('',(0.,1.));
#4759 = ( GEOMETRIC_REPRESENTATION_CONTEXT(2) 
PARAMETRIC_REPRESENTATION_CONTEXT() REPRESENTATION_CONTEXT('2D SPACE',''
  ) );
#4760 = ORIENTED_EDGE('',*,*,#4232,.F.);
#4761 = ORIENTED_EDGE('',*,*,#4762,.T.);
#4762 = EDGE_CURVE('',#4205,#4763,#4765,.T.);
#4763 = VERTEX_POINT('',#4764);
#4764 = CARTESIAN_POINT('',(-0.3,2.2,-5.));
#4765 = SURFACE_CURVE('',#4766,(#4770,#4777),.PCURVE_S1.);
#4766 = LINE('',#4767,#4768);
#4767 = CARTESIAN_POINT('',(-1.5,2.2,-5.));
#4768 = VECTOR('',#4769,1.);
#4769 = DIRECTION('',(1.,0.,-0.));
#4770 = PCURVE('',#2875,#4771);
#4771 = DEFINITIONAL_REPRESENTATION('',(#4772),#4776);
#4772 = LINE('',#4773,#4774);
#4773 = CARTESIAN_POINT('',(-2.5,11.1));
#4774 = VECTOR('',#4775,1.);
#4775 = DIRECTION('',(1.,0.));
#4776 = ( GEOMETRIC_REPRESENTATION_CONTEXT(2) 
PARAMETRIC_REPRESENTATION_CONTEXT() REPRESENTATION_CONTEXT('2D SPACE',''
  ) );
#4777 = PCURVE('',#4220,#4778);
#4778 = DEFINITIONAL_REPRESENTATION('',(#4779),#4783);
#4779 = LINE('',#4780,#4781);
#4780 = CARTESIAN_POINT('',(0.,0.));
#4781 = VECTOR('',#4782,1.);
#4782 = DIRECTION('',(0.,1.));
#4783 = ( GEOMETRIC_REPRESENTATION_CONTEXT(2) 
PARAMETRIC_REPRESENTATION_CONTEXT() REPRESENTATION_CONTEXT('2D SPACE',''
  ) );
#4784 = ORIENTED_EDGE('',*,*,#4785,.T.);
#4785 = EDGE_CURVE('',#4763,#4786,#4788,.T.);
#4786 = VERTEX_POINT('',#4787);
#4787 = CARTESIAN_POINT('',(2.2,-0.3,-5.));
#4788 = SURFACE_CURVE('',#4789,(#4794,#4805),.PCURVE_S1.);
#4789 = CIRCLE('',#4790,2.5);
#4790 = AXIS2_PLACEMENT_3D('',#4791,#4792,#4793);
#4791 = CARTESIAN_POINT('',(2.2,2.2,-5.));
#4792 = DIRECTION('',(0.,0.,-1.));
#4793 = DIRECTION('',(-1.,3.01980662698E-14,0.));
#4794 = PCURVE('',#2875,#4795);
#4795 = DEFINITIONAL_REPRESENTATION('',(#4796),#4804);
#4796 = ( BOUNDED_CURVE() B_SPLINE_CURVE(2,(#4797,#4798,#4799,#4800,
#4801,#4802,#4803),.UNSPECIFIED.,.T.,.F.) B_SPLINE_CURVE_WITH_KNOTS((1,2
    ,2,2,2,1),(-2.094395102393,0.,2.094395102393,4.188790204786,
6.28318530718,8.377580409573),.UNSPECIFIED.) CURVE() 
GEOMETRIC_REPRESENTATION_ITEM() RATIONAL_B_SPLINE_CURVE((1.,0.5,1.,0.5,
1.,0.5,1.)) REPRESENTATION_ITEM('') );
#4797 = CARTESIAN_POINT('',(-1.3,11.1));
#4798 = CARTESIAN_POINT('',(-1.3,15.430127018922));
#4799 = CARTESIAN_POINT('',(2.45,13.265063509461));
#4800 = CARTESIAN_POINT('',(6.2,11.1));
#4801 = CARTESIAN_POINT('',(2.45,8.934936490539));
#4802 = CARTESIAN_POINT('',(-1.3,6.769872981078));
#4803 = CARTESIAN_POINT('',(-1.3,11.1));
#4804 = ( GEOMETRIC_REPRESENTATION_CONTEXT(2) 
PARAMETRIC_REPRESENTATION_CONTEXT() REPRESENTATION_CONTEXT('2D SPACE',''
  ) );
#4805 = PCURVE('',#4806,#4811);
#4806 = CYLINDRICAL_SURFACE('',#4807,2.5);
#4807 = AXIS2_PLACEMENT_3D('',#4808,#4809,#4810);
#4808 = CARTESIAN_POINT('',(2.2,2.2,-5.));
#4809 = DIRECTION('',(0.,0.,1.));
#4810 = DIRECTION('',(1.,0.,-0.));
#4811 = DEFINITIONAL_REPRESENTATION('',(#4812),#4816);
#4812 = LINE('',#4813,#4814);
#4813 = CARTESIAN_POINT('',(9.424777960769,0.));
#4814 = VECTOR('',#4815,1.);
#4815 = DIRECTION('',(-1.,-0.));
#4816 = ( GEOMETRIC_REPRESENTATION_CONTEXT(2) 
PARAMETRIC_REPRESENTATION_CONTEXT() REPRESENTATION_CONTEXT('2D SPACE',''
  ) );
#4817 = ORIENTED_EDGE('',*,*,#4818,.F.);
#4818 = EDGE_CURVE('',#4819,#4786,#4821,.T.);
#4819 = VERTEX_POINT('',#4820);
#4820 = CARTESIAN_POINT('',(2.2,-0.5,-5.));
#4821 = SURFACE_CURVE('',#4822,(#4826,#4833),.PCURVE_S1.);
#4822 = LINE('',#4823,#4824);
#4823 = CARTESIAN_POINT('',(2.2,-1.5,-5.));
#4824 = VECTOR('',#4825,1.);
#4825 = DIRECTION('',(-0.,1.,0.));
#4826 = PCURVE('',#2875,#4827);
#4827 = DEFINITIONAL_REPRESENTATION('',(#4828),#4832);
#4828 = LINE('',#4829,#4830);
#4829 = CARTESIAN_POINT('',(1.2,7.4));
#4830 = VECTOR('',#4831,1.);
#4831 = DIRECTION('',(0.,1.));
#4832 = ( GEOMETRIC_REPRESENTATION_CONTEXT(2) 
PARAMETRIC_REPRESENTATION_CONTEXT() REPRESENTATION_CONTEXT('2D SPACE',''
  ) );
#4833 = PCURVE('',#3803,#4834);
#4834 = DEFINITIONAL_REPRESENTATION('',(#4835),#4839);
#4835 = LINE('',#4836,#4837);
#4836 = CARTESIAN_POINT('',(0.,0.));
#4837 = VECTOR('',#4838,1.);
#4838 = DIRECTION('',(0.,-1.));
#4839 = ( GEOMETRIC_REPRESENTATION_CONTEXT(2) 
PARAMETRIC_REPRESENTATION_CONTEXT() REPRESENTATION_CONTEXT('2D SPACE',''
  ) );
#4840 = ORIENTED_EDGE('',*,*,#4841,.F.);
#4841 = EDGE_CURVE('',#4341,#4819,#4842,.T.);
#4842 = SURFACE_CURVE('',#4843,(#4847,#4854),.PCURVE_S1.);
#4843 = LINE('',#4844,#4845);
#4844 = CARTESIAN_POINT('',(1.,-0.5,-5.));
#4845 = VECTOR('',#4846,1.);
#4846 = DIRECTION('',(1.,0.,-0.));
#4847 = PCURVE('',#2875,#4848);
#4848 = DEFINITIONAL_REPRESENTATION('',(#4849),#4853);
#4849 = LINE('',#4850,#4851);
#4850 = CARTESIAN_POINT('',(0.,8.4));
#4851 = VECTOR('',#4852,1.);
#4852 = DIRECTION('',(1.,0.));
#4853 = ( GEOMETRIC_REPRESENTATION_CONTEXT(2) 
PARAMETRIC_REPRESENTATION_CONTEXT() REPRESENTATION_CONTEXT('2D SPACE',''
  ) );
#4854 = PCURVE('',#4377,#4855);
#4855 = DEFINITIONAL_REPRESENTATION('',(#4856),#4860);
#4856 = LINE('',#4857,#4858);
#4857 = CARTESIAN_POINT('',(0.,0.));
#4858 = VECTOR('',#4859,1.);
#4859 = DIRECTION('',(0.,1.));
#4860 = ( GEOMETRIC_REPRESENTATION_CONTEXT(2) 
PARAMETRIC_REPRESENTATION_CONTEXT() REPRESENTATION_CONTEXT('2D SPACE',''
  ) );
#4861 = ADVANCED_FACE('',(#4862),#3011,.T.);
#4862 = FACE_BOUND('',#4863,.T.);
#4863 = EDGE_LOOP('',(#4864,#4865,#4866,#4867));
#4864 = ORIENTED_EDGE('',*,*,#2999,.F.);
#4865 = ORIENTED_EDGE('',*,*,#3136,.T.);
#4866 = ORIENTED_EDGE('',*,*,#3397,.T.);
#4867 = ORIENTED_EDGE('',*,*,#3526,.F.);
#4868 = ADVANCED_FACE('',(#4869),#3049,.T.);
#4869 = FACE_BOUND('',#4870,.T.);
#4870 = EDGE_LOOP('',(#4871,#4892,#4893,#4894));
#4871 = ORIENTED_EDGE('',*,*,#4872,.F.);
#4872 = EDGE_CURVE('',#3035,#3681,#4873,.T.);
#4873 = SURFACE_CURVE('',#4874,(#4878,#4885),.PCURVE_S1.);
#4874 = LINE('',#4875,#4876);
#4875 = CARTESIAN_POINT('',(12.,-8.9,2.5));
#4876 = VECTOR('',#4877,1.);
#4877 = DIRECTION('',(-0.,1.,0.));
#4878 = PCURVE('',#3049,#4879);
#4879 = DEFINITIONAL_REPRESENTATION('',(#4880),#4884);
#4880 = LINE('',#4881,#4882);
#4881 = CARTESIAN_POINT('',(7.5,0.));
#4882 = VECTOR('',#4883,1.);
#4883 = DIRECTION('',(0.,-1.));
#4884 = ( GEOMETRIC_REPRESENTATION_CONTEXT(2) 
PARAMETRIC_REPRESENTATION_CONTEXT() REPRESENTATION_CONTEXT('2D SPACE',''
  ) );
#4885 = PCURVE('',#3121,#4886);
#4886 = DEFINITIONAL_REPRESENTATION('',(#4887),#4891);
#4887 = LINE('',#4888,#4889);
#4888 = CARTESIAN_POINT('',(0.,0.));
#4889 = VECTOR('',#4890,1.);
#4890 = DIRECTION('',(0.,1.));
#4891 = ( GEOMETRIC_REPRESENTATION_CONTEXT(2) 
PARAMETRIC_REPRESENTATION_CONTEXT() REPRESENTATION_CONTEXT('2D SPACE',''
  ) );
#4892 = ORIENTED_EDGE('',*,*,#3032,.F.);
#4893 = ORIENTED_EDGE('',*,*,#4492,.T.);
#4894 = ORIENTED_EDGE('',*,*,#3701,.F.);
#4895 = ADVANCED_FACE('',(#4896),#3121,.F.);
#4896 = FACE_BOUND('',#4897,.F.);
#4897 = EDGE_LOOP('',(#4898,#4899,#4900,#4921));
#4898 = ORIENTED_EDGE('',*,*,#4872,.F.);
#4899 = ORIENTED_EDGE('',*,*,#3108,.F.);
#4900 = ORIENTED_EDGE('',*,*,#4901,.T.);
#4901 = EDGE_CURVE('',#3083,#3660,#4902,.T.);
#4902 = SURFACE_CURVE('',#4903,(#4907,#4914),.PCURVE_S1.);
#4903 = LINE('',#4904,#4905);
#4904 = CARTESIAN_POINT('',(25.,-8.9,2.5));
#4905 = VECTOR('',#4906,1.);
#4906 = DIRECTION('',(-0.,1.,0.));
#4907 = PCURVE('',#3121,#4908);
#4908 = DEFINITIONAL_REPRESENTATION('',(#4909),#4913);
#4909 = LINE('',#4910,#4911);
#4910 = CARTESIAN_POINT('',(13.,0.));
#4911 = VECTOR('',#4912,1.);
#4912 = DIRECTION('',(0.,1.));
#4913 = ( GEOMETRIC_REPRESENTATION_CONTEXT(2) 
PARAMETRIC_REPRESENTATION_CONTEXT() REPRESENTATION_CONTEXT('2D SPACE',''
  ) );
#4914 = PCURVE('',#3097,#4915);
#4915 = DEFINITIONAL_REPRESENTATION('',(#4916),#4920);
#4916 = LINE('',#4917,#4918);
#4917 = CARTESIAN_POINT('',(7.5,0.));
#4918 = VECTOR('',#4919,1.);
#4919 = DIRECTION('',(0.,-1.));
#4920 = ( GEOMETRIC_REPRESENTATION_CONTEXT(2) 
PARAMETRIC_REPRESENTATION_CONTEXT() REPRESENTATION_CONTEXT('2D SPACE',''
  ) );
#4921 = ORIENTED_EDGE('',*,*,#3680,.F.);
#4922 = ADVANCED_FACE('',(#4923),#3097,.F.);
#4923 = FACE_BOUND('',#4924,.F.);
#4924 = EDGE_LOOP('',(#4925,#4926,#4927,#4928));
#4925 = ORIENTED_EDGE('',*,*,#4901,.F.);
#4926 = ORIENTED_EDGE('',*,*,#3082,.F.);
#4927 = ORIENTED_EDGE('',*,*,#4514,.T.);
#4928 = ORIENTED_EDGE('',*,*,#3659,.F.);
#4929 = ADVANCED_FACE('',(#4930,#4933),#3381,.F.);
#4930 = FACE_BOUND('',#4931,.F.);
#4931 = EDGE_LOOP('',(#4932));
#4932 = ORIENTED_EDGE('',*,*,#3366,.T.);
#4933 = FACE_BOUND('',#4934,.F.);
#4934 = EDGE_LOOP('',(#4935));
#4935 = ORIENTED_EDGE('',*,*,#4936,.F.);
#4936 = EDGE_CURVE('',#4937,#4937,#4939,.T.);
#4937 = VERTEX_POINT('',#4938);
#4938 = CARTESIAN_POINT('',(22.5,18.5,-19.9));
#4939 = SURFACE_CURVE('',#4940,(#4945,#4952),.PCURVE_S1.);
#4940 = CIRCLE('',#4941,4.);
#4941 = AXIS2_PLACEMENT_3D('',#4942,#4943,#4944);
#4942 = CARTESIAN_POINT('',(18.5,18.5,-19.9));
#4943 = DIRECTION('',(0.,0.,1.));
#4944 = DIRECTION('',(1.,0.,-0.));
#4945 = PCURVE('',#3381,#4946);
#4946 = DEFINITIONAL_REPRESENTATION('',(#4947),#4951);
#4947 = CIRCLE('',#4948,4.);
#4948 = AXIS2_PLACEMENT_2D('',#4949,#4950);
#4949 = CARTESIAN_POINT('',(0.,0.));
#4950 = DIRECTION('',(1.,0.));
#4951 = ( GEOMETRIC_REPRESENTATION_CONTEXT(2) 
PARAMETRIC_REPRESENTATION_CONTEXT() REPRESENTATION_CONTEXT('2D SPACE',''
  ) );
#4952 = PCURVE('',#4953,#4958);
#4953 = CYLINDRICAL_SURFACE('',#4954,4.);
#4954 = AXIS2_PLACEMENT_3D('',#4955,#4956,#4957);
#4955 = CARTESIAN_POINT('',(18.5,18.5,-19.91));
#4956 = DIRECTION('',(0.,0.,1.));
#4957 = DIRECTION('',(1.,0.,-0.));
#4958 = DEFINITIONAL_REPRESENTATION('',(#4959),#4963);
#4959 = LINE('',#4960,#4961);
#4960 = CARTESIAN_POINT('',(0.,1.E-02));
#4961 = VECTOR('',#4962,1.);
#4962 = DIRECTION('',(1.,0.));
#4963 = ( GEOMETRIC_REPRESENTATION_CONTEXT(2) 
PARAMETRIC_REPRESENTATION_CONTEXT() REPRESENTATION_CONTEXT('2D SPACE',''
  ) );
#4964 = ADVANCED_FACE('',(#4965,#5037),#3831,.T.);
#4965 = FACE_BOUND('',#4966,.T.);
#4966 = EDGE_LOOP('',(#4967,#4990,#4991,#4992,#5015));
#4967 = ORIENTED_EDGE('',*,*,#4968,.F.);
#4968 = EDGE_CURVE('',#4182,#4969,#4971,.T.);
#4969 = VERTEX_POINT('',#4970);
#4970 = CARTESIAN_POINT('',(-0.3,2.2,0.));
#4971 = SURFACE_CURVE('',#4972,(#4976,#4983),.PCURVE_S1.);
#4972 = LINE('',#4973,#4974);
#4973 = CARTESIAN_POINT('',(-1.5,2.2,0.));
#4974 = VECTOR('',#4975,1.);
#4975 = DIRECTION('',(1.,0.,-0.));
#4976 = PCURVE('',#3831,#4977);
#4977 = DEFINITIONAL_REPRESENTATION('',(#4978),#4982);
#4978 = LINE('',#4979,#4980);
#4979 = CARTESIAN_POINT('',(0.,3.7));
#4980 = VECTOR('',#4981,1.);
#4981 = DIRECTION('',(1.,0.));
#4982 = ( GEOMETRIC_REPRESENTATION_CONTEXT(2) 
PARAMETRIC_REPRESENTATION_CONTEXT() REPRESENTATION_CONTEXT('2D SPACE',''
  ) );
#4983 = PCURVE('',#4220,#4984);
#4984 = DEFINITIONAL_REPRESENTATION('',(#4985),#4989);
#4985 = LINE('',#4986,#4987);
#4986 = CARTESIAN_POINT('',(5.,0.));
#4987 = VECTOR('',#4988,1.);
#4988 = DIRECTION('',(0.,1.));
#4989 = ( GEOMETRIC_REPRESENTATION_CONTEXT(2) 
PARAMETRIC_REPRESENTATION_CONTEXT() REPRESENTATION_CONTEXT('2D SPACE',''
  ) );
#4990 = ORIENTED_EDGE('',*,*,#4181,.F.);
#4991 = ORIENTED_EDGE('',*,*,#3815,.T.);
#4992 = ORIENTED_EDGE('',*,*,#4993,.T.);
#4993 = EDGE_CURVE('',#3788,#4994,#4996,.T.);
#4994 = VERTEX_POINT('',#4995);
#4995 = CARTESIAN_POINT('',(2.2,-0.3,0.));
#4996 = SURFACE_CURVE('',#4997,(#5001,#5008),.PCURVE_S1.);
#4997 = LINE('',#4998,#4999);
#4998 = CARTESIAN_POINT('',(2.2,-1.5,0.));
#4999 = VECTOR('',#5000,1.);
#5000 = DIRECTION('',(-0.,1.,0.));
#5001 = PCURVE('',#3831,#5002);
#5002 = DEFINITIONAL_REPRESENTATION('',(#5003),#5007);
#5003 = LINE('',#5004,#5005);
#5004 = CARTESIAN_POINT('',(3.7,0.));
#5005 = VECTOR('',#5006,1.);
#5006 = DIRECTION('',(0.,1.));
#5007 = ( GEOMETRIC_REPRESENTATION_CONTEXT(2) 
PARAMETRIC_REPRESENTATION_CONTEXT() REPRESENTATION_CONTEXT('2D SPACE',''
  ) );
#5008 = PCURVE('',#3803,#5009);
#5009 = DEFINITIONAL_REPRESENTATION('',(#5010),#5014);
#5010 = LINE('',#5011,#5012);
#5011 = CARTESIAN_POINT('',(5.,0.));
#5012 = VECTOR('',#5013,1.);
#5013 = DIRECTION('',(0.,-1.));
#5014 = ( GEOMETRIC_REPRESENTATION_CONTEXT(2) 
PARAMETRIC_REPRESENTATION_CONTEXT() REPRESENTATION_CONTEXT('2D SPACE',''
  ) );
#5015 = ORIENTED_EDGE('',*,*,#5016,.T.);
#5016 = EDGE_CURVE('',#4994,#4969,#5017,.T.);
#5017 = SURFACE_CURVE('',#5018,(#5023,#5030),.PCURVE_S1.);
#5018 = CIRCLE('',#5019,2.5);
#5019 = AXIS2_PLACEMENT_3D('',#5020,#5021,#5022);
#5020 = CARTESIAN_POINT('',(2.2,2.2,0.));
#5021 = DIRECTION('',(0.,0.,1.));
#5022 = DIRECTION('',(4.796163466381E-15,-1.,0.));
#5023 = PCURVE('',#3831,#5024);
#5024 = DEFINITIONAL_REPRESENTATION('',(#5025),#5029);
#5025 = CIRCLE('',#5026,2.5);
#5026 = AXIS2_PLACEMENT_2D('',#5027,#5028);
#5027 = CARTESIAN_POINT('',(3.7,3.7));
#5028 = DIRECTION('',(4.796163466381E-15,-1.));
#5029 = ( GEOMETRIC_REPRESENTATION_CONTEXT(2) 
PARAMETRIC_REPRESENTATION_CONTEXT() REPRESENTATION_CONTEXT('2D SPACE',''
  ) );
#5030 = PCURVE('',#4806,#5031);
#5031 = DEFINITIONAL_REPRESENTATION('',(#5032),#5036);
#5032 = LINE('',#5033,#5034);
#5033 = CARTESIAN_POINT('',(4.712388980385,5.));
#5034 = VECTOR('',#5035,1.);
#5035 = DIRECTION('',(1.,0.));
#5036 = ( GEOMETRIC_REPRESENTATION_CONTEXT(2) 
PARAMETRIC_REPRESENTATION_CONTEXT() REPRESENTATION_CONTEXT('2D SPACE',''
  ) );
#5037 = FACE_BOUND('',#5038,.T.);
#5038 = EDGE_LOOP('',(#5039));
#5039 = ORIENTED_EDGE('',*,*,#5040,.F.);
#5040 = EDGE_CURVE('',#5041,#5041,#5043,.T.);
#5041 = VERTEX_POINT('',#5042);
#5042 = CARTESIAN_POINT('',(3.05,2.2,0.));
#5043 = SURFACE_CURVE('',#5044,(#5049,#5056),.PCURVE_S1.);
#5044 = CIRCLE('',#5045,0.85);
#5045 = AXIS2_PLACEMENT_3D('',#5046,#5047,#5048);
#5046 = CARTESIAN_POINT('',(2.2,2.2,0.));
#5047 = DIRECTION('',(0.,0.,1.));
#5048 = DIRECTION('',(1.,0.,-0.));
#5049 = PCURVE('',#3831,#5050);
#5050 = DEFINITIONAL_REPRESENTATION('',(#5051),#5055);
#5051 = CIRCLE('',#5052,0.85);
#5052 = AXIS2_PLACEMENT_2D('',#5053,#5054);
#5053 = CARTESIAN_POINT('',(3.7,3.7));
#5054 = DIRECTION('',(1.,0.));
#5055 = ( GEOMETRIC_REPRESENTATION_CONTEXT(2) 
PARAMETRIC_REPRESENTATION_CONTEXT() REPRESENTATION_CONTEXT('2D SPACE',''
  ) );
#5056 = PCURVE('',#5057,#5062);
#5057 = CYLINDRICAL_SURFACE('',#5058,0.85);
#5058 = AXIS2_PLACEMENT_3D('',#5059,#5060,#5061);
#5059 = CARTESIAN_POINT('',(2.2,2.2,-6.));
#5060 = DIRECTION('',(0.,0.,1.));
#5061 = DIRECTION('',(1.,0.,-0.));
#5062 = DEFINITIONAL_REPRESENTATION('',(#5063),#5067);
#5063 = LINE('',#5064,#5065);
#5064 = CARTESIAN_POINT('',(0.,6.));
#5065 = VECTOR('',#5066,1.);
#5066 = DIRECTION('',(1.,0.));
#5067 = ( GEOMETRIC_REPRESENTATION_CONTEXT(2) 
PARAMETRIC_REPRESENTATION_CONTEXT() REPRESENTATION_CONTEXT('2D SPACE',''
  ) );
#5068 = ADVANCED_FACE('',(#5069),#3803,.T.);
#5069 = FACE_BOUND('',#5070,.T.);
#5070 = EDGE_LOOP('',(#5071,#5072,#5073,#5074,#5093,#5094));
#5071 = ORIENTED_EDGE('',*,*,#4993,.F.);
#5072 = ORIENTED_EDGE('',*,*,#3787,.F.);
#5073 = ORIENTED_EDGE('',*,*,#4416,.F.);
#5074 = ORIENTED_EDGE('',*,*,#5075,.F.);
#5075 = EDGE_CURVE('',#4819,#4417,#5076,.T.);
#5076 = SURFACE_CURVE('',#5077,(#5081,#5087),.PCURVE_S1.);
#5077 = LINE('',#5078,#5079);
#5078 = CARTESIAN_POINT('',(2.2,-0.5,-5.));
#5079 = VECTOR('',#5080,1.);
#5080 = DIRECTION('',(0.,0.,1.));
#5081 = PCURVE('',#3803,#5082);
#5082 = DEFINITIONAL_REPRESENTATION('',(#5083),#5086);
#5083 = B_SPLINE_CURVE_WITH_KNOTS('',1,(#5084,#5085),.UNSPECIFIED.,.F.,
  .F.,(2,2),(0.,4.),.PIECEWISE_BEZIER_KNOTS.);
#5084 = CARTESIAN_POINT('',(0.,-1.));
#5085 = CARTESIAN_POINT('',(4.,-1.));
#5086 = ( GEOMETRIC_REPRESENTATION_CONTEXT(2) 
PARAMETRIC_REPRESENTATION_CONTEXT() REPRESENTATION_CONTEXT('2D SPACE',''
  ) );
#5087 = PCURVE('',#4377,#5088);
#5088 = DEFINITIONAL_REPRESENTATION('',(#5089),#5092);
#5089 = B_SPLINE_CURVE_WITH_KNOTS('',1,(#5090,#5091),.UNSPECIFIED.,.F.,
  .F.,(2,2),(0.,4.),.PIECEWISE_BEZIER_KNOTS.);
#5090 = CARTESIAN_POINT('',(0.,1.2));
#5091 = CARTESIAN_POINT('',(4.,1.2));
#5092 = ( GEOMETRIC_REPRESENTATION_CONTEXT(2) 
PARAMETRIC_REPRESENTATION_CONTEXT() REPRESENTATION_CONTEXT('2D SPACE',''
  ) );
#5093 = ORIENTED_EDGE('',*,*,#4818,.T.);
#5094 = ORIENTED_EDGE('',*,*,#5095,.T.);
#5095 = EDGE_CURVE('',#4786,#4994,#5096,.T.);
#5096 = SURFACE_CURVE('',#5097,(#5101,#5107),.PCURVE_S1.);
#5097 = LINE('',#5098,#5099);
#5098 = CARTESIAN_POINT('',(2.2,-0.3,-5.));
#5099 = VECTOR('',#5100,1.);
#5100 = DIRECTION('',(0.,0.,1.));
#5101 = PCURVE('',#3803,#5102);
#5102 = DEFINITIONAL_REPRESENTATION('',(#5103),#5106);
#5103 = B_SPLINE_CURVE_WITH_KNOTS('',1,(#5104,#5105),.UNSPECIFIED.,.F.,
  .F.,(2,2),(-2.399999999625E-06,5.0000024),.PIECEWISE_BEZIER_KNOTS.);
#5104 = CARTESIAN_POINT('',(-2.399999999625E-06,-1.2));
#5105 = CARTESIAN_POINT('',(5.0000024,-1.2));
#5106 = ( GEOMETRIC_REPRESENTATION_CONTEXT(2) 
PARAMETRIC_REPRESENTATION_CONTEXT() REPRESENTATION_CONTEXT('2D SPACE',''
  ) );
#5107 = PCURVE('',#4806,#5108);
#5108 = DEFINITIONAL_REPRESENTATION('',(#5109),#5112);
#5109 = B_SPLINE_CURVE_WITH_KNOTS('',1,(#5110,#5111),.UNSPECIFIED.,.F.,
  .F.,(2,2),(0.,5.),.PIECEWISE_BEZIER_KNOTS.);
#5110 = CARTESIAN_POINT('',(4.712388980385,0.));
#5111 = CARTESIAN_POINT('',(4.712388980385,5.));
#5112 = ( GEOMETRIC_REPRESENTATION_CONTEXT(2) 
PARAMETRIC_REPRESENTATION_CONTEXT() REPRESENTATION_CONTEXT('2D SPACE',''
  ) );
#5113 = ADVANCED_FACE('',(#5114),#3624,.F.);
#5114 = FACE_BOUND('',#5115,.F.);
#5115 = EDGE_LOOP('',(#5116,#5139,#5140,#5141));
#5116 = ORIENTED_EDGE('',*,*,#5117,.F.);
#5117 = EDGE_CURVE('',#3581,#5118,#5120,.T.);
#5118 = VERTEX_POINT('',#5119);
#5119 = CARTESIAN_POINT('',(34.8,-0.3,0.));
#5120 = SURFACE_CURVE('',#5121,(#5125,#5132),.PCURVE_S1.);
#5121 = LINE('',#5122,#5123);
#5122 = CARTESIAN_POINT('',(34.8,-1.5,0.));
#5123 = VECTOR('',#5124,1.);
#5124 = DIRECTION('',(-0.,1.,0.));
#5125 = PCURVE('',#3624,#5126);
#5126 = DEFINITIONAL_REPRESENTATION('',(#5127),#5131);
#5127 = LINE('',#5128,#5129);
#5128 = CARTESIAN_POINT('',(5.,0.));
#5129 = VECTOR('',#5130,1.);
#5130 = DIRECTION('',(0.,-1.));
#5131 = ( GEOMETRIC_REPRESENTATION_CONTEXT(2) 
PARAMETRIC_REPRESENTATION_CONTEXT() REPRESENTATION_CONTEXT('2D SPACE',''
  ) );
#5132 = PCURVE('',#3596,#5133);
#5133 = DEFINITIONAL_REPRESENTATION('',(#5134),#5138);
#5134 = LINE('',#5135,#5136);
#5135 = CARTESIAN_POINT('',(0.,0.));
#5136 = VECTOR('',#5137,1.);
#5137 = DIRECTION('',(0.,1.));
#5138 = ( GEOMETRIC_REPRESENTATION_CONTEXT(2) 
PARAMETRIC_REPRESENTATION_CONTEXT() REPRESENTATION_CONTEXT('2D SPACE',''
  ) );
#5139 = ORIENTED_EDGE('',*,*,#3608,.F.);
#5140 = ORIENTED_EDGE('',*,*,#4536,.T.);
#5141 = ORIENTED_EDGE('',*,*,#5142,.T.);
#5142 = EDGE_CURVE('',#4537,#5118,#5143,.T.);
#5143 = SURFACE_CURVE('',#5144,(#5148,#5154),.PCURVE_S1.);
#5144 = LINE('',#5145,#5146);
#5145 = CARTESIAN_POINT('',(34.8,-0.3,-5.));
#5146 = VECTOR('',#5147,1.);
#5147 = DIRECTION('',(0.,0.,1.));
#5148 = PCURVE('',#3624,#5149);
#5149 = DEFINITIONAL_REPRESENTATION('',(#5150),#5153);
#5150 = B_SPLINE_CURVE_WITH_KNOTS('',1,(#5151,#5152),.UNSPECIFIED.,.F.,
  .F.,(2,2),(-2.399999999625E-06,5.0000024),.PIECEWISE_BEZIER_KNOTS.);
#5151 = CARTESIAN_POINT('',(-2.399999999625E-06,-1.2));
#5152 = CARTESIAN_POINT('',(5.0000024,-1.2));
#5153 = ( GEOMETRIC_REPRESENTATION_CONTEXT(2) 
PARAMETRIC_REPRESENTATION_CONTEXT() REPRESENTATION_CONTEXT('2D SPACE',''
  ) );
#5154 = PCURVE('',#4576,#5155);
#5155 = DEFINITIONAL_REPRESENTATION('',(#5156),#5159);
#5156 = B_SPLINE_CURVE_WITH_KNOTS('',1,(#5157,#5158),.UNSPECIFIED.,.F.,
  .F.,(2,2),(-2.399999999625E-06,5.0000024),.PIECEWISE_BEZIER_KNOTS.);
#5157 = CARTESIAN_POINT('',(4.712388980385,-2.399999999625E-06));
#5158 = CARTESIAN_POINT('',(4.712388980385,5.0000024));
#5159 = ( GEOMETRIC_REPRESENTATION_CONTEXT(2) 
PARAMETRIC_REPRESENTATION_CONTEXT() REPRESENTATION_CONTEXT('2D SPACE',''
  ) );
#5160 = ADVANCED_FACE('',(#5161,#5211),#3596,.T.);
#5161 = FACE_BOUND('',#5162,.T.);
#5162 = EDGE_LOOP('',(#5163,#5164,#5165,#5166,#5189));
#5163 = ORIENTED_EDGE('',*,*,#5117,.F.);
#5164 = ORIENTED_EDGE('',*,*,#3580,.T.);
#5165 = ORIENTED_EDGE('',*,*,#3869,.T.);
#5166 = ORIENTED_EDGE('',*,*,#5167,.F.);
#5167 = EDGE_CURVE('',#5168,#3870,#5170,.T.);
#5168 = VERTEX_POINT('',#5169);
#5169 = CARTESIAN_POINT('',(37.3,2.2,0.));
#5170 = SURFACE_CURVE('',#5171,(#5175,#5182),.PCURVE_S1.);
#5171 = LINE('',#5172,#5173);
#5172 = CARTESIAN_POINT('',(34.8,2.2,0.));
#5173 = VECTOR('',#5174,1.);
#5174 = DIRECTION('',(1.,0.,-0.));
#5175 = PCURVE('',#3596,#5176);
#5176 = DEFINITIONAL_REPRESENTATION('',(#5177),#5181);
#5177 = LINE('',#5178,#5179);
#5178 = CARTESIAN_POINT('',(0.,3.7));
#5179 = VECTOR('',#5180,1.);
#5180 = DIRECTION('',(1.,0.));
#5181 = ( GEOMETRIC_REPRESENTATION_CONTEXT(2) 
PARAMETRIC_REPRESENTATION_CONTEXT() REPRESENTATION_CONTEXT('2D SPACE',''
  ) );
#5182 = PCURVE('',#3908,#5183);
#5183 = DEFINITIONAL_REPRESENTATION('',(#5184),#5188);
#5184 = LINE('',#5185,#5186);
#5185 = CARTESIAN_POINT('',(5.,0.));
#5186 = VECTOR('',#5187,1.);
#5187 = DIRECTION('',(0.,1.));
#5188 = ( GEOMETRIC_REPRESENTATION_CONTEXT(2) 
PARAMETRIC_REPRESENTATION_CONTEXT() REPRESENTATION_CONTEXT('2D SPACE',''
  ) );
#5189 = ORIENTED_EDGE('',*,*,#5190,.T.);
#5190 = EDGE_CURVE('',#5168,#5118,#5191,.T.);
#5191 = SURFACE_CURVE('',#5192,(#5197,#5204),.PCURVE_S1.);
#5192 = CIRCLE('',#5193,2.5);
#5193 = AXIS2_PLACEMENT_3D('',#5194,#5195,#5196);
#5194 = CARTESIAN_POINT('',(34.8,2.2,0.));
#5195 = DIRECTION('',(0.,0.,1.));
#5196 = DIRECTION('',(1.,0.,-0.));
#5197 = PCURVE('',#3596,#5198);
#5198 = DEFINITIONAL_REPRESENTATION('',(#5199),#5203);
#5199 = CIRCLE('',#5200,2.5);
#5200 = AXIS2_PLACEMENT_2D('',#5201,#5202);
#5201 = CARTESIAN_POINT('',(0.,3.7));
#5202 = DIRECTION('',(1.,0.));
#5203 = ( GEOMETRIC_REPRESENTATION_CONTEXT(2) 
PARAMETRIC_REPRESENTATION_CONTEXT() REPRESENTATION_CONTEXT('2D SPACE',''
  ) );
#5204 = PCURVE('',#4576,#5205);
#5205 = DEFINITIONAL_REPRESENTATION('',(#5206),#5210);
#5206 = LINE('',#5207,#5208);
#5207 = CARTESIAN_POINT('',(0.,5.));
#5208 = VECTOR('',#5209,1.);
#5209 = DIRECTION('',(1.,0.));
#5210 = ( GEOMETRIC_REPRESENTATION_CONTEXT(2) 
PARAMETRIC_REPRESENTATION_CONTEXT() REPRESENTATION_CONTEXT('2D SPACE',''
  ) );
#5211 = FACE_BOUND('',#5212,.T.);
#5212 = EDGE_LOOP('',(#5213));
#5213 = ORIENTED_EDGE('',*,*,#5214,.F.);
#5214 = EDGE_CURVE('',#5215,#5215,#5217,.T.);
#5215 = VERTEX_POINT('',#5216);
#5216 = CARTESIAN_POINT('',(35.65,2.2,0.));
#5217 = SURFACE_CURVE('',#5218,(#5223,#5230),.PCURVE_S1.);
#5218 = CIRCLE('',#5219,0.85);
#5219 = AXIS2_PLACEMENT_3D('',#5220,#5221,#5222);
#5220 = CARTESIAN_POINT('',(34.8,2.2,0.));
#5221 = DIRECTION('',(0.,0.,1.));
#5222 = DIRECTION('',(1.,0.,-0.));
#5223 = PCURVE('',#3596,#5224);
#5224 = DEFINITIONAL_REPRESENTATION('',(#5225),#5229);
#5225 = CIRCLE('',#5226,0.85);
#5226 = AXIS2_PLACEMENT_2D('',#5227,#5228);
#5227 = CARTESIAN_POINT('',(0.,3.7));
#5228 = DIRECTION('',(1.,0.));
#5229 = ( GEOMETRIC_REPRESENTATION_CONTEXT(2) 
PARAMETRIC_REPRESENTATION_CONTEXT() REPRESENTATION_CONTEXT('2D SPACE',''
  ) );
#5230 = PCURVE('',#5231,#5236);
#5231 = CYLINDRICAL_SURFACE('',#5232,0.85);
#5232 = AXIS2_PLACEMENT_3D('',#5233,#5234,#5235);
#5233 = CARTESIAN_POINT('',(34.8,2.2,-6.));
#5234 = DIRECTION('',(0.,0.,1.));
#5235 = DIRECTION('',(1.,0.,-0.));
#5236 = DEFINITIONAL_REPRESENTATION('',(#5237),#5241);
#5237 = LINE('',#5238,#5239);
#5238 = CARTESIAN_POINT('',(0.,6.));
#5239 = VECTOR('',#5240,1.);
#5240 = DIRECTION('',(1.,0.));
#5241 = ( GEOMETRIC_REPRESENTATION_CONTEXT(2) 
PARAMETRIC_REPRESENTATION_CONTEXT() REPRESENTATION_CONTEXT('2D SPACE',''
  ) );
#5242 = ADVANCED_FACE('',(#5243,#5315),#3987,.T.);
#5243 = FACE_BOUND('',#5244,.T.);
#5244 = EDGE_LOOP('',(#5245,#5268,#5292,#5313,#5314));
#5245 = ORIENTED_EDGE('',*,*,#5246,.F.);
#5246 = EDGE_CURVE('',#5247,#4026,#5249,.T.);
#5247 = VERTEX_POINT('',#5248);
#5248 = CARTESIAN_POINT('',(34.8,37.3,0.));
#5249 = SURFACE_CURVE('',#5250,(#5254,#5261),.PCURVE_S1.);
#5250 = LINE('',#5251,#5252);
#5251 = CARTESIAN_POINT('',(34.8,34.8,0.));
#5252 = VECTOR('',#5253,1.);
#5253 = DIRECTION('',(-0.,1.,0.));
#5254 = PCURVE('',#3987,#5255);
#5255 = DEFINITIONAL_REPRESENTATION('',(#5256),#5260);
#5256 = LINE('',#5257,#5258);
#5257 = CARTESIAN_POINT('',(0.,0.));
#5258 = VECTOR('',#5259,1.);
#5259 = DIRECTION('',(0.,1.));
#5260 = ( GEOMETRIC_REPRESENTATION_CONTEXT(2) 
PARAMETRIC_REPRESENTATION_CONTEXT() REPRESENTATION_CONTEXT('2D SPACE',''
  ) );
#5261 = PCURVE('',#4064,#5262);
#5262 = DEFINITIONAL_REPRESENTATION('',(#5263),#5267);
#5263 = LINE('',#5264,#5265);
#5264 = CARTESIAN_POINT('',(5.,0.));
#5265 = VECTOR('',#5266,1.);
#5266 = DIRECTION('',(0.,-1.));
#5267 = ( GEOMETRIC_REPRESENTATION_CONTEXT(2) 
PARAMETRIC_REPRESENTATION_CONTEXT() REPRESENTATION_CONTEXT('2D SPACE',''
  ) );
#5268 = ORIENTED_EDGE('',*,*,#5269,.T.);
#5269 = EDGE_CURVE('',#5247,#5270,#5272,.T.);
#5270 = VERTEX_POINT('',#5271);
#5271 = CARTESIAN_POINT('',(37.3,34.8,0.));
#5272 = SURFACE_CURVE('',#5273,(#5278,#5285),.PCURVE_S1.);
#5273 = CIRCLE('',#5274,2.5);
#5274 = AXIS2_PLACEMENT_3D('',#5275,#5276,#5277);
#5275 = CARTESIAN_POINT('',(34.8,34.8,0.));
#5276 = DIRECTION('',(0.,0.,1.));
#5277 = DIRECTION('',(1.,0.,-0.));
#5278 = PCURVE('',#3987,#5279);
#5279 = DEFINITIONAL_REPRESENTATION('',(#5280),#5284);
#5280 = CIRCLE('',#5281,2.5);
#5281 = AXIS2_PLACEMENT_2D('',#5282,#5283);
#5282 = CARTESIAN_POINT('',(0.,0.));
#5283 = DIRECTION('',(1.,0.));
#5284 = ( GEOMETRIC_REPRESENTATION_CONTEXT(2) 
PARAMETRIC_REPRESENTATION_CONTEXT() REPRESENTATION_CONTEXT('2D SPACE',''
  ) );
#5285 = PCURVE('',#4650,#5286);
#5286 = DEFINITIONAL_REPRESENTATION('',(#5287),#5291);
#5287 = LINE('',#5288,#5289);
#5288 = CARTESIAN_POINT('',(0.,5.));
#5289 = VECTOR('',#5290,1.);
#5290 = DIRECTION('',(1.,0.));
#5291 = ( GEOMETRIC_REPRESENTATION_CONTEXT(2) 
PARAMETRIC_REPRESENTATION_CONTEXT() REPRESENTATION_CONTEXT('2D SPACE',''
  ) );
#5292 = ORIENTED_EDGE('',*,*,#5293,.T.);
#5293 = EDGE_CURVE('',#5270,#3944,#5294,.T.);
#5294 = SURFACE_CURVE('',#5295,(#5299,#5306),.PCURVE_S1.);
#5295 = LINE('',#5296,#5297);
#5296 = CARTESIAN_POINT('',(34.8,34.8,0.));
#5297 = VECTOR('',#5298,1.);
#5298 = DIRECTION('',(1.,0.,-0.));
#5299 = PCURVE('',#3987,#5300);
#5300 = DEFINITIONAL_REPRESENTATION('',(#5301),#5305);
#5301 = LINE('',#5302,#5303);
#5302 = CARTESIAN_POINT('',(0.,0.));
#5303 = VECTOR('',#5304,1.);
#5304 = DIRECTION('',(1.,0.));
#5305 = ( GEOMETRIC_REPRESENTATION_CONTEXT(2) 
PARAMETRIC_REPRESENTATION_CONTEXT() REPRESENTATION_CONTEXT('2D SPACE',''
  ) );
#5306 = PCURVE('',#3959,#5307);
#5307 = DEFINITIONAL_REPRESENTATION('',(#5308),#5312);
#5308 = LINE('',#5309,#5310);
#5309 = CARTESIAN_POINT('',(5.,0.));
#5310 = VECTOR('',#5311,1.);
#5311 = DIRECTION('',(0.,1.));
#5312 = ( GEOMETRIC_REPRESENTATION_CONTEXT(2) 
PARAMETRIC_REPRESENTATION_CONTEXT() REPRESENTATION_CONTEXT('2D SPACE',''
  ) );
#5313 = ORIENTED_EDGE('',*,*,#3971,.T.);
#5314 = ORIENTED_EDGE('',*,*,#4025,.F.);
#5315 = FACE_BOUND('',#5316,.T.);
#5316 = EDGE_LOOP('',(#5317));
#5317 = ORIENTED_EDGE('',*,*,#5318,.F.);
#5318 = EDGE_CURVE('',#5319,#5319,#5321,.T.);
#5319 = VERTEX_POINT('',#5320);
#5320 = CARTESIAN_POINT('',(35.65,34.8,0.));
#5321 = SURFACE_CURVE('',#5322,(#5327,#5334),.PCURVE_S1.);
#5322 = CIRCLE('',#5323,0.85);
#5323 = AXIS2_PLACEMENT_3D('',#5324,#5325,#5326);
#5324 = CARTESIAN_POINT('',(34.8,34.8,0.));
#5325 = DIRECTION('',(0.,0.,1.));
#5326 = DIRECTION('',(1.,0.,-0.));
#5327 = PCURVE('',#3987,#5328);
#5328 = DEFINITIONAL_REPRESENTATION('',(#5329),#5333);
#5329 = CIRCLE('',#5330,0.85);
#5330 = AXIS2_PLACEMENT_2D('',#5331,#5332);
#5331 = CARTESIAN_POINT('',(0.,0.));
#5332 = DIRECTION('',(1.,0.));
#5333 = ( GEOMETRIC_REPRESENTATION_CONTEXT(2) 
PARAMETRIC_REPRESENTATION_CONTEXT() REPRESENTATION_CONTEXT('2D SPACE',''
  ) );
#5334 = PCURVE('',#5335,#5340);
#5335 = CYLINDRICAL_SURFACE('',#5336,0.85);
#5336 = AXIS2_PLACEMENT_3D('',#5337,#5338,#5339);
#5337 = CARTESIAN_POINT('',(34.8,34.8,-6.));
#5338 = DIRECTION('',(0.,0.,1.));
#5339 = DIRECTION('',(1.,0.,-0.));
#5340 = DEFINITIONAL_REPRESENTATION('',(#5341),#5345);
#5341 = LINE('',#5342,#5343);
#5342 = CARTESIAN_POINT('',(0.,6.));
#5343 = VECTOR('',#5344,1.);
#5344 = DIRECTION('',(1.,0.));
#5345 = ( GEOMETRIC_REPRESENTATION_CONTEXT(2) 
PARAMETRIC_REPRESENTATION_CONTEXT() REPRESENTATION_CONTEXT('2D SPACE',''
  ) );
#5346 = ADVANCED_FACE('',(#5347),#3959,.F.);
#5347 = FACE_BOUND('',#5348,.F.);
#5348 = EDGE_LOOP('',(#5349,#5350,#5371,#5372));
#5349 = ORIENTED_EDGE('',*,*,#4610,.F.);
#5350 = ORIENTED_EDGE('',*,*,#5351,.T.);
#5351 = EDGE_CURVE('',#4611,#5270,#5352,.T.);
#5352 = SURFACE_CURVE('',#5353,(#5357,#5364),.PCURVE_S1.);
#5353 = LINE('',#5354,#5355);
#5354 = CARTESIAN_POINT('',(37.3,34.8,-5.));
#5355 = VECTOR('',#5356,1.);
#5356 = DIRECTION('',(0.,0.,1.));
#5357 = PCURVE('',#3959,#5358);
#5358 = DEFINITIONAL_REPRESENTATION('',(#5359),#5363);
#5359 = LINE('',#5360,#5361);
#5360 = CARTESIAN_POINT('',(0.,2.5));
#5361 = VECTOR('',#5362,1.);
#5362 = DIRECTION('',(1.,0.));
#5363 = ( GEOMETRIC_REPRESENTATION_CONTEXT(2) 
PARAMETRIC_REPRESENTATION_CONTEXT() REPRESENTATION_CONTEXT('2D SPACE',''
  ) );
#5364 = PCURVE('',#4650,#5365);
#5365 = DEFINITIONAL_REPRESENTATION('',(#5366),#5370);
#5366 = LINE('',#5367,#5368);
#5367 = CARTESIAN_POINT('',(6.28318530718,-0.));
#5368 = VECTOR('',#5369,1.);
#5369 = DIRECTION('',(0.,1.));
#5370 = ( GEOMETRIC_REPRESENTATION_CONTEXT(2) 
PARAMETRIC_REPRESENTATION_CONTEXT() REPRESENTATION_CONTEXT('2D SPACE',''
  ) );
#5371 = ORIENTED_EDGE('',*,*,#5293,.T.);
#5372 = ORIENTED_EDGE('',*,*,#3943,.F.);
#5373 = ADVANCED_FACE('',(#5374),#3908,.T.);
#5374 = FACE_BOUND('',#5375,.T.);
#5375 = EDGE_LOOP('',(#5376,#5377,#5398,#5399));
#5376 = ORIENTED_EDGE('',*,*,#4588,.F.);
#5377 = ORIENTED_EDGE('',*,*,#5378,.T.);
#5378 = EDGE_CURVE('',#4560,#5168,#5379,.T.);
#5379 = SURFACE_CURVE('',#5380,(#5384,#5391),.PCURVE_S1.);
#5380 = LINE('',#5381,#5382);
#5381 = CARTESIAN_POINT('',(37.3,2.2,-5.));
#5382 = VECTOR('',#5383,1.);
#5383 = DIRECTION('',(0.,0.,1.));
#5384 = PCURVE('',#3908,#5385);
#5385 = DEFINITIONAL_REPRESENTATION('',(#5386),#5390);
#5386 = LINE('',#5387,#5388);
#5387 = CARTESIAN_POINT('',(0.,2.5));
#5388 = VECTOR('',#5389,1.);
#5389 = DIRECTION('',(1.,0.));
#5390 = ( GEOMETRIC_REPRESENTATION_CONTEXT(2) 
PARAMETRIC_REPRESENTATION_CONTEXT() REPRESENTATION_CONTEXT('2D SPACE',''
  ) );
#5391 = PCURVE('',#4576,#5392);
#5392 = DEFINITIONAL_REPRESENTATION('',(#5393),#5397);
#5393 = LINE('',#5394,#5395);
#5394 = CARTESIAN_POINT('',(0.,-0.));
#5395 = VECTOR('',#5396,1.);
#5396 = DIRECTION('',(0.,1.));
#5397 = ( GEOMETRIC_REPRESENTATION_CONTEXT(2) 
PARAMETRIC_REPRESENTATION_CONTEXT() REPRESENTATION_CONTEXT('2D SPACE',''
  ) );
#5398 = ORIENTED_EDGE('',*,*,#5167,.T.);
#5399 = ORIENTED_EDGE('',*,*,#3892,.F.);
#5400 = ADVANCED_FACE('',(#5401,#5473),#4143,.T.);
#5401 = FACE_BOUND('',#5402,.T.);
#5402 = EDGE_LOOP('',(#5403,#5404,#5405,#5428,#5452));
#5403 = ORIENTED_EDGE('',*,*,#4127,.F.);
#5404 = ORIENTED_EDGE('',*,*,#4283,.F.);
#5405 = ORIENTED_EDGE('',*,*,#5406,.T.);
#5406 = EDGE_CURVE('',#4256,#5407,#5409,.T.);
#5407 = VERTEX_POINT('',#5408);
#5408 = CARTESIAN_POINT('',(-0.3,34.8,0.));
#5409 = SURFACE_CURVE('',#5410,(#5414,#5421),.PCURVE_S1.);
#5410 = LINE('',#5411,#5412);
#5411 = CARTESIAN_POINT('',(-1.5,34.8,0.));
#5412 = VECTOR('',#5413,1.);
#5413 = DIRECTION('',(1.,0.,-0.));
#5414 = PCURVE('',#4143,#5415);
#5415 = DEFINITIONAL_REPRESENTATION('',(#5416),#5420);
#5416 = LINE('',#5417,#5418);
#5417 = CARTESIAN_POINT('',(0.,0.));
#5418 = VECTOR('',#5419,1.);
#5419 = DIRECTION('',(1.,0.));
#5420 = ( GEOMETRIC_REPRESENTATION_CONTEXT(2) 
PARAMETRIC_REPRESENTATION_CONTEXT() REPRESENTATION_CONTEXT('2D SPACE',''
  ) );
#5421 = PCURVE('',#4271,#5422);
#5422 = DEFINITIONAL_REPRESENTATION('',(#5423),#5427);
#5423 = LINE('',#5424,#5425);
#5424 = CARTESIAN_POINT('',(5.,0.));
#5425 = VECTOR('',#5426,1.);
#5426 = DIRECTION('',(0.,1.));
#5427 = ( GEOMETRIC_REPRESENTATION_CONTEXT(2) 
PARAMETRIC_REPRESENTATION_CONTEXT() REPRESENTATION_CONTEXT('2D SPACE',''
  ) );
#5428 = ORIENTED_EDGE('',*,*,#5429,.T.);
#5429 = EDGE_CURVE('',#5407,#5430,#5432,.T.);
#5430 = VERTEX_POINT('',#5431);
#5431 = CARTESIAN_POINT('',(2.2,37.3,0.));
#5432 = SURFACE_CURVE('',#5433,(#5438,#5445),.PCURVE_S1.);
#5433 = CIRCLE('',#5434,2.5);
#5434 = AXIS2_PLACEMENT_3D('',#5435,#5436,#5437);
#5435 = CARTESIAN_POINT('',(2.2,34.8,0.));
#5436 = DIRECTION('',(0.,0.,1.));
#5437 = DIRECTION('',(-1.,2.84217094304E-14,0.));
#5438 = PCURVE('',#4143,#5439);
#5439 = DEFINITIONAL_REPRESENTATION('',(#5440),#5444);
#5440 = CIRCLE('',#5441,2.5);
#5441 = AXIS2_PLACEMENT_2D('',#5442,#5443);
#5442 = CARTESIAN_POINT('',(3.7,0.));
#5443 = DIRECTION('',(-1.,2.84217094304E-14));
#5444 = ( GEOMETRIC_REPRESENTATION_CONTEXT(2) 
PARAMETRIC_REPRESENTATION_CONTEXT() REPRESENTATION_CONTEXT('2D SPACE',''
  ) );
#5445 = PCURVE('',#4728,#5446);
#5446 = DEFINITIONAL_REPRESENTATION('',(#5447),#5451);
#5447 = LINE('',#5448,#5449);
#5448 = CARTESIAN_POINT('',(3.14159265359,5.));
#5449 = VECTOR('',#5450,1.);
#5450 = DIRECTION('',(1.,0.));
#5451 = ( GEOMETRIC_REPRESENTATION_CONTEXT(2) 
PARAMETRIC_REPRESENTATION_CONTEXT() REPRESENTATION_CONTEXT('2D SPACE',''
  ) );
#5452 = ORIENTED_EDGE('',*,*,#5453,.T.);
#5453 = EDGE_CURVE('',#5430,#4100,#5454,.T.);
#5454 = SURFACE_CURVE('',#5455,(#5459,#5466),.PCURVE_S1.);
#5455 = LINE('',#5456,#5457);
#5456 = CARTESIAN_POINT('',(2.2,34.8,0.));
#5457 = VECTOR('',#5458,1.);
#5458 = DIRECTION('',(-0.,1.,0.));
#5459 = PCURVE('',#4143,#5460);
#5460 = DEFINITIONAL_REPRESENTATION('',(#5461),#5465);
#5461 = LINE('',#5462,#5463);
#5462 = CARTESIAN_POINT('',(3.7,0.));
#5463 = VECTOR('',#5464,1.);
#5464 = DIRECTION('',(0.,1.));
#5465 = ( GEOMETRIC_REPRESENTATION_CONTEXT(2) 
PARAMETRIC_REPRESENTATION_CONTEXT() REPRESENTATION_CONTEXT('2D SPACE',''
  ) );
#5466 = PCURVE('',#4115,#5467);
#5467 = DEFINITIONAL_REPRESENTATION('',(#5468),#5472);
#5468 = LINE('',#5469,#5470);
#5469 = CARTESIAN_POINT('',(5.,0.));
#5470 = VECTOR('',#5471,1.);
#5471 = DIRECTION('',(0.,-1.));
#5472 = ( GEOMETRIC_REPRESENTATION_CONTEXT(2) 
PARAMETRIC_REPRESENTATION_CONTEXT() REPRESENTATION_CONTEXT('2D SPACE',''
  ) );
#5473 = FACE_BOUND('',#5474,.T.);
#5474 = EDGE_LOOP('',(#5475));
#5475 = ORIENTED_EDGE('',*,*,#5476,.F.);
#5476 = EDGE_CURVE('',#5477,#5477,#5479,.T.);
#5477 = VERTEX_POINT('',#5478);
#5478 = CARTESIAN_POINT('',(3.05,34.8,0.));
#5479 = SURFACE_CURVE('',#5480,(#5485,#5492),.PCURVE_S1.);
#5480 = CIRCLE('',#5481,0.85);
#5481 = AXIS2_PLACEMENT_3D('',#5482,#5483,#5484);
#5482 = CARTESIAN_POINT('',(2.2,34.8,0.));
#5483 = DIRECTION('',(0.,0.,1.));
#5484 = DIRECTION('',(1.,0.,-0.));
#5485 = PCURVE('',#4143,#5486);
#5486 = DEFINITIONAL_REPRESENTATION('',(#5487),#5491);
#5487 = CIRCLE('',#5488,0.85);
#5488 = AXIS2_PLACEMENT_2D('',#5489,#5490);
#5489 = CARTESIAN_POINT('',(3.7,0.));
#5490 = DIRECTION('',(1.,0.));
#5491 = ( GEOMETRIC_REPRESENTATION_CONTEXT(2) 
PARAMETRIC_REPRESENTATION_CONTEXT() REPRESENTATION_CONTEXT('2D SPACE',''
  ) );
#5492 = PCURVE('',#5493,#5498);
#5493 = CYLINDRICAL_SURFACE('',#5494,0.85);
#5494 = AXIS2_PLACEMENT_3D('',#5495,#5496,#5497);
#5495 = CARTESIAN_POINT('',(2.2,34.8,-6.));
#5496 = DIRECTION('',(0.,0.,1.));
#5497 = DIRECTION('',(1.,0.,-0.));
#5498 = DEFINITIONAL_REPRESENTATION('',(#5499),#5503);
#5499 = LINE('',#5500,#5501);
#5500 = CARTESIAN_POINT('',(0.,6.));
#5501 = VECTOR('',#5502,1.);
#5502 = DIRECTION('',(1.,0.));
#5503 = ( GEOMETRIC_REPRESENTATION_CONTEXT(2) 
PARAMETRIC_REPRESENTATION_CONTEXT() REPRESENTATION_CONTEXT('2D SPACE',''
  ) );
#5504 = ADVANCED_FACE('',(#5505),#4115,.T.);
#5505 = FACE_BOUND('',#5506,.T.);
#5506 = EDGE_LOOP('',(#5507,#5508,#5527,#5528));
#5507 = ORIENTED_EDGE('',*,*,#5453,.F.);
#5508 = ORIENTED_EDGE('',*,*,#5509,.F.);
#5509 = EDGE_CURVE('',#4685,#5430,#5510,.T.);
#5510 = SURFACE_CURVE('',#5511,(#5515,#5521),.PCURVE_S1.);
#5511 = LINE('',#5512,#5513);
#5512 = CARTESIAN_POINT('',(2.2,37.3,-5.));
#5513 = VECTOR('',#5514,1.);
#5514 = DIRECTION('',(0.,0.,1.));
#5515 = PCURVE('',#4115,#5516);
#5516 = DEFINITIONAL_REPRESENTATION('',(#5517),#5520);
#5517 = B_SPLINE_CURVE_WITH_KNOTS('',1,(#5518,#5519),.UNSPECIFIED.,.F.,
  .F.,(2,2),(-2.399999999625E-06,5.0000024),.PIECEWISE_BEZIER_KNOTS.);
#5518 = CARTESIAN_POINT('',(-2.399999999625E-06,-2.5));
#5519 = CARTESIAN_POINT('',(5.0000024,-2.5));
#5520 = ( GEOMETRIC_REPRESENTATION_CONTEXT(2) 
PARAMETRIC_REPRESENTATION_CONTEXT() REPRESENTATION_CONTEXT('2D SPACE',''
  ) );
#5521 = PCURVE('',#4728,#5522);
#5522 = DEFINITIONAL_REPRESENTATION('',(#5523),#5526);
#5523 = B_SPLINE_CURVE_WITH_KNOTS('',1,(#5524,#5525),.UNSPECIFIED.,.F.,
  .F.,(2,2),(0.,5.),.PIECEWISE_BEZIER_KNOTS.);
#5524 = CARTESIAN_POINT('',(7.853981633974,0.));
#5525 = CARTESIAN_POINT('',(7.853981633974,5.));
#5526 = ( GEOMETRIC_REPRESENTATION_CONTEXT(2) 
PARAMETRIC_REPRESENTATION_CONTEXT() REPRESENTATION_CONTEXT('2D SPACE',''
  ) );
#5527 = ORIENTED_EDGE('',*,*,#4684,.T.);
#5528 = ORIENTED_EDGE('',*,*,#4099,.T.);
#5529 = ADVANCED_FACE('',(#5530),#4064,.F.);
#5530 = FACE_BOUND('',#5531,.F.);
#5531 = EDGE_LOOP('',(#5532,#5533,#5552,#5553));
#5532 = ORIENTED_EDGE('',*,*,#5246,.F.);
#5533 = ORIENTED_EDGE('',*,*,#5534,.F.);
#5534 = EDGE_CURVE('',#4634,#5247,#5535,.T.);
#5535 = SURFACE_CURVE('',#5536,(#5540,#5546),.PCURVE_S1.);
#5536 = LINE('',#5537,#5538);
#5537 = CARTESIAN_POINT('',(34.8,37.3,-5.));
#5538 = VECTOR('',#5539,1.);
#5539 = DIRECTION('',(0.,0.,1.));
#5540 = PCURVE('',#4064,#5541);
#5541 = DEFINITIONAL_REPRESENTATION('',(#5542),#5545);
#5542 = B_SPLINE_CURVE_WITH_KNOTS('',1,(#5543,#5544),.UNSPECIFIED.,.F.,
  .F.,(2,2),(-2.399999999625E-06,5.0000024),.PIECEWISE_BEZIER_KNOTS.);
#5543 = CARTESIAN_POINT('',(-2.399999999625E-06,-2.5));
#5544 = CARTESIAN_POINT('',(5.0000024,-2.5));
#5545 = ( GEOMETRIC_REPRESENTATION_CONTEXT(2) 
PARAMETRIC_REPRESENTATION_CONTEXT() REPRESENTATION_CONTEXT('2D SPACE',''
  ) );
#5546 = PCURVE('',#4650,#5547);
#5547 = DEFINITIONAL_REPRESENTATION('',(#5548),#5551);
#5548 = B_SPLINE_CURVE_WITH_KNOTS('',1,(#5549,#5550),.UNSPECIFIED.,.F.,
  .F.,(2,2),(-2.399999999625E-06,5.0000024),.PIECEWISE_BEZIER_KNOTS.);
#5549 = CARTESIAN_POINT('',(1.570796326795,-2.399999999625E-06));
#5550 = CARTESIAN_POINT('',(1.570796326795,5.0000024));
#5551 = ( GEOMETRIC_REPRESENTATION_CONTEXT(2) 
PARAMETRIC_REPRESENTATION_CONTEXT() REPRESENTATION_CONTEXT('2D SPACE',''
  ) );
#5552 = ORIENTED_EDGE('',*,*,#4662,.T.);
#5553 = ORIENTED_EDGE('',*,*,#4048,.T.);
#5554 = ADVANCED_FACE('',(#5555),#4271,.F.);
#5555 = FACE_BOUND('',#5556,.F.);
#5556 = EDGE_LOOP('',(#5557,#5558,#5559,#5560));
#5557 = ORIENTED_EDGE('',*,*,#4740,.F.);
#5558 = ORIENTED_EDGE('',*,*,#4255,.T.);
#5559 = ORIENTED_EDGE('',*,*,#5406,.T.);
#5560 = ORIENTED_EDGE('',*,*,#5561,.F.);
#5561 = EDGE_CURVE('',#4708,#5407,#5562,.T.);
#5562 = SURFACE_CURVE('',#5563,(#5567,#5573),.PCURVE_S1.);
#5563 = LINE('',#5564,#5565);
#5564 = CARTESIAN_POINT('',(-0.3,34.8,-5.));
#5565 = VECTOR('',#5566,1.);
#5566 = DIRECTION('',(0.,0.,1.));
#5567 = PCURVE('',#4271,#5568);
#5568 = DEFINITIONAL_REPRESENTATION('',(#5569),#5572);
#5569 = B_SPLINE_CURVE_WITH_KNOTS('',1,(#5570,#5571),.UNSPECIFIED.,.F.,
  .F.,(2,2),(-2.399999999625E-06,5.0000024),.PIECEWISE_BEZIER_KNOTS.);
#5570 = CARTESIAN_POINT('',(-2.399999999625E-06,1.2));
#5571 = CARTESIAN_POINT('',(5.0000024,1.2));
#5572 = ( GEOMETRIC_REPRESENTATION_CONTEXT(2) 
PARAMETRIC_REPRESENTATION_CONTEXT() REPRESENTATION_CONTEXT('2D SPACE',''
  ) );
#5573 = PCURVE('',#4728,#5574);
#5574 = DEFINITIONAL_REPRESENTATION('',(#5575),#5578);
#5575 = B_SPLINE_CURVE_WITH_KNOTS('',1,(#5576,#5577),.UNSPECIFIED.,.F.,
  .F.,(2,2),(0.,5.),.PIECEWISE_BEZIER_KNOTS.);
#5576 = CARTESIAN_POINT('',(3.14159265359,0.));
#5577 = CARTESIAN_POINT('',(3.14159265359,5.));
#5578 = ( GEOMETRIC_REPRESENTATION_CONTEXT(2) 
PARAMETRIC_REPRESENTATION_CONTEXT() REPRESENTATION_CONTEXT('2D SPACE',''
  ) );
#5579 = ADVANCED_FACE('',(#5580),#4220,.T.);
#5580 = FACE_BOUND('',#5581,.T.);
#5581 = EDGE_LOOP('',(#5582,#5583,#5584,#5585));
#5582 = ORIENTED_EDGE('',*,*,#4762,.F.);
#5583 = ORIENTED_EDGE('',*,*,#4204,.T.);
#5584 = ORIENTED_EDGE('',*,*,#4968,.T.);
#5585 = ORIENTED_EDGE('',*,*,#5586,.F.);
#5586 = EDGE_CURVE('',#4763,#4969,#5587,.T.);
#5587 = SURFACE_CURVE('',#5588,(#5592,#5598),.PCURVE_S1.);
#5588 = LINE('',#5589,#5590);
#5589 = CARTESIAN_POINT('',(-0.3,2.2,-5.));
#5590 = VECTOR('',#5591,1.);
#5591 = DIRECTION('',(0.,0.,1.));
#5592 = PCURVE('',#4220,#5593);
#5593 = DEFINITIONAL_REPRESENTATION('',(#5594),#5597);
#5594 = B_SPLINE_CURVE_WITH_KNOTS('',1,(#5595,#5596),.UNSPECIFIED.,.F.,
  .F.,(2,2),(-2.399999999625E-06,5.0000024),.PIECEWISE_BEZIER_KNOTS.);
#5595 = CARTESIAN_POINT('',(-2.399999999625E-06,1.2));
#5596 = CARTESIAN_POINT('',(5.0000024,1.2));
#5597 = ( GEOMETRIC_REPRESENTATION_CONTEXT(2) 
PARAMETRIC_REPRESENTATION_CONTEXT() REPRESENTATION_CONTEXT('2D SPACE',''
  ) );
#5598 = PCURVE('',#4806,#5599);
#5599 = DEFINITIONAL_REPRESENTATION('',(#5600),#5603);
#5600 = B_SPLINE_CURVE_WITH_KNOTS('',1,(#5601,#5602),.UNSPECIFIED.,.F.,
  .F.,(2,2),(0.,5.),.PIECEWISE_BEZIER_KNOTS.);
#5601 = CARTESIAN_POINT('',(9.424777960769,0.));
#5602 = CARTESIAN_POINT('',(9.424777960769,5.));
#5603 = ( GEOMETRIC_REPRESENTATION_CONTEXT(2) 
PARAMETRIC_REPRESENTATION_CONTEXT() REPRESENTATION_CONTEXT('2D SPACE',''
  ) );
#5604 = ADVANCED_FACE('',(#5605),#4377,.F.);
#5605 = FACE_BOUND('',#5606,.F.);
#5606 = EDGE_LOOP('',(#5607,#5608,#5609,#5610));
#5607 = ORIENTED_EDGE('',*,*,#4841,.F.);
#5608 = ORIENTED_EDGE('',*,*,#4363,.T.);
#5609 = ORIENTED_EDGE('',*,*,#4437,.T.);
#5610 = ORIENTED_EDGE('',*,*,#5075,.F.);
#5611 = ADVANCED_FACE('',(#5612),#4806,.T.);
#5612 = FACE_BOUND('',#5613,.T.);
#5613 = EDGE_LOOP('',(#5614,#5615,#5616,#5617));
#5614 = ORIENTED_EDGE('',*,*,#4785,.F.);
#5615 = ORIENTED_EDGE('',*,*,#5586,.T.);
#5616 = ORIENTED_EDGE('',*,*,#5016,.F.);
#5617 = ORIENTED_EDGE('',*,*,#5095,.F.);
#5618 = ADVANCED_FACE('',(#5619),#4728,.T.);
#5619 = FACE_BOUND('',#5620,.T.);
#5620 = EDGE_LOOP('',(#5621,#5622,#5623,#5624));
#5621 = ORIENTED_EDGE('',*,*,#4707,.F.);
#5622 = ORIENTED_EDGE('',*,*,#5509,.T.);
#5623 = ORIENTED_EDGE('',*,*,#5429,.F.);
#5624 = ORIENTED_EDGE('',*,*,#5561,.F.);
#5625 = ADVANCED_FACE('',(#5626),#4650,.T.);
#5626 = FACE_BOUND('',#5627,.T.);
#5627 = EDGE_LOOP('',(#5628,#5629,#5630,#5631));
#5628 = ORIENTED_EDGE('',*,*,#5351,.T.);
#5629 = ORIENTED_EDGE('',*,*,#5269,.F.);
#5630 = ORIENTED_EDGE('',*,*,#5534,.F.);
#5631 = ORIENTED_EDGE('',*,*,#4633,.T.);
#5632 = ADVANCED_FACE('',(#5633),#4576,.T.);
#5633 = FACE_BOUND('',#5634,.T.);
#5634 = EDGE_LOOP('',(#5635,#5636,#5637,#5638));
#5635 = ORIENTED_EDGE('',*,*,#5190,.F.);
#5636 = ORIENTED_EDGE('',*,*,#5378,.F.);
#5637 = ORIENTED_EDGE('',*,*,#4559,.T.);
#5638 = ORIENTED_EDGE('',*,*,#5142,.T.);
#5639 = ADVANCED_FACE('',(#5640),#4953,.F.);
#5640 = FACE_BOUND('',#5641,.F.);
#5641 = EDGE_LOOP('',(#5642,#5665,#5692,#5693));
#5642 = ORIENTED_EDGE('',*,*,#5643,.T.);
#5643 = EDGE_CURVE('',#4937,#5644,#5646,.T.);
#5644 = VERTEX_POINT('',#5645);
#5645 = CARTESIAN_POINT('',(22.5,18.5,-6.4));
#5646 = SEAM_CURVE('',#5647,(#5651,#5658),.PCURVE_S1.);
#5647 = LINE('',#5648,#5649);
#5648 = CARTESIAN_POINT('',(22.5,18.5,-19.91));
#5649 = VECTOR('',#5650,1.);
#5650 = DIRECTION('',(0.,0.,1.));
#5651 = PCURVE('',#4953,#5652);
#5652 = DEFINITIONAL_REPRESENTATION('',(#5653),#5657);
#5653 = LINE('',#5654,#5655);
#5654 = CARTESIAN_POINT('',(6.28318530718,-0.));
#5655 = VECTOR('',#5656,1.);
#5656 = DIRECTION('',(0.,1.));
#5657 = ( GEOMETRIC_REPRESENTATION_CONTEXT(2) 
PARAMETRIC_REPRESENTATION_CONTEXT() REPRESENTATION_CONTEXT('2D SPACE',''
  ) );
#5658 = PCURVE('',#4953,#5659);
#5659 = DEFINITIONAL_REPRESENTATION('',(#5660),#5664);
#5660 = LINE('',#5661,#5662);
#5661 = CARTESIAN_POINT('',(0.,-0.));
#5662 = VECTOR('',#5663,1.);
#5663 = DIRECTION('',(0.,1.));
#5664 = ( GEOMETRIC_REPRESENTATION_CONTEXT(2) 
PARAMETRIC_REPRESENTATION_CONTEXT() REPRESENTATION_CONTEXT('2D SPACE',''
  ) );
#5665 = ORIENTED_EDGE('',*,*,#5666,.F.);
#5666 = EDGE_CURVE('',#5644,#5644,#5667,.T.);
#5667 = SURFACE_CURVE('',#5668,(#5673,#5680),.PCURVE_S1.);
#5668 = CIRCLE('',#5669,4.);
#5669 = AXIS2_PLACEMENT_3D('',#5670,#5671,#5672);
#5670 = CARTESIAN_POINT('',(18.5,18.5,-6.4));
#5671 = DIRECTION('',(0.,0.,1.));
#5672 = DIRECTION('',(1.,0.,-0.));
#5673 = PCURVE('',#4953,#5674);
#5674 = DEFINITIONAL_REPRESENTATION('',(#5675),#5679);
#5675 = LINE('',#5676,#5677);
#5676 = CARTESIAN_POINT('',(0.,13.51));
#5677 = VECTOR('',#5678,1.);
#5678 = DIRECTION('',(1.,0.));
#5679 = ( GEOMETRIC_REPRESENTATION_CONTEXT(2) 
PARAMETRIC_REPRESENTATION_CONTEXT() REPRESENTATION_CONTEXT('2D SPACE',''
  ) );
#5680 = PCURVE('',#5681,#5686);
#5681 = PLANE('',#5682);
#5682 = AXIS2_PLACEMENT_3D('',#5683,#5684,#5685);
#5683 = CARTESIAN_POINT('',(18.5,18.5,-6.4));
#5684 = DIRECTION('',(0.,0.,1.));
#5685 = DIRECTION('',(1.,0.,-0.));
#5686 = DEFINITIONAL_REPRESENTATION('',(#5687),#5691);
#5687 = CIRCLE('',#5688,4.);
#5688 = AXIS2_PLACEMENT_2D('',#5689,#5690);
#5689 = CARTESIAN_POINT('',(0.,0.));
#5690 = DIRECTION('',(1.,0.));
#5691 = ( GEOMETRIC_REPRESENTATION_CONTEXT(2) 
PARAMETRIC_REPRESENTATION_CONTEXT() REPRESENTATION_CONTEXT('2D SPACE',''
  ) );
#5692 = ORIENTED_EDGE('',*,*,#5643,.F.);
#5693 = ORIENTED_EDGE('',*,*,#4936,.T.);
#5694 = ADVANCED_FACE('',(#5695),#5057,.F.);
#5695 = FACE_BOUND('',#5696,.F.);
#5696 = EDGE_LOOP('',(#5697,#5698,#5721,#5748));
#5697 = ORIENTED_EDGE('',*,*,#5040,.F.);
#5698 = ORIENTED_EDGE('',*,*,#5699,.F.);
#5699 = EDGE_CURVE('',#5700,#5041,#5702,.T.);
#5700 = VERTEX_POINT('',#5701);
#5701 = CARTESIAN_POINT('',(3.05,2.2,-6.));
#5702 = SEAM_CURVE('',#5703,(#5707,#5714),.PCURVE_S1.);
#5703 = LINE('',#5704,#5705);
#5704 = CARTESIAN_POINT('',(3.05,2.2,-6.));
#5705 = VECTOR('',#5706,1.);
#5706 = DIRECTION('',(0.,0.,1.));
#5707 = PCURVE('',#5057,#5708);
#5708 = DEFINITIONAL_REPRESENTATION('',(#5709),#5713);
#5709 = LINE('',#5710,#5711);
#5710 = CARTESIAN_POINT('',(6.28318530718,-0.));
#5711 = VECTOR('',#5712,1.);
#5712 = DIRECTION('',(0.,1.));
#5713 = ( GEOMETRIC_REPRESENTATION_CONTEXT(2) 
PARAMETRIC_REPRESENTATION_CONTEXT() REPRESENTATION_CONTEXT('2D SPACE',''
  ) );
#5714 = PCURVE('',#5057,#5715);
#5715 = DEFINITIONAL_REPRESENTATION('',(#5716),#5720);
#5716 = LINE('',#5717,#5718);
#5717 = CARTESIAN_POINT('',(0.,-0.));
#5718 = VECTOR('',#5719,1.);
#5719 = DIRECTION('',(0.,1.));
#5720 = ( GEOMETRIC_REPRESENTATION_CONTEXT(2) 
PARAMETRIC_REPRESENTATION_CONTEXT() REPRESENTATION_CONTEXT('2D SPACE',''
  ) );
#5721 = ORIENTED_EDGE('',*,*,#5722,.T.);
#5722 = EDGE_CURVE('',#5700,#5700,#5723,.T.);
#5723 = SURFACE_CURVE('',#5724,(#5729,#5736),.PCURVE_S1.);
#5724 = CIRCLE('',#5725,0.85);
#5725 = AXIS2_PLACEMENT_3D('',#5726,#5727,#5728);
#5726 = CARTESIAN_POINT('',(2.2,2.2,-6.));
#5727 = DIRECTION('',(0.,0.,1.));
#5728 = DIRECTION('',(1.,0.,-0.));
#5729 = PCURVE('',#5057,#5730);
#5730 = DEFINITIONAL_REPRESENTATION('',(#5731),#5735);
#5731 = LINE('',#5732,#5733);
#5732 = CARTESIAN_POINT('',(0.,0.));
#5733 = VECTOR('',#5734,1.);
#5734 = DIRECTION('',(1.,0.));
#5735 = ( GEOMETRIC_REPRESENTATION_CONTEXT(2) 
PARAMETRIC_REPRESENTATION_CONTEXT() REPRESENTATION_CONTEXT('2D SPACE',''
  ) );
#5736 = PCURVE('',#5737,#5742);
#5737 = PLANE('',#5738);
#5738 = AXIS2_PLACEMENT_3D('',#5739,#5740,#5741);
#5739 = CARTESIAN_POINT('',(2.2,2.2,-6.));
#5740 = DIRECTION('',(0.,0.,1.));
#5741 = DIRECTION('',(1.,0.,-0.));
#5742 = DEFINITIONAL_REPRESENTATION('',(#5743),#5747);
#5743 = CIRCLE('',#5744,0.85);
#5744 = AXIS2_PLACEMENT_2D('',#5745,#5746);
#5745 = CARTESIAN_POINT('',(0.,0.));
#5746 = DIRECTION('',(1.,0.));
#5747 = ( GEOMETRIC_REPRESENTATION_CONTEXT(2) 
PARAMETRIC_REPRESENTATION_CONTEXT() REPRESENTATION_CONTEXT('2D SPACE',''
  ) );
#5748 = ORIENTED_EDGE('',*,*,#5699,.T.);
#5749 = ADVANCED_FACE('',(#5750),#5231,.F.);
#5750 = FACE_BOUND('',#5751,.F.);
#5751 = EDGE_LOOP('',(#5752,#5753,#5776,#5803));
#5752 = ORIENTED_EDGE('',*,*,#5214,.F.);
#5753 = ORIENTED_EDGE('',*,*,#5754,.F.);
#5754 = EDGE_CURVE('',#5755,#5215,#5757,.T.);
#5755 = VERTEX_POINT('',#5756);
#5756 = CARTESIAN_POINT('',(35.65,2.2,-6.));
#5757 = SEAM_CURVE('',#5758,(#5762,#5769),.PCURVE_S1.);
#5758 = LINE('',#5759,#5760);
#5759 = CARTESIAN_POINT('',(35.65,2.2,-6.));
#5760 = VECTOR('',#5761,1.);
#5761 = DIRECTION('',(0.,0.,1.));
#5762 = PCURVE('',#5231,#5763);
#5763 = DEFINITIONAL_REPRESENTATION('',(#5764),#5768);
#5764 = LINE('',#5765,#5766);
#5765 = CARTESIAN_POINT('',(6.28318530718,-0.));
#5766 = VECTOR('',#5767,1.);
#5767 = DIRECTION('',(0.,1.));
#5768 = ( GEOMETRIC_REPRESENTATION_CONTEXT(2) 
PARAMETRIC_REPRESENTATION_CONTEXT() REPRESENTATION_CONTEXT('2D SPACE',''
  ) );
#5769 = PCURVE('',#5231,#5770);
#5770 = DEFINITIONAL_REPRESENTATION('',(#5771),#5775);
#5771 = LINE('',#5772,#5773);
#5772 = CARTESIAN_POINT('',(0.,-0.));
#5773 = VECTOR('',#5774,1.);
#5774 = DIRECTION('',(0.,1.));
#5775 = ( GEOMETRIC_REPRESENTATION_CONTEXT(2) 
PARAMETRIC_REPRESENTATION_CONTEXT() REPRESENTATION_CONTEXT('2D SPACE',''
  ) );
#5776 = ORIENTED_EDGE('',*,*,#5777,.T.);
#5777 = EDGE_CURVE('',#5755,#5755,#5778,.T.);
#5778 = SURFACE_CURVE('',#5779,(#5784,#5791),.PCURVE_S1.);
#5779 = CIRCLE('',#5780,0.85);
#5780 = AXIS2_PLACEMENT_3D('',#5781,#5782,#5783);
#5781 = CARTESIAN_POINT('',(34.8,2.2,-6.));
#5782 = DIRECTION('',(0.,0.,1.));
#5783 = DIRECTION('',(1.,0.,-0.));
#5784 = PCURVE('',#5231,#5785);
#5785 = DEFINITIONAL_REPRESENTATION('',(#5786),#5790);
#5786 = LINE('',#5787,#5788);
#5787 = CARTESIAN_POINT('',(0.,0.));
#5788 = VECTOR('',#5789,1.);
#5789 = DIRECTION('',(1.,0.));
#5790 = ( GEOMETRIC_REPRESENTATION_CONTEXT(2) 
PARAMETRIC_REPRESENTATION_CONTEXT() REPRESENTATION_CONTEXT('2D SPACE',''
  ) );
#5791 = PCURVE('',#5792,#5797);
#5792 = PLANE('',#5793);
#5793 = AXIS2_PLACEMENT_3D('',#5794,#5795,#5796);
#5794 = CARTESIAN_POINT('',(34.8,2.2,-6.));
#5795 = DIRECTION('',(0.,0.,1.));
#5796 = DIRECTION('',(1.,0.,-0.));
#5797 = DEFINITIONAL_REPRESENTATION('',(#5798),#5802);
#5798 = CIRCLE('',#5799,0.85);
#5799 = AXIS2_PLACEMENT_2D('',#5800,#5801);
#5800 = CARTESIAN_POINT('',(0.,0.));
#5801 = DIRECTION('',(1.,0.));
#5802 = ( GEOMETRIC_REPRESENTATION_CONTEXT(2) 
PARAMETRIC_REPRESENTATION_CONTEXT() REPRESENTATION_CONTEXT('2D SPACE',''
  ) );
#5803 = ORIENTED_EDGE('',*,*,#5754,.T.);
#5804 = ADVANCED_FACE('',(#5805),#5335,.F.);
#5805 = FACE_BOUND('',#5806,.F.);
#5806 = EDGE_LOOP('',(#5807,#5808,#5831,#5858));
#5807 = ORIENTED_EDGE('',*,*,#5318,.F.);
#5808 = ORIENTED_EDGE('',*,*,#5809,.F.);
#5809 = EDGE_CURVE('',#5810,#5319,#5812,.T.);
#5810 = VERTEX_POINT('',#5811);
#5811 = CARTESIAN_POINT('',(35.65,34.8,-6.));
#5812 = SEAM_CURVE('',#5813,(#5817,#5824),.PCURVE_S1.);
#5813 = LINE('',#5814,#5815);
#5814 = CARTESIAN_POINT('',(35.65,34.8,-6.));
#5815 = VECTOR('',#5816,1.);
#5816 = DIRECTION('',(0.,0.,1.));
#5817 = PCURVE('',#5335,#5818);
#5818 = DEFINITIONAL_REPRESENTATION('',(#5819),#5823);
#5819 = LINE('',#5820,#5821);
#5820 = CARTESIAN_POINT('',(6.28318530718,-0.));
#5821 = VECTOR('',#5822,1.);
#5822 = DIRECTION('',(0.,1.));
#5823 = ( GEOMETRIC_REPRESENTATION_CONTEXT(2) 
PARAMETRIC_REPRESENTATION_CONTEXT() REPRESENTATION_CONTEXT('2D SPACE',''
  ) );
#5824 = PCURVE('',#5335,#5825);
#5825 = DEFINITIONAL_REPRESENTATION('',(#5826),#5830);
#5826 = LINE('',#5827,#5828);
#5827 = CARTESIAN_POINT('',(0.,-0.));
#5828 = VECTOR('',#5829,1.);
#5829 = DIRECTION('',(0.,1.));
#5830 = ( GEOMETRIC_REPRESENTATION_CONTEXT(2) 
PARAMETRIC_REPRESENTATION_CONTEXT() REPRESENTATION_CONTEXT('2D SPACE',''
  ) );
#5831 = ORIENTED_EDGE('',*,*,#5832,.T.);
#5832 = EDGE_CURVE('',#5810,#5810,#5833,.T.);
#5833 = SURFACE_CURVE('',#5834,(#5839,#5846),.PCURVE_S1.);
#5834 = CIRCLE('',#5835,0.85);
#5835 = AXIS2_PLACEMENT_3D('',#5836,#5837,#5838);
#5836 = CARTESIAN_POINT('',(34.8,34.8,-6.));
#5837 = DIRECTION('',(0.,0.,1.));
#5838 = DIRECTION('',(1.,0.,-0.));
#5839 = PCURVE('',#5335,#5840);
#5840 = DEFINITIONAL_REPRESENTATION('',(#5841),#5845);
#5841 = LINE('',#5842,#5843);
#5842 = CARTESIAN_POINT('',(0.,0.));
#5843 = VECTOR('',#5844,1.);
#5844 = DIRECTION('',(1.,0.));
#5845 = ( GEOMETRIC_REPRESENTATION_CONTEXT(2) 
PARAMETRIC_REPRESENTATION_CONTEXT() REPRESENTATION_CONTEXT('2D SPACE',''
  ) );
#5846 = PCURVE('',#5847,#5852);
#5847 = PLANE('',#5848);
#5848 = AXIS2_PLACEMENT_3D('',#5849,#5850,#5851);
#5849 = CARTESIAN_POINT('',(34.8,34.8,-6.));
#5850 = DIRECTION('',(0.,0.,1.));
#5851 = DIRECTION('',(1.,0.,-0.));
#5852 = DEFINITIONAL_REPRESENTATION('',(#5853),#5857);
#5853 = CIRCLE('',#5854,0.85);
#5854 = AXIS2_PLACEMENT_2D('',#5855,#5856);
#5855 = CARTESIAN_POINT('',(0.,0.));
#5856 = DIRECTION('',(1.,0.));
#5857 = ( GEOMETRIC_REPRESENTATION_CONTEXT(2) 
PARAMETRIC_REPRESENTATION_CONTEXT() REPRESENTATION_CONTEXT('2D SPACE',''
  ) );
#5858 = ORIENTED_EDGE('',*,*,#5809,.T.);
#5859 = ADVANCED_FACE('',(#5860),#5493,.F.);
#5860 = FACE_BOUND('',#5861,.F.);
#5861 = EDGE_LOOP('',(#5862,#5863,#5886,#5913));
#5862 = ORIENTED_EDGE('',*,*,#5476,.F.);
#5863 = ORIENTED_EDGE('',*,*,#5864,.F.);
#5864 = EDGE_CURVE('',#5865,#5477,#5867,.T.);
#5865 = VERTEX_POINT('',#5866);
#5866 = CARTESIAN_POINT('',(3.05,34.8,-6.));
#5867 = SEAM_CURVE('',#5868,(#5872,#5879),.PCURVE_S1.);
#5868 = LINE('',#5869,#5870);
#5869 = CARTESIAN_POINT('',(3.05,34.8,-6.));
#5870 = VECTOR('',#5871,1.);
#5871 = DIRECTION('',(0.,0.,1.));
#5872 = PCURVE('',#5493,#5873);
#5873 = DEFINITIONAL_REPRESENTATION('',(#5874),#5878);
#5874 = LINE('',#5875,#5876);
#5875 = CARTESIAN_POINT('',(6.28318530718,-0.));
#5876 = VECTOR('',#5877,1.);
#5877 = DIRECTION('',(0.,1.));
#5878 = ( GEOMETRIC_REPRESENTATION_CONTEXT(2) 
PARAMETRIC_REPRESENTATION_CONTEXT() REPRESENTATION_CONTEXT('2D SPACE',''
  ) );
#5879 = PCURVE('',#5493,#5880);
#5880 = DEFINITIONAL_REPRESENTATION('',(#5881),#5885);
#5881 = LINE('',#5882,#5883);
#5882 = CARTESIAN_POINT('',(0.,-0.));
#5883 = VECTOR('',#5884,1.);
#5884 = DIRECTION('',(0.,1.));
#5885 = ( GEOMETRIC_REPRESENTATION_CONTEXT(2) 
PARAMETRIC_REPRESENTATION_CONTEXT() REPRESENTATION_CONTEXT('2D SPACE',''
  ) );
#5886 = ORIENTED_EDGE('',*,*,#5887,.T.);
#5887 = EDGE_CURVE('',#5865,#5865,#5888,.T.);
#5888 = SURFACE_CURVE('',#5889,(#5894,#5901),.PCURVE_S1.);
#5889 = CIRCLE('',#5890,0.85);
#5890 = AXIS2_PLACEMENT_3D('',#5891,#5892,#5893);
#5891 = CARTESIAN_POINT('',(2.2,34.8,-6.));
#5892 = DIRECTION('',(0.,0.,1.));
#5893 = DIRECTION('',(1.,0.,-0.));
#5894 = PCURVE('',#5493,#5895);
#5895 = DEFINITIONAL_REPRESENTATION('',(#5896),#5900);
#5896 = LINE('',#5897,#5898);
#5897 = CARTESIAN_POINT('',(0.,0.));
#5898 = VECTOR('',#5899,1.);
#5899 = DIRECTION('',(1.,0.));
#5900 = ( GEOMETRIC_REPRESENTATION_CONTEXT(2) 
PARAMETRIC_REPRESENTATION_CONTEXT() REPRESENTATION_CONTEXT('2D SPACE',''
  ) );
#5901 = PCURVE('',#5902,#5907);
#5902 = PLANE('',#5903);
#5903 = AXIS2_PLACEMENT_3D('',#5904,#5905,#5906);
#5904 = CARTESIAN_POINT('',(2.2,34.8,-6.));
#5905 = DIRECTION('',(0.,0.,1.));
#5906 = DIRECTION('',(1.,0.,-0.));
#5907 = DEFINITIONAL_REPRESENTATION('',(#5908),#5912);
#5908 = CIRCLE('',#5909,0.85);
#5909 = AXIS2_PLACEMENT_2D('',#5910,#5911);
#5910 = CARTESIAN_POINT('',(0.,0.));
#5911 = DIRECTION('',(1.,0.));
#5912 = ( GEOMETRIC_REPRESENTATION_CONTEXT(2) 
PARAMETRIC_REPRESENTATION_CONTEXT() REPRESENTATION_CONTEXT('2D SPACE',''
  ) );
#5913 = ORIENTED_EDGE('',*,*,#5864,.T.);
#5914 = ADVANCED_FACE('',(#5915),#5681,.F.);
#5915 = FACE_BOUND('',#5916,.F.);
#5916 = EDGE_LOOP('',(#5917));
#5917 = ORIENTED_EDGE('',*,*,#5666,.T.);
#5918 = ADVANCED_FACE('',(#5919),#5737,.T.);
#5919 = FACE_BOUND('',#5920,.F.);
#5920 = EDGE_LOOP('',(#5921));
#5921 = ORIENTED_EDGE('',*,*,#5722,.F.);
#5922 = ADVANCED_FACE('',(#5923),#5792,.T.);
#5923 = FACE_BOUND('',#5924,.F.);
#5924 = EDGE_LOOP('',(#5925));
#5925 = ORIENTED_EDGE('',*,*,#5777,.F.);
#5926 = ADVANCED_FACE('',(#5927),#5847,.T.);
#5927 = FACE_BOUND('',#5928,.F.);
#5928 = EDGE_LOOP('',(#5929));
#5929 = ORIENTED_EDGE('',*,*,#5832,.F.);
#5930 = ADVANCED_FACE('',(#5931),#5902,.T.);
#5931 = FACE_BOUND('',#5932,.F.);
#5932 = EDGE_LOOP('',(#5933));
#5933 = ORIENTED_EDGE('',*,*,#5887,.F.);
#5934 = ( GEOMETRIC_REPRESENTATION_CONTEXT(3) 
GLOBAL_UNCERTAINTY_ASSIGNED_CONTEXT((#5938)) 
GLOBAL_UNIT_ASSIGNED_CONTEXT((#5935,#5936,#5937)) REPRESENTATION_CONTEXT
('Context #1','3D Context with UNIT and UNCERTAINTY') );
#5935 = ( LENGTH_UNIT() NAMED_UNIT(*) SI_UNIT(.MILLI.,.METRE.) );
#5936 = ( NAMED_UNIT(*) PLANE_ANGLE_UNIT() SI_UNIT($,.RADIAN.) );
#5937 = ( NAMED_UNIT(*) SI_UNIT($,.STERADIAN.) SOLID_ANGLE_UNIT() );
#5938 = UNCERTAINTY_MEASURE_WITH_UNIT(LENGTH_MEASURE(2.E-05),#5935,
  'distance_accuracy_value','confusion accuracy');
#5939 = PRODUCT_RELATED_PRODUCT_CATEGORY('part',$,(#7));
#5940 = MECHANICAL_DESIGN_GEOMETRIC_PRESENTATION_REPRESENTATION('',(
    #5941),#5934);
#5941 = STYLED_ITEM('color',(#5942),#15);
#5942 = PRESENTATION_STYLE_ASSIGNMENT((#5943));
#5943 = SURFACE_STYLE_USAGE(.BOTH.,#5944);
#5944 = SURFACE_SIDE_STYLE('',(#5945));
#5945 = SURFACE_STYLE_FILL_AREA(#5946);
#5946 = FILL_AREA_STYLE('',(#5947));
#5947 = FILL_AREA_STYLE_COLOUR('',#5948);
#5948 = COLOUR_RGB('',0.250000000672,0.45000000386,0.750000000934);

#5949=DESCRIPTIVE_REPRESENTATION_ITEM('cadgen:generator','cadgen');
#5950=REPRESENTATION('cadgen:generator',(#5949),#5934);
#5951=PROPERTY_DEFINITION('cadgen metadata','cadgen:generator',#5);
#5952=PROPERTY_DEFINITION_REPRESENTATION(#5951,#5950);
#5953=DESCRIPTIVE_REPRESENTATION_ITEM('cadgen:entryKind','part');
#5954=REPRESENTATION('cadgen:entryKind',(#5953),#5934);
#5955=PROPERTY_DEFINITION('cadgen metadata','cadgen:entryKind',#5);
#5956=PROPERTY_DEFINITION_REPRESENTATION(#5955,#5954);
#5957=DESCRIPTIVE_REPRESENTATION_ITEM('cadgen:sourcePath','wsc_cam_case_body.step.py');
#5958=REPRESENTATION('cadgen:sourcePath',(#5957),#5934);
#5959=PROPERTY_DEFINITION('cadgen metadata','cadgen:sourcePath',#5);
#5960=PROPERTY_DEFINITION_REPRESENTATION(#5959,#5958);
#5961=DESCRIPTIVE_REPRESENTATION_ITEM('cadgen:sourceHash','21e8c015884893d7d962ff8281e5937bfc5f5f6af903b3df670a63eee4526165');
#5962=REPRESENTATION('cadgen:sourceHash',(#5961),#5934);
#5963=PROPERTY_DEFINITION('cadgen metadata','cadgen:sourceHash',#5);
#5964=PROPERTY_DEFINITION_REPRESENTATION(#5963,#5962);
ENDSEC;
END-ISO-10303-21;
