ISO-10303-21;
HEADER;
FILE_DESCRIPTION(('Open CASCADE Model'),'2;1');
FILE_NAME('Open CASCADE Shape Model','2026-08-28T13:50:43',('Author'),(
    'Open CASCADE'),'Open CASCADE STEP processor 7.9','Open CASCADE 7.9'
  ,'Unknown');
FILE_SCHEMA(('AUTOMOTIVE_DESIGN { 1 0 10303 214 1 1 1 1 }'));
ENDSEC;
DATA;
#1 = APPLICATION_PROTOCOL_DEFINITION('international standard',
  'automotive_design',2000,#2);
#2 = APPLICATION_CONTEXT(
  'core data for automotive mechanical design processes');
#3 = SHAPE_DEFINITION_REPRESENTATION(#4,#10);
#4 = PRODUCT_DEFINITION_SHAPE('','',#5);
#5 = PRODUCT_DEFINITION('design','',#6,#9);
#6 = PRODUCT_DEFINITION_FORMATION('','',#7);
#7 = PRODUCT('wsc_cam_case_assembly','wsc_cam_case_assembly','',(#8));
#8 = PRODUCT_CONTEXT('',#2,'mechanical');
#9 = PRODUCT_DEFINITION_CONTEXT('part definition',#2,'design');
#10 = SHAPE_REPRESENTATION('',(#11,#15,#19,#23),#27);
#11 = AXIS2_PLACEMENT_3D('',#12,#13,#14);
#12 = CARTESIAN_POINT('',(0.,0.,0.));
#13 = DIRECTION('',(0.,0.,1.));
#14 = DIRECTION('',(1.,0.,-0.));
#15 = AXIS2_PLACEMENT_3D('',#16,#17,#18);
#16 = CARTESIAN_POINT('',(0.,0.,0.));
#17 = DIRECTION('',(0.,0.,1.));
#18 = DIRECTION('',(1.,0.,-0.));
#19 = AXIS2_PLACEMENT_3D('',#20,#21,#22);
#20 = CARTESIAN_POINT('',(0.,0.,0.));
#21 = DIRECTION('',(0.,0.,1.));
#22 = DIRECTION('',(1.,0.,-0.));
#23 = AXIS2_PLACEMENT_3D('',#24,#25,#26);
#24 = CARTESIAN_POINT('',(0.,0.,0.));
#25 = DIRECTION('',(0.,0.,1.));
#26 = DIRECTION('',(1.,0.,-0.));
#27 = ( GEOMETRIC_REPRESENTATION_CONTEXT(3) 
GLOBAL_UNCERTAINTY_ASSIGNED_CONTEXT((#31)) GLOBAL_UNIT_ASSIGNED_CONTEXT(
(#28,#29,#30)) REPRESENTATION_CONTEXT('Context #1',
  '3D Context with UNIT and UNCERTAINTY') );
#28 = ( LENGTH_UNIT() NAMED_UNIT(*) SI_UNIT(.MILLI.,.METRE.) );
#29 = ( NAMED_UNIT(*) PLANE_ANGLE_UNIT() SI_UNIT($,.RADIAN.) );
#30 = ( NAMED_UNIT(*) SI_UNIT($,.STERADIAN.) SOLID_ANGLE_UNIT() );
#31 = UNCERTAINTY_MEASURE_WITH_UNIT(LENGTH_MEASURE(1.E-05),#28,
  'distance_accuracy_value','confusion accuracy');
#32 = PRODUCT_RELATED_PRODUCT_CATEGORY('part',$,(#7));
#33 = SHAPE_DEFINITION_REPRESENTATION(#34,#40);
#34 = PRODUCT_DEFINITION_SHAPE('','',#35);
#35 = PRODUCT_DEFINITION('design','',#36,#39);
#36 = PRODUCT_DEFINITION_FORMATION('','',#37);
#37 = PRODUCT('wsc_cam_case_body','wsc_cam_case_body','',(#38));
#38 = PRODUCT_CONTEXT('',#2,'mechanical');
#39 = PRODUCT_DEFINITION_CONTEXT('part definition',#2,'design');
#40 = ADVANCED_BREP_SHAPE_REPRESENTATION('',(#11,#41),#5960);
#41 = MANIFOLD_SOLID_BREP('',#42);
#42 = CLOSED_SHELL('',(#43,#163,#287,#373,#459,#553,#620,#687,#916,#984,
    #1056,#1124,#1196,#1272,#1325,#1501,#1554,#1616,#1665,#1714,#1813,
    #1862,#1912,#2006,#2073,#2121,#2288,#2355,#2403,#2645,#2734,#2759,
    #2821,#2848,#2961,#2986,#3048,#3157,#3204,#3262,#3287,#3312,#3357,
    #3364,#3419,#3477,#3502,#3527,#3572,#3579,#3890,#4046,#4202,#4331,
    #4338,#4414,#4483,#4510,#4887,#4894,#4921,#4948,#4955,#4990,#5094,
    #5139,#5186,#5268,#5372,#5399,#5426,#5530,#5555,#5580,#5605,#5630,
    #5637,#5644,#5651,#5658,#5665,#5720,#5775,#5830,#5885,#5940,#5944,
    #5948,#5952,#5956));
#43 = ADVANCED_FACE('',(#44),#58,.T.);
#44 = FACE_BOUND('',#45,.T.);
#45 = EDGE_LOOP('',(#46,#81,#109,#137));
#46 = ORIENTED_EDGE('',*,*,#47,.T.);
#47 = EDGE_CURVE('',#48,#50,#52,.T.);
#48 = VERTEX_POINT('',#49);
#49 = CARTESIAN_POINT('',(-3.9,-0.9,-4.4));
#50 = VERTEX_POINT('',#51);
#51 = CARTESIAN_POINT('',(-3.9,-0.9,7.));
#52 = SURFACE_CURVE('',#53,(#57,#69),.PCURVE_S1.);
#53 = LINE('',#54,#55);
#54 = CARTESIAN_POINT('',(-3.9,-0.9,-7.4));
#55 = VECTOR('',#56,1.);
#56 = DIRECTION('',(0.,0.,1.));
#57 = PCURVE('',#58,#63);
#58 = PLANE('',#59);
#59 = AXIS2_PLACEMENT_3D('',#60,#61,#62);
#60 = CARTESIAN_POINT('',(-3.9,-0.9,-7.4));
#61 = DIRECTION('',(-1.,0.,0.));
#62 = DIRECTION('',(0.,1.,0.));
#63 = DEFINITIONAL_REPRESENTATION('',(#64),#68);
#64 = LINE('',#65,#66);
#65 = CARTESIAN_POINT('',(0.,0.));
#66 = VECTOR('',#67,1.);
#67 = DIRECTION('',(0.,-1.));
#68 = ( GEOMETRIC_REPRESENTATION_CONTEXT(2) 
PARAMETRIC_REPRESENTATION_CONTEXT() REPRESENTATION_CONTEXT('2D SPACE',''
  ) );
#69 = PCURVE('',#70,#75);
#70 = CYLINDRICAL_SURFACE('',#71,3.);
#71 = AXIS2_PLACEMENT_3D('',#72,#73,#74);
#72 = CARTESIAN_POINT('',(-0.9,-0.9,-7.4));
#73 = DIRECTION('',(-0.,-0.,-1.));
#74 = DIRECTION('',(1.,0.,0.));
#75 = DEFINITIONAL_REPRESENTATION('',(#76),#80);
#76 = LINE('',#77,#78);
#77 = CARTESIAN_POINT('',(-3.14159265359,0.));
#78 = VECTOR('',#79,1.);
#79 = DIRECTION('',(-0.,-1.));
#80 = ( GEOMETRIC_REPRESENTATION_CONTEXT(2) 
PARAMETRIC_REPRESENTATION_CONTEXT() REPRESENTATION_CONTEXT('2D SPACE',''
  ) );
#81 = ORIENTED_EDGE('',*,*,#82,.F.);
#82 = EDGE_CURVE('',#83,#50,#85,.T.);
#83 = VERTEX_POINT('',#84);
#84 = CARTESIAN_POINT('',(-3.9,37.899999995838,7.));
#85 = SURFACE_CURVE('',#86,(#90,#97),.PCURVE_S1.);
#86 = LINE('',#87,#88);
#87 = CARTESIAN_POINT('',(-3.9,37.899999995838,7.));
#88 = VECTOR('',#89,1.);
#89 = DIRECTION('',(-0.,-1.,-0.));
#90 = PCURVE('',#58,#91);
#91 = DEFINITIONAL_REPRESENTATION('',(#92),#96);
#92 = LINE('',#93,#94);
#93 = CARTESIAN_POINT('',(38.799999995839,-14.4));
#94 = VECTOR('',#95,1.);
#95 = DIRECTION('',(-1.,0.));
#96 = ( GEOMETRIC_REPRESENTATION_CONTEXT(2) 
PARAMETRIC_REPRESENTATION_CONTEXT() REPRESENTATION_CONTEXT('2D SPACE',''
  ) );
#97 = PCURVE('',#98,#103);
#98 = PLANE('',#99);
#99 = AXIS2_PLACEMENT_3D('',#100,#101,#102);
#100 = CARTESIAN_POINT('',(-3.36966991411,37.899999995838,8.28033008589)
  );
#101 = DIRECTION('',(0.923879532511,0.,-0.382683432365));
#102 = DIRECTION('',(-0.,1.,0.));
#103 = DEFINITIONAL_REPRESENTATION('',(#104),#108);
#104 = LINE('',#105,#106);
#105 = CARTESIAN_POINT('',(-0.,-1.385819298767));
#106 = VECTOR('',#107,1.);
#107 = DIRECTION('',(-1.,0.));
#108 = ( GEOMETRIC_REPRESENTATION_CONTEXT(2) 
PARAMETRIC_REPRESENTATION_CONTEXT() REPRESENTATION_CONTEXT('2D SPACE',''
  ) );
#109 = ORIENTED_EDGE('',*,*,#110,.F.);
#110 = EDGE_CURVE('',#111,#83,#113,.T.);
#111 = VERTEX_POINT('',#112);
#112 = CARTESIAN_POINT('',(-3.9,37.899999995838,-4.4));
#113 = SURFACE_CURVE('',#114,(#118,#125),.PCURVE_S1.);
#114 = LINE('',#115,#116);
#115 = CARTESIAN_POINT('',(-3.9,37.899999995838,-7.4));
#116 = VECTOR('',#117,1.);
#117 = DIRECTION('',(0.,0.,1.));
#118 = PCURVE('',#58,#119);
#119 = DEFINITIONAL_REPRESENTATION('',(#120),#124);
#120 = LINE('',#121,#122);
#121 = CARTESIAN_POINT('',(38.799999995839,0.));
#122 = VECTOR('',#123,1.);
#123 = DIRECTION('',(0.,-1.));
#124 = ( GEOMETRIC_REPRESENTATION_CONTEXT(2) 
PARAMETRIC_REPRESENTATION_CONTEXT() REPRESENTATION_CONTEXT('2D SPACE',''
  ) );
#125 = PCURVE('',#126,#131);
#126 = CYLINDRICAL_SURFACE('',#127,3.);
#127 = AXIS2_PLACEMENT_3D('',#128,#129,#130);
#128 = CARTESIAN_POINT('',(-0.9,37.899999995838,-7.4));
#129 = DIRECTION('',(-0.,-0.,-1.));
#130 = DIRECTION('',(1.,0.,0.));
#131 = DEFINITIONAL_REPRESENTATION('',(#132),#136);
#132 = LINE('',#133,#134);
#133 = CARTESIAN_POINT('',(-3.14159265359,0.));
#134 = VECTOR('',#135,1.);
#135 = DIRECTION('',(-0.,-1.));
#136 = ( GEOMETRIC_REPRESENTATION_CONTEXT(2) 
PARAMETRIC_REPRESENTATION_CONTEXT() REPRESENTATION_CONTEXT('2D SPACE',''
  ) );
#137 = ORIENTED_EDGE('',*,*,#138,.T.);
#138 = EDGE_CURVE('',#111,#48,#139,.T.);
#139 = SURFACE_CURVE('',#140,(#144,#151),.PCURVE_S1.);
#140 = LINE('',#141,#142);
#141 = CARTESIAN_POINT('',(-3.9,37.899999995838,-4.4));
#142 = VECTOR('',#143,1.);
#143 = DIRECTION('',(-0.,-1.,-0.));
#144 = PCURVE('',#58,#145);
#145 = DEFINITIONAL_REPRESENTATION('',(#146),#150);
#146 = LINE('',#147,#148);
#147 = CARTESIAN_POINT('',(38.799999995839,-3.));
#148 = VECTOR('',#149,1.);
#149 = DIRECTION('',(-1.,0.));
#150 = ( GEOMETRIC_REPRESENTATION_CONTEXT(2) 
PARAMETRIC_REPRESENTATION_CONTEXT() REPRESENTATION_CONTEXT('2D SPACE',''
  ) );
#151 = PCURVE('',#152,#157);
#152 = PLANE('',#153);
#153 = AXIS2_PLACEMENT_3D('',#154,#155,#156);
#154 = CARTESIAN_POINT('',(-3.36966991411,37.899999995838,-5.68033008589
    ));
#155 = DIRECTION('',(-0.923879532511,0.,-0.382683432365));
#156 = DIRECTION('',(-0.,1.,0.));
#157 = DEFINITIONAL_REPRESENTATION('',(#158),#162);
#158 = LINE('',#159,#160);
#159 = CARTESIAN_POINT('',(-0.,-1.385819298767));
#160 = VECTOR('',#161,1.);
#161 = DIRECTION('',(-1.,0.));
#162 = ( GEOMETRIC_REPRESENTATION_CONTEXT(2) 
PARAMETRIC_REPRESENTATION_CONTEXT() REPRESENTATION_CONTEXT('2D SPACE',''
  ) );
#163 = ADVANCED_FACE('',(#164),#70,.T.);
#164 = FACE_BOUND('',#165,.F.);
#165 = EDGE_LOOP('',(#166,#167,#214,#242));
#166 = ORIENTED_EDGE('',*,*,#47,.T.);
#167 = ORIENTED_EDGE('',*,*,#168,.T.);
#168 = EDGE_CURVE('',#50,#169,#171,.T.);
#169 = VERTEX_POINT('',#170);
#170 = CARTESIAN_POINT('',(-0.9,-3.9,7.));
#171 = SURFACE_CURVE('',#172,(#180,#192),.PCURVE_S1.);
#172 = B_SPLINE_CURVE_WITH_KNOTS('',6,(#173,#174,#175,#176,#177,#178,
    #179),.UNSPECIFIED.,.F.,.F.,(7,7),(82.312388976224,87.024777956608),
  .PIECEWISE_BEZIER_KNOTS.);
#173 = CARTESIAN_POINT('',(-3.9,-0.9,7.));
#174 = CARTESIAN_POINT('',(-3.9,-1.68539456795,7.));
#175 = CARTESIAN_POINT('',(-3.65331885412,-2.470735425585,7.));
#176 = CARTESIAN_POINT('',(-3.159565528542,-3.159565528543,7.));
#177 = CARTESIAN_POINT('',(-2.470735425585,-3.653318854121,7.));
#178 = CARTESIAN_POINT('',(-1.68539456795,-3.9,7.));
#179 = CARTESIAN_POINT('',(-0.9,-3.9,7.));
#180 = PCURVE('',#70,#181);
#181 = DEFINITIONAL_REPRESENTATION('',(#182),#191);
#182 = B_SPLINE_CURVE_WITH_KNOTS('',7,(#183,#184,#185,#186,#187,#188,
    #189,#190),.UNSPECIFIED.,.F.,.F.,(8,8),(82.312388976224,
    87.024777956608),.PIECEWISE_BEZIER_KNOTS.);
#183 = CARTESIAN_POINT('',(-3.14159265359,-14.4));
#184 = CARTESIAN_POINT('',(-3.365991101575,-14.4));
#185 = CARTESIAN_POINT('',(-3.590373898773,-14.4));
#186 = CARTESIAN_POINT('',(-3.814838570927,-14.4));
#187 = CARTESIAN_POINT('',(-4.039143063047,-14.4));
#188 = CARTESIAN_POINT('',(-4.263607735202,-14.4));
#189 = CARTESIAN_POINT('',(-4.487990532399,-14.4));
#190 = CARTESIAN_POINT('',(-4.712388980385,-14.4));
#191 = ( GEOMETRIC_REPRESENTATION_CONTEXT(2) 
PARAMETRIC_REPRESENTATION_CONTEXT() REPRESENTATION_CONTEXT('2D SPACE',''
  ) );
#192 = PCURVE('',#193,#208);
#193 = B_SPLINE_SURFACE_WITH_KNOTS('',1,6,(
    (#194,#195,#196,#197,#198,#199,#200)
    ,(#201,#202,#203,#204,#205,#206,#207
    )),.UNSPECIFIED.,.F.,.F.,.F.,(2,2),(7,7),(0.,4.712388980385),(
    82.312388976224,87.024777956608),.PIECEWISE_BEZIER_KNOTS.);
#194 = CARTESIAN_POINT('',(-3.9,-0.9,7.));
#195 = CARTESIAN_POINT('',(-3.9,-1.68539456795,7.));
#196 = CARTESIAN_POINT('',(-3.65331885412,-2.470735425585,7.));
#197 = CARTESIAN_POINT('',(-3.159565528542,-3.159565528543,7.));
#198 = CARTESIAN_POINT('',(-2.470735425585,-3.653318854121,7.));
#199 = CARTESIAN_POINT('',(-1.68539456795,-3.9,7.));
#200 = CARTESIAN_POINT('',(-0.9,-3.9,7.));
#201 = CARTESIAN_POINT('',(-2.83933982822,-0.9,9.56066017178));
#202 = CARTESIAN_POINT('',(-2.83933982822,-1.407715655498,9.56066017178)
  );
#203 = CARTESIAN_POINT('',(-2.679873637862,-1.915396590145,9.56066017178
    ));
#204 = CARTESIAN_POINT('',(-2.360688474658,-2.360688474659,9.56066017178
    ));
#205 = CARTESIAN_POINT('',(-1.915396590144,-2.679873637862,9.56066017178
    ));
#206 = CARTESIAN_POINT('',(-1.407715655498,-2.839339828221,9.56066017178
    ));
#207 = CARTESIAN_POINT('',(-0.9,-2.839339828221,9.56066017178));
#208 = DEFINITIONAL_REPRESENTATION('',(#209),#213);
#209 = LINE('',#210,#211);
#210 = CARTESIAN_POINT('',(0.,0.));
#211 = VECTOR('',#212,1.);
#212 = DIRECTION('',(0.,1.));
#213 = ( GEOMETRIC_REPRESENTATION_CONTEXT(2) 
PARAMETRIC_REPRESENTATION_CONTEXT() REPRESENTATION_CONTEXT('2D SPACE',''
  ) );
#214 = ORIENTED_EDGE('',*,*,#215,.F.);
#215 = EDGE_CURVE('',#216,#169,#218,.T.);
#216 = VERTEX_POINT('',#217);
#217 = CARTESIAN_POINT('',(-0.9,-3.9,-4.4));
#218 = SURFACE_CURVE('',#219,(#223,#230),.PCURVE_S1.);
#219 = LINE('',#220,#221);
#220 = CARTESIAN_POINT('',(-0.9,-3.9,-7.4));
#221 = VECTOR('',#222,1.);
#222 = DIRECTION('',(0.,0.,1.));
#223 = PCURVE('',#70,#224);
#224 = DEFINITIONAL_REPRESENTATION('',(#225),#229);
#225 = LINE('',#226,#227);
#226 = CARTESIAN_POINT('',(-4.712388980385,0.));
#227 = VECTOR('',#228,1.);
#228 = DIRECTION('',(-0.,-1.));
#229 = ( GEOMETRIC_REPRESENTATION_CONTEXT(2) 
PARAMETRIC_REPRESENTATION_CONTEXT() REPRESENTATION_CONTEXT('2D SPACE',''
  ) );
#230 = PCURVE('',#231,#236);
#231 = PLANE('',#232);
#232 = AXIS2_PLACEMENT_3D('',#233,#234,#235);
#233 = CARTESIAN_POINT('',(-0.9,-3.9,-7.4));
#234 = DIRECTION('',(0.,1.,0.));
#235 = DIRECTION('',(1.,0.,0.));
#236 = DEFINITIONAL_REPRESENTATION('',(#237),#241);
#237 = LINE('',#238,#239);
#238 = CARTESIAN_POINT('',(0.,0.));
#239 = VECTOR('',#240,1.);
#240 = DIRECTION('',(0.,-1.));
#241 = ( GEOMETRIC_REPRESENTATION_CONTEXT(2) 
PARAMETRIC_REPRESENTATION_CONTEXT() REPRESENTATION_CONTEXT('2D SPACE',''
  ) );
#242 = ORIENTED_EDGE('',*,*,#243,.F.);
#243 = EDGE_CURVE('',#48,#216,#244,.T.);
#244 = SURFACE_CURVE('',#245,(#253,#265),.PCURVE_S1.);
#245 = B_SPLINE_CURVE_WITH_KNOTS('',6,(#246,#247,#248,#249,#250,#251,
    #252),.UNSPECIFIED.,.F.,.F.,(7,7),(82.312388976224,87.024777956608),
  .PIECEWISE_BEZIER_KNOTS.);
#246 = CARTESIAN_POINT('',(-3.9,-0.9,-4.4));
#247 = CARTESIAN_POINT('',(-3.9,-1.68539456795,-4.4));
#248 = CARTESIAN_POINT('',(-3.65331885412,-2.470735425585,-4.4));
#249 = CARTESIAN_POINT('',(-3.159565528542,-3.159565528543,-4.4));
#250 = CARTESIAN_POINT('',(-2.470735425585,-3.653318854121,-4.4));
#251 = CARTESIAN_POINT('',(-1.68539456795,-3.9,-4.4));
#252 = CARTESIAN_POINT('',(-0.9,-3.9,-4.4));
#253 = PCURVE('',#70,#254);
#254 = DEFINITIONAL_REPRESENTATION('',(#255),#264);
#255 = B_SPLINE_CURVE_WITH_KNOTS('',7,(#256,#257,#258,#259,#260,#261,
    #262,#263),.UNSPECIFIED.,.F.,.F.,(8,8),(82.312388976224,
    87.024777956608),.PIECEWISE_BEZIER_KNOTS.);
#256 = CARTESIAN_POINT('',(-3.14159265359,-3.));
#257 = CARTESIAN_POINT('',(-3.365991101575,-3.));
#258 = CARTESIAN_POINT('',(-3.590373898773,-3.));
#259 = CARTESIAN_POINT('',(-3.814838570927,-3.));
#260 = CARTESIAN_POINT('',(-4.039143063048,-3.));
#261 = CARTESIAN_POINT('',(-4.263607735202,-3.));
#262 = CARTESIAN_POINT('',(-4.487990532399,-3.));
#263 = CARTESIAN_POINT('',(-4.712388980385,-3.));
#264 = ( GEOMETRIC_REPRESENTATION_CONTEXT(2) 
PARAMETRIC_REPRESENTATION_CONTEXT() REPRESENTATION_CONTEXT('2D SPACE',''
  ) );
#265 = PCURVE('',#266,#281);
#266 = B_SPLINE_SURFACE_WITH_KNOTS('',1,6,(
    (#267,#268,#269,#270,#271,#272,#273)
    ,(#274,#275,#276,#277,#278,#279,#280
    )),.UNSPECIFIED.,.F.,.F.,.F.,(2,2),(7,7),(0.,4.712388980385),(
    82.312388976224,87.024777956608),.PIECEWISE_BEZIER_KNOTS.);
#267 = CARTESIAN_POINT('',(-3.9,-0.9,-4.4));
#268 = CARTESIAN_POINT('',(-3.9,-1.68539456795,-4.4));
#269 = CARTESIAN_POINT('',(-3.65331885412,-2.470735425585,-4.4));
#270 = CARTESIAN_POINT('',(-3.159565528542,-3.159565528543,-4.4));
#271 = CARTESIAN_POINT('',(-2.470735425585,-3.653318854121,-4.4));
#272 = CARTESIAN_POINT('',(-1.68539456795,-3.9,-4.4));
#273 = CARTESIAN_POINT('',(-0.9,-3.9,-4.4));
#274 = CARTESIAN_POINT('',(-2.83933982822,-0.9,-6.96066017178));
#275 = CARTESIAN_POINT('',(-2.83933982822,-1.407715655498,-6.96066017178
    ));
#276 = CARTESIAN_POINT('',(-2.679873637862,-1.915396590145,
    -6.96066017178));
#277 = CARTESIAN_POINT('',(-2.360688474658,-2.360688474659,
    -6.96066017178));
#278 = CARTESIAN_POINT('',(-1.915396590144,-2.679873637862,
    -6.96066017178));
#279 = CARTESIAN_POINT('',(-1.407715655498,-2.839339828221,
    -6.96066017178));
#280 = CARTESIAN_POINT('',(-0.9,-2.839339828221,-6.96066017178));
#281 = DEFINITIONAL_REPRESENTATION('',(#282),#286);
#282 = LINE('',#283,#284);
#283 = CARTESIAN_POINT('',(0.,0.));
#284 = VECTOR('',#285,1.);
#285 = DIRECTION('',(0.,1.));
#286 = ( GEOMETRIC_REPRESENTATION_CONTEXT(2) 
PARAMETRIC_REPRESENTATION_CONTEXT() REPRESENTATION_CONTEXT('2D SPACE',''
  ) );
#287 = ADVANCED_FACE('',(#288),#152,.T.);
#288 = FACE_BOUND('',#289,.F.);
#289 = EDGE_LOOP('',(#290,#325,#326,#347));
#290 = ORIENTED_EDGE('',*,*,#291,.F.);
#291 = EDGE_CURVE('',#111,#292,#294,.T.);
#292 = VERTEX_POINT('',#293);
#293 = CARTESIAN_POINT('',(-2.83933982822,37.899999995838,-6.96066017178
    ));
#294 = SURFACE_CURVE('',#295,(#298,#304),.PCURVE_S1.);
#295 = B_SPLINE_CURVE_WITH_KNOTS('',1,(#296,#297),.UNSPECIFIED.,.F.,.F.,
  (2,2),(0.,4.712388980385),.PIECEWISE_BEZIER_KNOTS.);
#296 = CARTESIAN_POINT('',(-3.9,37.899999995838,-4.4));
#297 = CARTESIAN_POINT('',(-2.83933982822,37.899999995838,-6.96066017178
    ));
#298 = PCURVE('',#152,#299);
#299 = DEFINITIONAL_REPRESENTATION('',(#300),#303);
#300 = B_SPLINE_CURVE_WITH_KNOTS('',1,(#301,#302),.UNSPECIFIED.,.F.,.F.,
  (2,2),(0.,4.712388980385),.PIECEWISE_BEZIER_KNOTS.);
#301 = CARTESIAN_POINT('',(0.,-1.385819298767));
#302 = CARTESIAN_POINT('',(0.,1.385819298767));
#303 = ( GEOMETRIC_REPRESENTATION_CONTEXT(2) 
PARAMETRIC_REPRESENTATION_CONTEXT() REPRESENTATION_CONTEXT('2D SPACE',''
  ) );
#304 = PCURVE('',#305,#320);
#305 = B_SPLINE_SURFACE_WITH_KNOTS('',1,6,(
    (#306,#307,#308,#309,#310,#311,#312)
    ,(#313,#314,#315,#316,#317,#318,#319
    )),.UNSPECIFIED.,.F.,.F.,.F.,(2,2),(7,7),(0.,4.712388980385),(38.8,
    43.512388980385),.PIECEWISE_BEZIER_KNOTS.);
#306 = CARTESIAN_POINT('',(-0.9,40.899999995838,-4.4));
#307 = CARTESIAN_POINT('',(-1.68539456795,40.899999995838,-4.4));
#308 = CARTESIAN_POINT('',(-2.470735425585,40.653318849959,-4.4));
#309 = CARTESIAN_POINT('',(-3.159565528542,40.15956552438,-4.4));
#310 = CARTESIAN_POINT('',(-3.65331885412,39.470735421423,-4.4));
#311 = CARTESIAN_POINT('',(-3.9,38.685394563788,-4.4));
#312 = CARTESIAN_POINT('',(-3.9,37.899999995838,-4.4));
#313 = CARTESIAN_POINT('',(-0.9,39.839339824059,-6.96066017178));
#314 = CARTESIAN_POINT('',(-1.407715655498,39.839339824059,
    -6.96066017178));
#315 = CARTESIAN_POINT('',(-1.915396590144,39.6798736337,-6.96066017178)
  );
#316 = CARTESIAN_POINT('',(-2.360688474658,39.360688470497,
    -6.96066017178));
#317 = CARTESIAN_POINT('',(-2.679873637862,38.915396585983,
    -6.96066017178));
#318 = CARTESIAN_POINT('',(-2.83933982822,38.407715651336,-6.96066017178
    ));
#319 = CARTESIAN_POINT('',(-2.83933982822,37.899999995838,-6.96066017178
    ));
#320 = DEFINITIONAL_REPRESENTATION('',(#321),#324);
#321 = B_SPLINE_CURVE_WITH_KNOTS('',1,(#322,#323),.UNSPECIFIED.,.F.,.F.,
  (2,2),(0.,4.712388980385),.PIECEWISE_BEZIER_KNOTS.);
#322 = CARTESIAN_POINT('',(0.,43.512388980385));
#323 = CARTESIAN_POINT('',(4.712388980385,43.512388980385));
#324 = ( GEOMETRIC_REPRESENTATION_CONTEXT(2) 
PARAMETRIC_REPRESENTATION_CONTEXT() REPRESENTATION_CONTEXT('2D SPACE',''
  ) );
#325 = ORIENTED_EDGE('',*,*,#138,.T.);
#326 = ORIENTED_EDGE('',*,*,#327,.T.);
#327 = EDGE_CURVE('',#48,#328,#330,.T.);
#328 = VERTEX_POINT('',#329);
#329 = CARTESIAN_POINT('',(-2.83933982822,-0.9,-6.96066017178));
#330 = SURFACE_CURVE('',#331,(#335,#341),.PCURVE_S1.);
#331 = LINE('',#332,#333);
#332 = CARTESIAN_POINT('',(-3.36966991411,-0.9,-5.68033008589));
#333 = VECTOR('',#334,1.);
#334 = DIRECTION('',(0.382683432365,0.,-0.923879532511));
#335 = PCURVE('',#152,#336);
#336 = DEFINITIONAL_REPRESENTATION('',(#337),#340);
#337 = B_SPLINE_CURVE_WITH_KNOTS('',1,(#338,#339),.UNSPECIFIED.,.F.,.F.,
  (2,2),(-1.385819298767,1.385819298767),.PIECEWISE_BEZIER_KNOTS.);
#338 = CARTESIAN_POINT('',(-38.79999999583,-1.385819298767));
#339 = CARTESIAN_POINT('',(-38.79999999583,1.385819298767));
#340 = ( GEOMETRIC_REPRESENTATION_CONTEXT(2) 
PARAMETRIC_REPRESENTATION_CONTEXT() REPRESENTATION_CONTEXT('2D SPACE',''
  ) );
#341 = PCURVE('',#266,#342);
#342 = DEFINITIONAL_REPRESENTATION('',(#343),#346);
#343 = B_SPLINE_CURVE_WITH_KNOTS('',1,(#344,#345),.UNSPECIFIED.,.F.,.F.,
  (2,2),(-1.385819298767,1.385819298767),.PIECEWISE_BEZIER_KNOTS.);
#344 = CARTESIAN_POINT('',(0.,82.312388976224));
#345 = CARTESIAN_POINT('',(4.712388980385,82.312388976224));
#346 = ( GEOMETRIC_REPRESENTATION_CONTEXT(2) 
PARAMETRIC_REPRESENTATION_CONTEXT() REPRESENTATION_CONTEXT('2D SPACE',''
  ) );
#347 = ORIENTED_EDGE('',*,*,#348,.F.);
#348 = EDGE_CURVE('',#292,#328,#349,.T.);
#349 = SURFACE_CURVE('',#350,(#354,#361),.PCURVE_S1.);
#350 = LINE('',#351,#352);
#351 = CARTESIAN_POINT('',(-2.83933982822,37.899999995838,-6.96066017178
    ));
#352 = VECTOR('',#353,1.);
#353 = DIRECTION('',(-0.,-1.,-0.));
#354 = PCURVE('',#152,#355);
#355 = DEFINITIONAL_REPRESENTATION('',(#356),#360);
#356 = LINE('',#357,#358);
#357 = CARTESIAN_POINT('',(-0.,1.385819298767));
#358 = VECTOR('',#359,1.);
#359 = DIRECTION('',(-1.,0.));
#360 = ( GEOMETRIC_REPRESENTATION_CONTEXT(2) 
PARAMETRIC_REPRESENTATION_CONTEXT() REPRESENTATION_CONTEXT('2D SPACE',''
  ) );
#361 = PCURVE('',#362,#367);
#362 = PLANE('',#363);
#363 = AXIS2_PLACEMENT_3D('',#364,#365,#366);
#364 = CARTESIAN_POINT('',(-3.15,37.899999995838,-6.65));
#365 = DIRECTION('',(0.707106781187,0.,0.707106781187));
#366 = DIRECTION('',(-0.,1.,-0.));
#367 = DEFINITIONAL_REPRESENTATION('',(#368),#372);
#368 = LINE('',#369,#370);
#369 = CARTESIAN_POINT('',(-0.,-0.43933982822));
#370 = VECTOR('',#371,1.);
#371 = DIRECTION('',(-1.,0.));
#372 = ( GEOMETRIC_REPRESENTATION_CONTEXT(2) 
PARAMETRIC_REPRESENTATION_CONTEXT() REPRESENTATION_CONTEXT('2D SPACE',''
  ) );
#373 = ADVANCED_FACE('',(#374),#98,.F.);
#374 = FACE_BOUND('',#375,.T.);
#375 = EDGE_LOOP('',(#376,#411,#412,#433));
#376 = ORIENTED_EDGE('',*,*,#377,.F.);
#377 = EDGE_CURVE('',#83,#378,#380,.T.);
#378 = VERTEX_POINT('',#379);
#379 = CARTESIAN_POINT('',(-2.83933982822,37.899999995838,9.56066017178)
  );
#380 = SURFACE_CURVE('',#381,(#384,#390),.PCURVE_S1.);
#381 = B_SPLINE_CURVE_WITH_KNOTS('',1,(#382,#383),.UNSPECIFIED.,.F.,.F.,
  (2,2),(0.,4.712388980385),.PIECEWISE_BEZIER_KNOTS.);
#382 = CARTESIAN_POINT('',(-3.9,37.899999995838,7.));
#383 = CARTESIAN_POINT('',(-2.83933982822,37.899999995838,9.56066017178)
  );
#384 = PCURVE('',#98,#385);
#385 = DEFINITIONAL_REPRESENTATION('',(#386),#389);
#386 = B_SPLINE_CURVE_WITH_KNOTS('',1,(#387,#388),.UNSPECIFIED.,.F.,.F.,
  (2,2),(0.,4.712388980385),.PIECEWISE_BEZIER_KNOTS.);
#387 = CARTESIAN_POINT('',(0.,-1.385819298767));
#388 = CARTESIAN_POINT('',(0.,1.385819298767));
#389 = ( GEOMETRIC_REPRESENTATION_CONTEXT(2) 
PARAMETRIC_REPRESENTATION_CONTEXT() REPRESENTATION_CONTEXT('2D SPACE',''
  ) );
#390 = PCURVE('',#391,#406);
#391 = B_SPLINE_SURFACE_WITH_KNOTS('',1,6,(
    (#392,#393,#394,#395,#396,#397,#398)
    ,(#399,#400,#401,#402,#403,#404,#405
    )),.UNSPECIFIED.,.F.,.F.,.F.,(2,2),(7,7),(0.,4.712388980385),(38.8,
    43.512388980385),.PIECEWISE_BEZIER_KNOTS.);
#392 = CARTESIAN_POINT('',(-0.9,40.899999995838,7.));
#393 = CARTESIAN_POINT('',(-1.68539456795,40.899999995838,7.));
#394 = CARTESIAN_POINT('',(-2.470735425585,40.653318849959,7.));
#395 = CARTESIAN_POINT('',(-3.159565528542,40.15956552438,7.));
#396 = CARTESIAN_POINT('',(-3.65331885412,39.470735421423,7.));
#397 = CARTESIAN_POINT('',(-3.9,38.685394563788,7.));
#398 = CARTESIAN_POINT('',(-3.9,37.899999995838,7.));
#399 = CARTESIAN_POINT('',(-0.9,39.839339824059,9.56066017178));
#400 = CARTESIAN_POINT('',(-1.407715655498,39.839339824059,9.56066017178
    ));
#401 = CARTESIAN_POINT('',(-1.915396590144,39.6798736337,9.56066017178)
  );
#402 = CARTESIAN_POINT('',(-2.360688474658,39.360688470497,9.56066017178
    ));
#403 = CARTESIAN_POINT('',(-2.679873637862,38.915396585983,9.56066017178
    ));
#404 = CARTESIAN_POINT('',(-2.83933982822,38.407715651336,9.56066017178)
  );
#405 = CARTESIAN_POINT('',(-2.83933982822,37.899999995838,9.56066017178)
  );
#406 = DEFINITIONAL_REPRESENTATION('',(#407),#410);
#407 = B_SPLINE_CURVE_WITH_KNOTS('',1,(#408,#409),.UNSPECIFIED.,.F.,.F.,
  (2,2),(0.,4.712388980385),.PIECEWISE_BEZIER_KNOTS.);
#408 = CARTESIAN_POINT('',(0.,43.512388980385));
#409 = CARTESIAN_POINT('',(4.712388980385,43.512388980385));
#410 = ( GEOMETRIC_REPRESENTATION_CONTEXT(2) 
PARAMETRIC_REPRESENTATION_CONTEXT() REPRESENTATION_CONTEXT('2D SPACE',''
  ) );
#411 = ORIENTED_EDGE('',*,*,#82,.T.);
#412 = ORIENTED_EDGE('',*,*,#413,.T.);
#413 = EDGE_CURVE('',#50,#414,#416,.T.);
#414 = VERTEX_POINT('',#415);
#415 = CARTESIAN_POINT('',(-2.83933982822,-0.9,9.56066017178));
#416 = SURFACE_CURVE('',#417,(#421,#427),.PCURVE_S1.);
#417 = LINE('',#418,#419);
#418 = CARTESIAN_POINT('',(-3.36966991411,-0.9,8.28033008589));
#419 = VECTOR('',#420,1.);
#420 = DIRECTION('',(0.382683432365,-0.,0.923879532511));
#421 = PCURVE('',#98,#422);
#422 = DEFINITIONAL_REPRESENTATION('',(#423),#426);
#423 = B_SPLINE_CURVE_WITH_KNOTS('',1,(#424,#425),.UNSPECIFIED.,.F.,.F.,
  (2,2),(-1.385819298767,1.385819298767),.PIECEWISE_BEZIER_KNOTS.);
#424 = CARTESIAN_POINT('',(-38.79999999583,-1.385819298767));
#425 = CARTESIAN_POINT('',(-38.79999999583,1.385819298767));
#426 = ( GEOMETRIC_REPRESENTATION_CONTEXT(2) 
PARAMETRIC_REPRESENTATION_CONTEXT() REPRESENTATION_CONTEXT('2D SPACE',''
  ) );
#427 = PCURVE('',#193,#428);
#428 = DEFINITIONAL_REPRESENTATION('',(#429),#432);
#429 = B_SPLINE_CURVE_WITH_KNOTS('',1,(#430,#431),.UNSPECIFIED.,.F.,.F.,
  (2,2),(-1.385819298767,1.385819298767),.PIECEWISE_BEZIER_KNOTS.);
#430 = CARTESIAN_POINT('',(0.,82.312388976224));
#431 = CARTESIAN_POINT('',(4.712388980385,82.312388976224));
#432 = ( GEOMETRIC_REPRESENTATION_CONTEXT(2) 
PARAMETRIC_REPRESENTATION_CONTEXT() REPRESENTATION_CONTEXT('2D SPACE',''
  ) );
#433 = ORIENTED_EDGE('',*,*,#434,.F.);
#434 = EDGE_CURVE('',#378,#414,#435,.T.);
#435 = SURFACE_CURVE('',#436,(#440,#447),.PCURVE_S1.);
#436 = LINE('',#437,#438);
#437 = CARTESIAN_POINT('',(-2.83933982822,37.899999995838,9.56066017178)
  );
#438 = VECTOR('',#439,1.);
#439 = DIRECTION('',(-0.,-1.,-0.));
#440 = PCURVE('',#98,#441);
#441 = DEFINITIONAL_REPRESENTATION('',(#442),#446);
#442 = LINE('',#443,#444);
#443 = CARTESIAN_POINT('',(-0.,1.385819298767));
#444 = VECTOR('',#445,1.);
#445 = DIRECTION('',(-1.,0.));
#446 = ( GEOMETRIC_REPRESENTATION_CONTEXT(2) 
PARAMETRIC_REPRESENTATION_CONTEXT() REPRESENTATION_CONTEXT('2D SPACE',''
  ) );
#447 = PCURVE('',#448,#453);
#448 = PLANE('',#449);
#449 = AXIS2_PLACEMENT_3D('',#450,#451,#452);
#450 = CARTESIAN_POINT('',(-3.15,37.899999995838,9.25));
#451 = DIRECTION('',(-0.707106781187,0.,0.707106781187));
#452 = DIRECTION('',(0.,1.,-0.));
#453 = DEFINITIONAL_REPRESENTATION('',(#454),#458);
#454 = LINE('',#455,#456);
#455 = CARTESIAN_POINT('',(-0.,-0.43933982822));
#456 = VECTOR('',#457,1.);
#457 = DIRECTION('',(-1.,0.));
#458 = ( GEOMETRIC_REPRESENTATION_CONTEXT(2) 
PARAMETRIC_REPRESENTATION_CONTEXT() REPRESENTATION_CONTEXT('2D SPACE',''
  ) );
#459 = ADVANCED_FACE('',(#460),#126,.T.);
#460 = FACE_BOUND('',#461,.F.);
#461 = EDGE_LOOP('',(#462,#492,#522,#523));
#462 = ORIENTED_EDGE('',*,*,#463,.T.);
#463 = EDGE_CURVE('',#464,#466,#468,.T.);
#464 = VERTEX_POINT('',#465);
#465 = CARTESIAN_POINT('',(-0.9,40.9,-4.4));
#466 = VERTEX_POINT('',#467);
#467 = CARTESIAN_POINT('',(-0.9,40.9,7.));
#468 = SURFACE_CURVE('',#469,(#473,#480),.PCURVE_S1.);
#469 = LINE('',#470,#471);
#470 = CARTESIAN_POINT('',(-0.9,40.899999997919,-7.4));
#471 = VECTOR('',#472,1.);
#472 = DIRECTION('',(0.,0.,1.));
#473 = PCURVE('',#126,#474);
#474 = DEFINITIONAL_REPRESENTATION('',(#475),#479);
#475 = LINE('',#476,#477);
#476 = CARTESIAN_POINT('',(-1.570796326795,0.));
#477 = VECTOR('',#478,1.);
#478 = DIRECTION('',(-0.,-1.));
#479 = ( GEOMETRIC_REPRESENTATION_CONTEXT(2) 
PARAMETRIC_REPRESENTATION_CONTEXT() REPRESENTATION_CONTEXT('2D SPACE',''
  ) );
#480 = PCURVE('',#481,#486);
#481 = PLANE('',#482);
#482 = AXIS2_PLACEMENT_3D('',#483,#484,#485);
#483 = CARTESIAN_POINT('',(-0.9,40.9,-7.4));
#484 = DIRECTION('',(0.,1.,0.));
#485 = DIRECTION('',(1.,0.,0.));
#486 = DEFINITIONAL_REPRESENTATION('',(#487),#491);
#487 = LINE('',#488,#489);
#488 = CARTESIAN_POINT('',(0.,0.));
#489 = VECTOR('',#490,1.);
#490 = DIRECTION('',(0.,-1.));
#491 = ( GEOMETRIC_REPRESENTATION_CONTEXT(2) 
PARAMETRIC_REPRESENTATION_CONTEXT() REPRESENTATION_CONTEXT('2D SPACE',''
  ) );
#492 = ORIENTED_EDGE('',*,*,#493,.T.);
#493 = EDGE_CURVE('',#466,#83,#494,.T.);
#494 = SURFACE_CURVE('',#495,(#503,#515),.PCURVE_S1.);
#495 = B_SPLINE_CURVE_WITH_KNOTS('',6,(#496,#497,#498,#499,#500,#501,
    #502),.UNSPECIFIED.,.F.,.F.,(7,7),(38.8,43.512388980385),
  .PIECEWISE_BEZIER_KNOTS.);
#496 = CARTESIAN_POINT('',(-0.9,40.899999995838,7.));
#497 = CARTESIAN_POINT('',(-1.68539456795,40.899999995838,7.));
#498 = CARTESIAN_POINT('',(-2.470735425585,40.653318849959,7.));
#499 = CARTESIAN_POINT('',(-3.159565528542,40.15956552438,7.));
#500 = CARTESIAN_POINT('',(-3.65331885412,39.470735421423,7.));
#501 = CARTESIAN_POINT('',(-3.9,38.685394563788,7.));
#502 = CARTESIAN_POINT('',(-3.9,37.899999995838,7.));
#503 = PCURVE('',#126,#504);
#504 = DEFINITIONAL_REPRESENTATION('',(#505),#514);
#505 = B_SPLINE_CURVE_WITH_KNOTS('',7,(#506,#507,#508,#509,#510,#511,
    #512,#513),.UNSPECIFIED.,.F.,.F.,(8,8),(38.8,43.512388980385),
  .PIECEWISE_BEZIER_KNOTS.);
#506 = CARTESIAN_POINT('',(-1.570796326795,-14.4));
#507 = CARTESIAN_POINT('',(-1.795194774781,-14.4));
#508 = CARTESIAN_POINT('',(-2.019577571978,-14.4));
#509 = CARTESIAN_POINT('',(-2.244042244132,-14.4));
#510 = CARTESIAN_POINT('',(-2.468346736253,-14.4));
#511 = CARTESIAN_POINT('',(-2.692811408407,-14.4));
#512 = CARTESIAN_POINT('',(-2.917194205604,-14.4));
#513 = CARTESIAN_POINT('',(-3.14159265359,-14.4));
#514 = ( GEOMETRIC_REPRESENTATION_CONTEXT(2) 
PARAMETRIC_REPRESENTATION_CONTEXT() REPRESENTATION_CONTEXT('2D SPACE',''
  ) );
#515 = PCURVE('',#391,#516);
#516 = DEFINITIONAL_REPRESENTATION('',(#517),#521);
#517 = LINE('',#518,#519);
#518 = CARTESIAN_POINT('',(0.,0.));
#519 = VECTOR('',#520,1.);
#520 = DIRECTION('',(0.,1.));
#521 = ( GEOMETRIC_REPRESENTATION_CONTEXT(2) 
PARAMETRIC_REPRESENTATION_CONTEXT() REPRESENTATION_CONTEXT('2D SPACE',''
  ) );
#522 = ORIENTED_EDGE('',*,*,#110,.F.);
#523 = ORIENTED_EDGE('',*,*,#524,.F.);
#524 = EDGE_CURVE('',#464,#111,#525,.T.);
#525 = SURFACE_CURVE('',#526,(#534,#546),.PCURVE_S1.);
#526 = B_SPLINE_CURVE_WITH_KNOTS('',6,(#527,#528,#529,#530,#531,#532,
    #533),.UNSPECIFIED.,.F.,.F.,(7,7),(38.8,43.512388980385),
  .PIECEWISE_BEZIER_KNOTS.);
#527 = CARTESIAN_POINT('',(-0.9,40.899999995838,-4.4));
#528 = CARTESIAN_POINT('',(-1.68539456795,40.899999995838,-4.4));
#529 = CARTESIAN_POINT('',(-2.470735425585,40.653318849959,-4.4));
#530 = CARTESIAN_POINT('',(-3.159565528542,40.15956552438,-4.4));
#531 = CARTESIAN_POINT('',(-3.65331885412,39.470735421423,-4.4));
#532 = CARTESIAN_POINT('',(-3.9,38.685394563788,-4.4));
#533 = CARTESIAN_POINT('',(-3.9,37.899999995838,-4.4));
#534 = PCURVE('',#126,#535);
#535 = DEFINITIONAL_REPRESENTATION('',(#536),#545);
#536 = B_SPLINE_CURVE_WITH_KNOTS('',7,(#537,#538,#539,#540,#541,#542,
    #543,#544),.UNSPECIFIED.,.F.,.F.,(8,8),(38.8,43.512388980385),
  .PIECEWISE_BEZIER_KNOTS.);
#537 = CARTESIAN_POINT('',(-1.570796326795,-3.));
#538 = CARTESIAN_POINT('',(-1.795194774781,-3.));
#539 = CARTESIAN_POINT('',(-2.019577571978,-3.));
#540 = CARTESIAN_POINT('',(-2.244042244132,-3.));
#541 = CARTESIAN_POINT('',(-2.468346736253,-3.));
#542 = CARTESIAN_POINT('',(-2.692811408407,-3.));
#543 = CARTESIAN_POINT('',(-2.917194205604,-3.));
#544 = CARTESIAN_POINT('',(-3.14159265359,-3.));
#545 = ( GEOMETRIC_REPRESENTATION_CONTEXT(2) 
PARAMETRIC_REPRESENTATION_CONTEXT() REPRESENTATION_CONTEXT('2D SPACE',''
  ) );
#546 = PCURVE('',#305,#547);
#547 = DEFINITIONAL_REPRESENTATION('',(#548),#552);
#548 = LINE('',#549,#550);
#549 = CARTESIAN_POINT('',(0.,0.));
#550 = VECTOR('',#551,1.);
#551 = DIRECTION('',(0.,1.));
#552 = ( GEOMETRIC_REPRESENTATION_CONTEXT(2) 
PARAMETRIC_REPRESENTATION_CONTEXT() REPRESENTATION_CONTEXT('2D SPACE',''
  ) );
#553 = ADVANCED_FACE('',(#554),#266,.T.);
#554 = FACE_BOUND('',#555,.T.);
#555 = EDGE_LOOP('',(#556,#557,#596,#619));
#556 = ORIENTED_EDGE('',*,*,#327,.T.);
#557 = ORIENTED_EDGE('',*,*,#558,.T.);
#558 = EDGE_CURVE('',#328,#559,#561,.T.);
#559 = VERTEX_POINT('',#560);
#560 = CARTESIAN_POINT('',(-0.9,-2.839339828221,-6.96066017178));
#561 = SURFACE_CURVE('',#562,(#570,#577),.PCURVE_S1.);
#562 = B_SPLINE_CURVE_WITH_KNOTS('',6,(#563,#564,#565,#566,#567,#568,
    #569),.UNSPECIFIED.,.F.,.F.,(7,7),(82.312388976224,87.024777956608),
  .PIECEWISE_BEZIER_KNOTS.);
#563 = CARTESIAN_POINT('',(-2.83933982822,-0.9,-6.96066017178));
#564 = CARTESIAN_POINT('',(-2.83933982822,-1.407715655498,-6.96066017178
    ));
#565 = CARTESIAN_POINT('',(-2.679873637862,-1.915396590145,
    -6.96066017178));
#566 = CARTESIAN_POINT('',(-2.360688474658,-2.360688474659,
    -6.96066017178));
#567 = CARTESIAN_POINT('',(-1.915396590144,-2.679873637862,
    -6.96066017178));
#568 = CARTESIAN_POINT('',(-1.407715655498,-2.839339828221,
    -6.96066017178));
#569 = CARTESIAN_POINT('',(-0.9,-2.839339828221,-6.96066017178));
#570 = PCURVE('',#266,#571);
#571 = DEFINITIONAL_REPRESENTATION('',(#572),#576);
#572 = LINE('',#573,#574);
#573 = CARTESIAN_POINT('',(4.712388980385,0.));
#574 = VECTOR('',#575,1.);
#575 = DIRECTION('',(0.,1.));
#576 = ( GEOMETRIC_REPRESENTATION_CONTEXT(2) 
PARAMETRIC_REPRESENTATION_CONTEXT() REPRESENTATION_CONTEXT('2D SPACE',''
  ) );
#577 = PCURVE('',#578,#583);
#578 = CONICAL_SURFACE('',#579,3.,0.785398163397);
#579 = AXIS2_PLACEMENT_3D('',#580,#581,#582);
#580 = CARTESIAN_POINT('',(-0.9,-0.9,-5.9));
#581 = DIRECTION('',(0.,0.,1.));
#582 = DIRECTION('',(-1.,-1.184237892934E-15,0.));
#583 = DEFINITIONAL_REPRESENTATION('',(#584),#595);
#584 = B_SPLINE_CURVE_WITH_KNOTS('',9,(#585,#586,#587,#588,#589,#590,
    #591,#592,#593,#594),.UNSPECIFIED.,.F.,.F.,(10,10),(82.312388976224,
    87.024777956608),.PIECEWISE_BEZIER_KNOTS.);
#585 = CARTESIAN_POINT('',(-3.219646771413E-15,-1.06066017178));
#586 = CARTESIAN_POINT('',(0.174532126211,-1.06066017178));
#587 = CARTESIAN_POINT('',(0.349056831434,-1.06066017178));
#588 = CARTESIAN_POINT('',(0.523603035017,-1.06066017178));
#589 = CARTESIAN_POINT('',(0.698153658391,-1.06066017178));
#590 = CARTESIAN_POINT('',(0.872642668404,-1.06066017178));
#591 = CARTESIAN_POINT('',(1.047193291778,-1.06066017178));
#592 = CARTESIAN_POINT('',(1.221739495361,-1.06066017178));
#593 = CARTESIAN_POINT('',(1.396264200584,-1.06066017178));
#594 = CARTESIAN_POINT('',(1.570796326795,-1.06066017178));
#595 = ( GEOMETRIC_REPRESENTATION_CONTEXT(2) 
PARAMETRIC_REPRESENTATION_CONTEXT() REPRESENTATION_CONTEXT('2D SPACE',''
  ) );
#596 = ORIENTED_EDGE('',*,*,#597,.F.);
#597 = EDGE_CURVE('',#216,#559,#598,.T.);
#598 = SURFACE_CURVE('',#599,(#602,#608),.PCURVE_S1.);
#599 = B_SPLINE_CURVE_WITH_KNOTS('',1,(#600,#601),.UNSPECIFIED.,.F.,.F.,
  (2,2),(0.,4.712388980385),.PIECEWISE_BEZIER_KNOTS.);
#600 = CARTESIAN_POINT('',(-0.9,-3.9,-4.4));
#601 = CARTESIAN_POINT('',(-0.9,-2.839339828221,-6.96066017178));
#602 = PCURVE('',#266,#603);
#603 = DEFINITIONAL_REPRESENTATION('',(#604),#607);
#604 = B_SPLINE_CURVE_WITH_KNOTS('',1,(#605,#606),.UNSPECIFIED.,.F.,.F.,
  (2,2),(0.,4.712388980385),.PIECEWISE_BEZIER_KNOTS.);
#605 = CARTESIAN_POINT('',(0.,87.024777956608));
#606 = CARTESIAN_POINT('',(4.712388980385,87.024777956608));
#607 = ( GEOMETRIC_REPRESENTATION_CONTEXT(2) 
PARAMETRIC_REPRESENTATION_CONTEXT() REPRESENTATION_CONTEXT('2D SPACE',''
  ) );
#608 = PCURVE('',#609,#614);
#609 = PLANE('',#610);
#610 = AXIS2_PLACEMENT_3D('',#611,#612,#613);
#611 = CARTESIAN_POINT('',(-0.9,-3.36966991411,-5.68033008589));
#612 = DIRECTION('',(0.,0.923879532511,0.382683432365));
#613 = DIRECTION('',(1.,0.,-0.));
#614 = DEFINITIONAL_REPRESENTATION('',(#615),#618);
#615 = B_SPLINE_CURVE_WITH_KNOTS('',1,(#616,#617),.UNSPECIFIED.,.F.,.F.,
  (2,2),(0.,4.712388980385),.PIECEWISE_BEZIER_KNOTS.);
#616 = CARTESIAN_POINT('',(0.,-1.385819298767));
#617 = CARTESIAN_POINT('',(0.,1.385819298767));
#618 = ( GEOMETRIC_REPRESENTATION_CONTEXT(2) 
PARAMETRIC_REPRESENTATION_CONTEXT() REPRESENTATION_CONTEXT('2D SPACE',''
  ) );
#619 = ORIENTED_EDGE('',*,*,#243,.F.);
#620 = ADVANCED_FACE('',(#621),#193,.F.);
#621 = FACE_BOUND('',#622,.F.);
#622 = EDGE_LOOP('',(#623,#624,#663,#686));
#623 = ORIENTED_EDGE('',*,*,#413,.T.);
#624 = ORIENTED_EDGE('',*,*,#625,.T.);
#625 = EDGE_CURVE('',#414,#626,#628,.T.);
#626 = VERTEX_POINT('',#627);
#627 = CARTESIAN_POINT('',(-0.9,-2.839339828221,9.56066017178));
#628 = SURFACE_CURVE('',#629,(#637,#644),.PCURVE_S1.);
#629 = B_SPLINE_CURVE_WITH_KNOTS('',6,(#630,#631,#632,#633,#634,#635,
    #636),.UNSPECIFIED.,.F.,.F.,(7,7),(82.312388976224,87.024777956608),
  .PIECEWISE_BEZIER_KNOTS.);
#630 = CARTESIAN_POINT('',(-2.83933982822,-0.9,9.56066017178));
#631 = CARTESIAN_POINT('',(-2.83933982822,-1.407715655498,9.56066017178)
  );
#632 = CARTESIAN_POINT('',(-2.679873637862,-1.915396590145,9.56066017178
    ));
#633 = CARTESIAN_POINT('',(-2.360688474658,-2.360688474659,9.56066017178
    ));
#634 = CARTESIAN_POINT('',(-1.915396590144,-2.679873637862,9.56066017178
    ));
#635 = CARTESIAN_POINT('',(-1.407715655498,-2.839339828221,9.56066017178
    ));
#636 = CARTESIAN_POINT('',(-0.9,-2.839339828221,9.56066017178));
#637 = PCURVE('',#193,#638);
#638 = DEFINITIONAL_REPRESENTATION('',(#639),#643);
#639 = LINE('',#640,#641);
#640 = CARTESIAN_POINT('',(4.712388980385,0.));
#641 = VECTOR('',#642,1.);
#642 = DIRECTION('',(0.,1.));
#643 = ( GEOMETRIC_REPRESENTATION_CONTEXT(2) 
PARAMETRIC_REPRESENTATION_CONTEXT() REPRESENTATION_CONTEXT('2D SPACE',''
  ) );
#644 = PCURVE('',#645,#650);
#645 = CONICAL_SURFACE('',#646,3.,0.785398163397);
#646 = AXIS2_PLACEMENT_3D('',#647,#648,#649);
#647 = CARTESIAN_POINT('',(-0.9,-0.9,8.5));
#648 = DIRECTION('',(-0.,-0.,-1.));
#649 = DIRECTION('',(-1.,-1.184237892934E-15,0.));
#650 = DEFINITIONAL_REPRESENTATION('',(#651),#662);
#651 = B_SPLINE_CURVE_WITH_KNOTS('',9,(#652,#653,#654,#655,#656,#657,
    #658,#659,#660,#661),.UNSPECIFIED.,.F.,.F.,(10,10),(82.312388976224,
    87.024777956608),.PIECEWISE_BEZIER_KNOTS.);
#652 = CARTESIAN_POINT('',(2.22044604925E-15,-1.06066017178));
#653 = CARTESIAN_POINT('',(-0.174532126211,-1.06066017178));
#654 = CARTESIAN_POINT('',(-0.349056831434,-1.06066017178));
#655 = CARTESIAN_POINT('',(-0.523603035017,-1.06066017178));
#656 = CARTESIAN_POINT('',(-0.698153658391,-1.06066017178));
#657 = CARTESIAN_POINT('',(-0.872642668404,-1.06066017178));
#658 = CARTESIAN_POINT('',(-1.047193291778,-1.06066017178));
#659 = CARTESIAN_POINT('',(-1.221739495361,-1.06066017178));
#660 = CARTESIAN_POINT('',(-1.396264200584,-1.06066017178));
#661 = CARTESIAN_POINT('',(-1.570796326795,-1.06066017178));
#662 = ( GEOMETRIC_REPRESENTATION_CONTEXT(2) 
PARAMETRIC_REPRESENTATION_CONTEXT() REPRESENTATION_CONTEXT('2D SPACE',''
  ) );
#663 = ORIENTED_EDGE('',*,*,#664,.F.);
#664 = EDGE_CURVE('',#169,#626,#665,.T.);
#665 = SURFACE_CURVE('',#666,(#669,#675),.PCURVE_S1.);
#666 = B_SPLINE_CURVE_WITH_KNOTS('',1,(#667,#668),.UNSPECIFIED.,.F.,.F.,
  (2,2),(0.,4.712388980385),.PIECEWISE_BEZIER_KNOTS.);
#667 = CARTESIAN_POINT('',(-0.9,-3.9,7.));
#668 = CARTESIAN_POINT('',(-0.9,-2.839339828221,9.56066017178));
#669 = PCURVE('',#193,#670);
#670 = DEFINITIONAL_REPRESENTATION('',(#671),#674);
#671 = B_SPLINE_CURVE_WITH_KNOTS('',1,(#672,#673),.UNSPECIFIED.,.F.,.F.,
  (2,2),(0.,4.712388980385),.PIECEWISE_BEZIER_KNOTS.);
#672 = CARTESIAN_POINT('',(0.,87.024777956608));
#673 = CARTESIAN_POINT('',(4.712388980385,87.024777956608));
#674 = ( GEOMETRIC_REPRESENTATION_CONTEXT(2) 
PARAMETRIC_REPRESENTATION_CONTEXT() REPRESENTATION_CONTEXT('2D SPACE',''
  ) );
#675 = PCURVE('',#676,#681);
#676 = PLANE('',#677);
#677 = AXIS2_PLACEMENT_3D('',#678,#679,#680);
#678 = CARTESIAN_POINT('',(-0.9,-3.36966991411,8.28033008589));
#679 = DIRECTION('',(0.,-0.923879532511,0.382683432365));
#680 = DIRECTION('',(1.,0.,0.));
#681 = DEFINITIONAL_REPRESENTATION('',(#682),#685);
#682 = B_SPLINE_CURVE_WITH_KNOTS('',1,(#683,#684),.UNSPECIFIED.,.F.,.F.,
  (2,2),(0.,4.712388980385),.PIECEWISE_BEZIER_KNOTS.);
#683 = CARTESIAN_POINT('',(0.,-1.385819298767));
#684 = CARTESIAN_POINT('',(0.,1.385819298767));
#685 = ( GEOMETRIC_REPRESENTATION_CONTEXT(2) 
PARAMETRIC_REPRESENTATION_CONTEXT() REPRESENTATION_CONTEXT('2D SPACE',''
  ) );
#686 = ORIENTED_EDGE('',*,*,#168,.F.);
#687 = ADVANCED_FACE('',(#688),#231,.F.);
#688 = FACE_BOUND('',#689,.F.);
#689 = EDGE_LOOP('',(#690,#713,#714,#737,#765,#788,#814,#840,#866,#892)
  );
#690 = ORIENTED_EDGE('',*,*,#691,.F.);
#691 = EDGE_CURVE('',#216,#692,#694,.T.);
#692 = VERTEX_POINT('',#693);
#693 = CARTESIAN_POINT('',(0.6,-3.9,-4.4));
#694 = SURFACE_CURVE('',#695,(#699,#706),.PCURVE_S1.);
#695 = LINE('',#696,#697);
#696 = CARTESIAN_POINT('',(-0.9,-3.9,-4.4));
#697 = VECTOR('',#698,1.);
#698 = DIRECTION('',(1.,0.,0.));
#699 = PCURVE('',#231,#700);
#700 = DEFINITIONAL_REPRESENTATION('',(#701),#705);
#701 = LINE('',#702,#703);
#702 = CARTESIAN_POINT('',(0.,-3.));
#703 = VECTOR('',#704,1.);
#704 = DIRECTION('',(1.,0.));
#705 = ( GEOMETRIC_REPRESENTATION_CONTEXT(2) 
PARAMETRIC_REPRESENTATION_CONTEXT() REPRESENTATION_CONTEXT('2D SPACE',''
  ) );
#706 = PCURVE('',#609,#707);
#707 = DEFINITIONAL_REPRESENTATION('',(#708),#712);
#708 = LINE('',#709,#710);
#709 = CARTESIAN_POINT('',(0.,-1.385819298767));
#710 = VECTOR('',#711,1.);
#711 = DIRECTION('',(1.,0.));
#712 = ( GEOMETRIC_REPRESENTATION_CONTEXT(2) 
PARAMETRIC_REPRESENTATION_CONTEXT() REPRESENTATION_CONTEXT('2D SPACE',''
  ) );
#713 = ORIENTED_EDGE('',*,*,#215,.T.);
#714 = ORIENTED_EDGE('',*,*,#715,.T.);
#715 = EDGE_CURVE('',#169,#716,#718,.T.);
#716 = VERTEX_POINT('',#717);
#717 = CARTESIAN_POINT('',(37.899999995838,-3.9,7.));
#718 = SURFACE_CURVE('',#719,(#723,#730),.PCURVE_S1.);
#719 = LINE('',#720,#721);
#720 = CARTESIAN_POINT('',(-0.9,-3.9,7.));
#721 = VECTOR('',#722,1.);
#722 = DIRECTION('',(1.,0.,0.));
#723 = PCURVE('',#231,#724);
#724 = DEFINITIONAL_REPRESENTATION('',(#725),#729);
#725 = LINE('',#726,#727);
#726 = CARTESIAN_POINT('',(0.,-14.4));
#727 = VECTOR('',#728,1.);
#728 = DIRECTION('',(1.,0.));
#729 = ( GEOMETRIC_REPRESENTATION_CONTEXT(2) 
PARAMETRIC_REPRESENTATION_CONTEXT() REPRESENTATION_CONTEXT('2D SPACE',''
  ) );
#730 = PCURVE('',#676,#731);
#731 = DEFINITIONAL_REPRESENTATION('',(#732),#736);
#732 = LINE('',#733,#734);
#733 = CARTESIAN_POINT('',(0.,-1.385819298767));
#734 = VECTOR('',#735,1.);
#735 = DIRECTION('',(1.,0.));
#736 = ( GEOMETRIC_REPRESENTATION_CONTEXT(2) 
PARAMETRIC_REPRESENTATION_CONTEXT() REPRESENTATION_CONTEXT('2D SPACE',''
  ) );
#737 = ORIENTED_EDGE('',*,*,#738,.F.);
#738 = EDGE_CURVE('',#739,#716,#741,.T.);
#739 = VERTEX_POINT('',#740);
#740 = CARTESIAN_POINT('',(37.899999995838,-3.9,-4.4));
#741 = SURFACE_CURVE('',#742,(#746,#753),.PCURVE_S1.);
#742 = LINE('',#743,#744);
#743 = CARTESIAN_POINT('',(37.899999995838,-3.9,-7.4));
#744 = VECTOR('',#745,1.);
#745 = DIRECTION('',(0.,0.,1.));
#746 = PCURVE('',#231,#747);
#747 = DEFINITIONAL_REPRESENTATION('',(#748),#752);
#748 = LINE('',#749,#750);
#749 = CARTESIAN_POINT('',(38.799999995838,0.));
#750 = VECTOR('',#751,1.);
#751 = DIRECTION('',(0.,-1.));
#752 = ( GEOMETRIC_REPRESENTATION_CONTEXT(2) 
PARAMETRIC_REPRESENTATION_CONTEXT() REPRESENTATION_CONTEXT('2D SPACE',''
  ) );
#753 = PCURVE('',#754,#759);
#754 = CYLINDRICAL_SURFACE('',#755,3.);
#755 = AXIS2_PLACEMENT_3D('',#756,#757,#758);
#756 = CARTESIAN_POINT('',(37.899999995838,-0.9,-7.4));
#757 = DIRECTION('',(-0.,-0.,-1.));
#758 = DIRECTION('',(1.,0.,0.));
#759 = DEFINITIONAL_REPRESENTATION('',(#760),#764);
#760 = LINE('',#761,#762);
#761 = CARTESIAN_POINT('',(-4.712388980385,0.));
#762 = VECTOR('',#763,1.);
#763 = DIRECTION('',(-0.,-1.));
#764 = ( GEOMETRIC_REPRESENTATION_CONTEXT(2) 
PARAMETRIC_REPRESENTATION_CONTEXT() REPRESENTATION_CONTEXT('2D SPACE',''
  ) );
#765 = ORIENTED_EDGE('',*,*,#766,.F.);
#766 = EDGE_CURVE('',#767,#739,#769,.T.);
#767 = VERTEX_POINT('',#768);
#768 = CARTESIAN_POINT('',(25.6,-3.9,-4.4));
#769 = SURFACE_CURVE('',#770,(#774,#781),.PCURVE_S1.);
#770 = LINE('',#771,#772);
#771 = CARTESIAN_POINT('',(-0.9,-3.9,-4.4));
#772 = VECTOR('',#773,1.);
#773 = DIRECTION('',(1.,0.,0.));
#774 = PCURVE('',#231,#775);
#775 = DEFINITIONAL_REPRESENTATION('',(#776),#780);
#776 = LINE('',#777,#778);
#777 = CARTESIAN_POINT('',(0.,-3.));
#778 = VECTOR('',#779,1.);
#779 = DIRECTION('',(1.,0.));
#780 = ( GEOMETRIC_REPRESENTATION_CONTEXT(2) 
PARAMETRIC_REPRESENTATION_CONTEXT() REPRESENTATION_CONTEXT('2D SPACE',''
  ) );
#781 = PCURVE('',#609,#782);
#782 = DEFINITIONAL_REPRESENTATION('',(#783),#787);
#783 = LINE('',#784,#785);
#784 = CARTESIAN_POINT('',(0.,-1.385819298767));
#785 = VECTOR('',#786,1.);
#786 = DIRECTION('',(1.,0.));
#787 = ( GEOMETRIC_REPRESENTATION_CONTEXT(2) 
PARAMETRIC_REPRESENTATION_CONTEXT() REPRESENTATION_CONTEXT('2D SPACE',''
  ) );
#788 = ORIENTED_EDGE('',*,*,#789,.F.);
#789 = EDGE_CURVE('',#790,#767,#792,.T.);
#790 = VERTEX_POINT('',#791);
#791 = CARTESIAN_POINT('',(25.6,-3.9,3.1));
#792 = SURFACE_CURVE('',#793,(#797,#803),.PCURVE_S1.);
#793 = LINE('',#794,#795);
#794 = CARTESIAN_POINT('',(25.6,-3.9,-6.5));
#795 = VECTOR('',#796,1.);
#796 = DIRECTION('',(-0.,0.,-1.));
#797 = PCURVE('',#231,#798);
#798 = DEFINITIONAL_REPRESENTATION('',(#799),#802);
#799 = B_SPLINE_CURVE_WITH_KNOTS('',1,(#800,#801),.UNSPECIFIED.,.F.,.F.,
  (2,2),(-9.6,-2.1),.PIECEWISE_BEZIER_KNOTS.);
#800 = CARTESIAN_POINT('',(26.5,-10.5));
#801 = CARTESIAN_POINT('',(26.5,-3.));
#802 = ( GEOMETRIC_REPRESENTATION_CONTEXT(2) 
PARAMETRIC_REPRESENTATION_CONTEXT() REPRESENTATION_CONTEXT('2D SPACE',''
  ) );
#803 = PCURVE('',#804,#809);
#804 = PLANE('',#805);
#805 = AXIS2_PLACEMENT_3D('',#806,#807,#808);
#806 = CARTESIAN_POINT('',(25.6,-8.9,-5.6));
#807 = DIRECTION('',(1.,0.,-0.));
#808 = DIRECTION('',(0.,0.,1.));
#809 = DEFINITIONAL_REPRESENTATION('',(#810),#813);
#810 = B_SPLINE_CURVE_WITH_KNOTS('',1,(#811,#812),.UNSPECIFIED.,.F.,.F.,
  (2,2),(-9.6,-2.1),.PIECEWISE_BEZIER_KNOTS.);
#811 = CARTESIAN_POINT('',(8.7,-5.));
#812 = CARTESIAN_POINT('',(1.2,-5.));
#813 = ( GEOMETRIC_REPRESENTATION_CONTEXT(2) 
PARAMETRIC_REPRESENTATION_CONTEXT() REPRESENTATION_CONTEXT('2D SPACE',''
  ) );
#814 = ORIENTED_EDGE('',*,*,#815,.F.);
#815 = EDGE_CURVE('',#816,#790,#818,.T.);
#816 = VERTEX_POINT('',#817);
#817 = CARTESIAN_POINT('',(11.4,-3.9,3.1));
#818 = SURFACE_CURVE('',#819,(#823,#829),.PCURVE_S1.);
#819 = LINE('',#820,#821);
#820 = CARTESIAN_POINT('',(5.25,-3.9,3.1));
#821 = VECTOR('',#822,1.);
#822 = DIRECTION('',(1.,0.,0.));
#823 = PCURVE('',#231,#824);
#824 = DEFINITIONAL_REPRESENTATION('',(#825),#828);
#825 = B_SPLINE_CURVE_WITH_KNOTS('',1,(#826,#827),.UNSPECIFIED.,.F.,.F.,
  (2,2),(6.15,20.35),.PIECEWISE_BEZIER_KNOTS.);
#826 = CARTESIAN_POINT('',(12.3,-10.5));
#827 = CARTESIAN_POINT('',(26.5,-10.5));
#828 = ( GEOMETRIC_REPRESENTATION_CONTEXT(2) 
PARAMETRIC_REPRESENTATION_CONTEXT() REPRESENTATION_CONTEXT('2D SPACE',''
  ) );
#829 = PCURVE('',#830,#835);
#830 = PLANE('',#831);
#831 = AXIS2_PLACEMENT_3D('',#832,#833,#834);
#832 = CARTESIAN_POINT('',(11.4,-8.9,3.1));
#833 = DIRECTION('',(0.,0.,1.));
#834 = DIRECTION('',(1.,0.,-0.));
#835 = DEFINITIONAL_REPRESENTATION('',(#836),#839);
#836 = B_SPLINE_CURVE_WITH_KNOTS('',1,(#837,#838),.UNSPECIFIED.,.F.,.F.,
  (2,2),(6.15,20.35),.PIECEWISE_BEZIER_KNOTS.);
#837 = CARTESIAN_POINT('',(0.,5.));
#838 = CARTESIAN_POINT('',(14.2,5.));
#839 = ( GEOMETRIC_REPRESENTATION_CONTEXT(2) 
PARAMETRIC_REPRESENTATION_CONTEXT() REPRESENTATION_CONTEXT('2D SPACE',''
  ) );
#840 = ORIENTED_EDGE('',*,*,#841,.T.);
#841 = EDGE_CURVE('',#816,#842,#844,.T.);
#842 = VERTEX_POINT('',#843);
#843 = CARTESIAN_POINT('',(11.4,-3.9,-0.6));
#844 = SURFACE_CURVE('',#845,(#849,#855),.PCURVE_S1.);
#845 = LINE('',#846,#847);
#846 = CARTESIAN_POINT('',(11.4,-3.9,-6.5));
#847 = VECTOR('',#848,1.);
#848 = DIRECTION('',(-0.,0.,-1.));
#849 = PCURVE('',#231,#850);
#850 = DEFINITIONAL_REPRESENTATION('',(#851),#854);
#851 = B_SPLINE_CURVE_WITH_KNOTS('',1,(#852,#853),.UNSPECIFIED.,.F.,.F.,
  (2,2),(-9.6,-2.1),.PIECEWISE_BEZIER_KNOTS.);
#852 = CARTESIAN_POINT('',(12.3,-10.5));
#853 = CARTESIAN_POINT('',(12.3,-3.));
#854 = ( GEOMETRIC_REPRESENTATION_CONTEXT(2) 
PARAMETRIC_REPRESENTATION_CONTEXT() REPRESENTATION_CONTEXT('2D SPACE',''
  ) );
#855 = PCURVE('',#856,#861);
#856 = PLANE('',#857);
#857 = AXIS2_PLACEMENT_3D('',#858,#859,#860);
#858 = CARTESIAN_POINT('',(11.4,-8.9,-5.6));
#859 = DIRECTION('',(1.,0.,-0.));
#860 = DIRECTION('',(0.,0.,1.));
#861 = DEFINITIONAL_REPRESENTATION('',(#862),#865);
#862 = B_SPLINE_CURVE_WITH_KNOTS('',1,(#863,#864),.UNSPECIFIED.,.F.,.F.,
  (2,2),(-9.6,-2.1),.PIECEWISE_BEZIER_KNOTS.);
#863 = CARTESIAN_POINT('',(8.7,-5.));
#864 = CARTESIAN_POINT('',(1.2,-5.));
#865 = ( GEOMETRIC_REPRESENTATION_CONTEXT(2) 
PARAMETRIC_REPRESENTATION_CONTEXT() REPRESENTATION_CONTEXT('2D SPACE',''
  ) );
#866 = ORIENTED_EDGE('',*,*,#867,.F.);
#867 = EDGE_CURVE('',#868,#842,#870,.T.);
#868 = VERTEX_POINT('',#869);
#869 = CARTESIAN_POINT('',(0.6,-3.9,-0.6));
#870 = SURFACE_CURVE('',#871,(#875,#881),.PCURVE_S1.);
#871 = LINE('',#872,#873);
#872 = CARTESIAN_POINT('',(-0.15,-3.9,-0.6));
#873 = VECTOR('',#874,1.);
#874 = DIRECTION('',(1.,0.,0.));
#875 = PCURVE('',#231,#876);
#876 = DEFINITIONAL_REPRESENTATION('',(#877),#880);
#877 = B_SPLINE_CURVE_WITH_KNOTS('',1,(#878,#879),.UNSPECIFIED.,.F.,.F.,
  (2,2),(0.75,11.55),.PIECEWISE_BEZIER_KNOTS.);
#878 = CARTESIAN_POINT('',(1.5,-6.8));
#879 = CARTESIAN_POINT('',(12.3,-6.8));
#880 = ( GEOMETRIC_REPRESENTATION_CONTEXT(2) 
PARAMETRIC_REPRESENTATION_CONTEXT() REPRESENTATION_CONTEXT('2D SPACE',''
  ) );
#881 = PCURVE('',#882,#887);
#882 = PLANE('',#883);
#883 = AXIS2_PLACEMENT_3D('',#884,#885,#886);
#884 = CARTESIAN_POINT('',(0.6,-8.9,-0.6));
#885 = DIRECTION('',(0.,0.,1.));
#886 = DIRECTION('',(1.,0.,-0.));
#887 = DEFINITIONAL_REPRESENTATION('',(#888),#891);
#888 = B_SPLINE_CURVE_WITH_KNOTS('',1,(#889,#890),.UNSPECIFIED.,.F.,.F.,
  (2,2),(0.75,11.55),.PIECEWISE_BEZIER_KNOTS.);
#889 = CARTESIAN_POINT('',(0.,5.));
#890 = CARTESIAN_POINT('',(10.8,5.));
#891 = ( GEOMETRIC_REPRESENTATION_CONTEXT(2) 
PARAMETRIC_REPRESENTATION_CONTEXT() REPRESENTATION_CONTEXT('2D SPACE',''
  ) );
#892 = ORIENTED_EDGE('',*,*,#893,.T.);
#893 = EDGE_CURVE('',#868,#692,#894,.T.);
#894 = SURFACE_CURVE('',#895,(#899,#905),.PCURVE_S1.);
#895 = LINE('',#896,#897);
#896 = CARTESIAN_POINT('',(0.6,-3.9,-6.4));
#897 = VECTOR('',#898,1.);
#898 = DIRECTION('',(-0.,0.,-1.));
#899 = PCURVE('',#231,#900);
#900 = DEFINITIONAL_REPRESENTATION('',(#901),#904);
#901 = B_SPLINE_CURVE_WITH_KNOTS('',1,(#902,#903),.UNSPECIFIED.,.F.,.F.,
  (2,2),(-5.8,-2.),.PIECEWISE_BEZIER_KNOTS.);
#902 = CARTESIAN_POINT('',(1.5,-6.8));
#903 = CARTESIAN_POINT('',(1.5,-3.));
#904 = ( GEOMETRIC_REPRESENTATION_CONTEXT(2) 
PARAMETRIC_REPRESENTATION_CONTEXT() REPRESENTATION_CONTEXT('2D SPACE',''
  ) );
#905 = PCURVE('',#906,#911);
#906 = PLANE('',#907);
#907 = AXIS2_PLACEMENT_3D('',#908,#909,#910);
#908 = CARTESIAN_POINT('',(0.6,-8.9,-5.4));
#909 = DIRECTION('',(1.,0.,-0.));
#910 = DIRECTION('',(0.,0.,1.));
#911 = DEFINITIONAL_REPRESENTATION('',(#912),#915);
#912 = B_SPLINE_CURVE_WITH_KNOTS('',1,(#913,#914),.UNSPECIFIED.,.F.,.F.,
  (2,2),(-5.8,-2.),.PIECEWISE_BEZIER_KNOTS.);
#913 = CARTESIAN_POINT('',(4.8,-5.));
#914 = CARTESIAN_POINT('',(1.,-5.));
#915 = ( GEOMETRIC_REPRESENTATION_CONTEXT(2) 
PARAMETRIC_REPRESENTATION_CONTEXT() REPRESENTATION_CONTEXT('2D SPACE',''
  ) );
#916 = ADVANCED_FACE('',(#917),#305,.T.);
#917 = FACE_BOUND('',#918,.T.);
#918 = EDGE_LOOP('',(#919,#945,#982,#983));
#919 = ORIENTED_EDGE('',*,*,#920,.T.);
#920 = EDGE_CURVE('',#464,#921,#923,.T.);
#921 = VERTEX_POINT('',#922);
#922 = CARTESIAN_POINT('',(-0.9,39.839339828221,-6.96066017178));
#923 = SURFACE_CURVE('',#924,(#928,#934),.PCURVE_S1.);
#924 = LINE('',#925,#926);
#925 = CARTESIAN_POINT('',(-0.9,40.369669914111,-5.68033008589));
#926 = VECTOR('',#927,1.);
#927 = DIRECTION('',(-0.,-0.382683432365,-0.923879532511));
#928 = PCURVE('',#305,#929);
#929 = DEFINITIONAL_REPRESENTATION('',(#930),#933);
#930 = B_SPLINE_CURVE_WITH_KNOTS('',1,(#931,#932),.UNSPECIFIED.,.F.,.F.,
  (2,2),(-1.385819298767,1.385819298767),.PIECEWISE_BEZIER_KNOTS.);
#931 = CARTESIAN_POINT('',(0.,38.8));
#932 = CARTESIAN_POINT('',(4.712388980385,38.8));
#933 = ( GEOMETRIC_REPRESENTATION_CONTEXT(2) 
PARAMETRIC_REPRESENTATION_CONTEXT() REPRESENTATION_CONTEXT('2D SPACE',''
  ) );
#934 = PCURVE('',#935,#940);
#935 = PLANE('',#936);
#936 = AXIS2_PLACEMENT_3D('',#937,#938,#939);
#937 = CARTESIAN_POINT('',(37.9,40.369669914111,-5.68033008589));
#938 = DIRECTION('',(-1.440097047929E-17,0.923879532511,-0.382683432365)
  );
#939 = DIRECTION('',(1.,1.330476187412E-17,-5.511012812403E-18));
#940 = DEFINITIONAL_REPRESENTATION('',(#941),#944);
#941 = B_SPLINE_CURVE_WITH_KNOTS('',1,(#942,#943),.UNSPECIFIED.,.F.,.F.,
  (2,2),(-1.385819298767,1.385819298767),.PIECEWISE_BEZIER_KNOTS.);
#942 = CARTESIAN_POINT('',(-38.8,-1.385819298767));
#943 = CARTESIAN_POINT('',(-38.8,1.385819298767));
#944 = ( GEOMETRIC_REPRESENTATION_CONTEXT(2) 
PARAMETRIC_REPRESENTATION_CONTEXT() REPRESENTATION_CONTEXT('2D SPACE',''
  ) );
#945 = ORIENTED_EDGE('',*,*,#946,.T.);
#946 = EDGE_CURVE('',#921,#292,#947,.T.);
#947 = SURFACE_CURVE('',#948,(#956,#963),.PCURVE_S1.);
#948 = B_SPLINE_CURVE_WITH_KNOTS('',6,(#949,#950,#951,#952,#953,#954,
    #955),.UNSPECIFIED.,.F.,.F.,(7,7),(38.8,43.512388980385),
  .PIECEWISE_BEZIER_KNOTS.);
#949 = CARTESIAN_POINT('',(-0.9,39.839339824059,-6.96066017178));
#950 = CARTESIAN_POINT('',(-1.407715655498,39.839339824059,
    -6.96066017178));
#951 = CARTESIAN_POINT('',(-1.915396590144,39.6798736337,-6.96066017178)
  );
#952 = CARTESIAN_POINT('',(-2.360688474658,39.360688470497,
    -6.96066017178));
#953 = CARTESIAN_POINT('',(-2.679873637862,38.915396585983,
    -6.96066017178));
#954 = CARTESIAN_POINT('',(-2.83933982822,38.407715651336,-6.96066017178
    ));
#955 = CARTESIAN_POINT('',(-2.83933982822,37.899999995838,-6.96066017178
    ));
#956 = PCURVE('',#305,#957);
#957 = DEFINITIONAL_REPRESENTATION('',(#958),#962);
#958 = LINE('',#959,#960);
#959 = CARTESIAN_POINT('',(4.712388980385,0.));
#960 = VECTOR('',#961,1.);
#961 = DIRECTION('',(0.,1.));
#962 = ( GEOMETRIC_REPRESENTATION_CONTEXT(2) 
PARAMETRIC_REPRESENTATION_CONTEXT() REPRESENTATION_CONTEXT('2D SPACE',''
  ) );
#963 = PCURVE('',#964,#969);
#964 = CONICAL_SURFACE('',#965,3.,0.785398163397);
#965 = AXIS2_PLACEMENT_3D('',#966,#967,#968);
#966 = CARTESIAN_POINT('',(-0.9,37.899999995838,-5.9));
#967 = DIRECTION('',(0.,0.,1.));
#968 = DIRECTION('',(0.,1.,0.));
#969 = DEFINITIONAL_REPRESENTATION('',(#970),#981);
#970 = B_SPLINE_CURVE_WITH_KNOTS('',9,(#971,#972,#973,#974,#975,#976,
    #977,#978,#979,#980),.UNSPECIFIED.,.F.,.F.,(10,10),(38.8,
    43.512388980385),.PIECEWISE_BEZIER_KNOTS.);
#971 = CARTESIAN_POINT('',(-5.477089412253E-15,-1.06066017178));
#972 = CARTESIAN_POINT('',(0.174532126211,-1.06066017178));
#973 = CARTESIAN_POINT('',(0.349056831434,-1.06066017178));
#974 = CARTESIAN_POINT('',(0.523603035017,-1.06066017178));
#975 = CARTESIAN_POINT('',(0.698153658391,-1.06066017178));
#976 = CARTESIAN_POINT('',(0.872642668403,-1.06066017178));
#977 = CARTESIAN_POINT('',(1.047193291778,-1.06066017178));
#978 = CARTESIAN_POINT('',(1.22173949536,-1.06066017178));
#979 = CARTESIAN_POINT('',(1.396264200584,-1.06066017178));
#980 = CARTESIAN_POINT('',(1.570796326795,-1.06066017178));
#981 = ( GEOMETRIC_REPRESENTATION_CONTEXT(2) 
PARAMETRIC_REPRESENTATION_CONTEXT() REPRESENTATION_CONTEXT('2D SPACE',''
  ) );
#982 = ORIENTED_EDGE('',*,*,#291,.F.);
#983 = ORIENTED_EDGE('',*,*,#524,.F.);
#984 = ADVANCED_FACE('',(#985),#362,.F.);
#985 = FACE_BOUND('',#986,.T.);
#986 = EDGE_LOOP('',(#987,#1008,#1036,#1055));
#987 = ORIENTED_EDGE('',*,*,#988,.F.);
#988 = EDGE_CURVE('',#989,#292,#991,.T.);
#989 = VERTEX_POINT('',#990);
#990 = CARTESIAN_POINT('',(-2.4,37.899999995838,-7.4));
#991 = SURFACE_CURVE('',#992,(#996,#1002),.PCURVE_S1.);
#992 = LINE('',#993,#994);
#993 = CARTESIAN_POINT('',(-3.9,37.899999995838,-5.9));
#994 = VECTOR('',#995,1.);
#995 = DIRECTION('',(-0.707106781187,4.329780281177E-17,0.707106781187)
  );
#996 = PCURVE('',#362,#997);
#997 = DEFINITIONAL_REPRESENTATION('',(#998),#1001);
#998 = B_SPLINE_CURVE_WITH_KNOTS('',1,(#999,#1000),.UNSPECIFIED.,.F.,.F.
  ,(2,2),(-2.12132034356,0.),.PIECEWISE_BEZIER_KNOTS.);
#999 = CARTESIAN_POINT('',(0.,-1.06066017178));
#1000 = CARTESIAN_POINT('',(0.,1.06066017178));
#1001 = ( GEOMETRIC_REPRESENTATION_CONTEXT(2) 
PARAMETRIC_REPRESENTATION_CONTEXT() REPRESENTATION_CONTEXT('2D SPACE',''
  ) );
#1002 = PCURVE('',#964,#1003);
#1003 = DEFINITIONAL_REPRESENTATION('',(#1004),#1007);
#1004 = B_SPLINE_CURVE_WITH_KNOTS('',1,(#1005,#1006),.UNSPECIFIED.,.F.,
  .F.,(2,2),(-2.12132034356,0.),.PIECEWISE_BEZIER_KNOTS.);
#1005 = CARTESIAN_POINT('',(1.570796326795,-1.5));
#1006 = CARTESIAN_POINT('',(1.570796326795,0.));
#1007 = ( GEOMETRIC_REPRESENTATION_CONTEXT(2) 
PARAMETRIC_REPRESENTATION_CONTEXT() REPRESENTATION_CONTEXT('2D SPACE',''
  ) );
#1008 = ORIENTED_EDGE('',*,*,#1009,.T.);
#1009 = EDGE_CURVE('',#989,#1010,#1012,.T.);
#1010 = VERTEX_POINT('',#1011);
#1011 = CARTESIAN_POINT('',(-2.4,-0.9,-7.4));
#1012 = SURFACE_CURVE('',#1013,(#1017,#1024),.PCURVE_S1.);
#1013 = LINE('',#1014,#1015);
#1014 = CARTESIAN_POINT('',(-2.4,37.899999995838,-7.4));
#1015 = VECTOR('',#1016,1.);
#1016 = DIRECTION('',(-0.,-1.,-0.));
#1017 = PCURVE('',#362,#1018);
#1018 = DEFINITIONAL_REPRESENTATION('',(#1019),#1023);
#1019 = LINE('',#1020,#1021);
#1020 = CARTESIAN_POINT('',(-0.,-1.06066017178));
#1021 = VECTOR('',#1022,1.);
#1022 = DIRECTION('',(-1.,0.));
#1023 = ( GEOMETRIC_REPRESENTATION_CONTEXT(2) 
PARAMETRIC_REPRESENTATION_CONTEXT() REPRESENTATION_CONTEXT('2D SPACE',''
  ) );
#1024 = PCURVE('',#1025,#1030);
#1025 = PLANE('',#1026);
#1026 = AXIS2_PLACEMENT_3D('',#1027,#1028,#1029);
#1027 = CARTESIAN_POINT('',(18.499999999424,18.499999999385,-7.4));
#1028 = DIRECTION('',(0.,0.,1.));
#1029 = DIRECTION('',(1.,0.,-0.));
#1030 = DEFINITIONAL_REPRESENTATION('',(#1031),#1035);
#1031 = LINE('',#1032,#1033);
#1032 = CARTESIAN_POINT('',(-20.89999999942,19.399999996454));
#1033 = VECTOR('',#1034,1.);
#1034 = DIRECTION('',(0.,-1.));
#1035 = ( GEOMETRIC_REPRESENTATION_CONTEXT(2) 
PARAMETRIC_REPRESENTATION_CONTEXT() REPRESENTATION_CONTEXT('2D SPACE',''
  ) );
#1036 = ORIENTED_EDGE('',*,*,#1037,.T.);
#1037 = EDGE_CURVE('',#1010,#328,#1038,.T.);
#1038 = SURFACE_CURVE('',#1039,(#1043,#1049),.PCURVE_S1.);
#1039 = LINE('',#1040,#1041);
#1040 = CARTESIAN_POINT('',(-3.15,-0.9,-6.65));
#1041 = VECTOR('',#1042,1.);
#1042 = DIRECTION('',(-0.707106781187,-0.,0.707106781187));
#1043 = PCURVE('',#362,#1044);
#1044 = DEFINITIONAL_REPRESENTATION('',(#1045),#1048);
#1045 = B_SPLINE_CURVE_WITH_KNOTS('',1,(#1046,#1047),.UNSPECIFIED.,.F.,
  .F.,(2,2),(-1.06066017178,1.06066017178),.PIECEWISE_BEZIER_KNOTS.);
#1046 = CARTESIAN_POINT('',(-38.79999999583,-1.06066017178));
#1047 = CARTESIAN_POINT('',(-38.79999999583,1.06066017178));
#1048 = ( GEOMETRIC_REPRESENTATION_CONTEXT(2) 
PARAMETRIC_REPRESENTATION_CONTEXT() REPRESENTATION_CONTEXT('2D SPACE',''
  ) );
#1049 = PCURVE('',#578,#1050);
#1050 = DEFINITIONAL_REPRESENTATION('',(#1051),#1054);
#1051 = B_SPLINE_CURVE_WITH_KNOTS('',1,(#1052,#1053),.UNSPECIFIED.,.F.,
  .F.,(2,2),(-1.06066017178,1.06066017178),.PIECEWISE_BEZIER_KNOTS.);
#1052 = CARTESIAN_POINT('',(-8.881784197001E-16,-1.5));
#1053 = CARTESIAN_POINT('',(-8.881784197001E-16,-3.140184917368E-16));
#1054 = ( GEOMETRIC_REPRESENTATION_CONTEXT(2) 
PARAMETRIC_REPRESENTATION_CONTEXT() REPRESENTATION_CONTEXT('2D SPACE',''
  ) );
#1055 = ORIENTED_EDGE('',*,*,#348,.F.);
#1056 = ADVANCED_FACE('',(#1057),#391,.F.);
#1057 = FACE_BOUND('',#1058,.F.);
#1058 = EDGE_LOOP('',(#1059,#1085,#1122,#1123));
#1059 = ORIENTED_EDGE('',*,*,#1060,.T.);
#1060 = EDGE_CURVE('',#466,#1061,#1063,.T.);
#1061 = VERTEX_POINT('',#1062);
#1062 = CARTESIAN_POINT('',(-0.9,39.839339828221,9.56066017178));
#1063 = SURFACE_CURVE('',#1064,(#1068,#1074),.PCURVE_S1.);
#1064 = LINE('',#1065,#1066);
#1065 = CARTESIAN_POINT('',(-0.9,40.369669914111,8.28033008589));
#1066 = VECTOR('',#1067,1.);
#1067 = DIRECTION('',(-0.,-0.382683432365,0.923879532511));
#1068 = PCURVE('',#391,#1069);
#1069 = DEFINITIONAL_REPRESENTATION('',(#1070),#1073);
#1070 = B_SPLINE_CURVE_WITH_KNOTS('',1,(#1071,#1072),.UNSPECIFIED.,.F.,
  .F.,(2,2),(-1.385819298767,1.385819298767),.PIECEWISE_BEZIER_KNOTS.);
#1071 = CARTESIAN_POINT('',(0.,38.8));
#1072 = CARTESIAN_POINT('',(4.712388980385,38.8));
#1073 = ( GEOMETRIC_REPRESENTATION_CONTEXT(2) 
PARAMETRIC_REPRESENTATION_CONTEXT() REPRESENTATION_CONTEXT('2D SPACE',''
  ) );
#1074 = PCURVE('',#1075,#1080);
#1075 = PLANE('',#1076);
#1076 = AXIS2_PLACEMENT_3D('',#1077,#1078,#1079);
#1077 = CARTESIAN_POINT('',(37.9,40.369669914111,8.28033008589));
#1078 = DIRECTION('',(1.440097047929E-17,-0.923879532511,-0.382683432365
    ));
#1079 = DIRECTION('',(1.,1.330476187412E-17,5.511012812403E-18));
#1080 = DEFINITIONAL_REPRESENTATION('',(#1081),#1084);
#1081 = B_SPLINE_CURVE_WITH_KNOTS('',1,(#1082,#1083),.UNSPECIFIED.,.F.,
  .F.,(2,2),(-1.385819298767,1.385819298767),.PIECEWISE_BEZIER_KNOTS.);
#1082 = CARTESIAN_POINT('',(-38.8,-1.385819298767));
#1083 = CARTESIAN_POINT('',(-38.8,1.385819298767));
#1084 = ( GEOMETRIC_REPRESENTATION_CONTEXT(2) 
PARAMETRIC_REPRESENTATION_CONTEXT() REPRESENTATION_CONTEXT('2D SPACE',''
  ) );
#1085 = ORIENTED_EDGE('',*,*,#1086,.T.);
#1086 = EDGE_CURVE('',#1061,#378,#1087,.T.);
#1087 = SURFACE_CURVE('',#1088,(#1096,#1103),.PCURVE_S1.);
#1088 = B_SPLINE_CURVE_WITH_KNOTS('',6,(#1089,#1090,#1091,#1092,#1093,
    #1094,#1095),.UNSPECIFIED.,.F.,.F.,(7,7),(38.8,43.512388980385),
  .PIECEWISE_BEZIER_KNOTS.);
#1089 = CARTESIAN_POINT('',(-0.9,39.839339824059,9.56066017178));
#1090 = CARTESIAN_POINT('',(-1.407715655498,39.839339824059,
    9.56066017178));
#1091 = CARTESIAN_POINT('',(-1.915396590144,39.6798736337,9.56066017178)
  );
#1092 = CARTESIAN_POINT('',(-2.360688474658,39.360688470497,
    9.56066017178));
#1093 = CARTESIAN_POINT('',(-2.679873637862,38.915396585983,
    9.56066017178));
#1094 = CARTESIAN_POINT('',(-2.83933982822,38.407715651336,9.56066017178
    ));
#1095 = CARTESIAN_POINT('',(-2.83933982822,37.899999995838,9.56066017178
    ));
#1096 = PCURVE('',#391,#1097);
#1097 = DEFINITIONAL_REPRESENTATION('',(#1098),#1102);
#1098 = LINE('',#1099,#1100);
#1099 = CARTESIAN_POINT('',(4.712388980385,0.));
#1100 = VECTOR('',#1101,1.);
#1101 = DIRECTION('',(0.,1.));
#1102 = ( GEOMETRIC_REPRESENTATION_CONTEXT(2) 
PARAMETRIC_REPRESENTATION_CONTEXT() REPRESENTATION_CONTEXT('2D SPACE',''
  ) );
#1103 = PCURVE('',#1104,#1109);
#1104 = CONICAL_SURFACE('',#1105,3.,0.785398163397);
#1105 = AXIS2_PLACEMENT_3D('',#1106,#1107,#1108);
#1106 = CARTESIAN_POINT('',(-0.9,37.899999995838,8.5));
#1107 = DIRECTION('',(-0.,-0.,-1.));
#1108 = DIRECTION('',(0.,1.,-0.));
#1109 = DEFINITIONAL_REPRESENTATION('',(#1110),#1121);
#1110 = B_SPLINE_CURVE_WITH_KNOTS('',9,(#1111,#1112,#1113,#1114,#1115,
    #1116,#1117,#1118,#1119,#1120),.UNSPECIFIED.,.F.,.F.,(10,10),(38.8,
    43.512388980385),.PIECEWISE_BEZIER_KNOTS.);
#1111 = CARTESIAN_POINT('',(4.255844085165E-15,-1.06066017178));
#1112 = CARTESIAN_POINT('',(-0.174532126211,-1.06066017178));
#1113 = CARTESIAN_POINT('',(-0.349056831434,-1.06066017178));
#1114 = CARTESIAN_POINT('',(-0.523603035017,-1.06066017178));
#1115 = CARTESIAN_POINT('',(-0.698153658391,-1.06066017178));
#1116 = CARTESIAN_POINT('',(-0.872642668404,-1.06066017178));
#1117 = CARTESIAN_POINT('',(-1.047193291778,-1.06066017178));
#1118 = CARTESIAN_POINT('',(-1.221739495361,-1.06066017178));
#1119 = CARTESIAN_POINT('',(-1.396264200584,-1.06066017178));
#1120 = CARTESIAN_POINT('',(-1.570796326795,-1.06066017178));
#1121 = ( GEOMETRIC_REPRESENTATION_CONTEXT(2) 
PARAMETRIC_REPRESENTATION_CONTEXT() REPRESENTATION_CONTEXT('2D SPACE',''
  ) );
#1122 = ORIENTED_EDGE('',*,*,#377,.F.);
#1123 = ORIENTED_EDGE('',*,*,#493,.F.);
#1124 = ADVANCED_FACE('',(#1125),#448,.T.);
#1125 = FACE_BOUND('',#1126,.F.);
#1126 = EDGE_LOOP('',(#1127,#1148,#1176,#1195));
#1127 = ORIENTED_EDGE('',*,*,#1128,.F.);
#1128 = EDGE_CURVE('',#1129,#378,#1131,.T.);
#1129 = VERTEX_POINT('',#1130);
#1130 = CARTESIAN_POINT('',(-2.4,37.899999995838,10.));
#1131 = SURFACE_CURVE('',#1132,(#1136,#1142),.PCURVE_S1.);
#1132 = LINE('',#1133,#1134);
#1133 = CARTESIAN_POINT('',(-3.9,37.899999995838,8.5));
#1134 = VECTOR('',#1135,1.);
#1135 = DIRECTION('',(-0.707106781187,4.329780281177E-17,-0.707106781187
    ));
#1136 = PCURVE('',#448,#1137);
#1137 = DEFINITIONAL_REPRESENTATION('',(#1138),#1141);
#1138 = B_SPLINE_CURVE_WITH_KNOTS('',1,(#1139,#1140),.UNSPECIFIED.,.F.,
  .F.,(2,2),(-2.12132034356,0.),.PIECEWISE_BEZIER_KNOTS.);
#1139 = CARTESIAN_POINT('',(0.,-1.06066017178));
#1140 = CARTESIAN_POINT('',(0.,1.06066017178));
#1141 = ( GEOMETRIC_REPRESENTATION_CONTEXT(2) 
PARAMETRIC_REPRESENTATION_CONTEXT() REPRESENTATION_CONTEXT('2D SPACE',''
  ) );
#1142 = PCURVE('',#1104,#1143);
#1143 = DEFINITIONAL_REPRESENTATION('',(#1144),#1147);
#1144 = B_SPLINE_CURVE_WITH_KNOTS('',1,(#1145,#1146),.UNSPECIFIED.,.F.,
  .F.,(2,2),(-2.12132034356,0.),.PIECEWISE_BEZIER_KNOTS.);
#1145 = CARTESIAN_POINT('',(-1.570796326795,-1.5));
#1146 = CARTESIAN_POINT('',(-1.570796326795,0.));
#1147 = ( GEOMETRIC_REPRESENTATION_CONTEXT(2) 
PARAMETRIC_REPRESENTATION_CONTEXT() REPRESENTATION_CONTEXT('2D SPACE',''
  ) );
#1148 = ORIENTED_EDGE('',*,*,#1149,.T.);
#1149 = EDGE_CURVE('',#1129,#1150,#1152,.T.);
#1150 = VERTEX_POINT('',#1151);
#1151 = CARTESIAN_POINT('',(-2.4,-0.9,10.));
#1152 = SURFACE_CURVE('',#1153,(#1157,#1164),.PCURVE_S1.);
#1153 = LINE('',#1154,#1155);
#1154 = CARTESIAN_POINT('',(-2.4,37.899999995838,10.));
#1155 = VECTOR('',#1156,1.);
#1156 = DIRECTION('',(-0.,-1.,-0.));
#1157 = PCURVE('',#448,#1158);
#1158 = DEFINITIONAL_REPRESENTATION('',(#1159),#1163);
#1159 = LINE('',#1160,#1161);
#1160 = CARTESIAN_POINT('',(-0.,-1.06066017178));
#1161 = VECTOR('',#1162,1.);
#1162 = DIRECTION('',(-1.,0.));
#1163 = ( GEOMETRIC_REPRESENTATION_CONTEXT(2) 
PARAMETRIC_REPRESENTATION_CONTEXT() REPRESENTATION_CONTEXT('2D SPACE',''
  ) );
#1164 = PCURVE('',#1165,#1170);
#1165 = PLANE('',#1166);
#1166 = AXIS2_PLACEMENT_3D('',#1167,#1168,#1169);
#1167 = CARTESIAN_POINT('',(18.499999999424,18.499999999385,10.));
#1168 = DIRECTION('',(0.,0.,1.));
#1169 = DIRECTION('',(1.,0.,-0.));
#1170 = DEFINITIONAL_REPRESENTATION('',(#1171),#1175);
#1171 = LINE('',#1172,#1173);
#1172 = CARTESIAN_POINT('',(-20.89999999942,19.399999996454));
#1173 = VECTOR('',#1174,1.);
#1174 = DIRECTION('',(0.,-1.));
#1175 = ( GEOMETRIC_REPRESENTATION_CONTEXT(2) 
PARAMETRIC_REPRESENTATION_CONTEXT() REPRESENTATION_CONTEXT('2D SPACE',''
  ) );
#1176 = ORIENTED_EDGE('',*,*,#1177,.T.);
#1177 = EDGE_CURVE('',#1150,#414,#1178,.T.);
#1178 = SURFACE_CURVE('',#1179,(#1183,#1189),.PCURVE_S1.);
#1179 = LINE('',#1180,#1181);
#1180 = CARTESIAN_POINT('',(-3.15,-0.9,9.25));
#1181 = VECTOR('',#1182,1.);
#1182 = DIRECTION('',(-0.707106781187,-0.,-0.707106781187));
#1183 = PCURVE('',#448,#1184);
#1184 = DEFINITIONAL_REPRESENTATION('',(#1185),#1188);
#1185 = B_SPLINE_CURVE_WITH_KNOTS('',1,(#1186,#1187),.UNSPECIFIED.,.F.,
  .F.,(2,2),(-1.06066017178,1.06066017178),.PIECEWISE_BEZIER_KNOTS.);
#1186 = CARTESIAN_POINT('',(-38.79999999583,-1.06066017178));
#1187 = CARTESIAN_POINT('',(-38.79999999583,1.06066017178));
#1188 = ( GEOMETRIC_REPRESENTATION_CONTEXT(2) 
PARAMETRIC_REPRESENTATION_CONTEXT() REPRESENTATION_CONTEXT('2D SPACE',''
  ) );
#1189 = PCURVE('',#645,#1190);
#1190 = DEFINITIONAL_REPRESENTATION('',(#1191),#1194);
#1191 = B_SPLINE_CURVE_WITH_KNOTS('',1,(#1192,#1193),.UNSPECIFIED.,.F.,
  .F.,(2,2),(-1.06066017178,1.06066017178),.PIECEWISE_BEZIER_KNOTS.);
#1192 = CARTESIAN_POINT('',(8.881784197001E-16,-1.5));
#1193 = CARTESIAN_POINT('',(8.881784197001E-16,3.140184917368E-16));
#1194 = ( GEOMETRIC_REPRESENTATION_CONTEXT(2) 
PARAMETRIC_REPRESENTATION_CONTEXT() REPRESENTATION_CONTEXT('2D SPACE',''
  ) );
#1195 = ORIENTED_EDGE('',*,*,#434,.F.);
#1196 = ADVANCED_FACE('',(#1197),#481,.T.);
#1197 = FACE_BOUND('',#1198,.T.);
#1198 = EDGE_LOOP('',(#1199,#1200,#1223,#1251));
#1199 = ORIENTED_EDGE('',*,*,#463,.T.);
#1200 = ORIENTED_EDGE('',*,*,#1201,.F.);
#1201 = EDGE_CURVE('',#1202,#466,#1204,.T.);
#1202 = VERTEX_POINT('',#1203);
#1203 = CARTESIAN_POINT('',(37.9,40.9,7.));
#1204 = SURFACE_CURVE('',#1205,(#1209,#1216),.PCURVE_S1.);
#1205 = LINE('',#1206,#1207);
#1206 = CARTESIAN_POINT('',(37.9,40.9,7.));
#1207 = VECTOR('',#1208,1.);
#1208 = DIRECTION('',(-1.,-0.,-0.));
#1209 = PCURVE('',#481,#1210);
#1210 = DEFINITIONAL_REPRESENTATION('',(#1211),#1215);
#1211 = LINE('',#1212,#1213);
#1212 = CARTESIAN_POINT('',(38.8,-14.4));
#1213 = VECTOR('',#1214,1.);
#1214 = DIRECTION('',(-1.,0.));
#1215 = ( GEOMETRIC_REPRESENTATION_CONTEXT(2) 
PARAMETRIC_REPRESENTATION_CONTEXT() REPRESENTATION_CONTEXT('2D SPACE',''
  ) );
#1216 = PCURVE('',#1075,#1217);
#1217 = DEFINITIONAL_REPRESENTATION('',(#1218),#1222);
#1218 = LINE('',#1219,#1220);
#1219 = CARTESIAN_POINT('',(-0.,-1.385819298767));
#1220 = VECTOR('',#1221,1.);
#1221 = DIRECTION('',(-1.,0.));
#1222 = ( GEOMETRIC_REPRESENTATION_CONTEXT(2) 
PARAMETRIC_REPRESENTATION_CONTEXT() REPRESENTATION_CONTEXT('2D SPACE',''
  ) );
#1223 = ORIENTED_EDGE('',*,*,#1224,.F.);
#1224 = EDGE_CURVE('',#1225,#1202,#1227,.T.);
#1225 = VERTEX_POINT('',#1226);
#1226 = CARTESIAN_POINT('',(37.9,40.9,-4.4));
#1227 = SURFACE_CURVE('',#1228,(#1232,#1239),.PCURVE_S1.);
#1228 = LINE('',#1229,#1230);
#1229 = CARTESIAN_POINT('',(37.9,40.899999997919,-7.4));
#1230 = VECTOR('',#1231,1.);
#1231 = DIRECTION('',(0.,0.,1.));
#1232 = PCURVE('',#481,#1233);
#1233 = DEFINITIONAL_REPRESENTATION('',(#1234),#1238);
#1234 = LINE('',#1235,#1236);
#1235 = CARTESIAN_POINT('',(38.8,0.));
#1236 = VECTOR('',#1237,1.);
#1237 = DIRECTION('',(0.,-1.));
#1238 = ( GEOMETRIC_REPRESENTATION_CONTEXT(2) 
PARAMETRIC_REPRESENTATION_CONTEXT() REPRESENTATION_CONTEXT('2D SPACE',''
  ) );
#1239 = PCURVE('',#1240,#1245);
#1240 = CYLINDRICAL_SURFACE('',#1241,3.);
#1241 = AXIS2_PLACEMENT_3D('',#1242,#1243,#1244);
#1242 = CARTESIAN_POINT('',(37.9,37.899999995838,-7.4));
#1243 = DIRECTION('',(-0.,-0.,-1.));
#1244 = DIRECTION('',(1.,0.,0.));
#1245 = DEFINITIONAL_REPRESENTATION('',(#1246),#1250);
#1246 = LINE('',#1247,#1248);
#1247 = CARTESIAN_POINT('',(-1.570796326795,0.));
#1248 = VECTOR('',#1249,1.);
#1249 = DIRECTION('',(-0.,-1.));
#1250 = ( GEOMETRIC_REPRESENTATION_CONTEXT(2) 
PARAMETRIC_REPRESENTATION_CONTEXT() REPRESENTATION_CONTEXT('2D SPACE',''
  ) );
#1251 = ORIENTED_EDGE('',*,*,#1252,.T.);
#1252 = EDGE_CURVE('',#1225,#464,#1253,.T.);
#1253 = SURFACE_CURVE('',#1254,(#1258,#1265),.PCURVE_S1.);
#1254 = LINE('',#1255,#1256);
#1255 = CARTESIAN_POINT('',(37.9,40.9,-4.4));
#1256 = VECTOR('',#1257,1.);
#1257 = DIRECTION('',(-1.,-0.,-0.));
#1258 = PCURVE('',#481,#1259);
#1259 = DEFINITIONAL_REPRESENTATION('',(#1260),#1264);
#1260 = LINE('',#1261,#1262);
#1261 = CARTESIAN_POINT('',(38.8,-3.));
#1262 = VECTOR('',#1263,1.);
#1263 = DIRECTION('',(-1.,0.));
#1264 = ( GEOMETRIC_REPRESENTATION_CONTEXT(2) 
PARAMETRIC_REPRESENTATION_CONTEXT() REPRESENTATION_CONTEXT('2D SPACE',''
  ) );
#1265 = PCURVE('',#935,#1266);
#1266 = DEFINITIONAL_REPRESENTATION('',(#1267),#1271);
#1267 = LINE('',#1268,#1269);
#1268 = CARTESIAN_POINT('',(-0.,-1.385819298767));
#1269 = VECTOR('',#1270,1.);
#1270 = DIRECTION('',(-1.,0.));
#1271 = ( GEOMETRIC_REPRESENTATION_CONTEXT(2) 
PARAMETRIC_REPRESENTATION_CONTEXT() REPRESENTATION_CONTEXT('2D SPACE',''
  ) );
#1272 = ADVANCED_FACE('',(#1273),#578,.T.);
#1273 = FACE_BOUND('',#1274,.T.);
#1274 = EDGE_LOOP('',(#1275,#1276,#1300,#1324));
#1275 = ORIENTED_EDGE('',*,*,#1037,.F.);
#1276 = ORIENTED_EDGE('',*,*,#1277,.T.);
#1277 = EDGE_CURVE('',#1010,#1278,#1280,.T.);
#1278 = VERTEX_POINT('',#1279);
#1279 = CARTESIAN_POINT('',(-0.9,-2.4,-7.4));
#1280 = SURFACE_CURVE('',#1281,(#1286,#1293),.PCURVE_S1.);
#1281 = CIRCLE('',#1282,1.5);
#1282 = AXIS2_PLACEMENT_3D('',#1283,#1284,#1285);
#1283 = CARTESIAN_POINT('',(-0.9,-0.9,-7.4));
#1284 = DIRECTION('',(0.,0.,1.));
#1285 = DIRECTION('',(-1.,-1.184237892934E-15,0.));
#1286 = PCURVE('',#578,#1287);
#1287 = DEFINITIONAL_REPRESENTATION('',(#1288),#1292);
#1288 = LINE('',#1289,#1290);
#1289 = CARTESIAN_POINT('',(0.,-1.5));
#1290 = VECTOR('',#1291,1.);
#1291 = DIRECTION('',(1.,0.));
#1292 = ( GEOMETRIC_REPRESENTATION_CONTEXT(2) 
PARAMETRIC_REPRESENTATION_CONTEXT() REPRESENTATION_CONTEXT('2D SPACE',''
  ) );
#1293 = PCURVE('',#1025,#1294);
#1294 = DEFINITIONAL_REPRESENTATION('',(#1295),#1299);
#1295 = CIRCLE('',#1296,1.5);
#1296 = AXIS2_PLACEMENT_2D('',#1297,#1298);
#1297 = CARTESIAN_POINT('',(-19.39999999942,-19.39999999938));
#1298 = DIRECTION('',(-1.,-1.184237892934E-15));
#1299 = ( GEOMETRIC_REPRESENTATION_CONTEXT(2) 
PARAMETRIC_REPRESENTATION_CONTEXT() REPRESENTATION_CONTEXT('2D SPACE',''
  ) );
#1300 = ORIENTED_EDGE('',*,*,#1301,.T.);
#1301 = EDGE_CURVE('',#1278,#559,#1302,.T.);
#1302 = SURFACE_CURVE('',#1303,(#1307,#1313),.PCURVE_S1.);
#1303 = LINE('',#1304,#1305);
#1304 = CARTESIAN_POINT('',(-0.9,-3.15,-6.65));
#1305 = VECTOR('',#1306,1.);
#1306 = DIRECTION('',(0.,-0.707106781187,0.707106781187));
#1307 = PCURVE('',#578,#1308);
#1308 = DEFINITIONAL_REPRESENTATION('',(#1309),#1312);
#1309 = B_SPLINE_CURVE_WITH_KNOTS('',1,(#1310,#1311),.UNSPECIFIED.,.F.,
  .F.,(2,2),(-1.06066017178,1.06066017178),.PIECEWISE_BEZIER_KNOTS.);
#1310 = CARTESIAN_POINT('',(1.570796326795,-1.5));
#1311 = CARTESIAN_POINT('',(1.570796326795,-3.140184917368E-16));
#1312 = ( GEOMETRIC_REPRESENTATION_CONTEXT(2) 
PARAMETRIC_REPRESENTATION_CONTEXT() REPRESENTATION_CONTEXT('2D SPACE',''
  ) );
#1313 = PCURVE('',#1314,#1319);
#1314 = PLANE('',#1315);
#1315 = AXIS2_PLACEMENT_3D('',#1316,#1317,#1318);
#1316 = CARTESIAN_POINT('',(-0.9,-3.15,-6.65));
#1317 = DIRECTION('',(0.,-0.707106781187,-0.707106781187));
#1318 = DIRECTION('',(1.,0.,0.));
#1319 = DEFINITIONAL_REPRESENTATION('',(#1320),#1323);
#1320 = B_SPLINE_CURVE_WITH_KNOTS('',1,(#1321,#1322),.UNSPECIFIED.,.F.,
  .F.,(2,2),(-1.06066017178,1.06066017178),.PIECEWISE_BEZIER_KNOTS.);
#1321 = CARTESIAN_POINT('',(0.,-1.06066017178));
#1322 = CARTESIAN_POINT('',(0.,1.06066017178));
#1323 = ( GEOMETRIC_REPRESENTATION_CONTEXT(2) 
PARAMETRIC_REPRESENTATION_CONTEXT() REPRESENTATION_CONTEXT('2D SPACE',''
  ) );
#1324 = ORIENTED_EDGE('',*,*,#558,.F.);
#1325 = ADVANCED_FACE('',(#1326),#609,.F.);
#1326 = FACE_BOUND('',#1327,.F.);
#1327 = EDGE_LOOP('',(#1328,#1329,#1330,#1351,#1377,#1398,#1424,#1443,
    #1444,#1480));
#1328 = ORIENTED_EDGE('',*,*,#597,.F.);
#1329 = ORIENTED_EDGE('',*,*,#691,.T.);
#1330 = ORIENTED_EDGE('',*,*,#1331,.T.);
#1331 = EDGE_CURVE('',#692,#1332,#1334,.T.);
#1332 = VERTEX_POINT('',#1333);
#1333 = CARTESIAN_POINT('',(0.6,-3.5,-5.365685424948));
#1334 = SURFACE_CURVE('',#1335,(#1339,#1345),.PCURVE_S1.);
#1335 = LINE('',#1336,#1337);
#1336 = CARTESIAN_POINT('',(0.6,-3.824174785275,-4.583058261758));
#1337 = VECTOR('',#1338,1.);
#1338 = DIRECTION('',(-0.,0.382683432365,-0.923879532511));
#1339 = PCURVE('',#609,#1340);
#1340 = DEFINITIONAL_REPRESENTATION('',(#1341),#1344);
#1341 = B_SPLINE_CURVE_WITH_KNOTS('',1,(#1342,#1343),.UNSPECIFIED.,.F.,
  .F.,(2,2),(-0.198140834726,0.847109537174),.PIECEWISE_BEZIER_KNOTS.);
#1342 = CARTESIAN_POINT('',(1.5,-1.385819298767));
#1343 = CARTESIAN_POINT('',(1.5,-0.340568926867));
#1344 = ( GEOMETRIC_REPRESENTATION_CONTEXT(2) 
PARAMETRIC_REPRESENTATION_CONTEXT() REPRESENTATION_CONTEXT('2D SPACE',''
  ) );
#1345 = PCURVE('',#906,#1346);
#1346 = DEFINITIONAL_REPRESENTATION('',(#1347),#1350);
#1347 = B_SPLINE_CURVE_WITH_KNOTS('',1,(#1348,#1349),.UNSPECIFIED.,.F.,
  .F.,(2,2),(-0.198140834726,0.847109537174),.PIECEWISE_BEZIER_KNOTS.);
#1348 = CARTESIAN_POINT('',(1.,-5.));
#1349 = CARTESIAN_POINT('',(3.431457505176E-02,-5.4));
#1350 = ( GEOMETRIC_REPRESENTATION_CONTEXT(2) 
PARAMETRIC_REPRESENTATION_CONTEXT() REPRESENTATION_CONTEXT('2D SPACE',''
  ) );
#1351 = ORIENTED_EDGE('',*,*,#1352,.F.);
#1352 = EDGE_CURVE('',#1353,#1332,#1355,.T.);
#1353 = VERTEX_POINT('',#1354);
#1354 = CARTESIAN_POINT('',(11.4,-3.5,-5.365685424948));
#1355 = SURFACE_CURVE('',#1356,(#1360,#1366),.PCURVE_S1.);
#1356 = LINE('',#1357,#1358);
#1357 = CARTESIAN_POINT('',(-0.15,-3.5,-5.365685424948));
#1358 = VECTOR('',#1359,1.);
#1359 = DIRECTION('',(-1.,-0.,0.));
#1360 = PCURVE('',#609,#1361);
#1361 = DEFINITIONAL_REPRESENTATION('',(#1362),#1365);
#1362 = B_SPLINE_CURVE_WITH_KNOTS('',1,(#1363,#1364),.UNSPECIFIED.,.F.,
  .F.,(2,2),(-11.55,-0.75),.PIECEWISE_BEZIER_KNOTS.);
#1363 = CARTESIAN_POINT('',(12.3,-0.340568926867));
#1364 = CARTESIAN_POINT('',(1.5,-0.340568926867));
#1365 = ( GEOMETRIC_REPRESENTATION_CONTEXT(2) 
PARAMETRIC_REPRESENTATION_CONTEXT() REPRESENTATION_CONTEXT('2D SPACE',''
  ) );
#1366 = PCURVE('',#1367,#1372);
#1367 = PLANE('',#1368);
#1368 = AXIS2_PLACEMENT_3D('',#1369,#1370,#1371);
#1369 = CARTESIAN_POINT('',(0.6,-3.5,-5.4));
#1370 = DIRECTION('',(-0.,1.,0.));
#1371 = DIRECTION('',(0.,0.,1.));
#1372 = DEFINITIONAL_REPRESENTATION('',(#1373),#1376);
#1373 = B_SPLINE_CURVE_WITH_KNOTS('',1,(#1374,#1375),.UNSPECIFIED.,.F.,
  .F.,(2,2),(-11.55,-0.75),.PIECEWISE_BEZIER_KNOTS.);
#1374 = CARTESIAN_POINT('',(3.431457505176E-02,10.8));
#1375 = CARTESIAN_POINT('',(3.431457505176E-02,0.));
#1376 = ( GEOMETRIC_REPRESENTATION_CONTEXT(2) 
PARAMETRIC_REPRESENTATION_CONTEXT() REPRESENTATION_CONTEXT('2D SPACE',''
  ) );
#1377 = ORIENTED_EDGE('',*,*,#1378,.T.);
#1378 = EDGE_CURVE('',#1353,#1379,#1381,.T.);
#1379 = VERTEX_POINT('',#1380);
#1380 = CARTESIAN_POINT('',(11.4,-3.402943725152,-5.6));
#1381 = SURFACE_CURVE('',#1382,(#1386,#1392),.PCURVE_S1.);
#1382 = LINE('',#1383,#1384);
#1383 = CARTESIAN_POINT('',(11.4,-3.788819446216,-4.668413600818));
#1384 = VECTOR('',#1385,1.);
#1385 = DIRECTION('',(-0.,0.382683432365,-0.923879532511));
#1386 = PCURVE('',#609,#1387);
#1387 = DEFINITIONAL_REPRESENTATION('',(#1388),#1391);
#1388 = B_SPLINE_CURVE_WITH_KNOTS('',1,(#1389,#1390),.UNSPECIFIED.,.F.,
  .F.,(2,2),(-0.290528787977,1.008341852373),.PIECEWISE_BEZIER_KNOTS.);
#1389 = CARTESIAN_POINT('',(12.3,-1.385819298767));
#1390 = CARTESIAN_POINT('',(12.3,-8.694865841606E-02));
#1391 = ( GEOMETRIC_REPRESENTATION_CONTEXT(2) 
PARAMETRIC_REPRESENTATION_CONTEXT() REPRESENTATION_CONTEXT('2D SPACE',''
  ) );
#1392 = PCURVE('',#856,#1393);
#1393 = DEFINITIONAL_REPRESENTATION('',(#1394),#1397);
#1394 = B_SPLINE_CURVE_WITH_KNOTS('',1,(#1395,#1396),.UNSPECIFIED.,.F.,
  .F.,(2,2),(-0.290528787977,1.008341852373),.PIECEWISE_BEZIER_KNOTS.);
#1395 = CARTESIAN_POINT('',(1.2,-5.));
#1396 = CARTESIAN_POINT('',(2.22044604925E-16,-5.497056274848));
#1397 = ( GEOMETRIC_REPRESENTATION_CONTEXT(2) 
PARAMETRIC_REPRESENTATION_CONTEXT() REPRESENTATION_CONTEXT('2D SPACE',''
  ) );
#1398 = ORIENTED_EDGE('',*,*,#1399,.T.);
#1399 = EDGE_CURVE('',#1379,#1400,#1402,.T.);
#1400 = VERTEX_POINT('',#1401);
#1401 = CARTESIAN_POINT('',(25.6,-3.402943725152,-5.6));
#1402 = SURFACE_CURVE('',#1403,(#1407,#1413),.PCURVE_S1.);
#1403 = LINE('',#1404,#1405);
#1404 = CARTESIAN_POINT('',(5.25,-3.402943725152,-5.6));
#1405 = VECTOR('',#1406,1.);
#1406 = DIRECTION('',(1.,0.,0.));
#1407 = PCURVE('',#609,#1408);
#1408 = DEFINITIONAL_REPRESENTATION('',(#1409),#1412);
#1409 = B_SPLINE_CURVE_WITH_KNOTS('',1,(#1410,#1411),.UNSPECIFIED.,.F.,
  .F.,(2,2),(6.15,20.35),.PIECEWISE_BEZIER_KNOTS.);
#1410 = CARTESIAN_POINT('',(12.3,-8.694865841606E-02));
#1411 = CARTESIAN_POINT('',(26.5,-8.694865841606E-02));
#1412 = ( GEOMETRIC_REPRESENTATION_CONTEXT(2) 
PARAMETRIC_REPRESENTATION_CONTEXT() REPRESENTATION_CONTEXT('2D SPACE',''
  ) );
#1413 = PCURVE('',#1414,#1419);
#1414 = PLANE('',#1415);
#1415 = AXIS2_PLACEMENT_3D('',#1416,#1417,#1418);
#1416 = CARTESIAN_POINT('',(11.4,-8.9,-5.6));
#1417 = DIRECTION('',(0.,0.,1.));
#1418 = DIRECTION('',(1.,0.,-0.));
#1419 = DEFINITIONAL_REPRESENTATION('',(#1420),#1423);
#1420 = B_SPLINE_CURVE_WITH_KNOTS('',1,(#1421,#1422),.UNSPECIFIED.,.F.,
  .F.,(2,2),(6.15,20.35),.PIECEWISE_BEZIER_KNOTS.);
#1421 = CARTESIAN_POINT('',(0.,5.497056274848));
#1422 = CARTESIAN_POINT('',(14.2,5.497056274848));
#1423 = ( GEOMETRIC_REPRESENTATION_CONTEXT(2) 
PARAMETRIC_REPRESENTATION_CONTEXT() REPRESENTATION_CONTEXT('2D SPACE',''
  ) );
#1424 = ORIENTED_EDGE('',*,*,#1425,.F.);
#1425 = EDGE_CURVE('',#767,#1400,#1426,.T.);
#1426 = SURFACE_CURVE('',#1427,(#1431,#1437),.PCURVE_S1.);
#1427 = LINE('',#1428,#1429);
#1428 = CARTESIAN_POINT('',(25.6,-3.788819446216,-4.668413600818));
#1429 = VECTOR('',#1430,1.);
#1430 = DIRECTION('',(-0.,0.382683432365,-0.923879532511));
#1431 = PCURVE('',#609,#1432);
#1432 = DEFINITIONAL_REPRESENTATION('',(#1433),#1436);
#1433 = B_SPLINE_CURVE_WITH_KNOTS('',1,(#1434,#1435),.UNSPECIFIED.,.F.,
  .F.,(2,2),(-0.290528787977,1.008341852373),.PIECEWISE_BEZIER_KNOTS.);
#1434 = CARTESIAN_POINT('',(26.5,-1.385819298767));
#1435 = CARTESIAN_POINT('',(26.5,-8.694865841606E-02));
#1436 = ( GEOMETRIC_REPRESENTATION_CONTEXT(2) 
PARAMETRIC_REPRESENTATION_CONTEXT() REPRESENTATION_CONTEXT('2D SPACE',''
  ) );
#1437 = PCURVE('',#804,#1438);
#1438 = DEFINITIONAL_REPRESENTATION('',(#1439),#1442);
#1439 = B_SPLINE_CURVE_WITH_KNOTS('',1,(#1440,#1441),.UNSPECIFIED.,.F.,
  .F.,(2,2),(-0.290528787977,1.008341852373),.PIECEWISE_BEZIER_KNOTS.);
#1440 = CARTESIAN_POINT('',(1.2,-5.));
#1441 = CARTESIAN_POINT('',(2.22044604925E-16,-5.497056274848));
#1442 = ( GEOMETRIC_REPRESENTATION_CONTEXT(2) 
PARAMETRIC_REPRESENTATION_CONTEXT() REPRESENTATION_CONTEXT('2D SPACE',''
  ) );
#1443 = ORIENTED_EDGE('',*,*,#766,.T.);
#1444 = ORIENTED_EDGE('',*,*,#1445,.T.);
#1445 = EDGE_CURVE('',#739,#1446,#1448,.T.);
#1446 = VERTEX_POINT('',#1447);
#1447 = CARTESIAN_POINT('',(37.899999995838,-2.83933982822,
    -6.96066017178));
#1448 = SURFACE_CURVE('',#1449,(#1453,#1459),.PCURVE_S1.);
#1449 = LINE('',#1450,#1451);
#1450 = CARTESIAN_POINT('',(37.899999995838,-3.36966991411,
    -5.68033008589));
#1451 = VECTOR('',#1452,1.);
#1452 = DIRECTION('',(-0.,0.382683432365,-0.923879532511));
#1453 = PCURVE('',#609,#1454);
#1454 = DEFINITIONAL_REPRESENTATION('',(#1455),#1458);
#1455 = B_SPLINE_CURVE_WITH_KNOTS('',1,(#1456,#1457),.UNSPECIFIED.,.F.,
  .F.,(2,2),(-1.385819298767,1.385819298767),.PIECEWISE_BEZIER_KNOTS.);
#1456 = CARTESIAN_POINT('',(38.799999995838,-1.385819298767));
#1457 = CARTESIAN_POINT('',(38.799999995838,1.385819298767));
#1458 = ( GEOMETRIC_REPRESENTATION_CONTEXT(2) 
PARAMETRIC_REPRESENTATION_CONTEXT() REPRESENTATION_CONTEXT('2D SPACE',''
  ) );
#1459 = PCURVE('',#1460,#1475);
#1460 = B_SPLINE_SURFACE_WITH_KNOTS('',1,6,(
    (#1461,#1462,#1463,#1464,#1465,#1466,#1467)
    ,(#1468,#1469,#1470,#1471,#1472,#1473,#1474
  )),.UNSPECIFIED.,.F.,.F.,.F.,(2,2),(7,7),(0.,4.712388980385),(
    125.82477795244,130.53716693283),.PIECEWISE_BEZIER_KNOTS.);
#1461 = CARTESIAN_POINT('',(37.899999995838,-3.9,-4.4));
#1462 = CARTESIAN_POINT('',(38.685394563788,-3.9,-4.4));
#1463 = CARTESIAN_POINT('',(39.470735421422,-3.65331885412,-4.4));
#1464 = CARTESIAN_POINT('',(40.159565524381,-3.159565528542,-4.4));
#1465 = CARTESIAN_POINT('',(40.653318849958,-2.470735425584,-4.4));
#1466 = CARTESIAN_POINT('',(40.899999995838,-1.685394567949,-4.4));
#1467 = CARTESIAN_POINT('',(40.899999995838,-0.9,-4.4));
#1468 = CARTESIAN_POINT('',(37.899999995838,-2.83933982822,
    -6.96066017178));
#1469 = CARTESIAN_POINT('',(38.407715651336,-2.83933982822,
    -6.96066017178));
#1470 = CARTESIAN_POINT('',(38.915396585982,-2.679873637861,
    -6.96066017178));
#1471 = CARTESIAN_POINT('',(39.360688470497,-2.360688474658,
    -6.96066017178));
#1472 = CARTESIAN_POINT('',(39.679873633699,-1.915396590144,
    -6.96066017178));
#1473 = CARTESIAN_POINT('',(39.839339824058,-1.407715655497,
    -6.96066017178));
#1474 = CARTESIAN_POINT('',(39.839339824058,-0.9,-6.96066017178));
#1475 = DEFINITIONAL_REPRESENTATION('',(#1476),#1479);
#1476 = B_SPLINE_CURVE_WITH_KNOTS('',1,(#1477,#1478),.UNSPECIFIED.,.F.,
  .F.,(2,2),(-1.385819298767,1.385819298767),.PIECEWISE_BEZIER_KNOTS.);
#1477 = CARTESIAN_POINT('',(0.,125.82477795244));
#1478 = CARTESIAN_POINT('',(4.712388980385,125.82477795244));
#1479 = ( GEOMETRIC_REPRESENTATION_CONTEXT(2) 
PARAMETRIC_REPRESENTATION_CONTEXT() REPRESENTATION_CONTEXT('2D SPACE',''
  ) );
#1480 = ORIENTED_EDGE('',*,*,#1481,.F.);
#1481 = EDGE_CURVE('',#559,#1446,#1482,.T.);
#1482 = SURFACE_CURVE('',#1483,(#1487,#1494),.PCURVE_S1.);
#1483 = LINE('',#1484,#1485);
#1484 = CARTESIAN_POINT('',(-0.9,-2.83933982822,-6.96066017178));
#1485 = VECTOR('',#1486,1.);
#1486 = DIRECTION('',(1.,0.,0.));
#1487 = PCURVE('',#609,#1488);
#1488 = DEFINITIONAL_REPRESENTATION('',(#1489),#1493);
#1489 = LINE('',#1490,#1491);
#1490 = CARTESIAN_POINT('',(0.,1.385819298767));
#1491 = VECTOR('',#1492,1.);
#1492 = DIRECTION('',(1.,0.));
#1493 = ( GEOMETRIC_REPRESENTATION_CONTEXT(2) 
PARAMETRIC_REPRESENTATION_CONTEXT() REPRESENTATION_CONTEXT('2D SPACE',''
  ) );
#1494 = PCURVE('',#1314,#1495);
#1495 = DEFINITIONAL_REPRESENTATION('',(#1496),#1500);
#1496 = LINE('',#1497,#1498);
#1497 = CARTESIAN_POINT('',(0.,-0.43933982822));
#1498 = VECTOR('',#1499,1.);
#1499 = DIRECTION('',(1.,0.));
#1500 = ( GEOMETRIC_REPRESENTATION_CONTEXT(2) 
PARAMETRIC_REPRESENTATION_CONTEXT() REPRESENTATION_CONTEXT('2D SPACE',''
  ) );
#1501 = ADVANCED_FACE('',(#1502),#645,.T.);
#1502 = FACE_BOUND('',#1503,.F.);
#1503 = EDGE_LOOP('',(#1504,#1505,#1529,#1553));
#1504 = ORIENTED_EDGE('',*,*,#1177,.F.);
#1505 = ORIENTED_EDGE('',*,*,#1506,.T.);
#1506 = EDGE_CURVE('',#1150,#1507,#1509,.T.);
#1507 = VERTEX_POINT('',#1508);
#1508 = CARTESIAN_POINT('',(-0.9,-2.4,10.));
#1509 = SURFACE_CURVE('',#1510,(#1515,#1522),.PCURVE_S1.);
#1510 = CIRCLE('',#1511,1.5);
#1511 = AXIS2_PLACEMENT_3D('',#1512,#1513,#1514);
#1512 = CARTESIAN_POINT('',(-0.9,-0.9,10.));
#1513 = DIRECTION('',(0.,0.,1.));
#1514 = DIRECTION('',(-1.,-1.184237892934E-15,0.));
#1515 = PCURVE('',#645,#1516);
#1516 = DEFINITIONAL_REPRESENTATION('',(#1517),#1521);
#1517 = LINE('',#1518,#1519);
#1518 = CARTESIAN_POINT('',(-0.,-1.5));
#1519 = VECTOR('',#1520,1.);
#1520 = DIRECTION('',(-1.,0.));
#1521 = ( GEOMETRIC_REPRESENTATION_CONTEXT(2) 
PARAMETRIC_REPRESENTATION_CONTEXT() REPRESENTATION_CONTEXT('2D SPACE',''
  ) );
#1522 = PCURVE('',#1165,#1523);
#1523 = DEFINITIONAL_REPRESENTATION('',(#1524),#1528);
#1524 = CIRCLE('',#1525,1.5);
#1525 = AXIS2_PLACEMENT_2D('',#1526,#1527);
#1526 = CARTESIAN_POINT('',(-19.39999999942,-19.39999999938));
#1527 = DIRECTION('',(-1.,-1.184237892934E-15));
#1528 = ( GEOMETRIC_REPRESENTATION_CONTEXT(2) 
PARAMETRIC_REPRESENTATION_CONTEXT() REPRESENTATION_CONTEXT('2D SPACE',''
  ) );
#1529 = ORIENTED_EDGE('',*,*,#1530,.T.);
#1530 = EDGE_CURVE('',#1507,#626,#1531,.T.);
#1531 = SURFACE_CURVE('',#1532,(#1536,#1542),.PCURVE_S1.);
#1532 = LINE('',#1533,#1534);
#1533 = CARTESIAN_POINT('',(-0.9,-3.15,9.25));
#1534 = VECTOR('',#1535,1.);
#1535 = DIRECTION('',(0.,-0.707106781187,-0.707106781187));
#1536 = PCURVE('',#645,#1537);
#1537 = DEFINITIONAL_REPRESENTATION('',(#1538),#1541);
#1538 = B_SPLINE_CURVE_WITH_KNOTS('',1,(#1539,#1540),.UNSPECIFIED.,.F.,
  .F.,(2,2),(-1.06066017178,1.06066017178),.PIECEWISE_BEZIER_KNOTS.);
#1539 = CARTESIAN_POINT('',(-1.570796326795,-1.5));
#1540 = CARTESIAN_POINT('',(-1.570796326795,3.140184917368E-16));
#1541 = ( GEOMETRIC_REPRESENTATION_CONTEXT(2) 
PARAMETRIC_REPRESENTATION_CONTEXT() REPRESENTATION_CONTEXT('2D SPACE',''
  ) );
#1542 = PCURVE('',#1543,#1548);
#1543 = PLANE('',#1544);
#1544 = AXIS2_PLACEMENT_3D('',#1545,#1546,#1547);
#1545 = CARTESIAN_POINT('',(-0.9,-3.15,9.25));
#1546 = DIRECTION('',(0.,0.707106781187,-0.707106781187));
#1547 = DIRECTION('',(1.,0.,0.));
#1548 = DEFINITIONAL_REPRESENTATION('',(#1549),#1552);
#1549 = B_SPLINE_CURVE_WITH_KNOTS('',1,(#1550,#1551),.UNSPECIFIED.,.F.,
  .F.,(2,2),(-1.06066017178,1.06066017178),.PIECEWISE_BEZIER_KNOTS.);
#1550 = CARTESIAN_POINT('',(0.,-1.06066017178));
#1551 = CARTESIAN_POINT('',(0.,1.06066017178));
#1552 = ( GEOMETRIC_REPRESENTATION_CONTEXT(2) 
PARAMETRIC_REPRESENTATION_CONTEXT() REPRESENTATION_CONTEXT('2D SPACE',''
  ) );
#1553 = ORIENTED_EDGE('',*,*,#625,.F.);
#1554 = ADVANCED_FACE('',(#1555),#676,.T.);
#1555 = FACE_BOUND('',#1556,.T.);
#1556 = EDGE_LOOP('',(#1557,#1558,#1559,#1595));
#1557 = ORIENTED_EDGE('',*,*,#664,.F.);
#1558 = ORIENTED_EDGE('',*,*,#715,.T.);
#1559 = ORIENTED_EDGE('',*,*,#1560,.T.);
#1560 = EDGE_CURVE('',#716,#1561,#1563,.T.);
#1561 = VERTEX_POINT('',#1562);
#1562 = CARTESIAN_POINT('',(37.899999995838,-2.83933982822,9.56066017178
    ));
#1563 = SURFACE_CURVE('',#1564,(#1568,#1574),.PCURVE_S1.);
#1564 = LINE('',#1565,#1566);
#1565 = CARTESIAN_POINT('',(37.899999995838,-3.36966991411,8.28033008589
    ));
#1566 = VECTOR('',#1567,1.);
#1567 = DIRECTION('',(-0.,0.382683432365,0.923879532511));
#1568 = PCURVE('',#676,#1569);
#1569 = DEFINITIONAL_REPRESENTATION('',(#1570),#1573);
#1570 = B_SPLINE_CURVE_WITH_KNOTS('',1,(#1571,#1572),.UNSPECIFIED.,.F.,
  .F.,(2,2),(-1.385819298767,1.385819298767),.PIECEWISE_BEZIER_KNOTS.);
#1571 = CARTESIAN_POINT('',(38.799999995838,-1.385819298767));
#1572 = CARTESIAN_POINT('',(38.799999995838,1.385819298767));
#1573 = ( GEOMETRIC_REPRESENTATION_CONTEXT(2) 
PARAMETRIC_REPRESENTATION_CONTEXT() REPRESENTATION_CONTEXT('2D SPACE',''
  ) );
#1574 = PCURVE('',#1575,#1590);
#1575 = B_SPLINE_SURFACE_WITH_KNOTS('',1,6,(
    (#1576,#1577,#1578,#1579,#1580,#1581,#1582)
    ,(#1583,#1584,#1585,#1586,#1587,#1588,#1589
  )),.UNSPECIFIED.,.F.,.F.,.F.,(2,2),(7,7),(0.,4.712388980385),(
    125.82477795244,130.53716693283),.PIECEWISE_BEZIER_KNOTS.);
#1576 = CARTESIAN_POINT('',(37.899999995838,-3.9,7.));
#1577 = CARTESIAN_POINT('',(38.685394563788,-3.9,7.));
#1578 = CARTESIAN_POINT('',(39.470735421422,-3.65331885412,7.));
#1579 = CARTESIAN_POINT('',(40.159565524381,-3.159565528542,7.));
#1580 = CARTESIAN_POINT('',(40.653318849958,-2.470735425584,7.));
#1581 = CARTESIAN_POINT('',(40.899999995838,-1.685394567949,7.));
#1582 = CARTESIAN_POINT('',(40.899999995838,-0.9,7.));
#1583 = CARTESIAN_POINT('',(37.899999995838,-2.83933982822,9.56066017178
    ));
#1584 = CARTESIAN_POINT('',(38.407715651336,-2.83933982822,9.56066017178
    ));
#1585 = CARTESIAN_POINT('',(38.915396585982,-2.679873637861,
    9.56066017178));
#1586 = CARTESIAN_POINT('',(39.360688470497,-2.360688474658,
    9.56066017178));
#1587 = CARTESIAN_POINT('',(39.679873633699,-1.915396590144,
    9.56066017178));
#1588 = CARTESIAN_POINT('',(39.839339824058,-1.407715655497,
    9.56066017178));
#1589 = CARTESIAN_POINT('',(39.839339824058,-0.9,9.56066017178));
#1590 = DEFINITIONAL_REPRESENTATION('',(#1591),#1594);
#1591 = B_SPLINE_CURVE_WITH_KNOTS('',1,(#1592,#1593),.UNSPECIFIED.,.F.,
  .F.,(2,2),(-1.385819298767,1.385819298767),.PIECEWISE_BEZIER_KNOTS.);
#1592 = CARTESIAN_POINT('',(0.,125.82477795244));
#1593 = CARTESIAN_POINT('',(4.712388980385,125.82477795244));
#1594 = ( GEOMETRIC_REPRESENTATION_CONTEXT(2) 
PARAMETRIC_REPRESENTATION_CONTEXT() REPRESENTATION_CONTEXT('2D SPACE',''
  ) );
#1595 = ORIENTED_EDGE('',*,*,#1596,.F.);
#1596 = EDGE_CURVE('',#626,#1561,#1597,.T.);
#1597 = SURFACE_CURVE('',#1598,(#1602,#1609),.PCURVE_S1.);
#1598 = LINE('',#1599,#1600);
#1599 = CARTESIAN_POINT('',(-0.9,-2.83933982822,9.56066017178));
#1600 = VECTOR('',#1601,1.);
#1601 = DIRECTION('',(1.,0.,0.));
#1602 = PCURVE('',#676,#1603);
#1603 = DEFINITIONAL_REPRESENTATION('',(#1604),#1608);
#1604 = LINE('',#1605,#1606);
#1605 = CARTESIAN_POINT('',(0.,1.385819298767));
#1606 = VECTOR('',#1607,1.);
#1607 = DIRECTION('',(1.,0.));
#1608 = ( GEOMETRIC_REPRESENTATION_CONTEXT(2) 
PARAMETRIC_REPRESENTATION_CONTEXT() REPRESENTATION_CONTEXT('2D SPACE',''
  ) );
#1609 = PCURVE('',#1543,#1610);
#1610 = DEFINITIONAL_REPRESENTATION('',(#1611),#1615);
#1611 = LINE('',#1612,#1613);
#1612 = CARTESIAN_POINT('',(0.,-0.43933982822));
#1613 = VECTOR('',#1614,1.);
#1614 = DIRECTION('',(1.,0.));
#1615 = ( GEOMETRIC_REPRESENTATION_CONTEXT(2) 
PARAMETRIC_REPRESENTATION_CONTEXT() REPRESENTATION_CONTEXT('2D SPACE',''
  ) );
#1616 = ADVANCED_FACE('',(#1617),#906,.T.);
#1617 = FACE_BOUND('',#1618,.T.);
#1618 = EDGE_LOOP('',(#1619,#1642,#1643,#1644));
#1619 = ORIENTED_EDGE('',*,*,#1620,.F.);
#1620 = EDGE_CURVE('',#868,#1621,#1623,.T.);
#1621 = VERTEX_POINT('',#1622);
#1622 = CARTESIAN_POINT('',(0.6,-3.5,-0.6));
#1623 = SURFACE_CURVE('',#1624,(#1628,#1635),.PCURVE_S1.);
#1624 = LINE('',#1625,#1626);
#1625 = CARTESIAN_POINT('',(0.6,-8.9,-0.6));
#1626 = VECTOR('',#1627,1.);
#1627 = DIRECTION('',(-0.,1.,0.));
#1628 = PCURVE('',#906,#1629);
#1629 = DEFINITIONAL_REPRESENTATION('',(#1630),#1634);
#1630 = LINE('',#1631,#1632);
#1631 = CARTESIAN_POINT('',(4.8,0.));
#1632 = VECTOR('',#1633,1.);
#1633 = DIRECTION('',(0.,-1.));
#1634 = ( GEOMETRIC_REPRESENTATION_CONTEXT(2) 
PARAMETRIC_REPRESENTATION_CONTEXT() REPRESENTATION_CONTEXT('2D SPACE',''
  ) );
#1635 = PCURVE('',#882,#1636);
#1636 = DEFINITIONAL_REPRESENTATION('',(#1637),#1641);
#1637 = LINE('',#1638,#1639);
#1638 = CARTESIAN_POINT('',(0.,0.));
#1639 = VECTOR('',#1640,1.);
#1640 = DIRECTION('',(0.,1.));
#1641 = ( GEOMETRIC_REPRESENTATION_CONTEXT(2) 
PARAMETRIC_REPRESENTATION_CONTEXT() REPRESENTATION_CONTEXT('2D SPACE',''
  ) );
#1642 = ORIENTED_EDGE('',*,*,#893,.T.);
#1643 = ORIENTED_EDGE('',*,*,#1331,.T.);
#1644 = ORIENTED_EDGE('',*,*,#1645,.T.);
#1645 = EDGE_CURVE('',#1332,#1621,#1646,.T.);
#1646 = SURFACE_CURVE('',#1647,(#1651,#1658),.PCURVE_S1.);
#1647 = LINE('',#1648,#1649);
#1648 = CARTESIAN_POINT('',(0.6,-3.5,-5.4));
#1649 = VECTOR('',#1650,1.);
#1650 = DIRECTION('',(0.,0.,1.));
#1651 = PCURVE('',#906,#1652);
#1652 = DEFINITIONAL_REPRESENTATION('',(#1653),#1657);
#1653 = LINE('',#1654,#1655);
#1654 = CARTESIAN_POINT('',(0.,-5.4));
#1655 = VECTOR('',#1656,1.);
#1656 = DIRECTION('',(1.,0.));
#1657 = ( GEOMETRIC_REPRESENTATION_CONTEXT(2) 
PARAMETRIC_REPRESENTATION_CONTEXT() REPRESENTATION_CONTEXT('2D SPACE',''
  ) );
#1658 = PCURVE('',#1367,#1659);
#1659 = DEFINITIONAL_REPRESENTATION('',(#1660),#1664);
#1660 = LINE('',#1661,#1662);
#1661 = CARTESIAN_POINT('',(0.,0.));
#1662 = VECTOR('',#1663,1.);
#1663 = DIRECTION('',(1.,0.));
#1664 = ( GEOMETRIC_REPRESENTATION_CONTEXT(2) 
PARAMETRIC_REPRESENTATION_CONTEXT() REPRESENTATION_CONTEXT('2D SPACE',''
  ) );
#1665 = ADVANCED_FACE('',(#1666),#882,.F.);
#1666 = FACE_BOUND('',#1667,.F.);
#1667 = EDGE_LOOP('',(#1668,#1669,#1670,#1693));
#1668 = ORIENTED_EDGE('',*,*,#1620,.F.);
#1669 = ORIENTED_EDGE('',*,*,#867,.T.);
#1670 = ORIENTED_EDGE('',*,*,#1671,.T.);
#1671 = EDGE_CURVE('',#842,#1672,#1674,.T.);
#1672 = VERTEX_POINT('',#1673);
#1673 = CARTESIAN_POINT('',(11.4,-3.5,-0.6));
#1674 = SURFACE_CURVE('',#1675,(#1679,#1686),.PCURVE_S1.);
#1675 = LINE('',#1676,#1677);
#1676 = CARTESIAN_POINT('',(11.4,-8.9,-0.6));
#1677 = VECTOR('',#1678,1.);
#1678 = DIRECTION('',(-0.,1.,0.));
#1679 = PCURVE('',#882,#1680);
#1680 = DEFINITIONAL_REPRESENTATION('',(#1681),#1685);
#1681 = LINE('',#1682,#1683);
#1682 = CARTESIAN_POINT('',(10.8,0.));
#1683 = VECTOR('',#1684,1.);
#1684 = DIRECTION('',(0.,1.));
#1685 = ( GEOMETRIC_REPRESENTATION_CONTEXT(2) 
PARAMETRIC_REPRESENTATION_CONTEXT() REPRESENTATION_CONTEXT('2D SPACE',''
  ) );
#1686 = PCURVE('',#856,#1687);
#1687 = DEFINITIONAL_REPRESENTATION('',(#1688),#1692);
#1688 = LINE('',#1689,#1690);
#1689 = CARTESIAN_POINT('',(5.,0.));
#1690 = VECTOR('',#1691,1.);
#1691 = DIRECTION('',(0.,-1.));
#1692 = ( GEOMETRIC_REPRESENTATION_CONTEXT(2) 
PARAMETRIC_REPRESENTATION_CONTEXT() REPRESENTATION_CONTEXT('2D SPACE',''
  ) );
#1693 = ORIENTED_EDGE('',*,*,#1694,.F.);
#1694 = EDGE_CURVE('',#1621,#1672,#1695,.T.);
#1695 = SURFACE_CURVE('',#1696,(#1700,#1707),.PCURVE_S1.);
#1696 = LINE('',#1697,#1698);
#1697 = CARTESIAN_POINT('',(0.6,-3.5,-0.6));
#1698 = VECTOR('',#1699,1.);
#1699 = DIRECTION('',(1.,0.,-0.));
#1700 = PCURVE('',#882,#1701);
#1701 = DEFINITIONAL_REPRESENTATION('',(#1702),#1706);
#1702 = LINE('',#1703,#1704);
#1703 = CARTESIAN_POINT('',(0.,5.4));
#1704 = VECTOR('',#1705,1.);
#1705 = DIRECTION('',(1.,0.));
#1706 = ( GEOMETRIC_REPRESENTATION_CONTEXT(2) 
PARAMETRIC_REPRESENTATION_CONTEXT() REPRESENTATION_CONTEXT('2D SPACE',''
  ) );
#1707 = PCURVE('',#1367,#1708);
#1708 = DEFINITIONAL_REPRESENTATION('',(#1709),#1713);
#1709 = LINE('',#1710,#1711);
#1710 = CARTESIAN_POINT('',(4.8,0.));
#1711 = VECTOR('',#1712,1.);
#1712 = DIRECTION('',(0.,1.));
#1713 = ( GEOMETRIC_REPRESENTATION_CONTEXT(2) 
PARAMETRIC_REPRESENTATION_CONTEXT() REPRESENTATION_CONTEXT('2D SPACE',''
  ) );
#1714 = ADVANCED_FACE('',(#1715),#856,.T.);
#1715 = FACE_BOUND('',#1716,.T.);
#1716 = EDGE_LOOP('',(#1717,#1740,#1741,#1742,#1763,#1764,#1787));
#1717 = ORIENTED_EDGE('',*,*,#1718,.F.);
#1718 = EDGE_CURVE('',#816,#1719,#1721,.T.);
#1719 = VERTEX_POINT('',#1720);
#1720 = CARTESIAN_POINT('',(11.4,-3.3,3.1));
#1721 = SURFACE_CURVE('',#1722,(#1726,#1733),.PCURVE_S1.);
#1722 = LINE('',#1723,#1724);
#1723 = CARTESIAN_POINT('',(11.4,-8.9,3.1));
#1724 = VECTOR('',#1725,1.);
#1725 = DIRECTION('',(-0.,1.,0.));
#1726 = PCURVE('',#856,#1727);
#1727 = DEFINITIONAL_REPRESENTATION('',(#1728),#1732);
#1728 = LINE('',#1729,#1730);
#1729 = CARTESIAN_POINT('',(8.7,0.));
#1730 = VECTOR('',#1731,1.);
#1731 = DIRECTION('',(0.,-1.));
#1732 = ( GEOMETRIC_REPRESENTATION_CONTEXT(2) 
PARAMETRIC_REPRESENTATION_CONTEXT() REPRESENTATION_CONTEXT('2D SPACE',''
  ) );
#1733 = PCURVE('',#830,#1734);
#1734 = DEFINITIONAL_REPRESENTATION('',(#1735),#1739);
#1735 = LINE('',#1736,#1737);
#1736 = CARTESIAN_POINT('',(0.,0.));
#1737 = VECTOR('',#1738,1.);
#1738 = DIRECTION('',(0.,1.));
#1739 = ( GEOMETRIC_REPRESENTATION_CONTEXT(2) 
PARAMETRIC_REPRESENTATION_CONTEXT() REPRESENTATION_CONTEXT('2D SPACE',''
  ) );
#1740 = ORIENTED_EDGE('',*,*,#841,.T.);
#1741 = ORIENTED_EDGE('',*,*,#1671,.T.);
#1742 = ORIENTED_EDGE('',*,*,#1743,.F.);
#1743 = EDGE_CURVE('',#1353,#1672,#1744,.T.);
#1744 = SURFACE_CURVE('',#1745,(#1749,#1756),.PCURVE_S1.);
#1745 = LINE('',#1746,#1747);
#1746 = CARTESIAN_POINT('',(11.4,-3.5,-5.4));
#1747 = VECTOR('',#1748,1.);
#1748 = DIRECTION('',(0.,0.,1.));
#1749 = PCURVE('',#856,#1750);
#1750 = DEFINITIONAL_REPRESENTATION('',(#1751),#1755);
#1751 = LINE('',#1752,#1753);
#1752 = CARTESIAN_POINT('',(0.2,-5.4));
#1753 = VECTOR('',#1754,1.);
#1754 = DIRECTION('',(1.,0.));
#1755 = ( GEOMETRIC_REPRESENTATION_CONTEXT(2) 
PARAMETRIC_REPRESENTATION_CONTEXT() REPRESENTATION_CONTEXT('2D SPACE',''
  ) );
#1756 = PCURVE('',#1367,#1757);
#1757 = DEFINITIONAL_REPRESENTATION('',(#1758),#1762);
#1758 = LINE('',#1759,#1760);
#1759 = CARTESIAN_POINT('',(0.,10.8));
#1760 = VECTOR('',#1761,1.);
#1761 = DIRECTION('',(1.,0.));
#1762 = ( GEOMETRIC_REPRESENTATION_CONTEXT(2) 
PARAMETRIC_REPRESENTATION_CONTEXT() REPRESENTATION_CONTEXT('2D SPACE',''
  ) );
#1763 = ORIENTED_EDGE('',*,*,#1378,.T.);
#1764 = ORIENTED_EDGE('',*,*,#1765,.T.);
#1765 = EDGE_CURVE('',#1379,#1766,#1768,.T.);
#1766 = VERTEX_POINT('',#1767);
#1767 = CARTESIAN_POINT('',(11.4,-3.3,-5.6));
#1768 = SURFACE_CURVE('',#1769,(#1773,#1780),.PCURVE_S1.);
#1769 = LINE('',#1770,#1771);
#1770 = CARTESIAN_POINT('',(11.4,-8.9,-5.6));
#1771 = VECTOR('',#1772,1.);
#1772 = DIRECTION('',(-0.,1.,0.));
#1773 = PCURVE('',#856,#1774);
#1774 = DEFINITIONAL_REPRESENTATION('',(#1775),#1779);
#1775 = LINE('',#1776,#1777);
#1776 = CARTESIAN_POINT('',(0.,0.));
#1777 = VECTOR('',#1778,1.);
#1778 = DIRECTION('',(0.,-1.));
#1779 = ( GEOMETRIC_REPRESENTATION_CONTEXT(2) 
PARAMETRIC_REPRESENTATION_CONTEXT() REPRESENTATION_CONTEXT('2D SPACE',''
  ) );
#1780 = PCURVE('',#1414,#1781);
#1781 = DEFINITIONAL_REPRESENTATION('',(#1782),#1786);
#1782 = LINE('',#1783,#1784);
#1783 = CARTESIAN_POINT('',(0.,0.));
#1784 = VECTOR('',#1785,1.);
#1785 = DIRECTION('',(0.,1.));
#1786 = ( GEOMETRIC_REPRESENTATION_CONTEXT(2) 
PARAMETRIC_REPRESENTATION_CONTEXT() REPRESENTATION_CONTEXT('2D SPACE',''
  ) );
#1787 = ORIENTED_EDGE('',*,*,#1788,.T.);
#1788 = EDGE_CURVE('',#1766,#1719,#1789,.T.);
#1789 = SURFACE_CURVE('',#1790,(#1794,#1801),.PCURVE_S1.);
#1790 = LINE('',#1791,#1792);
#1791 = CARTESIAN_POINT('',(11.4,-3.3,-5.6));
#1792 = VECTOR('',#1793,1.);
#1793 = DIRECTION('',(0.,0.,1.));
#1794 = PCURVE('',#856,#1795);
#1795 = DEFINITIONAL_REPRESENTATION('',(#1796),#1800);
#1796 = LINE('',#1797,#1798);
#1797 = CARTESIAN_POINT('',(0.,-5.6));
#1798 = VECTOR('',#1799,1.);
#1799 = DIRECTION('',(1.,0.));
#1800 = ( GEOMETRIC_REPRESENTATION_CONTEXT(2) 
PARAMETRIC_REPRESENTATION_CONTEXT() REPRESENTATION_CONTEXT('2D SPACE',''
  ) );
#1801 = PCURVE('',#1802,#1807);
#1802 = PLANE('',#1803);
#1803 = AXIS2_PLACEMENT_3D('',#1804,#1805,#1806);
#1804 = CARTESIAN_POINT('',(11.4,-3.3,-5.6));
#1805 = DIRECTION('',(-0.,1.,0.));
#1806 = DIRECTION('',(0.,0.,1.));
#1807 = DEFINITIONAL_REPRESENTATION('',(#1808),#1812);
#1808 = LINE('',#1809,#1810);
#1809 = CARTESIAN_POINT('',(0.,0.));
#1810 = VECTOR('',#1811,1.);
#1811 = DIRECTION('',(1.,0.));
#1812 = ( GEOMETRIC_REPRESENTATION_CONTEXT(2) 
PARAMETRIC_REPRESENTATION_CONTEXT() REPRESENTATION_CONTEXT('2D SPACE',''
  ) );
#1813 = ADVANCED_FACE('',(#1814),#830,.F.);
#1814 = FACE_BOUND('',#1815,.F.);
#1815 = EDGE_LOOP('',(#1816,#1817,#1818,#1841));
#1816 = ORIENTED_EDGE('',*,*,#1718,.F.);
#1817 = ORIENTED_EDGE('',*,*,#815,.T.);
#1818 = ORIENTED_EDGE('',*,*,#1819,.T.);
#1819 = EDGE_CURVE('',#790,#1820,#1822,.T.);
#1820 = VERTEX_POINT('',#1821);
#1821 = CARTESIAN_POINT('',(25.6,-3.3,3.1));
#1822 = SURFACE_CURVE('',#1823,(#1827,#1834),.PCURVE_S1.);
#1823 = LINE('',#1824,#1825);
#1824 = CARTESIAN_POINT('',(25.6,-8.9,3.1));
#1825 = VECTOR('',#1826,1.);
#1826 = DIRECTION('',(-0.,1.,0.));
#1827 = PCURVE('',#830,#1828);
#1828 = DEFINITIONAL_REPRESENTATION('',(#1829),#1833);
#1829 = LINE('',#1830,#1831);
#1830 = CARTESIAN_POINT('',(14.2,0.));
#1831 = VECTOR('',#1832,1.);
#1832 = DIRECTION('',(0.,1.));
#1833 = ( GEOMETRIC_REPRESENTATION_CONTEXT(2) 
PARAMETRIC_REPRESENTATION_CONTEXT() REPRESENTATION_CONTEXT('2D SPACE',''
  ) );
#1834 = PCURVE('',#804,#1835);
#1835 = DEFINITIONAL_REPRESENTATION('',(#1836),#1840);
#1836 = LINE('',#1837,#1838);
#1837 = CARTESIAN_POINT('',(8.7,0.));
#1838 = VECTOR('',#1839,1.);
#1839 = DIRECTION('',(0.,-1.));
#1840 = ( GEOMETRIC_REPRESENTATION_CONTEXT(2) 
PARAMETRIC_REPRESENTATION_CONTEXT() REPRESENTATION_CONTEXT('2D SPACE',''
  ) );
#1841 = ORIENTED_EDGE('',*,*,#1842,.F.);
#1842 = EDGE_CURVE('',#1719,#1820,#1843,.T.);
#1843 = SURFACE_CURVE('',#1844,(#1848,#1855),.PCURVE_S1.);
#1844 = LINE('',#1845,#1846);
#1845 = CARTESIAN_POINT('',(11.4,-3.3,3.1));
#1846 = VECTOR('',#1847,1.);
#1847 = DIRECTION('',(1.,0.,-0.));
#1848 = PCURVE('',#830,#1849);
#1849 = DEFINITIONAL_REPRESENTATION('',(#1850),#1854);
#1850 = LINE('',#1851,#1852);
#1851 = CARTESIAN_POINT('',(0.,5.6));
#1852 = VECTOR('',#1853,1.);
#1853 = DIRECTION('',(1.,0.));
#1854 = ( GEOMETRIC_REPRESENTATION_CONTEXT(2) 
PARAMETRIC_REPRESENTATION_CONTEXT() REPRESENTATION_CONTEXT('2D SPACE',''
  ) );
#1855 = PCURVE('',#1802,#1856);
#1856 = DEFINITIONAL_REPRESENTATION('',(#1857),#1861);
#1857 = LINE('',#1858,#1859);
#1858 = CARTESIAN_POINT('',(8.7,0.));
#1859 = VECTOR('',#1860,1.);
#1860 = DIRECTION('',(0.,1.));
#1861 = ( GEOMETRIC_REPRESENTATION_CONTEXT(2) 
PARAMETRIC_REPRESENTATION_CONTEXT() REPRESENTATION_CONTEXT('2D SPACE',''
  ) );
#1862 = ADVANCED_FACE('',(#1863),#804,.F.);
#1863 = FACE_BOUND('',#1864,.F.);
#1864 = EDGE_LOOP('',(#1865,#1866,#1867,#1868,#1891));
#1865 = ORIENTED_EDGE('',*,*,#1819,.F.);
#1866 = ORIENTED_EDGE('',*,*,#789,.T.);
#1867 = ORIENTED_EDGE('',*,*,#1425,.T.);
#1868 = ORIENTED_EDGE('',*,*,#1869,.T.);
#1869 = EDGE_CURVE('',#1400,#1870,#1872,.T.);
#1870 = VERTEX_POINT('',#1871);
#1871 = CARTESIAN_POINT('',(25.6,-3.3,-5.6));
#1872 = SURFACE_CURVE('',#1873,(#1877,#1884),.PCURVE_S1.);
#1873 = LINE('',#1874,#1875);
#1874 = CARTESIAN_POINT('',(25.6,-8.9,-5.6));
#1875 = VECTOR('',#1876,1.);
#1876 = DIRECTION('',(-0.,1.,0.));
#1877 = PCURVE('',#804,#1878);
#1878 = DEFINITIONAL_REPRESENTATION('',(#1879),#1883);
#1879 = LINE('',#1880,#1881);
#1880 = CARTESIAN_POINT('',(0.,0.));
#1881 = VECTOR('',#1882,1.);
#1882 = DIRECTION('',(0.,-1.));
#1883 = ( GEOMETRIC_REPRESENTATION_CONTEXT(2) 
PARAMETRIC_REPRESENTATION_CONTEXT() REPRESENTATION_CONTEXT('2D SPACE',''
  ) );
#1884 = PCURVE('',#1414,#1885);
#1885 = DEFINITIONAL_REPRESENTATION('',(#1886),#1890);
#1886 = LINE('',#1887,#1888);
#1887 = CARTESIAN_POINT('',(14.2,0.));
#1888 = VECTOR('',#1889,1.);
#1889 = DIRECTION('',(0.,1.));
#1890 = ( GEOMETRIC_REPRESENTATION_CONTEXT(2) 
PARAMETRIC_REPRESENTATION_CONTEXT() REPRESENTATION_CONTEXT('2D SPACE',''
  ) );
#1891 = ORIENTED_EDGE('',*,*,#1892,.T.);
#1892 = EDGE_CURVE('',#1870,#1820,#1893,.T.);
#1893 = SURFACE_CURVE('',#1894,(#1898,#1905),.PCURVE_S1.);
#1894 = LINE('',#1895,#1896);
#1895 = CARTESIAN_POINT('',(25.6,-3.3,-5.6));
#1896 = VECTOR('',#1897,1.);
#1897 = DIRECTION('',(0.,0.,1.));
#1898 = PCURVE('',#804,#1899);
#1899 = DEFINITIONAL_REPRESENTATION('',(#1900),#1904);
#1900 = LINE('',#1901,#1902);
#1901 = CARTESIAN_POINT('',(0.,-5.6));
#1902 = VECTOR('',#1903,1.);
#1903 = DIRECTION('',(1.,0.));
#1904 = ( GEOMETRIC_REPRESENTATION_CONTEXT(2) 
PARAMETRIC_REPRESENTATION_CONTEXT() REPRESENTATION_CONTEXT('2D SPACE',''
  ) );
#1905 = PCURVE('',#1802,#1906);
#1906 = DEFINITIONAL_REPRESENTATION('',(#1907),#1911);
#1907 = LINE('',#1908,#1909);
#1908 = CARTESIAN_POINT('',(0.,14.2));
#1909 = VECTOR('',#1910,1.);
#1910 = DIRECTION('',(1.,0.));
#1911 = ( GEOMETRIC_REPRESENTATION_CONTEXT(2) 
PARAMETRIC_REPRESENTATION_CONTEXT() REPRESENTATION_CONTEXT('2D SPACE',''
  ) );
#1912 = ADVANCED_FACE('',(#1913),#754,.T.);
#1913 = FACE_BOUND('',#1914,.F.);
#1914 = EDGE_LOOP('',(#1915,#1916,#1948,#1976));
#1915 = ORIENTED_EDGE('',*,*,#738,.T.);
#1916 = ORIENTED_EDGE('',*,*,#1917,.T.);
#1917 = EDGE_CURVE('',#716,#1918,#1920,.T.);
#1918 = VERTEX_POINT('',#1919);
#1919 = CARTESIAN_POINT('',(40.899999995838,-0.9,7.));
#1920 = SURFACE_CURVE('',#1921,(#1929,#1941),.PCURVE_S1.);
#1921 = B_SPLINE_CURVE_WITH_KNOTS('',6,(#1922,#1923,#1924,#1925,#1926,
    #1927,#1928),.UNSPECIFIED.,.F.,.F.,(7,7),(125.82477795244,
    130.53716693283),.PIECEWISE_BEZIER_KNOTS.);
#1922 = CARTESIAN_POINT('',(37.899999995838,-3.9,7.));
#1923 = CARTESIAN_POINT('',(38.685394563788,-3.9,7.));
#1924 = CARTESIAN_POINT('',(39.470735421422,-3.65331885412,7.));
#1925 = CARTESIAN_POINT('',(40.159565524381,-3.159565528542,7.));
#1926 = CARTESIAN_POINT('',(40.653318849958,-2.470735425584,7.));
#1927 = CARTESIAN_POINT('',(40.899999995838,-1.685394567949,7.));
#1928 = CARTESIAN_POINT('',(40.899999995838,-0.9,7.));
#1929 = PCURVE('',#754,#1930);
#1930 = DEFINITIONAL_REPRESENTATION('',(#1931),#1940);
#1931 = B_SPLINE_CURVE_WITH_KNOTS('',7,(#1932,#1933,#1934,#1935,#1936,
    #1937,#1938,#1939),.UNSPECIFIED.,.F.,.F.,(8,8),(125.82477795244,
    130.53716693283),.PIECEWISE_BEZIER_KNOTS.);
#1932 = CARTESIAN_POINT('',(-4.712388980385,-14.4));
#1933 = CARTESIAN_POINT('',(-4.93678742837,-14.4));
#1934 = CARTESIAN_POINT('',(-5.161170225568,-14.4));
#1935 = CARTESIAN_POINT('',(-5.385634897722,-14.4));
#1936 = CARTESIAN_POINT('',(-5.609939389842,-14.4));
#1937 = CARTESIAN_POINT('',(-5.834404061997,-14.4));
#1938 = CARTESIAN_POINT('',(-6.058786859194,-14.4));
#1939 = CARTESIAN_POINT('',(-6.28318530718,-14.4));
#1940 = ( GEOMETRIC_REPRESENTATION_CONTEXT(2) 
PARAMETRIC_REPRESENTATION_CONTEXT() REPRESENTATION_CONTEXT('2D SPACE',''
  ) );
#1941 = PCURVE('',#1575,#1942);
#1942 = DEFINITIONAL_REPRESENTATION('',(#1943),#1947);
#1943 = LINE('',#1944,#1945);
#1944 = CARTESIAN_POINT('',(0.,0.));
#1945 = VECTOR('',#1946,1.);
#1946 = DIRECTION('',(0.,1.));
#1947 = ( GEOMETRIC_REPRESENTATION_CONTEXT(2) 
PARAMETRIC_REPRESENTATION_CONTEXT() REPRESENTATION_CONTEXT('2D SPACE',''
  ) );
#1948 = ORIENTED_EDGE('',*,*,#1949,.F.);
#1949 = EDGE_CURVE('',#1950,#1918,#1952,.T.);
#1950 = VERTEX_POINT('',#1951);
#1951 = CARTESIAN_POINT('',(40.899999995838,-0.9,-4.4));
#1952 = SURFACE_CURVE('',#1953,(#1957,#1964),.PCURVE_S1.);
#1953 = LINE('',#1954,#1955);
#1954 = CARTESIAN_POINT('',(40.899999997919,-0.9,-7.4));
#1955 = VECTOR('',#1956,1.);
#1956 = DIRECTION('',(0.,0.,1.));
#1957 = PCURVE('',#754,#1958);
#1958 = DEFINITIONAL_REPRESENTATION('',(#1959),#1963);
#1959 = LINE('',#1960,#1961);
#1960 = CARTESIAN_POINT('',(-6.28318530718,0.));
#1961 = VECTOR('',#1962,1.);
#1962 = DIRECTION('',(-0.,-1.));
#1963 = ( GEOMETRIC_REPRESENTATION_CONTEXT(2) 
PARAMETRIC_REPRESENTATION_CONTEXT() REPRESENTATION_CONTEXT('2D SPACE',''
  ) );
#1964 = PCURVE('',#1965,#1970);
#1965 = PLANE('',#1966);
#1966 = AXIS2_PLACEMENT_3D('',#1967,#1968,#1969);
#1967 = CARTESIAN_POINT('',(40.9,-0.9,-7.4));
#1968 = DIRECTION('',(-1.,0.,0.));
#1969 = DIRECTION('',(0.,1.,0.));
#1970 = DEFINITIONAL_REPRESENTATION('',(#1971),#1975);
#1971 = LINE('',#1972,#1973);
#1972 = CARTESIAN_POINT('',(0.,0.));
#1973 = VECTOR('',#1974,1.);
#1974 = DIRECTION('',(0.,-1.));
#1975 = ( GEOMETRIC_REPRESENTATION_CONTEXT(2) 
PARAMETRIC_REPRESENTATION_CONTEXT() REPRESENTATION_CONTEXT('2D SPACE',''
  ) );
#1976 = ORIENTED_EDGE('',*,*,#1977,.F.);
#1977 = EDGE_CURVE('',#739,#1950,#1978,.T.);
#1978 = SURFACE_CURVE('',#1979,(#1987,#1999),.PCURVE_S1.);
#1979 = B_SPLINE_CURVE_WITH_KNOTS('',6,(#1980,#1981,#1982,#1983,#1984,
    #1985,#1986),.UNSPECIFIED.,.F.,.F.,(7,7),(125.82477795244,
    130.53716693283),.PIECEWISE_BEZIER_KNOTS.);
#1980 = CARTESIAN_POINT('',(37.899999995838,-3.9,-4.4));
#1981 = CARTESIAN_POINT('',(38.685394563788,-3.9,-4.4));
#1982 = CARTESIAN_POINT('',(39.470735421422,-3.65331885412,-4.4));
#1983 = CARTESIAN_POINT('',(40.159565524381,-3.159565528542,-4.4));
#1984 = CARTESIAN_POINT('',(40.653318849958,-2.470735425584,-4.4));
#1985 = CARTESIAN_POINT('',(40.899999995838,-1.685394567949,-4.4));
#1986 = CARTESIAN_POINT('',(40.899999995838,-0.9,-4.4));
#1987 = PCURVE('',#754,#1988);
#1988 = DEFINITIONAL_REPRESENTATION('',(#1989),#1998);
#1989 = B_SPLINE_CURVE_WITH_KNOTS('',7,(#1990,#1991,#1992,#1993,#1994,
    #1995,#1996,#1997),.UNSPECIFIED.,.F.,.F.,(8,8),(125.82477795244,
    130.53716693283),.PIECEWISE_BEZIER_KNOTS.);
#1990 = CARTESIAN_POINT('',(-4.712388980385,-3.));
#1991 = CARTESIAN_POINT('',(-4.93678742837,-3.));
#1992 = CARTESIAN_POINT('',(-5.161170225568,-3.));
#1993 = CARTESIAN_POINT('',(-5.385634897722,-3.));
#1994 = CARTESIAN_POINT('',(-5.609939389842,-3.));
#1995 = CARTESIAN_POINT('',(-5.834404061997,-3.));
#1996 = CARTESIAN_POINT('',(-6.058786859194,-3.));
#1997 = CARTESIAN_POINT('',(-6.28318530718,-3.));
#1998 = ( GEOMETRIC_REPRESENTATION_CONTEXT(2) 
PARAMETRIC_REPRESENTATION_CONTEXT() REPRESENTATION_CONTEXT('2D SPACE',''
  ) );
#1999 = PCURVE('',#1460,#2000);
#2000 = DEFINITIONAL_REPRESENTATION('',(#2001),#2005);
#2001 = LINE('',#2002,#2003);
#2002 = CARTESIAN_POINT('',(0.,0.));
#2003 = VECTOR('',#2004,1.);
#2004 = DIRECTION('',(0.,1.));
#2005 = ( GEOMETRIC_REPRESENTATION_CONTEXT(2) 
PARAMETRIC_REPRESENTATION_CONTEXT() REPRESENTATION_CONTEXT('2D SPACE',''
  ) );
#2006 = ADVANCED_FACE('',(#2007),#935,.T.);
#2007 = FACE_BOUND('',#2008,.F.);
#2008 = EDGE_LOOP('',(#2009,#2045,#2046,#2047));
#2009 = ORIENTED_EDGE('',*,*,#2010,.F.);
#2010 = EDGE_CURVE('',#1225,#2011,#2013,.T.);
#2011 = VERTEX_POINT('',#2012);
#2012 = CARTESIAN_POINT('',(37.9,39.839339828221,-6.96066017178));
#2013 = SURFACE_CURVE('',#2014,(#2018,#2024),.PCURVE_S1.);
#2014 = LINE('',#2015,#2016);
#2015 = CARTESIAN_POINT('',(37.9,40.369669914111,-5.68033008589));
#2016 = VECTOR('',#2017,1.);
#2017 = DIRECTION('',(-0.,-0.382683432365,-0.923879532511));
#2018 = PCURVE('',#935,#2019);
#2019 = DEFINITIONAL_REPRESENTATION('',(#2020),#2023);
#2020 = B_SPLINE_CURVE_WITH_KNOTS('',1,(#2021,#2022),.UNSPECIFIED.,.F.,
  .F.,(2,2),(-1.385819298767,1.385819298767),.PIECEWISE_BEZIER_KNOTS.);
#2021 = CARTESIAN_POINT('',(0.,-1.385819298767));
#2022 = CARTESIAN_POINT('',(0.,1.385819298767));
#2023 = ( GEOMETRIC_REPRESENTATION_CONTEXT(2) 
PARAMETRIC_REPRESENTATION_CONTEXT() REPRESENTATION_CONTEXT('2D SPACE',''
  ) );
#2024 = PCURVE('',#2025,#2040);
#2025 = B_SPLINE_SURFACE_WITH_KNOTS('',1,6,(
    (#2026,#2027,#2028,#2029,#2030,#2031,#2032)
    ,(#2033,#2034,#2035,#2036,#2037,#2038,#2039
  )),.UNSPECIFIED.,.F.,.F.,.F.,(2,2),(7,7),(0.,4.712388980385),(
    169.33716692866,174.04955590905),.PIECEWISE_BEZIER_KNOTS.);
#2026 = CARTESIAN_POINT('',(40.9,37.899999995838,-4.4));
#2027 = CARTESIAN_POINT('',(40.9,38.685394563788,-4.4));
#2028 = CARTESIAN_POINT('',(40.65331885412,39.470735421423,-4.4));
#2029 = CARTESIAN_POINT('',(40.159565528543,40.159565524381,-4.4));
#2030 = CARTESIAN_POINT('',(39.470735425584,40.653318849958,-4.4));
#2031 = CARTESIAN_POINT('',(38.68539456795,40.899999995839,-4.4));
#2032 = CARTESIAN_POINT('',(37.9,40.899999995838,-4.4));
#2033 = CARTESIAN_POINT('',(39.83933982822,37.899999995838,
    -6.96066017178));
#2034 = CARTESIAN_POINT('',(39.83933982822,38.407715651336,
    -6.96066017178));
#2035 = CARTESIAN_POINT('',(39.679873637861,38.915396585982,
    -6.96066017178));
#2036 = CARTESIAN_POINT('',(39.360688474659,39.360688470497,
    -6.96066017178));
#2037 = CARTESIAN_POINT('',(38.915396590144,39.6798736337,-6.96066017178
    ));
#2038 = CARTESIAN_POINT('',(38.407715655498,39.839339824059,
    -6.96066017178));
#2039 = CARTESIAN_POINT('',(37.9,39.839339824059,-6.96066017178));
#2040 = DEFINITIONAL_REPRESENTATION('',(#2041),#2044);
#2041 = B_SPLINE_CURVE_WITH_KNOTS('',1,(#2042,#2043),.UNSPECIFIED.,.F.,
  .F.,(2,2),(-1.385819298767,1.385819298767),.PIECEWISE_BEZIER_KNOTS.);
#2042 = CARTESIAN_POINT('',(0.,174.04955590905));
#2043 = CARTESIAN_POINT('',(4.712388980385,174.04955590905));
#2044 = ( GEOMETRIC_REPRESENTATION_CONTEXT(2) 
PARAMETRIC_REPRESENTATION_CONTEXT() REPRESENTATION_CONTEXT('2D SPACE',''
  ) );
#2045 = ORIENTED_EDGE('',*,*,#1252,.T.);
#2046 = ORIENTED_EDGE('',*,*,#920,.T.);
#2047 = ORIENTED_EDGE('',*,*,#2048,.F.);
#2048 = EDGE_CURVE('',#2011,#921,#2049,.T.);
#2049 = SURFACE_CURVE('',#2050,(#2054,#2061),.PCURVE_S1.);
#2050 = LINE('',#2051,#2052);
#2051 = CARTESIAN_POINT('',(37.9,39.839339828221,-6.96066017178));
#2052 = VECTOR('',#2053,1.);
#2053 = DIRECTION('',(-1.,-0.,-0.));
#2054 = PCURVE('',#935,#2055);
#2055 = DEFINITIONAL_REPRESENTATION('',(#2056),#2060);
#2056 = LINE('',#2057,#2058);
#2057 = CARTESIAN_POINT('',(-0.,1.385819298767));
#2058 = VECTOR('',#2059,1.);
#2059 = DIRECTION('',(-1.,0.));
#2060 = ( GEOMETRIC_REPRESENTATION_CONTEXT(2) 
PARAMETRIC_REPRESENTATION_CONTEXT() REPRESENTATION_CONTEXT('2D SPACE',''
  ) );
#2061 = PCURVE('',#2062,#2067);
#2062 = PLANE('',#2063);
#2063 = AXIS2_PLACEMENT_3D('',#2064,#2065,#2066);
#2064 = CARTESIAN_POINT('',(37.9,40.15,-6.65));
#2065 = DIRECTION('',(0.,-0.707106781187,0.707106781187));
#2066 = DIRECTION('',(1.,0.,-0.));
#2067 = DEFINITIONAL_REPRESENTATION('',(#2068),#2072);
#2068 = LINE('',#2069,#2070);
#2069 = CARTESIAN_POINT('',(-0.,-0.43933982822));
#2070 = VECTOR('',#2071,1.);
#2071 = DIRECTION('',(-1.,0.));
#2072 = ( GEOMETRIC_REPRESENTATION_CONTEXT(2) 
PARAMETRIC_REPRESENTATION_CONTEXT() REPRESENTATION_CONTEXT('2D SPACE',''
  ) );
#2073 = ADVANCED_FACE('',(#2074),#964,.T.);
#2074 = FACE_BOUND('',#2075,.T.);
#2075 = EDGE_LOOP('',(#2076,#2097,#2119,#2120));
#2076 = ORIENTED_EDGE('',*,*,#2077,.F.);
#2077 = EDGE_CURVE('',#2078,#921,#2080,.T.);
#2078 = VERTEX_POINT('',#2079);
#2079 = CARTESIAN_POINT('',(-0.9,39.4,-7.4));
#2080 = SURFACE_CURVE('',#2081,(#2085,#2091),.PCURVE_S1.);
#2081 = LINE('',#2082,#2083);
#2082 = CARTESIAN_POINT('',(-0.9,40.15,-6.65));
#2083 = VECTOR('',#2084,1.);
#2084 = DIRECTION('',(-0.,0.707106781187,0.707106781187));
#2085 = PCURVE('',#964,#2086);
#2086 = DEFINITIONAL_REPRESENTATION('',(#2087),#2090);
#2087 = B_SPLINE_CURVE_WITH_KNOTS('',1,(#2088,#2089),.UNSPECIFIED.,.F.,
  .F.,(2,2),(-1.06066017178,1.06066017178),.PIECEWISE_BEZIER_KNOTS.);
#2088 = CARTESIAN_POINT('',(0.,-1.5));
#2089 = CARTESIAN_POINT('',(0.,-3.140184917368E-16));
#2090 = ( GEOMETRIC_REPRESENTATION_CONTEXT(2) 
PARAMETRIC_REPRESENTATION_CONTEXT() REPRESENTATION_CONTEXT('2D SPACE',''
  ) );
#2091 = PCURVE('',#2062,#2092);
#2092 = DEFINITIONAL_REPRESENTATION('',(#2093),#2096);
#2093 = B_SPLINE_CURVE_WITH_KNOTS('',1,(#2094,#2095),.UNSPECIFIED.,.F.,
  .F.,(2,2),(-1.06066017178,1.06066017178),.PIECEWISE_BEZIER_KNOTS.);
#2094 = CARTESIAN_POINT('',(-38.8,-1.06066017178));
#2095 = CARTESIAN_POINT('',(-38.8,1.06066017178));
#2096 = ( GEOMETRIC_REPRESENTATION_CONTEXT(2) 
PARAMETRIC_REPRESENTATION_CONTEXT() REPRESENTATION_CONTEXT('2D SPACE',''
  ) );
#2097 = ORIENTED_EDGE('',*,*,#2098,.T.);
#2098 = EDGE_CURVE('',#2078,#989,#2099,.T.);
#2099 = SURFACE_CURVE('',#2100,(#2105,#2112),.PCURVE_S1.);
#2100 = CIRCLE('',#2101,1.5);
#2101 = AXIS2_PLACEMENT_3D('',#2102,#2103,#2104);
#2102 = CARTESIAN_POINT('',(-0.9,37.899999995838,-7.4));
#2103 = DIRECTION('',(0.,-0.,1.));
#2104 = DIRECTION('',(0.,1.,0.));
#2105 = PCURVE('',#964,#2106);
#2106 = DEFINITIONAL_REPRESENTATION('',(#2107),#2111);
#2107 = LINE('',#2108,#2109);
#2108 = CARTESIAN_POINT('',(0.,-1.5));
#2109 = VECTOR('',#2110,1.);
#2110 = DIRECTION('',(1.,0.));
#2111 = ( GEOMETRIC_REPRESENTATION_CONTEXT(2) 
PARAMETRIC_REPRESENTATION_CONTEXT() REPRESENTATION_CONTEXT('2D SPACE',''
  ) );
#2112 = PCURVE('',#1025,#2113);
#2113 = DEFINITIONAL_REPRESENTATION('',(#2114),#2118);
#2114 = CIRCLE('',#2115,1.5);
#2115 = AXIS2_PLACEMENT_2D('',#2116,#2117);
#2116 = CARTESIAN_POINT('',(-19.39999999942,19.399999996454));
#2117 = DIRECTION('',(0.,1.));
#2118 = ( GEOMETRIC_REPRESENTATION_CONTEXT(2) 
PARAMETRIC_REPRESENTATION_CONTEXT() REPRESENTATION_CONTEXT('2D SPACE',''
  ) );
#2119 = ORIENTED_EDGE('',*,*,#988,.T.);
#2120 = ORIENTED_EDGE('',*,*,#946,.F.);
#2121 = ADVANCED_FACE('',(#2122,#2257),#1025,.F.);
#2122 = FACE_BOUND('',#2123,.F.);
#2123 = EDGE_LOOP('',(#2124,#2147,#2176,#2204,#2233,#2254,#2255,#2256));
#2124 = ORIENTED_EDGE('',*,*,#2125,.T.);
#2125 = EDGE_CURVE('',#1278,#2126,#2128,.T.);
#2126 = VERTEX_POINT('',#2127);
#2127 = CARTESIAN_POINT('',(37.899999995838,-2.4,-7.4));
#2128 = SURFACE_CURVE('',#2129,(#2133,#2140),.PCURVE_S1.);
#2129 = LINE('',#2130,#2131);
#2130 = CARTESIAN_POINT('',(-0.9,-2.4,-7.4));
#2131 = VECTOR('',#2132,1.);
#2132 = DIRECTION('',(1.,0.,0.));
#2133 = PCURVE('',#1025,#2134);
#2134 = DEFINITIONAL_REPRESENTATION('',(#2135),#2139);
#2135 = LINE('',#2136,#2137);
#2136 = CARTESIAN_POINT('',(-19.39999999942,-20.89999999938));
#2137 = VECTOR('',#2138,1.);
#2138 = DIRECTION('',(1.,0.));
#2139 = ( GEOMETRIC_REPRESENTATION_CONTEXT(2) 
PARAMETRIC_REPRESENTATION_CONTEXT() REPRESENTATION_CONTEXT('2D SPACE',''
  ) );
#2140 = PCURVE('',#1314,#2141);
#2141 = DEFINITIONAL_REPRESENTATION('',(#2142),#2146);
#2142 = LINE('',#2143,#2144);
#2143 = CARTESIAN_POINT('',(0.,-1.06066017178));
#2144 = VECTOR('',#2145,1.);
#2145 = DIRECTION('',(1.,0.));
#2146 = ( GEOMETRIC_REPRESENTATION_CONTEXT(2) 
PARAMETRIC_REPRESENTATION_CONTEXT() REPRESENTATION_CONTEXT('2D SPACE',''
  ) );
#2147 = ORIENTED_EDGE('',*,*,#2148,.T.);
#2148 = EDGE_CURVE('',#2126,#2149,#2151,.T.);
#2149 = VERTEX_POINT('',#2150);
#2150 = CARTESIAN_POINT('',(39.399999995838,-0.9,-7.4));
#2151 = SURFACE_CURVE('',#2152,(#2157,#2164),.PCURVE_S1.);
#2152 = CIRCLE('',#2153,1.5);
#2153 = AXIS2_PLACEMENT_3D('',#2154,#2155,#2156);
#2154 = CARTESIAN_POINT('',(37.899999995838,-0.9,-7.4));
#2155 = DIRECTION('',(0.,0.,1.));
#2156 = DIRECTION('',(0.,-1.,0.));
#2157 = PCURVE('',#1025,#2158);
#2158 = DEFINITIONAL_REPRESENTATION('',(#2159),#2163);
#2159 = CIRCLE('',#2160,1.5);
#2160 = AXIS2_PLACEMENT_2D('',#2161,#2162);
#2161 = CARTESIAN_POINT('',(19.399999996414,-19.39999999938));
#2162 = DIRECTION('',(0.,-1.));
#2163 = ( GEOMETRIC_REPRESENTATION_CONTEXT(2) 
PARAMETRIC_REPRESENTATION_CONTEXT() REPRESENTATION_CONTEXT('2D SPACE',''
  ) );
#2164 = PCURVE('',#2165,#2170);
#2165 = CONICAL_SURFACE('',#2166,3.,0.785398163397);
#2166 = AXIS2_PLACEMENT_3D('',#2167,#2168,#2169);
#2167 = CARTESIAN_POINT('',(37.899999995838,-0.9,-5.9));
#2168 = DIRECTION('',(0.,0.,1.));
#2169 = DIRECTION('',(0.,-1.,0.));
#2170 = DEFINITIONAL_REPRESENTATION('',(#2171),#2175);
#2171 = LINE('',#2172,#2173);
#2172 = CARTESIAN_POINT('',(0.,-1.5));
#2173 = VECTOR('',#2174,1.);
#2174 = DIRECTION('',(1.,0.));
#2175 = ( GEOMETRIC_REPRESENTATION_CONTEXT(2) 
PARAMETRIC_REPRESENTATION_CONTEXT() REPRESENTATION_CONTEXT('2D SPACE',''
  ) );
#2176 = ORIENTED_EDGE('',*,*,#2177,.T.);
#2177 = EDGE_CURVE('',#2149,#2178,#2180,.T.);
#2178 = VERTEX_POINT('',#2179);
#2179 = CARTESIAN_POINT('',(39.4,37.899999995838,-7.4));
#2180 = SURFACE_CURVE('',#2181,(#2185,#2192),.PCURVE_S1.);
#2181 = LINE('',#2182,#2183);
#2182 = CARTESIAN_POINT('',(39.4,-0.9,-7.4));
#2183 = VECTOR('',#2184,1.);
#2184 = DIRECTION('',(0.,1.,0.));
#2185 = PCURVE('',#1025,#2186);
#2186 = DEFINITIONAL_REPRESENTATION('',(#2187),#2191);
#2187 = LINE('',#2188,#2189);
#2188 = CARTESIAN_POINT('',(20.900000000576,-19.39999999938));
#2189 = VECTOR('',#2190,1.);
#2190 = DIRECTION('',(0.,1.));
#2191 = ( GEOMETRIC_REPRESENTATION_CONTEXT(2) 
PARAMETRIC_REPRESENTATION_CONTEXT() REPRESENTATION_CONTEXT('2D SPACE',''
  ) );
#2192 = PCURVE('',#2193,#2198);
#2193 = PLANE('',#2194);
#2194 = AXIS2_PLACEMENT_3D('',#2195,#2196,#2197);
#2195 = CARTESIAN_POINT('',(40.15,-0.9,-6.65));
#2196 = DIRECTION('',(0.707106781187,0.,-0.707106781187));
#2197 = DIRECTION('',(0.,1.,0.));
#2198 = DEFINITIONAL_REPRESENTATION('',(#2199),#2203);
#2199 = LINE('',#2200,#2201);
#2200 = CARTESIAN_POINT('',(0.,-1.06066017178));
#2201 = VECTOR('',#2202,1.);
#2202 = DIRECTION('',(1.,0.));
#2203 = ( GEOMETRIC_REPRESENTATION_CONTEXT(2) 
PARAMETRIC_REPRESENTATION_CONTEXT() REPRESENTATION_CONTEXT('2D SPACE',''
  ) );
#2204 = ORIENTED_EDGE('',*,*,#2205,.T.);
#2205 = EDGE_CURVE('',#2178,#2206,#2208,.T.);
#2206 = VERTEX_POINT('',#2207);
#2207 = CARTESIAN_POINT('',(37.9,39.399999995838,-7.4));
#2208 = SURFACE_CURVE('',#2209,(#2214,#2221),.PCURVE_S1.);
#2209 = CIRCLE('',#2210,1.5);
#2210 = AXIS2_PLACEMENT_3D('',#2211,#2212,#2213);
#2211 = CARTESIAN_POINT('',(37.9,37.899999995838,-7.4));
#2212 = DIRECTION('',(0.,0.,1.));
#2213 = DIRECTION('',(1.,0.,-0.));
#2214 = PCURVE('',#1025,#2215);
#2215 = DEFINITIONAL_REPRESENTATION('',(#2216),#2220);
#2216 = CIRCLE('',#2217,1.5);
#2217 = AXIS2_PLACEMENT_2D('',#2218,#2219);
#2218 = CARTESIAN_POINT('',(19.400000000576,19.399999996454));
#2219 = DIRECTION('',(1.,0.));
#2220 = ( GEOMETRIC_REPRESENTATION_CONTEXT(2) 
PARAMETRIC_REPRESENTATION_CONTEXT() REPRESENTATION_CONTEXT('2D SPACE',''
  ) );
#2221 = PCURVE('',#2222,#2227);
#2222 = CONICAL_SURFACE('',#2223,3.,0.785398163397);
#2223 = AXIS2_PLACEMENT_3D('',#2224,#2225,#2226);
#2224 = CARTESIAN_POINT('',(37.9,37.899999995838,-5.9));
#2225 = DIRECTION('',(0.,0.,1.));
#2226 = DIRECTION('',(1.,0.,-0.));
#2227 = DEFINITIONAL_REPRESENTATION('',(#2228),#2232);
#2228 = LINE('',#2229,#2230);
#2229 = CARTESIAN_POINT('',(0.,-1.5));
#2230 = VECTOR('',#2231,1.);
#2231 = DIRECTION('',(1.,0.));
#2232 = ( GEOMETRIC_REPRESENTATION_CONTEXT(2) 
PARAMETRIC_REPRESENTATION_CONTEXT() REPRESENTATION_CONTEXT('2D SPACE',''
  ) );
#2233 = ORIENTED_EDGE('',*,*,#2234,.T.);
#2234 = EDGE_CURVE('',#2206,#2078,#2235,.T.);
#2235 = SURFACE_CURVE('',#2236,(#2240,#2247),.PCURVE_S1.);
#2236 = LINE('',#2237,#2238);
#2237 = CARTESIAN_POINT('',(37.9,39.4,-7.4));
#2238 = VECTOR('',#2239,1.);
#2239 = DIRECTION('',(-1.,-0.,-0.));
#2240 = PCURVE('',#1025,#2241);
#2241 = DEFINITIONAL_REPRESENTATION('',(#2242),#2246);
#2242 = LINE('',#2243,#2244);
#2243 = CARTESIAN_POINT('',(19.400000000576,20.900000000616));
#2244 = VECTOR('',#2245,1.);
#2245 = DIRECTION('',(-1.,0.));
#2246 = ( GEOMETRIC_REPRESENTATION_CONTEXT(2) 
PARAMETRIC_REPRESENTATION_CONTEXT() REPRESENTATION_CONTEXT('2D SPACE',''
  ) );
#2247 = PCURVE('',#2062,#2248);
#2248 = DEFINITIONAL_REPRESENTATION('',(#2249),#2253);
#2249 = LINE('',#2250,#2251);
#2250 = CARTESIAN_POINT('',(-0.,-1.06066017178));
#2251 = VECTOR('',#2252,1.);
#2252 = DIRECTION('',(-1.,0.));
#2253 = ( GEOMETRIC_REPRESENTATION_CONTEXT(2) 
PARAMETRIC_REPRESENTATION_CONTEXT() REPRESENTATION_CONTEXT('2D SPACE',''
  ) );
#2254 = ORIENTED_EDGE('',*,*,#2098,.T.);
#2255 = ORIENTED_EDGE('',*,*,#1009,.T.);
#2256 = ORIENTED_EDGE('',*,*,#1277,.T.);
#2257 = FACE_BOUND('',#2258,.F.);
#2258 = EDGE_LOOP('',(#2259));
#2259 = ORIENTED_EDGE('',*,*,#2260,.F.);
#2260 = EDGE_CURVE('',#2261,#2261,#2263,.T.);
#2261 = VERTEX_POINT('',#2262);
#2262 = CARTESIAN_POINT('',(26.5,18.5,-7.4));
#2263 = SURFACE_CURVE('',#2264,(#2269,#2276),.PCURVE_S1.);
#2264 = CIRCLE('',#2265,8.);
#2265 = AXIS2_PLACEMENT_3D('',#2266,#2267,#2268);
#2266 = CARTESIAN_POINT('',(18.5,18.5,-7.4));
#2267 = DIRECTION('',(0.,0.,1.));
#2268 = DIRECTION('',(1.,0.,-0.));
#2269 = PCURVE('',#1025,#2270);
#2270 = DEFINITIONAL_REPRESENTATION('',(#2271),#2275);
#2271 = CIRCLE('',#2272,8.);
#2272 = AXIS2_PLACEMENT_2D('',#2273,#2274);
#2273 = CARTESIAN_POINT('',(5.761187082953E-10,6.154294851513E-10));
#2274 = DIRECTION('',(1.,0.));
#2275 = ( GEOMETRIC_REPRESENTATION_CONTEXT(2) 
PARAMETRIC_REPRESENTATION_CONTEXT() REPRESENTATION_CONTEXT('2D SPACE',''
  ) );
#2276 = PCURVE('',#2277,#2282);
#2277 = CYLINDRICAL_SURFACE('',#2278,8.);
#2278 = AXIS2_PLACEMENT_3D('',#2279,#2280,#2281);
#2279 = CARTESIAN_POINT('',(18.5,18.5,-19.9));
#2280 = DIRECTION('',(0.,0.,1.));
#2281 = DIRECTION('',(1.,0.,-0.));
#2282 = DEFINITIONAL_REPRESENTATION('',(#2283),#2287);
#2283 = LINE('',#2284,#2285);
#2284 = CARTESIAN_POINT('',(0.,12.5));
#2285 = VECTOR('',#2286,1.);
#2286 = DIRECTION('',(1.,0.));
#2287 = ( GEOMETRIC_REPRESENTATION_CONTEXT(2) 
PARAMETRIC_REPRESENTATION_CONTEXT() REPRESENTATION_CONTEXT('2D SPACE',''
  ) );
#2288 = ADVANCED_FACE('',(#2289),#1075,.F.);
#2289 = FACE_BOUND('',#2290,.T.);
#2290 = EDGE_LOOP('',(#2291,#2327,#2328,#2329));
#2291 = ORIENTED_EDGE('',*,*,#2292,.F.);
#2292 = EDGE_CURVE('',#1202,#2293,#2295,.T.);
#2293 = VERTEX_POINT('',#2294);
#2294 = CARTESIAN_POINT('',(37.9,39.839339828221,9.56066017178));
#2295 = SURFACE_CURVE('',#2296,(#2300,#2306),.PCURVE_S1.);
#2296 = LINE('',#2297,#2298);
#2297 = CARTESIAN_POINT('',(37.9,40.369669914111,8.28033008589));
#2298 = VECTOR('',#2299,1.);
#2299 = DIRECTION('',(-0.,-0.382683432365,0.923879532511));
#2300 = PCURVE('',#1075,#2301);
#2301 = DEFINITIONAL_REPRESENTATION('',(#2302),#2305);
#2302 = B_SPLINE_CURVE_WITH_KNOTS('',1,(#2303,#2304),.UNSPECIFIED.,.F.,
  .F.,(2,2),(-1.385819298767,1.385819298767),.PIECEWISE_BEZIER_KNOTS.);
#2303 = CARTESIAN_POINT('',(0.,-1.385819298767));
#2304 = CARTESIAN_POINT('',(0.,1.385819298767));
#2305 = ( GEOMETRIC_REPRESENTATION_CONTEXT(2) 
PARAMETRIC_REPRESENTATION_CONTEXT() REPRESENTATION_CONTEXT('2D SPACE',''
  ) );
#2306 = PCURVE('',#2307,#2322);
#2307 = B_SPLINE_SURFACE_WITH_KNOTS('',1,6,(
    (#2308,#2309,#2310,#2311,#2312,#2313,#2314)
    ,(#2315,#2316,#2317,#2318,#2319,#2320,#2321
  )),.UNSPECIFIED.,.F.,.F.,.F.,(2,2),(7,7),(0.,4.712388980385),(
    169.33716692866,174.04955590905),.PIECEWISE_BEZIER_KNOTS.);
#2308 = CARTESIAN_POINT('',(40.9,37.899999995838,7.));
#2309 = CARTESIAN_POINT('',(40.9,38.685394563788,7.));
#2310 = CARTESIAN_POINT('',(40.65331885412,39.470735421423,7.));
#2311 = CARTESIAN_POINT('',(40.159565528543,40.159565524381,7.));
#2312 = CARTESIAN_POINT('',(39.470735425584,40.653318849958,7.));
#2313 = CARTESIAN_POINT('',(38.68539456795,40.899999995839,7.));
#2314 = CARTESIAN_POINT('',(37.9,40.899999995838,7.));
#2315 = CARTESIAN_POINT('',(39.83933982822,37.899999995838,9.56066017178
    ));
#2316 = CARTESIAN_POINT('',(39.83933982822,38.407715651336,9.56066017178
    ));
#2317 = CARTESIAN_POINT('',(39.679873637861,38.915396585982,
    9.56066017178));
#2318 = CARTESIAN_POINT('',(39.360688474659,39.360688470497,
    9.56066017178));
#2319 = CARTESIAN_POINT('',(38.915396590144,39.6798736337,9.56066017178)
  );
#2320 = CARTESIAN_POINT('',(38.407715655498,39.839339824059,
    9.56066017178));
#2321 = CARTESIAN_POINT('',(37.9,39.839339824059,9.56066017178));
#2322 = DEFINITIONAL_REPRESENTATION('',(#2323),#2326);
#2323 = B_SPLINE_CURVE_WITH_KNOTS('',1,(#2324,#2325),.UNSPECIFIED.,.F.,
  .F.,(2,2),(-1.385819298767,1.385819298767),.PIECEWISE_BEZIER_KNOTS.);
#2324 = CARTESIAN_POINT('',(0.,174.04955590905));
#2325 = CARTESIAN_POINT('',(4.712388980385,174.04955590905));
#2326 = ( GEOMETRIC_REPRESENTATION_CONTEXT(2) 
PARAMETRIC_REPRESENTATION_CONTEXT() REPRESENTATION_CONTEXT('2D SPACE',''
  ) );
#2327 = ORIENTED_EDGE('',*,*,#1201,.T.);
#2328 = ORIENTED_EDGE('',*,*,#1060,.T.);
#2329 = ORIENTED_EDGE('',*,*,#2330,.F.);
#2330 = EDGE_CURVE('',#2293,#1061,#2331,.T.);
#2331 = SURFACE_CURVE('',#2332,(#2336,#2343),.PCURVE_S1.);
#2332 = LINE('',#2333,#2334);
#2333 = CARTESIAN_POINT('',(37.9,39.839339828221,9.56066017178));
#2334 = VECTOR('',#2335,1.);
#2335 = DIRECTION('',(-1.,-0.,-0.));
#2336 = PCURVE('',#1075,#2337);
#2337 = DEFINITIONAL_REPRESENTATION('',(#2338),#2342);
#2338 = LINE('',#2339,#2340);
#2339 = CARTESIAN_POINT('',(-0.,1.385819298767));
#2340 = VECTOR('',#2341,1.);
#2341 = DIRECTION('',(-1.,0.));
#2342 = ( GEOMETRIC_REPRESENTATION_CONTEXT(2) 
PARAMETRIC_REPRESENTATION_CONTEXT() REPRESENTATION_CONTEXT('2D SPACE',''
  ) );
#2343 = PCURVE('',#2344,#2349);
#2344 = PLANE('',#2345);
#2345 = AXIS2_PLACEMENT_3D('',#2346,#2347,#2348);
#2346 = CARTESIAN_POINT('',(37.9,40.15,9.25));
#2347 = DIRECTION('',(0.,0.707106781187,0.707106781187));
#2348 = DIRECTION('',(1.,-0.,-0.));
#2349 = DEFINITIONAL_REPRESENTATION('',(#2350),#2354);
#2350 = LINE('',#2351,#2352);
#2351 = CARTESIAN_POINT('',(-0.,-0.43933982822));
#2352 = VECTOR('',#2353,1.);
#2353 = DIRECTION('',(-1.,0.));
#2354 = ( GEOMETRIC_REPRESENTATION_CONTEXT(2) 
PARAMETRIC_REPRESENTATION_CONTEXT() REPRESENTATION_CONTEXT('2D SPACE',''
  ) );
#2355 = ADVANCED_FACE('',(#2356),#1104,.T.);
#2356 = FACE_BOUND('',#2357,.F.);
#2357 = EDGE_LOOP('',(#2358,#2379,#2401,#2402));
#2358 = ORIENTED_EDGE('',*,*,#2359,.F.);
#2359 = EDGE_CURVE('',#2360,#1061,#2362,.T.);
#2360 = VERTEX_POINT('',#2361);
#2361 = CARTESIAN_POINT('',(-0.9,39.4,10.));
#2362 = SURFACE_CURVE('',#2363,(#2367,#2373),.PCURVE_S1.);
#2363 = LINE('',#2364,#2365);
#2364 = CARTESIAN_POINT('',(-0.9,40.15,9.25));
#2365 = VECTOR('',#2366,1.);
#2366 = DIRECTION('',(-0.,0.707106781187,-0.707106781187));
#2367 = PCURVE('',#1104,#2368);
#2368 = DEFINITIONAL_REPRESENTATION('',(#2369),#2372);
#2369 = B_SPLINE_CURVE_WITH_KNOTS('',1,(#2370,#2371),.UNSPECIFIED.,.F.,
  .F.,(2,2),(-1.06066017178,1.06066017178),.PIECEWISE_BEZIER_KNOTS.);
#2370 = CARTESIAN_POINT('',(0.,-1.5));
#2371 = CARTESIAN_POINT('',(0.,-3.140184917368E-16));
#2372 = ( GEOMETRIC_REPRESENTATION_CONTEXT(2) 
PARAMETRIC_REPRESENTATION_CONTEXT() REPRESENTATION_CONTEXT('2D SPACE',''
  ) );
#2373 = PCURVE('',#2344,#2374);
#2374 = DEFINITIONAL_REPRESENTATION('',(#2375),#2378);
#2375 = B_SPLINE_CURVE_WITH_KNOTS('',1,(#2376,#2377),.UNSPECIFIED.,.F.,
  .F.,(2,2),(-1.06066017178,1.06066017178),.PIECEWISE_BEZIER_KNOTS.);
#2376 = CARTESIAN_POINT('',(-38.8,-1.06066017178));
#2377 = CARTESIAN_POINT('',(-38.8,1.06066017178));
#2378 = ( GEOMETRIC_REPRESENTATION_CONTEXT(2) 
PARAMETRIC_REPRESENTATION_CONTEXT() REPRESENTATION_CONTEXT('2D SPACE',''
  ) );
#2379 = ORIENTED_EDGE('',*,*,#2380,.T.);
#2380 = EDGE_CURVE('',#2360,#1129,#2381,.T.);
#2381 = SURFACE_CURVE('',#2382,(#2387,#2394),.PCURVE_S1.);
#2382 = CIRCLE('',#2383,1.5);
#2383 = AXIS2_PLACEMENT_3D('',#2384,#2385,#2386);
#2384 = CARTESIAN_POINT('',(-0.9,37.899999995838,10.));
#2385 = DIRECTION('',(0.,0.,1.));
#2386 = DIRECTION('',(0.,1.,-0.));
#2387 = PCURVE('',#1104,#2388);
#2388 = DEFINITIONAL_REPRESENTATION('',(#2389),#2393);
#2389 = LINE('',#2390,#2391);
#2390 = CARTESIAN_POINT('',(-0.,-1.5));
#2391 = VECTOR('',#2392,1.);
#2392 = DIRECTION('',(-1.,0.));
#2393 = ( GEOMETRIC_REPRESENTATION_CONTEXT(2) 
PARAMETRIC_REPRESENTATION_CONTEXT() REPRESENTATION_CONTEXT('2D SPACE',''
  ) );
#2394 = PCURVE('',#1165,#2395);
#2395 = DEFINITIONAL_REPRESENTATION('',(#2396),#2400);
#2396 = CIRCLE('',#2397,1.5);
#2397 = AXIS2_PLACEMENT_2D('',#2398,#2399);
#2398 = CARTESIAN_POINT('',(-19.39999999942,19.399999996454));
#2399 = DIRECTION('',(0.,1.));
#2400 = ( GEOMETRIC_REPRESENTATION_CONTEXT(2) 
PARAMETRIC_REPRESENTATION_CONTEXT() REPRESENTATION_CONTEXT('2D SPACE',''
  ) );
#2401 = ORIENTED_EDGE('',*,*,#1128,.T.);
#2402 = ORIENTED_EDGE('',*,*,#1086,.F.);
#2403 = ADVANCED_FACE('',(#2404,#2539),#1165,.T.);
#2404 = FACE_BOUND('',#2405,.T.);
#2405 = EDGE_LOOP('',(#2406,#2429,#2458,#2486,#2515,#2536,#2537,#2538));
#2406 = ORIENTED_EDGE('',*,*,#2407,.T.);
#2407 = EDGE_CURVE('',#1507,#2408,#2410,.T.);
#2408 = VERTEX_POINT('',#2409);
#2409 = CARTESIAN_POINT('',(37.899999995838,-2.4,10.));
#2410 = SURFACE_CURVE('',#2411,(#2415,#2422),.PCURVE_S1.);
#2411 = LINE('',#2412,#2413);
#2412 = CARTESIAN_POINT('',(-0.9,-2.4,10.));
#2413 = VECTOR('',#2414,1.);
#2414 = DIRECTION('',(1.,0.,0.));
#2415 = PCURVE('',#1165,#2416);
#2416 = DEFINITIONAL_REPRESENTATION('',(#2417),#2421);
#2417 = LINE('',#2418,#2419);
#2418 = CARTESIAN_POINT('',(-19.39999999942,-20.89999999938));
#2419 = VECTOR('',#2420,1.);
#2420 = DIRECTION('',(1.,0.));
#2421 = ( GEOMETRIC_REPRESENTATION_CONTEXT(2) 
PARAMETRIC_REPRESENTATION_CONTEXT() REPRESENTATION_CONTEXT('2D SPACE',''
  ) );
#2422 = PCURVE('',#1543,#2423);
#2423 = DEFINITIONAL_REPRESENTATION('',(#2424),#2428);
#2424 = LINE('',#2425,#2426);
#2425 = CARTESIAN_POINT('',(0.,-1.06066017178));
#2426 = VECTOR('',#2427,1.);
#2427 = DIRECTION('',(1.,0.));
#2428 = ( GEOMETRIC_REPRESENTATION_CONTEXT(2) 
PARAMETRIC_REPRESENTATION_CONTEXT() REPRESENTATION_CONTEXT('2D SPACE',''
  ) );
#2429 = ORIENTED_EDGE('',*,*,#2430,.T.);
#2430 = EDGE_CURVE('',#2408,#2431,#2433,.T.);
#2431 = VERTEX_POINT('',#2432);
#2432 = CARTESIAN_POINT('',(39.399999995838,-0.9,10.));
#2433 = SURFACE_CURVE('',#2434,(#2439,#2446),.PCURVE_S1.);
#2434 = CIRCLE('',#2435,1.5);
#2435 = AXIS2_PLACEMENT_3D('',#2436,#2437,#2438);
#2436 = CARTESIAN_POINT('',(37.899999995838,-0.9,10.));
#2437 = DIRECTION('',(0.,0.,1.));
#2438 = DIRECTION('',(0.,-1.,0.));
#2439 = PCURVE('',#1165,#2440);
#2440 = DEFINITIONAL_REPRESENTATION('',(#2441),#2445);
#2441 = CIRCLE('',#2442,1.5);
#2442 = AXIS2_PLACEMENT_2D('',#2443,#2444);
#2443 = CARTESIAN_POINT('',(19.399999996414,-19.39999999938));
#2444 = DIRECTION('',(0.,-1.));
#2445 = ( GEOMETRIC_REPRESENTATION_CONTEXT(2) 
PARAMETRIC_REPRESENTATION_CONTEXT() REPRESENTATION_CONTEXT('2D SPACE',''
  ) );
#2446 = PCURVE('',#2447,#2452);
#2447 = CONICAL_SURFACE('',#2448,3.,0.785398163397);
#2448 = AXIS2_PLACEMENT_3D('',#2449,#2450,#2451);
#2449 = CARTESIAN_POINT('',(37.899999995838,-0.9,8.5));
#2450 = DIRECTION('',(-0.,-0.,-1.));
#2451 = DIRECTION('',(0.,-1.,0.));
#2452 = DEFINITIONAL_REPRESENTATION('',(#2453),#2457);
#2453 = LINE('',#2454,#2455);
#2454 = CARTESIAN_POINT('',(-0.,-1.5));
#2455 = VECTOR('',#2456,1.);
#2456 = DIRECTION('',(-1.,0.));
#2457 = ( GEOMETRIC_REPRESENTATION_CONTEXT(2) 
PARAMETRIC_REPRESENTATION_CONTEXT() REPRESENTATION_CONTEXT('2D SPACE',''
  ) );
#2458 = ORIENTED_EDGE('',*,*,#2459,.T.);
#2459 = EDGE_CURVE('',#2431,#2460,#2462,.T.);
#2460 = VERTEX_POINT('',#2461);
#2461 = CARTESIAN_POINT('',(39.4,37.899999995838,10.));
#2462 = SURFACE_CURVE('',#2463,(#2467,#2474),.PCURVE_S1.);
#2463 = LINE('',#2464,#2465);
#2464 = CARTESIAN_POINT('',(39.4,-0.9,10.));
#2465 = VECTOR('',#2466,1.);
#2466 = DIRECTION('',(0.,1.,0.));
#2467 = PCURVE('',#1165,#2468);
#2468 = DEFINITIONAL_REPRESENTATION('',(#2469),#2473);
#2469 = LINE('',#2470,#2471);
#2470 = CARTESIAN_POINT('',(20.900000000576,-19.39999999938));
#2471 = VECTOR('',#2472,1.);
#2472 = DIRECTION('',(0.,1.));
#2473 = ( GEOMETRIC_REPRESENTATION_CONTEXT(2) 
PARAMETRIC_REPRESENTATION_CONTEXT() REPRESENTATION_CONTEXT('2D SPACE',''
  ) );
#2474 = PCURVE('',#2475,#2480);
#2475 = PLANE('',#2476);
#2476 = AXIS2_PLACEMENT_3D('',#2477,#2478,#2479);
#2477 = CARTESIAN_POINT('',(40.15,-0.9,9.25));
#2478 = DIRECTION('',(-0.707106781187,0.,-0.707106781187));
#2479 = DIRECTION('',(0.,1.,0.));
#2480 = DEFINITIONAL_REPRESENTATION('',(#2481),#2485);
#2481 = LINE('',#2482,#2483);
#2482 = CARTESIAN_POINT('',(0.,-1.06066017178));
#2483 = VECTOR('',#2484,1.);
#2484 = DIRECTION('',(1.,0.));
#2485 = ( GEOMETRIC_REPRESENTATION_CONTEXT(2) 
PARAMETRIC_REPRESENTATION_CONTEXT() REPRESENTATION_CONTEXT('2D SPACE',''
  ) );
#2486 = ORIENTED_EDGE('',*,*,#2487,.T.);
#2487 = EDGE_CURVE('',#2460,#2488,#2490,.T.);
#2488 = VERTEX_POINT('',#2489);
#2489 = CARTESIAN_POINT('',(37.9,39.399999995838,10.));
#2490 = SURFACE_CURVE('',#2491,(#2496,#2503),.PCURVE_S1.);
#2491 = CIRCLE('',#2492,1.5);
#2492 = AXIS2_PLACEMENT_3D('',#2493,#2494,#2495);
#2493 = CARTESIAN_POINT('',(37.9,37.899999995838,10.));
#2494 = DIRECTION('',(0.,0.,1.));
#2495 = DIRECTION('',(1.,0.,-0.));
#2496 = PCURVE('',#1165,#2497);
#2497 = DEFINITIONAL_REPRESENTATION('',(#2498),#2502);
#2498 = CIRCLE('',#2499,1.5);
#2499 = AXIS2_PLACEMENT_2D('',#2500,#2501);
#2500 = CARTESIAN_POINT('',(19.400000000576,19.399999996454));
#2501 = DIRECTION('',(1.,0.));
#2502 = ( GEOMETRIC_REPRESENTATION_CONTEXT(2) 
PARAMETRIC_REPRESENTATION_CONTEXT() REPRESENTATION_CONTEXT('2D SPACE',''
  ) );
#2503 = PCURVE('',#2504,#2509);
#2504 = CONICAL_SURFACE('',#2505,3.,0.785398163397);
#2505 = AXIS2_PLACEMENT_3D('',#2506,#2507,#2508);
#2506 = CARTESIAN_POINT('',(37.9,37.899999995838,8.5));
#2507 = DIRECTION('',(-0.,-0.,-1.));
#2508 = DIRECTION('',(1.,0.,0.));
#2509 = DEFINITIONAL_REPRESENTATION('',(#2510),#2514);
#2510 = LINE('',#2511,#2512);
#2511 = CARTESIAN_POINT('',(-0.,-1.5));
#2512 = VECTOR('',#2513,1.);
#2513 = DIRECTION('',(-1.,0.));
#2514 = ( GEOMETRIC_REPRESENTATION_CONTEXT(2) 
PARAMETRIC_REPRESENTATION_CONTEXT() REPRESENTATION_CONTEXT('2D SPACE',''
  ) );
#2515 = ORIENTED_EDGE('',*,*,#2516,.T.);
#2516 = EDGE_CURVE('',#2488,#2360,#2517,.T.);
#2517 = SURFACE_CURVE('',#2518,(#2522,#2529),.PCURVE_S1.);
#2518 = LINE('',#2519,#2520);
#2519 = CARTESIAN_POINT('',(37.9,39.4,10.));
#2520 = VECTOR('',#2521,1.);
#2521 = DIRECTION('',(-1.,-0.,-0.));
#2522 = PCURVE('',#1165,#2523);
#2523 = DEFINITIONAL_REPRESENTATION('',(#2524),#2528);
#2524 = LINE('',#2525,#2526);
#2525 = CARTESIAN_POINT('',(19.400000000576,20.900000000616));
#2526 = VECTOR('',#2527,1.);
#2527 = DIRECTION('',(-1.,0.));
#2528 = ( GEOMETRIC_REPRESENTATION_CONTEXT(2) 
PARAMETRIC_REPRESENTATION_CONTEXT() REPRESENTATION_CONTEXT('2D SPACE',''
  ) );
#2529 = PCURVE('',#2344,#2530);
#2530 = DEFINITIONAL_REPRESENTATION('',(#2531),#2535);
#2531 = LINE('',#2532,#2533);
#2532 = CARTESIAN_POINT('',(-0.,-1.06066017178));
#2533 = VECTOR('',#2534,1.);
#2534 = DIRECTION('',(-1.,0.));
#2535 = ( GEOMETRIC_REPRESENTATION_CONTEXT(2) 
PARAMETRIC_REPRESENTATION_CONTEXT() REPRESENTATION_CONTEXT('2D SPACE',''
  ) );
#2536 = ORIENTED_EDGE('',*,*,#2380,.T.);
#2537 = ORIENTED_EDGE('',*,*,#1149,.T.);
#2538 = ORIENTED_EDGE('',*,*,#1506,.T.);
#2539 = FACE_BOUND('',#2540,.T.);
#2540 = EDGE_LOOP('',(#2541,#2569,#2595,#2621));
#2541 = ORIENTED_EDGE('',*,*,#2542,.T.);
#2542 = EDGE_CURVE('',#2543,#2545,#2547,.T.);
#2543 = VERTEX_POINT('',#2544);
#2544 = CARTESIAN_POINT('',(38.5,-1.5,10.));
#2545 = VERTEX_POINT('',#2546);
#2546 = CARTESIAN_POINT('',(-1.5,-1.5,10.));
#2547 = SURFACE_CURVE('',#2548,(#2552,#2558),.PCURVE_S1.);
#2548 = LINE('',#2549,#2550);
#2549 = CARTESIAN_POINT('',(8.499999999712,-1.5,10.));
#2550 = VECTOR('',#2551,1.);
#2551 = DIRECTION('',(-1.,-0.,0.));
#2552 = PCURVE('',#1165,#2553);
#2553 = DEFINITIONAL_REPRESENTATION('',(#2554),#2557);
#2554 = B_SPLINE_CURVE_WITH_KNOTS('',1,(#2555,#2556),.UNSPECIFIED.,.F.,
  .F.,(2,2),(-30.00000000028,9.999999999712),.PIECEWISE_BEZIER_KNOTS.);
#2555 = CARTESIAN_POINT('',(20.000000000576,-19.99999999938));
#2556 = CARTESIAN_POINT('',(-19.99999999942,-19.99999999938));
#2557 = ( GEOMETRIC_REPRESENTATION_CONTEXT(2) 
PARAMETRIC_REPRESENTATION_CONTEXT() REPRESENTATION_CONTEXT('2D SPACE',''
  ) );
#2558 = PCURVE('',#2559,#2564);
#2559 = PLANE('',#2560);
#2560 = AXIS2_PLACEMENT_3D('',#2561,#2562,#2563);
#2561 = CARTESIAN_POINT('',(-1.5,-1.5,-5.));
#2562 = DIRECTION('',(-0.,1.,0.));
#2563 = DIRECTION('',(0.,0.,1.));
#2564 = DEFINITIONAL_REPRESENTATION('',(#2565),#2568);
#2565 = B_SPLINE_CURVE_WITH_KNOTS('',1,(#2566,#2567),.UNSPECIFIED.,.F.,
  .F.,(2,2),(-30.00000000028,9.999999999712),.PIECEWISE_BEZIER_KNOTS.);
#2566 = CARTESIAN_POINT('',(15.,40.));
#2567 = CARTESIAN_POINT('',(15.,0.));
#2568 = ( GEOMETRIC_REPRESENTATION_CONTEXT(2) 
PARAMETRIC_REPRESENTATION_CONTEXT() REPRESENTATION_CONTEXT('2D SPACE',''
  ) );
#2569 = ORIENTED_EDGE('',*,*,#2570,.T.);
#2570 = EDGE_CURVE('',#2545,#2571,#2573,.T.);
#2571 = VERTEX_POINT('',#2572);
#2572 = CARTESIAN_POINT('',(-1.5,38.5,10.));
#2573 = SURFACE_CURVE('',#2574,(#2578,#2584),.PCURVE_S1.);
#2574 = LINE('',#2575,#2576);
#2575 = CARTESIAN_POINT('',(-1.5,8.499999999692,10.));
#2576 = VECTOR('',#2577,1.);
#2577 = DIRECTION('',(-0.,1.,0.));
#2578 = PCURVE('',#1165,#2579);
#2579 = DEFINITIONAL_REPRESENTATION('',(#2580),#2583);
#2580 = B_SPLINE_CURVE_WITH_KNOTS('',1,(#2581,#2582),.UNSPECIFIED.,.F.,
  .F.,(2,2),(-9.999999999692,30.000000000308),.PIECEWISE_BEZIER_KNOTS.);
#2581 = CARTESIAN_POINT('',(-19.99999999942,-19.99999999938));
#2582 = CARTESIAN_POINT('',(-19.99999999942,20.000000000615));
#2583 = ( GEOMETRIC_REPRESENTATION_CONTEXT(2) 
PARAMETRIC_REPRESENTATION_CONTEXT() REPRESENTATION_CONTEXT('2D SPACE',''
  ) );
#2584 = PCURVE('',#2585,#2590);
#2585 = PLANE('',#2586);
#2586 = AXIS2_PLACEMENT_3D('',#2587,#2588,#2589);
#2587 = CARTESIAN_POINT('',(-1.5,-1.5,-5.));
#2588 = DIRECTION('',(1.,0.,-0.));
#2589 = DIRECTION('',(0.,0.,1.));
#2590 = DEFINITIONAL_REPRESENTATION('',(#2591),#2594);
#2591 = B_SPLINE_CURVE_WITH_KNOTS('',1,(#2592,#2593),.UNSPECIFIED.,.F.,
  .F.,(2,2),(-9.999999999692,30.000000000308),.PIECEWISE_BEZIER_KNOTS.);
#2592 = CARTESIAN_POINT('',(15.,0.));
#2593 = CARTESIAN_POINT('',(15.,-40.));
#2594 = ( GEOMETRIC_REPRESENTATION_CONTEXT(2) 
PARAMETRIC_REPRESENTATION_CONTEXT() REPRESENTATION_CONTEXT('2D SPACE',''
  ) );
#2595 = ORIENTED_EDGE('',*,*,#2596,.F.);
#2596 = EDGE_CURVE('',#2597,#2571,#2599,.T.);
#2597 = VERTEX_POINT('',#2598);
#2598 = CARTESIAN_POINT('',(38.5,38.5,10.));
#2599 = SURFACE_CURVE('',#2600,(#2604,#2610),.PCURVE_S1.);
#2600 = LINE('',#2601,#2602);
#2601 = CARTESIAN_POINT('',(8.499999999712,38.5,10.));
#2602 = VECTOR('',#2603,1.);
#2603 = DIRECTION('',(-1.,-0.,0.));
#2604 = PCURVE('',#1165,#2605);
#2605 = DEFINITIONAL_REPRESENTATION('',(#2606),#2609);
#2606 = B_SPLINE_CURVE_WITH_KNOTS('',1,(#2607,#2608),.UNSPECIFIED.,.F.,
  .F.,(2,2),(-30.00000000028,9.999999999712),.PIECEWISE_BEZIER_KNOTS.);
#2607 = CARTESIAN_POINT('',(20.000000000576,20.000000000615));
#2608 = CARTESIAN_POINT('',(-19.99999999942,20.000000000615));
#2609 = ( GEOMETRIC_REPRESENTATION_CONTEXT(2) 
PARAMETRIC_REPRESENTATION_CONTEXT() REPRESENTATION_CONTEXT('2D SPACE',''
  ) );
#2610 = PCURVE('',#2611,#2616);
#2611 = PLANE('',#2612);
#2612 = AXIS2_PLACEMENT_3D('',#2613,#2614,#2615);
#2613 = CARTESIAN_POINT('',(-1.5,38.5,-5.));
#2614 = DIRECTION('',(-0.,1.,0.));
#2615 = DIRECTION('',(0.,0.,1.));
#2616 = DEFINITIONAL_REPRESENTATION('',(#2617),#2620);
#2617 = B_SPLINE_CURVE_WITH_KNOTS('',1,(#2618,#2619),.UNSPECIFIED.,.F.,
  .F.,(2,2),(-30.00000000028,9.999999999712),.PIECEWISE_BEZIER_KNOTS.);
#2618 = CARTESIAN_POINT('',(15.,40.));
#2619 = CARTESIAN_POINT('',(15.,0.));
#2620 = ( GEOMETRIC_REPRESENTATION_CONTEXT(2) 
PARAMETRIC_REPRESENTATION_CONTEXT() REPRESENTATION_CONTEXT('2D SPACE',''
  ) );
#2621 = ORIENTED_EDGE('',*,*,#2622,.F.);
#2622 = EDGE_CURVE('',#2543,#2597,#2623,.T.);
#2623 = SURFACE_CURVE('',#2624,(#2628,#2634),.PCURVE_S1.);
#2624 = LINE('',#2625,#2626);
#2625 = CARTESIAN_POINT('',(38.5,8.499999999692,10.));
#2626 = VECTOR('',#2627,1.);
#2627 = DIRECTION('',(-0.,1.,0.));
#2628 = PCURVE('',#1165,#2629);
#2629 = DEFINITIONAL_REPRESENTATION('',(#2630),#2633);
#2630 = B_SPLINE_CURVE_WITH_KNOTS('',1,(#2631,#2632),.UNSPECIFIED.,.F.,
  .F.,(2,2),(-9.999999999692,30.000000000308),.PIECEWISE_BEZIER_KNOTS.);
#2631 = CARTESIAN_POINT('',(20.000000000576,-19.99999999938));
#2632 = CARTESIAN_POINT('',(20.000000000576,20.000000000615));
#2633 = ( GEOMETRIC_REPRESENTATION_CONTEXT(2) 
PARAMETRIC_REPRESENTATION_CONTEXT() REPRESENTATION_CONTEXT('2D SPACE',''
  ) );
#2634 = PCURVE('',#2635,#2640);
#2635 = PLANE('',#2636);
#2636 = AXIS2_PLACEMENT_3D('',#2637,#2638,#2639);
#2637 = CARTESIAN_POINT('',(38.5,-1.5,-5.));
#2638 = DIRECTION('',(1.,0.,-0.));
#2639 = DIRECTION('',(0.,0.,1.));
#2640 = DEFINITIONAL_REPRESENTATION('',(#2641),#2644);
#2641 = B_SPLINE_CURVE_WITH_KNOTS('',1,(#2642,#2643),.UNSPECIFIED.,.F.,
  .F.,(2,2),(-9.999999999692,30.000000000308),.PIECEWISE_BEZIER_KNOTS.);
#2642 = CARTESIAN_POINT('',(15.,0.));
#2643 = CARTESIAN_POINT('',(15.,-40.));
#2644 = ( GEOMETRIC_REPRESENTATION_CONTEXT(2) 
PARAMETRIC_REPRESENTATION_CONTEXT() REPRESENTATION_CONTEXT('2D SPACE',''
  ) );
#2645 = ADVANCED_FACE('',(#2646),#1240,.T.);
#2646 = FACE_BOUND('',#2647,.F.);
#2647 = EDGE_LOOP('',(#2648,#2673,#2703,#2704));
#2648 = ORIENTED_EDGE('',*,*,#2649,.T.);
#2649 = EDGE_CURVE('',#2650,#2652,#2654,.T.);
#2650 = VERTEX_POINT('',#2651);
#2651 = CARTESIAN_POINT('',(40.9,37.899999995838,-4.4));
#2652 = VERTEX_POINT('',#2653);
#2653 = CARTESIAN_POINT('',(40.9,37.899999995838,7.));
#2654 = SURFACE_CURVE('',#2655,(#2659,#2666),.PCURVE_S1.);
#2655 = LINE('',#2656,#2657);
#2656 = CARTESIAN_POINT('',(40.9,37.899999995838,-7.4));
#2657 = VECTOR('',#2658,1.);
#2658 = DIRECTION('',(0.,0.,1.));
#2659 = PCURVE('',#1240,#2660);
#2660 = DEFINITIONAL_REPRESENTATION('',(#2661),#2665);
#2661 = LINE('',#2662,#2663);
#2662 = CARTESIAN_POINT('',(-0.,0.));
#2663 = VECTOR('',#2664,1.);
#2664 = DIRECTION('',(-0.,-1.));
#2665 = ( GEOMETRIC_REPRESENTATION_CONTEXT(2) 
PARAMETRIC_REPRESENTATION_CONTEXT() REPRESENTATION_CONTEXT('2D SPACE',''
  ) );
#2666 = PCURVE('',#1965,#2667);
#2667 = DEFINITIONAL_REPRESENTATION('',(#2668),#2672);
#2668 = LINE('',#2669,#2670);
#2669 = CARTESIAN_POINT('',(38.799999995838,0.));
#2670 = VECTOR('',#2671,1.);
#2671 = DIRECTION('',(0.,-1.));
#2672 = ( GEOMETRIC_REPRESENTATION_CONTEXT(2) 
PARAMETRIC_REPRESENTATION_CONTEXT() REPRESENTATION_CONTEXT('2D SPACE',''
  ) );
#2673 = ORIENTED_EDGE('',*,*,#2674,.T.);
#2674 = EDGE_CURVE('',#2652,#1202,#2675,.T.);
#2675 = SURFACE_CURVE('',#2676,(#2684,#2696),.PCURVE_S1.);
#2676 = B_SPLINE_CURVE_WITH_KNOTS('',6,(#2677,#2678,#2679,#2680,#2681,
    #2682,#2683),.UNSPECIFIED.,.F.,.F.,(7,7),(169.33716692866,
    174.04955590905),.PIECEWISE_BEZIER_KNOTS.);
#2677 = CARTESIAN_POINT('',(40.9,37.899999995838,7.));
#2678 = CARTESIAN_POINT('',(40.9,38.685394563788,7.));
#2679 = CARTESIAN_POINT('',(40.65331885412,39.470735421423,7.));
#2680 = CARTESIAN_POINT('',(40.159565528543,40.159565524381,7.));
#2681 = CARTESIAN_POINT('',(39.470735425584,40.653318849958,7.));
#2682 = CARTESIAN_POINT('',(38.68539456795,40.899999995839,7.));
#2683 = CARTESIAN_POINT('',(37.9,40.899999995838,7.));
#2684 = PCURVE('',#1240,#2685);
#2685 = DEFINITIONAL_REPRESENTATION('',(#2686),#2695);
#2686 = B_SPLINE_CURVE_WITH_KNOTS('',7,(#2687,#2688,#2689,#2690,#2691,
    #2692,#2693,#2694),.UNSPECIFIED.,.F.,.F.,(8,8),(169.33716692866,
    174.04955590905),.PIECEWISE_BEZIER_KNOTS.);
#2687 = CARTESIAN_POINT('',(2.590477020523E-15,-14.4));
#2688 = CARTESIAN_POINT('',(-0.224398447985,-14.4));
#2689 = CARTESIAN_POINT('',(-0.448781245183,-14.4));
#2690 = CARTESIAN_POINT('',(-0.673245917337,-14.4));
#2691 = CARTESIAN_POINT('',(-0.897550409458,-14.4));
#2692 = CARTESIAN_POINT('',(-1.122015081612,-14.4));
#2693 = CARTESIAN_POINT('',(-1.346397878809,-14.4));
#2694 = CARTESIAN_POINT('',(-1.570796326795,-14.4));
#2695 = ( GEOMETRIC_REPRESENTATION_CONTEXT(2) 
PARAMETRIC_REPRESENTATION_CONTEXT() REPRESENTATION_CONTEXT('2D SPACE',''
  ) );
#2696 = PCURVE('',#2307,#2697);
#2697 = DEFINITIONAL_REPRESENTATION('',(#2698),#2702);
#2698 = LINE('',#2699,#2700);
#2699 = CARTESIAN_POINT('',(0.,0.));
#2700 = VECTOR('',#2701,1.);
#2701 = DIRECTION('',(0.,1.));
#2702 = ( GEOMETRIC_REPRESENTATION_CONTEXT(2) 
PARAMETRIC_REPRESENTATION_CONTEXT() REPRESENTATION_CONTEXT('2D SPACE',''
  ) );
#2703 = ORIENTED_EDGE('',*,*,#1224,.F.);
#2704 = ORIENTED_EDGE('',*,*,#2705,.F.);
#2705 = EDGE_CURVE('',#2650,#1225,#2706,.T.);
#2706 = SURFACE_CURVE('',#2707,(#2715,#2727),.PCURVE_S1.);
#2707 = B_SPLINE_CURVE_WITH_KNOTS('',6,(#2708,#2709,#2710,#2711,#2712,
    #2713,#2714),.UNSPECIFIED.,.F.,.F.,(7,7),(169.33716692866,
    174.04955590905),.PIECEWISE_BEZIER_KNOTS.);
#2708 = CARTESIAN_POINT('',(40.9,37.899999995838,-4.4));
#2709 = CARTESIAN_POINT('',(40.9,38.685394563788,-4.4));
#2710 = CARTESIAN_POINT('',(40.65331885412,39.470735421423,-4.4));
#2711 = CARTESIAN_POINT('',(40.159565528543,40.159565524381,-4.4));
#2712 = CARTESIAN_POINT('',(39.470735425584,40.653318849958,-4.4));
#2713 = CARTESIAN_POINT('',(38.68539456795,40.899999995839,-4.4));
#2714 = CARTESIAN_POINT('',(37.9,40.899999995838,-4.4));
#2715 = PCURVE('',#1240,#2716);
#2716 = DEFINITIONAL_REPRESENTATION('',(#2717),#2726);
#2717 = B_SPLINE_CURVE_WITH_KNOTS('',7,(#2718,#2719,#2720,#2721,#2722,
    #2723,#2724,#2725),.UNSPECIFIED.,.F.,.F.,(8,8),(169.33716692866,
    174.04955590905),.PIECEWISE_BEZIER_KNOTS.);
#2718 = CARTESIAN_POINT('',(-2.40552659029E-15,-3.));
#2719 = CARTESIAN_POINT('',(-0.224398447985,-3.));
#2720 = CARTESIAN_POINT('',(-0.448781245184,-3.));
#2721 = CARTESIAN_POINT('',(-0.673245917337,-3.));
#2722 = CARTESIAN_POINT('',(-0.897550409458,-3.));
#2723 = CARTESIAN_POINT('',(-1.122015081612,-3.));
#2724 = CARTESIAN_POINT('',(-1.346397878809,-3.));
#2725 = CARTESIAN_POINT('',(-1.570796326795,-3.));
#2726 = ( GEOMETRIC_REPRESENTATION_CONTEXT(2) 
PARAMETRIC_REPRESENTATION_CONTEXT() REPRESENTATION_CONTEXT('2D SPACE',''
  ) );
#2727 = PCURVE('',#2025,#2728);
#2728 = DEFINITIONAL_REPRESENTATION('',(#2729),#2733);
#2729 = LINE('',#2730,#2731);
#2730 = CARTESIAN_POINT('',(0.,0.));
#2731 = VECTOR('',#2732,1.);
#2732 = DIRECTION('',(0.,1.));
#2733 = ( GEOMETRIC_REPRESENTATION_CONTEXT(2) 
PARAMETRIC_REPRESENTATION_CONTEXT() REPRESENTATION_CONTEXT('2D SPACE',''
  ) );
#2734 = ADVANCED_FACE('',(#2735),#1314,.T.);
#2735 = FACE_BOUND('',#2736,.T.);
#2736 = EDGE_LOOP('',(#2737,#2738,#2739,#2758));
#2737 = ORIENTED_EDGE('',*,*,#1301,.F.);
#2738 = ORIENTED_EDGE('',*,*,#2125,.T.);
#2739 = ORIENTED_EDGE('',*,*,#2740,.T.);
#2740 = EDGE_CURVE('',#2126,#1446,#2741,.T.);
#2741 = SURFACE_CURVE('',#2742,(#2746,#2752),.PCURVE_S1.);
#2742 = LINE('',#2743,#2744);
#2743 = CARTESIAN_POINT('',(37.899999995838,-3.15,-6.65));
#2744 = VECTOR('',#2745,1.);
#2745 = DIRECTION('',(0.,-0.707106781187,0.707106781187));
#2746 = PCURVE('',#1314,#2747);
#2747 = DEFINITIONAL_REPRESENTATION('',(#2748),#2751);
#2748 = B_SPLINE_CURVE_WITH_KNOTS('',1,(#2749,#2750),.UNSPECIFIED.,.F.,
  .F.,(2,2),(-1.06066017178,1.06066017178),.PIECEWISE_BEZIER_KNOTS.);
#2749 = CARTESIAN_POINT('',(38.799999995838,-1.06066017178));
#2750 = CARTESIAN_POINT('',(38.799999995838,1.06066017178));
#2751 = ( GEOMETRIC_REPRESENTATION_CONTEXT(2) 
PARAMETRIC_REPRESENTATION_CONTEXT() REPRESENTATION_CONTEXT('2D SPACE',''
  ) );
#2752 = PCURVE('',#2165,#2753);
#2753 = DEFINITIONAL_REPRESENTATION('',(#2754),#2757);
#2754 = B_SPLINE_CURVE_WITH_KNOTS('',1,(#2755,#2756),.UNSPECIFIED.,.F.,
  .F.,(2,2),(-1.06066017178,1.06066017178),.PIECEWISE_BEZIER_KNOTS.);
#2755 = CARTESIAN_POINT('',(0.,-1.5));
#2756 = CARTESIAN_POINT('',(0.,-3.140184917368E-16));
#2757 = ( GEOMETRIC_REPRESENTATION_CONTEXT(2) 
PARAMETRIC_REPRESENTATION_CONTEXT() REPRESENTATION_CONTEXT('2D SPACE',''
  ) );
#2758 = ORIENTED_EDGE('',*,*,#1481,.F.);
#2759 = ADVANCED_FACE('',(#2760),#1460,.T.);
#2760 = FACE_BOUND('',#2761,.T.);
#2761 = EDGE_LOOP('',(#2762,#2763,#2797,#2820));
#2762 = ORIENTED_EDGE('',*,*,#1445,.T.);
#2763 = ORIENTED_EDGE('',*,*,#2764,.T.);
#2764 = EDGE_CURVE('',#1446,#2765,#2767,.T.);
#2765 = VERTEX_POINT('',#2766);
#2766 = CARTESIAN_POINT('',(39.839339824058,-0.9,-6.96066017178));
#2767 = SURFACE_CURVE('',#2768,(#2776,#2783),.PCURVE_S1.);
#2768 = B_SPLINE_CURVE_WITH_KNOTS('',6,(#2769,#2770,#2771,#2772,#2773,
    #2774,#2775),.UNSPECIFIED.,.F.,.F.,(7,7),(125.82477795244,
    130.53716693283),.PIECEWISE_BEZIER_KNOTS.);
#2769 = CARTESIAN_POINT('',(37.899999995838,-2.83933982822,
    -6.96066017178));
#2770 = CARTESIAN_POINT('',(38.407715651336,-2.83933982822,
    -6.96066017178));
#2771 = CARTESIAN_POINT('',(38.915396585982,-2.679873637861,
    -6.96066017178));
#2772 = CARTESIAN_POINT('',(39.360688470497,-2.360688474658,
    -6.96066017178));
#2773 = CARTESIAN_POINT('',(39.679873633699,-1.915396590144,
    -6.96066017178));
#2774 = CARTESIAN_POINT('',(39.839339824058,-1.407715655497,
    -6.96066017178));
#2775 = CARTESIAN_POINT('',(39.839339824058,-0.9,-6.96066017178));
#2776 = PCURVE('',#1460,#2777);
#2777 = DEFINITIONAL_REPRESENTATION('',(#2778),#2782);
#2778 = LINE('',#2779,#2780);
#2779 = CARTESIAN_POINT('',(4.712388980385,0.));
#2780 = VECTOR('',#2781,1.);
#2781 = DIRECTION('',(0.,1.));
#2782 = ( GEOMETRIC_REPRESENTATION_CONTEXT(2) 
PARAMETRIC_REPRESENTATION_CONTEXT() REPRESENTATION_CONTEXT('2D SPACE',''
  ) );
#2783 = PCURVE('',#2165,#2784);
#2784 = DEFINITIONAL_REPRESENTATION('',(#2785),#2796);
#2785 = B_SPLINE_CURVE_WITH_KNOTS('',9,(#2786,#2787,#2788,#2789,#2790,
    #2791,#2792,#2793,#2794,#2795),.UNSPECIFIED.,.F.,.F.,(10,10),(
    125.82477795244,130.53716693283),.PIECEWISE_BEZIER_KNOTS.);
#2786 = CARTESIAN_POINT('',(-3.62677191736E-15,-1.06066017178));
#2787 = CARTESIAN_POINT('',(0.174532126211,-1.06066017178));
#2788 = CARTESIAN_POINT('',(0.349056831434,-1.06066017178));
#2789 = CARTESIAN_POINT('',(0.523603035018,-1.06066017178));
#2790 = CARTESIAN_POINT('',(0.69815365839,-1.06066017178));
#2791 = CARTESIAN_POINT('',(0.872642668405,-1.06066017178));
#2792 = CARTESIAN_POINT('',(1.047193291777,-1.06066017178));
#2793 = CARTESIAN_POINT('',(1.221739495361,-1.06066017178));
#2794 = CARTESIAN_POINT('',(1.396264200584,-1.06066017178));
#2795 = CARTESIAN_POINT('',(1.570796326795,-1.06066017178));
#2796 = ( GEOMETRIC_REPRESENTATION_CONTEXT(2) 
PARAMETRIC_REPRESENTATION_CONTEXT() REPRESENTATION_CONTEXT('2D SPACE',''
  ) );
#2797 = ORIENTED_EDGE('',*,*,#2798,.F.);
#2798 = EDGE_CURVE('',#1950,#2765,#2799,.T.);
#2799 = SURFACE_CURVE('',#2800,(#2803,#2809),.PCURVE_S1.);
#2800 = B_SPLINE_CURVE_WITH_KNOTS('',1,(#2801,#2802),.UNSPECIFIED.,.F.,
  .F.,(2,2),(0.,4.712388980385),.PIECEWISE_BEZIER_KNOTS.);
#2801 = CARTESIAN_POINT('',(40.899999995838,-0.9,-4.4));
#2802 = CARTESIAN_POINT('',(39.839339824058,-0.9,-6.96066017178));
#2803 = PCURVE('',#1460,#2804);
#2804 = DEFINITIONAL_REPRESENTATION('',(#2805),#2808);
#2805 = B_SPLINE_CURVE_WITH_KNOTS('',1,(#2806,#2807),.UNSPECIFIED.,.F.,
  .F.,(2,2),(0.,4.712388980385),.PIECEWISE_BEZIER_KNOTS.);
#2806 = CARTESIAN_POINT('',(0.,130.53716693283));
#2807 = CARTESIAN_POINT('',(4.712388980385,130.53716693283));
#2808 = ( GEOMETRIC_REPRESENTATION_CONTEXT(2) 
PARAMETRIC_REPRESENTATION_CONTEXT() REPRESENTATION_CONTEXT('2D SPACE',''
  ) );
#2809 = PCURVE('',#2810,#2815);
#2810 = PLANE('',#2811);
#2811 = AXIS2_PLACEMENT_3D('',#2812,#2813,#2814);
#2812 = CARTESIAN_POINT('',(40.36966991411,-0.9,-5.68033008589));
#2813 = DIRECTION('',(-0.923879532511,1.440097047929E-17,0.382683432365)
  );
#2814 = DIRECTION('',(1.330476187412E-17,1.,-5.511012812403E-18));
#2815 = DEFINITIONAL_REPRESENTATION('',(#2816),#2819);
#2816 = B_SPLINE_CURVE_WITH_KNOTS('',1,(#2817,#2818),.UNSPECIFIED.,.F.,
  .F.,(2,2),(0.,4.712388980385),.PIECEWISE_BEZIER_KNOTS.);
#2817 = CARTESIAN_POINT('',(0.,-1.385819298767));
#2818 = CARTESIAN_POINT('',(0.,1.385819298767));
#2819 = ( GEOMETRIC_REPRESENTATION_CONTEXT(2) 
PARAMETRIC_REPRESENTATION_CONTEXT() REPRESENTATION_CONTEXT('2D SPACE',''
  ) );
#2820 = ORIENTED_EDGE('',*,*,#1977,.F.);
#2821 = ADVANCED_FACE('',(#2822),#1414,.T.);
#2822 = FACE_BOUND('',#2823,.T.);
#2823 = EDGE_LOOP('',(#2824,#2825,#2826,#2827));
#2824 = ORIENTED_EDGE('',*,*,#1765,.F.);
#2825 = ORIENTED_EDGE('',*,*,#1399,.T.);
#2826 = ORIENTED_EDGE('',*,*,#1869,.T.);
#2827 = ORIENTED_EDGE('',*,*,#2828,.F.);
#2828 = EDGE_CURVE('',#1766,#1870,#2829,.T.);
#2829 = SURFACE_CURVE('',#2830,(#2834,#2841),.PCURVE_S1.);
#2830 = LINE('',#2831,#2832);
#2831 = CARTESIAN_POINT('',(11.4,-3.3,-5.6));
#2832 = VECTOR('',#2833,1.);
#2833 = DIRECTION('',(1.,0.,-0.));
#2834 = PCURVE('',#1414,#2835);
#2835 = DEFINITIONAL_REPRESENTATION('',(#2836),#2840);
#2836 = LINE('',#2837,#2838);
#2837 = CARTESIAN_POINT('',(0.,5.6));
#2838 = VECTOR('',#2839,1.);
#2839 = DIRECTION('',(1.,0.));
#2840 = ( GEOMETRIC_REPRESENTATION_CONTEXT(2) 
PARAMETRIC_REPRESENTATION_CONTEXT() REPRESENTATION_CONTEXT('2D SPACE',''
  ) );
#2841 = PCURVE('',#1802,#2842);
#2842 = DEFINITIONAL_REPRESENTATION('',(#2843),#2847);
#2843 = LINE('',#2844,#2845);
#2844 = CARTESIAN_POINT('',(0.,0.));
#2845 = VECTOR('',#2846,1.);
#2846 = DIRECTION('',(0.,1.));
#2847 = ( GEOMETRIC_REPRESENTATION_CONTEXT(2) 
PARAMETRIC_REPRESENTATION_CONTEXT() REPRESENTATION_CONTEXT('2D SPACE',''
  ) );
#2848 = ADVANCED_FACE('',(#2849,#2855),#1367,.F.);
#2849 = FACE_BOUND('',#2850,.F.);
#2850 = EDGE_LOOP('',(#2851,#2852,#2853,#2854));
#2851 = ORIENTED_EDGE('',*,*,#1743,.F.);
#2852 = ORIENTED_EDGE('',*,*,#1352,.T.);
#2853 = ORIENTED_EDGE('',*,*,#1645,.T.);
#2854 = ORIENTED_EDGE('',*,*,#1694,.T.);
#2855 = FACE_BOUND('',#2856,.F.);
#2856 = EDGE_LOOP('',(#2857,#2885,#2911,#2937));
#2857 = ORIENTED_EDGE('',*,*,#2858,.F.);
#2858 = EDGE_CURVE('',#2859,#2861,#2863,.T.);
#2859 = VERTEX_POINT('',#2860);
#2860 = CARTESIAN_POINT('',(1.,-3.5,-5.));
#2861 = VERTEX_POINT('',#2862);
#2862 = CARTESIAN_POINT('',(1.,-3.5,-1.));
#2863 = SURFACE_CURVE('',#2864,(#2868,#2874),.PCURVE_S1.);
#2864 = LINE('',#2865,#2866);
#2865 = CARTESIAN_POINT('',(1.,-3.5,-5.2));
#2866 = VECTOR('',#2867,1.);
#2867 = DIRECTION('',(0.,0.,1.));
#2868 = PCURVE('',#1367,#2869);
#2869 = DEFINITIONAL_REPRESENTATION('',(#2870),#2873);
#2870 = B_SPLINE_CURVE_WITH_KNOTS('',1,(#2871,#2872),.UNSPECIFIED.,.F.,
  .F.,(2,2),(0.2,4.2),.PIECEWISE_BEZIER_KNOTS.);
#2871 = CARTESIAN_POINT('',(0.4,0.4));
#2872 = CARTESIAN_POINT('',(4.4,0.4));
#2873 = ( GEOMETRIC_REPRESENTATION_CONTEXT(2) 
PARAMETRIC_REPRESENTATION_CONTEXT() REPRESENTATION_CONTEXT('2D SPACE',''
  ) );
#2874 = PCURVE('',#2875,#2880);
#2875 = PLANE('',#2876);
#2876 = AXIS2_PLACEMENT_3D('',#2877,#2878,#2879);
#2877 = CARTESIAN_POINT('',(1.,-8.9,-5.));
#2878 = DIRECTION('',(1.,0.,-0.));
#2879 = DIRECTION('',(0.,0.,1.));
#2880 = DEFINITIONAL_REPRESENTATION('',(#2881),#2884);
#2881 = B_SPLINE_CURVE_WITH_KNOTS('',1,(#2882,#2883),.UNSPECIFIED.,.F.,
  .F.,(2,2),(0.2,4.2),.PIECEWISE_BEZIER_KNOTS.);
#2882 = CARTESIAN_POINT('',(0.,-5.4));
#2883 = CARTESIAN_POINT('',(4.,-5.4));
#2884 = ( GEOMETRIC_REPRESENTATION_CONTEXT(2) 
PARAMETRIC_REPRESENTATION_CONTEXT() REPRESENTATION_CONTEXT('2D SPACE',''
  ) );
#2885 = ORIENTED_EDGE('',*,*,#2886,.F.);
#2886 = EDGE_CURVE('',#2887,#2859,#2889,.T.);
#2887 = VERTEX_POINT('',#2888);
#2888 = CARTESIAN_POINT('',(11.,-3.5,-5.));
#2889 = SURFACE_CURVE('',#2890,(#2894,#2900),.PCURVE_S1.);
#2890 = LINE('',#2891,#2892);
#2891 = CARTESIAN_POINT('',(0.8,-3.5,-5.));
#2892 = VECTOR('',#2893,1.);
#2893 = DIRECTION('',(-1.,-0.,0.));
#2894 = PCURVE('',#1367,#2895);
#2895 = DEFINITIONAL_REPRESENTATION('',(#2896),#2899);
#2896 = B_SPLINE_CURVE_WITH_KNOTS('',1,(#2897,#2898),.UNSPECIFIED.,.F.,
  .F.,(2,2),(-10.6,0.2),.PIECEWISE_BEZIER_KNOTS.);
#2897 = CARTESIAN_POINT('',(0.4,10.8));
#2898 = CARTESIAN_POINT('',(0.4,0.));
#2899 = ( GEOMETRIC_REPRESENTATION_CONTEXT(2) 
PARAMETRIC_REPRESENTATION_CONTEXT() REPRESENTATION_CONTEXT('2D SPACE',''
  ) );
#2900 = PCURVE('',#2901,#2906);
#2901 = PLANE('',#2902);
#2902 = AXIS2_PLACEMENT_3D('',#2903,#2904,#2905);
#2903 = CARTESIAN_POINT('',(1.,-8.9,-5.));
#2904 = DIRECTION('',(0.,0.,1.));
#2905 = DIRECTION('',(1.,0.,-0.));
#2906 = DEFINITIONAL_REPRESENTATION('',(#2907),#2910);
#2907 = B_SPLINE_CURVE_WITH_KNOTS('',1,(#2908,#2909),.UNSPECIFIED.,.F.,
  .F.,(2,2),(-10.6,0.2),.PIECEWISE_BEZIER_KNOTS.);
#2908 = CARTESIAN_POINT('',(10.4,5.4));
#2909 = CARTESIAN_POINT('',(-0.4,5.4));
#2910 = ( GEOMETRIC_REPRESENTATION_CONTEXT(2) 
PARAMETRIC_REPRESENTATION_CONTEXT() REPRESENTATION_CONTEXT('2D SPACE',''
  ) );
#2911 = ORIENTED_EDGE('',*,*,#2912,.T.);
#2912 = EDGE_CURVE('',#2887,#2913,#2915,.T.);
#2913 = VERTEX_POINT('',#2914);
#2914 = CARTESIAN_POINT('',(11.,-3.5,-1.));
#2915 = SURFACE_CURVE('',#2916,(#2920,#2926),.PCURVE_S1.);
#2916 = LINE('',#2917,#2918);
#2917 = CARTESIAN_POINT('',(11.,-3.5,-5.2));
#2918 = VECTOR('',#2919,1.);
#2919 = DIRECTION('',(0.,0.,1.));
#2920 = PCURVE('',#1367,#2921);
#2921 = DEFINITIONAL_REPRESENTATION('',(#2922),#2925);
#2922 = B_SPLINE_CURVE_WITH_KNOTS('',1,(#2923,#2924),.UNSPECIFIED.,.F.,
  .F.,(2,2),(0.2,4.2),.PIECEWISE_BEZIER_KNOTS.);
#2923 = CARTESIAN_POINT('',(0.4,10.4));
#2924 = CARTESIAN_POINT('',(4.4,10.4));
#2925 = ( GEOMETRIC_REPRESENTATION_CONTEXT(2) 
PARAMETRIC_REPRESENTATION_CONTEXT() REPRESENTATION_CONTEXT('2D SPACE',''
  ) );
#2926 = PCURVE('',#2927,#2932);
#2927 = PLANE('',#2928);
#2928 = AXIS2_PLACEMENT_3D('',#2929,#2930,#2931);
#2929 = CARTESIAN_POINT('',(11.,-8.9,-5.));
#2930 = DIRECTION('',(1.,0.,-0.));
#2931 = DIRECTION('',(0.,0.,1.));
#2932 = DEFINITIONAL_REPRESENTATION('',(#2933),#2936);
#2933 = B_SPLINE_CURVE_WITH_KNOTS('',1,(#2934,#2935),.UNSPECIFIED.,.F.,
  .F.,(2,2),(0.2,4.2),.PIECEWISE_BEZIER_KNOTS.);
#2934 = CARTESIAN_POINT('',(0.,-5.4));
#2935 = CARTESIAN_POINT('',(4.,-5.4));
#2936 = ( GEOMETRIC_REPRESENTATION_CONTEXT(2) 
PARAMETRIC_REPRESENTATION_CONTEXT() REPRESENTATION_CONTEXT('2D SPACE',''
  ) );
#2937 = ORIENTED_EDGE('',*,*,#2938,.T.);
#2938 = EDGE_CURVE('',#2913,#2861,#2939,.T.);
#2939 = SURFACE_CURVE('',#2940,(#2944,#2950),.PCURVE_S1.);
#2940 = LINE('',#2941,#2942);
#2941 = CARTESIAN_POINT('',(0.8,-3.5,-1.));
#2942 = VECTOR('',#2943,1.);
#2943 = DIRECTION('',(-1.,-0.,0.));
#2944 = PCURVE('',#1367,#2945);
#2945 = DEFINITIONAL_REPRESENTATION('',(#2946),#2949);
#2946 = B_SPLINE_CURVE_WITH_KNOTS('',1,(#2947,#2948),.UNSPECIFIED.,.F.,
  .F.,(2,2),(-10.2,-0.2),.PIECEWISE_BEZIER_KNOTS.);
#2947 = CARTESIAN_POINT('',(4.4,10.4));
#2948 = CARTESIAN_POINT('',(4.4,0.4));
#2949 = ( GEOMETRIC_REPRESENTATION_CONTEXT(2) 
PARAMETRIC_REPRESENTATION_CONTEXT() REPRESENTATION_CONTEXT('2D SPACE',''
  ) );
#2950 = PCURVE('',#2951,#2956);
#2951 = PLANE('',#2952);
#2952 = AXIS2_PLACEMENT_3D('',#2953,#2954,#2955);
#2953 = CARTESIAN_POINT('',(1.,-8.9,-1.));
#2954 = DIRECTION('',(0.,0.,1.));
#2955 = DIRECTION('',(1.,0.,-0.));
#2956 = DEFINITIONAL_REPRESENTATION('',(#2957),#2960);
#2957 = B_SPLINE_CURVE_WITH_KNOTS('',1,(#2958,#2959),.UNSPECIFIED.,.F.,
  .F.,(2,2),(-10.2,-0.2),.PIECEWISE_BEZIER_KNOTS.);
#2958 = CARTESIAN_POINT('',(10.,5.4));
#2959 = CARTESIAN_POINT('',(0.,5.4));
#2960 = ( GEOMETRIC_REPRESENTATION_CONTEXT(2) 
PARAMETRIC_REPRESENTATION_CONTEXT() REPRESENTATION_CONTEXT('2D SPACE',''
  ) );
#2961 = ADVANCED_FACE('',(#2962),#1543,.F.);
#2962 = FACE_BOUND('',#2963,.F.);
#2963 = EDGE_LOOP('',(#2964,#2965,#2966,#2985));
#2964 = ORIENTED_EDGE('',*,*,#1530,.F.);
#2965 = ORIENTED_EDGE('',*,*,#2407,.T.);
#2966 = ORIENTED_EDGE('',*,*,#2967,.T.);
#2967 = EDGE_CURVE('',#2408,#1561,#2968,.T.);
#2968 = SURFACE_CURVE('',#2969,(#2973,#2979),.PCURVE_S1.);
#2969 = LINE('',#2970,#2971);
#2970 = CARTESIAN_POINT('',(37.899999995838,-3.15,9.25));
#2971 = VECTOR('',#2972,1.);
#2972 = DIRECTION('',(0.,-0.707106781187,-0.707106781187));
#2973 = PCURVE('',#1543,#2974);
#2974 = DEFINITIONAL_REPRESENTATION('',(#2975),#2978);
#2975 = B_SPLINE_CURVE_WITH_KNOTS('',1,(#2976,#2977),.UNSPECIFIED.,.F.,
  .F.,(2,2),(-1.06066017178,1.06066017178),.PIECEWISE_BEZIER_KNOTS.);
#2976 = CARTESIAN_POINT('',(38.799999995838,-1.06066017178));
#2977 = CARTESIAN_POINT('',(38.799999995838,1.06066017178));
#2978 = ( GEOMETRIC_REPRESENTATION_CONTEXT(2) 
PARAMETRIC_REPRESENTATION_CONTEXT() REPRESENTATION_CONTEXT('2D SPACE',''
  ) );
#2979 = PCURVE('',#2447,#2980);
#2980 = DEFINITIONAL_REPRESENTATION('',(#2981),#2984);
#2981 = B_SPLINE_CURVE_WITH_KNOTS('',1,(#2982,#2983),.UNSPECIFIED.,.F.,
  .F.,(2,2),(-1.06066017178,1.06066017178),.PIECEWISE_BEZIER_KNOTS.);
#2982 = CARTESIAN_POINT('',(0.,-1.5));
#2983 = CARTESIAN_POINT('',(0.,3.140184917368E-16));
#2984 = ( GEOMETRIC_REPRESENTATION_CONTEXT(2) 
PARAMETRIC_REPRESENTATION_CONTEXT() REPRESENTATION_CONTEXT('2D SPACE',''
  ) );
#2985 = ORIENTED_EDGE('',*,*,#1596,.F.);
#2986 = ADVANCED_FACE('',(#2987),#1575,.F.);
#2987 = FACE_BOUND('',#2988,.F.);
#2988 = EDGE_LOOP('',(#2989,#2990,#3024,#3047));
#2989 = ORIENTED_EDGE('',*,*,#1560,.T.);
#2990 = ORIENTED_EDGE('',*,*,#2991,.T.);
#2991 = EDGE_CURVE('',#1561,#2992,#2994,.T.);
#2992 = VERTEX_POINT('',#2993);
#2993 = CARTESIAN_POINT('',(39.839339824058,-0.9,9.56066017178));
#2994 = SURFACE_CURVE('',#2995,(#3003,#3010),.PCURVE_S1.);
#2995 = B_SPLINE_CURVE_WITH_KNOTS('',6,(#2996,#2997,#2998,#2999,#3000,
    #3001,#3002),.UNSPECIFIED.,.F.,.F.,(7,7),(125.82477795244,
    130.53716693283),.PIECEWISE_BEZIER_KNOTS.);
#2996 = CARTESIAN_POINT('',(37.899999995838,-2.83933982822,9.56066017178
    ));
#2997 = CARTESIAN_POINT('',(38.407715651336,-2.83933982822,9.56066017178
    ));
#2998 = CARTESIAN_POINT('',(38.915396585982,-2.679873637861,
    9.56066017178));
#2999 = CARTESIAN_POINT('',(39.360688470497,-2.360688474658,
    9.56066017178));
#3000 = CARTESIAN_POINT('',(39.679873633699,-1.915396590144,
    9.56066017178));
#3001 = CARTESIAN_POINT('',(39.839339824058,-1.407715655497,
    9.56066017178));
#3002 = CARTESIAN_POINT('',(39.839339824058,-0.9,9.56066017178));
#3003 = PCURVE('',#1575,#3004);
#3004 = DEFINITIONAL_REPRESENTATION('',(#3005),#3009);
#3005 = LINE('',#3006,#3007);
#3006 = CARTESIAN_POINT('',(4.712388980385,0.));
#3007 = VECTOR('',#3008,1.);
#3008 = DIRECTION('',(0.,1.));
#3009 = ( GEOMETRIC_REPRESENTATION_CONTEXT(2) 
PARAMETRIC_REPRESENTATION_CONTEXT() REPRESENTATION_CONTEXT('2D SPACE',''
  ) );
#3010 = PCURVE('',#2447,#3011);
#3011 = DEFINITIONAL_REPRESENTATION('',(#3012),#3023);
#3012 = B_SPLINE_CURVE_WITH_KNOTS('',9,(#3013,#3014,#3015,#3016,#3017,
    #3018,#3019,#3020,#3021,#3022),.UNSPECIFIED.,.F.,.F.,(10,10),(
    125.82477795244,130.53716693283),.PIECEWISE_BEZIER_KNOTS.);
#3013 = CARTESIAN_POINT('',(3.959838824748E-15,-1.06066017178));
#3014 = CARTESIAN_POINT('',(-0.174532126211,-1.06066017178));
#3015 = CARTESIAN_POINT('',(-0.349056831434,-1.06066017178));
#3016 = CARTESIAN_POINT('',(-0.523603035018,-1.06066017178));
#3017 = CARTESIAN_POINT('',(-0.69815365839,-1.06066017178));
#3018 = CARTESIAN_POINT('',(-0.872642668405,-1.06066017178));
#3019 = CARTESIAN_POINT('',(-1.047193291777,-1.06066017178));
#3020 = CARTESIAN_POINT('',(-1.221739495361,-1.06066017178));
#3021 = CARTESIAN_POINT('',(-1.396264200584,-1.06066017178));
#3022 = CARTESIAN_POINT('',(-1.570796326795,-1.06066017178));
#3023 = ( GEOMETRIC_REPRESENTATION_CONTEXT(2) 
PARAMETRIC_REPRESENTATION_CONTEXT() REPRESENTATION_CONTEXT('2D SPACE',''
  ) );
#3024 = ORIENTED_EDGE('',*,*,#3025,.F.);
#3025 = EDGE_CURVE('',#1918,#2992,#3026,.T.);
#3026 = SURFACE_CURVE('',#3027,(#3030,#3036),.PCURVE_S1.);
#3027 = B_SPLINE_CURVE_WITH_KNOTS('',1,(#3028,#3029),.UNSPECIFIED.,.F.,
  .F.,(2,2),(0.,4.712388980385),.PIECEWISE_BEZIER_KNOTS.);
#3028 = CARTESIAN_POINT('',(40.899999995838,-0.9,7.));
#3029 = CARTESIAN_POINT('',(39.839339824058,-0.9,9.56066017178));
#3030 = PCURVE('',#1575,#3031);
#3031 = DEFINITIONAL_REPRESENTATION('',(#3032),#3035);
#3032 = B_SPLINE_CURVE_WITH_KNOTS('',1,(#3033,#3034),.UNSPECIFIED.,.F.,
  .F.,(2,2),(0.,4.712388980385),.PIECEWISE_BEZIER_KNOTS.);
#3033 = CARTESIAN_POINT('',(0.,130.53716693283));
#3034 = CARTESIAN_POINT('',(4.712388980385,130.53716693283));
#3035 = ( GEOMETRIC_REPRESENTATION_CONTEXT(2) 
PARAMETRIC_REPRESENTATION_CONTEXT() REPRESENTATION_CONTEXT('2D SPACE',''
  ) );
#3036 = PCURVE('',#3037,#3042);
#3037 = PLANE('',#3038);
#3038 = AXIS2_PLACEMENT_3D('',#3039,#3040,#3041);
#3039 = CARTESIAN_POINT('',(40.36966991411,-0.9,8.28033008589));
#3040 = DIRECTION('',(0.923879532511,-1.440097047929E-17,0.382683432365)
  );
#3041 = DIRECTION('',(1.330476187412E-17,1.,5.511012812403E-18));
#3042 = DEFINITIONAL_REPRESENTATION('',(#3043),#3046);
#3043 = B_SPLINE_CURVE_WITH_KNOTS('',1,(#3044,#3045),.UNSPECIFIED.,.F.,
  .F.,(2,2),(0.,4.712388980385),.PIECEWISE_BEZIER_KNOTS.);
#3044 = CARTESIAN_POINT('',(0.,-1.385819298767));
#3045 = CARTESIAN_POINT('',(0.,1.385819298767));
#3046 = ( GEOMETRIC_REPRESENTATION_CONTEXT(2) 
PARAMETRIC_REPRESENTATION_CONTEXT() REPRESENTATION_CONTEXT('2D SPACE',''
  ) );
#3047 = ORIENTED_EDGE('',*,*,#1917,.F.);
#3048 = ADVANCED_FACE('',(#3049,#3055),#1802,.F.);
#3049 = FACE_BOUND('',#3050,.F.);
#3050 = EDGE_LOOP('',(#3051,#3052,#3053,#3054));
#3051 = ORIENTED_EDGE('',*,*,#2828,.F.);
#3052 = ORIENTED_EDGE('',*,*,#1788,.T.);
#3053 = ORIENTED_EDGE('',*,*,#1842,.T.);
#3054 = ORIENTED_EDGE('',*,*,#1892,.F.);
#3055 = FACE_BOUND('',#3056,.F.);
#3056 = EDGE_LOOP('',(#3057,#3085,#3107,#3133));
#3057 = ORIENTED_EDGE('',*,*,#3058,.F.);
#3058 = EDGE_CURVE('',#3059,#3061,#3063,.T.);
#3059 = VERTEX_POINT('',#3060);
#3060 = CARTESIAN_POINT('',(12.,-3.3,-5.));
#3061 = VERTEX_POINT('',#3062);
#3062 = CARTESIAN_POINT('',(12.,-3.3,2.5));
#3063 = SURFACE_CURVE('',#3064,(#3068,#3074),.PCURVE_S1.);
#3064 = LINE('',#3065,#3066);
#3065 = CARTESIAN_POINT('',(12.,-3.3,-5.3));
#3066 = VECTOR('',#3067,1.);
#3067 = DIRECTION('',(0.,0.,1.));
#3068 = PCURVE('',#1802,#3069);
#3069 = DEFINITIONAL_REPRESENTATION('',(#3070),#3073);
#3070 = B_SPLINE_CURVE_WITH_KNOTS('',1,(#3071,#3072),.UNSPECIFIED.,.F.,
  .F.,(2,2),(0.3,7.8),.PIECEWISE_BEZIER_KNOTS.);
#3071 = CARTESIAN_POINT('',(0.6,0.6));
#3072 = CARTESIAN_POINT('',(8.1,0.6));
#3073 = ( GEOMETRIC_REPRESENTATION_CONTEXT(2) 
PARAMETRIC_REPRESENTATION_CONTEXT() REPRESENTATION_CONTEXT('2D SPACE',''
  ) );
#3074 = PCURVE('',#3075,#3080);
#3075 = PLANE('',#3076);
#3076 = AXIS2_PLACEMENT_3D('',#3077,#3078,#3079);
#3077 = CARTESIAN_POINT('',(12.,-8.9,-5.));
#3078 = DIRECTION('',(1.,0.,-0.));
#3079 = DIRECTION('',(0.,0.,1.));
#3080 = DEFINITIONAL_REPRESENTATION('',(#3081),#3084);
#3081 = B_SPLINE_CURVE_WITH_KNOTS('',1,(#3082,#3083),.UNSPECIFIED.,.F.,
  .F.,(2,2),(0.3,7.8),.PIECEWISE_BEZIER_KNOTS.);
#3082 = CARTESIAN_POINT('',(0.,-5.6));
#3083 = CARTESIAN_POINT('',(7.5,-5.6));
#3084 = ( GEOMETRIC_REPRESENTATION_CONTEXT(2) 
PARAMETRIC_REPRESENTATION_CONTEXT() REPRESENTATION_CONTEXT('2D SPACE',''
  ) );
#3085 = ORIENTED_EDGE('',*,*,#3086,.F.);
#3086 = EDGE_CURVE('',#3087,#3059,#3089,.T.);
#3087 = VERTEX_POINT('',#3088);
#3088 = CARTESIAN_POINT('',(25.,-3.3,-5.));
#3089 = SURFACE_CURVE('',#3090,(#3094,#3100),.PCURVE_S1.);
#3090 = LINE('',#3091,#3092);
#3091 = CARTESIAN_POINT('',(11.7,-3.3,-5.));
#3092 = VECTOR('',#3093,1.);
#3093 = DIRECTION('',(-1.,-0.,0.));
#3094 = PCURVE('',#1802,#3095);
#3095 = DEFINITIONAL_REPRESENTATION('',(#3096),#3099);
#3096 = B_SPLINE_CURVE_WITH_KNOTS('',1,(#3097,#3098),.UNSPECIFIED.,.F.,
  .F.,(2,2),(-13.9,0.3),.PIECEWISE_BEZIER_KNOTS.);
#3097 = CARTESIAN_POINT('',(0.6,14.2));
#3098 = CARTESIAN_POINT('',(0.6,0.));
#3099 = ( GEOMETRIC_REPRESENTATION_CONTEXT(2) 
PARAMETRIC_REPRESENTATION_CONTEXT() REPRESENTATION_CONTEXT('2D SPACE',''
  ) );
#3100 = PCURVE('',#2901,#3101);
#3101 = DEFINITIONAL_REPRESENTATION('',(#3102),#3106);
#3102 = LINE('',#3103,#3104);
#3103 = CARTESIAN_POINT('',(10.7,5.6));
#3104 = VECTOR('',#3105,1.);
#3105 = DIRECTION('',(-1.,0.));
#3106 = ( GEOMETRIC_REPRESENTATION_CONTEXT(2) 
PARAMETRIC_REPRESENTATION_CONTEXT() REPRESENTATION_CONTEXT('2D SPACE',''
  ) );
#3107 = ORIENTED_EDGE('',*,*,#3108,.T.);
#3108 = EDGE_CURVE('',#3087,#3109,#3111,.T.);
#3109 = VERTEX_POINT('',#3110);
#3110 = CARTESIAN_POINT('',(25.,-3.3,2.5));
#3111 = SURFACE_CURVE('',#3112,(#3116,#3122),.PCURVE_S1.);
#3112 = LINE('',#3113,#3114);
#3113 = CARTESIAN_POINT('',(25.,-3.3,-5.3));
#3114 = VECTOR('',#3115,1.);
#3115 = DIRECTION('',(0.,0.,1.));
#3116 = PCURVE('',#1802,#3117);
#3117 = DEFINITIONAL_REPRESENTATION('',(#3118),#3121);
#3118 = B_SPLINE_CURVE_WITH_KNOTS('',1,(#3119,#3120),.UNSPECIFIED.,.F.,
  .F.,(2,2),(0.3,7.8),.PIECEWISE_BEZIER_KNOTS.);
#3119 = CARTESIAN_POINT('',(0.6,13.6));
#3120 = CARTESIAN_POINT('',(8.1,13.6));
#3121 = ( GEOMETRIC_REPRESENTATION_CONTEXT(2) 
PARAMETRIC_REPRESENTATION_CONTEXT() REPRESENTATION_CONTEXT('2D SPACE',''
  ) );
#3122 = PCURVE('',#3123,#3128);
#3123 = PLANE('',#3124);
#3124 = AXIS2_PLACEMENT_3D('',#3125,#3126,#3127);
#3125 = CARTESIAN_POINT('',(25.,-8.9,-5.));
#3126 = DIRECTION('',(1.,0.,-0.));
#3127 = DIRECTION('',(0.,0.,1.));
#3128 = DEFINITIONAL_REPRESENTATION('',(#3129),#3132);
#3129 = B_SPLINE_CURVE_WITH_KNOTS('',1,(#3130,#3131),.UNSPECIFIED.,.F.,
  .F.,(2,2),(0.3,7.8),.PIECEWISE_BEZIER_KNOTS.);
#3130 = CARTESIAN_POINT('',(0.,-5.6));
#3131 = CARTESIAN_POINT('',(7.5,-5.6));
#3132 = ( GEOMETRIC_REPRESENTATION_CONTEXT(2) 
PARAMETRIC_REPRESENTATION_CONTEXT() REPRESENTATION_CONTEXT('2D SPACE',''
  ) );
#3133 = ORIENTED_EDGE('',*,*,#3134,.T.);
#3134 = EDGE_CURVE('',#3109,#3061,#3135,.T.);
#3135 = SURFACE_CURVE('',#3136,(#3140,#3146),.PCURVE_S1.);
#3136 = LINE('',#3137,#3138);
#3137 = CARTESIAN_POINT('',(11.7,-3.3,2.5));
#3138 = VECTOR('',#3139,1.);
#3139 = DIRECTION('',(-1.,-0.,0.));
#3140 = PCURVE('',#1802,#3141);
#3141 = DEFINITIONAL_REPRESENTATION('',(#3142),#3145);
#3142 = B_SPLINE_CURVE_WITH_KNOTS('',1,(#3143,#3144),.UNSPECIFIED.,.F.,
  .F.,(2,2),(-13.3,-0.3),.PIECEWISE_BEZIER_KNOTS.);
#3143 = CARTESIAN_POINT('',(8.1,13.6));
#3144 = CARTESIAN_POINT('',(8.1,0.6));
#3145 = ( GEOMETRIC_REPRESENTATION_CONTEXT(2) 
PARAMETRIC_REPRESENTATION_CONTEXT() REPRESENTATION_CONTEXT('2D SPACE',''
  ) );
#3146 = PCURVE('',#3147,#3152);
#3147 = PLANE('',#3148);
#3148 = AXIS2_PLACEMENT_3D('',#3149,#3150,#3151);
#3149 = CARTESIAN_POINT('',(12.,-8.9,2.5));
#3150 = DIRECTION('',(0.,0.,1.));
#3151 = DIRECTION('',(1.,0.,-0.));
#3152 = DEFINITIONAL_REPRESENTATION('',(#3153),#3156);
#3153 = B_SPLINE_CURVE_WITH_KNOTS('',1,(#3154,#3155),.UNSPECIFIED.,.F.,
  .F.,(2,2),(-13.3,-0.3),.PIECEWISE_BEZIER_KNOTS.);
#3154 = CARTESIAN_POINT('',(13.,5.6));
#3155 = CARTESIAN_POINT('',(0.,5.6));
#3156 = ( GEOMETRIC_REPRESENTATION_CONTEXT(2) 
PARAMETRIC_REPRESENTATION_CONTEXT() REPRESENTATION_CONTEXT('2D SPACE',''
  ) );
#3157 = ADVANCED_FACE('',(#3158),#1965,.F.);
#3158 = FACE_BOUND('',#3159,.F.);
#3159 = EDGE_LOOP('',(#3160,#3161,#3182,#3183));
#3160 = ORIENTED_EDGE('',*,*,#1949,.T.);
#3161 = ORIENTED_EDGE('',*,*,#3162,.T.);
#3162 = EDGE_CURVE('',#1918,#2652,#3163,.T.);
#3163 = SURFACE_CURVE('',#3164,(#3168,#3175),.PCURVE_S1.);
#3164 = LINE('',#3165,#3166);
#3165 = CARTESIAN_POINT('',(40.9,-0.9,7.));
#3166 = VECTOR('',#3167,1.);
#3167 = DIRECTION('',(0.,1.,0.));
#3168 = PCURVE('',#1965,#3169);
#3169 = DEFINITIONAL_REPRESENTATION('',(#3170),#3174);
#3170 = LINE('',#3171,#3172);
#3171 = CARTESIAN_POINT('',(0.,-14.4));
#3172 = VECTOR('',#3173,1.);
#3173 = DIRECTION('',(1.,0.));
#3174 = ( GEOMETRIC_REPRESENTATION_CONTEXT(2) 
PARAMETRIC_REPRESENTATION_CONTEXT() REPRESENTATION_CONTEXT('2D SPACE',''
  ) );
#3175 = PCURVE('',#3037,#3176);
#3176 = DEFINITIONAL_REPRESENTATION('',(#3177),#3181);
#3177 = LINE('',#3178,#3179);
#3178 = CARTESIAN_POINT('',(0.,-1.385819298767));
#3179 = VECTOR('',#3180,1.);
#3180 = DIRECTION('',(1.,0.));
#3181 = ( GEOMETRIC_REPRESENTATION_CONTEXT(2) 
PARAMETRIC_REPRESENTATION_CONTEXT() REPRESENTATION_CONTEXT('2D SPACE',''
  ) );
#3182 = ORIENTED_EDGE('',*,*,#2649,.F.);
#3183 = ORIENTED_EDGE('',*,*,#3184,.F.);
#3184 = EDGE_CURVE('',#1950,#2650,#3185,.T.);
#3185 = SURFACE_CURVE('',#3186,(#3190,#3197),.PCURVE_S1.);
#3186 = LINE('',#3187,#3188);
#3187 = CARTESIAN_POINT('',(40.9,-0.9,-4.4));
#3188 = VECTOR('',#3189,1.);
#3189 = DIRECTION('',(0.,1.,0.));
#3190 = PCURVE('',#1965,#3191);
#3191 = DEFINITIONAL_REPRESENTATION('',(#3192),#3196);
#3192 = LINE('',#3193,#3194);
#3193 = CARTESIAN_POINT('',(0.,-3.));
#3194 = VECTOR('',#3195,1.);
#3195 = DIRECTION('',(1.,0.));
#3196 = ( GEOMETRIC_REPRESENTATION_CONTEXT(2) 
PARAMETRIC_REPRESENTATION_CONTEXT() REPRESENTATION_CONTEXT('2D SPACE',''
  ) );
#3197 = PCURVE('',#2810,#3198);
#3198 = DEFINITIONAL_REPRESENTATION('',(#3199),#3203);
#3199 = LINE('',#3200,#3201);
#3200 = CARTESIAN_POINT('',(0.,-1.385819298767));
#3201 = VECTOR('',#3202,1.);
#3202 = DIRECTION('',(1.,0.));
#3203 = ( GEOMETRIC_REPRESENTATION_CONTEXT(2) 
PARAMETRIC_REPRESENTATION_CONTEXT() REPRESENTATION_CONTEXT('2D SPACE',''
  ) );
#3204 = ADVANCED_FACE('',(#3205),#2025,.T.);
#3205 = FACE_BOUND('',#3206,.T.);
#3206 = EDGE_LOOP('',(#3207,#3228,#3260,#3261));
#3207 = ORIENTED_EDGE('',*,*,#3208,.T.);
#3208 = EDGE_CURVE('',#2650,#3209,#3211,.T.);
#3209 = VERTEX_POINT('',#3210);
#3210 = CARTESIAN_POINT('',(39.83933982822,37.899999995838,
    -6.96066017178));
#3211 = SURFACE_CURVE('',#3212,(#3216,#3222),.PCURVE_S1.);
#3212 = LINE('',#3213,#3214);
#3213 = CARTESIAN_POINT('',(40.36966991411,37.899999995838,
    -5.68033008589));
#3214 = VECTOR('',#3215,1.);
#3215 = DIRECTION('',(-0.382683432365,0.,-0.923879532511));
#3216 = PCURVE('',#2025,#3217);
#3217 = DEFINITIONAL_REPRESENTATION('',(#3218),#3221);
#3218 = B_SPLINE_CURVE_WITH_KNOTS('',1,(#3219,#3220),.UNSPECIFIED.,.F.,
  .F.,(2,2),(-1.385819298767,1.385819298767),.PIECEWISE_BEZIER_KNOTS.);
#3219 = CARTESIAN_POINT('',(0.,169.33716692866));
#3220 = CARTESIAN_POINT('',(4.712388980385,169.33716692866));
#3221 = ( GEOMETRIC_REPRESENTATION_CONTEXT(2) 
PARAMETRIC_REPRESENTATION_CONTEXT() REPRESENTATION_CONTEXT('2D SPACE',''
  ) );
#3222 = PCURVE('',#2810,#3223);
#3223 = DEFINITIONAL_REPRESENTATION('',(#3224),#3227);
#3224 = B_SPLINE_CURVE_WITH_KNOTS('',1,(#3225,#3226),.UNSPECIFIED.,.F.,
  .F.,(2,2),(-1.385819298767,1.385819298767),.PIECEWISE_BEZIER_KNOTS.);
#3225 = CARTESIAN_POINT('',(38.799999995838,-1.385819298767));
#3226 = CARTESIAN_POINT('',(38.799999995838,1.385819298767));
#3227 = ( GEOMETRIC_REPRESENTATION_CONTEXT(2) 
PARAMETRIC_REPRESENTATION_CONTEXT() REPRESENTATION_CONTEXT('2D SPACE',''
  ) );
#3228 = ORIENTED_EDGE('',*,*,#3229,.T.);
#3229 = EDGE_CURVE('',#3209,#2011,#3230,.T.);
#3230 = SURFACE_CURVE('',#3231,(#3239,#3246),.PCURVE_S1.);
#3231 = B_SPLINE_CURVE_WITH_KNOTS('',6,(#3232,#3233,#3234,#3235,#3236,
    #3237,#3238),.UNSPECIFIED.,.F.,.F.,(7,7),(169.33716692866,
    174.04955590905),.PIECEWISE_BEZIER_KNOTS.);
#3232 = CARTESIAN_POINT('',(39.83933982822,37.899999995838,
    -6.96066017178));
#3233 = CARTESIAN_POINT('',(39.83933982822,38.407715651336,
    -6.96066017178));
#3234 = CARTESIAN_POINT('',(39.679873637861,38.915396585982,
    -6.96066017178));
#3235 = CARTESIAN_POINT('',(39.360688474659,39.360688470497,
    -6.96066017178));
#3236 = CARTESIAN_POINT('',(38.915396590144,39.6798736337,-6.96066017178
    ));
#3237 = CARTESIAN_POINT('',(38.407715655498,39.839339824059,
    -6.96066017178));
#3238 = CARTESIAN_POINT('',(37.9,39.839339824059,-6.96066017178));
#3239 = PCURVE('',#2025,#3240);
#3240 = DEFINITIONAL_REPRESENTATION('',(#3241),#3245);
#3241 = LINE('',#3242,#3243);
#3242 = CARTESIAN_POINT('',(4.712388980385,0.));
#3243 = VECTOR('',#3244,1.);
#3244 = DIRECTION('',(0.,1.));
#3245 = ( GEOMETRIC_REPRESENTATION_CONTEXT(2) 
PARAMETRIC_REPRESENTATION_CONTEXT() REPRESENTATION_CONTEXT('2D SPACE',''
  ) );
#3246 = PCURVE('',#2222,#3247);
#3247 = DEFINITIONAL_REPRESENTATION('',(#3248),#3259);
#3248 = B_SPLINE_CURVE_WITH_KNOTS('',9,(#3249,#3250,#3251,#3252,#3253,
    #3254,#3255,#3256,#3257,#3258),.UNSPECIFIED.,.F.,.F.,(10,10),(
    169.33716692866,174.04955590905),.PIECEWISE_BEZIER_KNOTS.);
#3249 = CARTESIAN_POINT('',(-3.922744650073E-15,-1.06066017178));
#3250 = CARTESIAN_POINT('',(0.174532126211,-1.06066017178));
#3251 = CARTESIAN_POINT('',(0.349056831435,-1.06066017178));
#3252 = CARTESIAN_POINT('',(0.523603035016,-1.06066017178));
#3253 = CARTESIAN_POINT('',(0.698153658394,-1.06066017178));
#3254 = CARTESIAN_POINT('',(0.872642668402,-1.06066017178));
#3255 = CARTESIAN_POINT('',(1.047193291779,-1.06066017178));
#3256 = CARTESIAN_POINT('',(1.22173949536,-1.06066017178));
#3257 = CARTESIAN_POINT('',(1.396264200584,-1.06066017178));
#3258 = CARTESIAN_POINT('',(1.570796326795,-1.06066017178));
#3259 = ( GEOMETRIC_REPRESENTATION_CONTEXT(2) 
PARAMETRIC_REPRESENTATION_CONTEXT() REPRESENTATION_CONTEXT('2D SPACE',''
  ) );
#3260 = ORIENTED_EDGE('',*,*,#2010,.F.);
#3261 = ORIENTED_EDGE('',*,*,#2705,.F.);
#3262 = ADVANCED_FACE('',(#3263),#2062,.F.);
#3263 = FACE_BOUND('',#3264,.T.);
#3264 = EDGE_LOOP('',(#3265,#3284,#3285,#3286));
#3265 = ORIENTED_EDGE('',*,*,#3266,.F.);
#3266 = EDGE_CURVE('',#2206,#2011,#3267,.T.);
#3267 = SURFACE_CURVE('',#3268,(#3272,#3278),.PCURVE_S1.);
#3268 = LINE('',#3269,#3270);
#3269 = CARTESIAN_POINT('',(37.9,40.899999995838,-5.9));
#3270 = VECTOR('',#3271,1.);
#3271 = DIRECTION('',(4.329780281177E-17,0.707106781187,0.707106781187)
  );
#3272 = PCURVE('',#2062,#3273);
#3273 = DEFINITIONAL_REPRESENTATION('',(#3274),#3277);
#3274 = B_SPLINE_CURVE_WITH_KNOTS('',1,(#3275,#3276),.UNSPECIFIED.,.F.,
  .F.,(2,2),(-2.12132034356,0.),.PIECEWISE_BEZIER_KNOTS.);
#3275 = CARTESIAN_POINT('',(0.,-1.06066017178));
#3276 = CARTESIAN_POINT('',(0.,1.06066017178));
#3277 = ( GEOMETRIC_REPRESENTATION_CONTEXT(2) 
PARAMETRIC_REPRESENTATION_CONTEXT() REPRESENTATION_CONTEXT('2D SPACE',''
  ) );
#3278 = PCURVE('',#2222,#3279);
#3279 = DEFINITIONAL_REPRESENTATION('',(#3280),#3283);
#3280 = B_SPLINE_CURVE_WITH_KNOTS('',1,(#3281,#3282),.UNSPECIFIED.,.F.,
  .F.,(2,2),(-2.12132034356,0.),.PIECEWISE_BEZIER_KNOTS.);
#3281 = CARTESIAN_POINT('',(1.570796326795,-1.5));
#3282 = CARTESIAN_POINT('',(1.570796326795,0.));
#3283 = ( GEOMETRIC_REPRESENTATION_CONTEXT(2) 
PARAMETRIC_REPRESENTATION_CONTEXT() REPRESENTATION_CONTEXT('2D SPACE',''
  ) );
#3284 = ORIENTED_EDGE('',*,*,#2234,.T.);
#3285 = ORIENTED_EDGE('',*,*,#2077,.T.);
#3286 = ORIENTED_EDGE('',*,*,#2048,.F.);
#3287 = ADVANCED_FACE('',(#3288),#2165,.T.);
#3288 = FACE_BOUND('',#3289,.T.);
#3289 = EDGE_LOOP('',(#3290,#3291,#3292,#3311));
#3290 = ORIENTED_EDGE('',*,*,#2740,.F.);
#3291 = ORIENTED_EDGE('',*,*,#2148,.T.);
#3292 = ORIENTED_EDGE('',*,*,#3293,.T.);
#3293 = EDGE_CURVE('',#2149,#2765,#3294,.T.);
#3294 = SURFACE_CURVE('',#3295,(#3299,#3305),.PCURVE_S1.);
#3295 = LINE('',#3296,#3297);
#3296 = CARTESIAN_POINT('',(40.899999995838,-0.9,-5.9));
#3297 = VECTOR('',#3298,1.);
#3298 = DIRECTION('',(0.707106781187,-4.329780281177E-17,0.707106781187)
  );
#3299 = PCURVE('',#2165,#3300);
#3300 = DEFINITIONAL_REPRESENTATION('',(#3301),#3304);
#3301 = B_SPLINE_CURVE_WITH_KNOTS('',1,(#3302,#3303),.UNSPECIFIED.,.F.,
  .F.,(2,2),(-2.12132034356,0.),.PIECEWISE_BEZIER_KNOTS.);
#3302 = CARTESIAN_POINT('',(1.570796326795,-1.5));
#3303 = CARTESIAN_POINT('',(1.570796326795,0.));
#3304 = ( GEOMETRIC_REPRESENTATION_CONTEXT(2) 
PARAMETRIC_REPRESENTATION_CONTEXT() REPRESENTATION_CONTEXT('2D SPACE',''
  ) );
#3305 = PCURVE('',#2193,#3306);
#3306 = DEFINITIONAL_REPRESENTATION('',(#3307),#3310);
#3307 = B_SPLINE_CURVE_WITH_KNOTS('',1,(#3308,#3309),.UNSPECIFIED.,.F.,
  .F.,(2,2),(-2.12132034356,0.),.PIECEWISE_BEZIER_KNOTS.);
#3308 = CARTESIAN_POINT('',(0.,-1.06066017178));
#3309 = CARTESIAN_POINT('',(0.,1.06066017178));
#3310 = ( GEOMETRIC_REPRESENTATION_CONTEXT(2) 
PARAMETRIC_REPRESENTATION_CONTEXT() REPRESENTATION_CONTEXT('2D SPACE',''
  ) );
#3311 = ORIENTED_EDGE('',*,*,#2764,.F.);
#3312 = ADVANCED_FACE('',(#3313),#2193,.T.);
#3313 = FACE_BOUND('',#3314,.T.);
#3314 = EDGE_LOOP('',(#3315,#3316,#3317,#3336));
#3315 = ORIENTED_EDGE('',*,*,#3293,.F.);
#3316 = ORIENTED_EDGE('',*,*,#2177,.T.);
#3317 = ORIENTED_EDGE('',*,*,#3318,.T.);
#3318 = EDGE_CURVE('',#2178,#3209,#3319,.T.);
#3319 = SURFACE_CURVE('',#3320,(#3324,#3330),.PCURVE_S1.);
#3320 = LINE('',#3321,#3322);
#3321 = CARTESIAN_POINT('',(40.15,37.899999995838,-6.65));
#3322 = VECTOR('',#3323,1.);
#3323 = DIRECTION('',(0.707106781187,-0.,0.707106781187));
#3324 = PCURVE('',#2193,#3325);
#3325 = DEFINITIONAL_REPRESENTATION('',(#3326),#3329);
#3326 = B_SPLINE_CURVE_WITH_KNOTS('',1,(#3327,#3328),.UNSPECIFIED.,.F.,
  .F.,(2,2),(-1.06066017178,1.06066017178),.PIECEWISE_BEZIER_KNOTS.);
#3327 = CARTESIAN_POINT('',(38.799999995838,-1.06066017178));
#3328 = CARTESIAN_POINT('',(38.799999995838,1.06066017178));
#3329 = ( GEOMETRIC_REPRESENTATION_CONTEXT(2) 
PARAMETRIC_REPRESENTATION_CONTEXT() REPRESENTATION_CONTEXT('2D SPACE',''
  ) );
#3330 = PCURVE('',#2222,#3331);
#3331 = DEFINITIONAL_REPRESENTATION('',(#3332),#3335);
#3332 = B_SPLINE_CURVE_WITH_KNOTS('',1,(#3333,#3334),.UNSPECIFIED.,.F.,
  .F.,(2,2),(-1.06066017178,1.06066017178),.PIECEWISE_BEZIER_KNOTS.);
#3333 = CARTESIAN_POINT('',(0.,-1.5));
#3334 = CARTESIAN_POINT('',(0.,-3.140184917368E-16));
#3335 = ( GEOMETRIC_REPRESENTATION_CONTEXT(2) 
PARAMETRIC_REPRESENTATION_CONTEXT() REPRESENTATION_CONTEXT('2D SPACE',''
  ) );
#3336 = ORIENTED_EDGE('',*,*,#3337,.F.);
#3337 = EDGE_CURVE('',#2765,#3209,#3338,.T.);
#3338 = SURFACE_CURVE('',#3339,(#3343,#3350),.PCURVE_S1.);
#3339 = LINE('',#3340,#3341);
#3340 = CARTESIAN_POINT('',(39.83933982822,-0.9,-6.96066017178));
#3341 = VECTOR('',#3342,1.);
#3342 = DIRECTION('',(0.,1.,0.));
#3343 = PCURVE('',#2193,#3344);
#3344 = DEFINITIONAL_REPRESENTATION('',(#3345),#3349);
#3345 = LINE('',#3346,#3347);
#3346 = CARTESIAN_POINT('',(0.,-0.43933982822));
#3347 = VECTOR('',#3348,1.);
#3348 = DIRECTION('',(1.,0.));
#3349 = ( GEOMETRIC_REPRESENTATION_CONTEXT(2) 
PARAMETRIC_REPRESENTATION_CONTEXT() REPRESENTATION_CONTEXT('2D SPACE',''
  ) );
#3350 = PCURVE('',#2810,#3351);
#3351 = DEFINITIONAL_REPRESENTATION('',(#3352),#3356);
#3352 = LINE('',#3353,#3354);
#3353 = CARTESIAN_POINT('',(0.,1.385819298767));
#3354 = VECTOR('',#3355,1.);
#3355 = DIRECTION('',(1.,0.));
#3356 = ( GEOMETRIC_REPRESENTATION_CONTEXT(2) 
PARAMETRIC_REPRESENTATION_CONTEXT() REPRESENTATION_CONTEXT('2D SPACE',''
  ) );
#3357 = ADVANCED_FACE('',(#3358),#2222,.T.);
#3358 = FACE_BOUND('',#3359,.T.);
#3359 = EDGE_LOOP('',(#3360,#3361,#3362,#3363));
#3360 = ORIENTED_EDGE('',*,*,#3318,.F.);
#3361 = ORIENTED_EDGE('',*,*,#2205,.T.);
#3362 = ORIENTED_EDGE('',*,*,#3266,.T.);
#3363 = ORIENTED_EDGE('',*,*,#3229,.F.);
#3364 = ADVANCED_FACE('',(#3365),#2277,.T.);
#3365 = FACE_BOUND('',#3366,.T.);
#3366 = EDGE_LOOP('',(#3367,#3368,#3391,#3418));
#3367 = ORIENTED_EDGE('',*,*,#2260,.F.);
#3368 = ORIENTED_EDGE('',*,*,#3369,.F.);
#3369 = EDGE_CURVE('',#3370,#2261,#3372,.T.);
#3370 = VERTEX_POINT('',#3371);
#3371 = CARTESIAN_POINT('',(26.5,18.5,-19.9));
#3372 = SEAM_CURVE('',#3373,(#3377,#3384),.PCURVE_S1.);
#3373 = LINE('',#3374,#3375);
#3374 = CARTESIAN_POINT('',(26.5,18.5,-19.9));
#3375 = VECTOR('',#3376,1.);
#3376 = DIRECTION('',(0.,0.,1.));
#3377 = PCURVE('',#2277,#3378);
#3378 = DEFINITIONAL_REPRESENTATION('',(#3379),#3383);
#3379 = LINE('',#3380,#3381);
#3380 = CARTESIAN_POINT('',(6.28318530718,-0.));
#3381 = VECTOR('',#3382,1.);
#3382 = DIRECTION('',(0.,1.));
#3383 = ( GEOMETRIC_REPRESENTATION_CONTEXT(2) 
PARAMETRIC_REPRESENTATION_CONTEXT() REPRESENTATION_CONTEXT('2D SPACE',''
  ) );
#3384 = PCURVE('',#2277,#3385);
#3385 = DEFINITIONAL_REPRESENTATION('',(#3386),#3390);
#3386 = LINE('',#3387,#3388);
#3387 = CARTESIAN_POINT('',(0.,-0.));
#3388 = VECTOR('',#3389,1.);
#3389 = DIRECTION('',(0.,1.));
#3390 = ( GEOMETRIC_REPRESENTATION_CONTEXT(2) 
PARAMETRIC_REPRESENTATION_CONTEXT() REPRESENTATION_CONTEXT('2D SPACE',''
  ) );
#3391 = ORIENTED_EDGE('',*,*,#3392,.T.);
#3392 = EDGE_CURVE('',#3370,#3370,#3393,.T.);
#3393 = SURFACE_CURVE('',#3394,(#3399,#3406),.PCURVE_S1.);
#3394 = CIRCLE('',#3395,8.);
#3395 = AXIS2_PLACEMENT_3D('',#3396,#3397,#3398);
#3396 = CARTESIAN_POINT('',(18.5,18.5,-19.9));
#3397 = DIRECTION('',(0.,0.,1.));
#3398 = DIRECTION('',(1.,0.,-0.));
#3399 = PCURVE('',#2277,#3400);
#3400 = DEFINITIONAL_REPRESENTATION('',(#3401),#3405);
#3401 = LINE('',#3402,#3403);
#3402 = CARTESIAN_POINT('',(0.,0.));
#3403 = VECTOR('',#3404,1.);
#3404 = DIRECTION('',(1.,0.));
#3405 = ( GEOMETRIC_REPRESENTATION_CONTEXT(2) 
PARAMETRIC_REPRESENTATION_CONTEXT() REPRESENTATION_CONTEXT('2D SPACE',''
  ) );
#3406 = PCURVE('',#3407,#3412);
#3407 = PLANE('',#3408);
#3408 = AXIS2_PLACEMENT_3D('',#3409,#3410,#3411);
#3409 = CARTESIAN_POINT('',(18.5,18.5,-19.9));
#3410 = DIRECTION('',(0.,0.,1.));
#3411 = DIRECTION('',(1.,0.,-0.));
#3412 = DEFINITIONAL_REPRESENTATION('',(#3413),#3417);
#3413 = CIRCLE('',#3414,8.);
#3414 = AXIS2_PLACEMENT_2D('',#3415,#3416);
#3415 = CARTESIAN_POINT('',(0.,0.));
#3416 = DIRECTION('',(1.,0.));
#3417 = ( GEOMETRIC_REPRESENTATION_CONTEXT(2) 
PARAMETRIC_REPRESENTATION_CONTEXT() REPRESENTATION_CONTEXT('2D SPACE',''
  ) );
#3418 = ORIENTED_EDGE('',*,*,#3369,.T.);
#3419 = ADVANCED_FACE('',(#3420),#2307,.F.);
#3420 = FACE_BOUND('',#3421,.F.);
#3421 = EDGE_LOOP('',(#3422,#3443,#3475,#3476));
#3422 = ORIENTED_EDGE('',*,*,#3423,.T.);
#3423 = EDGE_CURVE('',#2652,#3424,#3426,.T.);
#3424 = VERTEX_POINT('',#3425);
#3425 = CARTESIAN_POINT('',(39.83933982822,37.899999995838,9.56066017178
    ));
#3426 = SURFACE_CURVE('',#3427,(#3431,#3437),.PCURVE_S1.);
#3427 = LINE('',#3428,#3429);
#3428 = CARTESIAN_POINT('',(40.36966991411,37.899999995838,8.28033008589
    ));
#3429 = VECTOR('',#3430,1.);
#3430 = DIRECTION('',(-0.382683432365,0.,0.923879532511));
#3431 = PCURVE('',#2307,#3432);
#3432 = DEFINITIONAL_REPRESENTATION('',(#3433),#3436);
#3433 = B_SPLINE_CURVE_WITH_KNOTS('',1,(#3434,#3435),.UNSPECIFIED.,.F.,
  .F.,(2,2),(-1.385819298767,1.385819298767),.PIECEWISE_BEZIER_KNOTS.);
#3434 = CARTESIAN_POINT('',(0.,169.33716692866));
#3435 = CARTESIAN_POINT('',(4.712388980385,169.33716692866));
#3436 = ( GEOMETRIC_REPRESENTATION_CONTEXT(2) 
PARAMETRIC_REPRESENTATION_CONTEXT() REPRESENTATION_CONTEXT('2D SPACE',''
  ) );
#3437 = PCURVE('',#3037,#3438);
#3438 = DEFINITIONAL_REPRESENTATION('',(#3439),#3442);
#3439 = B_SPLINE_CURVE_WITH_KNOTS('',1,(#3440,#3441),.UNSPECIFIED.,.F.,
  .F.,(2,2),(-1.385819298767,1.385819298767),.PIECEWISE_BEZIER_KNOTS.);
#3440 = CARTESIAN_POINT('',(38.799999995838,-1.385819298767));
#3441 = CARTESIAN_POINT('',(38.799999995838,1.385819298767));
#3442 = ( GEOMETRIC_REPRESENTATION_CONTEXT(2) 
PARAMETRIC_REPRESENTATION_CONTEXT() REPRESENTATION_CONTEXT('2D SPACE',''
  ) );
#3443 = ORIENTED_EDGE('',*,*,#3444,.T.);
#3444 = EDGE_CURVE('',#3424,#2293,#3445,.T.);
#3445 = SURFACE_CURVE('',#3446,(#3454,#3461),.PCURVE_S1.);
#3446 = B_SPLINE_CURVE_WITH_KNOTS('',6,(#3447,#3448,#3449,#3450,#3451,
    #3452,#3453),.UNSPECIFIED.,.F.,.F.,(7,7),(169.33716692866,
    174.04955590905),.PIECEWISE_BEZIER_KNOTS.);
#3447 = CARTESIAN_POINT('',(39.83933982822,37.899999995838,9.56066017178
    ));
#3448 = CARTESIAN_POINT('',(39.83933982822,38.407715651336,9.56066017178
    ));
#3449 = CARTESIAN_POINT('',(39.679873637861,38.915396585982,
    9.56066017178));
#3450 = CARTESIAN_POINT('',(39.360688474659,39.360688470497,
    9.56066017178));
#3451 = CARTESIAN_POINT('',(38.915396590144,39.6798736337,9.56066017178)
  );
#3452 = CARTESIAN_POINT('',(38.407715655498,39.839339824059,
    9.56066017178));
#3453 = CARTESIAN_POINT('',(37.9,39.839339824059,9.56066017178));
#3454 = PCURVE('',#2307,#3455);
#3455 = DEFINITIONAL_REPRESENTATION('',(#3456),#3460);
#3456 = LINE('',#3457,#3458);
#3457 = CARTESIAN_POINT('',(4.712388980385,0.));
#3458 = VECTOR('',#3459,1.);
#3459 = DIRECTION('',(0.,1.));
#3460 = ( GEOMETRIC_REPRESENTATION_CONTEXT(2) 
PARAMETRIC_REPRESENTATION_CONTEXT() REPRESENTATION_CONTEXT('2D SPACE',''
  ) );
#3461 = PCURVE('',#2504,#3462);
#3462 = DEFINITIONAL_REPRESENTATION('',(#3463),#3474);
#3463 = B_SPLINE_CURVE_WITH_KNOTS('',9,(#3464,#3465,#3466,#3467,#3468,
    #3469,#3470,#3471,#3472,#3473),.UNSPECIFIED.,.F.,.F.,(10,10),(
    169.33716692866,174.04955590905),.PIECEWISE_BEZIER_KNOTS.);
#3464 = CARTESIAN_POINT('',(3.811722347612E-15,-1.06066017178));
#3465 = CARTESIAN_POINT('',(-0.174532126211,-1.06066017178));
#3466 = CARTESIAN_POINT('',(-0.349056831435,-1.06066017178));
#3467 = CARTESIAN_POINT('',(-0.523603035017,-1.06066017178));
#3468 = CARTESIAN_POINT('',(-0.698153658392,-1.06066017178));
#3469 = CARTESIAN_POINT('',(-0.872642668404,-1.06066017178));
#3470 = CARTESIAN_POINT('',(-1.047193291777,-1.06066017178));
#3471 = CARTESIAN_POINT('',(-1.221739495361,-1.06066017178));
#3472 = CARTESIAN_POINT('',(-1.396264200584,-1.06066017178));
#3473 = CARTESIAN_POINT('',(-1.570796326795,-1.06066017178));
#3474 = ( GEOMETRIC_REPRESENTATION_CONTEXT(2) 
PARAMETRIC_REPRESENTATION_CONTEXT() REPRESENTATION_CONTEXT('2D SPACE',''
  ) );
#3475 = ORIENTED_EDGE('',*,*,#2292,.F.);
#3476 = ORIENTED_EDGE('',*,*,#2674,.F.);
#3477 = ADVANCED_FACE('',(#3478),#2344,.T.);
#3478 = FACE_BOUND('',#3479,.F.);
#3479 = EDGE_LOOP('',(#3480,#3499,#3500,#3501));
#3480 = ORIENTED_EDGE('',*,*,#3481,.F.);
#3481 = EDGE_CURVE('',#2488,#2293,#3482,.T.);
#3482 = SURFACE_CURVE('',#3483,(#3487,#3493),.PCURVE_S1.);
#3483 = LINE('',#3484,#3485);
#3484 = CARTESIAN_POINT('',(37.9,40.899999995838,8.5));
#3485 = VECTOR('',#3486,1.);
#3486 = DIRECTION('',(4.329780281177E-17,0.707106781187,-0.707106781187)
  );
#3487 = PCURVE('',#2344,#3488);
#3488 = DEFINITIONAL_REPRESENTATION('',(#3489),#3492);
#3489 = B_SPLINE_CURVE_WITH_KNOTS('',1,(#3490,#3491),.UNSPECIFIED.,.F.,
  .F.,(2,2),(-2.12132034356,0.),.PIECEWISE_BEZIER_KNOTS.);
#3490 = CARTESIAN_POINT('',(0.,-1.06066017178));
#3491 = CARTESIAN_POINT('',(0.,1.06066017178));
#3492 = ( GEOMETRIC_REPRESENTATION_CONTEXT(2) 
PARAMETRIC_REPRESENTATION_CONTEXT() REPRESENTATION_CONTEXT('2D SPACE',''
  ) );
#3493 = PCURVE('',#2504,#3494);
#3494 = DEFINITIONAL_REPRESENTATION('',(#3495),#3498);
#3495 = B_SPLINE_CURVE_WITH_KNOTS('',1,(#3496,#3497),.UNSPECIFIED.,.F.,
  .F.,(2,2),(-2.12132034356,0.),.PIECEWISE_BEZIER_KNOTS.);
#3496 = CARTESIAN_POINT('',(-1.570796326795,-1.5));
#3497 = CARTESIAN_POINT('',(-1.570796326795,0.));
#3498 = ( GEOMETRIC_REPRESENTATION_CONTEXT(2) 
PARAMETRIC_REPRESENTATION_CONTEXT() REPRESENTATION_CONTEXT('2D SPACE',''
  ) );
#3499 = ORIENTED_EDGE('',*,*,#2516,.T.);
#3500 = ORIENTED_EDGE('',*,*,#2359,.T.);
#3501 = ORIENTED_EDGE('',*,*,#2330,.F.);
#3502 = ADVANCED_FACE('',(#3503),#2447,.T.);
#3503 = FACE_BOUND('',#3504,.F.);
#3504 = EDGE_LOOP('',(#3505,#3506,#3507,#3526));
#3505 = ORIENTED_EDGE('',*,*,#2967,.F.);
#3506 = ORIENTED_EDGE('',*,*,#2430,.T.);
#3507 = ORIENTED_EDGE('',*,*,#3508,.T.);
#3508 = EDGE_CURVE('',#2431,#2992,#3509,.T.);
#3509 = SURFACE_CURVE('',#3510,(#3514,#3520),.PCURVE_S1.);
#3510 = LINE('',#3511,#3512);
#3511 = CARTESIAN_POINT('',(40.899999995838,-0.9,8.5));
#3512 = VECTOR('',#3513,1.);
#3513 = DIRECTION('',(0.707106781187,-4.329780281177E-17,-0.707106781187
    ));
#3514 = PCURVE('',#2447,#3515);
#3515 = DEFINITIONAL_REPRESENTATION('',(#3516),#3519);
#3516 = B_SPLINE_CURVE_WITH_KNOTS('',1,(#3517,#3518),.UNSPECIFIED.,.F.,
  .F.,(2,2),(-2.12132034356,0.),.PIECEWISE_BEZIER_KNOTS.);
#3517 = CARTESIAN_POINT('',(-1.570796326795,-1.5));
#3518 = CARTESIAN_POINT('',(-1.570796326795,0.));
#3519 = ( GEOMETRIC_REPRESENTATION_CONTEXT(2) 
PARAMETRIC_REPRESENTATION_CONTEXT() REPRESENTATION_CONTEXT('2D SPACE',''
  ) );
#3520 = PCURVE('',#2475,#3521);
#3521 = DEFINITIONAL_REPRESENTATION('',(#3522),#3525);
#3522 = B_SPLINE_CURVE_WITH_KNOTS('',1,(#3523,#3524),.UNSPECIFIED.,.F.,
  .F.,(2,2),(-2.12132034356,0.),.PIECEWISE_BEZIER_KNOTS.);
#3523 = CARTESIAN_POINT('',(0.,-1.06066017178));
#3524 = CARTESIAN_POINT('',(0.,1.06066017178));
#3525 = ( GEOMETRIC_REPRESENTATION_CONTEXT(2) 
PARAMETRIC_REPRESENTATION_CONTEXT() REPRESENTATION_CONTEXT('2D SPACE',''
  ) );
#3526 = ORIENTED_EDGE('',*,*,#2991,.F.);
#3527 = ADVANCED_FACE('',(#3528),#2475,.F.);
#3528 = FACE_BOUND('',#3529,.F.);
#3529 = EDGE_LOOP('',(#3530,#3531,#3532,#3551));
#3530 = ORIENTED_EDGE('',*,*,#3508,.F.);
#3531 = ORIENTED_EDGE('',*,*,#2459,.T.);
#3532 = ORIENTED_EDGE('',*,*,#3533,.T.);
#3533 = EDGE_CURVE('',#2460,#3424,#3534,.T.);
#3534 = SURFACE_CURVE('',#3535,(#3539,#3545),.PCURVE_S1.);
#3535 = LINE('',#3536,#3537);
#3536 = CARTESIAN_POINT('',(40.15,37.899999995838,9.25));
#3537 = VECTOR('',#3538,1.);
#3538 = DIRECTION('',(0.707106781187,0.,-0.707106781187));
#3539 = PCURVE('',#2475,#3540);
#3540 = DEFINITIONAL_REPRESENTATION('',(#3541),#3544);
#3541 = B_SPLINE_CURVE_WITH_KNOTS('',1,(#3542,#3543),.UNSPECIFIED.,.F.,
  .F.,(2,2),(-1.06066017178,1.06066017178),.PIECEWISE_BEZIER_KNOTS.);
#3542 = CARTESIAN_POINT('',(38.799999995838,-1.06066017178));
#3543 = CARTESIAN_POINT('',(38.799999995838,1.06066017178));
#3544 = ( GEOMETRIC_REPRESENTATION_CONTEXT(2) 
PARAMETRIC_REPRESENTATION_CONTEXT() REPRESENTATION_CONTEXT('2D SPACE',''
  ) );
#3545 = PCURVE('',#2504,#3546);
#3546 = DEFINITIONAL_REPRESENTATION('',(#3547),#3550);
#3547 = B_SPLINE_CURVE_WITH_KNOTS('',1,(#3548,#3549),.UNSPECIFIED.,.F.,
  .F.,(2,2),(-1.06066017178,1.06066017178),.PIECEWISE_BEZIER_KNOTS.);
#3548 = CARTESIAN_POINT('',(0.,-1.5));
#3549 = CARTESIAN_POINT('',(0.,-3.140184917368E-16));
#3550 = ( GEOMETRIC_REPRESENTATION_CONTEXT(2) 
PARAMETRIC_REPRESENTATION_CONTEXT() REPRESENTATION_CONTEXT('2D SPACE',''
  ) );
#3551 = ORIENTED_EDGE('',*,*,#3552,.F.);
#3552 = EDGE_CURVE('',#2992,#3424,#3553,.T.);
#3553 = SURFACE_CURVE('',#3554,(#3558,#3565),.PCURVE_S1.);
#3554 = LINE('',#3555,#3556);
#3555 = CARTESIAN_POINT('',(39.83933982822,-0.9,9.56066017178));
#3556 = VECTOR('',#3557,1.);
#3557 = DIRECTION('',(0.,1.,0.));
#3558 = PCURVE('',#2475,#3559);
#3559 = DEFINITIONAL_REPRESENTATION('',(#3560),#3564);
#3560 = LINE('',#3561,#3562);
#3561 = CARTESIAN_POINT('',(0.,-0.43933982822));
#3562 = VECTOR('',#3563,1.);
#3563 = DIRECTION('',(1.,0.));
#3564 = ( GEOMETRIC_REPRESENTATION_CONTEXT(2) 
PARAMETRIC_REPRESENTATION_CONTEXT() REPRESENTATION_CONTEXT('2D SPACE',''
  ) );
#3565 = PCURVE('',#3037,#3566);
#3566 = DEFINITIONAL_REPRESENTATION('',(#3567),#3571);
#3567 = LINE('',#3568,#3569);
#3568 = CARTESIAN_POINT('',(0.,1.385819298767));
#3569 = VECTOR('',#3570,1.);
#3570 = DIRECTION('',(1.,0.));
#3571 = ( GEOMETRIC_REPRESENTATION_CONTEXT(2) 
PARAMETRIC_REPRESENTATION_CONTEXT() REPRESENTATION_CONTEXT('2D SPACE',''
  ) );
#3572 = ADVANCED_FACE('',(#3573),#2504,.T.);
#3573 = FACE_BOUND('',#3574,.F.);
#3574 = EDGE_LOOP('',(#3575,#3576,#3577,#3578));
#3575 = ORIENTED_EDGE('',*,*,#3533,.F.);
#3576 = ORIENTED_EDGE('',*,*,#2487,.T.);
#3577 = ORIENTED_EDGE('',*,*,#3481,.T.);
#3578 = ORIENTED_EDGE('',*,*,#3444,.F.);
#3579 = ADVANCED_FACE('',(#3580),#2559,.T.);
#3580 = FACE_BOUND('',#3581,.T.);
#3581 = EDGE_LOOP('',(#3582,#3605,#3633,#3661,#3684,#3705,#3726,#3747,
    #3770,#3791,#3812,#3840,#3868,#3889));
#3582 = ORIENTED_EDGE('',*,*,#3583,.F.);
#3583 = EDGE_CURVE('',#3584,#2543,#3586,.T.);
#3584 = VERTEX_POINT('',#3585);
#3585 = CARTESIAN_POINT('',(38.5,-1.5,0.));
#3586 = SURFACE_CURVE('',#3587,(#3591,#3598),.PCURVE_S1.);
#3587 = LINE('',#3588,#3589);
#3588 = CARTESIAN_POINT('',(38.5,-1.5,-5.));
#3589 = VECTOR('',#3590,1.);
#3590 = DIRECTION('',(0.,0.,1.));
#3591 = PCURVE('',#2559,#3592);
#3592 = DEFINITIONAL_REPRESENTATION('',(#3593),#3597);
#3593 = LINE('',#3594,#3595);
#3594 = CARTESIAN_POINT('',(0.,40.));
#3595 = VECTOR('',#3596,1.);
#3596 = DIRECTION('',(1.,0.));
#3597 = ( GEOMETRIC_REPRESENTATION_CONTEXT(2) 
PARAMETRIC_REPRESENTATION_CONTEXT() REPRESENTATION_CONTEXT('2D SPACE',''
  ) );
#3598 = PCURVE('',#2635,#3599);
#3599 = DEFINITIONAL_REPRESENTATION('',(#3600),#3604);
#3600 = LINE('',#3601,#3602);
#3601 = CARTESIAN_POINT('',(0.,0.));
#3602 = VECTOR('',#3603,1.);
#3603 = DIRECTION('',(1.,0.));
#3604 = ( GEOMETRIC_REPRESENTATION_CONTEXT(2) 
PARAMETRIC_REPRESENTATION_CONTEXT() REPRESENTATION_CONTEXT('2D SPACE',''
  ) );
#3605 = ORIENTED_EDGE('',*,*,#3606,.F.);
#3606 = EDGE_CURVE('',#3607,#3584,#3609,.T.);
#3607 = VERTEX_POINT('',#3608);
#3608 = CARTESIAN_POINT('',(34.8,-1.5,0.));
#3609 = SURFACE_CURVE('',#3610,(#3614,#3621),.PCURVE_S1.);
#3610 = LINE('',#3611,#3612);
#3611 = CARTESIAN_POINT('',(34.8,-1.5,0.));
#3612 = VECTOR('',#3613,1.);
#3613 = DIRECTION('',(1.,0.,-0.));
#3614 = PCURVE('',#2559,#3615);
#3615 = DEFINITIONAL_REPRESENTATION('',(#3616),#3620);
#3616 = LINE('',#3617,#3618);
#3617 = CARTESIAN_POINT('',(5.,36.3));
#3618 = VECTOR('',#3619,1.);
#3619 = DIRECTION('',(0.,1.));
#3620 = ( GEOMETRIC_REPRESENTATION_CONTEXT(2) 
PARAMETRIC_REPRESENTATION_CONTEXT() REPRESENTATION_CONTEXT('2D SPACE',''
  ) );
#3621 = PCURVE('',#3622,#3627);
#3622 = PLANE('',#3623);
#3623 = AXIS2_PLACEMENT_3D('',#3624,#3625,#3626);
#3624 = CARTESIAN_POINT('',(34.8,-1.5,0.));
#3625 = DIRECTION('',(0.,0.,1.));
#3626 = DIRECTION('',(1.,0.,-0.));
#3627 = DEFINITIONAL_REPRESENTATION('',(#3628),#3632);
#3628 = LINE('',#3629,#3630);
#3629 = CARTESIAN_POINT('',(0.,0.));
#3630 = VECTOR('',#3631,1.);
#3631 = DIRECTION('',(1.,0.));
#3632 = ( GEOMETRIC_REPRESENTATION_CONTEXT(2) 
PARAMETRIC_REPRESENTATION_CONTEXT() REPRESENTATION_CONTEXT('2D SPACE',''
  ) );
#3633 = ORIENTED_EDGE('',*,*,#3634,.F.);
#3634 = EDGE_CURVE('',#3635,#3607,#3637,.T.);
#3635 = VERTEX_POINT('',#3636);
#3636 = CARTESIAN_POINT('',(34.8,-1.5,-5.));
#3637 = SURFACE_CURVE('',#3638,(#3642,#3649),.PCURVE_S1.);
#3638 = LINE('',#3639,#3640);
#3639 = CARTESIAN_POINT('',(34.8,-1.5,-5.));
#3640 = VECTOR('',#3641,1.);
#3641 = DIRECTION('',(0.,0.,1.));
#3642 = PCURVE('',#2559,#3643);
#3643 = DEFINITIONAL_REPRESENTATION('',(#3644),#3648);
#3644 = LINE('',#3645,#3646);
#3645 = CARTESIAN_POINT('',(0.,36.3));
#3646 = VECTOR('',#3647,1.);
#3647 = DIRECTION('',(1.,0.));
#3648 = ( GEOMETRIC_REPRESENTATION_CONTEXT(2) 
PARAMETRIC_REPRESENTATION_CONTEXT() REPRESENTATION_CONTEXT('2D SPACE',''
  ) );
#3649 = PCURVE('',#3650,#3655);
#3650 = PLANE('',#3651);
#3651 = AXIS2_PLACEMENT_3D('',#3652,#3653,#3654);
#3652 = CARTESIAN_POINT('',(34.8,-1.5,-5.));
#3653 = DIRECTION('',(1.,0.,-0.));
#3654 = DIRECTION('',(0.,0.,1.));
#3655 = DEFINITIONAL_REPRESENTATION('',(#3656),#3660);
#3656 = LINE('',#3657,#3658);
#3657 = CARTESIAN_POINT('',(0.,0.));
#3658 = VECTOR('',#3659,1.);
#3659 = DIRECTION('',(1.,0.));
#3660 = ( GEOMETRIC_REPRESENTATION_CONTEXT(2) 
PARAMETRIC_REPRESENTATION_CONTEXT() REPRESENTATION_CONTEXT('2D SPACE',''
  ) );
#3661 = ORIENTED_EDGE('',*,*,#3662,.F.);
#3662 = EDGE_CURVE('',#3663,#3635,#3665,.T.);
#3663 = VERTEX_POINT('',#3664);
#3664 = CARTESIAN_POINT('',(25.,-1.5,-5.));
#3665 = SURFACE_CURVE('',#3666,(#3670,#3677),.PCURVE_S1.);
#3666 = LINE('',#3667,#3668);
#3667 = CARTESIAN_POINT('',(-1.5,-1.5,-5.));
#3668 = VECTOR('',#3669,1.);
#3669 = DIRECTION('',(1.,0.,-0.));
#3670 = PCURVE('',#2559,#3671);
#3671 = DEFINITIONAL_REPRESENTATION('',(#3672),#3676);
#3672 = LINE('',#3673,#3674);
#3673 = CARTESIAN_POINT('',(0.,0.));
#3674 = VECTOR('',#3675,1.);
#3675 = DIRECTION('',(0.,1.));
#3676 = ( GEOMETRIC_REPRESENTATION_CONTEXT(2) 
PARAMETRIC_REPRESENTATION_CONTEXT() REPRESENTATION_CONTEXT('2D SPACE',''
  ) );
#3677 = PCURVE('',#2901,#3678);
#3678 = DEFINITIONAL_REPRESENTATION('',(#3679),#3683);
#3679 = LINE('',#3680,#3681);
#3680 = CARTESIAN_POINT('',(-2.5,7.4));
#3681 = VECTOR('',#3682,1.);
#3682 = DIRECTION('',(1.,0.));
#3683 = ( GEOMETRIC_REPRESENTATION_CONTEXT(2) 
PARAMETRIC_REPRESENTATION_CONTEXT() REPRESENTATION_CONTEXT('2D SPACE',''
  ) );
#3684 = ORIENTED_EDGE('',*,*,#3685,.F.);
#3685 = EDGE_CURVE('',#3686,#3663,#3688,.T.);
#3686 = VERTEX_POINT('',#3687);
#3687 = CARTESIAN_POINT('',(25.,-1.5,2.5));
#3688 = SURFACE_CURVE('',#3689,(#3693,#3699),.PCURVE_S1.);
#3689 = LINE('',#3690,#3691);
#3690 = CARTESIAN_POINT('',(25.,-1.5,-5.));
#3691 = VECTOR('',#3692,1.);
#3692 = DIRECTION('',(-0.,0.,-1.));
#3693 = PCURVE('',#2559,#3694);
#3694 = DEFINITIONAL_REPRESENTATION('',(#3695),#3698);
#3695 = B_SPLINE_CURVE_WITH_KNOTS('',1,(#3696,#3697),.UNSPECIFIED.,.F.,
  .F.,(2,2),(-7.5,0.),.PIECEWISE_BEZIER_KNOTS.);
#3696 = CARTESIAN_POINT('',(7.5,26.5));
#3697 = CARTESIAN_POINT('',(0.,26.5));
#3698 = ( GEOMETRIC_REPRESENTATION_CONTEXT(2) 
PARAMETRIC_REPRESENTATION_CONTEXT() REPRESENTATION_CONTEXT('2D SPACE',''
  ) );
#3699 = PCURVE('',#3123,#3700);
#3700 = DEFINITIONAL_REPRESENTATION('',(#3701),#3704);
#3701 = B_SPLINE_CURVE_WITH_KNOTS('',1,(#3702,#3703),.UNSPECIFIED.,.F.,
  .F.,(2,2),(-7.5,0.),.PIECEWISE_BEZIER_KNOTS.);
#3702 = CARTESIAN_POINT('',(7.5,-7.4));
#3703 = CARTESIAN_POINT('',(0.,-7.4));
#3704 = ( GEOMETRIC_REPRESENTATION_CONTEXT(2) 
PARAMETRIC_REPRESENTATION_CONTEXT() REPRESENTATION_CONTEXT('2D SPACE',''
  ) );
#3705 = ORIENTED_EDGE('',*,*,#3706,.F.);
#3706 = EDGE_CURVE('',#3707,#3686,#3709,.T.);
#3707 = VERTEX_POINT('',#3708);
#3708 = CARTESIAN_POINT('',(12.,-1.5,2.5));
#3709 = SURFACE_CURVE('',#3710,(#3714,#3720),.PCURVE_S1.);
#3710 = LINE('',#3711,#3712);
#3711 = CARTESIAN_POINT('',(5.25,-1.5,2.5));
#3712 = VECTOR('',#3713,1.);
#3713 = DIRECTION('',(1.,0.,-0.));
#3714 = PCURVE('',#2559,#3715);
#3715 = DEFINITIONAL_REPRESENTATION('',(#3716),#3719);
#3716 = B_SPLINE_CURVE_WITH_KNOTS('',1,(#3717,#3718),.UNSPECIFIED.,.F.,
  .F.,(2,2),(6.75,19.75),.PIECEWISE_BEZIER_KNOTS.);
#3717 = CARTESIAN_POINT('',(7.5,13.5));
#3718 = CARTESIAN_POINT('',(7.5,26.5));
#3719 = ( GEOMETRIC_REPRESENTATION_CONTEXT(2) 
PARAMETRIC_REPRESENTATION_CONTEXT() REPRESENTATION_CONTEXT('2D SPACE',''
  ) );
#3720 = PCURVE('',#3147,#3721);
#3721 = DEFINITIONAL_REPRESENTATION('',(#3722),#3725);
#3722 = B_SPLINE_CURVE_WITH_KNOTS('',1,(#3723,#3724),.UNSPECIFIED.,.F.,
  .F.,(2,2),(6.75,19.75),.PIECEWISE_BEZIER_KNOTS.);
#3723 = CARTESIAN_POINT('',(0.,7.4));
#3724 = CARTESIAN_POINT('',(13.,7.4));
#3725 = ( GEOMETRIC_REPRESENTATION_CONTEXT(2) 
PARAMETRIC_REPRESENTATION_CONTEXT() REPRESENTATION_CONTEXT('2D SPACE',''
  ) );
#3726 = ORIENTED_EDGE('',*,*,#3727,.T.);
#3727 = EDGE_CURVE('',#3707,#3728,#3730,.T.);
#3728 = VERTEX_POINT('',#3729);
#3729 = CARTESIAN_POINT('',(12.,-1.5,-5.));
#3730 = SURFACE_CURVE('',#3731,(#3735,#3741),.PCURVE_S1.);
#3731 = LINE('',#3732,#3733);
#3732 = CARTESIAN_POINT('',(12.,-1.5,-5.));
#3733 = VECTOR('',#3734,1.);
#3734 = DIRECTION('',(-0.,0.,-1.));
#3735 = PCURVE('',#2559,#3736);
#3736 = DEFINITIONAL_REPRESENTATION('',(#3737),#3740);
#3737 = B_SPLINE_CURVE_WITH_KNOTS('',1,(#3738,#3739),.UNSPECIFIED.,.F.,
  .F.,(2,2),(-7.5,0.),.PIECEWISE_BEZIER_KNOTS.);
#3738 = CARTESIAN_POINT('',(7.5,13.5));
#3739 = CARTESIAN_POINT('',(0.,13.5));
#3740 = ( GEOMETRIC_REPRESENTATION_CONTEXT(2) 
PARAMETRIC_REPRESENTATION_CONTEXT() REPRESENTATION_CONTEXT('2D SPACE',''
  ) );
#3741 = PCURVE('',#3075,#3742);
#3742 = DEFINITIONAL_REPRESENTATION('',(#3743),#3746);
#3743 = B_SPLINE_CURVE_WITH_KNOTS('',1,(#3744,#3745),.UNSPECIFIED.,.F.,
  .F.,(2,2),(-7.5,0.),.PIECEWISE_BEZIER_KNOTS.);
#3744 = CARTESIAN_POINT('',(7.5,-7.4));
#3745 = CARTESIAN_POINT('',(0.,-7.4));
#3746 = ( GEOMETRIC_REPRESENTATION_CONTEXT(2) 
PARAMETRIC_REPRESENTATION_CONTEXT() REPRESENTATION_CONTEXT('2D SPACE',''
  ) );
#3747 = ORIENTED_EDGE('',*,*,#3748,.F.);
#3748 = EDGE_CURVE('',#3749,#3728,#3751,.T.);
#3749 = VERTEX_POINT('',#3750);
#3750 = CARTESIAN_POINT('',(11.,-1.5,-5.));
#3751 = SURFACE_CURVE('',#3752,(#3756,#3763),.PCURVE_S1.);
#3752 = LINE('',#3753,#3754);
#3753 = CARTESIAN_POINT('',(-1.5,-1.5,-5.));
#3754 = VECTOR('',#3755,1.);
#3755 = DIRECTION('',(1.,0.,-0.));
#3756 = PCURVE('',#2559,#3757);
#3757 = DEFINITIONAL_REPRESENTATION('',(#3758),#3762);
#3758 = LINE('',#3759,#3760);
#3759 = CARTESIAN_POINT('',(0.,0.));
#3760 = VECTOR('',#3761,1.);
#3761 = DIRECTION('',(0.,1.));
#3762 = ( GEOMETRIC_REPRESENTATION_CONTEXT(2) 
PARAMETRIC_REPRESENTATION_CONTEXT() REPRESENTATION_CONTEXT('2D SPACE',''
  ) );
#3763 = PCURVE('',#2901,#3764);
#3764 = DEFINITIONAL_REPRESENTATION('',(#3765),#3769);
#3765 = LINE('',#3766,#3767);
#3766 = CARTESIAN_POINT('',(-2.5,7.4));
#3767 = VECTOR('',#3768,1.);
#3768 = DIRECTION('',(1.,0.));
#3769 = ( GEOMETRIC_REPRESENTATION_CONTEXT(2) 
PARAMETRIC_REPRESENTATION_CONTEXT() REPRESENTATION_CONTEXT('2D SPACE',''
  ) );
#3770 = ORIENTED_EDGE('',*,*,#3771,.F.);
#3771 = EDGE_CURVE('',#3772,#3749,#3774,.T.);
#3772 = VERTEX_POINT('',#3773);
#3773 = CARTESIAN_POINT('',(11.,-1.5,-1.));
#3774 = SURFACE_CURVE('',#3775,(#3779,#3785),.PCURVE_S1.);
#3775 = LINE('',#3776,#3777);
#3776 = CARTESIAN_POINT('',(11.,-1.5,-5.));
#3777 = VECTOR('',#3778,1.);
#3778 = DIRECTION('',(-0.,0.,-1.));
#3779 = PCURVE('',#2559,#3780);
#3780 = DEFINITIONAL_REPRESENTATION('',(#3781),#3784);
#3781 = B_SPLINE_CURVE_WITH_KNOTS('',1,(#3782,#3783),.UNSPECIFIED.,.F.,
  .F.,(2,2),(-4.,0.),.PIECEWISE_BEZIER_KNOTS.);
#3782 = CARTESIAN_POINT('',(4.,12.5));
#3783 = CARTESIAN_POINT('',(0.,12.5));
#3784 = ( GEOMETRIC_REPRESENTATION_CONTEXT(2) 
PARAMETRIC_REPRESENTATION_CONTEXT() REPRESENTATION_CONTEXT('2D SPACE',''
  ) );
#3785 = PCURVE('',#2927,#3786);
#3786 = DEFINITIONAL_REPRESENTATION('',(#3787),#3790);
#3787 = B_SPLINE_CURVE_WITH_KNOTS('',1,(#3788,#3789),.UNSPECIFIED.,.F.,
  .F.,(2,2),(-4.,0.),.PIECEWISE_BEZIER_KNOTS.);
#3788 = CARTESIAN_POINT('',(4.,-7.4));
#3789 = CARTESIAN_POINT('',(0.,-7.4));
#3790 = ( GEOMETRIC_REPRESENTATION_CONTEXT(2) 
PARAMETRIC_REPRESENTATION_CONTEXT() REPRESENTATION_CONTEXT('2D SPACE',''
  ) );
#3791 = ORIENTED_EDGE('',*,*,#3792,.F.);
#3792 = EDGE_CURVE('',#3793,#3772,#3795,.T.);
#3793 = VERTEX_POINT('',#3794);
#3794 = CARTESIAN_POINT('',(2.2,-1.5,-1.));
#3795 = SURFACE_CURVE('',#3796,(#3800,#3806),.PCURVE_S1.);
#3796 = LINE('',#3797,#3798);
#3797 = CARTESIAN_POINT('',(-0.25,-1.5,-1.));
#3798 = VECTOR('',#3799,1.);
#3799 = DIRECTION('',(1.,0.,-0.));
#3800 = PCURVE('',#2559,#3801);
#3801 = DEFINITIONAL_REPRESENTATION('',(#3802),#3805);
#3802 = B_SPLINE_CURVE_WITH_KNOTS('',1,(#3803,#3804),.UNSPECIFIED.,.F.,
  .F.,(2,2),(1.25,11.25),.PIECEWISE_BEZIER_KNOTS.);
#3803 = CARTESIAN_POINT('',(4.,2.5));
#3804 = CARTESIAN_POINT('',(4.,12.5));
#3805 = ( GEOMETRIC_REPRESENTATION_CONTEXT(2) 
PARAMETRIC_REPRESENTATION_CONTEXT() REPRESENTATION_CONTEXT('2D SPACE',''
  ) );
#3806 = PCURVE('',#2951,#3807);
#3807 = DEFINITIONAL_REPRESENTATION('',(#3808),#3811);
#3808 = B_SPLINE_CURVE_WITH_KNOTS('',1,(#3809,#3810),.UNSPECIFIED.,.F.,
  .F.,(2,2),(1.25,11.25),.PIECEWISE_BEZIER_KNOTS.);
#3809 = CARTESIAN_POINT('',(0.,7.4));
#3810 = CARTESIAN_POINT('',(10.,7.4));
#3811 = ( GEOMETRIC_REPRESENTATION_CONTEXT(2) 
PARAMETRIC_REPRESENTATION_CONTEXT() REPRESENTATION_CONTEXT('2D SPACE',''
  ) );
#3812 = ORIENTED_EDGE('',*,*,#3813,.T.);
#3813 = EDGE_CURVE('',#3793,#3814,#3816,.T.);
#3814 = VERTEX_POINT('',#3815);
#3815 = CARTESIAN_POINT('',(2.2,-1.5,0.));
#3816 = SURFACE_CURVE('',#3817,(#3821,#3828),.PCURVE_S1.);
#3817 = LINE('',#3818,#3819);
#3818 = CARTESIAN_POINT('',(2.2,-1.5,-5.));
#3819 = VECTOR('',#3820,1.);
#3820 = DIRECTION('',(0.,0.,1.));
#3821 = PCURVE('',#2559,#3822);
#3822 = DEFINITIONAL_REPRESENTATION('',(#3823),#3827);
#3823 = LINE('',#3824,#3825);
#3824 = CARTESIAN_POINT('',(0.,3.7));
#3825 = VECTOR('',#3826,1.);
#3826 = DIRECTION('',(1.,0.));
#3827 = ( GEOMETRIC_REPRESENTATION_CONTEXT(2) 
PARAMETRIC_REPRESENTATION_CONTEXT() REPRESENTATION_CONTEXT('2D SPACE',''
  ) );
#3828 = PCURVE('',#3829,#3834);
#3829 = PLANE('',#3830);
#3830 = AXIS2_PLACEMENT_3D('',#3831,#3832,#3833);
#3831 = CARTESIAN_POINT('',(2.2,-1.5,-5.));
#3832 = DIRECTION('',(1.,0.,-0.));
#3833 = DIRECTION('',(0.,0.,1.));
#3834 = DEFINITIONAL_REPRESENTATION('',(#3835),#3839);
#3835 = LINE('',#3836,#3837);
#3836 = CARTESIAN_POINT('',(0.,0.));
#3837 = VECTOR('',#3838,1.);
#3838 = DIRECTION('',(1.,0.));
#3839 = ( GEOMETRIC_REPRESENTATION_CONTEXT(2) 
PARAMETRIC_REPRESENTATION_CONTEXT() REPRESENTATION_CONTEXT('2D SPACE',''
  ) );
#3840 = ORIENTED_EDGE('',*,*,#3841,.F.);
#3841 = EDGE_CURVE('',#3842,#3814,#3844,.T.);
#3842 = VERTEX_POINT('',#3843);
#3843 = CARTESIAN_POINT('',(-1.5,-1.5,0.));
#3844 = SURFACE_CURVE('',#3845,(#3849,#3856),.PCURVE_S1.);
#3845 = LINE('',#3846,#3847);
#3846 = CARTESIAN_POINT('',(-1.5,-1.5,0.));
#3847 = VECTOR('',#3848,1.);
#3848 = DIRECTION('',(1.,0.,-0.));
#3849 = PCURVE('',#2559,#3850);
#3850 = DEFINITIONAL_REPRESENTATION('',(#3851),#3855);
#3851 = LINE('',#3852,#3853);
#3852 = CARTESIAN_POINT('',(5.,0.));
#3853 = VECTOR('',#3854,1.);
#3854 = DIRECTION('',(0.,1.));
#3855 = ( GEOMETRIC_REPRESENTATION_CONTEXT(2) 
PARAMETRIC_REPRESENTATION_CONTEXT() REPRESENTATION_CONTEXT('2D SPACE',''
  ) );
#3856 = PCURVE('',#3857,#3862);
#3857 = PLANE('',#3858);
#3858 = AXIS2_PLACEMENT_3D('',#3859,#3860,#3861);
#3859 = CARTESIAN_POINT('',(-1.5,-1.5,0.));
#3860 = DIRECTION('',(0.,0.,1.));
#3861 = DIRECTION('',(1.,0.,-0.));
#3862 = DEFINITIONAL_REPRESENTATION('',(#3863),#3867);
#3863 = LINE('',#3864,#3865);
#3864 = CARTESIAN_POINT('',(0.,0.));
#3865 = VECTOR('',#3866,1.);
#3866 = DIRECTION('',(1.,0.));
#3867 = ( GEOMETRIC_REPRESENTATION_CONTEXT(2) 
PARAMETRIC_REPRESENTATION_CONTEXT() REPRESENTATION_CONTEXT('2D SPACE',''
  ) );
#3868 = ORIENTED_EDGE('',*,*,#3869,.T.);
#3869 = EDGE_CURVE('',#3842,#2545,#3870,.T.);
#3870 = SURFACE_CURVE('',#3871,(#3875,#3882),.PCURVE_S1.);
#3871 = LINE('',#3872,#3873);
#3872 = CARTESIAN_POINT('',(-1.5,-1.5,-5.));
#3873 = VECTOR('',#3874,1.);
#3874 = DIRECTION('',(0.,0.,1.));
#3875 = PCURVE('',#2559,#3876);
#3876 = DEFINITIONAL_REPRESENTATION('',(#3877),#3881);
#3877 = LINE('',#3878,#3879);
#3878 = CARTESIAN_POINT('',(0.,0.));
#3879 = VECTOR('',#3880,1.);
#3880 = DIRECTION('',(1.,0.));
#3881 = ( GEOMETRIC_REPRESENTATION_CONTEXT(2) 
PARAMETRIC_REPRESENTATION_CONTEXT() REPRESENTATION_CONTEXT('2D SPACE',''
  ) );
#3882 = PCURVE('',#2585,#3883);
#3883 = DEFINITIONAL_REPRESENTATION('',(#3884),#3888);
#3884 = LINE('',#3885,#3886);
#3885 = CARTESIAN_POINT('',(0.,0.));
#3886 = VECTOR('',#3887,1.);
#3887 = DIRECTION('',(1.,0.));
#3888 = ( GEOMETRIC_REPRESENTATION_CONTEXT(2) 
PARAMETRIC_REPRESENTATION_CONTEXT() REPRESENTATION_CONTEXT('2D SPACE',''
  ) );
#3889 = ORIENTED_EDGE('',*,*,#2542,.F.);
#3890 = ADVANCED_FACE('',(#3891),#2635,.F.);
#3891 = FACE_BOUND('',#3892,.F.);
#3892 = EDGE_LOOP('',(#3893,#3894,#3917,#3945,#3968,#3996,#4024,#4045));
#3893 = ORIENTED_EDGE('',*,*,#3583,.F.);
#3894 = ORIENTED_EDGE('',*,*,#3895,.T.);
#3895 = EDGE_CURVE('',#3584,#3896,#3898,.T.);
#3896 = VERTEX_POINT('',#3897);
#3897 = CARTESIAN_POINT('',(38.5,2.2,0.));
#3898 = SURFACE_CURVE('',#3899,(#3903,#3910),.PCURVE_S1.);
#3899 = LINE('',#3900,#3901);
#3900 = CARTESIAN_POINT('',(38.5,-1.5,0.));
#3901 = VECTOR('',#3902,1.);
#3902 = DIRECTION('',(-0.,1.,0.));
#3903 = PCURVE('',#2635,#3904);
#3904 = DEFINITIONAL_REPRESENTATION('',(#3905),#3909);
#3905 = LINE('',#3906,#3907);
#3906 = CARTESIAN_POINT('',(5.,0.));
#3907 = VECTOR('',#3908,1.);
#3908 = DIRECTION('',(0.,-1.));
#3909 = ( GEOMETRIC_REPRESENTATION_CONTEXT(2) 
PARAMETRIC_REPRESENTATION_CONTEXT() REPRESENTATION_CONTEXT('2D SPACE',''
  ) );
#3910 = PCURVE('',#3622,#3911);
#3911 = DEFINITIONAL_REPRESENTATION('',(#3912),#3916);
#3912 = LINE('',#3913,#3914);
#3913 = CARTESIAN_POINT('',(3.7,0.));
#3914 = VECTOR('',#3915,1.);
#3915 = DIRECTION('',(0.,1.));
#3916 = ( GEOMETRIC_REPRESENTATION_CONTEXT(2) 
PARAMETRIC_REPRESENTATION_CONTEXT() REPRESENTATION_CONTEXT('2D SPACE',''
  ) );
#3917 = ORIENTED_EDGE('',*,*,#3918,.F.);
#3918 = EDGE_CURVE('',#3919,#3896,#3921,.T.);
#3919 = VERTEX_POINT('',#3920);
#3920 = CARTESIAN_POINT('',(38.5,2.2,-5.));
#3921 = SURFACE_CURVE('',#3922,(#3926,#3933),.PCURVE_S1.);
#3922 = LINE('',#3923,#3924);
#3923 = CARTESIAN_POINT('',(38.5,2.2,-5.));
#3924 = VECTOR('',#3925,1.);
#3925 = DIRECTION('',(0.,0.,1.));
#3926 = PCURVE('',#2635,#3927);
#3927 = DEFINITIONAL_REPRESENTATION('',(#3928),#3932);
#3928 = LINE('',#3929,#3930);
#3929 = CARTESIAN_POINT('',(0.,-3.7));
#3930 = VECTOR('',#3931,1.);
#3931 = DIRECTION('',(1.,0.));
#3932 = ( GEOMETRIC_REPRESENTATION_CONTEXT(2) 
PARAMETRIC_REPRESENTATION_CONTEXT() REPRESENTATION_CONTEXT('2D SPACE',''
  ) );
#3933 = PCURVE('',#3934,#3939);
#3934 = PLANE('',#3935);
#3935 = AXIS2_PLACEMENT_3D('',#3936,#3937,#3938);
#3936 = CARTESIAN_POINT('',(34.8,2.2,-5.));
#3937 = DIRECTION('',(-0.,1.,0.));
#3938 = DIRECTION('',(0.,0.,1.));
#3939 = DEFINITIONAL_REPRESENTATION('',(#3940),#3944);
#3940 = LINE('',#3941,#3942);
#3941 = CARTESIAN_POINT('',(0.,3.7));
#3942 = VECTOR('',#3943,1.);
#3943 = DIRECTION('',(1.,0.));
#3944 = ( GEOMETRIC_REPRESENTATION_CONTEXT(2) 
PARAMETRIC_REPRESENTATION_CONTEXT() REPRESENTATION_CONTEXT('2D SPACE',''
  ) );
#3945 = ORIENTED_EDGE('',*,*,#3946,.T.);
#3946 = EDGE_CURVE('',#3919,#3947,#3949,.T.);
#3947 = VERTEX_POINT('',#3948);
#3948 = CARTESIAN_POINT('',(38.5,34.8,-5.));
#3949 = SURFACE_CURVE('',#3950,(#3954,#3961),.PCURVE_S1.);
#3950 = LINE('',#3951,#3952);
#3951 = CARTESIAN_POINT('',(38.5,-1.5,-5.));
#3952 = VECTOR('',#3953,1.);
#3953 = DIRECTION('',(-0.,1.,0.));
#3954 = PCURVE('',#2635,#3955);
#3955 = DEFINITIONAL_REPRESENTATION('',(#3956),#3960);
#3956 = LINE('',#3957,#3958);
#3957 = CARTESIAN_POINT('',(0.,0.));
#3958 = VECTOR('',#3959,1.);
#3959 = DIRECTION('',(0.,-1.));
#3960 = ( GEOMETRIC_REPRESENTATION_CONTEXT(2) 
PARAMETRIC_REPRESENTATION_CONTEXT() REPRESENTATION_CONTEXT('2D SPACE',''
  ) );
#3961 = PCURVE('',#2901,#3962);
#3962 = DEFINITIONAL_REPRESENTATION('',(#3963),#3967);
#3963 = LINE('',#3964,#3965);
#3964 = CARTESIAN_POINT('',(37.5,7.4));
#3965 = VECTOR('',#3966,1.);
#3966 = DIRECTION('',(0.,1.));
#3967 = ( GEOMETRIC_REPRESENTATION_CONTEXT(2) 
PARAMETRIC_REPRESENTATION_CONTEXT() REPRESENTATION_CONTEXT('2D SPACE',''
  ) );
#3968 = ORIENTED_EDGE('',*,*,#3969,.T.);
#3969 = EDGE_CURVE('',#3947,#3970,#3972,.T.);
#3970 = VERTEX_POINT('',#3971);
#3971 = CARTESIAN_POINT('',(38.5,34.8,0.));
#3972 = SURFACE_CURVE('',#3973,(#3977,#3984),.PCURVE_S1.);
#3973 = LINE('',#3974,#3975);
#3974 = CARTESIAN_POINT('',(38.5,34.8,-5.));
#3975 = VECTOR('',#3976,1.);
#3976 = DIRECTION('',(0.,0.,1.));
#3977 = PCURVE('',#2635,#3978);
#3978 = DEFINITIONAL_REPRESENTATION('',(#3979),#3983);
#3979 = LINE('',#3980,#3981);
#3980 = CARTESIAN_POINT('',(0.,-36.3));
#3981 = VECTOR('',#3982,1.);
#3982 = DIRECTION('',(1.,0.));
#3983 = ( GEOMETRIC_REPRESENTATION_CONTEXT(2) 
PARAMETRIC_REPRESENTATION_CONTEXT() REPRESENTATION_CONTEXT('2D SPACE',''
  ) );
#3984 = PCURVE('',#3985,#3990);
#3985 = PLANE('',#3986);
#3986 = AXIS2_PLACEMENT_3D('',#3987,#3988,#3989);
#3987 = CARTESIAN_POINT('',(34.8,34.8,-5.));
#3988 = DIRECTION('',(-0.,1.,0.));
#3989 = DIRECTION('',(0.,0.,1.));
#3990 = DEFINITIONAL_REPRESENTATION('',(#3991),#3995);
#3991 = LINE('',#3992,#3993);
#3992 = CARTESIAN_POINT('',(0.,3.7));
#3993 = VECTOR('',#3994,1.);
#3994 = DIRECTION('',(1.,0.));
#3995 = ( GEOMETRIC_REPRESENTATION_CONTEXT(2) 
PARAMETRIC_REPRESENTATION_CONTEXT() REPRESENTATION_CONTEXT('2D SPACE',''
  ) );
#3996 = ORIENTED_EDGE('',*,*,#3997,.T.);
#3997 = EDGE_CURVE('',#3970,#3998,#4000,.T.);
#3998 = VERTEX_POINT('',#3999);
#3999 = CARTESIAN_POINT('',(38.5,38.5,0.));
#4000 = SURFACE_CURVE('',#4001,(#4005,#4012),.PCURVE_S1.);
#4001 = LINE('',#4002,#4003);
#4002 = CARTESIAN_POINT('',(38.5,34.8,0.));
#4003 = VECTOR('',#4004,1.);
#4004 = DIRECTION('',(-0.,1.,0.));
#4005 = PCURVE('',#2635,#4006);
#4006 = DEFINITIONAL_REPRESENTATION('',(#4007),#4011);
#4007 = LINE('',#4008,#4009);
#4008 = CARTESIAN_POINT('',(5.,-36.3));
#4009 = VECTOR('',#4010,1.);
#4010 = DIRECTION('',(0.,-1.));
#4011 = ( GEOMETRIC_REPRESENTATION_CONTEXT(2) 
PARAMETRIC_REPRESENTATION_CONTEXT() REPRESENTATION_CONTEXT('2D SPACE',''
  ) );
#4012 = PCURVE('',#4013,#4018);
#4013 = PLANE('',#4014);
#4014 = AXIS2_PLACEMENT_3D('',#4015,#4016,#4017);
#4015 = CARTESIAN_POINT('',(34.8,34.8,0.));
#4016 = DIRECTION('',(0.,0.,1.));
#4017 = DIRECTION('',(1.,0.,-0.));
#4018 = DEFINITIONAL_REPRESENTATION('',(#4019),#4023);
#4019 = LINE('',#4020,#4021);
#4020 = CARTESIAN_POINT('',(3.7,0.));
#4021 = VECTOR('',#4022,1.);
#4022 = DIRECTION('',(0.,1.));
#4023 = ( GEOMETRIC_REPRESENTATION_CONTEXT(2) 
PARAMETRIC_REPRESENTATION_CONTEXT() REPRESENTATION_CONTEXT('2D SPACE',''
  ) );
#4024 = ORIENTED_EDGE('',*,*,#4025,.T.);
#4025 = EDGE_CURVE('',#3998,#2597,#4026,.T.);
#4026 = SURFACE_CURVE('',#4027,(#4031,#4038),.PCURVE_S1.);
#4027 = LINE('',#4028,#4029);
#4028 = CARTESIAN_POINT('',(38.5,38.5,-5.));
#4029 = VECTOR('',#4030,1.);
#4030 = DIRECTION('',(0.,0.,1.));
#4031 = PCURVE('',#2635,#4032);
#4032 = DEFINITIONAL_REPRESENTATION('',(#4033),#4037);
#4033 = LINE('',#4034,#4035);
#4034 = CARTESIAN_POINT('',(0.,-40.));
#4035 = VECTOR('',#4036,1.);
#4036 = DIRECTION('',(1.,0.));
#4037 = ( GEOMETRIC_REPRESENTATION_CONTEXT(2) 
PARAMETRIC_REPRESENTATION_CONTEXT() REPRESENTATION_CONTEXT('2D SPACE',''
  ) );
#4038 = PCURVE('',#2611,#4039);
#4039 = DEFINITIONAL_REPRESENTATION('',(#4040),#4044);
#4040 = LINE('',#4041,#4042);
#4041 = CARTESIAN_POINT('',(0.,40.));
#4042 = VECTOR('',#4043,1.);
#4043 = DIRECTION('',(1.,0.));
#4044 = ( GEOMETRIC_REPRESENTATION_CONTEXT(2) 
PARAMETRIC_REPRESENTATION_CONTEXT() REPRESENTATION_CONTEXT('2D SPACE',''
  ) );
#4045 = ORIENTED_EDGE('',*,*,#2622,.F.);
#4046 = ADVANCED_FACE('',(#4047),#2611,.F.);
#4047 = FACE_BOUND('',#4048,.F.);
#4048 = EDGE_LOOP('',(#4049,#4050,#4073,#4101,#4124,#4152,#4180,#4201));
#4049 = ORIENTED_EDGE('',*,*,#4025,.F.);
#4050 = ORIENTED_EDGE('',*,*,#4051,.F.);
#4051 = EDGE_CURVE('',#4052,#3998,#4054,.T.);
#4052 = VERTEX_POINT('',#4053);
#4053 = CARTESIAN_POINT('',(34.8,38.5,0.));
#4054 = SURFACE_CURVE('',#4055,(#4059,#4066),.PCURVE_S1.);
#4055 = LINE('',#4056,#4057);
#4056 = CARTESIAN_POINT('',(34.8,38.5,0.));
#4057 = VECTOR('',#4058,1.);
#4058 = DIRECTION('',(1.,0.,-0.));
#4059 = PCURVE('',#2611,#4060);
#4060 = DEFINITIONAL_REPRESENTATION('',(#4061),#4065);
#4061 = LINE('',#4062,#4063);
#4062 = CARTESIAN_POINT('',(5.,36.3));
#4063 = VECTOR('',#4064,1.);
#4064 = DIRECTION('',(0.,1.));
#4065 = ( GEOMETRIC_REPRESENTATION_CONTEXT(2) 
PARAMETRIC_REPRESENTATION_CONTEXT() REPRESENTATION_CONTEXT('2D SPACE',''
  ) );
#4066 = PCURVE('',#4013,#4067);
#4067 = DEFINITIONAL_REPRESENTATION('',(#4068),#4072);
#4068 = LINE('',#4069,#4070);
#4069 = CARTESIAN_POINT('',(0.,3.7));
#4070 = VECTOR('',#4071,1.);
#4071 = DIRECTION('',(1.,0.));
#4072 = ( GEOMETRIC_REPRESENTATION_CONTEXT(2) 
PARAMETRIC_REPRESENTATION_CONTEXT() REPRESENTATION_CONTEXT('2D SPACE',''
  ) );
#4073 = ORIENTED_EDGE('',*,*,#4074,.F.);
#4074 = EDGE_CURVE('',#4075,#4052,#4077,.T.);
#4075 = VERTEX_POINT('',#4076);
#4076 = CARTESIAN_POINT('',(34.8,38.5,-5.));
#4077 = SURFACE_CURVE('',#4078,(#4082,#4089),.PCURVE_S1.);
#4078 = LINE('',#4079,#4080);
#4079 = CARTESIAN_POINT('',(34.8,38.5,-5.));
#4080 = VECTOR('',#4081,1.);
#4081 = DIRECTION('',(0.,0.,1.));
#4082 = PCURVE('',#2611,#4083);
#4083 = DEFINITIONAL_REPRESENTATION('',(#4084),#4088);
#4084 = LINE('',#4085,#4086);
#4085 = CARTESIAN_POINT('',(0.,36.3));
#4086 = VECTOR('',#4087,1.);
#4087 = DIRECTION('',(1.,0.));
#4088 = ( GEOMETRIC_REPRESENTATION_CONTEXT(2) 
PARAMETRIC_REPRESENTATION_CONTEXT() REPRESENTATION_CONTEXT('2D SPACE',''
  ) );
#4089 = PCURVE('',#4090,#4095);
#4090 = PLANE('',#4091);
#4091 = AXIS2_PLACEMENT_3D('',#4092,#4093,#4094);
#4092 = CARTESIAN_POINT('',(34.8,34.8,-5.));
#4093 = DIRECTION('',(1.,0.,-0.));
#4094 = DIRECTION('',(0.,0.,1.));
#4095 = DEFINITIONAL_REPRESENTATION('',(#4096),#4100);
#4096 = LINE('',#4097,#4098);
#4097 = CARTESIAN_POINT('',(0.,-3.7));
#4098 = VECTOR('',#4099,1.);
#4099 = DIRECTION('',(1.,0.));
#4100 = ( GEOMETRIC_REPRESENTATION_CONTEXT(2) 
PARAMETRIC_REPRESENTATION_CONTEXT() REPRESENTATION_CONTEXT('2D SPACE',''
  ) );
#4101 = ORIENTED_EDGE('',*,*,#4102,.F.);
#4102 = EDGE_CURVE('',#4103,#4075,#4105,.T.);
#4103 = VERTEX_POINT('',#4104);
#4104 = CARTESIAN_POINT('',(2.2,38.5,-5.));
#4105 = SURFACE_CURVE('',#4106,(#4110,#4117),.PCURVE_S1.);
#4106 = LINE('',#4107,#4108);
#4107 = CARTESIAN_POINT('',(-1.5,38.5,-5.));
#4108 = VECTOR('',#4109,1.);
#4109 = DIRECTION('',(1.,0.,-0.));
#4110 = PCURVE('',#2611,#4111);
#4111 = DEFINITIONAL_REPRESENTATION('',(#4112),#4116);
#4112 = LINE('',#4113,#4114);
#4113 = CARTESIAN_POINT('',(0.,0.));
#4114 = VECTOR('',#4115,1.);
#4115 = DIRECTION('',(0.,1.));
#4116 = ( GEOMETRIC_REPRESENTATION_CONTEXT(2) 
PARAMETRIC_REPRESENTATION_CONTEXT() REPRESENTATION_CONTEXT('2D SPACE',''
  ) );
#4117 = PCURVE('',#2901,#4118);
#4118 = DEFINITIONAL_REPRESENTATION('',(#4119),#4123);
#4119 = LINE('',#4120,#4121);
#4120 = CARTESIAN_POINT('',(-2.5,47.4));
#4121 = VECTOR('',#4122,1.);
#4122 = DIRECTION('',(1.,0.));
#4123 = ( GEOMETRIC_REPRESENTATION_CONTEXT(2) 
PARAMETRIC_REPRESENTATION_CONTEXT() REPRESENTATION_CONTEXT('2D SPACE',''
  ) );
#4124 = ORIENTED_EDGE('',*,*,#4125,.T.);
#4125 = EDGE_CURVE('',#4103,#4126,#4128,.T.);
#4126 = VERTEX_POINT('',#4127);
#4127 = CARTESIAN_POINT('',(2.2,38.5,0.));
#4128 = SURFACE_CURVE('',#4129,(#4133,#4140),.PCURVE_S1.);
#4129 = LINE('',#4130,#4131);
#4130 = CARTESIAN_POINT('',(2.2,38.5,-5.));
#4131 = VECTOR('',#4132,1.);
#4132 = DIRECTION('',(0.,0.,1.));
#4133 = PCURVE('',#2611,#4134);
#4134 = DEFINITIONAL_REPRESENTATION('',(#4135),#4139);
#4135 = LINE('',#4136,#4137);
#4136 = CARTESIAN_POINT('',(0.,3.7));
#4137 = VECTOR('',#4138,1.);
#4138 = DIRECTION('',(1.,0.));
#4139 = ( GEOMETRIC_REPRESENTATION_CONTEXT(2) 
PARAMETRIC_REPRESENTATION_CONTEXT() REPRESENTATION_CONTEXT('2D SPACE',''
  ) );
#4140 = PCURVE('',#4141,#4146);
#4141 = PLANE('',#4142);
#4142 = AXIS2_PLACEMENT_3D('',#4143,#4144,#4145);
#4143 = CARTESIAN_POINT('',(2.2,34.8,-5.));
#4144 = DIRECTION('',(1.,0.,-0.));
#4145 = DIRECTION('',(0.,0.,1.));
#4146 = DEFINITIONAL_REPRESENTATION('',(#4147),#4151);
#4147 = LINE('',#4148,#4149);
#4148 = CARTESIAN_POINT('',(0.,-3.7));
#4149 = VECTOR('',#4150,1.);
#4150 = DIRECTION('',(1.,0.));
#4151 = ( GEOMETRIC_REPRESENTATION_CONTEXT(2) 
PARAMETRIC_REPRESENTATION_CONTEXT() REPRESENTATION_CONTEXT('2D SPACE',''
  ) );
#4152 = ORIENTED_EDGE('',*,*,#4153,.F.);
#4153 = EDGE_CURVE('',#4154,#4126,#4156,.T.);
#4154 = VERTEX_POINT('',#4155);
#4155 = CARTESIAN_POINT('',(-1.5,38.5,0.));
#4156 = SURFACE_CURVE('',#4157,(#4161,#4168),.PCURVE_S1.);
#4157 = LINE('',#4158,#4159);
#4158 = CARTESIAN_POINT('',(-1.5,38.5,0.));
#4159 = VECTOR('',#4160,1.);
#4160 = DIRECTION('',(1.,0.,-0.));
#4161 = PCURVE('',#2611,#4162);
#4162 = DEFINITIONAL_REPRESENTATION('',(#4163),#4167);
#4163 = LINE('',#4164,#4165);
#4164 = CARTESIAN_POINT('',(5.,0.));
#4165 = VECTOR('',#4166,1.);
#4166 = DIRECTION('',(0.,1.));
#4167 = ( GEOMETRIC_REPRESENTATION_CONTEXT(2) 
PARAMETRIC_REPRESENTATION_CONTEXT() REPRESENTATION_CONTEXT('2D SPACE',''
  ) );
#4168 = PCURVE('',#4169,#4174);
#4169 = PLANE('',#4170);
#4170 = AXIS2_PLACEMENT_3D('',#4171,#4172,#4173);
#4171 = CARTESIAN_POINT('',(-1.5,34.8,0.));
#4172 = DIRECTION('',(0.,0.,1.));
#4173 = DIRECTION('',(1.,0.,-0.));
#4174 = DEFINITIONAL_REPRESENTATION('',(#4175),#4179);
#4175 = LINE('',#4176,#4177);
#4176 = CARTESIAN_POINT('',(0.,3.7));
#4177 = VECTOR('',#4178,1.);
#4178 = DIRECTION('',(1.,0.));
#4179 = ( GEOMETRIC_REPRESENTATION_CONTEXT(2) 
PARAMETRIC_REPRESENTATION_CONTEXT() REPRESENTATION_CONTEXT('2D SPACE',''
  ) );
#4180 = ORIENTED_EDGE('',*,*,#4181,.T.);
#4181 = EDGE_CURVE('',#4154,#2571,#4182,.T.);
#4182 = SURFACE_CURVE('',#4183,(#4187,#4194),.PCURVE_S1.);
#4183 = LINE('',#4184,#4185);
#4184 = CARTESIAN_POINT('',(-1.5,38.5,-5.));
#4185 = VECTOR('',#4186,1.);
#4186 = DIRECTION('',(0.,0.,1.));
#4187 = PCURVE('',#2611,#4188);
#4188 = DEFINITIONAL_REPRESENTATION('',(#4189),#4193);
#4189 = LINE('',#4190,#4191);
#4190 = CARTESIAN_POINT('',(0.,0.));
#4191 = VECTOR('',#4192,1.);
#4192 = DIRECTION('',(1.,0.));
#4193 = ( GEOMETRIC_REPRESENTATION_CONTEXT(2) 
PARAMETRIC_REPRESENTATION_CONTEXT() REPRESENTATION_CONTEXT('2D SPACE',''
  ) );
#4194 = PCURVE('',#2585,#4195);
#4195 = DEFINITIONAL_REPRESENTATION('',(#4196),#4200);
#4196 = LINE('',#4197,#4198);
#4197 = CARTESIAN_POINT('',(0.,-40.));
#4198 = VECTOR('',#4199,1.);
#4199 = DIRECTION('',(1.,0.));
#4200 = ( GEOMETRIC_REPRESENTATION_CONTEXT(2) 
PARAMETRIC_REPRESENTATION_CONTEXT() REPRESENTATION_CONTEXT('2D SPACE',''
  ) );
#4201 = ORIENTED_EDGE('',*,*,#2596,.F.);
#4202 = ADVANCED_FACE('',(#4203),#2585,.T.);
#4203 = FACE_BOUND('',#4204,.T.);
#4204 = EDGE_LOOP('',(#4205,#4206,#4229,#4257,#4280,#4308,#4329,#4330));
#4205 = ORIENTED_EDGE('',*,*,#3869,.F.);
#4206 = ORIENTED_EDGE('',*,*,#4207,.T.);
#4207 = EDGE_CURVE('',#3842,#4208,#4210,.T.);
#4208 = VERTEX_POINT('',#4209);
#4209 = CARTESIAN_POINT('',(-1.5,2.2,0.));
#4210 = SURFACE_CURVE('',#4211,(#4215,#4222),.PCURVE_S1.);
#4211 = LINE('',#4212,#4213);
#4212 = CARTESIAN_POINT('',(-1.5,-1.5,0.));
#4213 = VECTOR('',#4214,1.);
#4214 = DIRECTION('',(-0.,1.,0.));
#4215 = PCURVE('',#2585,#4216);
#4216 = DEFINITIONAL_REPRESENTATION('',(#4217),#4221);
#4217 = LINE('',#4218,#4219);
#4218 = CARTESIAN_POINT('',(5.,0.));
#4219 = VECTOR('',#4220,1.);
#4220 = DIRECTION('',(0.,-1.));
#4221 = ( GEOMETRIC_REPRESENTATION_CONTEXT(2) 
PARAMETRIC_REPRESENTATION_CONTEXT() REPRESENTATION_CONTEXT('2D SPACE',''
  ) );
#4222 = PCURVE('',#3857,#4223);
#4223 = DEFINITIONAL_REPRESENTATION('',(#4224),#4228);
#4224 = LINE('',#4225,#4226);
#4225 = CARTESIAN_POINT('',(0.,0.));
#4226 = VECTOR('',#4227,1.);
#4227 = DIRECTION('',(0.,1.));
#4228 = ( GEOMETRIC_REPRESENTATION_CONTEXT(2) 
PARAMETRIC_REPRESENTATION_CONTEXT() REPRESENTATION_CONTEXT('2D SPACE',''
  ) );
#4229 = ORIENTED_EDGE('',*,*,#4230,.F.);
#4230 = EDGE_CURVE('',#4231,#4208,#4233,.T.);
#4231 = VERTEX_POINT('',#4232);
#4232 = CARTESIAN_POINT('',(-1.5,2.2,-5.));
#4233 = SURFACE_CURVE('',#4234,(#4238,#4245),.PCURVE_S1.);
#4234 = LINE('',#4235,#4236);
#4235 = CARTESIAN_POINT('',(-1.5,2.2,-5.));
#4236 = VECTOR('',#4237,1.);
#4237 = DIRECTION('',(0.,0.,1.));
#4238 = PCURVE('',#2585,#4239);
#4239 = DEFINITIONAL_REPRESENTATION('',(#4240),#4244);
#4240 = LINE('',#4241,#4242);
#4241 = CARTESIAN_POINT('',(0.,-3.7));
#4242 = VECTOR('',#4243,1.);
#4243 = DIRECTION('',(1.,0.));
#4244 = ( GEOMETRIC_REPRESENTATION_CONTEXT(2) 
PARAMETRIC_REPRESENTATION_CONTEXT() REPRESENTATION_CONTEXT('2D SPACE',''
  ) );
#4245 = PCURVE('',#4246,#4251);
#4246 = PLANE('',#4247);
#4247 = AXIS2_PLACEMENT_3D('',#4248,#4249,#4250);
#4248 = CARTESIAN_POINT('',(-1.5,2.2,-5.));
#4249 = DIRECTION('',(-0.,1.,0.));
#4250 = DIRECTION('',(0.,0.,1.));
#4251 = DEFINITIONAL_REPRESENTATION('',(#4252),#4256);
#4252 = LINE('',#4253,#4254);
#4253 = CARTESIAN_POINT('',(0.,0.));
#4254 = VECTOR('',#4255,1.);
#4255 = DIRECTION('',(1.,0.));
#4256 = ( GEOMETRIC_REPRESENTATION_CONTEXT(2) 
PARAMETRIC_REPRESENTATION_CONTEXT() REPRESENTATION_CONTEXT('2D SPACE',''
  ) );
#4257 = ORIENTED_EDGE('',*,*,#4258,.T.);
#4258 = EDGE_CURVE('',#4231,#4259,#4261,.T.);
#4259 = VERTEX_POINT('',#4260);
#4260 = CARTESIAN_POINT('',(-1.5,34.8,-5.));
#4261 = SURFACE_CURVE('',#4262,(#4266,#4273),.PCURVE_S1.);
#4262 = LINE('',#4263,#4264);
#4263 = CARTESIAN_POINT('',(-1.5,-1.5,-5.));
#4264 = VECTOR('',#4265,1.);
#4265 = DIRECTION('',(-0.,1.,0.));
#4266 = PCURVE('',#2585,#4267);
#4267 = DEFINITIONAL_REPRESENTATION('',(#4268),#4272);
#4268 = LINE('',#4269,#4270);
#4269 = CARTESIAN_POINT('',(0.,0.));
#4270 = VECTOR('',#4271,1.);
#4271 = DIRECTION('',(0.,-1.));
#4272 = ( GEOMETRIC_REPRESENTATION_CONTEXT(2) 
PARAMETRIC_REPRESENTATION_CONTEXT() REPRESENTATION_CONTEXT('2D SPACE',''
  ) );
#4273 = PCURVE('',#2901,#4274);
#4274 = DEFINITIONAL_REPRESENTATION('',(#4275),#4279);
#4275 = LINE('',#4276,#4277);
#4276 = CARTESIAN_POINT('',(-2.5,7.4));
#4277 = VECTOR('',#4278,1.);
#4278 = DIRECTION('',(0.,1.));
#4279 = ( GEOMETRIC_REPRESENTATION_CONTEXT(2) 
PARAMETRIC_REPRESENTATION_CONTEXT() REPRESENTATION_CONTEXT('2D SPACE',''
  ) );
#4280 = ORIENTED_EDGE('',*,*,#4281,.T.);
#4281 = EDGE_CURVE('',#4259,#4282,#4284,.T.);
#4282 = VERTEX_POINT('',#4283);
#4283 = CARTESIAN_POINT('',(-1.5,34.8,0.));
#4284 = SURFACE_CURVE('',#4285,(#4289,#4296),.PCURVE_S1.);
#4285 = LINE('',#4286,#4287);
#4286 = CARTESIAN_POINT('',(-1.5,34.8,-5.));
#4287 = VECTOR('',#4288,1.);
#4288 = DIRECTION('',(0.,0.,1.));
#4289 = PCURVE('',#2585,#4290);
#4290 = DEFINITIONAL_REPRESENTATION('',(#4291),#4295);
#4291 = LINE('',#4292,#4293);
#4292 = CARTESIAN_POINT('',(0.,-36.3));
#4293 = VECTOR('',#4294,1.);
#4294 = DIRECTION('',(1.,0.));
#4295 = ( GEOMETRIC_REPRESENTATION_CONTEXT(2) 
PARAMETRIC_REPRESENTATION_CONTEXT() REPRESENTATION_CONTEXT('2D SPACE',''
  ) );
#4296 = PCURVE('',#4297,#4302);
#4297 = PLANE('',#4298);
#4298 = AXIS2_PLACEMENT_3D('',#4299,#4300,#4301);
#4299 = CARTESIAN_POINT('',(-1.5,34.8,-5.));
#4300 = DIRECTION('',(-0.,1.,0.));
#4301 = DIRECTION('',(0.,0.,1.));
#4302 = DEFINITIONAL_REPRESENTATION('',(#4303),#4307);
#4303 = LINE('',#4304,#4305);
#4304 = CARTESIAN_POINT('',(0.,0.));
#4305 = VECTOR('',#4306,1.);
#4306 = DIRECTION('',(1.,0.));
#4307 = ( GEOMETRIC_REPRESENTATION_CONTEXT(2) 
PARAMETRIC_REPRESENTATION_CONTEXT() REPRESENTATION_CONTEXT('2D SPACE',''
  ) );
#4308 = ORIENTED_EDGE('',*,*,#4309,.T.);
#4309 = EDGE_CURVE('',#4282,#4154,#4310,.T.);
#4310 = SURFACE_CURVE('',#4311,(#4315,#4322),.PCURVE_S1.);
#4311 = LINE('',#4312,#4313);
#4312 = CARTESIAN_POINT('',(-1.5,34.8,0.));
#4313 = VECTOR('',#4314,1.);
#4314 = DIRECTION('',(-0.,1.,0.));
#4315 = PCURVE('',#2585,#4316);
#4316 = DEFINITIONAL_REPRESENTATION('',(#4317),#4321);
#4317 = LINE('',#4318,#4319);
#4318 = CARTESIAN_POINT('',(5.,-36.3));
#4319 = VECTOR('',#4320,1.);
#4320 = DIRECTION('',(0.,-1.));
#4321 = ( GEOMETRIC_REPRESENTATION_CONTEXT(2) 
PARAMETRIC_REPRESENTATION_CONTEXT() REPRESENTATION_CONTEXT('2D SPACE',''
  ) );
#4322 = PCURVE('',#4169,#4323);
#4323 = DEFINITIONAL_REPRESENTATION('',(#4324),#4328);
#4324 = LINE('',#4325,#4326);
#4325 = CARTESIAN_POINT('',(0.,0.));
#4326 = VECTOR('',#4327,1.);
#4327 = DIRECTION('',(0.,1.));
#4328 = ( GEOMETRIC_REPRESENTATION_CONTEXT(2) 
PARAMETRIC_REPRESENTATION_CONTEXT() REPRESENTATION_CONTEXT('2D SPACE',''
  ) );
#4329 = ORIENTED_EDGE('',*,*,#4181,.T.);
#4330 = ORIENTED_EDGE('',*,*,#2570,.F.);
#4331 = ADVANCED_FACE('',(#4332),#2810,.F.);
#4332 = FACE_BOUND('',#4333,.F.);
#4333 = EDGE_LOOP('',(#4334,#4335,#4336,#4337));
#4334 = ORIENTED_EDGE('',*,*,#2798,.F.);
#4335 = ORIENTED_EDGE('',*,*,#3184,.T.);
#4336 = ORIENTED_EDGE('',*,*,#3208,.T.);
#4337 = ORIENTED_EDGE('',*,*,#3337,.F.);
#4338 = ADVANCED_FACE('',(#4339),#2875,.T.);
#4339 = FACE_BOUND('',#4340,.T.);
#4340 = EDGE_LOOP('',(#4341,#4364,#4365,#4388));
#4341 = ORIENTED_EDGE('',*,*,#4342,.F.);
#4342 = EDGE_CURVE('',#2861,#4343,#4345,.T.);
#4343 = VERTEX_POINT('',#4344);
#4344 = CARTESIAN_POINT('',(1.,-0.5,-1.));
#4345 = SURFACE_CURVE('',#4346,(#4350,#4357),.PCURVE_S1.);
#4346 = LINE('',#4347,#4348);
#4347 = CARTESIAN_POINT('',(1.,-8.9,-1.));
#4348 = VECTOR('',#4349,1.);
#4349 = DIRECTION('',(-0.,1.,0.));
#4350 = PCURVE('',#2875,#4351);
#4351 = DEFINITIONAL_REPRESENTATION('',(#4352),#4356);
#4352 = LINE('',#4353,#4354);
#4353 = CARTESIAN_POINT('',(4.,0.));
#4354 = VECTOR('',#4355,1.);
#4355 = DIRECTION('',(0.,-1.));
#4356 = ( GEOMETRIC_REPRESENTATION_CONTEXT(2) 
PARAMETRIC_REPRESENTATION_CONTEXT() REPRESENTATION_CONTEXT('2D SPACE',''
  ) );
#4357 = PCURVE('',#2951,#4358);
#4358 = DEFINITIONAL_REPRESENTATION('',(#4359),#4363);
#4359 = LINE('',#4360,#4361);
#4360 = CARTESIAN_POINT('',(0.,0.));
#4361 = VECTOR('',#4362,1.);
#4362 = DIRECTION('',(0.,1.));
#4363 = ( GEOMETRIC_REPRESENTATION_CONTEXT(2) 
PARAMETRIC_REPRESENTATION_CONTEXT() REPRESENTATION_CONTEXT('2D SPACE',''
  ) );
#4364 = ORIENTED_EDGE('',*,*,#2858,.F.);
#4365 = ORIENTED_EDGE('',*,*,#4366,.T.);
#4366 = EDGE_CURVE('',#2859,#4367,#4369,.T.);
#4367 = VERTEX_POINT('',#4368);
#4368 = CARTESIAN_POINT('',(1.,-0.5,-5.));
#4369 = SURFACE_CURVE('',#4370,(#4374,#4381),.PCURVE_S1.);
#4370 = LINE('',#4371,#4372);
#4371 = CARTESIAN_POINT('',(1.,-8.9,-5.));
#4372 = VECTOR('',#4373,1.);
#4373 = DIRECTION('',(-0.,1.,0.));
#4374 = PCURVE('',#2875,#4375);
#4375 = DEFINITIONAL_REPRESENTATION('',(#4376),#4380);
#4376 = LINE('',#4377,#4378);
#4377 = CARTESIAN_POINT('',(0.,0.));
#4378 = VECTOR('',#4379,1.);
#4379 = DIRECTION('',(0.,-1.));
#4380 = ( GEOMETRIC_REPRESENTATION_CONTEXT(2) 
PARAMETRIC_REPRESENTATION_CONTEXT() REPRESENTATION_CONTEXT('2D SPACE',''
  ) );
#4381 = PCURVE('',#2901,#4382);
#4382 = DEFINITIONAL_REPRESENTATION('',(#4383),#4387);
#4383 = LINE('',#4384,#4385);
#4384 = CARTESIAN_POINT('',(0.,0.));
#4385 = VECTOR('',#4386,1.);
#4386 = DIRECTION('',(0.,1.));
#4387 = ( GEOMETRIC_REPRESENTATION_CONTEXT(2) 
PARAMETRIC_REPRESENTATION_CONTEXT() REPRESENTATION_CONTEXT('2D SPACE',''
  ) );
#4388 = ORIENTED_EDGE('',*,*,#4389,.T.);
#4389 = EDGE_CURVE('',#4367,#4343,#4390,.T.);
#4390 = SURFACE_CURVE('',#4391,(#4395,#4402),.PCURVE_S1.);
#4391 = LINE('',#4392,#4393);
#4392 = CARTESIAN_POINT('',(1.,-0.5,-5.));
#4393 = VECTOR('',#4394,1.);
#4394 = DIRECTION('',(0.,0.,1.));
#4395 = PCURVE('',#2875,#4396);
#4396 = DEFINITIONAL_REPRESENTATION('',(#4397),#4401);
#4397 = LINE('',#4398,#4399);
#4398 = CARTESIAN_POINT('',(0.,-8.4));
#4399 = VECTOR('',#4400,1.);
#4400 = DIRECTION('',(1.,0.));
#4401 = ( GEOMETRIC_REPRESENTATION_CONTEXT(2) 
PARAMETRIC_REPRESENTATION_CONTEXT() REPRESENTATION_CONTEXT('2D SPACE',''
  ) );
#4402 = PCURVE('',#4403,#4408);
#4403 = PLANE('',#4404);
#4404 = AXIS2_PLACEMENT_3D('',#4405,#4406,#4407);
#4405 = CARTESIAN_POINT('',(1.,-0.5,-5.));
#4406 = DIRECTION('',(-0.,1.,0.));
#4407 = DIRECTION('',(0.,0.,1.));
#4408 = DEFINITIONAL_REPRESENTATION('',(#4409),#4413);
#4409 = LINE('',#4410,#4411);
#4410 = CARTESIAN_POINT('',(0.,0.));
#4411 = VECTOR('',#4412,1.);
#4412 = DIRECTION('',(1.,0.));
#4413 = ( GEOMETRIC_REPRESENTATION_CONTEXT(2) 
PARAMETRIC_REPRESENTATION_CONTEXT() REPRESENTATION_CONTEXT('2D SPACE',''
  ) );
#4414 = ADVANCED_FACE('',(#4415),#2951,.F.);
#4415 = FACE_BOUND('',#4416,.F.);
#4416 = EDGE_LOOP('',(#4417,#4418,#4419,#4440,#4441,#4462));
#4417 = ORIENTED_EDGE('',*,*,#4342,.F.);
#4418 = ORIENTED_EDGE('',*,*,#2938,.F.);
#4419 = ORIENTED_EDGE('',*,*,#4420,.T.);
#4420 = EDGE_CURVE('',#2913,#3772,#4421,.T.);
#4421 = SURFACE_CURVE('',#4422,(#4426,#4433),.PCURVE_S1.);
#4422 = LINE('',#4423,#4424);
#4423 = CARTESIAN_POINT('',(11.,-8.9,-1.));
#4424 = VECTOR('',#4425,1.);
#4425 = DIRECTION('',(-0.,1.,0.));
#4426 = PCURVE('',#2951,#4427);
#4427 = DEFINITIONAL_REPRESENTATION('',(#4428),#4432);
#4428 = LINE('',#4429,#4430);
#4429 = CARTESIAN_POINT('',(10.,0.));
#4430 = VECTOR('',#4431,1.);
#4431 = DIRECTION('',(0.,1.));
#4432 = ( GEOMETRIC_REPRESENTATION_CONTEXT(2) 
PARAMETRIC_REPRESENTATION_CONTEXT() REPRESENTATION_CONTEXT('2D SPACE',''
  ) );
#4433 = PCURVE('',#2927,#4434);
#4434 = DEFINITIONAL_REPRESENTATION('',(#4435),#4439);
#4435 = LINE('',#4436,#4437);
#4436 = CARTESIAN_POINT('',(4.,0.));
#4437 = VECTOR('',#4438,1.);
#4438 = DIRECTION('',(0.,-1.));
#4439 = ( GEOMETRIC_REPRESENTATION_CONTEXT(2) 
PARAMETRIC_REPRESENTATION_CONTEXT() REPRESENTATION_CONTEXT('2D SPACE',''
  ) );
#4440 = ORIENTED_EDGE('',*,*,#3792,.F.);
#4441 = ORIENTED_EDGE('',*,*,#4442,.F.);
#4442 = EDGE_CURVE('',#4443,#3793,#4445,.T.);
#4443 = VERTEX_POINT('',#4444);
#4444 = CARTESIAN_POINT('',(2.2,-0.5,-1.));
#4445 = SURFACE_CURVE('',#4446,(#4450,#4456),.PCURVE_S1.);
#4446 = LINE('',#4447,#4448);
#4447 = CARTESIAN_POINT('',(2.2,-5.2,-1.));
#4448 = VECTOR('',#4449,1.);
#4449 = DIRECTION('',(0.,-1.,0.));
#4450 = PCURVE('',#2951,#4451);
#4451 = DEFINITIONAL_REPRESENTATION('',(#4452),#4455);
#4452 = B_SPLINE_CURVE_WITH_KNOTS('',1,(#4453,#4454),.UNSPECIFIED.,.F.,
  .F.,(2,2),(-4.7,-3.7),.PIECEWISE_BEZIER_KNOTS.);
#4453 = CARTESIAN_POINT('',(1.2,8.4));
#4454 = CARTESIAN_POINT('',(1.2,7.4));
#4455 = ( GEOMETRIC_REPRESENTATION_CONTEXT(2) 
PARAMETRIC_REPRESENTATION_CONTEXT() REPRESENTATION_CONTEXT('2D SPACE',''
  ) );
#4456 = PCURVE('',#3829,#4457);
#4457 = DEFINITIONAL_REPRESENTATION('',(#4458),#4461);
#4458 = B_SPLINE_CURVE_WITH_KNOTS('',1,(#4459,#4460),.UNSPECIFIED.,.F.,
  .F.,(2,2),(-4.7,-3.7),.PIECEWISE_BEZIER_KNOTS.);
#4459 = CARTESIAN_POINT('',(4.,-1.));
#4460 = CARTESIAN_POINT('',(4.,0.));
#4461 = ( GEOMETRIC_REPRESENTATION_CONTEXT(2) 
PARAMETRIC_REPRESENTATION_CONTEXT() REPRESENTATION_CONTEXT('2D SPACE',''
  ) );
#4462 = ORIENTED_EDGE('',*,*,#4463,.F.);
#4463 = EDGE_CURVE('',#4343,#4443,#4464,.T.);
#4464 = SURFACE_CURVE('',#4465,(#4469,#4476),.PCURVE_S1.);
#4465 = LINE('',#4466,#4467);
#4466 = CARTESIAN_POINT('',(1.,-0.5,-1.));
#4467 = VECTOR('',#4468,1.);
#4468 = DIRECTION('',(1.,0.,-0.));
#4469 = PCURVE('',#2951,#4470);
#4470 = DEFINITIONAL_REPRESENTATION('',(#4471),#4475);
#4471 = LINE('',#4472,#4473);
#4472 = CARTESIAN_POINT('',(0.,8.4));
#4473 = VECTOR('',#4474,1.);
#4474 = DIRECTION('',(1.,0.));
#4475 = ( GEOMETRIC_REPRESENTATION_CONTEXT(2) 
PARAMETRIC_REPRESENTATION_CONTEXT() REPRESENTATION_CONTEXT('2D SPACE',''
  ) );
#4476 = PCURVE('',#4403,#4477);
#4477 = DEFINITIONAL_REPRESENTATION('',(#4478),#4482);
#4478 = LINE('',#4479,#4480);
#4479 = CARTESIAN_POINT('',(4.,0.));
#4480 = VECTOR('',#4481,1.);
#4481 = DIRECTION('',(0.,1.));
#4482 = ( GEOMETRIC_REPRESENTATION_CONTEXT(2) 
PARAMETRIC_REPRESENTATION_CONTEXT() REPRESENTATION_CONTEXT('2D SPACE',''
  ) );
#4483 = ADVANCED_FACE('',(#4484),#2927,.F.);
#4484 = FACE_BOUND('',#4485,.F.);
#4485 = EDGE_LOOP('',(#4486,#4487,#4488,#4509));
#4486 = ORIENTED_EDGE('',*,*,#4420,.F.);
#4487 = ORIENTED_EDGE('',*,*,#2912,.F.);
#4488 = ORIENTED_EDGE('',*,*,#4489,.T.);
#4489 = EDGE_CURVE('',#2887,#3749,#4490,.T.);
#4490 = SURFACE_CURVE('',#4491,(#4495,#4502),.PCURVE_S1.);
#4491 = LINE('',#4492,#4493);
#4492 = CARTESIAN_POINT('',(11.,-8.9,-5.));
#4493 = VECTOR('',#4494,1.);
#4494 = DIRECTION('',(-0.,1.,0.));
#4495 = PCURVE('',#2927,#4496);
#4496 = DEFINITIONAL_REPRESENTATION('',(#4497),#4501);
#4497 = LINE('',#4498,#4499);
#4498 = CARTESIAN_POINT('',(0.,0.));
#4499 = VECTOR('',#4500,1.);
#4500 = DIRECTION('',(0.,-1.));
#4501 = ( GEOMETRIC_REPRESENTATION_CONTEXT(2) 
PARAMETRIC_REPRESENTATION_CONTEXT() REPRESENTATION_CONTEXT('2D SPACE',''
  ) );
#4502 = PCURVE('',#2901,#4503);
#4503 = DEFINITIONAL_REPRESENTATION('',(#4504),#4508);
#4504 = LINE('',#4505,#4506);
#4505 = CARTESIAN_POINT('',(10.,0.));
#4506 = VECTOR('',#4507,1.);
#4507 = DIRECTION('',(0.,1.));
#4508 = ( GEOMETRIC_REPRESENTATION_CONTEXT(2) 
PARAMETRIC_REPRESENTATION_CONTEXT() REPRESENTATION_CONTEXT('2D SPACE',''
  ) );
#4509 = ORIENTED_EDGE('',*,*,#3771,.F.);
#4510 = ADVANCED_FACE('',(#4511),#2901,.T.);
#4511 = FACE_BOUND('',#4512,.T.);
#4512 = EDGE_LOOP('',(#4513,#4514,#4515,#4516,#4517,#4538,#4539,#4560,
    #4561,#4584,#4613,#4634,#4635,#4658,#4687,#4708,#4709,#4732,#4765,
    #4786,#4787,#4810,#4843,#4866));
#4513 = ORIENTED_EDGE('',*,*,#4366,.F.);
#4514 = ORIENTED_EDGE('',*,*,#2886,.F.);
#4515 = ORIENTED_EDGE('',*,*,#4489,.T.);
#4516 = ORIENTED_EDGE('',*,*,#3748,.T.);
#4517 = ORIENTED_EDGE('',*,*,#4518,.F.);
#4518 = EDGE_CURVE('',#3059,#3728,#4519,.T.);
#4519 = SURFACE_CURVE('',#4520,(#4524,#4531),.PCURVE_S1.);
#4520 = LINE('',#4521,#4522);
#4521 = CARTESIAN_POINT('',(12.,-8.9,-5.));
#4522 = VECTOR('',#4523,1.);
#4523 = DIRECTION('',(-0.,1.,0.));
#4524 = PCURVE('',#2901,#4525);
#4525 = DEFINITIONAL_REPRESENTATION('',(#4526),#4530);
#4526 = LINE('',#4527,#4528);
#4527 = CARTESIAN_POINT('',(11.,0.));
#4528 = VECTOR('',#4529,1.);
#4529 = DIRECTION('',(0.,1.));
#4530 = ( GEOMETRIC_REPRESENTATION_CONTEXT(2) 
PARAMETRIC_REPRESENTATION_CONTEXT() REPRESENTATION_CONTEXT('2D SPACE',''
  ) );
#4531 = PCURVE('',#3075,#4532);
#4532 = DEFINITIONAL_REPRESENTATION('',(#4533),#4537);
#4533 = LINE('',#4534,#4535);
#4534 = CARTESIAN_POINT('',(0.,0.));
#4535 = VECTOR('',#4536,1.);
#4536 = DIRECTION('',(0.,-1.));
#4537 = ( GEOMETRIC_REPRESENTATION_CONTEXT(2) 
PARAMETRIC_REPRESENTATION_CONTEXT() REPRESENTATION_CONTEXT('2D SPACE',''
  ) );
#4538 = ORIENTED_EDGE('',*,*,#3086,.F.);
#4539 = ORIENTED_EDGE('',*,*,#4540,.T.);
#4540 = EDGE_CURVE('',#3087,#3663,#4541,.T.);
#4541 = SURFACE_CURVE('',#4542,(#4546,#4553),.PCURVE_S1.);
#4542 = LINE('',#4543,#4544);
#4543 = CARTESIAN_POINT('',(25.,-8.9,-5.));
#4544 = VECTOR('',#4545,1.);
#4545 = DIRECTION('',(-0.,1.,0.));
#4546 = PCURVE('',#2901,#4547);
#4547 = DEFINITIONAL_REPRESENTATION('',(#4548),#4552);
#4548 = LINE('',#4549,#4550);
#4549 = CARTESIAN_POINT('',(24.,0.));
#4550 = VECTOR('',#4551,1.);
#4551 = DIRECTION('',(0.,1.));
#4552 = ( GEOMETRIC_REPRESENTATION_CONTEXT(2) 
PARAMETRIC_REPRESENTATION_CONTEXT() REPRESENTATION_CONTEXT('2D SPACE',''
  ) );
#4553 = PCURVE('',#3123,#4554);
#4554 = DEFINITIONAL_REPRESENTATION('',(#4555),#4559);
#4555 = LINE('',#4556,#4557);
#4556 = CARTESIAN_POINT('',(0.,0.));
#4557 = VECTOR('',#4558,1.);
#4558 = DIRECTION('',(0.,-1.));
#4559 = ( GEOMETRIC_REPRESENTATION_CONTEXT(2) 
PARAMETRIC_REPRESENTATION_CONTEXT() REPRESENTATION_CONTEXT('2D SPACE',''
  ) );
#4560 = ORIENTED_EDGE('',*,*,#3662,.T.);
#4561 = ORIENTED_EDGE('',*,*,#4562,.T.);
#4562 = EDGE_CURVE('',#3635,#4563,#4565,.T.);
#4563 = VERTEX_POINT('',#4564);
#4564 = CARTESIAN_POINT('',(34.8,-0.3,-5.));
#4565 = SURFACE_CURVE('',#4566,(#4570,#4577),.PCURVE_S1.);
#4566 = LINE('',#4567,#4568);
#4567 = CARTESIAN_POINT('',(34.8,-1.5,-5.));
#4568 = VECTOR('',#4569,1.);
#4569 = DIRECTION('',(-0.,1.,0.));
#4570 = PCURVE('',#2901,#4571);
#4571 = DEFINITIONAL_REPRESENTATION('',(#4572),#4576);
#4572 = LINE('',#4573,#4574);
#4573 = CARTESIAN_POINT('',(33.8,7.4));
#4574 = VECTOR('',#4575,1.);
#4575 = DIRECTION('',(0.,1.));
#4576 = ( GEOMETRIC_REPRESENTATION_CONTEXT(2) 
PARAMETRIC_REPRESENTATION_CONTEXT() REPRESENTATION_CONTEXT('2D SPACE',''
  ) );
#4577 = PCURVE('',#3650,#4578);
#4578 = DEFINITIONAL_REPRESENTATION('',(#4579),#4583);
#4579 = LINE('',#4580,#4581);
#4580 = CARTESIAN_POINT('',(0.,0.));
#4581 = VECTOR('',#4582,1.);
#4582 = DIRECTION('',(0.,-1.));
#4583 = ( GEOMETRIC_REPRESENTATION_CONTEXT(2) 
PARAMETRIC_REPRESENTATION_CONTEXT() REPRESENTATION_CONTEXT('2D SPACE',''
  ) );
#4584 = ORIENTED_EDGE('',*,*,#4585,.F.);
#4585 = EDGE_CURVE('',#4586,#4563,#4588,.T.);
#4586 = VERTEX_POINT('',#4587);
#4587 = CARTESIAN_POINT('',(37.3,2.2,-5.));
#4588 = SURFACE_CURVE('',#4589,(#4594,#4601),.PCURVE_S1.);
#4589 = CIRCLE('',#4590,2.5);
#4590 = AXIS2_PLACEMENT_3D('',#4591,#4592,#4593);
#4591 = CARTESIAN_POINT('',(34.8,2.2,-5.));
#4592 = DIRECTION('',(0.,0.,1.));
#4593 = DIRECTION('',(1.,0.,-0.));
#4594 = PCURVE('',#2901,#4595);
#4595 = DEFINITIONAL_REPRESENTATION('',(#4596),#4600);
#4596 = CIRCLE('',#4597,2.5);
#4597 = AXIS2_PLACEMENT_2D('',#4598,#4599);
#4598 = CARTESIAN_POINT('',(33.8,11.1));
#4599 = DIRECTION('',(1.,0.));
#4600 = ( GEOMETRIC_REPRESENTATION_CONTEXT(2) 
PARAMETRIC_REPRESENTATION_CONTEXT() REPRESENTATION_CONTEXT('2D SPACE',''
  ) );
#4601 = PCURVE('',#4602,#4607);
#4602 = CYLINDRICAL_SURFACE('',#4603,2.5);
#4603 = AXIS2_PLACEMENT_3D('',#4604,#4605,#4606);
#4604 = CARTESIAN_POINT('',(34.8,2.2,-5.));
#4605 = DIRECTION('',(0.,0.,1.));
#4606 = DIRECTION('',(1.,0.,-0.));
#4607 = DEFINITIONAL_REPRESENTATION('',(#4608),#4612);
#4608 = LINE('',#4609,#4610);
#4609 = CARTESIAN_POINT('',(0.,0.));
#4610 = VECTOR('',#4611,1.);
#4611 = DIRECTION('',(1.,0.));
#4612 = ( GEOMETRIC_REPRESENTATION_CONTEXT(2) 
PARAMETRIC_REPRESENTATION_CONTEXT() REPRESENTATION_CONTEXT('2D SPACE',''
  ) );
#4613 = ORIENTED_EDGE('',*,*,#4614,.T.);
#4614 = EDGE_CURVE('',#4586,#3919,#4615,.T.);
#4615 = SURFACE_CURVE('',#4616,(#4620,#4627),.PCURVE_S1.);
#4616 = LINE('',#4617,#4618);
#4617 = CARTESIAN_POINT('',(34.8,2.2,-5.));
#4618 = VECTOR('',#4619,1.);
#4619 = DIRECTION('',(1.,0.,-0.));
#4620 = PCURVE('',#2901,#4621);
#4621 = DEFINITIONAL_REPRESENTATION('',(#4622),#4626);
#4622 = LINE('',#4623,#4624);
#4623 = CARTESIAN_POINT('',(33.8,11.1));
#4624 = VECTOR('',#4625,1.);
#4625 = DIRECTION('',(1.,0.));
#4626 = ( GEOMETRIC_REPRESENTATION_CONTEXT(2) 
PARAMETRIC_REPRESENTATION_CONTEXT() REPRESENTATION_CONTEXT('2D SPACE',''
  ) );
#4627 = PCURVE('',#3934,#4628);
#4628 = DEFINITIONAL_REPRESENTATION('',(#4629),#4633);
#4629 = LINE('',#4630,#4631);
#4630 = CARTESIAN_POINT('',(0.,0.));
#4631 = VECTOR('',#4632,1.);
#4632 = DIRECTION('',(0.,1.));
#4633 = ( GEOMETRIC_REPRESENTATION_CONTEXT(2) 
PARAMETRIC_REPRESENTATION_CONTEXT() REPRESENTATION_CONTEXT('2D SPACE',''
  ) );
#4634 = ORIENTED_EDGE('',*,*,#3946,.T.);
#4635 = ORIENTED_EDGE('',*,*,#4636,.F.);
#4636 = EDGE_CURVE('',#4637,#3947,#4639,.T.);
#4637 = VERTEX_POINT('',#4638);
#4638 = CARTESIAN_POINT('',(37.3,34.8,-5.));
#4639 = SURFACE_CURVE('',#4640,(#4644,#4651),.PCURVE_S1.);
#4640 = LINE('',#4641,#4642);
#4641 = CARTESIAN_POINT('',(34.8,34.8,-5.));
#4642 = VECTOR('',#4643,1.);
#4643 = DIRECTION('',(1.,0.,-0.));
#4644 = PCURVE('',#2901,#4645);
#4645 = DEFINITIONAL_REPRESENTATION('',(#4646),#4650);
#4646 = LINE('',#4647,#4648);
#4647 = CARTESIAN_POINT('',(33.8,43.7));
#4648 = VECTOR('',#4649,1.);
#4649 = DIRECTION('',(1.,0.));
#4650 = ( GEOMETRIC_REPRESENTATION_CONTEXT(2) 
PARAMETRIC_REPRESENTATION_CONTEXT() REPRESENTATION_CONTEXT('2D SPACE',''
  ) );
#4651 = PCURVE('',#3985,#4652);
#4652 = DEFINITIONAL_REPRESENTATION('',(#4653),#4657);
#4653 = LINE('',#4654,#4655);
#4654 = CARTESIAN_POINT('',(0.,0.));
#4655 = VECTOR('',#4656,1.);
#4656 = DIRECTION('',(0.,1.));
#4657 = ( GEOMETRIC_REPRESENTATION_CONTEXT(2) 
PARAMETRIC_REPRESENTATION_CONTEXT() REPRESENTATION_CONTEXT('2D SPACE',''
  ) );
#4658 = ORIENTED_EDGE('',*,*,#4659,.F.);
#4659 = EDGE_CURVE('',#4660,#4637,#4662,.T.);
#4660 = VERTEX_POINT('',#4661);
#4661 = CARTESIAN_POINT('',(34.8,37.3,-5.));
#4662 = SURFACE_CURVE('',#4663,(#4668,#4675),.PCURVE_S1.);
#4663 = CIRCLE('',#4664,2.5);
#4664 = AXIS2_PLACEMENT_3D('',#4665,#4666,#4667);
#4665 = CARTESIAN_POINT('',(34.8,34.8,-5.));
#4666 = DIRECTION('',(0.,0.,1.));
#4667 = DIRECTION('',(1.,0.,-0.));
#4668 = PCURVE('',#2901,#4669);
#4669 = DEFINITIONAL_REPRESENTATION('',(#4670),#4674);
#4670 = CIRCLE('',#4671,2.5);
#4671 = AXIS2_PLACEMENT_2D('',#4672,#4673);
#4672 = CARTESIAN_POINT('',(33.8,43.7));
#4673 = DIRECTION('',(1.,0.));
#4674 = ( GEOMETRIC_REPRESENTATION_CONTEXT(2) 
PARAMETRIC_REPRESENTATION_CONTEXT() REPRESENTATION_CONTEXT('2D SPACE',''
  ) );
#4675 = PCURVE('',#4676,#4681);
#4676 = CYLINDRICAL_SURFACE('',#4677,2.5);
#4677 = AXIS2_PLACEMENT_3D('',#4678,#4679,#4680);
#4678 = CARTESIAN_POINT('',(34.8,34.8,-5.));
#4679 = DIRECTION('',(0.,0.,1.));
#4680 = DIRECTION('',(1.,0.,-0.));
#4681 = DEFINITIONAL_REPRESENTATION('',(#4682),#4686);
#4682 = LINE('',#4683,#4684);
#4683 = CARTESIAN_POINT('',(0.,0.));
#4684 = VECTOR('',#4685,1.);
#4685 = DIRECTION('',(1.,0.));
#4686 = ( GEOMETRIC_REPRESENTATION_CONTEXT(2) 
PARAMETRIC_REPRESENTATION_CONTEXT() REPRESENTATION_CONTEXT('2D SPACE',''
  ) );
#4687 = ORIENTED_EDGE('',*,*,#4688,.T.);
#4688 = EDGE_CURVE('',#4660,#4075,#4689,.T.);
#4689 = SURFACE_CURVE('',#4690,(#4694,#4701),.PCURVE_S1.);
#4690 = LINE('',#4691,#4692);
#4691 = CARTESIAN_POINT('',(34.8,34.8,-5.));
#4692 = VECTOR('',#4693,1.);
#4693 = DIRECTION('',(-0.,1.,0.));
#4694 = PCURVE('',#2901,#4695);
#4695 = DEFINITIONAL_REPRESENTATION('',(#4696),#4700);
#4696 = LINE('',#4697,#4698);
#4697 = CARTESIAN_POINT('',(33.8,43.7));
#4698 = VECTOR('',#4699,1.);
#4699 = DIRECTION('',(0.,1.));
#4700 = ( GEOMETRIC_REPRESENTATION_CONTEXT(2) 
PARAMETRIC_REPRESENTATION_CONTEXT() REPRESENTATION_CONTEXT('2D SPACE',''
  ) );
#4701 = PCURVE('',#4090,#4702);
#4702 = DEFINITIONAL_REPRESENTATION('',(#4703),#4707);
#4703 = LINE('',#4704,#4705);
#4704 = CARTESIAN_POINT('',(0.,0.));
#4705 = VECTOR('',#4706,1.);
#4706 = DIRECTION('',(0.,-1.));
#4707 = ( GEOMETRIC_REPRESENTATION_CONTEXT(2) 
PARAMETRIC_REPRESENTATION_CONTEXT() REPRESENTATION_CONTEXT('2D SPACE',''
  ) );
#4708 = ORIENTED_EDGE('',*,*,#4102,.F.);
#4709 = ORIENTED_EDGE('',*,*,#4710,.F.);
#4710 = EDGE_CURVE('',#4711,#4103,#4713,.T.);
#4711 = VERTEX_POINT('',#4712);
#4712 = CARTESIAN_POINT('',(2.2,37.3,-5.));
#4713 = SURFACE_CURVE('',#4714,(#4718,#4725),.PCURVE_S1.);
#4714 = LINE('',#4715,#4716);
#4715 = CARTESIAN_POINT('',(2.2,34.8,-5.));
#4716 = VECTOR('',#4717,1.);
#4717 = DIRECTION('',(-0.,1.,0.));
#4718 = PCURVE('',#2901,#4719);
#4719 = DEFINITIONAL_REPRESENTATION('',(#4720),#4724);
#4720 = LINE('',#4721,#4722);
#4721 = CARTESIAN_POINT('',(1.2,43.7));
#4722 = VECTOR('',#4723,1.);
#4723 = DIRECTION('',(0.,1.));
#4724 = ( GEOMETRIC_REPRESENTATION_CONTEXT(2) 
PARAMETRIC_REPRESENTATION_CONTEXT() REPRESENTATION_CONTEXT('2D SPACE',''
  ) );
#4725 = PCURVE('',#4141,#4726);
#4726 = DEFINITIONAL_REPRESENTATION('',(#4727),#4731);
#4727 = LINE('',#4728,#4729);
#4728 = CARTESIAN_POINT('',(0.,0.));
#4729 = VECTOR('',#4730,1.);
#4730 = DIRECTION('',(0.,-1.));
#4731 = ( GEOMETRIC_REPRESENTATION_CONTEXT(2) 
PARAMETRIC_REPRESENTATION_CONTEXT() REPRESENTATION_CONTEXT('2D SPACE',''
  ) );
#4732 = ORIENTED_EDGE('',*,*,#4733,.T.);
#4733 = EDGE_CURVE('',#4711,#4734,#4736,.T.);
#4734 = VERTEX_POINT('',#4735);
#4735 = CARTESIAN_POINT('',(-0.3,34.8,-5.));
#4736 = SURFACE_CURVE('',#4737,(#4742,#4753),.PCURVE_S1.);
#4737 = CIRCLE('',#4738,2.5);
#4738 = AXIS2_PLACEMENT_3D('',#4739,#4740,#4741);
#4739 = CARTESIAN_POINT('',(2.2,34.8,-5.));
#4740 = DIRECTION('',(0.,0.,-1.));
#4741 = DIRECTION('',(4.440892098501E-15,1.,0.));
#4742 = PCURVE('',#2901,#4743);
#4743 = DEFINITIONAL_REPRESENTATION('',(#4744),#4752);
#4744 = ( BOUNDED_CURVE() B_SPLINE_CURVE(2,(#4745,#4746,#4747,#4748,
#4749,#4750,#4751),.UNSPECIFIED.,.T.,.F.) B_SPLINE_CURVE_WITH_KNOTS((1,2
    ,2,2,2,1),(-2.094395102393,0.,2.094395102393,4.188790204786,
6.28318530718,8.377580409573),.UNSPECIFIED.) CURVE() 
GEOMETRIC_REPRESENTATION_ITEM() RATIONAL_B_SPLINE_CURVE((1.,0.5,1.,0.5,
1.,0.5,1.)) REPRESENTATION_ITEM('') );
#4745 = CARTESIAN_POINT('',(1.2,46.2));
#4746 = CARTESIAN_POINT('',(5.530127018922,46.2));
#4747 = CARTESIAN_POINT('',(3.365063509461,42.45));
#4748 = CARTESIAN_POINT('',(1.2,38.7));
#4749 = CARTESIAN_POINT('',(-0.965063509461,42.45));
#4750 = CARTESIAN_POINT('',(-3.130127018922,46.2));
#4751 = CARTESIAN_POINT('',(1.2,46.2));
#4752 = ( GEOMETRIC_REPRESENTATION_CONTEXT(2) 
PARAMETRIC_REPRESENTATION_CONTEXT() REPRESENTATION_CONTEXT('2D SPACE',''
  ) );
#4753 = PCURVE('',#4754,#4759);
#4754 = CYLINDRICAL_SURFACE('',#4755,2.5);
#4755 = AXIS2_PLACEMENT_3D('',#4756,#4757,#4758);
#4756 = CARTESIAN_POINT('',(2.2,34.8,-5.));
#4757 = DIRECTION('',(0.,0.,1.));
#4758 = DIRECTION('',(1.,0.,-0.));
#4759 = DEFINITIONAL_REPRESENTATION('',(#4760),#4764);
#4760 = LINE('',#4761,#4762);
#4761 = CARTESIAN_POINT('',(7.853981633974,0.));
#4762 = VECTOR('',#4763,1.);
#4763 = DIRECTION('',(-1.,-0.));
#4764 = ( GEOMETRIC_REPRESENTATION_CONTEXT(2) 
PARAMETRIC_REPRESENTATION_CONTEXT() REPRESENTATION_CONTEXT('2D SPACE',''
  ) );
#4765 = ORIENTED_EDGE('',*,*,#4766,.F.);
#4766 = EDGE_CURVE('',#4259,#4734,#4767,.T.);
#4767 = SURFACE_CURVE('',#4768,(#4772,#4779),.PCURVE_S1.);
#4768 = LINE('',#4769,#4770);
#4769 = CARTESIAN_POINT('',(-1.5,34.8,-5.));
#4770 = VECTOR('',#4771,1.);
#4771 = DIRECTION('',(1.,0.,-0.));
#4772 = PCURVE('',#2901,#4773);
#4773 = DEFINITIONAL_REPRESENTATION('',(#4774),#4778);
#4774 = LINE('',#4775,#4776);
#4775 = CARTESIAN_POINT('',(-2.5,43.7));
#4776 = VECTOR('',#4777,1.);
#4777 = DIRECTION('',(1.,0.));
#4778 = ( GEOMETRIC_REPRESENTATION_CONTEXT(2) 
PARAMETRIC_REPRESENTATION_CONTEXT() REPRESENTATION_CONTEXT('2D SPACE',''
  ) );
#4779 = PCURVE('',#4297,#4780);
#4780 = DEFINITIONAL_REPRESENTATION('',(#4781),#4785);
#4781 = LINE('',#4782,#4783);
#4782 = CARTESIAN_POINT('',(0.,0.));
#4783 = VECTOR('',#4784,1.);
#4784 = DIRECTION('',(0.,1.));
#4785 = ( GEOMETRIC_REPRESENTATION_CONTEXT(2) 
PARAMETRIC_REPRESENTATION_CONTEXT() REPRESENTATION_CONTEXT('2D SPACE',''
  ) );
#4786 = ORIENTED_EDGE('',*,*,#4258,.F.);
#4787 = ORIENTED_EDGE('',*,*,#4788,.T.);
#4788 = EDGE_CURVE('',#4231,#4789,#4791,.T.);
#4789 = VERTEX_POINT('',#4790);
#4790 = CARTESIAN_POINT('',(-0.3,2.2,-5.));
#4791 = SURFACE_CURVE('',#4792,(#4796,#4803),.PCURVE_S1.);
#4792 = LINE('',#4793,#4794);
#4793 = CARTESIAN_POINT('',(-1.5,2.2,-5.));
#4794 = VECTOR('',#4795,1.);
#4795 = DIRECTION('',(1.,0.,-0.));
#4796 = PCURVE('',#2901,#4797);
#4797 = DEFINITIONAL_REPRESENTATION('',(#4798),#4802);
#4798 = LINE('',#4799,#4800);
#4799 = CARTESIAN_POINT('',(-2.5,11.1));
#4800 = VECTOR('',#4801,1.);
#4801 = DIRECTION('',(1.,0.));
#4802 = ( GEOMETRIC_REPRESENTATION_CONTEXT(2) 
PARAMETRIC_REPRESENTATION_CONTEXT() REPRESENTATION_CONTEXT('2D SPACE',''
  ) );
#4803 = PCURVE('',#4246,#4804);
#4804 = DEFINITIONAL_REPRESENTATION('',(#4805),#4809);
#4805 = LINE('',#4806,#4807);
#4806 = CARTESIAN_POINT('',(0.,0.));
#4807 = VECTOR('',#4808,1.);
#4808 = DIRECTION('',(0.,1.));
#4809 = ( GEOMETRIC_REPRESENTATION_CONTEXT(2) 
PARAMETRIC_REPRESENTATION_CONTEXT() REPRESENTATION_CONTEXT('2D SPACE',''
  ) );
#4810 = ORIENTED_EDGE('',*,*,#4811,.T.);
#4811 = EDGE_CURVE('',#4789,#4812,#4814,.T.);
#4812 = VERTEX_POINT('',#4813);
#4813 = CARTESIAN_POINT('',(2.2,-0.3,-5.));
#4814 = SURFACE_CURVE('',#4815,(#4820,#4831),.PCURVE_S1.);
#4815 = CIRCLE('',#4816,2.5);
#4816 = AXIS2_PLACEMENT_3D('',#4817,#4818,#4819);
#4817 = CARTESIAN_POINT('',(2.2,2.2,-5.));
#4818 = DIRECTION('',(0.,0.,-1.));
#4819 = DIRECTION('',(-1.,3.01980662698E-14,0.));
#4820 = PCURVE('',#2901,#4821);
#4821 = DEFINITIONAL_REPRESENTATION('',(#4822),#4830);
#4822 = ( BOUNDED_CURVE() B_SPLINE_CURVE(2,(#4823,#4824,#4825,#4826,
#4827,#4828,#4829),.UNSPECIFIED.,.T.,.F.) B_SPLINE_CURVE_WITH_KNOTS((1,2
    ,2,2,2,1),(-2.094395102393,0.,2.094395102393,4.188790204786,
6.28318530718,8.377580409573),.UNSPECIFIED.) CURVE() 
GEOMETRIC_REPRESENTATION_ITEM() RATIONAL_B_SPLINE_CURVE((1.,0.5,1.,0.5,
1.,0.5,1.)) REPRESENTATION_ITEM('') );
#4823 = CARTESIAN_POINT('',(-1.3,11.1));
#4824 = CARTESIAN_POINT('',(-1.3,15.430127018922));
#4825 = CARTESIAN_POINT('',(2.45,13.265063509461));
#4826 = CARTESIAN_POINT('',(6.2,11.1));
#4827 = CARTESIAN_POINT('',(2.45,8.934936490539));
#4828 = CARTESIAN_POINT('',(-1.3,6.769872981078));
#4829 = CARTESIAN_POINT('',(-1.3,11.1));
#4830 = ( GEOMETRIC_REPRESENTATION_CONTEXT(2) 
PARAMETRIC_REPRESENTATION_CONTEXT() REPRESENTATION_CONTEXT('2D SPACE',''
  ) );
#4831 = PCURVE('',#4832,#4837);
#4832 = CYLINDRICAL_SURFACE('',#4833,2.5);
#4833 = AXIS2_PLACEMENT_3D('',#4834,#4835,#4836);
#4834 = CARTESIAN_POINT('',(2.2,2.2,-5.));
#4835 = DIRECTION('',(0.,0.,1.));
#4836 = DIRECTION('',(1.,0.,-0.));
#4837 = DEFINITIONAL_REPRESENTATION('',(#4838),#4842);
#4838 = LINE('',#4839,#4840);
#4839 = CARTESIAN_POINT('',(9.424777960769,0.));
#4840 = VECTOR('',#4841,1.);
#4841 = DIRECTION('',(-1.,-0.));
#4842 = ( GEOMETRIC_REPRESENTATION_CONTEXT(2) 
PARAMETRIC_REPRESENTATION_CONTEXT() REPRESENTATION_CONTEXT('2D SPACE',''
  ) );
#4843 = ORIENTED_EDGE('',*,*,#4844,.F.);
#4844 = EDGE_CURVE('',#4845,#4812,#4847,.T.);
#4845 = VERTEX_POINT('',#4846);
#4846 = CARTESIAN_POINT('',(2.2,-0.5,-5.));
#4847 = SURFACE_CURVE('',#4848,(#4852,#4859),.PCURVE_S1.);
#4848 = LINE('',#4849,#4850);
#4849 = CARTESIAN_POINT('',(2.2,-1.5,-5.));
#4850 = VECTOR('',#4851,1.);
#4851 = DIRECTION('',(-0.,1.,0.));
#4852 = PCURVE('',#2901,#4853);
#4853 = DEFINITIONAL_REPRESENTATION('',(#4854),#4858);
#4854 = LINE('',#4855,#4856);
#4855 = CARTESIAN_POINT('',(1.2,7.4));
#4856 = VECTOR('',#4857,1.);
#4857 = DIRECTION('',(0.,1.));
#4858 = ( GEOMETRIC_REPRESENTATION_CONTEXT(2) 
PARAMETRIC_REPRESENTATION_CONTEXT() REPRESENTATION_CONTEXT('2D SPACE',''
  ) );
#4859 = PCURVE('',#3829,#4860);
#4860 = DEFINITIONAL_REPRESENTATION('',(#4861),#4865);
#4861 = LINE('',#4862,#4863);
#4862 = CARTESIAN_POINT('',(0.,0.));
#4863 = VECTOR('',#4864,1.);
#4864 = DIRECTION('',(0.,-1.));
#4865 = ( GEOMETRIC_REPRESENTATION_CONTEXT(2) 
PARAMETRIC_REPRESENTATION_CONTEXT() REPRESENTATION_CONTEXT('2D SPACE',''
  ) );
#4866 = ORIENTED_EDGE('',*,*,#4867,.F.);
#4867 = EDGE_CURVE('',#4367,#4845,#4868,.T.);
#4868 = SURFACE_CURVE('',#4869,(#4873,#4880),.PCURVE_S1.);
#4869 = LINE('',#4870,#4871);
#4870 = CARTESIAN_POINT('',(1.,-0.5,-5.));
#4871 = VECTOR('',#4872,1.);
#4872 = DIRECTION('',(1.,0.,-0.));
#4873 = PCURVE('',#2901,#4874);
#4874 = DEFINITIONAL_REPRESENTATION('',(#4875),#4879);
#4875 = LINE('',#4876,#4877);
#4876 = CARTESIAN_POINT('',(0.,8.4));
#4877 = VECTOR('',#4878,1.);
#4878 = DIRECTION('',(1.,0.));
#4879 = ( GEOMETRIC_REPRESENTATION_CONTEXT(2) 
PARAMETRIC_REPRESENTATION_CONTEXT() REPRESENTATION_CONTEXT('2D SPACE',''
  ) );
#4880 = PCURVE('',#4403,#4881);
#4881 = DEFINITIONAL_REPRESENTATION('',(#4882),#4886);
#4882 = LINE('',#4883,#4884);
#4883 = CARTESIAN_POINT('',(0.,0.));
#4884 = VECTOR('',#4885,1.);
#4885 = DIRECTION('',(0.,1.));
#4886 = ( GEOMETRIC_REPRESENTATION_CONTEXT(2) 
PARAMETRIC_REPRESENTATION_CONTEXT() REPRESENTATION_CONTEXT('2D SPACE',''
  ) );
#4887 = ADVANCED_FACE('',(#4888),#3037,.T.);
#4888 = FACE_BOUND('',#4889,.T.);
#4889 = EDGE_LOOP('',(#4890,#4891,#4892,#4893));
#4890 = ORIENTED_EDGE('',*,*,#3025,.F.);
#4891 = ORIENTED_EDGE('',*,*,#3162,.T.);
#4892 = ORIENTED_EDGE('',*,*,#3423,.T.);
#4893 = ORIENTED_EDGE('',*,*,#3552,.F.);
#4894 = ADVANCED_FACE('',(#4895),#3075,.T.);
#4895 = FACE_BOUND('',#4896,.T.);
#4896 = EDGE_LOOP('',(#4897,#4918,#4919,#4920));
#4897 = ORIENTED_EDGE('',*,*,#4898,.F.);
#4898 = EDGE_CURVE('',#3061,#3707,#4899,.T.);
#4899 = SURFACE_CURVE('',#4900,(#4904,#4911),.PCURVE_S1.);
#4900 = LINE('',#4901,#4902);
#4901 = CARTESIAN_POINT('',(12.,-8.9,2.5));
#4902 = VECTOR('',#4903,1.);
#4903 = DIRECTION('',(-0.,1.,0.));
#4904 = PCURVE('',#3075,#4905);
#4905 = DEFINITIONAL_REPRESENTATION('',(#4906),#4910);
#4906 = LINE('',#4907,#4908);
#4907 = CARTESIAN_POINT('',(7.5,0.));
#4908 = VECTOR('',#4909,1.);
#4909 = DIRECTION('',(0.,-1.));
#4910 = ( GEOMETRIC_REPRESENTATION_CONTEXT(2) 
PARAMETRIC_REPRESENTATION_CONTEXT() REPRESENTATION_CONTEXT('2D SPACE',''
  ) );
#4911 = PCURVE('',#3147,#4912);
#4912 = DEFINITIONAL_REPRESENTATION('',(#4913),#4917);
#4913 = LINE('',#4914,#4915);
#4914 = CARTESIAN_POINT('',(0.,0.));
#4915 = VECTOR('',#4916,1.);
#4916 = DIRECTION('',(0.,1.));
#4917 = ( GEOMETRIC_REPRESENTATION_CONTEXT(2) 
PARAMETRIC_REPRESENTATION_CONTEXT() REPRESENTATION_CONTEXT('2D SPACE',''
  ) );
#4918 = ORIENTED_EDGE('',*,*,#3058,.F.);
#4919 = ORIENTED_EDGE('',*,*,#4518,.T.);
#4920 = ORIENTED_EDGE('',*,*,#3727,.F.);
#4921 = ADVANCED_FACE('',(#4922),#3147,.F.);
#4922 = FACE_BOUND('',#4923,.F.);
#4923 = EDGE_LOOP('',(#4924,#4925,#4926,#4947));
#4924 = ORIENTED_EDGE('',*,*,#4898,.F.);
#4925 = ORIENTED_EDGE('',*,*,#3134,.F.);
#4926 = ORIENTED_EDGE('',*,*,#4927,.T.);
#4927 = EDGE_CURVE('',#3109,#3686,#4928,.T.);
#4928 = SURFACE_CURVE('',#4929,(#4933,#4940),.PCURVE_S1.);
#4929 = LINE('',#4930,#4931);
#4930 = CARTESIAN_POINT('',(25.,-8.9,2.5));
#4931 = VECTOR('',#4932,1.);
#4932 = DIRECTION('',(-0.,1.,0.));
#4933 = PCURVE('',#3147,#4934);
#4934 = DEFINITIONAL_REPRESENTATION('',(#4935),#4939);
#4935 = LINE('',#4936,#4937);
#4936 = CARTESIAN_POINT('',(13.,0.));
#4937 = VECTOR('',#4938,1.);
#4938 = DIRECTION('',(0.,1.));
#4939 = ( GEOMETRIC_REPRESENTATION_CONTEXT(2) 
PARAMETRIC_REPRESENTATION_CONTEXT() REPRESENTATION_CONTEXT('2D SPACE',''
  ) );
#4940 = PCURVE('',#3123,#4941);
#4941 = DEFINITIONAL_REPRESENTATION('',(#4942),#4946);
#4942 = LINE('',#4943,#4944);
#4943 = CARTESIAN_POINT('',(7.5,0.));
#4944 = VECTOR('',#4945,1.);
#4945 = DIRECTION('',(0.,-1.));
#4946 = ( GEOMETRIC_REPRESENTATION_CONTEXT(2) 
PARAMETRIC_REPRESENTATION_CONTEXT() REPRESENTATION_CONTEXT('2D SPACE',''
  ) );
#4947 = ORIENTED_EDGE('',*,*,#3706,.F.);
#4948 = ADVANCED_FACE('',(#4949),#3123,.F.);
#4949 = FACE_BOUND('',#4950,.F.);
#4950 = EDGE_LOOP('',(#4951,#4952,#4953,#4954));
#4951 = ORIENTED_EDGE('',*,*,#4927,.F.);
#4952 = ORIENTED_EDGE('',*,*,#3108,.F.);
#4953 = ORIENTED_EDGE('',*,*,#4540,.T.);
#4954 = ORIENTED_EDGE('',*,*,#3685,.F.);
#4955 = ADVANCED_FACE('',(#4956,#4959),#3407,.F.);
#4956 = FACE_BOUND('',#4957,.F.);
#4957 = EDGE_LOOP('',(#4958));
#4958 = ORIENTED_EDGE('',*,*,#3392,.T.);
#4959 = FACE_BOUND('',#4960,.F.);
#4960 = EDGE_LOOP('',(#4961));
#4961 = ORIENTED_EDGE('',*,*,#4962,.F.);
#4962 = EDGE_CURVE('',#4963,#4963,#4965,.T.);
#4963 = VERTEX_POINT('',#4964);
#4964 = CARTESIAN_POINT('',(22.5,18.5,-19.9));
#4965 = SURFACE_CURVE('',#4966,(#4971,#4978),.PCURVE_S1.);
#4966 = CIRCLE('',#4967,4.);
#4967 = AXIS2_PLACEMENT_3D('',#4968,#4969,#4970);
#4968 = CARTESIAN_POINT('',(18.5,18.5,-19.9));
#4969 = DIRECTION('',(0.,0.,1.));
#4970 = DIRECTION('',(1.,0.,-0.));
#4971 = PCURVE('',#3407,#4972);
#4972 = DEFINITIONAL_REPRESENTATION('',(#4973),#4977);
#4973 = CIRCLE('',#4974,4.);
#4974 = AXIS2_PLACEMENT_2D('',#4975,#4976);
#4975 = CARTESIAN_POINT('',(0.,0.));
#4976 = DIRECTION('',(1.,0.));
#4977 = ( GEOMETRIC_REPRESENTATION_CONTEXT(2) 
PARAMETRIC_REPRESENTATION_CONTEXT() REPRESENTATION_CONTEXT('2D SPACE',''
  ) );
#4978 = PCURVE('',#4979,#4984);
#4979 = CYLINDRICAL_SURFACE('',#4980,4.);
#4980 = AXIS2_PLACEMENT_3D('',#4981,#4982,#4983);
#4981 = CARTESIAN_POINT('',(18.5,18.5,-19.91));
#4982 = DIRECTION('',(0.,0.,1.));
#4983 = DIRECTION('',(1.,0.,-0.));
#4984 = DEFINITIONAL_REPRESENTATION('',(#4985),#4989);
#4985 = LINE('',#4986,#4987);
#4986 = CARTESIAN_POINT('',(0.,1.E-02));
#4987 = VECTOR('',#4988,1.);
#4988 = DIRECTION('',(1.,0.));
#4989 = ( GEOMETRIC_REPRESENTATION_CONTEXT(2) 
PARAMETRIC_REPRESENTATION_CONTEXT() REPRESENTATION_CONTEXT('2D SPACE',''
  ) );
#4990 = ADVANCED_FACE('',(#4991,#5063),#3857,.T.);
#4991 = FACE_BOUND('',#4992,.T.);
#4992 = EDGE_LOOP('',(#4993,#5016,#5017,#5018,#5041));
#4993 = ORIENTED_EDGE('',*,*,#4994,.F.);
#4994 = EDGE_CURVE('',#4208,#4995,#4997,.T.);
#4995 = VERTEX_POINT('',#4996);
#4996 = CARTESIAN_POINT('',(-0.3,2.2,0.));
#4997 = SURFACE_CURVE('',#4998,(#5002,#5009),.PCURVE_S1.);
#4998 = LINE('',#4999,#5000);
#4999 = CARTESIAN_POINT('',(-1.5,2.2,0.));
#5000 = VECTOR('',#5001,1.);
#5001 = DIRECTION('',(1.,0.,-0.));
#5002 = PCURVE('',#3857,#5003);
#5003 = DEFINITIONAL_REPRESENTATION('',(#5004),#5008);
#5004 = LINE('',#5005,#5006);
#5005 = CARTESIAN_POINT('',(0.,3.7));
#5006 = VECTOR('',#5007,1.);
#5007 = DIRECTION('',(1.,0.));
#5008 = ( GEOMETRIC_REPRESENTATION_CONTEXT(2) 
PARAMETRIC_REPRESENTATION_CONTEXT() REPRESENTATION_CONTEXT('2D SPACE',''
  ) );
#5009 = PCURVE('',#4246,#5010);
#5010 = DEFINITIONAL_REPRESENTATION('',(#5011),#5015);
#5011 = LINE('',#5012,#5013);
#5012 = CARTESIAN_POINT('',(5.,0.));
#5013 = VECTOR('',#5014,1.);
#5014 = DIRECTION('',(0.,1.));
#5015 = ( GEOMETRIC_REPRESENTATION_CONTEXT(2) 
PARAMETRIC_REPRESENTATION_CONTEXT() REPRESENTATION_CONTEXT('2D SPACE',''
  ) );
#5016 = ORIENTED_EDGE('',*,*,#4207,.F.);
#5017 = ORIENTED_EDGE('',*,*,#3841,.T.);
#5018 = ORIENTED_EDGE('',*,*,#5019,.T.);
#5019 = EDGE_CURVE('',#3814,#5020,#5022,.T.);
#5020 = VERTEX_POINT('',#5021);
#5021 = CARTESIAN_POINT('',(2.2,-0.3,0.));
#5022 = SURFACE_CURVE('',#5023,(#5027,#5034),.PCURVE_S1.);
#5023 = LINE('',#5024,#5025);
#5024 = CARTESIAN_POINT('',(2.2,-1.5,0.));
#5025 = VECTOR('',#5026,1.);
#5026 = DIRECTION('',(-0.,1.,0.));
#5027 = PCURVE('',#3857,#5028);
#5028 = DEFINITIONAL_REPRESENTATION('',(#5029),#5033);
#5029 = LINE('',#5030,#5031);
#5030 = CARTESIAN_POINT('',(3.7,0.));
#5031 = VECTOR('',#5032,1.);
#5032 = DIRECTION('',(0.,1.));
#5033 = ( GEOMETRIC_REPRESENTATION_CONTEXT(2) 
PARAMETRIC_REPRESENTATION_CONTEXT() REPRESENTATION_CONTEXT('2D SPACE',''
  ) );
#5034 = PCURVE('',#3829,#5035);
#5035 = DEFINITIONAL_REPRESENTATION('',(#5036),#5040);
#5036 = LINE('',#5037,#5038);
#5037 = CARTESIAN_POINT('',(5.,0.));
#5038 = VECTOR('',#5039,1.);
#5039 = DIRECTION('',(0.,-1.));
#5040 = ( GEOMETRIC_REPRESENTATION_CONTEXT(2) 
PARAMETRIC_REPRESENTATION_CONTEXT() REPRESENTATION_CONTEXT('2D SPACE',''
  ) );
#5041 = ORIENTED_EDGE('',*,*,#5042,.T.);
#5042 = EDGE_CURVE('',#5020,#4995,#5043,.T.);
#5043 = SURFACE_CURVE('',#5044,(#5049,#5056),.PCURVE_S1.);
#5044 = CIRCLE('',#5045,2.5);
#5045 = AXIS2_PLACEMENT_3D('',#5046,#5047,#5048);
#5046 = CARTESIAN_POINT('',(2.2,2.2,0.));
#5047 = DIRECTION('',(0.,0.,1.));
#5048 = DIRECTION('',(4.796163466381E-15,-1.,0.));
#5049 = PCURVE('',#3857,#5050);
#5050 = DEFINITIONAL_REPRESENTATION('',(#5051),#5055);
#5051 = CIRCLE('',#5052,2.5);
#5052 = AXIS2_PLACEMENT_2D('',#5053,#5054);
#5053 = CARTESIAN_POINT('',(3.7,3.7));
#5054 = DIRECTION('',(4.796163466381E-15,-1.));
#5055 = ( GEOMETRIC_REPRESENTATION_CONTEXT(2) 
PARAMETRIC_REPRESENTATION_CONTEXT() REPRESENTATION_CONTEXT('2D SPACE',''
  ) );
#5056 = PCURVE('',#4832,#5057);
#5057 = DEFINITIONAL_REPRESENTATION('',(#5058),#5062);
#5058 = LINE('',#5059,#5060);
#5059 = CARTESIAN_POINT('',(4.712388980385,5.));
#5060 = VECTOR('',#5061,1.);
#5061 = DIRECTION('',(1.,0.));
#5062 = ( GEOMETRIC_REPRESENTATION_CONTEXT(2) 
PARAMETRIC_REPRESENTATION_CONTEXT() REPRESENTATION_CONTEXT('2D SPACE',''
  ) );
#5063 = FACE_BOUND('',#5064,.T.);
#5064 = EDGE_LOOP('',(#5065));
#5065 = ORIENTED_EDGE('',*,*,#5066,.F.);
#5066 = EDGE_CURVE('',#5067,#5067,#5069,.T.);
#5067 = VERTEX_POINT('',#5068);
#5068 = CARTESIAN_POINT('',(3.05,2.2,0.));
#5069 = SURFACE_CURVE('',#5070,(#5075,#5082),.PCURVE_S1.);
#5070 = CIRCLE('',#5071,0.85);
#5071 = AXIS2_PLACEMENT_3D('',#5072,#5073,#5074);
#5072 = CARTESIAN_POINT('',(2.2,2.2,0.));
#5073 = DIRECTION('',(0.,0.,1.));
#5074 = DIRECTION('',(1.,0.,-0.));
#5075 = PCURVE('',#3857,#5076);
#5076 = DEFINITIONAL_REPRESENTATION('',(#5077),#5081);
#5077 = CIRCLE('',#5078,0.85);
#5078 = AXIS2_PLACEMENT_2D('',#5079,#5080);
#5079 = CARTESIAN_POINT('',(3.7,3.7));
#5080 = DIRECTION('',(1.,0.));
#5081 = ( GEOMETRIC_REPRESENTATION_CONTEXT(2) 
PARAMETRIC_REPRESENTATION_CONTEXT() REPRESENTATION_CONTEXT('2D SPACE',''
  ) );
#5082 = PCURVE('',#5083,#5088);
#5083 = CYLINDRICAL_SURFACE('',#5084,0.85);
#5084 = AXIS2_PLACEMENT_3D('',#5085,#5086,#5087);
#5085 = CARTESIAN_POINT('',(2.2,2.2,-6.));
#5086 = DIRECTION('',(0.,0.,1.));
#5087 = DIRECTION('',(1.,0.,-0.));
#5088 = DEFINITIONAL_REPRESENTATION('',(#5089),#5093);
#5089 = LINE('',#5090,#5091);
#5090 = CARTESIAN_POINT('',(0.,6.));
#5091 = VECTOR('',#5092,1.);
#5092 = DIRECTION('',(1.,0.));
#5093 = ( GEOMETRIC_REPRESENTATION_CONTEXT(2) 
PARAMETRIC_REPRESENTATION_CONTEXT() REPRESENTATION_CONTEXT('2D SPACE',''
  ) );
#5094 = ADVANCED_FACE('',(#5095),#3829,.T.);
#5095 = FACE_BOUND('',#5096,.T.);
#5096 = EDGE_LOOP('',(#5097,#5098,#5099,#5100,#5119,#5120));
#5097 = ORIENTED_EDGE('',*,*,#5019,.F.);
#5098 = ORIENTED_EDGE('',*,*,#3813,.F.);
#5099 = ORIENTED_EDGE('',*,*,#4442,.F.);
#5100 = ORIENTED_EDGE('',*,*,#5101,.F.);
#5101 = EDGE_CURVE('',#4845,#4443,#5102,.T.);
#5102 = SURFACE_CURVE('',#5103,(#5107,#5113),.PCURVE_S1.);
#5103 = LINE('',#5104,#5105);
#5104 = CARTESIAN_POINT('',(2.2,-0.5,-5.));
#5105 = VECTOR('',#5106,1.);
#5106 = DIRECTION('',(0.,0.,1.));
#5107 = PCURVE('',#3829,#5108);
#5108 = DEFINITIONAL_REPRESENTATION('',(#5109),#5112);
#5109 = B_SPLINE_CURVE_WITH_KNOTS('',1,(#5110,#5111),.UNSPECIFIED.,.F.,
  .F.,(2,2),(0.,4.),.PIECEWISE_BEZIER_KNOTS.);
#5110 = CARTESIAN_POINT('',(0.,-1.));
#5111 = CARTESIAN_POINT('',(4.,-1.));
#5112 = ( GEOMETRIC_REPRESENTATION_CONTEXT(2) 
PARAMETRIC_REPRESENTATION_CONTEXT() REPRESENTATION_CONTEXT('2D SPACE',''
  ) );
#5113 = PCURVE('',#4403,#5114);
#5114 = DEFINITIONAL_REPRESENTATION('',(#5115),#5118);
#5115 = B_SPLINE_CURVE_WITH_KNOTS('',1,(#5116,#5117),.UNSPECIFIED.,.F.,
  .F.,(2,2),(0.,4.),.PIECEWISE_BEZIER_KNOTS.);
#5116 = CARTESIAN_POINT('',(0.,1.2));
#5117 = CARTESIAN_POINT('',(4.,1.2));
#5118 = ( GEOMETRIC_REPRESENTATION_CONTEXT(2) 
PARAMETRIC_REPRESENTATION_CONTEXT() REPRESENTATION_CONTEXT('2D SPACE',''
  ) );
#5119 = ORIENTED_EDGE('',*,*,#4844,.T.);
#5120 = ORIENTED_EDGE('',*,*,#5121,.T.);
#5121 = EDGE_CURVE('',#4812,#5020,#5122,.T.);
#5122 = SURFACE_CURVE('',#5123,(#5127,#5133),.PCURVE_S1.);
#5123 = LINE('',#5124,#5125);
#5124 = CARTESIAN_POINT('',(2.2,-0.3,-5.));
#5125 = VECTOR('',#5126,1.);
#5126 = DIRECTION('',(0.,0.,1.));
#5127 = PCURVE('',#3829,#5128);
#5128 = DEFINITIONAL_REPRESENTATION('',(#5129),#5132);
#5129 = B_SPLINE_CURVE_WITH_KNOTS('',1,(#5130,#5131),.UNSPECIFIED.,.F.,
  .F.,(2,2),(-2.399999999625E-06,5.0000024),.PIECEWISE_BEZIER_KNOTS.);
#5130 = CARTESIAN_POINT('',(-2.399999999625E-06,-1.2));
#5131 = CARTESIAN_POINT('',(5.0000024,-1.2));
#5132 = ( GEOMETRIC_REPRESENTATION_CONTEXT(2) 
PARAMETRIC_REPRESENTATION_CONTEXT() REPRESENTATION_CONTEXT('2D SPACE',''
  ) );
#5133 = PCURVE('',#4832,#5134);
#5134 = DEFINITIONAL_REPRESENTATION('',(#5135),#5138);
#5135 = B_SPLINE_CURVE_WITH_KNOTS('',1,(#5136,#5137),.UNSPECIFIED.,.F.,
  .F.,(2,2),(0.,5.),.PIECEWISE_BEZIER_KNOTS.);
#5136 = CARTESIAN_POINT('',(4.712388980385,0.));
#5137 = CARTESIAN_POINT('',(4.712388980385,5.));
#5138 = ( GEOMETRIC_REPRESENTATION_CONTEXT(2) 
PARAMETRIC_REPRESENTATION_CONTEXT() REPRESENTATION_CONTEXT('2D SPACE',''
  ) );
#5139 = ADVANCED_FACE('',(#5140),#3650,.F.);
#5140 = FACE_BOUND('',#5141,.F.);
#5141 = EDGE_LOOP('',(#5142,#5165,#5166,#5167));
#5142 = ORIENTED_EDGE('',*,*,#5143,.F.);
#5143 = EDGE_CURVE('',#3607,#5144,#5146,.T.);
#5144 = VERTEX_POINT('',#5145);
#5145 = CARTESIAN_POINT('',(34.8,-0.3,0.));
#5146 = SURFACE_CURVE('',#5147,(#5151,#5158),.PCURVE_S1.);
#5147 = LINE('',#5148,#5149);
#5148 = CARTESIAN_POINT('',(34.8,-1.5,0.));
#5149 = VECTOR('',#5150,1.);
#5150 = DIRECTION('',(-0.,1.,0.));
#5151 = PCURVE('',#3650,#5152);
#5152 = DEFINITIONAL_REPRESENTATION('',(#5153),#5157);
#5153 = LINE('',#5154,#5155);
#5154 = CARTESIAN_POINT('',(5.,0.));
#5155 = VECTOR('',#5156,1.);
#5156 = DIRECTION('',(0.,-1.));
#5157 = ( GEOMETRIC_REPRESENTATION_CONTEXT(2) 
PARAMETRIC_REPRESENTATION_CONTEXT() REPRESENTATION_CONTEXT('2D SPACE',''
  ) );
#5158 = PCURVE('',#3622,#5159);
#5159 = DEFINITIONAL_REPRESENTATION('',(#5160),#5164);
#5160 = LINE('',#5161,#5162);
#5161 = CARTESIAN_POINT('',(0.,0.));
#5162 = VECTOR('',#5163,1.);
#5163 = DIRECTION('',(0.,1.));
#5164 = ( GEOMETRIC_REPRESENTATION_CONTEXT(2) 
PARAMETRIC_REPRESENTATION_CONTEXT() REPRESENTATION_CONTEXT('2D SPACE',''
  ) );
#5165 = ORIENTED_EDGE('',*,*,#3634,.F.);
#5166 = ORIENTED_EDGE('',*,*,#4562,.T.);
#5167 = ORIENTED_EDGE('',*,*,#5168,.T.);
#5168 = EDGE_CURVE('',#4563,#5144,#5169,.T.);
#5169 = SURFACE_CURVE('',#5170,(#5174,#5180),.PCURVE_S1.);
#5170 = LINE('',#5171,#5172);
#5171 = CARTESIAN_POINT('',(34.8,-0.3,-5.));
#5172 = VECTOR('',#5173,1.);
#5173 = DIRECTION('',(0.,0.,1.));
#5174 = PCURVE('',#3650,#5175);
#5175 = DEFINITIONAL_REPRESENTATION('',(#5176),#5179);
#5176 = B_SPLINE_CURVE_WITH_KNOTS('',1,(#5177,#5178),.UNSPECIFIED.,.F.,
  .F.,(2,2),(-2.399999999625E-06,5.0000024),.PIECEWISE_BEZIER_KNOTS.);
#5177 = CARTESIAN_POINT('',(-2.399999999625E-06,-1.2));
#5178 = CARTESIAN_POINT('',(5.0000024,-1.2));
#5179 = ( GEOMETRIC_REPRESENTATION_CONTEXT(2) 
PARAMETRIC_REPRESENTATION_CONTEXT() REPRESENTATION_CONTEXT('2D SPACE',''
  ) );
#5180 = PCURVE('',#4602,#5181);
#5181 = DEFINITIONAL_REPRESENTATION('',(#5182),#5185);
#5182 = B_SPLINE_CURVE_WITH_KNOTS('',1,(#5183,#5184),.UNSPECIFIED.,.F.,
  .F.,(2,2),(-2.399999999625E-06,5.0000024),.PIECEWISE_BEZIER_KNOTS.);
#5183 = CARTESIAN_POINT('',(4.712388980385,-2.399999999625E-06));
#5184 = CARTESIAN_POINT('',(4.712388980385,5.0000024));
#5185 = ( GEOMETRIC_REPRESENTATION_CONTEXT(2) 
PARAMETRIC_REPRESENTATION_CONTEXT() REPRESENTATION_CONTEXT('2D SPACE',''
  ) );
#5186 = ADVANCED_FACE('',(#5187,#5237),#3622,.T.);
#5187 = FACE_BOUND('',#5188,.T.);
#5188 = EDGE_LOOP('',(#5189,#5190,#5191,#5192,#5215));
#5189 = ORIENTED_EDGE('',*,*,#5143,.F.);
#5190 = ORIENTED_EDGE('',*,*,#3606,.T.);
#5191 = ORIENTED_EDGE('',*,*,#3895,.T.);
#5192 = ORIENTED_EDGE('',*,*,#5193,.F.);
#5193 = EDGE_CURVE('',#5194,#3896,#5196,.T.);
#5194 = VERTEX_POINT('',#5195);
#5195 = CARTESIAN_POINT('',(37.3,2.2,0.));
#5196 = SURFACE_CURVE('',#5197,(#5201,#5208),.PCURVE_S1.);
#5197 = LINE('',#5198,#5199);
#5198 = CARTESIAN_POINT('',(34.8,2.2,0.));
#5199 = VECTOR('',#5200,1.);
#5200 = DIRECTION('',(1.,0.,-0.));
#5201 = PCURVE('',#3622,#5202);
#5202 = DEFINITIONAL_REPRESENTATION('',(#5203),#5207);
#5203 = LINE('',#5204,#5205);
#5204 = CARTESIAN_POINT('',(0.,3.7));
#5205 = VECTOR('',#5206,1.);
#5206 = DIRECTION('',(1.,0.));
#5207 = ( GEOMETRIC_REPRESENTATION_CONTEXT(2) 
PARAMETRIC_REPRESENTATION_CONTEXT() REPRESENTATION_CONTEXT('2D SPACE',''
  ) );
#5208 = PCURVE('',#3934,#5209);
#5209 = DEFINITIONAL_REPRESENTATION('',(#5210),#5214);
#5210 = LINE('',#5211,#5212);
#5211 = CARTESIAN_POINT('',(5.,0.));
#5212 = VECTOR('',#5213,1.);
#5213 = DIRECTION('',(0.,1.));
#5214 = ( GEOMETRIC_REPRESENTATION_CONTEXT(2) 
PARAMETRIC_REPRESENTATION_CONTEXT() REPRESENTATION_CONTEXT('2D SPACE',''
  ) );
#5215 = ORIENTED_EDGE('',*,*,#5216,.T.);
#5216 = EDGE_CURVE('',#5194,#5144,#5217,.T.);
#5217 = SURFACE_CURVE('',#5218,(#5223,#5230),.PCURVE_S1.);
#5218 = CIRCLE('',#5219,2.5);
#5219 = AXIS2_PLACEMENT_3D('',#5220,#5221,#5222);
#5220 = CARTESIAN_POINT('',(34.8,2.2,0.));
#5221 = DIRECTION('',(0.,0.,1.));
#5222 = DIRECTION('',(1.,0.,-0.));
#5223 = PCURVE('',#3622,#5224);
#5224 = DEFINITIONAL_REPRESENTATION('',(#5225),#5229);
#5225 = CIRCLE('',#5226,2.5);
#5226 = AXIS2_PLACEMENT_2D('',#5227,#5228);
#5227 = CARTESIAN_POINT('',(0.,3.7));
#5228 = DIRECTION('',(1.,0.));
#5229 = ( GEOMETRIC_REPRESENTATION_CONTEXT(2) 
PARAMETRIC_REPRESENTATION_CONTEXT() REPRESENTATION_CONTEXT('2D SPACE',''
  ) );
#5230 = PCURVE('',#4602,#5231);
#5231 = DEFINITIONAL_REPRESENTATION('',(#5232),#5236);
#5232 = LINE('',#5233,#5234);
#5233 = CARTESIAN_POINT('',(0.,5.));
#5234 = VECTOR('',#5235,1.);
#5235 = DIRECTION('',(1.,0.));
#5236 = ( GEOMETRIC_REPRESENTATION_CONTEXT(2) 
PARAMETRIC_REPRESENTATION_CONTEXT() REPRESENTATION_CONTEXT('2D SPACE',''
  ) );
#5237 = FACE_BOUND('',#5238,.T.);
#5238 = EDGE_LOOP('',(#5239));
#5239 = ORIENTED_EDGE('',*,*,#5240,.F.);
#5240 = EDGE_CURVE('',#5241,#5241,#5243,.T.);
#5241 = VERTEX_POINT('',#5242);
#5242 = CARTESIAN_POINT('',(35.65,2.2,0.));
#5243 = SURFACE_CURVE('',#5244,(#5249,#5256),.PCURVE_S1.);
#5244 = CIRCLE('',#5245,0.85);
#5245 = AXIS2_PLACEMENT_3D('',#5246,#5247,#5248);
#5246 = CARTESIAN_POINT('',(34.8,2.2,0.));
#5247 = DIRECTION('',(0.,0.,1.));
#5248 = DIRECTION('',(1.,0.,-0.));
#5249 = PCURVE('',#3622,#5250);
#5250 = DEFINITIONAL_REPRESENTATION('',(#5251),#5255);
#5251 = CIRCLE('',#5252,0.85);
#5252 = AXIS2_PLACEMENT_2D('',#5253,#5254);
#5253 = CARTESIAN_POINT('',(0.,3.7));
#5254 = DIRECTION('',(1.,0.));
#5255 = ( GEOMETRIC_REPRESENTATION_CONTEXT(2) 
PARAMETRIC_REPRESENTATION_CONTEXT() REPRESENTATION_CONTEXT('2D SPACE',''
  ) );
#5256 = PCURVE('',#5257,#5262);
#5257 = CYLINDRICAL_SURFACE('',#5258,0.85);
#5258 = AXIS2_PLACEMENT_3D('',#5259,#5260,#5261);
#5259 = CARTESIAN_POINT('',(34.8,2.2,-6.));
#5260 = DIRECTION('',(0.,0.,1.));
#5261 = DIRECTION('',(1.,0.,-0.));
#5262 = DEFINITIONAL_REPRESENTATION('',(#5263),#5267);
#5263 = LINE('',#5264,#5265);
#5264 = CARTESIAN_POINT('',(0.,6.));
#5265 = VECTOR('',#5266,1.);
#5266 = DIRECTION('',(1.,0.));
#5267 = ( GEOMETRIC_REPRESENTATION_CONTEXT(2) 
PARAMETRIC_REPRESENTATION_CONTEXT() REPRESENTATION_CONTEXT('2D SPACE',''
  ) );
#5268 = ADVANCED_FACE('',(#5269,#5341),#4013,.T.);
#5269 = FACE_BOUND('',#5270,.T.);
#5270 = EDGE_LOOP('',(#5271,#5294,#5318,#5339,#5340));
#5271 = ORIENTED_EDGE('',*,*,#5272,.F.);
#5272 = EDGE_CURVE('',#5273,#4052,#5275,.T.);
#5273 = VERTEX_POINT('',#5274);
#5274 = CARTESIAN_POINT('',(34.8,37.3,0.));
#5275 = SURFACE_CURVE('',#5276,(#5280,#5287),.PCURVE_S1.);
#5276 = LINE('',#5277,#5278);
#5277 = CARTESIAN_POINT('',(34.8,34.8,0.));
#5278 = VECTOR('',#5279,1.);
#5279 = DIRECTION('',(-0.,1.,0.));
#5280 = PCURVE('',#4013,#5281);
#5281 = DEFINITIONAL_REPRESENTATION('',(#5282),#5286);
#5282 = LINE('',#5283,#5284);
#5283 = CARTESIAN_POINT('',(0.,0.));
#5284 = VECTOR('',#5285,1.);
#5285 = DIRECTION('',(0.,1.));
#5286 = ( GEOMETRIC_REPRESENTATION_CONTEXT(2) 
PARAMETRIC_REPRESENTATION_CONTEXT() REPRESENTATION_CONTEXT('2D SPACE',''
  ) );
#5287 = PCURVE('',#4090,#5288);
#5288 = DEFINITIONAL_REPRESENTATION('',(#5289),#5293);
#5289 = LINE('',#5290,#5291);
#5290 = CARTESIAN_POINT('',(5.,0.));
#5291 = VECTOR('',#5292,1.);
#5292 = DIRECTION('',(0.,-1.));
#5293 = ( GEOMETRIC_REPRESENTATION_CONTEXT(2) 
PARAMETRIC_REPRESENTATION_CONTEXT() REPRESENTATION_CONTEXT('2D SPACE',''
  ) );
#5294 = ORIENTED_EDGE('',*,*,#5295,.T.);
#5295 = EDGE_CURVE('',#5273,#5296,#5298,.T.);
#5296 = VERTEX_POINT('',#5297);
#5297 = CARTESIAN_POINT('',(37.3,34.8,0.));
#5298 = SURFACE_CURVE('',#5299,(#5304,#5311),.PCURVE_S1.);
#5299 = CIRCLE('',#5300,2.5);
#5300 = AXIS2_PLACEMENT_3D('',#5301,#5302,#5303);
#5301 = CARTESIAN_POINT('',(34.8,34.8,0.));
#5302 = DIRECTION('',(0.,0.,1.));
#5303 = DIRECTION('',(1.,0.,-0.));
#5304 = PCURVE('',#4013,#5305);
#5305 = DEFINITIONAL_REPRESENTATION('',(#5306),#5310);
#5306 = CIRCLE('',#5307,2.5);
#5307 = AXIS2_PLACEMENT_2D('',#5308,#5309);
#5308 = CARTESIAN_POINT('',(0.,0.));
#5309 = DIRECTION('',(1.,0.));
#5310 = ( GEOMETRIC_REPRESENTATION_CONTEXT(2) 
PARAMETRIC_REPRESENTATION_CONTEXT() REPRESENTATION_CONTEXT('2D SPACE',''
  ) );
#5311 = PCURVE('',#4676,#5312);
#5312 = DEFINITIONAL_REPRESENTATION('',(#5313),#5317);
#5313 = LINE('',#5314,#5315);
#5314 = CARTESIAN_POINT('',(0.,5.));
#5315 = VECTOR('',#5316,1.);
#5316 = DIRECTION('',(1.,0.));
#5317 = ( GEOMETRIC_REPRESENTATION_CONTEXT(2) 
PARAMETRIC_REPRESENTATION_CONTEXT() REPRESENTATION_CONTEXT('2D SPACE',''
  ) );
#5318 = ORIENTED_EDGE('',*,*,#5319,.T.);
#5319 = EDGE_CURVE('',#5296,#3970,#5320,.T.);
#5320 = SURFACE_CURVE('',#5321,(#5325,#5332),.PCURVE_S1.);
#5321 = LINE('',#5322,#5323);
#5322 = CARTESIAN_POINT('',(34.8,34.8,0.));
#5323 = VECTOR('',#5324,1.);
#5324 = DIRECTION('',(1.,0.,-0.));
#5325 = PCURVE('',#4013,#5326);
#5326 = DEFINITIONAL_REPRESENTATION('',(#5327),#5331);
#5327 = LINE('',#5328,#5329);
#5328 = CARTESIAN_POINT('',(0.,0.));
#5329 = VECTOR('',#5330,1.);
#5330 = DIRECTION('',(1.,0.));
#5331 = ( GEOMETRIC_REPRESENTATION_CONTEXT(2) 
PARAMETRIC_REPRESENTATION_CONTEXT() REPRESENTATION_CONTEXT('2D SPACE',''
  ) );
#5332 = PCURVE('',#3985,#5333);
#5333 = DEFINITIONAL_REPRESENTATION('',(#5334),#5338);
#5334 = LINE('',#5335,#5336);
#5335 = CARTESIAN_POINT('',(5.,0.));
#5336 = VECTOR('',#5337,1.);
#5337 = DIRECTION('',(0.,1.));
#5338 = ( GEOMETRIC_REPRESENTATION_CONTEXT(2) 
PARAMETRIC_REPRESENTATION_CONTEXT() REPRESENTATION_CONTEXT('2D SPACE',''
  ) );
#5339 = ORIENTED_EDGE('',*,*,#3997,.T.);
#5340 = ORIENTED_EDGE('',*,*,#4051,.F.);
#5341 = FACE_BOUND('',#5342,.T.);
#5342 = EDGE_LOOP('',(#5343));
#5343 = ORIENTED_EDGE('',*,*,#5344,.F.);
#5344 = EDGE_CURVE('',#5345,#5345,#5347,.T.);
#5345 = VERTEX_POINT('',#5346);
#5346 = CARTESIAN_POINT('',(35.65,34.8,0.));
#5347 = SURFACE_CURVE('',#5348,(#5353,#5360),.PCURVE_S1.);
#5348 = CIRCLE('',#5349,0.85);
#5349 = AXIS2_PLACEMENT_3D('',#5350,#5351,#5352);
#5350 = CARTESIAN_POINT('',(34.8,34.8,0.));
#5351 = DIRECTION('',(0.,0.,1.));
#5352 = DIRECTION('',(1.,0.,-0.));
#5353 = PCURVE('',#4013,#5354);
#5354 = DEFINITIONAL_REPRESENTATION('',(#5355),#5359);
#5355 = CIRCLE('',#5356,0.85);
#5356 = AXIS2_PLACEMENT_2D('',#5357,#5358);
#5357 = CARTESIAN_POINT('',(0.,0.));
#5358 = DIRECTION('',(1.,0.));
#5359 = ( GEOMETRIC_REPRESENTATION_CONTEXT(2) 
PARAMETRIC_REPRESENTATION_CONTEXT() REPRESENTATION_CONTEXT('2D SPACE',''
  ) );
#5360 = PCURVE('',#5361,#5366);
#5361 = CYLINDRICAL_SURFACE('',#5362,0.85);
#5362 = AXIS2_PLACEMENT_3D('',#5363,#5364,#5365);
#5363 = CARTESIAN_POINT('',(34.8,34.8,-6.));
#5364 = DIRECTION('',(0.,0.,1.));
#5365 = DIRECTION('',(1.,0.,-0.));
#5366 = DEFINITIONAL_REPRESENTATION('',(#5367),#5371);
#5367 = LINE('',#5368,#5369);
#5368 = CARTESIAN_POINT('',(0.,6.));
#5369 = VECTOR('',#5370,1.);
#5370 = DIRECTION('',(1.,0.));
#5371 = ( GEOMETRIC_REPRESENTATION_CONTEXT(2) 
PARAMETRIC_REPRESENTATION_CONTEXT() REPRESENTATION_CONTEXT('2D SPACE',''
  ) );
#5372 = ADVANCED_FACE('',(#5373),#3985,.F.);
#5373 = FACE_BOUND('',#5374,.F.);
#5374 = EDGE_LOOP('',(#5375,#5376,#5397,#5398));
#5375 = ORIENTED_EDGE('',*,*,#4636,.F.);
#5376 = ORIENTED_EDGE('',*,*,#5377,.T.);
#5377 = EDGE_CURVE('',#4637,#5296,#5378,.T.);
#5378 = SURFACE_CURVE('',#5379,(#5383,#5390),.PCURVE_S1.);
#5379 = LINE('',#5380,#5381);
#5380 = CARTESIAN_POINT('',(37.3,34.8,-5.));
#5381 = VECTOR('',#5382,1.);
#5382 = DIRECTION('',(0.,0.,1.));
#5383 = PCURVE('',#3985,#5384);
#5384 = DEFINITIONAL_REPRESENTATION('',(#5385),#5389);
#5385 = LINE('',#5386,#5387);
#5386 = CARTESIAN_POINT('',(0.,2.5));
#5387 = VECTOR('',#5388,1.);
#5388 = DIRECTION('',(1.,0.));
#5389 = ( GEOMETRIC_REPRESENTATION_CONTEXT(2) 
PARAMETRIC_REPRESENTATION_CONTEXT() REPRESENTATION_CONTEXT('2D SPACE',''
  ) );
#5390 = PCURVE('',#4676,#5391);
#5391 = DEFINITIONAL_REPRESENTATION('',(#5392),#5396);
#5392 = LINE('',#5393,#5394);
#5393 = CARTESIAN_POINT('',(6.28318530718,-0.));
#5394 = VECTOR('',#5395,1.);
#5395 = DIRECTION('',(0.,1.));
#5396 = ( GEOMETRIC_REPRESENTATION_CONTEXT(2) 
PARAMETRIC_REPRESENTATION_CONTEXT() REPRESENTATION_CONTEXT('2D SPACE',''
  ) );
#5397 = ORIENTED_EDGE('',*,*,#5319,.T.);
#5398 = ORIENTED_EDGE('',*,*,#3969,.F.);
#5399 = ADVANCED_FACE('',(#5400),#3934,.T.);
#5400 = FACE_BOUND('',#5401,.T.);
#5401 = EDGE_LOOP('',(#5402,#5403,#5424,#5425));
#5402 = ORIENTED_EDGE('',*,*,#4614,.F.);
#5403 = ORIENTED_EDGE('',*,*,#5404,.T.);
#5404 = EDGE_CURVE('',#4586,#5194,#5405,.T.);
#5405 = SURFACE_CURVE('',#5406,(#5410,#5417),.PCURVE_S1.);
#5406 = LINE('',#5407,#5408);
#5407 = CARTESIAN_POINT('',(37.3,2.2,-5.));
#5408 = VECTOR('',#5409,1.);
#5409 = DIRECTION('',(0.,0.,1.));
#5410 = PCURVE('',#3934,#5411);
#5411 = DEFINITIONAL_REPRESENTATION('',(#5412),#5416);
#5412 = LINE('',#5413,#5414);
#5413 = CARTESIAN_POINT('',(0.,2.5));
#5414 = VECTOR('',#5415,1.);
#5415 = DIRECTION('',(1.,0.));
#5416 = ( GEOMETRIC_REPRESENTATION_CONTEXT(2) 
PARAMETRIC_REPRESENTATION_CONTEXT() REPRESENTATION_CONTEXT('2D SPACE',''
  ) );
#5417 = PCURVE('',#4602,#5418);
#5418 = DEFINITIONAL_REPRESENTATION('',(#5419),#5423);
#5419 = LINE('',#5420,#5421);
#5420 = CARTESIAN_POINT('',(0.,-0.));
#5421 = VECTOR('',#5422,1.);
#5422 = DIRECTION('',(0.,1.));
#5423 = ( GEOMETRIC_REPRESENTATION_CONTEXT(2) 
PARAMETRIC_REPRESENTATION_CONTEXT() REPRESENTATION_CONTEXT('2D SPACE',''
  ) );
#5424 = ORIENTED_EDGE('',*,*,#5193,.T.);
#5425 = ORIENTED_EDGE('',*,*,#3918,.F.);
#5426 = ADVANCED_FACE('',(#5427,#5499),#4169,.T.);
#5427 = FACE_BOUND('',#5428,.T.);
#5428 = EDGE_LOOP('',(#5429,#5430,#5431,#5454,#5478));
#5429 = ORIENTED_EDGE('',*,*,#4153,.F.);
#5430 = ORIENTED_EDGE('',*,*,#4309,.F.);
#5431 = ORIENTED_EDGE('',*,*,#5432,.T.);
#5432 = EDGE_CURVE('',#4282,#5433,#5435,.T.);
#5433 = VERTEX_POINT('',#5434);
#5434 = CARTESIAN_POINT('',(-0.3,34.8,0.));
#5435 = SURFACE_CURVE('',#5436,(#5440,#5447),.PCURVE_S1.);
#5436 = LINE('',#5437,#5438);
#5437 = CARTESIAN_POINT('',(-1.5,34.8,0.));
#5438 = VECTOR('',#5439,1.);
#5439 = DIRECTION('',(1.,0.,-0.));
#5440 = PCURVE('',#4169,#5441);
#5441 = DEFINITIONAL_REPRESENTATION('',(#5442),#5446);
#5442 = LINE('',#5443,#5444);
#5443 = CARTESIAN_POINT('',(0.,0.));
#5444 = VECTOR('',#5445,1.);
#5445 = DIRECTION('',(1.,0.));
#5446 = ( GEOMETRIC_REPRESENTATION_CONTEXT(2) 
PARAMETRIC_REPRESENTATION_CONTEXT() REPRESENTATION_CONTEXT('2D SPACE',''
  ) );
#5447 = PCURVE('',#4297,#5448);
#5448 = DEFINITIONAL_REPRESENTATION('',(#5449),#5453);
#5449 = LINE('',#5450,#5451);
#5450 = CARTESIAN_POINT('',(5.,0.));
#5451 = VECTOR('',#5452,1.);
#5452 = DIRECTION('',(0.,1.));
#5453 = ( GEOMETRIC_REPRESENTATION_CONTEXT(2) 
PARAMETRIC_REPRESENTATION_CONTEXT() REPRESENTATION_CONTEXT('2D SPACE',''
  ) );
#5454 = ORIENTED_EDGE('',*,*,#5455,.T.);
#5455 = EDGE_CURVE('',#5433,#5456,#5458,.T.);
#5456 = VERTEX_POINT('',#5457);
#5457 = CARTESIAN_POINT('',(2.2,37.3,0.));
#5458 = SURFACE_CURVE('',#5459,(#5464,#5471),.PCURVE_S1.);
#5459 = CIRCLE('',#5460,2.5);
#5460 = AXIS2_PLACEMENT_3D('',#5461,#5462,#5463);
#5461 = CARTESIAN_POINT('',(2.2,34.8,0.));
#5462 = DIRECTION('',(0.,0.,1.));
#5463 = DIRECTION('',(-1.,2.84217094304E-14,0.));
#5464 = PCURVE('',#4169,#5465);
#5465 = DEFINITIONAL_REPRESENTATION('',(#5466),#5470);
#5466 = CIRCLE('',#5467,2.5);
#5467 = AXIS2_PLACEMENT_2D('',#5468,#5469);
#5468 = CARTESIAN_POINT('',(3.7,0.));
#5469 = DIRECTION('',(-1.,2.84217094304E-14));
#5470 = ( GEOMETRIC_REPRESENTATION_CONTEXT(2) 
PARAMETRIC_REPRESENTATION_CONTEXT() REPRESENTATION_CONTEXT('2D SPACE',''
  ) );
#5471 = PCURVE('',#4754,#5472);
#5472 = DEFINITIONAL_REPRESENTATION('',(#5473),#5477);
#5473 = LINE('',#5474,#5475);
#5474 = CARTESIAN_POINT('',(3.14159265359,5.));
#5475 = VECTOR('',#5476,1.);
#5476 = DIRECTION('',(1.,0.));
#5477 = ( GEOMETRIC_REPRESENTATION_CONTEXT(2) 
PARAMETRIC_REPRESENTATION_CONTEXT() REPRESENTATION_CONTEXT('2D SPACE',''
  ) );
#5478 = ORIENTED_EDGE('',*,*,#5479,.T.);
#5479 = EDGE_CURVE('',#5456,#4126,#5480,.T.);
#5480 = SURFACE_CURVE('',#5481,(#5485,#5492),.PCURVE_S1.);
#5481 = LINE('',#5482,#5483);
#5482 = CARTESIAN_POINT('',(2.2,34.8,0.));
#5483 = VECTOR('',#5484,1.);
#5484 = DIRECTION('',(-0.,1.,0.));
#5485 = PCURVE('',#4169,#5486);
#5486 = DEFINITIONAL_REPRESENTATION('',(#5487),#5491);
#5487 = LINE('',#5488,#5489);
#5488 = CARTESIAN_POINT('',(3.7,0.));
#5489 = VECTOR('',#5490,1.);
#5490 = DIRECTION('',(0.,1.));
#5491 = ( GEOMETRIC_REPRESENTATION_CONTEXT(2) 
PARAMETRIC_REPRESENTATION_CONTEXT() REPRESENTATION_CONTEXT('2D SPACE',''
  ) );
#5492 = PCURVE('',#4141,#5493);
#5493 = DEFINITIONAL_REPRESENTATION('',(#5494),#5498);
#5494 = LINE('',#5495,#5496);
#5495 = CARTESIAN_POINT('',(5.,0.));
#5496 = VECTOR('',#5497,1.);
#5497 = DIRECTION('',(0.,-1.));
#5498 = ( GEOMETRIC_REPRESENTATION_CONTEXT(2) 
PARAMETRIC_REPRESENTATION_CONTEXT() REPRESENTATION_CONTEXT('2D SPACE',''
  ) );
#5499 = FACE_BOUND('',#5500,.T.);
#5500 = EDGE_LOOP('',(#5501));
#5501 = ORIENTED_EDGE('',*,*,#5502,.F.);
#5502 = EDGE_CURVE('',#5503,#5503,#5505,.T.);
#5503 = VERTEX_POINT('',#5504);
#5504 = CARTESIAN_POINT('',(3.05,34.8,0.));
#5505 = SURFACE_CURVE('',#5506,(#5511,#5518),.PCURVE_S1.);
#5506 = CIRCLE('',#5507,0.85);
#5507 = AXIS2_PLACEMENT_3D('',#5508,#5509,#5510);
#5508 = CARTESIAN_POINT('',(2.2,34.8,0.));
#5509 = DIRECTION('',(0.,0.,1.));
#5510 = DIRECTION('',(1.,0.,-0.));
#5511 = PCURVE('',#4169,#5512);
#5512 = DEFINITIONAL_REPRESENTATION('',(#5513),#5517);
#5513 = CIRCLE('',#5514,0.85);
#5514 = AXIS2_PLACEMENT_2D('',#5515,#5516);
#5515 = CARTESIAN_POINT('',(3.7,0.));
#5516 = DIRECTION('',(1.,0.));
#5517 = ( GEOMETRIC_REPRESENTATION_CONTEXT(2) 
PARAMETRIC_REPRESENTATION_CONTEXT() REPRESENTATION_CONTEXT('2D SPACE',''
  ) );
#5518 = PCURVE('',#5519,#5524);
#5519 = CYLINDRICAL_SURFACE('',#5520,0.85);
#5520 = AXIS2_PLACEMENT_3D('',#5521,#5522,#5523);
#5521 = CARTESIAN_POINT('',(2.2,34.8,-6.));
#5522 = DIRECTION('',(0.,0.,1.));
#5523 = DIRECTION('',(1.,0.,-0.));
#5524 = DEFINITIONAL_REPRESENTATION('',(#5525),#5529);
#5525 = LINE('',#5526,#5527);
#5526 = CARTESIAN_POINT('',(0.,6.));
#5527 = VECTOR('',#5528,1.);
#5528 = DIRECTION('',(1.,0.));
#5529 = ( GEOMETRIC_REPRESENTATION_CONTEXT(2) 
PARAMETRIC_REPRESENTATION_CONTEXT() REPRESENTATION_CONTEXT('2D SPACE',''
  ) );
#5530 = ADVANCED_FACE('',(#5531),#4141,.T.);
#5531 = FACE_BOUND('',#5532,.T.);
#5532 = EDGE_LOOP('',(#5533,#5534,#5553,#5554));
#5533 = ORIENTED_EDGE('',*,*,#5479,.F.);
#5534 = ORIENTED_EDGE('',*,*,#5535,.F.);
#5535 = EDGE_CURVE('',#4711,#5456,#5536,.T.);
#5536 = SURFACE_CURVE('',#5537,(#5541,#5547),.PCURVE_S1.);
#5537 = LINE('',#5538,#5539);
#5538 = CARTESIAN_POINT('',(2.2,37.3,-5.));
#5539 = VECTOR('',#5540,1.);
#5540 = DIRECTION('',(0.,0.,1.));
#5541 = PCURVE('',#4141,#5542);
#5542 = DEFINITIONAL_REPRESENTATION('',(#5543),#5546);
#5543 = B_SPLINE_CURVE_WITH_KNOTS('',1,(#5544,#5545),.UNSPECIFIED.,.F.,
  .F.,(2,2),(-2.399999999625E-06,5.0000024),.PIECEWISE_BEZIER_KNOTS.);
#5544 = CARTESIAN_POINT('',(-2.399999999625E-06,-2.5));
#5545 = CARTESIAN_POINT('',(5.0000024,-2.5));
#5546 = ( GEOMETRIC_REPRESENTATION_CONTEXT(2) 
PARAMETRIC_REPRESENTATION_CONTEXT() REPRESENTATION_CONTEXT('2D SPACE',''
  ) );
#5547 = PCURVE('',#4754,#5548);
#5548 = DEFINITIONAL_REPRESENTATION('',(#5549),#5552);
#5549 = B_SPLINE_CURVE_WITH_KNOTS('',1,(#5550,#5551),.UNSPECIFIED.,.F.,
  .F.,(2,2),(0.,5.),.PIECEWISE_BEZIER_KNOTS.);
#5550 = CARTESIAN_POINT('',(7.853981633974,0.));
#5551 = CARTESIAN_POINT('',(7.853981633974,5.));
#5552 = ( GEOMETRIC_REPRESENTATION_CONTEXT(2) 
PARAMETRIC_REPRESENTATION_CONTEXT() REPRESENTATION_CONTEXT('2D SPACE',''
  ) );
#5553 = ORIENTED_EDGE('',*,*,#4710,.T.);
#5554 = ORIENTED_EDGE('',*,*,#4125,.T.);
#5555 = ADVANCED_FACE('',(#5556),#4090,.F.);
#5556 = FACE_BOUND('',#5557,.F.);
#5557 = EDGE_LOOP('',(#5558,#5559,#5578,#5579));
#5558 = ORIENTED_EDGE('',*,*,#5272,.F.);
#5559 = ORIENTED_EDGE('',*,*,#5560,.F.);
#5560 = EDGE_CURVE('',#4660,#5273,#5561,.T.);
#5561 = SURFACE_CURVE('',#5562,(#5566,#5572),.PCURVE_S1.);
#5562 = LINE('',#5563,#5564);
#5563 = CARTESIAN_POINT('',(34.8,37.3,-5.));
#5564 = VECTOR('',#5565,1.);
#5565 = DIRECTION('',(0.,0.,1.));
#5566 = PCURVE('',#4090,#5567);
#5567 = DEFINITIONAL_REPRESENTATION('',(#5568),#5571);
#5568 = B_SPLINE_CURVE_WITH_KNOTS('',1,(#5569,#5570),.UNSPECIFIED.,.F.,
  .F.,(2,2),(-2.399999999625E-06,5.0000024),.PIECEWISE_BEZIER_KNOTS.);
#5569 = CARTESIAN_POINT('',(-2.399999999625E-06,-2.5));
#5570 = CARTESIAN_POINT('',(5.0000024,-2.5));
#5571 = ( GEOMETRIC_REPRESENTATION_CONTEXT(2) 
PARAMETRIC_REPRESENTATION_CONTEXT() REPRESENTATION_CONTEXT('2D SPACE',''
  ) );
#5572 = PCURVE('',#4676,#5573);
#5573 = DEFINITIONAL_REPRESENTATION('',(#5574),#5577);
#5574 = B_SPLINE_CURVE_WITH_KNOTS('',1,(#5575,#5576),.UNSPECIFIED.,.F.,
  .F.,(2,2),(-2.399999999625E-06,5.0000024),.PIECEWISE_BEZIER_KNOTS.);
#5575 = CARTESIAN_POINT('',(1.570796326795,-2.399999999625E-06));
#5576 = CARTESIAN_POINT('',(1.570796326795,5.0000024));
#5577 = ( GEOMETRIC_REPRESENTATION_CONTEXT(2) 
PARAMETRIC_REPRESENTATION_CONTEXT() REPRESENTATION_CONTEXT('2D SPACE',''
  ) );
#5578 = ORIENTED_EDGE('',*,*,#4688,.T.);
#5579 = ORIENTED_EDGE('',*,*,#4074,.T.);
#5580 = ADVANCED_FACE('',(#5581),#4297,.F.);
#5581 = FACE_BOUND('',#5582,.F.);
#5582 = EDGE_LOOP('',(#5583,#5584,#5585,#5586));
#5583 = ORIENTED_EDGE('',*,*,#4766,.F.);
#5584 = ORIENTED_EDGE('',*,*,#4281,.T.);
#5585 = ORIENTED_EDGE('',*,*,#5432,.T.);
#5586 = ORIENTED_EDGE('',*,*,#5587,.F.);
#5587 = EDGE_CURVE('',#4734,#5433,#5588,.T.);
#5588 = SURFACE_CURVE('',#5589,(#5593,#5599),.PCURVE_S1.);
#5589 = LINE('',#5590,#5591);
#5590 = CARTESIAN_POINT('',(-0.3,34.8,-5.));
#5591 = VECTOR('',#5592,1.);
#5592 = DIRECTION('',(0.,0.,1.));
#5593 = PCURVE('',#4297,#5594);
#5594 = DEFINITIONAL_REPRESENTATION('',(#5595),#5598);
#5595 = B_SPLINE_CURVE_WITH_KNOTS('',1,(#5596,#5597),.UNSPECIFIED.,.F.,
  .F.,(2,2),(-2.399999999625E-06,5.0000024),.PIECEWISE_BEZIER_KNOTS.);
#5596 = CARTESIAN_POINT('',(-2.399999999625E-06,1.2));
#5597 = CARTESIAN_POINT('',(5.0000024,1.2));
#5598 = ( GEOMETRIC_REPRESENTATION_CONTEXT(2) 
PARAMETRIC_REPRESENTATION_CONTEXT() REPRESENTATION_CONTEXT('2D SPACE',''
  ) );
#5599 = PCURVE('',#4754,#5600);
#5600 = DEFINITIONAL_REPRESENTATION('',(#5601),#5604);
#5601 = B_SPLINE_CURVE_WITH_KNOTS('',1,(#5602,#5603),.UNSPECIFIED.,.F.,
  .F.,(2,2),(0.,5.),.PIECEWISE_BEZIER_KNOTS.);
#5602 = CARTESIAN_POINT('',(3.14159265359,0.));
#5603 = CARTESIAN_POINT('',(3.14159265359,5.));
#5604 = ( GEOMETRIC_REPRESENTATION_CONTEXT(2) 
PARAMETRIC_REPRESENTATION_CONTEXT() REPRESENTATION_CONTEXT('2D SPACE',''
  ) );
#5605 = ADVANCED_FACE('',(#5606),#4246,.T.);
#5606 = FACE_BOUND('',#5607,.T.);
#5607 = EDGE_LOOP('',(#5608,#5609,#5610,#5611));
#5608 = ORIENTED_EDGE('',*,*,#4788,.F.);
#5609 = ORIENTED_EDGE('',*,*,#4230,.T.);
#5610 = ORIENTED_EDGE('',*,*,#4994,.T.);
#5611 = ORIENTED_EDGE('',*,*,#5612,.F.);
#5612 = EDGE_CURVE('',#4789,#4995,#5613,.T.);
#5613 = SURFACE_CURVE('',#5614,(#5618,#5624),.PCURVE_S1.);
#5614 = LINE('',#5615,#5616);
#5615 = CARTESIAN_POINT('',(-0.3,2.2,-5.));
#5616 = VECTOR('',#5617,1.);
#5617 = DIRECTION('',(0.,0.,1.));
#5618 = PCURVE('',#4246,#5619);
#5619 = DEFINITIONAL_REPRESENTATION('',(#5620),#5623);
#5620 = B_SPLINE_CURVE_WITH_KNOTS('',1,(#5621,#5622),.UNSPECIFIED.,.F.,
  .F.,(2,2),(-2.399999999625E-06,5.0000024),.PIECEWISE_BEZIER_KNOTS.);
#5621 = CARTESIAN_POINT('',(-2.399999999625E-06,1.2));
#5622 = CARTESIAN_POINT('',(5.0000024,1.2));
#5623 = ( GEOMETRIC_REPRESENTATION_CONTEXT(2) 
PARAMETRIC_REPRESENTATION_CONTEXT() REPRESENTATION_CONTEXT('2D SPACE',''
  ) );
#5624 = PCURVE('',#4832,#5625);
#5625 = DEFINITIONAL_REPRESENTATION('',(#5626),#5629);
#5626 = B_SPLINE_CURVE_WITH_KNOTS('',1,(#5627,#5628),.UNSPECIFIED.,.F.,
  .F.,(2,2),(0.,5.),.PIECEWISE_BEZIER_KNOTS.);
#5627 = CARTESIAN_POINT('',(9.424777960769,0.));
#5628 = CARTESIAN_POINT('',(9.424777960769,5.));
#5629 = ( GEOMETRIC_REPRESENTATION_CONTEXT(2) 
PARAMETRIC_REPRESENTATION_CONTEXT() REPRESENTATION_CONTEXT('2D SPACE',''
  ) );
#5630 = ADVANCED_FACE('',(#5631),#4403,.F.);
#5631 = FACE_BOUND('',#5632,.F.);
#5632 = EDGE_LOOP('',(#5633,#5634,#5635,#5636));
#5633 = ORIENTED_EDGE('',*,*,#4867,.F.);
#5634 = ORIENTED_EDGE('',*,*,#4389,.T.);
#5635 = ORIENTED_EDGE('',*,*,#4463,.T.);
#5636 = ORIENTED_EDGE('',*,*,#5101,.F.);
#5637 = ADVANCED_FACE('',(#5638),#4832,.T.);
#5638 = FACE_BOUND('',#5639,.T.);
#5639 = EDGE_LOOP('',(#5640,#5641,#5642,#5643));
#5640 = ORIENTED_EDGE('',*,*,#4811,.F.);
#5641 = ORIENTED_EDGE('',*,*,#5612,.T.);
#5642 = ORIENTED_EDGE('',*,*,#5042,.F.);
#5643 = ORIENTED_EDGE('',*,*,#5121,.F.);
#5644 = ADVANCED_FACE('',(#5645),#4754,.T.);
#5645 = FACE_BOUND('',#5646,.T.);
#5646 = EDGE_LOOP('',(#5647,#5648,#5649,#5650));
#5647 = ORIENTED_EDGE('',*,*,#4733,.F.);
#5648 = ORIENTED_EDGE('',*,*,#5535,.T.);
#5649 = ORIENTED_EDGE('',*,*,#5455,.F.);
#5650 = ORIENTED_EDGE('',*,*,#5587,.F.);
#5651 = ADVANCED_FACE('',(#5652),#4676,.T.);
#5652 = FACE_BOUND('',#5653,.T.);
#5653 = EDGE_LOOP('',(#5654,#5655,#5656,#5657));
#5654 = ORIENTED_EDGE('',*,*,#5377,.T.);
#5655 = ORIENTED_EDGE('',*,*,#5295,.F.);
#5656 = ORIENTED_EDGE('',*,*,#5560,.F.);
#5657 = ORIENTED_EDGE('',*,*,#4659,.T.);
#5658 = ADVANCED_FACE('',(#5659),#4602,.T.);
#5659 = FACE_BOUND('',#5660,.T.);
#5660 = EDGE_LOOP('',(#5661,#5662,#5663,#5664));
#5661 = ORIENTED_EDGE('',*,*,#5216,.F.);
#5662 = ORIENTED_EDGE('',*,*,#5404,.F.);
#5663 = ORIENTED_EDGE('',*,*,#4585,.T.);
#5664 = ORIENTED_EDGE('',*,*,#5168,.T.);
#5665 = ADVANCED_FACE('',(#5666),#4979,.F.);
#5666 = FACE_BOUND('',#5667,.F.);
#5667 = EDGE_LOOP('',(#5668,#5691,#5718,#5719));
#5668 = ORIENTED_EDGE('',*,*,#5669,.T.);
#5669 = EDGE_CURVE('',#4963,#5670,#5672,.T.);
#5670 = VERTEX_POINT('',#5671);
#5671 = CARTESIAN_POINT('',(22.5,18.5,-6.4));
#5672 = SEAM_CURVE('',#5673,(#5677,#5684),.PCURVE_S1.);
#5673 = LINE('',#5674,#5675);
#5674 = CARTESIAN_POINT('',(22.5,18.5,-19.91));
#5675 = VECTOR('',#5676,1.);
#5676 = DIRECTION('',(0.,0.,1.));
#5677 = PCURVE('',#4979,#5678);
#5678 = DEFINITIONAL_REPRESENTATION('',(#5679),#5683);
#5679 = LINE('',#5680,#5681);
#5680 = CARTESIAN_POINT('',(6.28318530718,-0.));
#5681 = VECTOR('',#5682,1.);
#5682 = DIRECTION('',(0.,1.));
#5683 = ( GEOMETRIC_REPRESENTATION_CONTEXT(2) 
PARAMETRIC_REPRESENTATION_CONTEXT() REPRESENTATION_CONTEXT('2D SPACE',''
  ) );
#5684 = PCURVE('',#4979,#5685);
#5685 = DEFINITIONAL_REPRESENTATION('',(#5686),#5690);
#5686 = LINE('',#5687,#5688);
#5687 = CARTESIAN_POINT('',(0.,-0.));
#5688 = VECTOR('',#5689,1.);
#5689 = DIRECTION('',(0.,1.));
#5690 = ( GEOMETRIC_REPRESENTATION_CONTEXT(2) 
PARAMETRIC_REPRESENTATION_CONTEXT() REPRESENTATION_CONTEXT('2D SPACE',''
  ) );
#5691 = ORIENTED_EDGE('',*,*,#5692,.F.);
#5692 = EDGE_CURVE('',#5670,#5670,#5693,.T.);
#5693 = SURFACE_CURVE('',#5694,(#5699,#5706),.PCURVE_S1.);
#5694 = CIRCLE('',#5695,4.);
#5695 = AXIS2_PLACEMENT_3D('',#5696,#5697,#5698);
#5696 = CARTESIAN_POINT('',(18.5,18.5,-6.4));
#5697 = DIRECTION('',(0.,0.,1.));
#5698 = DIRECTION('',(1.,0.,-0.));
#5699 = PCURVE('',#4979,#5700);
#5700 = DEFINITIONAL_REPRESENTATION('',(#5701),#5705);
#5701 = LINE('',#5702,#5703);
#5702 = CARTESIAN_POINT('',(0.,13.51));
#5703 = VECTOR('',#5704,1.);
#5704 = DIRECTION('',(1.,0.));
#5705 = ( GEOMETRIC_REPRESENTATION_CONTEXT(2) 
PARAMETRIC_REPRESENTATION_CONTEXT() REPRESENTATION_CONTEXT('2D SPACE',''
  ) );
#5706 = PCURVE('',#5707,#5712);
#5707 = PLANE('',#5708);
#5708 = AXIS2_PLACEMENT_3D('',#5709,#5710,#5711);
#5709 = CARTESIAN_POINT('',(18.5,18.5,-6.4));
#5710 = DIRECTION('',(0.,0.,1.));
#5711 = DIRECTION('',(1.,0.,-0.));
#5712 = DEFINITIONAL_REPRESENTATION('',(#5713),#5717);
#5713 = CIRCLE('',#5714,4.);
#5714 = AXIS2_PLACEMENT_2D('',#5715,#5716);
#5715 = CARTESIAN_POINT('',(0.,0.));
#5716 = DIRECTION('',(1.,0.));
#5717 = ( GEOMETRIC_REPRESENTATION_CONTEXT(2) 
PARAMETRIC_REPRESENTATION_CONTEXT() REPRESENTATION_CONTEXT('2D SPACE',''
  ) );
#5718 = ORIENTED_EDGE('',*,*,#5669,.F.);
#5719 = ORIENTED_EDGE('',*,*,#4962,.T.);
#5720 = ADVANCED_FACE('',(#5721),#5083,.F.);
#5721 = FACE_BOUND('',#5722,.F.);
#5722 = EDGE_LOOP('',(#5723,#5724,#5747,#5774));
#5723 = ORIENTED_EDGE('',*,*,#5066,.F.);
#5724 = ORIENTED_EDGE('',*,*,#5725,.F.);
#5725 = EDGE_CURVE('',#5726,#5067,#5728,.T.);
#5726 = VERTEX_POINT('',#5727);
#5727 = CARTESIAN_POINT('',(3.05,2.2,-6.));
#5728 = SEAM_CURVE('',#5729,(#5733,#5740),.PCURVE_S1.);
#5729 = LINE('',#5730,#5731);
#5730 = CARTESIAN_POINT('',(3.05,2.2,-6.));
#5731 = VECTOR('',#5732,1.);
#5732 = DIRECTION('',(0.,0.,1.));
#5733 = PCURVE('',#5083,#5734);
#5734 = DEFINITIONAL_REPRESENTATION('',(#5735),#5739);
#5735 = LINE('',#5736,#5737);
#5736 = CARTESIAN_POINT('',(6.28318530718,-0.));
#5737 = VECTOR('',#5738,1.);
#5738 = DIRECTION('',(0.,1.));
#5739 = ( GEOMETRIC_REPRESENTATION_CONTEXT(2) 
PARAMETRIC_REPRESENTATION_CONTEXT() REPRESENTATION_CONTEXT('2D SPACE',''
  ) );
#5740 = PCURVE('',#5083,#5741);
#5741 = DEFINITIONAL_REPRESENTATION('',(#5742),#5746);
#5742 = LINE('',#5743,#5744);
#5743 = CARTESIAN_POINT('',(0.,-0.));
#5744 = VECTOR('',#5745,1.);
#5745 = DIRECTION('',(0.,1.));
#5746 = ( GEOMETRIC_REPRESENTATION_CONTEXT(2) 
PARAMETRIC_REPRESENTATION_CONTEXT() REPRESENTATION_CONTEXT('2D SPACE',''
  ) );
#5747 = ORIENTED_EDGE('',*,*,#5748,.T.);
#5748 = EDGE_CURVE('',#5726,#5726,#5749,.T.);
#5749 = SURFACE_CURVE('',#5750,(#5755,#5762),.PCURVE_S1.);
#5750 = CIRCLE('',#5751,0.85);
#5751 = AXIS2_PLACEMENT_3D('',#5752,#5753,#5754);
#5752 = CARTESIAN_POINT('',(2.2,2.2,-6.));
#5753 = DIRECTION('',(0.,0.,1.));
#5754 = DIRECTION('',(1.,0.,-0.));
#5755 = PCURVE('',#5083,#5756);
#5756 = DEFINITIONAL_REPRESENTATION('',(#5757),#5761);
#5757 = LINE('',#5758,#5759);
#5758 = CARTESIAN_POINT('',(0.,0.));
#5759 = VECTOR('',#5760,1.);
#5760 = DIRECTION('',(1.,0.));
#5761 = ( GEOMETRIC_REPRESENTATION_CONTEXT(2) 
PARAMETRIC_REPRESENTATION_CONTEXT() REPRESENTATION_CONTEXT('2D SPACE',''
  ) );
#5762 = PCURVE('',#5763,#5768);
#5763 = PLANE('',#5764);
#5764 = AXIS2_PLACEMENT_3D('',#5765,#5766,#5767);
#5765 = CARTESIAN_POINT('',(2.2,2.2,-6.));
#5766 = DIRECTION('',(0.,0.,1.));
#5767 = DIRECTION('',(1.,0.,-0.));
#5768 = DEFINITIONAL_REPRESENTATION('',(#5769),#5773);
#5769 = CIRCLE('',#5770,0.85);
#5770 = AXIS2_PLACEMENT_2D('',#5771,#5772);
#5771 = CARTESIAN_POINT('',(0.,0.));
#5772 = DIRECTION('',(1.,0.));
#5773 = ( GEOMETRIC_REPRESENTATION_CONTEXT(2) 
PARAMETRIC_REPRESENTATION_CONTEXT() REPRESENTATION_CONTEXT('2D SPACE',''
  ) );
#5774 = ORIENTED_EDGE('',*,*,#5725,.T.);
#5775 = ADVANCED_FACE('',(#5776),#5257,.F.);
#5776 = FACE_BOUND('',#5777,.F.);
#5777 = EDGE_LOOP('',(#5778,#5779,#5802,#5829));
#5778 = ORIENTED_EDGE('',*,*,#5240,.F.);
#5779 = ORIENTED_EDGE('',*,*,#5780,.F.);
#5780 = EDGE_CURVE('',#5781,#5241,#5783,.T.);
#5781 = VERTEX_POINT('',#5782);
#5782 = CARTESIAN_POINT('',(35.65,2.2,-6.));
#5783 = SEAM_CURVE('',#5784,(#5788,#5795),.PCURVE_S1.);
#5784 = LINE('',#5785,#5786);
#5785 = CARTESIAN_POINT('',(35.65,2.2,-6.));
#5786 = VECTOR('',#5787,1.);
#5787 = DIRECTION('',(0.,0.,1.));
#5788 = PCURVE('',#5257,#5789);
#5789 = DEFINITIONAL_REPRESENTATION('',(#5790),#5794);
#5790 = LINE('',#5791,#5792);
#5791 = CARTESIAN_POINT('',(6.28318530718,-0.));
#5792 = VECTOR('',#5793,1.);
#5793 = DIRECTION('',(0.,1.));
#5794 = ( GEOMETRIC_REPRESENTATION_CONTEXT(2) 
PARAMETRIC_REPRESENTATION_CONTEXT() REPRESENTATION_CONTEXT('2D SPACE',''
  ) );
#5795 = PCURVE('',#5257,#5796);
#5796 = DEFINITIONAL_REPRESENTATION('',(#5797),#5801);
#5797 = LINE('',#5798,#5799);
#5798 = CARTESIAN_POINT('',(0.,-0.));
#5799 = VECTOR('',#5800,1.);
#5800 = DIRECTION('',(0.,1.));
#5801 = ( GEOMETRIC_REPRESENTATION_CONTEXT(2) 
PARAMETRIC_REPRESENTATION_CONTEXT() REPRESENTATION_CONTEXT('2D SPACE',''
  ) );
#5802 = ORIENTED_EDGE('',*,*,#5803,.T.);
#5803 = EDGE_CURVE('',#5781,#5781,#5804,.T.);
#5804 = SURFACE_CURVE('',#5805,(#5810,#5817),.PCURVE_S1.);
#5805 = CIRCLE('',#5806,0.85);
#5806 = AXIS2_PLACEMENT_3D('',#5807,#5808,#5809);
#5807 = CARTESIAN_POINT('',(34.8,2.2,-6.));
#5808 = DIRECTION('',(0.,0.,1.));
#5809 = DIRECTION('',(1.,0.,-0.));
#5810 = PCURVE('',#5257,#5811);
#5811 = DEFINITIONAL_REPRESENTATION('',(#5812),#5816);
#5812 = LINE('',#5813,#5814);
#5813 = CARTESIAN_POINT('',(0.,0.));
#5814 = VECTOR('',#5815,1.);
#5815 = DIRECTION('',(1.,0.));
#5816 = ( GEOMETRIC_REPRESENTATION_CONTEXT(2) 
PARAMETRIC_REPRESENTATION_CONTEXT() REPRESENTATION_CONTEXT('2D SPACE',''
  ) );
#5817 = PCURVE('',#5818,#5823);
#5818 = PLANE('',#5819);
#5819 = AXIS2_PLACEMENT_3D('',#5820,#5821,#5822);
#5820 = CARTESIAN_POINT('',(34.8,2.2,-6.));
#5821 = DIRECTION('',(0.,0.,1.));
#5822 = DIRECTION('',(1.,0.,-0.));
#5823 = DEFINITIONAL_REPRESENTATION('',(#5824),#5828);
#5824 = CIRCLE('',#5825,0.85);
#5825 = AXIS2_PLACEMENT_2D('',#5826,#5827);
#5826 = CARTESIAN_POINT('',(0.,0.));
#5827 = DIRECTION('',(1.,0.));
#5828 = ( GEOMETRIC_REPRESENTATION_CONTEXT(2) 
PARAMETRIC_REPRESENTATION_CONTEXT() REPRESENTATION_CONTEXT('2D SPACE',''
  ) );
#5829 = ORIENTED_EDGE('',*,*,#5780,.T.);
#5830 = ADVANCED_FACE('',(#5831),#5361,.F.);
#5831 = FACE_BOUND('',#5832,.F.);
#5832 = EDGE_LOOP('',(#5833,#5834,#5857,#5884));
#5833 = ORIENTED_EDGE('',*,*,#5344,.F.);
#5834 = ORIENTED_EDGE('',*,*,#5835,.F.);
#5835 = EDGE_CURVE('',#5836,#5345,#5838,.T.);
#5836 = VERTEX_POINT('',#5837);
#5837 = CARTESIAN_POINT('',(35.65,34.8,-6.));
#5838 = SEAM_CURVE('',#5839,(#5843,#5850),.PCURVE_S1.);
#5839 = LINE('',#5840,#5841);
#5840 = CARTESIAN_POINT('',(35.65,34.8,-6.));
#5841 = VECTOR('',#5842,1.);
#5842 = DIRECTION('',(0.,0.,1.));
#5843 = PCURVE('',#5361,#5844);
#5844 = DEFINITIONAL_REPRESENTATION('',(#5845),#5849);
#5845 = LINE('',#5846,#5847);
#5846 = CARTESIAN_POINT('',(6.28318530718,-0.));
#5847 = VECTOR('',#5848,1.);
#5848 = DIRECTION('',(0.,1.));
#5849 = ( GEOMETRIC_REPRESENTATION_CONTEXT(2) 
PARAMETRIC_REPRESENTATION_CONTEXT() REPRESENTATION_CONTEXT('2D SPACE',''
  ) );
#5850 = PCURVE('',#5361,#5851);
#5851 = DEFINITIONAL_REPRESENTATION('',(#5852),#5856);
#5852 = LINE('',#5853,#5854);
#5853 = CARTESIAN_POINT('',(0.,-0.));
#5854 = VECTOR('',#5855,1.);
#5855 = DIRECTION('',(0.,1.));
#5856 = ( GEOMETRIC_REPRESENTATION_CONTEXT(2) 
PARAMETRIC_REPRESENTATION_CONTEXT() REPRESENTATION_CONTEXT('2D SPACE',''
  ) );
#5857 = ORIENTED_EDGE('',*,*,#5858,.T.);
#5858 = EDGE_CURVE('',#5836,#5836,#5859,.T.);
#5859 = SURFACE_CURVE('',#5860,(#5865,#5872),.PCURVE_S1.);
#5860 = CIRCLE('',#5861,0.85);
#5861 = AXIS2_PLACEMENT_3D('',#5862,#5863,#5864);
#5862 = CARTESIAN_POINT('',(34.8,34.8,-6.));
#5863 = DIRECTION('',(0.,0.,1.));
#5864 = DIRECTION('',(1.,0.,-0.));
#5865 = PCURVE('',#5361,#5866);
#5866 = DEFINITIONAL_REPRESENTATION('',(#5867),#5871);
#5867 = LINE('',#5868,#5869);
#5868 = CARTESIAN_POINT('',(0.,0.));
#5869 = VECTOR('',#5870,1.);
#5870 = DIRECTION('',(1.,0.));
#5871 = ( GEOMETRIC_REPRESENTATION_CONTEXT(2) 
PARAMETRIC_REPRESENTATION_CONTEXT() REPRESENTATION_CONTEXT('2D SPACE',''
  ) );
#5872 = PCURVE('',#5873,#5878);
#5873 = PLANE('',#5874);
#5874 = AXIS2_PLACEMENT_3D('',#5875,#5876,#5877);
#5875 = CARTESIAN_POINT('',(34.8,34.8,-6.));
#5876 = DIRECTION('',(0.,0.,1.));
#5877 = DIRECTION('',(1.,0.,-0.));
#5878 = DEFINITIONAL_REPRESENTATION('',(#5879),#5883);
#5879 = CIRCLE('',#5880,0.85);
#5880 = AXIS2_PLACEMENT_2D('',#5881,#5882);
#5881 = CARTESIAN_POINT('',(0.,0.));
#5882 = DIRECTION('',(1.,0.));
#5883 = ( GEOMETRIC_REPRESENTATION_CONTEXT(2) 
PARAMETRIC_REPRESENTATION_CONTEXT() REPRESENTATION_CONTEXT('2D SPACE',''
  ) );
#5884 = ORIENTED_EDGE('',*,*,#5835,.T.);
#5885 = ADVANCED_FACE('',(#5886),#5519,.F.);
#5886 = FACE_BOUND('',#5887,.F.);
#5887 = EDGE_LOOP('',(#5888,#5889,#5912,#5939));
#5888 = ORIENTED_EDGE('',*,*,#5502,.F.);
#5889 = ORIENTED_EDGE('',*,*,#5890,.F.);
#5890 = EDGE_CURVE('',#5891,#5503,#5893,.T.);
#5891 = VERTEX_POINT('',#5892);
#5892 = CARTESIAN_POINT('',(3.05,34.8,-6.));
#5893 = SEAM_CURVE('',#5894,(#5898,#5905),.PCURVE_S1.);
#5894 = LINE('',#5895,#5896);
#5895 = CARTESIAN_POINT('',(3.05,34.8,-6.));
#5896 = VECTOR('',#5897,1.);
#5897 = DIRECTION('',(0.,0.,1.));
#5898 = PCURVE('',#5519,#5899);
#5899 = DEFINITIONAL_REPRESENTATION('',(#5900),#5904);
#5900 = LINE('',#5901,#5902);
#5901 = CARTESIAN_POINT('',(6.28318530718,-0.));
#5902 = VECTOR('',#5903,1.);
#5903 = DIRECTION('',(0.,1.));
#5904 = ( GEOMETRIC_REPRESENTATION_CONTEXT(2) 
PARAMETRIC_REPRESENTATION_CONTEXT() REPRESENTATION_CONTEXT('2D SPACE',''
  ) );
#5905 = PCURVE('',#5519,#5906);
#5906 = DEFINITIONAL_REPRESENTATION('',(#5907),#5911);
#5907 = LINE('',#5908,#5909);
#5908 = CARTESIAN_POINT('',(0.,-0.));
#5909 = VECTOR('',#5910,1.);
#5910 = DIRECTION('',(0.,1.));
#5911 = ( GEOMETRIC_REPRESENTATION_CONTEXT(2) 
PARAMETRIC_REPRESENTATION_CONTEXT() REPRESENTATION_CONTEXT('2D SPACE',''
  ) );
#5912 = ORIENTED_EDGE('',*,*,#5913,.T.);
#5913 = EDGE_CURVE('',#5891,#5891,#5914,.T.);
#5914 = SURFACE_CURVE('',#5915,(#5920,#5927),.PCURVE_S1.);
#5915 = CIRCLE('',#5916,0.85);
#5916 = AXIS2_PLACEMENT_3D('',#5917,#5918,#5919);
#5917 = CARTESIAN_POINT('',(2.2,34.8,-6.));
#5918 = DIRECTION('',(0.,0.,1.));
#5919 = DIRECTION('',(1.,0.,-0.));
#5920 = PCURVE('',#5519,#5921);
#5921 = DEFINITIONAL_REPRESENTATION('',(#5922),#5926);
#5922 = LINE('',#5923,#5924);
#5923 = CARTESIAN_POINT('',(0.,0.));
#5924 = VECTOR('',#5925,1.);
#5925 = DIRECTION('',(1.,0.));
#5926 = ( GEOMETRIC_REPRESENTATION_CONTEXT(2) 
PARAMETRIC_REPRESENTATION_CONTEXT() REPRESENTATION_CONTEXT('2D SPACE',''
  ) );
#5927 = PCURVE('',#5928,#5933);
#5928 = PLANE('',#5929);
#5929 = AXIS2_PLACEMENT_3D('',#5930,#5931,#5932);
#5930 = CARTESIAN_POINT('',(2.2,34.8,-6.));
#5931 = DIRECTION('',(0.,0.,1.));
#5932 = DIRECTION('',(1.,0.,-0.));
#5933 = DEFINITIONAL_REPRESENTATION('',(#5934),#5938);
#5934 = CIRCLE('',#5935,0.85);
#5935 = AXIS2_PLACEMENT_2D('',#5936,#5937);
#5936 = CARTESIAN_POINT('',(0.,0.));
#5937 = DIRECTION('',(1.,0.));
#5938 = ( GEOMETRIC_REPRESENTATION_CONTEXT(2) 
PARAMETRIC_REPRESENTATION_CONTEXT() REPRESENTATION_CONTEXT('2D SPACE',''
  ) );
#5939 = ORIENTED_EDGE('',*,*,#5890,.T.);
#5940 = ADVANCED_FACE('',(#5941),#5707,.F.);
#5941 = FACE_BOUND('',#5942,.F.);
#5942 = EDGE_LOOP('',(#5943));
#5943 = ORIENTED_EDGE('',*,*,#5692,.T.);
#5944 = ADVANCED_FACE('',(#5945),#5763,.T.);
#5945 = FACE_BOUND('',#5946,.F.);
#5946 = EDGE_LOOP('',(#5947));
#5947 = ORIENTED_EDGE('',*,*,#5748,.F.);
#5948 = ADVANCED_FACE('',(#5949),#5818,.T.);
#5949 = FACE_BOUND('',#5950,.F.);
#5950 = EDGE_LOOP('',(#5951));
#5951 = ORIENTED_EDGE('',*,*,#5803,.F.);
#5952 = ADVANCED_FACE('',(#5953),#5873,.T.);
#5953 = FACE_BOUND('',#5954,.F.);
#5954 = EDGE_LOOP('',(#5955));
#5955 = ORIENTED_EDGE('',*,*,#5858,.F.);
#5956 = ADVANCED_FACE('',(#5957),#5928,.T.);
#5957 = FACE_BOUND('',#5958,.F.);
#5958 = EDGE_LOOP('',(#5959));
#5959 = ORIENTED_EDGE('',*,*,#5913,.F.);
#5960 = ( GEOMETRIC_REPRESENTATION_CONTEXT(3) 
GLOBAL_UNCERTAINTY_ASSIGNED_CONTEXT((#5964)) 
GLOBAL_UNIT_ASSIGNED_CONTEXT((#5961,#5962,#5963)) REPRESENTATION_CONTEXT
('Context #1','3D Context with UNIT and UNCERTAINTY') );
#5961 = ( LENGTH_UNIT() NAMED_UNIT(*) SI_UNIT(.MILLI.,.METRE.) );
#5962 = ( NAMED_UNIT(*) PLANE_ANGLE_UNIT() SI_UNIT($,.RADIAN.) );
#5963 = ( NAMED_UNIT(*) SI_UNIT($,.STERADIAN.) SOLID_ANGLE_UNIT() );
#5964 = UNCERTAINTY_MEASURE_WITH_UNIT(LENGTH_MEASURE(2.E-05),#5961,
  'distance_accuracy_value','confusion accuracy');
#5965 = CONTEXT_DEPENDENT_SHAPE_REPRESENTATION(#5966,#5968);
#5966 = ( REPRESENTATION_RELATIONSHIP('','',#40,#10) 
REPRESENTATION_RELATIONSHIP_WITH_TRANSFORMATION(#5967) 
SHAPE_REPRESENTATION_RELATIONSHIP() );
#5967 = ITEM_DEFINED_TRANSFORMATION('','',#11,#15);
#5968 = PRODUCT_DEFINITION_SHAPE('Placement','Placement of an item',
  #5969);
#5969 = NEXT_ASSEMBLY_USAGE_OCCURRENCE('17','wsc_cam_case_body','',#5,
  #35,$);
#5970 = PRODUCT_RELATED_PRODUCT_CATEGORY('part',$,(#37));
#5971 = SHAPE_DEFINITION_REPRESENTATION(#5972,#5978);
#5972 = PRODUCT_DEFINITION_SHAPE('','',#5973);
#5973 = PRODUCT_DEFINITION('design','',#5974,#5977);
#5974 = PRODUCT_DEFINITION_FORMATION('','',#5975);
#5975 = PRODUCT('wsc_cam_case_lid','wsc_cam_case_lid','',(#5976));
#5976 = PRODUCT_CONTEXT('',#2,'mechanical');
#5977 = PRODUCT_DEFINITION_CONTEXT('part definition',#2,'design');
#5978 = ADVANCED_BREP_SHAPE_REPRESENTATION('',(#11,#5979),#10119);
#5979 = MANIFOLD_SOLID_BREP('',#5980);
#5980 = CLOSED_SHELL('',(#5981,#6101,#6179,#6257,#6507,#6957,#6984,#7038
    ,#7065,#7092,#7099,#7175,#7224,#7273,#7300,#7404,#7486,#7583,#7665,
    #7714,#7769,#7824,#7879,#7906,#8487,#8493,#8500,#8535,#8540,#8575,
    #8610,#8645,#8883,#8956,#9096,#9121,#9268,#9316,#9342,#9367,#9514,
    #9562,#9588,#9613,#9760,#9808,#9834,#9841,#9867,#9917,#9967,#10017,
    #10067,#10073,#10080,#10086,#10093,#10100,#10106,#10113));
#5981 = ADVANCED_FACE('',(#5982),#5996,.T.);
#5982 = FACE_BOUND('',#5983,.T.);
#5983 = EDGE_LOOP('',(#5984,#6019,#6047,#6075));
#5984 = ORIENTED_EDGE('',*,*,#5985,.T.);
#5985 = EDGE_CURVE('',#5986,#5988,#5990,.T.);
#5986 = VERTEX_POINT('',#5987);
#5987 = CARTESIAN_POINT('',(-3.9,-0.9,10.));
#5988 = VERTEX_POINT('',#5989);
#5989 = CARTESIAN_POINT('',(-3.9,-0.9,12.4));
#5990 = SURFACE_CURVE('',#5991,(#5995,#6007),.PCURVE_S1.);
#5991 = LINE('',#5992,#5993);
#5992 = CARTESIAN_POINT('',(-3.9,-0.9,10.));
#5993 = VECTOR('',#5994,1.);
#5994 = DIRECTION('',(0.,0.,1.));
#5995 = PCURVE('',#5996,#6001);
#5996 = PLANE('',#5997);
#5997 = AXIS2_PLACEMENT_3D('',#5998,#5999,#6000);
#5998 = CARTESIAN_POINT('',(-3.9,-0.9,10.));
#5999 = DIRECTION('',(-1.,0.,0.));
#6000 = DIRECTION('',(0.,1.,0.));
#6001 = DEFINITIONAL_REPRESENTATION('',(#6002),#6006);
#6002 = LINE('',#6003,#6004);
#6003 = CARTESIAN_POINT('',(0.,0.));
#6004 = VECTOR('',#6005,1.);
#6005 = DIRECTION('',(0.,-1.));
#6006 = ( GEOMETRIC_REPRESENTATION_CONTEXT(2) 
PARAMETRIC_REPRESENTATION_CONTEXT() REPRESENTATION_CONTEXT('2D SPACE',''
  ) );
#6007 = PCURVE('',#6008,#6013);
#6008 = CYLINDRICAL_SURFACE('',#6009,3.);
#6009 = AXIS2_PLACEMENT_3D('',#6010,#6011,#6012);
#6010 = CARTESIAN_POINT('',(-0.9,-0.9,10.));
#6011 = DIRECTION('',(-0.,-0.,-1.));
#6012 = DIRECTION('',(1.,0.,0.));
#6013 = DEFINITIONAL_REPRESENTATION('',(#6014),#6018);
#6014 = LINE('',#6015,#6016);
#6015 = CARTESIAN_POINT('',(-3.14159265359,0.));
#6016 = VECTOR('',#6017,1.);
#6017 = DIRECTION('',(-0.,-1.));
#6018 = ( GEOMETRIC_REPRESENTATION_CONTEXT(2) 
PARAMETRIC_REPRESENTATION_CONTEXT() REPRESENTATION_CONTEXT('2D SPACE',''
  ) );
#6019 = ORIENTED_EDGE('',*,*,#6020,.T.);
#6020 = EDGE_CURVE('',#5988,#6021,#6023,.T.);
#6021 = VERTEX_POINT('',#6022);
#6022 = CARTESIAN_POINT('',(-3.9,37.899999995838,12.4));
#6023 = SURFACE_CURVE('',#6024,(#6028,#6035),.PCURVE_S1.);
#6024 = LINE('',#6025,#6026);
#6025 = CARTESIAN_POINT('',(-3.9,18.5,12.4));
#6026 = VECTOR('',#6027,1.);
#6027 = DIRECTION('',(0.,1.,0.));
#6028 = PCURVE('',#5996,#6029);
#6029 = DEFINITIONAL_REPRESENTATION('',(#6030),#6034);
#6030 = LINE('',#6031,#6032);
#6031 = CARTESIAN_POINT('',(19.400000000001,-2.4));
#6032 = VECTOR('',#6033,1.);
#6033 = DIRECTION('',(1.,0.));
#6034 = ( GEOMETRIC_REPRESENTATION_CONTEXT(2) 
PARAMETRIC_REPRESENTATION_CONTEXT() REPRESENTATION_CONTEXT('2D SPACE',''
  ) );
#6035 = PCURVE('',#6036,#6041);
#6036 = PLANE('',#6037);
#6037 = AXIS2_PLACEMENT_3D('',#6038,#6039,#6040);
#6038 = CARTESIAN_POINT('',(18.499999999424,18.499999999385,12.4));
#6039 = DIRECTION('',(0.,0.,1.));
#6040 = DIRECTION('',(1.,0.,-0.));
#6041 = DEFINITIONAL_REPRESENTATION('',(#6042),#6046);
#6042 = LINE('',#6043,#6044);
#6043 = CARTESIAN_POINT('',(-22.39999999942,6.158413903794E-10));
#6044 = VECTOR('',#6045,1.);
#6045 = DIRECTION('',(0.,1.));
#6046 = ( GEOMETRIC_REPRESENTATION_CONTEXT(2) 
PARAMETRIC_REPRESENTATION_CONTEXT() REPRESENTATION_CONTEXT('2D SPACE',''
  ) );
#6047 = ORIENTED_EDGE('',*,*,#6048,.F.);
#6048 = EDGE_CURVE('',#6049,#6021,#6051,.T.);
#6049 = VERTEX_POINT('',#6050);
#6050 = CARTESIAN_POINT('',(-3.9,37.899999995838,10.));
#6051 = SURFACE_CURVE('',#6052,(#6056,#6063),.PCURVE_S1.);
#6052 = LINE('',#6053,#6054);
#6053 = CARTESIAN_POINT('',(-3.9,37.899999995838,10.));
#6054 = VECTOR('',#6055,1.);
#6055 = DIRECTION('',(0.,0.,1.));
#6056 = PCURVE('',#5996,#6057);
#6057 = DEFINITIONAL_REPRESENTATION('',(#6058),#6062);
#6058 = LINE('',#6059,#6060);
#6059 = CARTESIAN_POINT('',(38.799999995839,0.));
#6060 = VECTOR('',#6061,1.);
#6061 = DIRECTION('',(0.,-1.));
#6062 = ( GEOMETRIC_REPRESENTATION_CONTEXT(2) 
PARAMETRIC_REPRESENTATION_CONTEXT() REPRESENTATION_CONTEXT('2D SPACE',''
  ) );
#6063 = PCURVE('',#6064,#6069);
#6064 = CYLINDRICAL_SURFACE('',#6065,3.);
#6065 = AXIS2_PLACEMENT_3D('',#6066,#6067,#6068);
#6066 = CARTESIAN_POINT('',(-0.9,37.899999995838,10.));
#6067 = DIRECTION('',(-0.,-0.,-1.));
#6068 = DIRECTION('',(1.,0.,0.));
#6069 = DEFINITIONAL_REPRESENTATION('',(#6070),#6074);
#6070 = LINE('',#6071,#6072);
#6071 = CARTESIAN_POINT('',(-3.14159265359,0.));
#6072 = VECTOR('',#6073,1.);
#6073 = DIRECTION('',(-0.,-1.));
#6074 = ( GEOMETRIC_REPRESENTATION_CONTEXT(2) 
PARAMETRIC_REPRESENTATION_CONTEXT() REPRESENTATION_CONTEXT('2D SPACE',''
  ) );
#6075 = ORIENTED_EDGE('',*,*,#6076,.F.);
#6076 = EDGE_CURVE('',#5986,#6049,#6077,.T.);
#6077 = SURFACE_CURVE('',#6078,(#6082,#6089),.PCURVE_S1.);
#6078 = LINE('',#6079,#6080);
#6079 = CARTESIAN_POINT('',(-3.9,18.5,10.));
#6080 = VECTOR('',#6081,1.);
#6081 = DIRECTION('',(0.,1.,0.));
#6082 = PCURVE('',#5996,#6083);
#6083 = DEFINITIONAL_REPRESENTATION('',(#6084),#6088);
#6084 = LINE('',#6085,#6086);
#6085 = CARTESIAN_POINT('',(19.400000000001,0.));
#6086 = VECTOR('',#6087,1.);
#6087 = DIRECTION('',(1.,0.));
#6088 = ( GEOMETRIC_REPRESENTATION_CONTEXT(2) 
PARAMETRIC_REPRESENTATION_CONTEXT() REPRESENTATION_CONTEXT('2D SPACE',''
  ) );
#6089 = PCURVE('',#6090,#6095);
#6090 = PLANE('',#6091);
#6091 = AXIS2_PLACEMENT_3D('',#6092,#6093,#6094);
#6092 = CARTESIAN_POINT('',(18.499999999424,18.499999999385,10.));
#6093 = DIRECTION('',(0.,0.,1.));
#6094 = DIRECTION('',(1.,0.,-0.));
#6095 = DEFINITIONAL_REPRESENTATION('',(#6096),#6100);
#6096 = LINE('',#6097,#6098);
#6097 = CARTESIAN_POINT('',(-22.39999999942,6.158413903794E-10));
#6098 = VECTOR('',#6099,1.);
#6099 = DIRECTION('',(0.,1.));
#6100 = ( GEOMETRIC_REPRESENTATION_CONTEXT(2) 
PARAMETRIC_REPRESENTATION_CONTEXT() REPRESENTATION_CONTEXT('2D SPACE',''
  ) );
#6101 = ADVANCED_FACE('',(#6102),#6008,.T.);
#6102 = FACE_BOUND('',#6103,.F.);
#6103 = EDGE_LOOP('',(#6104,#6105,#6129,#6157));
#6104 = ORIENTED_EDGE('',*,*,#5985,.T.);
#6105 = ORIENTED_EDGE('',*,*,#6106,.T.);
#6106 = EDGE_CURVE('',#5988,#6107,#6109,.T.);
#6107 = VERTEX_POINT('',#6108);
#6108 = CARTESIAN_POINT('',(-0.9,-3.9,12.4));
#6109 = SURFACE_CURVE('',#6110,(#6115,#6122),.PCURVE_S1.);
#6110 = CIRCLE('',#6111,3.);
#6111 = AXIS2_PLACEMENT_3D('',#6112,#6113,#6114);
#6112 = CARTESIAN_POINT('',(-0.9,-0.9,12.4));
#6113 = DIRECTION('',(0.,0.,1.));
#6114 = DIRECTION('',(1.,0.,0.));
#6115 = PCURVE('',#6008,#6116);
#6116 = DEFINITIONAL_REPRESENTATION('',(#6117),#6121);
#6117 = LINE('',#6118,#6119);
#6118 = CARTESIAN_POINT('',(-0.,-2.4));
#6119 = VECTOR('',#6120,1.);
#6120 = DIRECTION('',(-1.,0.));
#6121 = ( GEOMETRIC_REPRESENTATION_CONTEXT(2) 
PARAMETRIC_REPRESENTATION_CONTEXT() REPRESENTATION_CONTEXT('2D SPACE',''
  ) );
#6122 = PCURVE('',#6036,#6123);
#6123 = DEFINITIONAL_REPRESENTATION('',(#6124),#6128);
#6124 = CIRCLE('',#6125,3.);
#6125 = AXIS2_PLACEMENT_2D('',#6126,#6127);
#6126 = CARTESIAN_POINT('',(-19.39999999942,-19.39999999938));
#6127 = DIRECTION('',(1.,0.));
#6128 = ( GEOMETRIC_REPRESENTATION_CONTEXT(2) 
PARAMETRIC_REPRESENTATION_CONTEXT() REPRESENTATION_CONTEXT('2D SPACE',''
  ) );
#6129 = ORIENTED_EDGE('',*,*,#6130,.F.);
#6130 = EDGE_CURVE('',#6131,#6107,#6133,.T.);
#6131 = VERTEX_POINT('',#6132);
#6132 = CARTESIAN_POINT('',(-0.9,-3.9,10.));
#6133 = SURFACE_CURVE('',#6134,(#6138,#6145),.PCURVE_S1.);
#6134 = LINE('',#6135,#6136);
#6135 = CARTESIAN_POINT('',(-0.9,-3.9,10.));
#6136 = VECTOR('',#6137,1.);
#6137 = DIRECTION('',(0.,0.,1.));
#6138 = PCURVE('',#6008,#6139);
#6139 = DEFINITIONAL_REPRESENTATION('',(#6140),#6144);
#6140 = LINE('',#6141,#6142);
#6141 = CARTESIAN_POINT('',(-4.712388980385,0.));
#6142 = VECTOR('',#6143,1.);
#6143 = DIRECTION('',(-0.,-1.));
#6144 = ( GEOMETRIC_REPRESENTATION_CONTEXT(2) 
PARAMETRIC_REPRESENTATION_CONTEXT() REPRESENTATION_CONTEXT('2D SPACE',''
  ) );
#6145 = PCURVE('',#6146,#6151);
#6146 = PLANE('',#6147);
#6147 = AXIS2_PLACEMENT_3D('',#6148,#6149,#6150);
#6148 = CARTESIAN_POINT('',(-0.9,-3.9,10.));
#6149 = DIRECTION('',(0.,1.,0.));
#6150 = DIRECTION('',(1.,0.,0.));
#6151 = DEFINITIONAL_REPRESENTATION('',(#6152),#6156);
#6152 = LINE('',#6153,#6154);
#6153 = CARTESIAN_POINT('',(0.,0.));
#6154 = VECTOR('',#6155,1.);
#6155 = DIRECTION('',(0.,-1.));
#6156 = ( GEOMETRIC_REPRESENTATION_CONTEXT(2) 
PARAMETRIC_REPRESENTATION_CONTEXT() REPRESENTATION_CONTEXT('2D SPACE',''
  ) );
#6157 = ORIENTED_EDGE('',*,*,#6158,.F.);
#6158 = EDGE_CURVE('',#5986,#6131,#6159,.T.);
#6159 = SURFACE_CURVE('',#6160,(#6165,#6172),.PCURVE_S1.);
#6160 = CIRCLE('',#6161,3.);
#6161 = AXIS2_PLACEMENT_3D('',#6162,#6163,#6164);
#6162 = CARTESIAN_POINT('',(-0.9,-0.9,10.));
#6163 = DIRECTION('',(0.,0.,1.));
#6164 = DIRECTION('',(1.,0.,0.));
#6165 = PCURVE('',#6008,#6166);
#6166 = DEFINITIONAL_REPRESENTATION('',(#6167),#6171);
#6167 = LINE('',#6168,#6169);
#6168 = CARTESIAN_POINT('',(-0.,0.));
#6169 = VECTOR('',#6170,1.);
#6170 = DIRECTION('',(-1.,0.));
#6171 = ( GEOMETRIC_REPRESENTATION_CONTEXT(2) 
PARAMETRIC_REPRESENTATION_CONTEXT() REPRESENTATION_CONTEXT('2D SPACE',''
  ) );
#6172 = PCURVE('',#6090,#6173);
#6173 = DEFINITIONAL_REPRESENTATION('',(#6174),#6178);
#6174 = CIRCLE('',#6175,3.);
#6175 = AXIS2_PLACEMENT_2D('',#6176,#6177);
#6176 = CARTESIAN_POINT('',(-19.39999999942,-19.39999999938));
#6177 = DIRECTION('',(1.,0.));
#6178 = ( GEOMETRIC_REPRESENTATION_CONTEXT(2) 
PARAMETRIC_REPRESENTATION_CONTEXT() REPRESENTATION_CONTEXT('2D SPACE',''
  ) );
#6179 = ADVANCED_FACE('',(#6180),#6064,.T.);
#6180 = FACE_BOUND('',#6181,.F.);
#6181 = EDGE_LOOP('',(#6182,#6212,#6234,#6235));
#6182 = ORIENTED_EDGE('',*,*,#6183,.T.);
#6183 = EDGE_CURVE('',#6184,#6186,#6188,.T.);
#6184 = VERTEX_POINT('',#6185);
#6185 = CARTESIAN_POINT('',(-0.9,40.899999997919,10.));
#6186 = VERTEX_POINT('',#6187);
#6187 = CARTESIAN_POINT('',(-0.9,40.899999997919,12.4));
#6188 = SURFACE_CURVE('',#6189,(#6193,#6200),.PCURVE_S1.);
#6189 = LINE('',#6190,#6191);
#6190 = CARTESIAN_POINT('',(-0.9,40.899999997919,10.));
#6191 = VECTOR('',#6192,1.);
#6192 = DIRECTION('',(0.,0.,1.));
#6193 = PCURVE('',#6064,#6194);
#6194 = DEFINITIONAL_REPRESENTATION('',(#6195),#6199);
#6195 = LINE('',#6196,#6197);
#6196 = CARTESIAN_POINT('',(-1.570796326795,0.));
#6197 = VECTOR('',#6198,1.);
#6198 = DIRECTION('',(-0.,-1.));
#6199 = ( GEOMETRIC_REPRESENTATION_CONTEXT(2) 
PARAMETRIC_REPRESENTATION_CONTEXT() REPRESENTATION_CONTEXT('2D SPACE',''
  ) );
#6200 = PCURVE('',#6201,#6206);
#6201 = PLANE('',#6202);
#6202 = AXIS2_PLACEMENT_3D('',#6203,#6204,#6205);
#6203 = CARTESIAN_POINT('',(-0.9,40.9,10.));
#6204 = DIRECTION('',(0.,1.,0.));
#6205 = DIRECTION('',(1.,0.,0.));
#6206 = DEFINITIONAL_REPRESENTATION('',(#6207),#6211);
#6207 = LINE('',#6208,#6209);
#6208 = CARTESIAN_POINT('',(0.,0.));
#6209 = VECTOR('',#6210,1.);
#6210 = DIRECTION('',(0.,-1.));
#6211 = ( GEOMETRIC_REPRESENTATION_CONTEXT(2) 
PARAMETRIC_REPRESENTATION_CONTEXT() REPRESENTATION_CONTEXT('2D SPACE',''
  ) );
#6212 = ORIENTED_EDGE('',*,*,#6213,.T.);
#6213 = EDGE_CURVE('',#6186,#6021,#6214,.T.);
#6214 = SURFACE_CURVE('',#6215,(#6220,#6227),.PCURVE_S1.);
#6215 = CIRCLE('',#6216,3.);
#6216 = AXIS2_PLACEMENT_3D('',#6217,#6218,#6219);
#6217 = CARTESIAN_POINT('',(-0.9,37.899999995838,12.4));
#6218 = DIRECTION('',(0.,0.,1.));
#6219 = DIRECTION('',(1.,0.,0.));
#6220 = PCURVE('',#6064,#6221);
#6221 = DEFINITIONAL_REPRESENTATION('',(#6222),#6226);
#6222 = LINE('',#6223,#6224);
#6223 = CARTESIAN_POINT('',(-0.,-2.4));
#6224 = VECTOR('',#6225,1.);
#6225 = DIRECTION('',(-1.,0.));
#6226 = ( GEOMETRIC_REPRESENTATION_CONTEXT(2) 
PARAMETRIC_REPRESENTATION_CONTEXT() REPRESENTATION_CONTEXT('2D SPACE',''
  ) );
#6227 = PCURVE('',#6036,#6228);
#6228 = DEFINITIONAL_REPRESENTATION('',(#6229),#6233);
#6229 = CIRCLE('',#6230,3.);
#6230 = AXIS2_PLACEMENT_2D('',#6231,#6232);
#6231 = CARTESIAN_POINT('',(-19.39999999942,19.399999996454));
#6232 = DIRECTION('',(1.,0.));
#6233 = ( GEOMETRIC_REPRESENTATION_CONTEXT(2) 
PARAMETRIC_REPRESENTATION_CONTEXT() REPRESENTATION_CONTEXT('2D SPACE',''
  ) );
#6234 = ORIENTED_EDGE('',*,*,#6048,.F.);
#6235 = ORIENTED_EDGE('',*,*,#6236,.F.);
#6236 = EDGE_CURVE('',#6184,#6049,#6237,.T.);
#6237 = SURFACE_CURVE('',#6238,(#6243,#6250),.PCURVE_S1.);
#6238 = CIRCLE('',#6239,3.);
#6239 = AXIS2_PLACEMENT_3D('',#6240,#6241,#6242);
#6240 = CARTESIAN_POINT('',(-0.9,37.899999995838,10.));
#6241 = DIRECTION('',(0.,0.,1.));
#6242 = DIRECTION('',(1.,0.,0.));
#6243 = PCURVE('',#6064,#6244);
#6244 = DEFINITIONAL_REPRESENTATION('',(#6245),#6249);
#6245 = LINE('',#6246,#6247);
#6246 = CARTESIAN_POINT('',(-0.,0.));
#6247 = VECTOR('',#6248,1.);
#6248 = DIRECTION('',(-1.,0.));
#6249 = ( GEOMETRIC_REPRESENTATION_CONTEXT(2) 
PARAMETRIC_REPRESENTATION_CONTEXT() REPRESENTATION_CONTEXT('2D SPACE',''
  ) );
#6250 = PCURVE('',#6090,#6251);
#6251 = DEFINITIONAL_REPRESENTATION('',(#6252),#6256);
#6252 = CIRCLE('',#6253,3.);
#6253 = AXIS2_PLACEMENT_2D('',#6254,#6255);
#6254 = CARTESIAN_POINT('',(-19.39999999942,19.399999996454));
#6255 = DIRECTION('',(1.,0.));
#6256 = ( GEOMETRIC_REPRESENTATION_CONTEXT(2) 
PARAMETRIC_REPRESENTATION_CONTEXT() REPRESENTATION_CONTEXT('2D SPACE',''
  ) );
#6257 = ADVANCED_FACE('',(#6258,#6393),#6090,.F.);
#6258 = FACE_BOUND('',#6259,.F.);
#6259 = EDGE_LOOP('',(#6260,#6261,#6262,#6285,#6314,#6342,#6371,#6392));
#6260 = ORIENTED_EDGE('',*,*,#6076,.F.);
#6261 = ORIENTED_EDGE('',*,*,#6158,.T.);
#6262 = ORIENTED_EDGE('',*,*,#6263,.T.);
#6263 = EDGE_CURVE('',#6131,#6264,#6266,.T.);
#6264 = VERTEX_POINT('',#6265);
#6265 = CARTESIAN_POINT('',(37.899999995838,-3.9,10.));
#6266 = SURFACE_CURVE('',#6267,(#6271,#6278),.PCURVE_S1.);
#6267 = LINE('',#6268,#6269);
#6268 = CARTESIAN_POINT('',(18.5,-3.9,10.));
#6269 = VECTOR('',#6270,1.);
#6270 = DIRECTION('',(1.,0.,0.));
#6271 = PCURVE('',#6090,#6272);
#6272 = DEFINITIONAL_REPRESENTATION('',(#6273),#6277);
#6273 = LINE('',#6274,#6275);
#6274 = CARTESIAN_POINT('',(5.761186584209E-10,-22.39999999938));
#6275 = VECTOR('',#6276,1.);
#6276 = DIRECTION('',(1.,0.));
#6277 = ( GEOMETRIC_REPRESENTATION_CONTEXT(2) 
PARAMETRIC_REPRESENTATION_CONTEXT() REPRESENTATION_CONTEXT('2D SPACE',''
  ) );
#6278 = PCURVE('',#6146,#6279);
#6279 = DEFINITIONAL_REPRESENTATION('',(#6280),#6284);
#6280 = LINE('',#6281,#6282);
#6281 = CARTESIAN_POINT('',(19.4,0.));
#6282 = VECTOR('',#6283,1.);
#6283 = DIRECTION('',(1.,0.));
#6284 = ( GEOMETRIC_REPRESENTATION_CONTEXT(2) 
PARAMETRIC_REPRESENTATION_CONTEXT() REPRESENTATION_CONTEXT('2D SPACE',''
  ) );
#6285 = ORIENTED_EDGE('',*,*,#6286,.T.);
#6286 = EDGE_CURVE('',#6264,#6287,#6289,.T.);
#6287 = VERTEX_POINT('',#6288);
#6288 = CARTESIAN_POINT('',(40.899999997919,-0.9,10.));
#6289 = SURFACE_CURVE('',#6290,(#6295,#6302),.PCURVE_S1.);
#6290 = CIRCLE('',#6291,3.);
#6291 = AXIS2_PLACEMENT_3D('',#6292,#6293,#6294);
#6292 = CARTESIAN_POINT('',(37.899999995838,-0.9,10.));
#6293 = DIRECTION('',(0.,0.,1.));
#6294 = DIRECTION('',(1.,0.,0.));
#6295 = PCURVE('',#6090,#6296);
#6296 = DEFINITIONAL_REPRESENTATION('',(#6297),#6301);
#6297 = CIRCLE('',#6298,3.);
#6298 = AXIS2_PLACEMENT_2D('',#6299,#6300);
#6299 = CARTESIAN_POINT('',(19.399999996414,-19.39999999938));
#6300 = DIRECTION('',(1.,0.));
#6301 = ( GEOMETRIC_REPRESENTATION_CONTEXT(2) 
PARAMETRIC_REPRESENTATION_CONTEXT() REPRESENTATION_CONTEXT('2D SPACE',''
  ) );
#6302 = PCURVE('',#6303,#6308);
#6303 = CYLINDRICAL_SURFACE('',#6304,3.);
#6304 = AXIS2_PLACEMENT_3D('',#6305,#6306,#6307);
#6305 = CARTESIAN_POINT('',(37.899999995838,-0.9,10.));
#6306 = DIRECTION('',(-0.,-0.,-1.));
#6307 = DIRECTION('',(1.,0.,0.));
#6308 = DEFINITIONAL_REPRESENTATION('',(#6309),#6313);
#6309 = LINE('',#6310,#6311);
#6310 = CARTESIAN_POINT('',(-0.,0.));
#6311 = VECTOR('',#6312,1.);
#6312 = DIRECTION('',(-1.,0.));
#6313 = ( GEOMETRIC_REPRESENTATION_CONTEXT(2) 
PARAMETRIC_REPRESENTATION_CONTEXT() REPRESENTATION_CONTEXT('2D SPACE',''
  ) );
#6314 = ORIENTED_EDGE('',*,*,#6315,.T.);
#6315 = EDGE_CURVE('',#6287,#6316,#6318,.T.);
#6316 = VERTEX_POINT('',#6317);
#6317 = CARTESIAN_POINT('',(40.9,37.899999995838,10.));
#6318 = SURFACE_CURVE('',#6319,(#6323,#6330),.PCURVE_S1.);
#6319 = LINE('',#6320,#6321);
#6320 = CARTESIAN_POINT('',(40.9,18.5,10.));
#6321 = VECTOR('',#6322,1.);
#6322 = DIRECTION('',(0.,1.,0.));
#6323 = PCURVE('',#6090,#6324);
#6324 = DEFINITIONAL_REPRESENTATION('',(#6325),#6329);
#6325 = LINE('',#6326,#6327);
#6326 = CARTESIAN_POINT('',(22.400000000576,6.158413903794E-10));
#6327 = VECTOR('',#6328,1.);
#6328 = DIRECTION('',(0.,1.));
#6329 = ( GEOMETRIC_REPRESENTATION_CONTEXT(2) 
PARAMETRIC_REPRESENTATION_CONTEXT() REPRESENTATION_CONTEXT('2D SPACE',''
  ) );
#6330 = PCURVE('',#6331,#6336);
#6331 = PLANE('',#6332);
#6332 = AXIS2_PLACEMENT_3D('',#6333,#6334,#6335);
#6333 = CARTESIAN_POINT('',(40.9,-0.9,10.));
#6334 = DIRECTION('',(-1.,0.,0.));
#6335 = DIRECTION('',(0.,1.,0.));
#6336 = DEFINITIONAL_REPRESENTATION('',(#6337),#6341);
#6337 = LINE('',#6338,#6339);
#6338 = CARTESIAN_POINT('',(19.4,0.));
#6339 = VECTOR('',#6340,1.);
#6340 = DIRECTION('',(1.,0.));
#6341 = ( GEOMETRIC_REPRESENTATION_CONTEXT(2) 
PARAMETRIC_REPRESENTATION_CONTEXT() REPRESENTATION_CONTEXT('2D SPACE',''
  ) );
#6342 = ORIENTED_EDGE('',*,*,#6343,.T.);
#6343 = EDGE_CURVE('',#6316,#6344,#6346,.T.);
#6344 = VERTEX_POINT('',#6345);
#6345 = CARTESIAN_POINT('',(37.9,40.899999997919,10.));
#6346 = SURFACE_CURVE('',#6347,(#6352,#6359),.PCURVE_S1.);
#6347 = CIRCLE('',#6348,3.);
#6348 = AXIS2_PLACEMENT_3D('',#6349,#6350,#6351);
#6349 = CARTESIAN_POINT('',(37.9,37.899999995838,10.));
#6350 = DIRECTION('',(0.,0.,1.));
#6351 = DIRECTION('',(1.,0.,0.));
#6352 = PCURVE('',#6090,#6353);
#6353 = DEFINITIONAL_REPRESENTATION('',(#6354),#6358);
#6354 = CIRCLE('',#6355,3.);
#6355 = AXIS2_PLACEMENT_2D('',#6356,#6357);
#6356 = CARTESIAN_POINT('',(19.400000000576,19.399999996454));
#6357 = DIRECTION('',(1.,0.));
#6358 = ( GEOMETRIC_REPRESENTATION_CONTEXT(2) 
PARAMETRIC_REPRESENTATION_CONTEXT() REPRESENTATION_CONTEXT('2D SPACE',''
  ) );
#6359 = PCURVE('',#6360,#6365);
#6360 = CYLINDRICAL_SURFACE('',#6361,3.);
#6361 = AXIS2_PLACEMENT_3D('',#6362,#6363,#6364);
#6362 = CARTESIAN_POINT('',(37.9,37.899999995838,10.));
#6363 = DIRECTION('',(-0.,-0.,-1.));
#6364 = DIRECTION('',(1.,0.,0.));
#6365 = DEFINITIONAL_REPRESENTATION('',(#6366),#6370);
#6366 = LINE('',#6367,#6368);
#6367 = CARTESIAN_POINT('',(-0.,0.));
#6368 = VECTOR('',#6369,1.);
#6369 = DIRECTION('',(-1.,0.));
#6370 = ( GEOMETRIC_REPRESENTATION_CONTEXT(2) 
PARAMETRIC_REPRESENTATION_CONTEXT() REPRESENTATION_CONTEXT('2D SPACE',''
  ) );
#6371 = ORIENTED_EDGE('',*,*,#6372,.F.);
#6372 = EDGE_CURVE('',#6184,#6344,#6373,.T.);
#6373 = SURFACE_CURVE('',#6374,(#6378,#6385),.PCURVE_S1.);
#6374 = LINE('',#6375,#6376);
#6375 = CARTESIAN_POINT('',(18.5,40.9,10.));
#6376 = VECTOR('',#6377,1.);
#6377 = DIRECTION('',(1.,0.,0.));
#6378 = PCURVE('',#6090,#6379);
#6379 = DEFINITIONAL_REPRESENTATION('',(#6380),#6384);
#6380 = LINE('',#6381,#6382);
#6381 = CARTESIAN_POINT('',(5.761186584209E-10,22.400000000616));
#6382 = VECTOR('',#6383,1.);
#6383 = DIRECTION('',(1.,0.));
#6384 = ( GEOMETRIC_REPRESENTATION_CONTEXT(2) 
PARAMETRIC_REPRESENTATION_CONTEXT() REPRESENTATION_CONTEXT('2D SPACE',''
  ) );
#6385 = PCURVE('',#6201,#6386);
#6386 = DEFINITIONAL_REPRESENTATION('',(#6387),#6391);
#6387 = LINE('',#6388,#6389);
#6388 = CARTESIAN_POINT('',(19.4,0.));
#6389 = VECTOR('',#6390,1.);
#6390 = DIRECTION('',(1.,0.));
#6391 = ( GEOMETRIC_REPRESENTATION_CONTEXT(2) 
PARAMETRIC_REPRESENTATION_CONTEXT() REPRESENTATION_CONTEXT('2D SPACE',''
  ) );
#6392 = ORIENTED_EDGE('',*,*,#6236,.T.);
#6393 = FACE_BOUND('',#6394,.F.);
#6394 = EDGE_LOOP('',(#6395,#6425,#6453,#6481));
#6395 = ORIENTED_EDGE('',*,*,#6396,.T.);
#6396 = EDGE_CURVE('',#6397,#6399,#6401,.T.);
#6397 = VERTEX_POINT('',#6398);
#6398 = CARTESIAN_POINT('',(-1.3,-1.3,10.));
#6399 = VERTEX_POINT('',#6400);
#6400 = CARTESIAN_POINT('',(-1.3,38.3,10.));
#6401 = SURFACE_CURVE('',#6402,(#6406,#6413),.PCURVE_S1.);
#6402 = LINE('',#6403,#6404);
#6403 = CARTESIAN_POINT('',(-1.3,-1.3,10.));
#6404 = VECTOR('',#6405,1.);
#6405 = DIRECTION('',(-0.,1.,0.));
#6406 = PCURVE('',#6090,#6407);
#6407 = DEFINITIONAL_REPRESENTATION('',(#6408),#6412);
#6408 = LINE('',#6409,#6410);
#6409 = CARTESIAN_POINT('',(-19.79999999942,-19.79999999938));
#6410 = VECTOR('',#6411,1.);
#6411 = DIRECTION('',(0.,1.));
#6412 = ( GEOMETRIC_REPRESENTATION_CONTEXT(2) 
PARAMETRIC_REPRESENTATION_CONTEXT() REPRESENTATION_CONTEXT('2D SPACE',''
  ) );
#6413 = PCURVE('',#6414,#6419);
#6414 = PLANE('',#6415);
#6415 = AXIS2_PLACEMENT_3D('',#6416,#6417,#6418);
#6416 = CARTESIAN_POINT('',(-1.3,-1.3,7.5));
#6417 = DIRECTION('',(1.,0.,-0.));
#6418 = DIRECTION('',(0.,0.,1.));
#6419 = DEFINITIONAL_REPRESENTATION('',(#6420),#6424);
#6420 = LINE('',#6421,#6422);
#6421 = CARTESIAN_POINT('',(2.5,0.));
#6422 = VECTOR('',#6423,1.);
#6423 = DIRECTION('',(0.,-1.));
#6424 = ( GEOMETRIC_REPRESENTATION_CONTEXT(2) 
PARAMETRIC_REPRESENTATION_CONTEXT() REPRESENTATION_CONTEXT('2D SPACE',''
  ) );
#6425 = ORIENTED_EDGE('',*,*,#6426,.T.);
#6426 = EDGE_CURVE('',#6399,#6427,#6429,.T.);
#6427 = VERTEX_POINT('',#6428);
#6428 = CARTESIAN_POINT('',(38.3,38.3,10.));
#6429 = SURFACE_CURVE('',#6430,(#6434,#6441),.PCURVE_S1.);
#6430 = LINE('',#6431,#6432);
#6431 = CARTESIAN_POINT('',(-1.3,38.3,10.));
#6432 = VECTOR('',#6433,1.);
#6433 = DIRECTION('',(1.,0.,-0.));
#6434 = PCURVE('',#6090,#6435);
#6435 = DEFINITIONAL_REPRESENTATION('',(#6436),#6440);
#6436 = LINE('',#6437,#6438);
#6437 = CARTESIAN_POINT('',(-19.79999999942,19.800000000615));
#6438 = VECTOR('',#6439,1.);
#6439 = DIRECTION('',(1.,0.));
#6440 = ( GEOMETRIC_REPRESENTATION_CONTEXT(2) 
PARAMETRIC_REPRESENTATION_CONTEXT() REPRESENTATION_CONTEXT('2D SPACE',''
  ) );
#6441 = PCURVE('',#6442,#6447);
#6442 = PLANE('',#6443);
#6443 = AXIS2_PLACEMENT_3D('',#6444,#6445,#6446);
#6444 = CARTESIAN_POINT('',(-1.3,38.3,7.5));
#6445 = DIRECTION('',(-0.,1.,0.));
#6446 = DIRECTION('',(0.,0.,1.));
#6447 = DEFINITIONAL_REPRESENTATION('',(#6448),#6452);
#6448 = LINE('',#6449,#6450);
#6449 = CARTESIAN_POINT('',(2.5,0.));
#6450 = VECTOR('',#6451,1.);
#6451 = DIRECTION('',(0.,1.));
#6452 = ( GEOMETRIC_REPRESENTATION_CONTEXT(2) 
PARAMETRIC_REPRESENTATION_CONTEXT() REPRESENTATION_CONTEXT('2D SPACE',''
  ) );
#6453 = ORIENTED_EDGE('',*,*,#6454,.F.);
#6454 = EDGE_CURVE('',#6455,#6427,#6457,.T.);
#6455 = VERTEX_POINT('',#6456);
#6456 = CARTESIAN_POINT('',(38.3,-1.3,10.));
#6457 = SURFACE_CURVE('',#6458,(#6462,#6469),.PCURVE_S1.);
#6458 = LINE('',#6459,#6460);
#6459 = CARTESIAN_POINT('',(38.3,-1.3,10.));
#6460 = VECTOR('',#6461,1.);
#6461 = DIRECTION('',(-0.,1.,0.));
#6462 = PCURVE('',#6090,#6463);
#6463 = DEFINITIONAL_REPRESENTATION('',(#6464),#6468);
#6464 = LINE('',#6465,#6466);
#6465 = CARTESIAN_POINT('',(19.800000000576,-19.79999999938));
#6466 = VECTOR('',#6467,1.);
#6467 = DIRECTION('',(0.,1.));
#6468 = ( GEOMETRIC_REPRESENTATION_CONTEXT(2) 
PARAMETRIC_REPRESENTATION_CONTEXT() REPRESENTATION_CONTEXT('2D SPACE',''
  ) );
#6469 = PCURVE('',#6470,#6475);
#6470 = PLANE('',#6471);
#6471 = AXIS2_PLACEMENT_3D('',#6472,#6473,#6474);
#6472 = CARTESIAN_POINT('',(38.3,-1.3,7.5));
#6473 = DIRECTION('',(1.,0.,-0.));
#6474 = DIRECTION('',(0.,0.,1.));
#6475 = DEFINITIONAL_REPRESENTATION('',(#6476),#6480);
#6476 = LINE('',#6477,#6478);
#6477 = CARTESIAN_POINT('',(2.5,0.));
#6478 = VECTOR('',#6479,1.);
#6479 = DIRECTION('',(0.,-1.));
#6480 = ( GEOMETRIC_REPRESENTATION_CONTEXT(2) 
PARAMETRIC_REPRESENTATION_CONTEXT() REPRESENTATION_CONTEXT('2D SPACE',''
  ) );
#6481 = ORIENTED_EDGE('',*,*,#6482,.F.);
#6482 = EDGE_CURVE('',#6397,#6455,#6483,.T.);
#6483 = SURFACE_CURVE('',#6484,(#6488,#6495),.PCURVE_S1.);
#6484 = LINE('',#6485,#6486);
#6485 = CARTESIAN_POINT('',(-1.3,-1.3,10.));
#6486 = VECTOR('',#6487,1.);
#6487 = DIRECTION('',(1.,0.,-0.));
#6488 = PCURVE('',#6090,#6489);
#6489 = DEFINITIONAL_REPRESENTATION('',(#6490),#6494);
#6490 = LINE('',#6491,#6492);
#6491 = CARTESIAN_POINT('',(-19.79999999942,-19.79999999938));
#6492 = VECTOR('',#6493,1.);
#6493 = DIRECTION('',(1.,0.));
#6494 = ( GEOMETRIC_REPRESENTATION_CONTEXT(2) 
PARAMETRIC_REPRESENTATION_CONTEXT() REPRESENTATION_CONTEXT('2D SPACE',''
  ) );
#6495 = PCURVE('',#6496,#6501);
#6496 = PLANE('',#6497);
#6497 = AXIS2_PLACEMENT_3D('',#6498,#6499,#6500);
#6498 = CARTESIAN_POINT('',(-1.3,-1.3,7.5));
#6499 = DIRECTION('',(-0.,1.,0.));
#6500 = DIRECTION('',(0.,0.,1.));
#6501 = DEFINITIONAL_REPRESENTATION('',(#6502),#6506);
#6502 = LINE('',#6503,#6504);
#6503 = CARTESIAN_POINT('',(2.5,0.));
#6504 = VECTOR('',#6505,1.);
#6505 = DIRECTION('',(0.,1.));
#6506 = ( GEOMETRIC_REPRESENTATION_CONTEXT(2) 
PARAMETRIC_REPRESENTATION_CONTEXT() REPRESENTATION_CONTEXT('2D SPACE',''
  ) );
#6507 = ADVANCED_FACE('',(#6508,#6864,#6895,#6926),#6036,.T.);
#6508 = FACE_BOUND('',#6509,.T.);
#6509 = EDGE_LOOP('',(#6510,#6511,#6512,#6535,#6559,#6582,#6606,#6629,
    #6657,#6685,#6714,#6738,#6761,#6790,#6814,#6842,#6863));
#6510 = ORIENTED_EDGE('',*,*,#6020,.F.);
#6511 = ORIENTED_EDGE('',*,*,#6106,.T.);
#6512 = ORIENTED_EDGE('',*,*,#6513,.T.);
#6513 = EDGE_CURVE('',#6107,#6514,#6516,.T.);
#6514 = VERTEX_POINT('',#6515);
#6515 = CARTESIAN_POINT('',(37.899999995838,-3.9,12.4));
#6516 = SURFACE_CURVE('',#6517,(#6521,#6528),.PCURVE_S1.);
#6517 = LINE('',#6518,#6519);
#6518 = CARTESIAN_POINT('',(18.5,-3.9,12.4));
#6519 = VECTOR('',#6520,1.);
#6520 = DIRECTION('',(1.,0.,0.));
#6521 = PCURVE('',#6036,#6522);
#6522 = DEFINITIONAL_REPRESENTATION('',(#6523),#6527);
#6523 = LINE('',#6524,#6525);
#6524 = CARTESIAN_POINT('',(5.761186584209E-10,-22.39999999938));
#6525 = VECTOR('',#6526,1.);
#6526 = DIRECTION('',(1.,0.));
#6527 = ( GEOMETRIC_REPRESENTATION_CONTEXT(2) 
PARAMETRIC_REPRESENTATION_CONTEXT() REPRESENTATION_CONTEXT('2D SPACE',''
  ) );
#6528 = PCURVE('',#6146,#6529);
#6529 = DEFINITIONAL_REPRESENTATION('',(#6530),#6534);
#6530 = LINE('',#6531,#6532);
#6531 = CARTESIAN_POINT('',(19.4,-2.4));
#6532 = VECTOR('',#6533,1.);
#6533 = DIRECTION('',(1.,0.));
#6534 = ( GEOMETRIC_REPRESENTATION_CONTEXT(2) 
PARAMETRIC_REPRESENTATION_CONTEXT() REPRESENTATION_CONTEXT('2D SPACE',''
  ) );
#6535 = ORIENTED_EDGE('',*,*,#6536,.T.);
#6536 = EDGE_CURVE('',#6514,#6537,#6539,.T.);
#6537 = VERTEX_POINT('',#6538);
#6538 = CARTESIAN_POINT('',(40.899999997919,-0.9,12.4));
#6539 = SURFACE_CURVE('',#6540,(#6545,#6552),.PCURVE_S1.);
#6540 = CIRCLE('',#6541,3.);
#6541 = AXIS2_PLACEMENT_3D('',#6542,#6543,#6544);
#6542 = CARTESIAN_POINT('',(37.899999995838,-0.9,12.4));
#6543 = DIRECTION('',(0.,0.,1.));
#6544 = DIRECTION('',(1.,0.,0.));
#6545 = PCURVE('',#6036,#6546);
#6546 = DEFINITIONAL_REPRESENTATION('',(#6547),#6551);
#6547 = CIRCLE('',#6548,3.);
#6548 = AXIS2_PLACEMENT_2D('',#6549,#6550);
#6549 = CARTESIAN_POINT('',(19.399999996414,-19.39999999938));
#6550 = DIRECTION('',(1.,0.));
#6551 = ( GEOMETRIC_REPRESENTATION_CONTEXT(2) 
PARAMETRIC_REPRESENTATION_CONTEXT() REPRESENTATION_CONTEXT('2D SPACE',''
  ) );
#6552 = PCURVE('',#6303,#6553);
#6553 = DEFINITIONAL_REPRESENTATION('',(#6554),#6558);
#6554 = LINE('',#6555,#6556);
#6555 = CARTESIAN_POINT('',(-0.,-2.4));
#6556 = VECTOR('',#6557,1.);
#6557 = DIRECTION('',(-1.,0.));
#6558 = ( GEOMETRIC_REPRESENTATION_CONTEXT(2) 
PARAMETRIC_REPRESENTATION_CONTEXT() REPRESENTATION_CONTEXT('2D SPACE',''
  ) );
#6559 = ORIENTED_EDGE('',*,*,#6560,.T.);
#6560 = EDGE_CURVE('',#6537,#6561,#6563,.T.);
#6561 = VERTEX_POINT('',#6562);
#6562 = CARTESIAN_POINT('',(40.9,37.899999995838,12.4));
#6563 = SURFACE_CURVE('',#6564,(#6568,#6575),.PCURVE_S1.);
#6564 = LINE('',#6565,#6566);
#6565 = CARTESIAN_POINT('',(40.9,18.5,12.4));
#6566 = VECTOR('',#6567,1.);
#6567 = DIRECTION('',(0.,1.,0.));
#6568 = PCURVE('',#6036,#6569);
#6569 = DEFINITIONAL_REPRESENTATION('',(#6570),#6574);
#6570 = LINE('',#6571,#6572);
#6571 = CARTESIAN_POINT('',(22.400000000576,6.158413903794E-10));
#6572 = VECTOR('',#6573,1.);
#6573 = DIRECTION('',(0.,1.));
#6574 = ( GEOMETRIC_REPRESENTATION_CONTEXT(2) 
PARAMETRIC_REPRESENTATION_CONTEXT() REPRESENTATION_CONTEXT('2D SPACE',''
  ) );
#6575 = PCURVE('',#6331,#6576);
#6576 = DEFINITIONAL_REPRESENTATION('',(#6577),#6581);
#6577 = LINE('',#6578,#6579);
#6578 = CARTESIAN_POINT('',(19.4,-2.4));
#6579 = VECTOR('',#6580,1.);
#6580 = DIRECTION('',(1.,0.));
#6581 = ( GEOMETRIC_REPRESENTATION_CONTEXT(2) 
PARAMETRIC_REPRESENTATION_CONTEXT() REPRESENTATION_CONTEXT('2D SPACE',''
  ) );
#6582 = ORIENTED_EDGE('',*,*,#6583,.T.);
#6583 = EDGE_CURVE('',#6561,#6584,#6586,.T.);
#6584 = VERTEX_POINT('',#6585);
#6585 = CARTESIAN_POINT('',(37.9,40.899999997919,12.4));
#6586 = SURFACE_CURVE('',#6587,(#6592,#6599),.PCURVE_S1.);
#6587 = CIRCLE('',#6588,3.);
#6588 = AXIS2_PLACEMENT_3D('',#6589,#6590,#6591);
#6589 = CARTESIAN_POINT('',(37.9,37.899999995838,12.4));
#6590 = DIRECTION('',(0.,0.,1.));
#6591 = DIRECTION('',(1.,0.,0.));
#6592 = PCURVE('',#6036,#6593);
#6593 = DEFINITIONAL_REPRESENTATION('',(#6594),#6598);
#6594 = CIRCLE('',#6595,3.);
#6595 = AXIS2_PLACEMENT_2D('',#6596,#6597);
#6596 = CARTESIAN_POINT('',(19.400000000576,19.399999996454));
#6597 = DIRECTION('',(1.,0.));
#6598 = ( GEOMETRIC_REPRESENTATION_CONTEXT(2) 
PARAMETRIC_REPRESENTATION_CONTEXT() REPRESENTATION_CONTEXT('2D SPACE',''
  ) );
#6599 = PCURVE('',#6360,#6600);
#6600 = DEFINITIONAL_REPRESENTATION('',(#6601),#6605);
#6601 = LINE('',#6602,#6603);
#6602 = CARTESIAN_POINT('',(-0.,-2.4));
#6603 = VECTOR('',#6604,1.);
#6604 = DIRECTION('',(-1.,0.));
#6605 = ( GEOMETRIC_REPRESENTATION_CONTEXT(2) 
PARAMETRIC_REPRESENTATION_CONTEXT() REPRESENTATION_CONTEXT('2D SPACE',''
  ) );
#6606 = ORIENTED_EDGE('',*,*,#6607,.F.);
#6607 = EDGE_CURVE('',#6608,#6584,#6610,.T.);
#6608 = VERTEX_POINT('',#6609);
#6609 = CARTESIAN_POINT('',(37.,40.9,12.4));
#6610 = SURFACE_CURVE('',#6611,(#6615,#6622),.PCURVE_S1.);
#6611 = LINE('',#6612,#6613);
#6612 = CARTESIAN_POINT('',(18.5,40.9,12.4));
#6613 = VECTOR('',#6614,1.);
#6614 = DIRECTION('',(1.,0.,0.));
#6615 = PCURVE('',#6036,#6616);
#6616 = DEFINITIONAL_REPRESENTATION('',(#6617),#6621);
#6617 = LINE('',#6618,#6619);
#6618 = CARTESIAN_POINT('',(5.761186584209E-10,22.400000000616));
#6619 = VECTOR('',#6620,1.);
#6620 = DIRECTION('',(1.,0.));
#6621 = ( GEOMETRIC_REPRESENTATION_CONTEXT(2) 
PARAMETRIC_REPRESENTATION_CONTEXT() REPRESENTATION_CONTEXT('2D SPACE',''
  ) );
#6622 = PCURVE('',#6201,#6623);
#6623 = DEFINITIONAL_REPRESENTATION('',(#6624),#6628);
#6624 = LINE('',#6625,#6626);
#6625 = CARTESIAN_POINT('',(19.4,-2.4));
#6626 = VECTOR('',#6627,1.);
#6627 = DIRECTION('',(1.,0.));
#6628 = ( GEOMETRIC_REPRESENTATION_CONTEXT(2) 
PARAMETRIC_REPRESENTATION_CONTEXT() REPRESENTATION_CONTEXT('2D SPACE',''
  ) );
#6629 = ORIENTED_EDGE('',*,*,#6630,.F.);
#6630 = EDGE_CURVE('',#6631,#6608,#6633,.T.);
#6631 = VERTEX_POINT('',#6632);
#6632 = CARTESIAN_POINT('',(37.,36.5,12.4));
#6633 = SURFACE_CURVE('',#6634,(#6638,#6645),.PCURVE_S1.);
#6634 = LINE('',#6635,#6636);
#6635 = CARTESIAN_POINT('',(37.,36.5,12.4));
#6636 = VECTOR('',#6637,1.);
#6637 = DIRECTION('',(0.,1.,0.));
#6638 = PCURVE('',#6036,#6639);
#6639 = DEFINITIONAL_REPRESENTATION('',(#6640),#6644);
#6640 = LINE('',#6641,#6642);
#6641 = CARTESIAN_POINT('',(18.500000000576,18.000000000615));
#6642 = VECTOR('',#6643,1.);
#6643 = DIRECTION('',(0.,1.));
#6644 = ( GEOMETRIC_REPRESENTATION_CONTEXT(2) 
PARAMETRIC_REPRESENTATION_CONTEXT() REPRESENTATION_CONTEXT('2D SPACE',''
  ) );
#6645 = PCURVE('',#6646,#6651);
#6646 = PLANE('',#6647);
#6647 = AXIS2_PLACEMENT_3D('',#6648,#6649,#6650);
#6648 = CARTESIAN_POINT('',(37.,38.62132034356,14.52132034356));
#6649 = DIRECTION('',(1.,0.,0.));
#6650 = DIRECTION('',(0.,1.,0.));
#6651 = DEFINITIONAL_REPRESENTATION('',(#6652),#6656);
#6652 = LINE('',#6653,#6654);
#6653 = CARTESIAN_POINT('',(-2.12132034356,-2.12132034356));
#6654 = VECTOR('',#6655,1.);
#6655 = DIRECTION('',(1.,0.));
#6656 = ( GEOMETRIC_REPRESENTATION_CONTEXT(2) 
PARAMETRIC_REPRESENTATION_CONTEXT() REPRESENTATION_CONTEXT('2D SPACE',''
  ) );
#6657 = ORIENTED_EDGE('',*,*,#6658,.T.);
#6658 = EDGE_CURVE('',#6631,#6659,#6661,.T.);
#6659 = VERTEX_POINT('',#6660);
#6660 = CARTESIAN_POINT('',(36.032882800594,36.5,12.4));
#6661 = SURFACE_CURVE('',#6662,(#6666,#6673),.PCURVE_S1.);
#6662 = LINE('',#6663,#6664);
#6663 = CARTESIAN_POINT('',(37.,36.5,12.4));
#6664 = VECTOR('',#6665,1.);
#6665 = DIRECTION('',(-1.,0.,0.));
#6666 = PCURVE('',#6036,#6667);
#6667 = DEFINITIONAL_REPRESENTATION('',(#6668),#6672);
#6668 = LINE('',#6669,#6670);
#6669 = CARTESIAN_POINT('',(18.500000000576,18.000000000615));
#6670 = VECTOR('',#6671,1.);
#6671 = DIRECTION('',(-1.,0.));
#6672 = ( GEOMETRIC_REPRESENTATION_CONTEXT(2) 
PARAMETRIC_REPRESENTATION_CONTEXT() REPRESENTATION_CONTEXT('2D SPACE',''
  ) );
#6673 = PCURVE('',#6674,#6679);
#6674 = PLANE('',#6675);
#6675 = AXIS2_PLACEMENT_3D('',#6676,#6677,#6678);
#6676 = CARTESIAN_POINT('',(20.,36.5,18.4));
#6677 = DIRECTION('',(0.,-1.,0.));
#6678 = DIRECTION('',(0.,0.,-1.));
#6679 = DEFINITIONAL_REPRESENTATION('',(#6680),#6684);
#6680 = LINE('',#6681,#6682);
#6681 = CARTESIAN_POINT('',(6.,17.));
#6682 = VECTOR('',#6683,1.);
#6683 = DIRECTION('',(0.,-1.));
#6684 = ( GEOMETRIC_REPRESENTATION_CONTEXT(2) 
PARAMETRIC_REPRESENTATION_CONTEXT() REPRESENTATION_CONTEXT('2D SPACE',''
  ) );
#6685 = ORIENTED_EDGE('',*,*,#6686,.F.);
#6686 = EDGE_CURVE('',#6687,#6659,#6689,.T.);
#6687 = VERTEX_POINT('',#6688);
#6688 = CARTESIAN_POINT('',(36.9,34.8,12.4));
#6689 = SURFACE_CURVE('',#6690,(#6695,#6702),.PCURVE_S1.);
#6690 = CIRCLE('',#6691,2.1);
#6691 = AXIS2_PLACEMENT_3D('',#6692,#6693,#6694);
#6692 = CARTESIAN_POINT('',(34.8,34.8,12.4));
#6693 = DIRECTION('',(0.,0.,1.));
#6694 = DIRECTION('',(1.,0.,-0.));
#6695 = PCURVE('',#6036,#6696);
#6696 = DEFINITIONAL_REPRESENTATION('',(#6697),#6701);
#6697 = CIRCLE('',#6698,2.1);
#6698 = AXIS2_PLACEMENT_2D('',#6699,#6700);
#6699 = CARTESIAN_POINT('',(16.300000000576,16.300000000615));
#6700 = DIRECTION('',(1.,0.));
#6701 = ( GEOMETRIC_REPRESENTATION_CONTEXT(2) 
PARAMETRIC_REPRESENTATION_CONTEXT() REPRESENTATION_CONTEXT('2D SPACE',''
  ) );
#6702 = PCURVE('',#6703,#6708);
#6703 = CYLINDRICAL_SURFACE('',#6704,2.1);
#6704 = AXIS2_PLACEMENT_3D('',#6705,#6706,#6707);
#6705 = CARTESIAN_POINT('',(34.8,34.8,10.9));
#6706 = DIRECTION('',(0.,0.,1.));
#6707 = DIRECTION('',(1.,0.,-0.));
#6708 = DEFINITIONAL_REPRESENTATION('',(#6709),#6713);
#6709 = LINE('',#6710,#6711);
#6710 = CARTESIAN_POINT('',(0.,1.5));
#6711 = VECTOR('',#6712,1.);
#6712 = DIRECTION('',(1.,0.));
#6713 = ( GEOMETRIC_REPRESENTATION_CONTEXT(2) 
PARAMETRIC_REPRESENTATION_CONTEXT() REPRESENTATION_CONTEXT('2D SPACE',''
  ) );
#6714 = ORIENTED_EDGE('',*,*,#6715,.F.);
#6715 = EDGE_CURVE('',#6716,#6687,#6718,.T.);
#6716 = VERTEX_POINT('',#6717);
#6717 = CARTESIAN_POINT('',(33.567117199406,36.5,12.4));
#6718 = SURFACE_CURVE('',#6719,(#6724,#6731),.PCURVE_S1.);
#6719 = CIRCLE('',#6720,2.1);
#6720 = AXIS2_PLACEMENT_3D('',#6721,#6722,#6723);
#6721 = CARTESIAN_POINT('',(34.8,34.8,12.4));
#6722 = DIRECTION('',(0.,0.,1.));
#6723 = DIRECTION('',(1.,0.,-0.));
#6724 = PCURVE('',#6036,#6725);
#6725 = DEFINITIONAL_REPRESENTATION('',(#6726),#6730);
#6726 = CIRCLE('',#6727,2.1);
#6727 = AXIS2_PLACEMENT_2D('',#6728,#6729);
#6728 = CARTESIAN_POINT('',(16.300000000576,16.300000000615));
#6729 = DIRECTION('',(1.,0.));
#6730 = ( GEOMETRIC_REPRESENTATION_CONTEXT(2) 
PARAMETRIC_REPRESENTATION_CONTEXT() REPRESENTATION_CONTEXT('2D SPACE',''
  ) );
#6731 = PCURVE('',#6703,#6732);
#6732 = DEFINITIONAL_REPRESENTATION('',(#6733),#6737);
#6733 = LINE('',#6734,#6735);
#6734 = CARTESIAN_POINT('',(0.,1.5));
#6735 = VECTOR('',#6736,1.);
#6736 = DIRECTION('',(1.,0.));
#6737 = ( GEOMETRIC_REPRESENTATION_CONTEXT(2) 
PARAMETRIC_REPRESENTATION_CONTEXT() REPRESENTATION_CONTEXT('2D SPACE',''
  ) );
#6738 = ORIENTED_EDGE('',*,*,#6739,.T.);
#6739 = EDGE_CURVE('',#6716,#6740,#6742,.T.);
#6740 = VERTEX_POINT('',#6741);
#6741 = CARTESIAN_POINT('',(3.432882800594,36.5,12.4));
#6742 = SURFACE_CURVE('',#6743,(#6747,#6754),.PCURVE_S1.);
#6743 = LINE('',#6744,#6745);
#6744 = CARTESIAN_POINT('',(37.,36.5,12.4));
#6745 = VECTOR('',#6746,1.);
#6746 = DIRECTION('',(-1.,0.,0.));
#6747 = PCURVE('',#6036,#6748);
#6748 = DEFINITIONAL_REPRESENTATION('',(#6749),#6753);
#6749 = LINE('',#6750,#6751);
#6750 = CARTESIAN_POINT('',(18.500000000576,18.000000000615));
#6751 = VECTOR('',#6752,1.);
#6752 = DIRECTION('',(-1.,0.));
#6753 = ( GEOMETRIC_REPRESENTATION_CONTEXT(2) 
PARAMETRIC_REPRESENTATION_CONTEXT() REPRESENTATION_CONTEXT('2D SPACE',''
  ) );
#6754 = PCURVE('',#6674,#6755);
#6755 = DEFINITIONAL_REPRESENTATION('',(#6756),#6760);
#6756 = LINE('',#6757,#6758);
#6757 = CARTESIAN_POINT('',(6.,17.));
#6758 = VECTOR('',#6759,1.);
#6759 = DIRECTION('',(0.,-1.));
#6760 = ( GEOMETRIC_REPRESENTATION_CONTEXT(2) 
PARAMETRIC_REPRESENTATION_CONTEXT() REPRESENTATION_CONTEXT('2D SPACE',''
  ) );
#6761 = ORIENTED_EDGE('',*,*,#6762,.F.);
#6762 = EDGE_CURVE('',#6763,#6740,#6765,.T.);
#6763 = VERTEX_POINT('',#6764);
#6764 = CARTESIAN_POINT('',(4.3,34.8,12.4));
#6765 = SURFACE_CURVE('',#6766,(#6771,#6778),.PCURVE_S1.);
#6766 = CIRCLE('',#6767,2.1);
#6767 = AXIS2_PLACEMENT_3D('',#6768,#6769,#6770);
#6768 = CARTESIAN_POINT('',(2.2,34.8,12.4));
#6769 = DIRECTION('',(0.,0.,1.));
#6770 = DIRECTION('',(1.,0.,-0.));
#6771 = PCURVE('',#6036,#6772);
#6772 = DEFINITIONAL_REPRESENTATION('',(#6773),#6777);
#6773 = CIRCLE('',#6774,2.1);
#6774 = AXIS2_PLACEMENT_2D('',#6775,#6776);
#6775 = CARTESIAN_POINT('',(-16.29999999942,16.300000000615));
#6776 = DIRECTION('',(1.,0.));
#6777 = ( GEOMETRIC_REPRESENTATION_CONTEXT(2) 
PARAMETRIC_REPRESENTATION_CONTEXT() REPRESENTATION_CONTEXT('2D SPACE',''
  ) );
#6778 = PCURVE('',#6779,#6784);
#6779 = CYLINDRICAL_SURFACE('',#6780,2.1);
#6780 = AXIS2_PLACEMENT_3D('',#6781,#6782,#6783);
#6781 = CARTESIAN_POINT('',(2.2,34.8,10.9));
#6782 = DIRECTION('',(0.,0.,1.));
#6783 = DIRECTION('',(1.,0.,-0.));
#6784 = DEFINITIONAL_REPRESENTATION('',(#6785),#6789);
#6785 = LINE('',#6786,#6787);
#6786 = CARTESIAN_POINT('',(0.,1.5));
#6787 = VECTOR('',#6788,1.);
#6788 = DIRECTION('',(1.,0.));
#6789 = ( GEOMETRIC_REPRESENTATION_CONTEXT(2) 
PARAMETRIC_REPRESENTATION_CONTEXT() REPRESENTATION_CONTEXT('2D SPACE',''
  ) );
#6790 = ORIENTED_EDGE('',*,*,#6791,.F.);
#6791 = EDGE_CURVE('',#6792,#6763,#6794,.T.);
#6792 = VERTEX_POINT('',#6793);
#6793 = CARTESIAN_POINT('',(3.,36.741648783895,12.4));
#6794 = SURFACE_CURVE('',#6795,(#6800,#6807),.PCURVE_S1.);
#6795 = CIRCLE('',#6796,2.1);
#6796 = AXIS2_PLACEMENT_3D('',#6797,#6798,#6799);
#6797 = CARTESIAN_POINT('',(2.2,34.8,12.4));
#6798 = DIRECTION('',(0.,0.,1.));
#6799 = DIRECTION('',(1.,0.,-0.));
#6800 = PCURVE('',#6036,#6801);
#6801 = DEFINITIONAL_REPRESENTATION('',(#6802),#6806);
#6802 = CIRCLE('',#6803,2.1);
#6803 = AXIS2_PLACEMENT_2D('',#6804,#6805);
#6804 = CARTESIAN_POINT('',(-16.29999999942,16.300000000615));
#6805 = DIRECTION('',(1.,0.));
#6806 = ( GEOMETRIC_REPRESENTATION_CONTEXT(2) 
PARAMETRIC_REPRESENTATION_CONTEXT() REPRESENTATION_CONTEXT('2D SPACE',''
  ) );
#6807 = PCURVE('',#6779,#6808);
#6808 = DEFINITIONAL_REPRESENTATION('',(#6809),#6813);
#6809 = LINE('',#6810,#6811);
#6810 = CARTESIAN_POINT('',(0.,1.5));
#6811 = VECTOR('',#6812,1.);
#6812 = DIRECTION('',(1.,0.));
#6813 = ( GEOMETRIC_REPRESENTATION_CONTEXT(2) 
PARAMETRIC_REPRESENTATION_CONTEXT() REPRESENTATION_CONTEXT('2D SPACE',''
  ) );
#6814 = ORIENTED_EDGE('',*,*,#6815,.T.);
#6815 = EDGE_CURVE('',#6792,#6816,#6818,.T.);
#6816 = VERTEX_POINT('',#6817);
#6817 = CARTESIAN_POINT('',(3.,40.9,12.4));
#6818 = SURFACE_CURVE('',#6819,(#6823,#6830),.PCURVE_S1.);
#6819 = LINE('',#6820,#6821);
#6820 = CARTESIAN_POINT('',(3.,36.5,12.4));
#6821 = VECTOR('',#6822,1.);
#6822 = DIRECTION('',(0.,1.,0.));
#6823 = PCURVE('',#6036,#6824);
#6824 = DEFINITIONAL_REPRESENTATION('',(#6825),#6829);
#6825 = LINE('',#6826,#6827);
#6826 = CARTESIAN_POINT('',(-15.49999999942,18.000000000615));
#6827 = VECTOR('',#6828,1.);
#6828 = DIRECTION('',(0.,1.));
#6829 = ( GEOMETRIC_REPRESENTATION_CONTEXT(2) 
PARAMETRIC_REPRESENTATION_CONTEXT() REPRESENTATION_CONTEXT('2D SPACE',''
  ) );
#6830 = PCURVE('',#6831,#6836);
#6831 = PLANE('',#6832);
#6832 = AXIS2_PLACEMENT_3D('',#6833,#6834,#6835);
#6833 = CARTESIAN_POINT('',(3.,38.62132034356,14.52132034356));
#6834 = DIRECTION('',(1.,0.,0.));
#6835 = DIRECTION('',(0.,1.,0.));
#6836 = DEFINITIONAL_REPRESENTATION('',(#6837),#6841);
#6837 = LINE('',#6838,#6839);
#6838 = CARTESIAN_POINT('',(-2.12132034356,-2.12132034356));
#6839 = VECTOR('',#6840,1.);
#6840 = DIRECTION('',(1.,0.));
#6841 = ( GEOMETRIC_REPRESENTATION_CONTEXT(2) 
PARAMETRIC_REPRESENTATION_CONTEXT() REPRESENTATION_CONTEXT('2D SPACE',''
  ) );
#6842 = ORIENTED_EDGE('',*,*,#6843,.F.);
#6843 = EDGE_CURVE('',#6186,#6816,#6844,.T.);
#6844 = SURFACE_CURVE('',#6845,(#6849,#6856),.PCURVE_S1.);
#6845 = LINE('',#6846,#6847);
#6846 = CARTESIAN_POINT('',(18.5,40.9,12.4));
#6847 = VECTOR('',#6848,1.);
#6848 = DIRECTION('',(1.,0.,0.));
#6849 = PCURVE('',#6036,#6850);
#6850 = DEFINITIONAL_REPRESENTATION('',(#6851),#6855);
#6851 = LINE('',#6852,#6853);
#6852 = CARTESIAN_POINT('',(5.761186584209E-10,22.400000000616));
#6853 = VECTOR('',#6854,1.);
#6854 = DIRECTION('',(1.,0.));
#6855 = ( GEOMETRIC_REPRESENTATION_CONTEXT(2) 
PARAMETRIC_REPRESENTATION_CONTEXT() REPRESENTATION_CONTEXT('2D SPACE',''
  ) );
#6856 = PCURVE('',#6201,#6857);
#6857 = DEFINITIONAL_REPRESENTATION('',(#6858),#6862);
#6858 = LINE('',#6859,#6860);
#6859 = CARTESIAN_POINT('',(19.4,-2.4));
#6860 = VECTOR('',#6861,1.);
#6861 = DIRECTION('',(1.,0.));
#6862 = ( GEOMETRIC_REPRESENTATION_CONTEXT(2) 
PARAMETRIC_REPRESENTATION_CONTEXT() REPRESENTATION_CONTEXT('2D SPACE',''
  ) );
#6863 = ORIENTED_EDGE('',*,*,#6213,.T.);
#6864 = FACE_BOUND('',#6865,.T.);
#6865 = EDGE_LOOP('',(#6866));
#6866 = ORIENTED_EDGE('',*,*,#6867,.F.);
#6867 = EDGE_CURVE('',#6868,#6868,#6870,.T.);
#6868 = VERTEX_POINT('',#6869);
#6869 = CARTESIAN_POINT('',(4.3,2.2,12.4));
#6870 = SURFACE_CURVE('',#6871,(#6876,#6883),.PCURVE_S1.);
#6871 = CIRCLE('',#6872,2.1);
#6872 = AXIS2_PLACEMENT_3D('',#6873,#6874,#6875);
#6873 = CARTESIAN_POINT('',(2.2,2.2,12.4));
#6874 = DIRECTION('',(0.,0.,1.));
#6875 = DIRECTION('',(1.,0.,-0.));
#6876 = PCURVE('',#6036,#6877);
#6877 = DEFINITIONAL_REPRESENTATION('',(#6878),#6882);
#6878 = CIRCLE('',#6879,2.1);
#6879 = AXIS2_PLACEMENT_2D('',#6880,#6881);
#6880 = CARTESIAN_POINT('',(-16.29999999942,-16.29999999938));
#6881 = DIRECTION('',(1.,0.));
#6882 = ( GEOMETRIC_REPRESENTATION_CONTEXT(2) 
PARAMETRIC_REPRESENTATION_CONTEXT() REPRESENTATION_CONTEXT('2D SPACE',''
  ) );
#6883 = PCURVE('',#6884,#6889);
#6884 = CYLINDRICAL_SURFACE('',#6885,2.1);
#6885 = AXIS2_PLACEMENT_3D('',#6886,#6887,#6888);
#6886 = CARTESIAN_POINT('',(2.2,2.2,10.9));
#6887 = DIRECTION('',(0.,0.,1.));
#6888 = DIRECTION('',(1.,0.,-0.));
#6889 = DEFINITIONAL_REPRESENTATION('',(#6890),#6894);
#6890 = LINE('',#6891,#6892);
#6891 = CARTESIAN_POINT('',(0.,1.5));
#6892 = VECTOR('',#6893,1.);
#6893 = DIRECTION('',(1.,0.));
#6894 = ( GEOMETRIC_REPRESENTATION_CONTEXT(2) 
PARAMETRIC_REPRESENTATION_CONTEXT() REPRESENTATION_CONTEXT('2D SPACE',''
  ) );
#6895 = FACE_BOUND('',#6896,.T.);
#6896 = EDGE_LOOP('',(#6897));
#6897 = ORIENTED_EDGE('',*,*,#6898,.F.);
#6898 = EDGE_CURVE('',#6899,#6899,#6901,.T.);
#6899 = VERTEX_POINT('',#6900);
#6900 = CARTESIAN_POINT('',(36.9,2.2,12.4));
#6901 = SURFACE_CURVE('',#6902,(#6907,#6914),.PCURVE_S1.);
#6902 = CIRCLE('',#6903,2.1);
#6903 = AXIS2_PLACEMENT_3D('',#6904,#6905,#6906);
#6904 = CARTESIAN_POINT('',(34.8,2.2,12.4));
#6905 = DIRECTION('',(0.,0.,1.));
#6906 = DIRECTION('',(1.,0.,-0.));
#6907 = PCURVE('',#6036,#6908);
#6908 = DEFINITIONAL_REPRESENTATION('',(#6909),#6913);
#6909 = CIRCLE('',#6910,2.1);
#6910 = AXIS2_PLACEMENT_2D('',#6911,#6912);
#6911 = CARTESIAN_POINT('',(16.300000000576,-16.29999999938));
#6912 = DIRECTION('',(1.,0.));
#6913 = ( GEOMETRIC_REPRESENTATION_CONTEXT(2) 
PARAMETRIC_REPRESENTATION_CONTEXT() REPRESENTATION_CONTEXT('2D SPACE',''
  ) );
#6914 = PCURVE('',#6915,#6920);
#6915 = CYLINDRICAL_SURFACE('',#6916,2.1);
#6916 = AXIS2_PLACEMENT_3D('',#6917,#6918,#6919);
#6917 = CARTESIAN_POINT('',(34.8,2.2,10.9));
#6918 = DIRECTION('',(0.,0.,1.));
#6919 = DIRECTION('',(1.,0.,-0.));
#6920 = DEFINITIONAL_REPRESENTATION('',(#6921),#6925);
#6921 = LINE('',#6922,#6923);
#6922 = CARTESIAN_POINT('',(0.,1.5));
#6923 = VECTOR('',#6924,1.);
#6924 = DIRECTION('',(1.,0.));
#6925 = ( GEOMETRIC_REPRESENTATION_CONTEXT(2) 
PARAMETRIC_REPRESENTATION_CONTEXT() REPRESENTATION_CONTEXT('2D SPACE',''
  ) );
#6926 = FACE_BOUND('',#6927,.T.);
#6927 = EDGE_LOOP('',(#6928));
#6928 = ORIENTED_EDGE('',*,*,#6929,.F.);
#6929 = EDGE_CURVE('',#6930,#6930,#6932,.T.);
#6930 = VERTEX_POINT('',#6931);
#6931 = CARTESIAN_POINT('',(31.,24.,12.4));
#6932 = SURFACE_CURVE('',#6933,(#6938,#6945),.PCURVE_S1.);
#6933 = CIRCLE('',#6934,11.);
#6934 = AXIS2_PLACEMENT_3D('',#6935,#6936,#6937);
#6935 = CARTESIAN_POINT('',(20.,24.,12.4));
#6936 = DIRECTION('',(0.,0.,1.));
#6937 = DIRECTION('',(1.,0.,-0.));
#6938 = PCURVE('',#6036,#6939);
#6939 = DEFINITIONAL_REPRESENTATION('',(#6940),#6944);
#6940 = CIRCLE('',#6941,11.);
#6941 = AXIS2_PLACEMENT_2D('',#6942,#6943);
#6942 = CARTESIAN_POINT('',(1.500000000576,5.500000000615));
#6943 = DIRECTION('',(1.,0.));
#6944 = ( GEOMETRIC_REPRESENTATION_CONTEXT(2) 
PARAMETRIC_REPRESENTATION_CONTEXT() REPRESENTATION_CONTEXT('2D SPACE',''
  ) );
#6945 = PCURVE('',#6946,#6951);
#6946 = CONICAL_SURFACE('',#6947,8.166666666667,0.694738276197);
#6947 = AXIS2_PLACEMENT_3D('',#6948,#6949,#6950);
#6948 = CARTESIAN_POINT('',(20.,24.,9.));
#6949 = DIRECTION('',(0.,0.,1.));
#6950 = DIRECTION('',(1.,0.,-0.));
#6951 = DEFINITIONAL_REPRESENTATION('',(#6952),#6956);
#6952 = LINE('',#6953,#6954);
#6953 = CARTESIAN_POINT('',(0.,3.4));
#6954 = VECTOR('',#6955,1.);
#6955 = DIRECTION('',(1.,0.));
#6956 = ( GEOMETRIC_REPRESENTATION_CONTEXT(2) 
PARAMETRIC_REPRESENTATION_CONTEXT() REPRESENTATION_CONTEXT('2D SPACE',''
  ) );
#6957 = ADVANCED_FACE('',(#6958),#6146,.F.);
#6958 = FACE_BOUND('',#6959,.F.);
#6959 = EDGE_LOOP('',(#6960,#6961,#6962,#6983));
#6960 = ORIENTED_EDGE('',*,*,#6130,.T.);
#6961 = ORIENTED_EDGE('',*,*,#6513,.T.);
#6962 = ORIENTED_EDGE('',*,*,#6963,.F.);
#6963 = EDGE_CURVE('',#6264,#6514,#6964,.T.);
#6964 = SURFACE_CURVE('',#6965,(#6969,#6976),.PCURVE_S1.);
#6965 = LINE('',#6966,#6967);
#6966 = CARTESIAN_POINT('',(37.899999995838,-3.9,10.));
#6967 = VECTOR('',#6968,1.);
#6968 = DIRECTION('',(0.,0.,1.));
#6969 = PCURVE('',#6146,#6970);
#6970 = DEFINITIONAL_REPRESENTATION('',(#6971),#6975);
#6971 = LINE('',#6972,#6973);
#6972 = CARTESIAN_POINT('',(38.799999995838,0.));
#6973 = VECTOR('',#6974,1.);
#6974 = DIRECTION('',(0.,-1.));
#6975 = ( GEOMETRIC_REPRESENTATION_CONTEXT(2) 
PARAMETRIC_REPRESENTATION_CONTEXT() REPRESENTATION_CONTEXT('2D SPACE',''
  ) );
#6976 = PCURVE('',#6303,#6977);
#6977 = DEFINITIONAL_REPRESENTATION('',(#6978),#6982);
#6978 = LINE('',#6979,#6980);
#6979 = CARTESIAN_POINT('',(-4.712388980385,0.));
#6980 = VECTOR('',#6981,1.);
#6981 = DIRECTION('',(-0.,-1.));
#6982 = ( GEOMETRIC_REPRESENTATION_CONTEXT(2) 
PARAMETRIC_REPRESENTATION_CONTEXT() REPRESENTATION_CONTEXT('2D SPACE',''
  ) );
#6983 = ORIENTED_EDGE('',*,*,#6263,.F.);
#6984 = ADVANCED_FACE('',(#6985),#6201,.T.);
#6985 = FACE_BOUND('',#6986,.T.);
#6986 = EDGE_LOOP('',(#6987,#6988,#6989,#7015,#7016,#7037));
#6987 = ORIENTED_EDGE('',*,*,#6183,.T.);
#6988 = ORIENTED_EDGE('',*,*,#6843,.T.);
#6989 = ORIENTED_EDGE('',*,*,#6990,.T.);
#6990 = EDGE_CURVE('',#6816,#6608,#6991,.T.);
#6991 = SURFACE_CURVE('',#6992,(#6996,#7003),.PCURVE_S1.);
#6992 = LINE('',#6993,#6994);
#6993 = CARTESIAN_POINT('',(18.5,40.9,12.4));
#6994 = VECTOR('',#6995,1.);
#6995 = DIRECTION('',(1.,0.,0.));
#6996 = PCURVE('',#6201,#6997);
#6997 = DEFINITIONAL_REPRESENTATION('',(#6998),#7002);
#6998 = LINE('',#6999,#7000);
#6999 = CARTESIAN_POINT('',(19.4,-2.4));
#7000 = VECTOR('',#7001,1.);
#7001 = DIRECTION('',(1.,0.));
#7002 = ( GEOMETRIC_REPRESENTATION_CONTEXT(2) 
PARAMETRIC_REPRESENTATION_CONTEXT() REPRESENTATION_CONTEXT('2D SPACE',''
  ) );
#7003 = PCURVE('',#7004,#7009);
#7004 = PLANE('',#7005);
#7005 = AXIS2_PLACEMENT_3D('',#7006,#7007,#7008);
#7006 = CARTESIAN_POINT('',(20.,36.5,12.4));
#7007 = DIRECTION('',(0.,0.,-1.));
#7008 = DIRECTION('',(0.,1.,0.));
#7009 = DEFINITIONAL_REPRESENTATION('',(#7010),#7014);
#7010 = LINE('',#7011,#7012);
#7011 = CARTESIAN_POINT('',(4.4,-1.5));
#7012 = VECTOR('',#7013,1.);
#7013 = DIRECTION('',(0.,1.));
#7014 = ( GEOMETRIC_REPRESENTATION_CONTEXT(2) 
PARAMETRIC_REPRESENTATION_CONTEXT() REPRESENTATION_CONTEXT('2D SPACE',''
  ) );
#7015 = ORIENTED_EDGE('',*,*,#6607,.T.);
#7016 = ORIENTED_EDGE('',*,*,#7017,.F.);
#7017 = EDGE_CURVE('',#6344,#6584,#7018,.T.);
#7018 = SURFACE_CURVE('',#7019,(#7023,#7030),.PCURVE_S1.);
#7019 = LINE('',#7020,#7021);
#7020 = CARTESIAN_POINT('',(37.9,40.899999997919,10.));
#7021 = VECTOR('',#7022,1.);
#7022 = DIRECTION('',(0.,0.,1.));
#7023 = PCURVE('',#6201,#7024);
#7024 = DEFINITIONAL_REPRESENTATION('',(#7025),#7029);
#7025 = LINE('',#7026,#7027);
#7026 = CARTESIAN_POINT('',(38.8,0.));
#7027 = VECTOR('',#7028,1.);
#7028 = DIRECTION('',(0.,-1.));
#7029 = ( GEOMETRIC_REPRESENTATION_CONTEXT(2) 
PARAMETRIC_REPRESENTATION_CONTEXT() REPRESENTATION_CONTEXT('2D SPACE',''
  ) );
#7030 = PCURVE('',#6360,#7031);
#7031 = DEFINITIONAL_REPRESENTATION('',(#7032),#7036);
#7032 = LINE('',#7033,#7034);
#7033 = CARTESIAN_POINT('',(-1.570796326795,0.));
#7034 = VECTOR('',#7035,1.);
#7035 = DIRECTION('',(-0.,-1.));
#7036 = ( GEOMETRIC_REPRESENTATION_CONTEXT(2) 
PARAMETRIC_REPRESENTATION_CONTEXT() REPRESENTATION_CONTEXT('2D SPACE',''
  ) );
#7037 = ORIENTED_EDGE('',*,*,#6372,.F.);
#7038 = ADVANCED_FACE('',(#7039),#6303,.T.);
#7039 = FACE_BOUND('',#7040,.F.);
#7040 = EDGE_LOOP('',(#7041,#7042,#7043,#7064));
#7041 = ORIENTED_EDGE('',*,*,#6963,.T.);
#7042 = ORIENTED_EDGE('',*,*,#6536,.T.);
#7043 = ORIENTED_EDGE('',*,*,#7044,.F.);
#7044 = EDGE_CURVE('',#6287,#6537,#7045,.T.);
#7045 = SURFACE_CURVE('',#7046,(#7050,#7057),.PCURVE_S1.);
#7046 = LINE('',#7047,#7048);
#7047 = CARTESIAN_POINT('',(40.899999997919,-0.9,10.));
#7048 = VECTOR('',#7049,1.);
#7049 = DIRECTION('',(0.,0.,1.));
#7050 = PCURVE('',#6303,#7051);
#7051 = DEFINITIONAL_REPRESENTATION('',(#7052),#7056);
#7052 = LINE('',#7053,#7054);
#7053 = CARTESIAN_POINT('',(-6.28318530718,0.));
#7054 = VECTOR('',#7055,1.);
#7055 = DIRECTION('',(-0.,-1.));
#7056 = ( GEOMETRIC_REPRESENTATION_CONTEXT(2) 
PARAMETRIC_REPRESENTATION_CONTEXT() REPRESENTATION_CONTEXT('2D SPACE',''
  ) );
#7057 = PCURVE('',#6331,#7058);
#7058 = DEFINITIONAL_REPRESENTATION('',(#7059),#7063);
#7059 = LINE('',#7060,#7061);
#7060 = CARTESIAN_POINT('',(0.,0.));
#7061 = VECTOR('',#7062,1.);
#7062 = DIRECTION('',(0.,-1.));
#7063 = ( GEOMETRIC_REPRESENTATION_CONTEXT(2) 
PARAMETRIC_REPRESENTATION_CONTEXT() REPRESENTATION_CONTEXT('2D SPACE',''
  ) );
#7064 = ORIENTED_EDGE('',*,*,#6286,.F.);
#7065 = ADVANCED_FACE('',(#7066),#6360,.T.);
#7066 = FACE_BOUND('',#7067,.F.);
#7067 = EDGE_LOOP('',(#7068,#7089,#7090,#7091));
#7068 = ORIENTED_EDGE('',*,*,#7069,.T.);
#7069 = EDGE_CURVE('',#6316,#6561,#7070,.T.);
#7070 = SURFACE_CURVE('',#7071,(#7075,#7082),.PCURVE_S1.);
#7071 = LINE('',#7072,#7073);
#7072 = CARTESIAN_POINT('',(40.9,37.899999995838,10.));
#7073 = VECTOR('',#7074,1.);
#7074 = DIRECTION('',(0.,0.,1.));
#7075 = PCURVE('',#6360,#7076);
#7076 = DEFINITIONAL_REPRESENTATION('',(#7077),#7081);
#7077 = LINE('',#7078,#7079);
#7078 = CARTESIAN_POINT('',(-0.,0.));
#7079 = VECTOR('',#7080,1.);
#7080 = DIRECTION('',(-0.,-1.));
#7081 = ( GEOMETRIC_REPRESENTATION_CONTEXT(2) 
PARAMETRIC_REPRESENTATION_CONTEXT() REPRESENTATION_CONTEXT('2D SPACE',''
  ) );
#7082 = PCURVE('',#6331,#7083);
#7083 = DEFINITIONAL_REPRESENTATION('',(#7084),#7088);
#7084 = LINE('',#7085,#7086);
#7085 = CARTESIAN_POINT('',(38.799999995838,0.));
#7086 = VECTOR('',#7087,1.);
#7087 = DIRECTION('',(0.,-1.));
#7088 = ( GEOMETRIC_REPRESENTATION_CONTEXT(2) 
PARAMETRIC_REPRESENTATION_CONTEXT() REPRESENTATION_CONTEXT('2D SPACE',''
  ) );
#7089 = ORIENTED_EDGE('',*,*,#6583,.T.);
#7090 = ORIENTED_EDGE('',*,*,#7017,.F.);
#7091 = ORIENTED_EDGE('',*,*,#6343,.F.);
#7092 = ADVANCED_FACE('',(#7093),#6331,.F.);
#7093 = FACE_BOUND('',#7094,.F.);
#7094 = EDGE_LOOP('',(#7095,#7096,#7097,#7098));
#7095 = ORIENTED_EDGE('',*,*,#7044,.T.);
#7096 = ORIENTED_EDGE('',*,*,#6560,.T.);
#7097 = ORIENTED_EDGE('',*,*,#7069,.F.);
#7098 = ORIENTED_EDGE('',*,*,#6315,.F.);
#7099 = ADVANCED_FACE('',(#7100),#6414,.F.);
#7100 = FACE_BOUND('',#7101,.F.);
#7101 = EDGE_LOOP('',(#7102,#7125,#7153,#7174));
#7102 = ORIENTED_EDGE('',*,*,#7103,.F.);
#7103 = EDGE_CURVE('',#7104,#6397,#7106,.T.);
#7104 = VERTEX_POINT('',#7105);
#7105 = CARTESIAN_POINT('',(-1.3,-1.3,7.5));
#7106 = SURFACE_CURVE('',#7107,(#7111,#7118),.PCURVE_S1.);
#7107 = LINE('',#7108,#7109);
#7108 = CARTESIAN_POINT('',(-1.3,-1.3,7.5));
#7109 = VECTOR('',#7110,1.);
#7110 = DIRECTION('',(0.,0.,1.));
#7111 = PCURVE('',#6414,#7112);
#7112 = DEFINITIONAL_REPRESENTATION('',(#7113),#7117);
#7113 = LINE('',#7114,#7115);
#7114 = CARTESIAN_POINT('',(0.,0.));
#7115 = VECTOR('',#7116,1.);
#7116 = DIRECTION('',(1.,0.));
#7117 = ( GEOMETRIC_REPRESENTATION_CONTEXT(2) 
PARAMETRIC_REPRESENTATION_CONTEXT() REPRESENTATION_CONTEXT('2D SPACE',''
  ) );
#7118 = PCURVE('',#6496,#7119);
#7119 = DEFINITIONAL_REPRESENTATION('',(#7120),#7124);
#7120 = LINE('',#7121,#7122);
#7121 = CARTESIAN_POINT('',(0.,0.));
#7122 = VECTOR('',#7123,1.);
#7123 = DIRECTION('',(1.,0.));
#7124 = ( GEOMETRIC_REPRESENTATION_CONTEXT(2) 
PARAMETRIC_REPRESENTATION_CONTEXT() REPRESENTATION_CONTEXT('2D SPACE',''
  ) );
#7125 = ORIENTED_EDGE('',*,*,#7126,.T.);
#7126 = EDGE_CURVE('',#7104,#7127,#7129,.T.);
#7127 = VERTEX_POINT('',#7128);
#7128 = CARTESIAN_POINT('',(-1.3,38.3,7.5));
#7129 = SURFACE_CURVE('',#7130,(#7134,#7141),.PCURVE_S1.);
#7130 = LINE('',#7131,#7132);
#7131 = CARTESIAN_POINT('',(-1.3,-1.3,7.5));
#7132 = VECTOR('',#7133,1.);
#7133 = DIRECTION('',(-0.,1.,0.));
#7134 = PCURVE('',#6414,#7135);
#7135 = DEFINITIONAL_REPRESENTATION('',(#7136),#7140);
#7136 = LINE('',#7137,#7138);
#7137 = CARTESIAN_POINT('',(0.,0.));
#7138 = VECTOR('',#7139,1.);
#7139 = DIRECTION('',(0.,-1.));
#7140 = ( GEOMETRIC_REPRESENTATION_CONTEXT(2) 
PARAMETRIC_REPRESENTATION_CONTEXT() REPRESENTATION_CONTEXT('2D SPACE',''
  ) );
#7141 = PCURVE('',#7142,#7147);
#7142 = PLANE('',#7143);
#7143 = AXIS2_PLACEMENT_3D('',#7144,#7145,#7146);
#7144 = CARTESIAN_POINT('',(-1.3,-1.3,7.5));
#7145 = DIRECTION('',(0.,0.,1.));
#7146 = DIRECTION('',(1.,0.,-0.));
#7147 = DEFINITIONAL_REPRESENTATION('',(#7148),#7152);
#7148 = LINE('',#7149,#7150);
#7149 = CARTESIAN_POINT('',(0.,0.));
#7150 = VECTOR('',#7151,1.);
#7151 = DIRECTION('',(0.,1.));
#7152 = ( GEOMETRIC_REPRESENTATION_CONTEXT(2) 
PARAMETRIC_REPRESENTATION_CONTEXT() REPRESENTATION_CONTEXT('2D SPACE',''
  ) );
#7153 = ORIENTED_EDGE('',*,*,#7154,.T.);
#7154 = EDGE_CURVE('',#7127,#6399,#7155,.T.);
#7155 = SURFACE_CURVE('',#7156,(#7160,#7167),.PCURVE_S1.);
#7156 = LINE('',#7157,#7158);
#7157 = CARTESIAN_POINT('',(-1.3,38.3,7.5));
#7158 = VECTOR('',#7159,1.);
#7159 = DIRECTION('',(0.,0.,1.));
#7160 = PCURVE('',#6414,#7161);
#7161 = DEFINITIONAL_REPRESENTATION('',(#7162),#7166);
#7162 = LINE('',#7163,#7164);
#7163 = CARTESIAN_POINT('',(0.,-39.6));
#7164 = VECTOR('',#7165,1.);
#7165 = DIRECTION('',(1.,0.));
#7166 = ( GEOMETRIC_REPRESENTATION_CONTEXT(2) 
PARAMETRIC_REPRESENTATION_CONTEXT() REPRESENTATION_CONTEXT('2D SPACE',''
  ) );
#7167 = PCURVE('',#6442,#7168);
#7168 = DEFINITIONAL_REPRESENTATION('',(#7169),#7173);
#7169 = LINE('',#7170,#7171);
#7170 = CARTESIAN_POINT('',(0.,0.));
#7171 = VECTOR('',#7172,1.);
#7172 = DIRECTION('',(1.,0.));
#7173 = ( GEOMETRIC_REPRESENTATION_CONTEXT(2) 
PARAMETRIC_REPRESENTATION_CONTEXT() REPRESENTATION_CONTEXT('2D SPACE',''
  ) );
#7174 = ORIENTED_EDGE('',*,*,#6396,.F.);
#7175 = ADVANCED_FACE('',(#7176),#6496,.F.);
#7176 = FACE_BOUND('',#7177,.F.);
#7177 = EDGE_LOOP('',(#7178,#7201,#7202,#7203));
#7178 = ORIENTED_EDGE('',*,*,#7179,.F.);
#7179 = EDGE_CURVE('',#7104,#7180,#7182,.T.);
#7180 = VERTEX_POINT('',#7181);
#7181 = CARTESIAN_POINT('',(38.3,-1.3,7.5));
#7182 = SURFACE_CURVE('',#7183,(#7187,#7194),.PCURVE_S1.);
#7183 = LINE('',#7184,#7185);
#7184 = CARTESIAN_POINT('',(-1.3,-1.3,7.5));
#7185 = VECTOR('',#7186,1.);
#7186 = DIRECTION('',(1.,0.,-0.));
#7187 = PCURVE('',#6496,#7188);
#7188 = DEFINITIONAL_REPRESENTATION('',(#7189),#7193);
#7189 = LINE('',#7190,#7191);
#7190 = CARTESIAN_POINT('',(0.,0.));
#7191 = VECTOR('',#7192,1.);
#7192 = DIRECTION('',(0.,1.));
#7193 = ( GEOMETRIC_REPRESENTATION_CONTEXT(2) 
PARAMETRIC_REPRESENTATION_CONTEXT() REPRESENTATION_CONTEXT('2D SPACE',''
  ) );
#7194 = PCURVE('',#7142,#7195);
#7195 = DEFINITIONAL_REPRESENTATION('',(#7196),#7200);
#7196 = LINE('',#7197,#7198);
#7197 = CARTESIAN_POINT('',(0.,0.));
#7198 = VECTOR('',#7199,1.);
#7199 = DIRECTION('',(1.,0.));
#7200 = ( GEOMETRIC_REPRESENTATION_CONTEXT(2) 
PARAMETRIC_REPRESENTATION_CONTEXT() REPRESENTATION_CONTEXT('2D SPACE',''
  ) );
#7201 = ORIENTED_EDGE('',*,*,#7103,.T.);
#7202 = ORIENTED_EDGE('',*,*,#6482,.T.);
#7203 = ORIENTED_EDGE('',*,*,#7204,.F.);
#7204 = EDGE_CURVE('',#7180,#6455,#7205,.T.);
#7205 = SURFACE_CURVE('',#7206,(#7210,#7217),.PCURVE_S1.);
#7206 = LINE('',#7207,#7208);
#7207 = CARTESIAN_POINT('',(38.3,-1.3,7.5));
#7208 = VECTOR('',#7209,1.);
#7209 = DIRECTION('',(0.,0.,1.));
#7210 = PCURVE('',#6496,#7211);
#7211 = DEFINITIONAL_REPRESENTATION('',(#7212),#7216);
#7212 = LINE('',#7213,#7214);
#7213 = CARTESIAN_POINT('',(0.,39.6));
#7214 = VECTOR('',#7215,1.);
#7215 = DIRECTION('',(1.,0.));
#7216 = ( GEOMETRIC_REPRESENTATION_CONTEXT(2) 
PARAMETRIC_REPRESENTATION_CONTEXT() REPRESENTATION_CONTEXT('2D SPACE',''
  ) );
#7217 = PCURVE('',#6470,#7218);
#7218 = DEFINITIONAL_REPRESENTATION('',(#7219),#7223);
#7219 = LINE('',#7220,#7221);
#7220 = CARTESIAN_POINT('',(0.,0.));
#7221 = VECTOR('',#7222,1.);
#7222 = DIRECTION('',(1.,0.));
#7223 = ( GEOMETRIC_REPRESENTATION_CONTEXT(2) 
PARAMETRIC_REPRESENTATION_CONTEXT() REPRESENTATION_CONTEXT('2D SPACE',''
  ) );
#7224 = ADVANCED_FACE('',(#7225),#6470,.T.);
#7225 = FACE_BOUND('',#7226,.T.);
#7226 = EDGE_LOOP('',(#7227,#7228,#7251,#7272));
#7227 = ORIENTED_EDGE('',*,*,#7204,.F.);
#7228 = ORIENTED_EDGE('',*,*,#7229,.T.);
#7229 = EDGE_CURVE('',#7180,#7230,#7232,.T.);
#7230 = VERTEX_POINT('',#7231);
#7231 = CARTESIAN_POINT('',(38.3,38.3,7.5));
#7232 = SURFACE_CURVE('',#7233,(#7237,#7244),.PCURVE_S1.);
#7233 = LINE('',#7234,#7235);
#7234 = CARTESIAN_POINT('',(38.3,-1.3,7.5));
#7235 = VECTOR('',#7236,1.);
#7236 = DIRECTION('',(-0.,1.,0.));
#7237 = PCURVE('',#6470,#7238);
#7238 = DEFINITIONAL_REPRESENTATION('',(#7239),#7243);
#7239 = LINE('',#7240,#7241);
#7240 = CARTESIAN_POINT('',(0.,0.));
#7241 = VECTOR('',#7242,1.);
#7242 = DIRECTION('',(0.,-1.));
#7243 = ( GEOMETRIC_REPRESENTATION_CONTEXT(2) 
PARAMETRIC_REPRESENTATION_CONTEXT() REPRESENTATION_CONTEXT('2D SPACE',''
  ) );
#7244 = PCURVE('',#7142,#7245);
#7245 = DEFINITIONAL_REPRESENTATION('',(#7246),#7250);
#7246 = LINE('',#7247,#7248);
#7247 = CARTESIAN_POINT('',(39.6,0.));
#7248 = VECTOR('',#7249,1.);
#7249 = DIRECTION('',(0.,1.));
#7250 = ( GEOMETRIC_REPRESENTATION_CONTEXT(2) 
PARAMETRIC_REPRESENTATION_CONTEXT() REPRESENTATION_CONTEXT('2D SPACE',''
  ) );
#7251 = ORIENTED_EDGE('',*,*,#7252,.T.);
#7252 = EDGE_CURVE('',#7230,#6427,#7253,.T.);
#7253 = SURFACE_CURVE('',#7254,(#7258,#7265),.PCURVE_S1.);
#7254 = LINE('',#7255,#7256);
#7255 = CARTESIAN_POINT('',(38.3,38.3,7.5));
#7256 = VECTOR('',#7257,1.);
#7257 = DIRECTION('',(0.,0.,1.));
#7258 = PCURVE('',#6470,#7259);
#7259 = DEFINITIONAL_REPRESENTATION('',(#7260),#7264);
#7260 = LINE('',#7261,#7262);
#7261 = CARTESIAN_POINT('',(0.,-39.6));
#7262 = VECTOR('',#7263,1.);
#7263 = DIRECTION('',(1.,0.));
#7264 = ( GEOMETRIC_REPRESENTATION_CONTEXT(2) 
PARAMETRIC_REPRESENTATION_CONTEXT() REPRESENTATION_CONTEXT('2D SPACE',''
  ) );
#7265 = PCURVE('',#6442,#7266);
#7266 = DEFINITIONAL_REPRESENTATION('',(#7267),#7271);
#7267 = LINE('',#7268,#7269);
#7268 = CARTESIAN_POINT('',(0.,39.6));
#7269 = VECTOR('',#7270,1.);
#7270 = DIRECTION('',(1.,0.));
#7271 = ( GEOMETRIC_REPRESENTATION_CONTEXT(2) 
PARAMETRIC_REPRESENTATION_CONTEXT() REPRESENTATION_CONTEXT('2D SPACE',''
  ) );
#7272 = ORIENTED_EDGE('',*,*,#6454,.F.);
#7273 = ADVANCED_FACE('',(#7274),#6442,.T.);
#7274 = FACE_BOUND('',#7275,.T.);
#7275 = EDGE_LOOP('',(#7276,#7297,#7298,#7299));
#7276 = ORIENTED_EDGE('',*,*,#7277,.F.);
#7277 = EDGE_CURVE('',#7127,#7230,#7278,.T.);
#7278 = SURFACE_CURVE('',#7279,(#7283,#7290),.PCURVE_S1.);
#7279 = LINE('',#7280,#7281);
#7280 = CARTESIAN_POINT('',(-1.3,38.3,7.5));
#7281 = VECTOR('',#7282,1.);
#7282 = DIRECTION('',(1.,0.,-0.));
#7283 = PCURVE('',#6442,#7284);
#7284 = DEFINITIONAL_REPRESENTATION('',(#7285),#7289);
#7285 = LINE('',#7286,#7287);
#7286 = CARTESIAN_POINT('',(0.,0.));
#7287 = VECTOR('',#7288,1.);
#7288 = DIRECTION('',(0.,1.));
#7289 = ( GEOMETRIC_REPRESENTATION_CONTEXT(2) 
PARAMETRIC_REPRESENTATION_CONTEXT() REPRESENTATION_CONTEXT('2D SPACE',''
  ) );
#7290 = PCURVE('',#7142,#7291);
#7291 = DEFINITIONAL_REPRESENTATION('',(#7292),#7296);
#7292 = LINE('',#7293,#7294);
#7293 = CARTESIAN_POINT('',(0.,39.6));
#7294 = VECTOR('',#7295,1.);
#7295 = DIRECTION('',(1.,0.));
#7296 = ( GEOMETRIC_REPRESENTATION_CONTEXT(2) 
PARAMETRIC_REPRESENTATION_CONTEXT() REPRESENTATION_CONTEXT('2D SPACE',''
  ) );
#7297 = ORIENTED_EDGE('',*,*,#7154,.T.);
#7298 = ORIENTED_EDGE('',*,*,#6426,.T.);
#7299 = ORIENTED_EDGE('',*,*,#7252,.F.);
#7300 = ADVANCED_FACE('',(#7301),#6831,.F.);
#7301 = FACE_BOUND('',#7302,.F.);
#7302 = EDGE_LOOP('',(#7303,#7331,#7332,#7355,#7383));
#7303 = ORIENTED_EDGE('',*,*,#7304,.T.);
#7304 = EDGE_CURVE('',#7305,#6792,#7307,.T.);
#7305 = VERTEX_POINT('',#7306);
#7306 = CARTESIAN_POINT('',(3.,36.5,12.4));
#7307 = SURFACE_CURVE('',#7308,(#7312,#7319),.PCURVE_S1.);
#7308 = LINE('',#7309,#7310);
#7309 = CARTESIAN_POINT('',(3.,36.5,12.4));
#7310 = VECTOR('',#7311,1.);
#7311 = DIRECTION('',(0.,1.,0.));
#7312 = PCURVE('',#6831,#7313);
#7313 = DEFINITIONAL_REPRESENTATION('',(#7314),#7318);
#7314 = LINE('',#7315,#7316);
#7315 = CARTESIAN_POINT('',(-2.12132034356,-2.12132034356));
#7316 = VECTOR('',#7317,1.);
#7317 = DIRECTION('',(1.,0.));
#7318 = ( GEOMETRIC_REPRESENTATION_CONTEXT(2) 
PARAMETRIC_REPRESENTATION_CONTEXT() REPRESENTATION_CONTEXT('2D SPACE',''
  ) );
#7319 = PCURVE('',#7320,#7325);
#7320 = PLANE('',#7321);
#7321 = AXIS2_PLACEMENT_3D('',#7322,#7323,#7324);
#7322 = CARTESIAN_POINT('',(20.,36.5,12.4));
#7323 = DIRECTION('',(0.,0.,-1.));
#7324 = DIRECTION('',(0.,1.,0.));
#7325 = DEFINITIONAL_REPRESENTATION('',(#7326),#7330);
#7326 = LINE('',#7327,#7328);
#7327 = CARTESIAN_POINT('',(0.,-17.));
#7328 = VECTOR('',#7329,1.);
#7329 = DIRECTION('',(1.,0.));
#7330 = ( GEOMETRIC_REPRESENTATION_CONTEXT(2) 
PARAMETRIC_REPRESENTATION_CONTEXT() REPRESENTATION_CONTEXT('2D SPACE',''
  ) );
#7331 = ORIENTED_EDGE('',*,*,#6815,.T.);
#7332 = ORIENTED_EDGE('',*,*,#7333,.T.);
#7333 = EDGE_CURVE('',#6816,#7334,#7336,.T.);
#7334 = VERTEX_POINT('',#7335);
#7335 = CARTESIAN_POINT('',(3.,42.5,12.4));
#7336 = SURFACE_CURVE('',#7337,(#7341,#7348),.PCURVE_S1.);
#7337 = LINE('',#7338,#7339);
#7338 = CARTESIAN_POINT('',(3.,36.5,12.4));
#7339 = VECTOR('',#7340,1.);
#7340 = DIRECTION('',(0.,1.,0.));
#7341 = PCURVE('',#6831,#7342);
#7342 = DEFINITIONAL_REPRESENTATION('',(#7343),#7347);
#7343 = LINE('',#7344,#7345);
#7344 = CARTESIAN_POINT('',(-2.12132034356,-2.12132034356));
#7345 = VECTOR('',#7346,1.);
#7346 = DIRECTION('',(1.,0.));
#7347 = ( GEOMETRIC_REPRESENTATION_CONTEXT(2) 
PARAMETRIC_REPRESENTATION_CONTEXT() REPRESENTATION_CONTEXT('2D SPACE',''
  ) );
#7348 = PCURVE('',#7004,#7349);
#7349 = DEFINITIONAL_REPRESENTATION('',(#7350),#7354);
#7350 = LINE('',#7351,#7352);
#7351 = CARTESIAN_POINT('',(0.,-17.));
#7352 = VECTOR('',#7353,1.);
#7353 = DIRECTION('',(1.,0.));
#7354 = ( GEOMETRIC_REPRESENTATION_CONTEXT(2) 
PARAMETRIC_REPRESENTATION_CONTEXT() REPRESENTATION_CONTEXT('2D SPACE',''
  ) );
#7355 = ORIENTED_EDGE('',*,*,#7356,.T.);
#7356 = EDGE_CURVE('',#7334,#7357,#7359,.T.);
#7357 = VERTEX_POINT('',#7358);
#7358 = CARTESIAN_POINT('',(3.,36.5,18.4));
#7359 = SURFACE_CURVE('',#7360,(#7364,#7371),.PCURVE_S1.);
#7360 = LINE('',#7361,#7362);
#7361 = CARTESIAN_POINT('',(3.,42.5,12.4));
#7362 = VECTOR('',#7363,1.);
#7363 = DIRECTION('',(0.,-0.707106781187,0.707106781187));
#7364 = PCURVE('',#6831,#7365);
#7365 = DEFINITIONAL_REPRESENTATION('',(#7366),#7370);
#7366 = LINE('',#7367,#7368);
#7367 = CARTESIAN_POINT('',(3.87867965644,-2.12132034356));
#7368 = VECTOR('',#7369,1.);
#7369 = DIRECTION('',(-0.707106781187,0.707106781187));
#7370 = ( GEOMETRIC_REPRESENTATION_CONTEXT(2) 
PARAMETRIC_REPRESENTATION_CONTEXT() REPRESENTATION_CONTEXT('2D SPACE',''
  ) );
#7371 = PCURVE('',#7372,#7377);
#7372 = PLANE('',#7373);
#7373 = AXIS2_PLACEMENT_3D('',#7374,#7375,#7376);
#7374 = CARTESIAN_POINT('',(20.,42.5,12.4));
#7375 = DIRECTION('',(-0.,0.707106781187,0.707106781187));
#7376 = DIRECTION('',(0.,-0.707106781187,0.707106781187));
#7377 = DEFINITIONAL_REPRESENTATION('',(#7378),#7382);
#7378 = LINE('',#7379,#7380);
#7379 = CARTESIAN_POINT('',(0.,-17.));
#7380 = VECTOR('',#7381,1.);
#7381 = DIRECTION('',(1.,0.));
#7382 = ( GEOMETRIC_REPRESENTATION_CONTEXT(2) 
PARAMETRIC_REPRESENTATION_CONTEXT() REPRESENTATION_CONTEXT('2D SPACE',''
  ) );
#7383 = ORIENTED_EDGE('',*,*,#7384,.T.);
#7384 = EDGE_CURVE('',#7357,#7305,#7385,.T.);
#7385 = SURFACE_CURVE('',#7386,(#7390,#7397),.PCURVE_S1.);
#7386 = LINE('',#7387,#7388);
#7387 = CARTESIAN_POINT('',(3.,36.5,18.4));
#7388 = VECTOR('',#7389,1.);
#7389 = DIRECTION('',(0.,0.,-1.));
#7390 = PCURVE('',#6831,#7391);
#7391 = DEFINITIONAL_REPRESENTATION('',(#7392),#7396);
#7392 = LINE('',#7393,#7394);
#7393 = CARTESIAN_POINT('',(-2.12132034356,3.87867965644));
#7394 = VECTOR('',#7395,1.);
#7395 = DIRECTION('',(0.,-1.));
#7396 = ( GEOMETRIC_REPRESENTATION_CONTEXT(2) 
PARAMETRIC_REPRESENTATION_CONTEXT() REPRESENTATION_CONTEXT('2D SPACE',''
  ) );
#7397 = PCURVE('',#6674,#7398);
#7398 = DEFINITIONAL_REPRESENTATION('',(#7399),#7403);
#7399 = LINE('',#7400,#7401);
#7400 = CARTESIAN_POINT('',(0.,-17.));
#7401 = VECTOR('',#7402,1.);
#7402 = DIRECTION('',(1.,0.));
#7403 = ( GEOMETRIC_REPRESENTATION_CONTEXT(2) 
PARAMETRIC_REPRESENTATION_CONTEXT() REPRESENTATION_CONTEXT('2D SPACE',''
  ) );
#7404 = ADVANCED_FACE('',(#7405),#6779,.F.);
#7405 = FACE_BOUND('',#7406,.F.);
#7406 = EDGE_LOOP('',(#7407,#7430,#7431,#7457,#7458,#7459));
#7407 = ORIENTED_EDGE('',*,*,#7408,.T.);
#7408 = EDGE_CURVE('',#7409,#6763,#7411,.T.);
#7409 = VERTEX_POINT('',#7410);
#7410 = CARTESIAN_POINT('',(4.3,34.8,10.9));
#7411 = SEAM_CURVE('',#7412,(#7416,#7423),.PCURVE_S1.);
#7412 = LINE('',#7413,#7414);
#7413 = CARTESIAN_POINT('',(4.3,34.8,10.9));
#7414 = VECTOR('',#7415,1.);
#7415 = DIRECTION('',(0.,0.,1.));
#7416 = PCURVE('',#6779,#7417);
#7417 = DEFINITIONAL_REPRESENTATION('',(#7418),#7422);
#7418 = LINE('',#7419,#7420);
#7419 = CARTESIAN_POINT('',(6.28318530718,-0.));
#7420 = VECTOR('',#7421,1.);
#7421 = DIRECTION('',(0.,1.));
#7422 = ( GEOMETRIC_REPRESENTATION_CONTEXT(2) 
PARAMETRIC_REPRESENTATION_CONTEXT() REPRESENTATION_CONTEXT('2D SPACE',''
  ) );
#7423 = PCURVE('',#6779,#7424);
#7424 = DEFINITIONAL_REPRESENTATION('',(#7425),#7429);
#7425 = LINE('',#7426,#7427);
#7426 = CARTESIAN_POINT('',(0.,-0.));
#7427 = VECTOR('',#7428,1.);
#7428 = DIRECTION('',(0.,1.));
#7429 = ( GEOMETRIC_REPRESENTATION_CONTEXT(2) 
PARAMETRIC_REPRESENTATION_CONTEXT() REPRESENTATION_CONTEXT('2D SPACE',''
  ) );
#7430 = ORIENTED_EDGE('',*,*,#6791,.F.);
#7431 = ORIENTED_EDGE('',*,*,#7432,.F.);
#7432 = EDGE_CURVE('',#6740,#6792,#7433,.T.);
#7433 = SURFACE_CURVE('',#7434,(#7439,#7446),.PCURVE_S1.);
#7434 = CIRCLE('',#7435,2.1);
#7435 = AXIS2_PLACEMENT_3D('',#7436,#7437,#7438);
#7436 = CARTESIAN_POINT('',(2.2,34.8,12.4));
#7437 = DIRECTION('',(0.,0.,1.));
#7438 = DIRECTION('',(1.,0.,-0.));
#7439 = PCURVE('',#6779,#7440);
#7440 = DEFINITIONAL_REPRESENTATION('',(#7441),#7445);
#7441 = LINE('',#7442,#7443);
#7442 = CARTESIAN_POINT('',(0.,1.5));
#7443 = VECTOR('',#7444,1.);
#7444 = DIRECTION('',(1.,0.));
#7445 = ( GEOMETRIC_REPRESENTATION_CONTEXT(2) 
PARAMETRIC_REPRESENTATION_CONTEXT() REPRESENTATION_CONTEXT('2D SPACE',''
  ) );
#7446 = PCURVE('',#7320,#7447);
#7447 = DEFINITIONAL_REPRESENTATION('',(#7448),#7456);
#7448 = ( BOUNDED_CURVE() B_SPLINE_CURVE(2,(#7449,#7450,#7451,#7452,
#7453,#7454,#7455),.UNSPECIFIED.,.T.,.F.) B_SPLINE_CURVE_WITH_KNOTS((1,2
    ,2,2,2,1),(-2.094395102393,0.,2.094395102393,4.188790204786,
6.28318530718,8.377580409573),.UNSPECIFIED.) CURVE() 
GEOMETRIC_REPRESENTATION_ITEM() RATIONAL_B_SPLINE_CURVE((1.,0.5,1.,0.5,
1.,0.5,1.)) REPRESENTATION_ITEM('') );
#7449 = CARTESIAN_POINT('',(-1.7,-15.7));
#7450 = CARTESIAN_POINT('',(1.937306695895,-15.7));
#7451 = CARTESIAN_POINT('',(0.118653347947,-18.85));
#7452 = CARTESIAN_POINT('',(-1.7,-22.));
#7453 = CARTESIAN_POINT('',(-3.518653347947,-18.85));
#7454 = CARTESIAN_POINT('',(-5.337306695895,-15.7));
#7455 = CARTESIAN_POINT('',(-1.7,-15.7));
#7456 = ( GEOMETRIC_REPRESENTATION_CONTEXT(2) 
PARAMETRIC_REPRESENTATION_CONTEXT() REPRESENTATION_CONTEXT('2D SPACE',''
  ) );
#7457 = ORIENTED_EDGE('',*,*,#6762,.F.);
#7458 = ORIENTED_EDGE('',*,*,#7408,.F.);
#7459 = ORIENTED_EDGE('',*,*,#7460,.T.);
#7460 = EDGE_CURVE('',#7409,#7409,#7461,.T.);
#7461 = SURFACE_CURVE('',#7462,(#7467,#7474),.PCURVE_S1.);
#7462 = CIRCLE('',#7463,2.1);
#7463 = AXIS2_PLACEMENT_3D('',#7464,#7465,#7466);
#7464 = CARTESIAN_POINT('',(2.2,34.8,10.9));
#7465 = DIRECTION('',(0.,0.,1.));
#7466 = DIRECTION('',(1.,0.,-0.));
#7467 = PCURVE('',#6779,#7468);
#7468 = DEFINITIONAL_REPRESENTATION('',(#7469),#7473);
#7469 = LINE('',#7470,#7471);
#7470 = CARTESIAN_POINT('',(0.,0.));
#7471 = VECTOR('',#7472,1.);
#7472 = DIRECTION('',(1.,0.));
#7473 = ( GEOMETRIC_REPRESENTATION_CONTEXT(2) 
PARAMETRIC_REPRESENTATION_CONTEXT() REPRESENTATION_CONTEXT('2D SPACE',''
  ) );
#7474 = PCURVE('',#7475,#7480);
#7475 = PLANE('',#7476);
#7476 = AXIS2_PLACEMENT_3D('',#7477,#7478,#7479);
#7477 = CARTESIAN_POINT('',(2.2,34.8,10.9));
#7478 = DIRECTION('',(0.,0.,1.));
#7479 = DIRECTION('',(1.,0.,-0.));
#7480 = DEFINITIONAL_REPRESENTATION('',(#7481),#7485);
#7481 = CIRCLE('',#7482,2.1);
#7482 = AXIS2_PLACEMENT_2D('',#7483,#7484);
#7483 = CARTESIAN_POINT('',(0.,0.));
#7484 = DIRECTION('',(1.,0.));
#7485 = ( GEOMETRIC_REPRESENTATION_CONTEXT(2) 
PARAMETRIC_REPRESENTATION_CONTEXT() REPRESENTATION_CONTEXT('2D SPACE',''
  ) );
#7486 = ADVANCED_FACE('',(#7487),#6674,.T.);
#7487 = FACE_BOUND('',#7488,.T.);
#7488 = EDGE_LOOP('',(#7489,#7490,#7511,#7512,#7538,#7539,#7562));
#7489 = ORIENTED_EDGE('',*,*,#7384,.T.);
#7490 = ORIENTED_EDGE('',*,*,#7491,.F.);
#7491 = EDGE_CURVE('',#6740,#7305,#7492,.T.);
#7492 = SURFACE_CURVE('',#7493,(#7497,#7504),.PCURVE_S1.);
#7493 = LINE('',#7494,#7495);
#7494 = CARTESIAN_POINT('',(37.,36.5,12.4));
#7495 = VECTOR('',#7496,1.);
#7496 = DIRECTION('',(-1.,0.,0.));
#7497 = PCURVE('',#6674,#7498);
#7498 = DEFINITIONAL_REPRESENTATION('',(#7499),#7503);
#7499 = LINE('',#7500,#7501);
#7500 = CARTESIAN_POINT('',(6.,17.));
#7501 = VECTOR('',#7502,1.);
#7502 = DIRECTION('',(0.,-1.));
#7503 = ( GEOMETRIC_REPRESENTATION_CONTEXT(2) 
PARAMETRIC_REPRESENTATION_CONTEXT() REPRESENTATION_CONTEXT('2D SPACE',''
  ) );
#7504 = PCURVE('',#7320,#7505);
#7505 = DEFINITIONAL_REPRESENTATION('',(#7506),#7510);
#7506 = LINE('',#7507,#7508);
#7507 = CARTESIAN_POINT('',(0.,17.));
#7508 = VECTOR('',#7509,1.);
#7509 = DIRECTION('',(0.,-1.));
#7510 = ( GEOMETRIC_REPRESENTATION_CONTEXT(2) 
PARAMETRIC_REPRESENTATION_CONTEXT() REPRESENTATION_CONTEXT('2D SPACE',''
  ) );
#7511 = ORIENTED_EDGE('',*,*,#6739,.F.);
#7512 = ORIENTED_EDGE('',*,*,#7513,.F.);
#7513 = EDGE_CURVE('',#6659,#6716,#7514,.T.);
#7514 = SURFACE_CURVE('',#7515,(#7519,#7526),.PCURVE_S1.);
#7515 = LINE('',#7516,#7517);
#7516 = CARTESIAN_POINT('',(37.,36.5,12.4));
#7517 = VECTOR('',#7518,1.);
#7518 = DIRECTION('',(-1.,0.,0.));
#7519 = PCURVE('',#6674,#7520);
#7520 = DEFINITIONAL_REPRESENTATION('',(#7521),#7525);
#7521 = LINE('',#7522,#7523);
#7522 = CARTESIAN_POINT('',(6.,17.));
#7523 = VECTOR('',#7524,1.);
#7524 = DIRECTION('',(0.,-1.));
#7525 = ( GEOMETRIC_REPRESENTATION_CONTEXT(2) 
PARAMETRIC_REPRESENTATION_CONTEXT() REPRESENTATION_CONTEXT('2D SPACE',''
  ) );
#7526 = PCURVE('',#7527,#7532);
#7527 = PLANE('',#7528);
#7528 = AXIS2_PLACEMENT_3D('',#7529,#7530,#7531);
#7529 = CARTESIAN_POINT('',(20.,36.5,12.4));
#7530 = DIRECTION('',(0.,0.,-1.));
#7531 = DIRECTION('',(0.,1.,0.));
#7532 = DEFINITIONAL_REPRESENTATION('',(#7533),#7537);
#7533 = LINE('',#7534,#7535);
#7534 = CARTESIAN_POINT('',(0.,17.));
#7535 = VECTOR('',#7536,1.);
#7536 = DIRECTION('',(0.,-1.));
#7537 = ( GEOMETRIC_REPRESENTATION_CONTEXT(2) 
PARAMETRIC_REPRESENTATION_CONTEXT() REPRESENTATION_CONTEXT('2D SPACE',''
  ) );
#7538 = ORIENTED_EDGE('',*,*,#6658,.F.);
#7539 = ORIENTED_EDGE('',*,*,#7540,.F.);
#7540 = EDGE_CURVE('',#7541,#6631,#7543,.T.);
#7541 = VERTEX_POINT('',#7542);
#7542 = CARTESIAN_POINT('',(37.,36.5,18.4));
#7543 = SURFACE_CURVE('',#7544,(#7548,#7555),.PCURVE_S1.);
#7544 = LINE('',#7545,#7546);
#7545 = CARTESIAN_POINT('',(37.,36.5,18.4));
#7546 = VECTOR('',#7547,1.);
#7547 = DIRECTION('',(0.,0.,-1.));
#7548 = PCURVE('',#6674,#7549);
#7549 = DEFINITIONAL_REPRESENTATION('',(#7550),#7554);
#7550 = LINE('',#7551,#7552);
#7551 = CARTESIAN_POINT('',(0.,17.));
#7552 = VECTOR('',#7553,1.);
#7553 = DIRECTION('',(1.,0.));
#7554 = ( GEOMETRIC_REPRESENTATION_CONTEXT(2) 
PARAMETRIC_REPRESENTATION_CONTEXT() REPRESENTATION_CONTEXT('2D SPACE',''
  ) );
#7555 = PCURVE('',#6646,#7556);
#7556 = DEFINITIONAL_REPRESENTATION('',(#7557),#7561);
#7557 = LINE('',#7558,#7559);
#7558 = CARTESIAN_POINT('',(-2.12132034356,3.87867965644));
#7559 = VECTOR('',#7560,1.);
#7560 = DIRECTION('',(0.,-1.));
#7561 = ( GEOMETRIC_REPRESENTATION_CONTEXT(2) 
PARAMETRIC_REPRESENTATION_CONTEXT() REPRESENTATION_CONTEXT('2D SPACE',''
  ) );
#7562 = ORIENTED_EDGE('',*,*,#7563,.T.);
#7563 = EDGE_CURVE('',#7541,#7357,#7564,.T.);
#7564 = SURFACE_CURVE('',#7565,(#7569,#7576),.PCURVE_S1.);
#7565 = LINE('',#7566,#7567);
#7566 = CARTESIAN_POINT('',(37.,36.5,18.4));
#7567 = VECTOR('',#7568,1.);
#7568 = DIRECTION('',(-1.,0.,0.));
#7569 = PCURVE('',#6674,#7570);
#7570 = DEFINITIONAL_REPRESENTATION('',(#7571),#7575);
#7571 = LINE('',#7572,#7573);
#7572 = CARTESIAN_POINT('',(0.,17.));
#7573 = VECTOR('',#7574,1.);
#7574 = DIRECTION('',(0.,-1.));
#7575 = ( GEOMETRIC_REPRESENTATION_CONTEXT(2) 
PARAMETRIC_REPRESENTATION_CONTEXT() REPRESENTATION_CONTEXT('2D SPACE',''
  ) );
#7576 = PCURVE('',#7372,#7577);
#7577 = DEFINITIONAL_REPRESENTATION('',(#7578),#7582);
#7578 = LINE('',#7579,#7580);
#7579 = CARTESIAN_POINT('',(8.485281374239,17.));
#7580 = VECTOR('',#7581,1.);
#7581 = DIRECTION('',(0.,-1.));
#7582 = ( GEOMETRIC_REPRESENTATION_CONTEXT(2) 
PARAMETRIC_REPRESENTATION_CONTEXT() REPRESENTATION_CONTEXT('2D SPACE',''
  ) );
#7583 = ADVANCED_FACE('',(#7584),#6703,.F.);
#7584 = FACE_BOUND('',#7585,.F.);
#7585 = EDGE_LOOP('',(#7586,#7609,#7610,#7636,#7637,#7638));
#7586 = ORIENTED_EDGE('',*,*,#7587,.T.);
#7587 = EDGE_CURVE('',#7588,#6687,#7590,.T.);
#7588 = VERTEX_POINT('',#7589);
#7589 = CARTESIAN_POINT('',(36.9,34.8,10.9));
#7590 = SEAM_CURVE('',#7591,(#7595,#7602),.PCURVE_S1.);
#7591 = LINE('',#7592,#7593);
#7592 = CARTESIAN_POINT('',(36.9,34.8,10.9));
#7593 = VECTOR('',#7594,1.);
#7594 = DIRECTION('',(0.,0.,1.));
#7595 = PCURVE('',#6703,#7596);
#7596 = DEFINITIONAL_REPRESENTATION('',(#7597),#7601);
#7597 = LINE('',#7598,#7599);
#7598 = CARTESIAN_POINT('',(6.28318530718,-0.));
#7599 = VECTOR('',#7600,1.);
#7600 = DIRECTION('',(0.,1.));
#7601 = ( GEOMETRIC_REPRESENTATION_CONTEXT(2) 
PARAMETRIC_REPRESENTATION_CONTEXT() REPRESENTATION_CONTEXT('2D SPACE',''
  ) );
#7602 = PCURVE('',#6703,#7603);
#7603 = DEFINITIONAL_REPRESENTATION('',(#7604),#7608);
#7604 = LINE('',#7605,#7606);
#7605 = CARTESIAN_POINT('',(0.,-0.));
#7606 = VECTOR('',#7607,1.);
#7607 = DIRECTION('',(0.,1.));
#7608 = ( GEOMETRIC_REPRESENTATION_CONTEXT(2) 
PARAMETRIC_REPRESENTATION_CONTEXT() REPRESENTATION_CONTEXT('2D SPACE',''
  ) );
#7609 = ORIENTED_EDGE('',*,*,#6715,.F.);
#7610 = ORIENTED_EDGE('',*,*,#7611,.F.);
#7611 = EDGE_CURVE('',#6659,#6716,#7612,.T.);
#7612 = SURFACE_CURVE('',#7613,(#7618,#7625),.PCURVE_S1.);
#7613 = CIRCLE('',#7614,2.1);
#7614 = AXIS2_PLACEMENT_3D('',#7615,#7616,#7617);
#7615 = CARTESIAN_POINT('',(34.8,34.8,12.4));
#7616 = DIRECTION('',(0.,0.,1.));
#7617 = DIRECTION('',(1.,0.,-0.));
#7618 = PCURVE('',#6703,#7619);
#7619 = DEFINITIONAL_REPRESENTATION('',(#7620),#7624);
#7620 = LINE('',#7621,#7622);
#7621 = CARTESIAN_POINT('',(0.,1.5));
#7622 = VECTOR('',#7623,1.);
#7623 = DIRECTION('',(1.,0.));
#7624 = ( GEOMETRIC_REPRESENTATION_CONTEXT(2) 
PARAMETRIC_REPRESENTATION_CONTEXT() REPRESENTATION_CONTEXT('2D SPACE',''
  ) );
#7625 = PCURVE('',#7527,#7626);
#7626 = DEFINITIONAL_REPRESENTATION('',(#7627),#7635);
#7627 = ( BOUNDED_CURVE() B_SPLINE_CURVE(2,(#7628,#7629,#7630,#7631,
#7632,#7633,#7634),.UNSPECIFIED.,.T.,.F.) B_SPLINE_CURVE_WITH_KNOTS((1,2
    ,2,2,2,1),(-2.094395102393,0.,2.094395102393,4.188790204786,
6.28318530718,8.377580409573),.UNSPECIFIED.) CURVE() 
GEOMETRIC_REPRESENTATION_ITEM() RATIONAL_B_SPLINE_CURVE((1.,0.5,1.,0.5,
1.,0.5,1.)) REPRESENTATION_ITEM('') );
#7628 = CARTESIAN_POINT('',(-1.7,16.9));
#7629 = CARTESIAN_POINT('',(1.937306695895,16.9));
#7630 = CARTESIAN_POINT('',(0.118653347947,13.75));
#7631 = CARTESIAN_POINT('',(-1.7,10.6));
#7632 = CARTESIAN_POINT('',(-3.518653347947,13.75));
#7633 = CARTESIAN_POINT('',(-5.337306695895,16.9));
#7634 = CARTESIAN_POINT('',(-1.7,16.9));
#7635 = ( GEOMETRIC_REPRESENTATION_CONTEXT(2) 
PARAMETRIC_REPRESENTATION_CONTEXT() REPRESENTATION_CONTEXT('2D SPACE',''
  ) );
#7636 = ORIENTED_EDGE('',*,*,#6686,.F.);
#7637 = ORIENTED_EDGE('',*,*,#7587,.F.);
#7638 = ORIENTED_EDGE('',*,*,#7639,.T.);
#7639 = EDGE_CURVE('',#7588,#7588,#7640,.T.);
#7640 = SURFACE_CURVE('',#7641,(#7646,#7653),.PCURVE_S1.);
#7641 = CIRCLE('',#7642,2.1);
#7642 = AXIS2_PLACEMENT_3D('',#7643,#7644,#7645);
#7643 = CARTESIAN_POINT('',(34.8,34.8,10.9));
#7644 = DIRECTION('',(0.,0.,1.));
#7645 = DIRECTION('',(1.,0.,-0.));
#7646 = PCURVE('',#6703,#7647);
#7647 = DEFINITIONAL_REPRESENTATION('',(#7648),#7652);
#7648 = LINE('',#7649,#7650);
#7649 = CARTESIAN_POINT('',(0.,0.));
#7650 = VECTOR('',#7651,1.);
#7651 = DIRECTION('',(1.,0.));
#7652 = ( GEOMETRIC_REPRESENTATION_CONTEXT(2) 
PARAMETRIC_REPRESENTATION_CONTEXT() REPRESENTATION_CONTEXT('2D SPACE',''
  ) );
#7653 = PCURVE('',#7654,#7659);
#7654 = PLANE('',#7655);
#7655 = AXIS2_PLACEMENT_3D('',#7656,#7657,#7658);
#7656 = CARTESIAN_POINT('',(34.8,34.8,10.9));
#7657 = DIRECTION('',(0.,0.,1.));
#7658 = DIRECTION('',(1.,0.,-0.));
#7659 = DEFINITIONAL_REPRESENTATION('',(#7660),#7664);
#7660 = CIRCLE('',#7661,2.1);
#7661 = AXIS2_PLACEMENT_2D('',#7662,#7663);
#7662 = CARTESIAN_POINT('',(0.,0.));
#7663 = DIRECTION('',(1.,0.));
#7664 = ( GEOMETRIC_REPRESENTATION_CONTEXT(2) 
PARAMETRIC_REPRESENTATION_CONTEXT() REPRESENTATION_CONTEXT('2D SPACE',''
  ) );
#7665 = ADVANCED_FACE('',(#7666),#6646,.T.);
#7666 = FACE_BOUND('',#7667,.T.);
#7667 = EDGE_LOOP('',(#7668,#7669,#7692,#7713));
#7668 = ORIENTED_EDGE('',*,*,#6630,.T.);
#7669 = ORIENTED_EDGE('',*,*,#7670,.T.);
#7670 = EDGE_CURVE('',#6608,#7671,#7673,.T.);
#7671 = VERTEX_POINT('',#7672);
#7672 = CARTESIAN_POINT('',(37.,42.5,12.4));
#7673 = SURFACE_CURVE('',#7674,(#7678,#7685),.PCURVE_S1.);
#7674 = LINE('',#7675,#7676);
#7675 = CARTESIAN_POINT('',(37.,36.5,12.4));
#7676 = VECTOR('',#7677,1.);
#7677 = DIRECTION('',(0.,1.,0.));
#7678 = PCURVE('',#6646,#7679);
#7679 = DEFINITIONAL_REPRESENTATION('',(#7680),#7684);
#7680 = LINE('',#7681,#7682);
#7681 = CARTESIAN_POINT('',(-2.12132034356,-2.12132034356));
#7682 = VECTOR('',#7683,1.);
#7683 = DIRECTION('',(1.,0.));
#7684 = ( GEOMETRIC_REPRESENTATION_CONTEXT(2) 
PARAMETRIC_REPRESENTATION_CONTEXT() REPRESENTATION_CONTEXT('2D SPACE',''
  ) );
#7685 = PCURVE('',#7004,#7686);
#7686 = DEFINITIONAL_REPRESENTATION('',(#7687),#7691);
#7687 = LINE('',#7688,#7689);
#7688 = CARTESIAN_POINT('',(0.,17.));
#7689 = VECTOR('',#7690,1.);
#7690 = DIRECTION('',(1.,0.));
#7691 = ( GEOMETRIC_REPRESENTATION_CONTEXT(2) 
PARAMETRIC_REPRESENTATION_CONTEXT() REPRESENTATION_CONTEXT('2D SPACE',''
  ) );
#7692 = ORIENTED_EDGE('',*,*,#7693,.T.);
#7693 = EDGE_CURVE('',#7671,#7541,#7694,.T.);
#7694 = SURFACE_CURVE('',#7695,(#7699,#7706),.PCURVE_S1.);
#7695 = LINE('',#7696,#7697);
#7696 = CARTESIAN_POINT('',(37.,42.5,12.4));
#7697 = VECTOR('',#7698,1.);
#7698 = DIRECTION('',(0.,-0.707106781187,0.707106781187));
#7699 = PCURVE('',#6646,#7700);
#7700 = DEFINITIONAL_REPRESENTATION('',(#7701),#7705);
#7701 = LINE('',#7702,#7703);
#7702 = CARTESIAN_POINT('',(3.87867965644,-2.12132034356));
#7703 = VECTOR('',#7704,1.);
#7704 = DIRECTION('',(-0.707106781187,0.707106781187));
#7705 = ( GEOMETRIC_REPRESENTATION_CONTEXT(2) 
PARAMETRIC_REPRESENTATION_CONTEXT() REPRESENTATION_CONTEXT('2D SPACE',''
  ) );
#7706 = PCURVE('',#7372,#7707);
#7707 = DEFINITIONAL_REPRESENTATION('',(#7708),#7712);
#7708 = LINE('',#7709,#7710);
#7709 = CARTESIAN_POINT('',(0.,17.));
#7710 = VECTOR('',#7711,1.);
#7711 = DIRECTION('',(1.,0.));
#7712 = ( GEOMETRIC_REPRESENTATION_CONTEXT(2) 
PARAMETRIC_REPRESENTATION_CONTEXT() REPRESENTATION_CONTEXT('2D SPACE',''
  ) );
#7713 = ORIENTED_EDGE('',*,*,#7540,.T.);
#7714 = ADVANCED_FACE('',(#7715),#6884,.F.);
#7715 = FACE_BOUND('',#7716,.F.);
#7716 = EDGE_LOOP('',(#7717,#7718,#7741,#7768));
#7717 = ORIENTED_EDGE('',*,*,#6867,.F.);
#7718 = ORIENTED_EDGE('',*,*,#7719,.F.);
#7719 = EDGE_CURVE('',#7720,#6868,#7722,.T.);
#7720 = VERTEX_POINT('',#7721);
#7721 = CARTESIAN_POINT('',(4.3,2.2,10.9));
#7722 = SEAM_CURVE('',#7723,(#7727,#7734),.PCURVE_S1.);
#7723 = LINE('',#7724,#7725);
#7724 = CARTESIAN_POINT('',(4.3,2.2,10.9));
#7725 = VECTOR('',#7726,1.);
#7726 = DIRECTION('',(0.,0.,1.));
#7727 = PCURVE('',#6884,#7728);
#7728 = DEFINITIONAL_REPRESENTATION('',(#7729),#7733);
#7729 = LINE('',#7730,#7731);
#7730 = CARTESIAN_POINT('',(6.28318530718,-0.));
#7731 = VECTOR('',#7732,1.);
#7732 = DIRECTION('',(0.,1.));
#7733 = ( GEOMETRIC_REPRESENTATION_CONTEXT(2) 
PARAMETRIC_REPRESENTATION_CONTEXT() REPRESENTATION_CONTEXT('2D SPACE',''
  ) );
#7734 = PCURVE('',#6884,#7735);
#7735 = DEFINITIONAL_REPRESENTATION('',(#7736),#7740);
#7736 = LINE('',#7737,#7738);
#7737 = CARTESIAN_POINT('',(0.,-0.));
#7738 = VECTOR('',#7739,1.);
#7739 = DIRECTION('',(0.,1.));
#7740 = ( GEOMETRIC_REPRESENTATION_CONTEXT(2) 
PARAMETRIC_REPRESENTATION_CONTEXT() REPRESENTATION_CONTEXT('2D SPACE',''
  ) );
#7741 = ORIENTED_EDGE('',*,*,#7742,.T.);
#7742 = EDGE_CURVE('',#7720,#7720,#7743,.T.);
#7743 = SURFACE_CURVE('',#7744,(#7749,#7756),.PCURVE_S1.);
#7744 = CIRCLE('',#7745,2.1);
#7745 = AXIS2_PLACEMENT_3D('',#7746,#7747,#7748);
#7746 = CARTESIAN_POINT('',(2.2,2.2,10.9));
#7747 = DIRECTION('',(0.,0.,1.));
#7748 = DIRECTION('',(1.,0.,-0.));
#7749 = PCURVE('',#6884,#7750);
#7750 = DEFINITIONAL_REPRESENTATION('',(#7751),#7755);
#7751 = LINE('',#7752,#7753);
#7752 = CARTESIAN_POINT('',(0.,0.));
#7753 = VECTOR('',#7754,1.);
#7754 = DIRECTION('',(1.,0.));
#7755 = ( GEOMETRIC_REPRESENTATION_CONTEXT(2) 
PARAMETRIC_REPRESENTATION_CONTEXT() REPRESENTATION_CONTEXT('2D SPACE',''
  ) );
#7756 = PCURVE('',#7757,#7762);
#7757 = PLANE('',#7758);
#7758 = AXIS2_PLACEMENT_3D('',#7759,#7760,#7761);
#7759 = CARTESIAN_POINT('',(2.2,2.2,10.9));
#7760 = DIRECTION('',(0.,0.,1.));
#7761 = DIRECTION('',(1.,0.,-0.));
#7762 = DEFINITIONAL_REPRESENTATION('',(#7763),#7767);
#7763 = CIRCLE('',#7764,2.1);
#7764 = AXIS2_PLACEMENT_2D('',#7765,#7766);
#7765 = CARTESIAN_POINT('',(0.,0.));
#7766 = DIRECTION('',(1.,0.));
#7767 = ( GEOMETRIC_REPRESENTATION_CONTEXT(2) 
PARAMETRIC_REPRESENTATION_CONTEXT() REPRESENTATION_CONTEXT('2D SPACE',''
  ) );
#7768 = ORIENTED_EDGE('',*,*,#7719,.T.);
#7769 = ADVANCED_FACE('',(#7770),#6915,.F.);
#7770 = FACE_BOUND('',#7771,.F.);
#7771 = EDGE_LOOP('',(#7772,#7773,#7796,#7823));
#7772 = ORIENTED_EDGE('',*,*,#6898,.F.);
#7773 = ORIENTED_EDGE('',*,*,#7774,.F.);
#7774 = EDGE_CURVE('',#7775,#6899,#7777,.T.);
#7775 = VERTEX_POINT('',#7776);
#7776 = CARTESIAN_POINT('',(36.9,2.2,10.9));
#7777 = SEAM_CURVE('',#7778,(#7782,#7789),.PCURVE_S1.);
#7778 = LINE('',#7779,#7780);
#7779 = CARTESIAN_POINT('',(36.9,2.2,10.9));
#7780 = VECTOR('',#7781,1.);
#7781 = DIRECTION('',(0.,0.,1.));
#7782 = PCURVE('',#6915,#7783);
#7783 = DEFINITIONAL_REPRESENTATION('',(#7784),#7788);
#7784 = LINE('',#7785,#7786);
#7785 = CARTESIAN_POINT('',(6.28318530718,-0.));
#7786 = VECTOR('',#7787,1.);
#7787 = DIRECTION('',(0.,1.));
#7788 = ( GEOMETRIC_REPRESENTATION_CONTEXT(2) 
PARAMETRIC_REPRESENTATION_CONTEXT() REPRESENTATION_CONTEXT('2D SPACE',''
  ) );
#7789 = PCURVE('',#6915,#7790);
#7790 = DEFINITIONAL_REPRESENTATION('',(#7791),#7795);
#7791 = LINE('',#7792,#7793);
#7792 = CARTESIAN_POINT('',(0.,-0.));
#7793 = VECTOR('',#7794,1.);
#7794 = DIRECTION('',(0.,1.));
#7795 = ( GEOMETRIC_REPRESENTATION_CONTEXT(2) 
PARAMETRIC_REPRESENTATION_CONTEXT() REPRESENTATION_CONTEXT('2D SPACE',''
  ) );
#7796 = ORIENTED_EDGE('',*,*,#7797,.T.);
#7797 = EDGE_CURVE('',#7775,#7775,#7798,.T.);
#7798 = SURFACE_CURVE('',#7799,(#7804,#7811),.PCURVE_S1.);
#7799 = CIRCLE('',#7800,2.1);
#7800 = AXIS2_PLACEMENT_3D('',#7801,#7802,#7803);
#7801 = CARTESIAN_POINT('',(34.8,2.2,10.9));
#7802 = DIRECTION('',(0.,0.,1.));
#7803 = DIRECTION('',(1.,0.,-0.));
#7804 = PCURVE('',#6915,#7805);
#7805 = DEFINITIONAL_REPRESENTATION('',(#7806),#7810);
#7806 = LINE('',#7807,#7808);
#7807 = CARTESIAN_POINT('',(0.,0.));
#7808 = VECTOR('',#7809,1.);
#7809 = DIRECTION('',(1.,0.));
#7810 = ( GEOMETRIC_REPRESENTATION_CONTEXT(2) 
PARAMETRIC_REPRESENTATION_CONTEXT() REPRESENTATION_CONTEXT('2D SPACE',''
  ) );
#7811 = PCURVE('',#7812,#7817);
#7812 = PLANE('',#7813);
#7813 = AXIS2_PLACEMENT_3D('',#7814,#7815,#7816);
#7814 = CARTESIAN_POINT('',(34.8,2.2,10.9));
#7815 = DIRECTION('',(0.,0.,1.));
#7816 = DIRECTION('',(1.,0.,-0.));
#7817 = DEFINITIONAL_REPRESENTATION('',(#7818),#7822);
#7818 = CIRCLE('',#7819,2.1);
#7819 = AXIS2_PLACEMENT_2D('',#7820,#7821);
#7820 = CARTESIAN_POINT('',(0.,0.));
#7821 = DIRECTION('',(1.,0.));
#7822 = ( GEOMETRIC_REPRESENTATION_CONTEXT(2) 
PARAMETRIC_REPRESENTATION_CONTEXT() REPRESENTATION_CONTEXT('2D SPACE',''
  ) );
#7823 = ORIENTED_EDGE('',*,*,#7774,.T.);
#7824 = ADVANCED_FACE('',(#7825),#6946,.F.);
#7825 = FACE_BOUND('',#7826,.F.);
#7826 = EDGE_LOOP('',(#7827,#7828,#7851,#7878));
#7827 = ORIENTED_EDGE('',*,*,#6929,.F.);
#7828 = ORIENTED_EDGE('',*,*,#7829,.F.);
#7829 = EDGE_CURVE('',#7830,#6930,#7832,.T.);
#7830 = VERTEX_POINT('',#7831);
#7831 = CARTESIAN_POINT('',(29.,24.,10.));
#7832 = SEAM_CURVE('',#7833,(#7837,#7844),.PCURVE_S1.);
#7833 = LINE('',#7834,#7835);
#7834 = CARTESIAN_POINT('',(28.166666666667,24.,9.));
#7835 = VECTOR('',#7836,1.);
#7836 = DIRECTION('',(0.640184399664,-1.567999551826E-16,0.768221279597)
  );
#7837 = PCURVE('',#6946,#7838);
#7838 = DEFINITIONAL_REPRESENTATION('',(#7839),#7843);
#7839 = LINE('',#7840,#7841);
#7840 = CARTESIAN_POINT('',(6.28318530718,-0.));
#7841 = VECTOR('',#7842,1.);
#7842 = DIRECTION('',(0.,1.));
#7843 = ( GEOMETRIC_REPRESENTATION_CONTEXT(2) 
PARAMETRIC_REPRESENTATION_CONTEXT() REPRESENTATION_CONTEXT('2D SPACE',''
  ) );
#7844 = PCURVE('',#6946,#7845);
#7845 = DEFINITIONAL_REPRESENTATION('',(#7846),#7850);
#7846 = LINE('',#7847,#7848);
#7847 = CARTESIAN_POINT('',(0.,-0.));
#7848 = VECTOR('',#7849,1.);
#7849 = DIRECTION('',(0.,1.));
#7850 = ( GEOMETRIC_REPRESENTATION_CONTEXT(2) 
PARAMETRIC_REPRESENTATION_CONTEXT() REPRESENTATION_CONTEXT('2D SPACE',''
  ) );
#7851 = ORIENTED_EDGE('',*,*,#7852,.T.);
#7852 = EDGE_CURVE('',#7830,#7830,#7853,.T.);
#7853 = SURFACE_CURVE('',#7854,(#7859,#7866),.PCURVE_S1.);
#7854 = CIRCLE('',#7855,9.);
#7855 = AXIS2_PLACEMENT_3D('',#7856,#7857,#7858);
#7856 = CARTESIAN_POINT('',(20.,24.,10.));
#7857 = DIRECTION('',(0.,0.,1.));
#7858 = DIRECTION('',(1.,0.,-0.));
#7859 = PCURVE('',#6946,#7860);
#7860 = DEFINITIONAL_REPRESENTATION('',(#7861),#7865);
#7861 = LINE('',#7862,#7863);
#7862 = CARTESIAN_POINT('',(0.,1.));
#7863 = VECTOR('',#7864,1.);
#7864 = DIRECTION('',(1.,0.));
#7865 = ( GEOMETRIC_REPRESENTATION_CONTEXT(2) 
PARAMETRIC_REPRESENTATION_CONTEXT() REPRESENTATION_CONTEXT('2D SPACE',''
  ) );
#7866 = PCURVE('',#7867,#7872);
#7867 = PLANE('',#7868);
#7868 = AXIS2_PLACEMENT_3D('',#7869,#7870,#7871);
#7869 = CARTESIAN_POINT('',(18.499999999424,18.499999999385,10.));
#7870 = DIRECTION('',(0.,0.,1.));
#7871 = DIRECTION('',(1.,0.,-0.));
#7872 = DEFINITIONAL_REPRESENTATION('',(#7873),#7877);
#7873 = CIRCLE('',#7874,9.);
#7874 = AXIS2_PLACEMENT_2D('',#7875,#7876);
#7875 = CARTESIAN_POINT('',(1.500000000576,5.500000000615));
#7876 = DIRECTION('',(1.,0.));
#7877 = ( GEOMETRIC_REPRESENTATION_CONTEXT(2) 
PARAMETRIC_REPRESENTATION_CONTEXT() REPRESENTATION_CONTEXT('2D SPACE',''
  ) );
#7878 = ORIENTED_EDGE('',*,*,#7829,.T.);
#7879 = ADVANCED_FACE('',(#7880),#7004,.T.);
#7880 = FACE_BOUND('',#7881,.T.);
#7881 = EDGE_LOOP('',(#7882,#7883,#7884,#7905));
#7882 = ORIENTED_EDGE('',*,*,#6990,.F.);
#7883 = ORIENTED_EDGE('',*,*,#7333,.T.);
#7884 = ORIENTED_EDGE('',*,*,#7885,.T.);
#7885 = EDGE_CURVE('',#7334,#7671,#7886,.T.);
#7886 = SURFACE_CURVE('',#7887,(#7891,#7898),.PCURVE_S1.);
#7887 = LINE('',#7888,#7889);
#7888 = CARTESIAN_POINT('',(3.,42.5,12.4));
#7889 = VECTOR('',#7890,1.);
#7890 = DIRECTION('',(1.,0.,0.));
#7891 = PCURVE('',#7004,#7892);
#7892 = DEFINITIONAL_REPRESENTATION('',(#7893),#7897);
#7893 = LINE('',#7894,#7895);
#7894 = CARTESIAN_POINT('',(6.,-17.));
#7895 = VECTOR('',#7896,1.);
#7896 = DIRECTION('',(0.,1.));
#7897 = ( GEOMETRIC_REPRESENTATION_CONTEXT(2) 
PARAMETRIC_REPRESENTATION_CONTEXT() REPRESENTATION_CONTEXT('2D SPACE',''
  ) );
#7898 = PCURVE('',#7372,#7899);
#7899 = DEFINITIONAL_REPRESENTATION('',(#7900),#7904);
#7900 = LINE('',#7901,#7902);
#7901 = CARTESIAN_POINT('',(0.,-17.));
#7902 = VECTOR('',#7903,1.);
#7903 = DIRECTION('',(0.,1.));
#7904 = ( GEOMETRIC_REPRESENTATION_CONTEXT(2) 
PARAMETRIC_REPRESENTATION_CONTEXT() REPRESENTATION_CONTEXT('2D SPACE',''
  ) );
#7905 = ORIENTED_EDGE('',*,*,#7670,.F.);
#7906 = ADVANCED_FACE('',(#7907,#7913),#7142,.F.);
#7907 = FACE_BOUND('',#7908,.F.);
#7908 = EDGE_LOOP('',(#7909,#7910,#7911,#7912));
#7909 = ORIENTED_EDGE('',*,*,#7126,.F.);
#7910 = ORIENTED_EDGE('',*,*,#7179,.T.);
#7911 = ORIENTED_EDGE('',*,*,#7229,.T.);
#7912 = ORIENTED_EDGE('',*,*,#7277,.F.);
#7913 = FACE_BOUND('',#7914,.F.);
#7914 = EDGE_LOOP('',(#7915,#7943,#7969,#7998,#8024,#8053,#8079,#8105,
    #8129,#8155,#8184,#8210,#8236,#8260,#8286,#8315,#8341,#8367,#8391,
    #8415,#8441,#8465));
#7915 = ORIENTED_EDGE('',*,*,#7916,.F.);
#7916 = EDGE_CURVE('',#7917,#7919,#7921,.T.);
#7917 = VERTEX_POINT('',#7918);
#7918 = CARTESIAN_POINT('',(37.1,-0.1,7.5));
#7919 = VERTEX_POINT('',#7920);
#7920 = CARTESIAN_POINT('',(37.1,1.220204102886,7.5));
#7921 = SURFACE_CURVE('',#7922,(#7926,#7932),.PCURVE_S1.);
#7922 = LINE('',#7923,#7924);
#7923 = CARTESIAN_POINT('',(37.1,-0.7,7.5));
#7924 = VECTOR('',#7925,1.);
#7925 = DIRECTION('',(-0.,1.,0.));
#7926 = PCURVE('',#7142,#7927);
#7927 = DEFINITIONAL_REPRESENTATION('',(#7928),#7931);
#7928 = B_SPLINE_CURVE_WITH_KNOTS('',1,(#7929,#7930),.UNSPECIFIED.,.F.,
  .F.,(2,2),(0.6,37.8),.PIECEWISE_BEZIER_KNOTS.);
#7929 = CARTESIAN_POINT('',(38.4,1.2));
#7930 = CARTESIAN_POINT('',(38.4,38.4));
#7931 = ( GEOMETRIC_REPRESENTATION_CONTEXT(2) 
PARAMETRIC_REPRESENTATION_CONTEXT() REPRESENTATION_CONTEXT('2D SPACE',''
  ) );
#7932 = PCURVE('',#7933,#7938);
#7933 = PLANE('',#7934);
#7934 = AXIS2_PLACEMENT_3D('',#7935,#7936,#7937);
#7935 = CARTESIAN_POINT('',(37.1,-0.1,6.5));
#7936 = DIRECTION('',(1.,0.,-0.));
#7937 = DIRECTION('',(0.,0.,1.));
#7938 = DEFINITIONAL_REPRESENTATION('',(#7939),#7942);
#7939 = B_SPLINE_CURVE_WITH_KNOTS('',1,(#7940,#7941),.UNSPECIFIED.,.F.,
  .F.,(2,2),(0.6,37.8),.PIECEWISE_BEZIER_KNOTS.);
#7940 = CARTESIAN_POINT('',(1.,0.));
#7941 = CARTESIAN_POINT('',(1.,-37.2));
#7942 = ( GEOMETRIC_REPRESENTATION_CONTEXT(2) 
PARAMETRIC_REPRESENTATION_CONTEXT() REPRESENTATION_CONTEXT('2D SPACE',''
  ) );
#7943 = ORIENTED_EDGE('',*,*,#7944,.T.);
#7944 = EDGE_CURVE('',#7917,#7945,#7947,.T.);
#7945 = VERTEX_POINT('',#7946);
#7946 = CARTESIAN_POINT('',(35.779795897113,-0.1,7.5));
#7947 = SURFACE_CURVE('',#7948,(#7952,#7958),.PCURVE_S1.);
#7948 = LINE('',#7949,#7950);
#7949 = CARTESIAN_POINT('',(-0.7,-0.1,7.5));
#7950 = VECTOR('',#7951,1.);
#7951 = DIRECTION('',(-1.,-0.,0.));
#7952 = PCURVE('',#7142,#7953);
#7953 = DEFINITIONAL_REPRESENTATION('',(#7954),#7957);
#7954 = B_SPLINE_CURVE_WITH_KNOTS('',1,(#7955,#7956),.UNSPECIFIED.,.F.,
  .F.,(2,2),(-37.8,-0.6),.PIECEWISE_BEZIER_KNOTS.);
#7955 = CARTESIAN_POINT('',(38.4,1.2));
#7956 = CARTESIAN_POINT('',(1.2,1.2));
#7957 = ( GEOMETRIC_REPRESENTATION_CONTEXT(2) 
PARAMETRIC_REPRESENTATION_CONTEXT() REPRESENTATION_CONTEXT('2D SPACE',''
  ) );
#7958 = PCURVE('',#7959,#7964);
#7959 = PLANE('',#7960);
#7960 = AXIS2_PLACEMENT_3D('',#7961,#7962,#7963);
#7961 = CARTESIAN_POINT('',(-0.1,-0.1,6.5));
#7962 = DIRECTION('',(-0.,1.,0.));
#7963 = DIRECTION('',(0.,0.,1.));
#7964 = DEFINITIONAL_REPRESENTATION('',(#7965),#7968);
#7965 = B_SPLINE_CURVE_WITH_KNOTS('',1,(#7966,#7967),.UNSPECIFIED.,.F.,
  .F.,(2,2),(-37.8,-0.6),.PIECEWISE_BEZIER_KNOTS.);
#7966 = CARTESIAN_POINT('',(1.,37.2));
#7967 = CARTESIAN_POINT('',(1.,0.));
#7968 = ( GEOMETRIC_REPRESENTATION_CONTEXT(2) 
PARAMETRIC_REPRESENTATION_CONTEXT() REPRESENTATION_CONTEXT('2D SPACE',''
  ) );
#7969 = ORIENTED_EDGE('',*,*,#7970,.F.);
#7970 = EDGE_CURVE('',#7971,#7945,#7973,.T.);
#7971 = VERTEX_POINT('',#7972);
#7972 = CARTESIAN_POINT('',(33.820204102887,-0.1,7.5));
#7973 = SURFACE_CURVE('',#7974,(#7979,#7986),.PCURVE_S1.);
#7974 = CIRCLE('',#7975,2.5);
#7975 = AXIS2_PLACEMENT_3D('',#7976,#7977,#7978);
#7976 = CARTESIAN_POINT('',(34.8,2.2,7.5));
#7977 = DIRECTION('',(0.,0.,1.));
#7978 = DIRECTION('',(1.,0.,-0.));
#7979 = PCURVE('',#7142,#7980);
#7980 = DEFINITIONAL_REPRESENTATION('',(#7981),#7985);
#7981 = CIRCLE('',#7982,2.5);
#7982 = AXIS2_PLACEMENT_2D('',#7983,#7984);
#7983 = CARTESIAN_POINT('',(36.1,3.5));
#7984 = DIRECTION('',(1.,0.));
#7985 = ( GEOMETRIC_REPRESENTATION_CONTEXT(2) 
PARAMETRIC_REPRESENTATION_CONTEXT() REPRESENTATION_CONTEXT('2D SPACE',''
  ) );
#7986 = PCURVE('',#7987,#7992);
#7987 = CYLINDRICAL_SURFACE('',#7988,2.5);
#7988 = AXIS2_PLACEMENT_3D('',#7989,#7990,#7991);
#7989 = CARTESIAN_POINT('',(34.8,2.2,1.6));
#7990 = DIRECTION('',(0.,0.,1.));
#7991 = DIRECTION('',(1.,0.,-0.));
#7992 = DEFINITIONAL_REPRESENTATION('',(#7993),#7997);
#7993 = LINE('',#7994,#7995);
#7994 = CARTESIAN_POINT('',(0.,5.9));
#7995 = VECTOR('',#7996,1.);
#7996 = DIRECTION('',(1.,0.));
#7997 = ( GEOMETRIC_REPRESENTATION_CONTEXT(2) 
PARAMETRIC_REPRESENTATION_CONTEXT() REPRESENTATION_CONTEXT('2D SPACE',''
  ) );
#7998 = ORIENTED_EDGE('',*,*,#7999,.T.);
#7999 = EDGE_CURVE('',#7971,#8000,#8002,.T.);
#8000 = VERTEX_POINT('',#8001);
#8001 = CARTESIAN_POINT('',(3.179795897113,-0.1,7.5));
#8002 = SURFACE_CURVE('',#8003,(#8007,#8013),.PCURVE_S1.);
#8003 = LINE('',#8004,#8005);
#8004 = CARTESIAN_POINT('',(-0.7,-0.1,7.5));
#8005 = VECTOR('',#8006,1.);
#8006 = DIRECTION('',(-1.,-0.,0.));
#8007 = PCURVE('',#7142,#8008);
#8008 = DEFINITIONAL_REPRESENTATION('',(#8009),#8012);
#8009 = B_SPLINE_CURVE_WITH_KNOTS('',1,(#8010,#8011),.UNSPECIFIED.,.F.,
  .F.,(2,2),(-37.8,-0.6),.PIECEWISE_BEZIER_KNOTS.);
#8010 = CARTESIAN_POINT('',(38.4,1.2));
#8011 = CARTESIAN_POINT('',(1.2,1.2));
#8012 = ( GEOMETRIC_REPRESENTATION_CONTEXT(2) 
PARAMETRIC_REPRESENTATION_CONTEXT() REPRESENTATION_CONTEXT('2D SPACE',''
  ) );
#8013 = PCURVE('',#8014,#8019);
#8014 = PLANE('',#8015);
#8015 = AXIS2_PLACEMENT_3D('',#8016,#8017,#8018);
#8016 = CARTESIAN_POINT('',(-0.1,-0.1,6.5));
#8017 = DIRECTION('',(-0.,1.,0.));
#8018 = DIRECTION('',(0.,0.,1.));
#8019 = DEFINITIONAL_REPRESENTATION('',(#8020),#8023);
#8020 = B_SPLINE_CURVE_WITH_KNOTS('',1,(#8021,#8022),.UNSPECIFIED.,.F.,
  .F.,(2,2),(-37.8,-0.6),.PIECEWISE_BEZIER_KNOTS.);
#8021 = CARTESIAN_POINT('',(1.,37.2));
#8022 = CARTESIAN_POINT('',(1.,0.));
#8023 = ( GEOMETRIC_REPRESENTATION_CONTEXT(2) 
PARAMETRIC_REPRESENTATION_CONTEXT() REPRESENTATION_CONTEXT('2D SPACE',''
  ) );
#8024 = ORIENTED_EDGE('',*,*,#8025,.F.);
#8025 = EDGE_CURVE('',#8026,#8000,#8028,.T.);
#8026 = VERTEX_POINT('',#8027);
#8027 = CARTESIAN_POINT('',(1.220204102887,-0.1,7.5));
#8028 = SURFACE_CURVE('',#8029,(#8034,#8041),.PCURVE_S1.);
#8029 = CIRCLE('',#8030,2.5);
#8030 = AXIS2_PLACEMENT_3D('',#8031,#8032,#8033);
#8031 = CARTESIAN_POINT('',(2.2,2.2,7.5));
#8032 = DIRECTION('',(0.,0.,1.));
#8033 = DIRECTION('',(1.,0.,-0.));
#8034 = PCURVE('',#7142,#8035);
#8035 = DEFINITIONAL_REPRESENTATION('',(#8036),#8040);
#8036 = CIRCLE('',#8037,2.5);
#8037 = AXIS2_PLACEMENT_2D('',#8038,#8039);
#8038 = CARTESIAN_POINT('',(3.5,3.5));
#8039 = DIRECTION('',(1.,0.));
#8040 = ( GEOMETRIC_REPRESENTATION_CONTEXT(2) 
PARAMETRIC_REPRESENTATION_CONTEXT() REPRESENTATION_CONTEXT('2D SPACE',''
  ) );
#8041 = PCURVE('',#8042,#8047);
#8042 = CYLINDRICAL_SURFACE('',#8043,2.5);
#8043 = AXIS2_PLACEMENT_3D('',#8044,#8045,#8046);
#8044 = CARTESIAN_POINT('',(2.2,2.2,1.6));
#8045 = DIRECTION('',(0.,0.,1.));
#8046 = DIRECTION('',(1.,0.,-0.));
#8047 = DEFINITIONAL_REPRESENTATION('',(#8048),#8052);
#8048 = LINE('',#8049,#8050);
#8049 = CARTESIAN_POINT('',(0.,5.9));
#8050 = VECTOR('',#8051,1.);
#8051 = DIRECTION('',(1.,0.));
#8052 = ( GEOMETRIC_REPRESENTATION_CONTEXT(2) 
PARAMETRIC_REPRESENTATION_CONTEXT() REPRESENTATION_CONTEXT('2D SPACE',''
  ) );
#8053 = ORIENTED_EDGE('',*,*,#8054,.T.);
#8054 = EDGE_CURVE('',#8026,#8055,#8057,.T.);
#8055 = VERTEX_POINT('',#8056);
#8056 = CARTESIAN_POINT('',(-0.1,-0.1,7.5));
#8057 = SURFACE_CURVE('',#8058,(#8062,#8068),.PCURVE_S1.);
#8058 = LINE('',#8059,#8060);
#8059 = CARTESIAN_POINT('',(-0.7,-0.1,7.5));
#8060 = VECTOR('',#8061,1.);
#8061 = DIRECTION('',(-1.,-0.,0.));
#8062 = PCURVE('',#7142,#8063);
#8063 = DEFINITIONAL_REPRESENTATION('',(#8064),#8067);
#8064 = B_SPLINE_CURVE_WITH_KNOTS('',1,(#8065,#8066),.UNSPECIFIED.,.F.,
  .F.,(2,2),(-37.8,-0.6),.PIECEWISE_BEZIER_KNOTS.);
#8065 = CARTESIAN_POINT('',(38.4,1.2));
#8066 = CARTESIAN_POINT('',(1.2,1.2));
#8067 = ( GEOMETRIC_REPRESENTATION_CONTEXT(2) 
PARAMETRIC_REPRESENTATION_CONTEXT() REPRESENTATION_CONTEXT('2D SPACE',''
  ) );
#8068 = PCURVE('',#8069,#8074);
#8069 = PLANE('',#8070);
#8070 = AXIS2_PLACEMENT_3D('',#8071,#8072,#8073);
#8071 = CARTESIAN_POINT('',(-0.1,-0.1,6.5));
#8072 = DIRECTION('',(-0.,1.,0.));
#8073 = DIRECTION('',(0.,0.,1.));
#8074 = DEFINITIONAL_REPRESENTATION('',(#8075),#8078);
#8075 = B_SPLINE_CURVE_WITH_KNOTS('',1,(#8076,#8077),.UNSPECIFIED.,.F.,
  .F.,(2,2),(-37.8,-0.6),.PIECEWISE_BEZIER_KNOTS.);
#8076 = CARTESIAN_POINT('',(1.,37.2));
#8077 = CARTESIAN_POINT('',(1.,0.));
#8078 = ( GEOMETRIC_REPRESENTATION_CONTEXT(2) 
PARAMETRIC_REPRESENTATION_CONTEXT() REPRESENTATION_CONTEXT('2D SPACE',''
  ) );
#8079 = ORIENTED_EDGE('',*,*,#8080,.T.);
#8080 = EDGE_CURVE('',#8055,#8081,#8083,.T.);
#8081 = VERTEX_POINT('',#8082);
#8082 = CARTESIAN_POINT('',(-0.1,1.220204102887,7.5));
#8083 = SURFACE_CURVE('',#8084,(#8088,#8094),.PCURVE_S1.);
#8084 = LINE('',#8085,#8086);
#8085 = CARTESIAN_POINT('',(-0.1,-0.7,7.5));
#8086 = VECTOR('',#8087,1.);
#8087 = DIRECTION('',(-0.,1.,0.));
#8088 = PCURVE('',#7142,#8089);
#8089 = DEFINITIONAL_REPRESENTATION('',(#8090),#8093);
#8090 = B_SPLINE_CURVE_WITH_KNOTS('',1,(#8091,#8092),.UNSPECIFIED.,.F.,
  .F.,(2,2),(0.6,37.8),.PIECEWISE_BEZIER_KNOTS.);
#8091 = CARTESIAN_POINT('',(1.2,1.2));
#8092 = CARTESIAN_POINT('',(1.2,38.4));
#8093 = ( GEOMETRIC_REPRESENTATION_CONTEXT(2) 
PARAMETRIC_REPRESENTATION_CONTEXT() REPRESENTATION_CONTEXT('2D SPACE',''
  ) );
#8094 = PCURVE('',#8095,#8100);
#8095 = PLANE('',#8096);
#8096 = AXIS2_PLACEMENT_3D('',#8097,#8098,#8099);
#8097 = CARTESIAN_POINT('',(-0.1,-0.1,6.5));
#8098 = DIRECTION('',(1.,0.,-0.));
#8099 = DIRECTION('',(0.,0.,1.));
#8100 = DEFINITIONAL_REPRESENTATION('',(#8101),#8104);
#8101 = B_SPLINE_CURVE_WITH_KNOTS('',1,(#8102,#8103),.UNSPECIFIED.,.F.,
  .F.,(2,2),(0.6,37.8),.PIECEWISE_BEZIER_KNOTS.);
#8102 = CARTESIAN_POINT('',(1.,0.));
#8103 = CARTESIAN_POINT('',(1.,-37.2));
#8104 = ( GEOMETRIC_REPRESENTATION_CONTEXT(2) 
PARAMETRIC_REPRESENTATION_CONTEXT() REPRESENTATION_CONTEXT('2D SPACE',''
  ) );
#8105 = ORIENTED_EDGE('',*,*,#8106,.F.);
#8106 = EDGE_CURVE('',#8107,#8081,#8109,.T.);
#8107 = VERTEX_POINT('',#8108);
#8108 = CARTESIAN_POINT('',(-0.1,3.179795897113,7.5));
#8109 = SURFACE_CURVE('',#8110,(#8115,#8122),.PCURVE_S1.);
#8110 = CIRCLE('',#8111,2.5);
#8111 = AXIS2_PLACEMENT_3D('',#8112,#8113,#8114);
#8112 = CARTESIAN_POINT('',(2.2,2.2,7.5));
#8113 = DIRECTION('',(0.,0.,1.));
#8114 = DIRECTION('',(1.,0.,-0.));
#8115 = PCURVE('',#7142,#8116);
#8116 = DEFINITIONAL_REPRESENTATION('',(#8117),#8121);
#8117 = CIRCLE('',#8118,2.5);
#8118 = AXIS2_PLACEMENT_2D('',#8119,#8120);
#8119 = CARTESIAN_POINT('',(3.5,3.5));
#8120 = DIRECTION('',(1.,0.));
#8121 = ( GEOMETRIC_REPRESENTATION_CONTEXT(2) 
PARAMETRIC_REPRESENTATION_CONTEXT() REPRESENTATION_CONTEXT('2D SPACE',''
  ) );
#8122 = PCURVE('',#8042,#8123);
#8123 = DEFINITIONAL_REPRESENTATION('',(#8124),#8128);
#8124 = LINE('',#8125,#8126);
#8125 = CARTESIAN_POINT('',(0.,5.9));
#8126 = VECTOR('',#8127,1.);
#8127 = DIRECTION('',(1.,0.));
#8128 = ( GEOMETRIC_REPRESENTATION_CONTEXT(2) 
PARAMETRIC_REPRESENTATION_CONTEXT() REPRESENTATION_CONTEXT('2D SPACE',''
  ) );
#8129 = ORIENTED_EDGE('',*,*,#8130,.T.);
#8130 = EDGE_CURVE('',#8107,#8131,#8133,.T.);
#8131 = VERTEX_POINT('',#8132);
#8132 = CARTESIAN_POINT('',(-0.1,33.820204102887,7.5));
#8133 = SURFACE_CURVE('',#8134,(#8138,#8144),.PCURVE_S1.);
#8134 = LINE('',#8135,#8136);
#8135 = CARTESIAN_POINT('',(-0.1,-0.7,7.5));
#8136 = VECTOR('',#8137,1.);
#8137 = DIRECTION('',(-0.,1.,0.));
#8138 = PCURVE('',#7142,#8139);
#8139 = DEFINITIONAL_REPRESENTATION('',(#8140),#8143);
#8140 = B_SPLINE_CURVE_WITH_KNOTS('',1,(#8141,#8142),.UNSPECIFIED.,.F.,
  .F.,(2,2),(0.6,37.8),.PIECEWISE_BEZIER_KNOTS.);
#8141 = CARTESIAN_POINT('',(1.2,1.2));
#8142 = CARTESIAN_POINT('',(1.2,38.4));
#8143 = ( GEOMETRIC_REPRESENTATION_CONTEXT(2) 
PARAMETRIC_REPRESENTATION_CONTEXT() REPRESENTATION_CONTEXT('2D SPACE',''
  ) );
#8144 = PCURVE('',#8145,#8150);
#8145 = PLANE('',#8146);
#8146 = AXIS2_PLACEMENT_3D('',#8147,#8148,#8149);
#8147 = CARTESIAN_POINT('',(-0.1,-0.1,6.5));
#8148 = DIRECTION('',(1.,0.,-0.));
#8149 = DIRECTION('',(0.,0.,1.));
#8150 = DEFINITIONAL_REPRESENTATION('',(#8151),#8154);
#8151 = B_SPLINE_CURVE_WITH_KNOTS('',1,(#8152,#8153),.UNSPECIFIED.,.F.,
  .F.,(2,2),(0.6,37.8),.PIECEWISE_BEZIER_KNOTS.);
#8152 = CARTESIAN_POINT('',(1.,0.));
#8153 = CARTESIAN_POINT('',(1.,-37.2));
#8154 = ( GEOMETRIC_REPRESENTATION_CONTEXT(2) 
PARAMETRIC_REPRESENTATION_CONTEXT() REPRESENTATION_CONTEXT('2D SPACE',''
  ) );
#8155 = ORIENTED_EDGE('',*,*,#8156,.F.);
#8156 = EDGE_CURVE('',#8157,#8131,#8159,.T.);
#8157 = VERTEX_POINT('',#8158);
#8158 = CARTESIAN_POINT('',(-0.1,35.779795897113,7.5));
#8159 = SURFACE_CURVE('',#8160,(#8165,#8172),.PCURVE_S1.);
#8160 = CIRCLE('',#8161,2.5);
#8161 = AXIS2_PLACEMENT_3D('',#8162,#8163,#8164);
#8162 = CARTESIAN_POINT('',(2.2,34.8,7.5));
#8163 = DIRECTION('',(0.,0.,1.));
#8164 = DIRECTION('',(1.,0.,-0.));
#8165 = PCURVE('',#7142,#8166);
#8166 = DEFINITIONAL_REPRESENTATION('',(#8167),#8171);
#8167 = CIRCLE('',#8168,2.5);
#8168 = AXIS2_PLACEMENT_2D('',#8169,#8170);
#8169 = CARTESIAN_POINT('',(3.5,36.1));
#8170 = DIRECTION('',(1.,0.));
#8171 = ( GEOMETRIC_REPRESENTATION_CONTEXT(2) 
PARAMETRIC_REPRESENTATION_CONTEXT() REPRESENTATION_CONTEXT('2D SPACE',''
  ) );
#8172 = PCURVE('',#8173,#8178);
#8173 = CYLINDRICAL_SURFACE('',#8174,2.5);
#8174 = AXIS2_PLACEMENT_3D('',#8175,#8176,#8177);
#8175 = CARTESIAN_POINT('',(2.2,34.8,1.6));
#8176 = DIRECTION('',(0.,0.,1.));
#8177 = DIRECTION('',(1.,0.,-0.));
#8178 = DEFINITIONAL_REPRESENTATION('',(#8179),#8183);
#8179 = LINE('',#8180,#8181);
#8180 = CARTESIAN_POINT('',(0.,5.9));
#8181 = VECTOR('',#8182,1.);
#8182 = DIRECTION('',(1.,0.));
#8183 = ( GEOMETRIC_REPRESENTATION_CONTEXT(2) 
PARAMETRIC_REPRESENTATION_CONTEXT() REPRESENTATION_CONTEXT('2D SPACE',''
  ) );
#8184 = ORIENTED_EDGE('',*,*,#8185,.T.);
#8185 = EDGE_CURVE('',#8157,#8186,#8188,.T.);
#8186 = VERTEX_POINT('',#8187);
#8187 = CARTESIAN_POINT('',(-0.1,37.1,7.5));
#8188 = SURFACE_CURVE('',#8189,(#8193,#8199),.PCURVE_S1.);
#8189 = LINE('',#8190,#8191);
#8190 = CARTESIAN_POINT('',(-0.1,-0.7,7.5));
#8191 = VECTOR('',#8192,1.);
#8192 = DIRECTION('',(-0.,1.,0.));
#8193 = PCURVE('',#7142,#8194);
#8194 = DEFINITIONAL_REPRESENTATION('',(#8195),#8198);
#8195 = B_SPLINE_CURVE_WITH_KNOTS('',1,(#8196,#8197),.UNSPECIFIED.,.F.,
  .F.,(2,2),(0.6,37.8),.PIECEWISE_BEZIER_KNOTS.);
#8196 = CARTESIAN_POINT('',(1.2,1.2));
#8197 = CARTESIAN_POINT('',(1.2,38.4));
#8198 = ( GEOMETRIC_REPRESENTATION_CONTEXT(2) 
PARAMETRIC_REPRESENTATION_CONTEXT() REPRESENTATION_CONTEXT('2D SPACE',''
  ) );
#8199 = PCURVE('',#8200,#8205);
#8200 = PLANE('',#8201);
#8201 = AXIS2_PLACEMENT_3D('',#8202,#8203,#8204);
#8202 = CARTESIAN_POINT('',(-0.1,-0.1,6.5));
#8203 = DIRECTION('',(1.,0.,-0.));
#8204 = DIRECTION('',(0.,0.,1.));
#8205 = DEFINITIONAL_REPRESENTATION('',(#8206),#8209);
#8206 = B_SPLINE_CURVE_WITH_KNOTS('',1,(#8207,#8208),.UNSPECIFIED.,.F.,
  .F.,(2,2),(0.6,37.8),.PIECEWISE_BEZIER_KNOTS.);
#8207 = CARTESIAN_POINT('',(1.,0.));
#8208 = CARTESIAN_POINT('',(1.,-37.2));
#8209 = ( GEOMETRIC_REPRESENTATION_CONTEXT(2) 
PARAMETRIC_REPRESENTATION_CONTEXT() REPRESENTATION_CONTEXT('2D SPACE',''
  ) );
#8210 = ORIENTED_EDGE('',*,*,#8211,.F.);
#8211 = EDGE_CURVE('',#8212,#8186,#8214,.T.);
#8212 = VERTEX_POINT('',#8213);
#8213 = CARTESIAN_POINT('',(1.220204102887,37.1,7.5));
#8214 = SURFACE_CURVE('',#8215,(#8219,#8225),.PCURVE_S1.);
#8215 = LINE('',#8216,#8217);
#8216 = CARTESIAN_POINT('',(-0.7,37.1,7.5));
#8217 = VECTOR('',#8218,1.);
#8218 = DIRECTION('',(-1.,-0.,0.));
#8219 = PCURVE('',#7142,#8220);
#8220 = DEFINITIONAL_REPRESENTATION('',(#8221),#8224);
#8221 = B_SPLINE_CURVE_WITH_KNOTS('',1,(#8222,#8223),.UNSPECIFIED.,.F.,
  .F.,(2,2),(-37.8,-0.6),.PIECEWISE_BEZIER_KNOTS.);
#8222 = CARTESIAN_POINT('',(38.4,38.4));
#8223 = CARTESIAN_POINT('',(1.2,38.4));
#8224 = ( GEOMETRIC_REPRESENTATION_CONTEXT(2) 
PARAMETRIC_REPRESENTATION_CONTEXT() REPRESENTATION_CONTEXT('2D SPACE',''
  ) );
#8225 = PCURVE('',#8226,#8231);
#8226 = PLANE('',#8227);
#8227 = AXIS2_PLACEMENT_3D('',#8228,#8229,#8230);
#8228 = CARTESIAN_POINT('',(-0.1,37.1,6.5));
#8229 = DIRECTION('',(-0.,1.,0.));
#8230 = DIRECTION('',(0.,0.,1.));
#8231 = DEFINITIONAL_REPRESENTATION('',(#8232),#8235);
#8232 = B_SPLINE_CURVE_WITH_KNOTS('',1,(#8233,#8234),.UNSPECIFIED.,.F.,
  .F.,(2,2),(-37.8,-0.6),.PIECEWISE_BEZIER_KNOTS.);
#8233 = CARTESIAN_POINT('',(1.,37.2));
#8234 = CARTESIAN_POINT('',(1.,0.));
#8235 = ( GEOMETRIC_REPRESENTATION_CONTEXT(2) 
PARAMETRIC_REPRESENTATION_CONTEXT() REPRESENTATION_CONTEXT('2D SPACE',''
  ) );
#8236 = ORIENTED_EDGE('',*,*,#8237,.F.);
#8237 = EDGE_CURVE('',#8238,#8212,#8240,.T.);
#8238 = VERTEX_POINT('',#8239);
#8239 = CARTESIAN_POINT('',(3.179795897113,37.1,7.5));
#8240 = SURFACE_CURVE('',#8241,(#8246,#8253),.PCURVE_S1.);
#8241 = CIRCLE('',#8242,2.5);
#8242 = AXIS2_PLACEMENT_3D('',#8243,#8244,#8245);
#8243 = CARTESIAN_POINT('',(2.2,34.8,7.5));
#8244 = DIRECTION('',(0.,0.,1.));
#8245 = DIRECTION('',(1.,0.,-0.));
#8246 = PCURVE('',#7142,#8247);
#8247 = DEFINITIONAL_REPRESENTATION('',(#8248),#8252);
#8248 = CIRCLE('',#8249,2.5);
#8249 = AXIS2_PLACEMENT_2D('',#8250,#8251);
#8250 = CARTESIAN_POINT('',(3.5,36.1));
#8251 = DIRECTION('',(1.,0.));
#8252 = ( GEOMETRIC_REPRESENTATION_CONTEXT(2) 
PARAMETRIC_REPRESENTATION_CONTEXT() REPRESENTATION_CONTEXT('2D SPACE',''
  ) );
#8253 = PCURVE('',#8173,#8254);
#8254 = DEFINITIONAL_REPRESENTATION('',(#8255),#8259);
#8255 = LINE('',#8256,#8257);
#8256 = CARTESIAN_POINT('',(0.,5.9));
#8257 = VECTOR('',#8258,1.);
#8258 = DIRECTION('',(1.,0.));
#8259 = ( GEOMETRIC_REPRESENTATION_CONTEXT(2) 
PARAMETRIC_REPRESENTATION_CONTEXT() REPRESENTATION_CONTEXT('2D SPACE',''
  ) );
#8260 = ORIENTED_EDGE('',*,*,#8261,.F.);
#8261 = EDGE_CURVE('',#8262,#8238,#8264,.T.);
#8262 = VERTEX_POINT('',#8263);
#8263 = CARTESIAN_POINT('',(33.820204102886,37.1,7.5));
#8264 = SURFACE_CURVE('',#8265,(#8269,#8275),.PCURVE_S1.);
#8265 = LINE('',#8266,#8267);
#8266 = CARTESIAN_POINT('',(-0.7,37.1,7.5));
#8267 = VECTOR('',#8268,1.);
#8268 = DIRECTION('',(-1.,-0.,0.));
#8269 = PCURVE('',#7142,#8270);
#8270 = DEFINITIONAL_REPRESENTATION('',(#8271),#8274);
#8271 = B_SPLINE_CURVE_WITH_KNOTS('',1,(#8272,#8273),.UNSPECIFIED.,.F.,
  .F.,(2,2),(-37.8,-0.6),.PIECEWISE_BEZIER_KNOTS.);
#8272 = CARTESIAN_POINT('',(38.4,38.4));
#8273 = CARTESIAN_POINT('',(1.2,38.4));
#8274 = ( GEOMETRIC_REPRESENTATION_CONTEXT(2) 
PARAMETRIC_REPRESENTATION_CONTEXT() REPRESENTATION_CONTEXT('2D SPACE',''
  ) );
#8275 = PCURVE('',#8276,#8281);
#8276 = PLANE('',#8277);
#8277 = AXIS2_PLACEMENT_3D('',#8278,#8279,#8280);
#8278 = CARTESIAN_POINT('',(-0.1,37.1,6.5));
#8279 = DIRECTION('',(-0.,1.,0.));
#8280 = DIRECTION('',(0.,0.,1.));
#8281 = DEFINITIONAL_REPRESENTATION('',(#8282),#8285);
#8282 = B_SPLINE_CURVE_WITH_KNOTS('',1,(#8283,#8284),.UNSPECIFIED.,.F.,
  .F.,(2,2),(-37.8,-0.6),.PIECEWISE_BEZIER_KNOTS.);
#8283 = CARTESIAN_POINT('',(1.,37.2));
#8284 = CARTESIAN_POINT('',(1.,0.));
#8285 = ( GEOMETRIC_REPRESENTATION_CONTEXT(2) 
PARAMETRIC_REPRESENTATION_CONTEXT() REPRESENTATION_CONTEXT('2D SPACE',''
  ) );
#8286 = ORIENTED_EDGE('',*,*,#8287,.F.);
#8287 = EDGE_CURVE('',#8288,#8262,#8290,.T.);
#8288 = VERTEX_POINT('',#8289);
#8289 = CARTESIAN_POINT('',(35.779795897114,37.1,7.5));
#8290 = SURFACE_CURVE('',#8291,(#8296,#8303),.PCURVE_S1.);
#8291 = CIRCLE('',#8292,2.5);
#8292 = AXIS2_PLACEMENT_3D('',#8293,#8294,#8295);
#8293 = CARTESIAN_POINT('',(34.8,34.8,7.5));
#8294 = DIRECTION('',(0.,0.,1.));
#8295 = DIRECTION('',(1.,0.,-0.));
#8296 = PCURVE('',#7142,#8297);
#8297 = DEFINITIONAL_REPRESENTATION('',(#8298),#8302);
#8298 = CIRCLE('',#8299,2.5);
#8299 = AXIS2_PLACEMENT_2D('',#8300,#8301);
#8300 = CARTESIAN_POINT('',(36.1,36.1));
#8301 = DIRECTION('',(1.,0.));
#8302 = ( GEOMETRIC_REPRESENTATION_CONTEXT(2) 
PARAMETRIC_REPRESENTATION_CONTEXT() REPRESENTATION_CONTEXT('2D SPACE',''
  ) );
#8303 = PCURVE('',#8304,#8309);
#8304 = CYLINDRICAL_SURFACE('',#8305,2.5);
#8305 = AXIS2_PLACEMENT_3D('',#8306,#8307,#8308);
#8306 = CARTESIAN_POINT('',(34.8,34.8,1.6));
#8307 = DIRECTION('',(0.,0.,1.));
#8308 = DIRECTION('',(1.,0.,-0.));
#8309 = DEFINITIONAL_REPRESENTATION('',(#8310),#8314);
#8310 = LINE('',#8311,#8312);
#8311 = CARTESIAN_POINT('',(0.,5.9));
#8312 = VECTOR('',#8313,1.);
#8313 = DIRECTION('',(1.,0.));
#8314 = ( GEOMETRIC_REPRESENTATION_CONTEXT(2) 
PARAMETRIC_REPRESENTATION_CONTEXT() REPRESENTATION_CONTEXT('2D SPACE',''
  ) );
#8315 = ORIENTED_EDGE('',*,*,#8316,.F.);
#8316 = EDGE_CURVE('',#8317,#8288,#8319,.T.);
#8317 = VERTEX_POINT('',#8318);
#8318 = CARTESIAN_POINT('',(37.1,37.1,7.5));
#8319 = SURFACE_CURVE('',#8320,(#8324,#8330),.PCURVE_S1.);
#8320 = LINE('',#8321,#8322);
#8321 = CARTESIAN_POINT('',(-0.7,37.1,7.5));
#8322 = VECTOR('',#8323,1.);
#8323 = DIRECTION('',(-1.,-0.,0.));
#8324 = PCURVE('',#7142,#8325);
#8325 = DEFINITIONAL_REPRESENTATION('',(#8326),#8329);
#8326 = B_SPLINE_CURVE_WITH_KNOTS('',1,(#8327,#8328),.UNSPECIFIED.,.F.,
  .F.,(2,2),(-37.8,-0.6),.PIECEWISE_BEZIER_KNOTS.);
#8327 = CARTESIAN_POINT('',(38.4,38.4));
#8328 = CARTESIAN_POINT('',(1.2,38.4));
#8329 = ( GEOMETRIC_REPRESENTATION_CONTEXT(2) 
PARAMETRIC_REPRESENTATION_CONTEXT() REPRESENTATION_CONTEXT('2D SPACE',''
  ) );
#8330 = PCURVE('',#8331,#8336);
#8331 = PLANE('',#8332);
#8332 = AXIS2_PLACEMENT_3D('',#8333,#8334,#8335);
#8333 = CARTESIAN_POINT('',(-0.1,37.1,6.5));
#8334 = DIRECTION('',(-0.,1.,0.));
#8335 = DIRECTION('',(0.,0.,1.));
#8336 = DEFINITIONAL_REPRESENTATION('',(#8337),#8340);
#8337 = B_SPLINE_CURVE_WITH_KNOTS('',1,(#8338,#8339),.UNSPECIFIED.,.F.,
  .F.,(2,2),(-37.8,-0.6),.PIECEWISE_BEZIER_KNOTS.);
#8338 = CARTESIAN_POINT('',(1.,37.2));
#8339 = CARTESIAN_POINT('',(1.,0.));
#8340 = ( GEOMETRIC_REPRESENTATION_CONTEXT(2) 
PARAMETRIC_REPRESENTATION_CONTEXT() REPRESENTATION_CONTEXT('2D SPACE',''
  ) );
#8341 = ORIENTED_EDGE('',*,*,#8342,.F.);
#8342 = EDGE_CURVE('',#8343,#8317,#8345,.T.);
#8343 = VERTEX_POINT('',#8344);
#8344 = CARTESIAN_POINT('',(37.1,35.779795897114,7.5));
#8345 = SURFACE_CURVE('',#8346,(#8350,#8356),.PCURVE_S1.);
#8346 = LINE('',#8347,#8348);
#8347 = CARTESIAN_POINT('',(37.1,-0.7,7.5));
#8348 = VECTOR('',#8349,1.);
#8349 = DIRECTION('',(-0.,1.,0.));
#8350 = PCURVE('',#7142,#8351);
#8351 = DEFINITIONAL_REPRESENTATION('',(#8352),#8355);
#8352 = B_SPLINE_CURVE_WITH_KNOTS('',1,(#8353,#8354),.UNSPECIFIED.,.F.,
  .F.,(2,2),(0.6,37.8),.PIECEWISE_BEZIER_KNOTS.);
#8353 = CARTESIAN_POINT('',(38.4,1.2));
#8354 = CARTESIAN_POINT('',(38.4,38.4));
#8355 = ( GEOMETRIC_REPRESENTATION_CONTEXT(2) 
PARAMETRIC_REPRESENTATION_CONTEXT() REPRESENTATION_CONTEXT('2D SPACE',''
  ) );
#8356 = PCURVE('',#8357,#8362);
#8357 = PLANE('',#8358);
#8358 = AXIS2_PLACEMENT_3D('',#8359,#8360,#8361);
#8359 = CARTESIAN_POINT('',(37.1,-0.1,6.5));
#8360 = DIRECTION('',(1.,0.,-0.));
#8361 = DIRECTION('',(0.,0.,1.));
#8362 = DEFINITIONAL_REPRESENTATION('',(#8363),#8366);
#8363 = B_SPLINE_CURVE_WITH_KNOTS('',1,(#8364,#8365),.UNSPECIFIED.,.F.,
  .F.,(2,2),(0.6,37.8),.PIECEWISE_BEZIER_KNOTS.);
#8364 = CARTESIAN_POINT('',(1.,0.));
#8365 = CARTESIAN_POINT('',(1.,-37.2));
#8366 = ( GEOMETRIC_REPRESENTATION_CONTEXT(2) 
PARAMETRIC_REPRESENTATION_CONTEXT() REPRESENTATION_CONTEXT('2D SPACE',''
  ) );
#8367 = ORIENTED_EDGE('',*,*,#8368,.F.);
#8368 = EDGE_CURVE('',#8369,#8343,#8371,.T.);
#8369 = VERTEX_POINT('',#8370);
#8370 = CARTESIAN_POINT('',(37.3,34.8,7.5));
#8371 = SURFACE_CURVE('',#8372,(#8377,#8384),.PCURVE_S1.);
#8372 = CIRCLE('',#8373,2.5);
#8373 = AXIS2_PLACEMENT_3D('',#8374,#8375,#8376);
#8374 = CARTESIAN_POINT('',(34.8,34.8,7.5));
#8375 = DIRECTION('',(0.,0.,1.));
#8376 = DIRECTION('',(1.,0.,-0.));
#8377 = PCURVE('',#7142,#8378);
#8378 = DEFINITIONAL_REPRESENTATION('',(#8379),#8383);
#8379 = CIRCLE('',#8380,2.5);
#8380 = AXIS2_PLACEMENT_2D('',#8381,#8382);
#8381 = CARTESIAN_POINT('',(36.1,36.1));
#8382 = DIRECTION('',(1.,0.));
#8383 = ( GEOMETRIC_REPRESENTATION_CONTEXT(2) 
PARAMETRIC_REPRESENTATION_CONTEXT() REPRESENTATION_CONTEXT('2D SPACE',''
  ) );
#8384 = PCURVE('',#8304,#8385);
#8385 = DEFINITIONAL_REPRESENTATION('',(#8386),#8390);
#8386 = LINE('',#8387,#8388);
#8387 = CARTESIAN_POINT('',(0.,5.9));
#8388 = VECTOR('',#8389,1.);
#8389 = DIRECTION('',(1.,0.));
#8390 = ( GEOMETRIC_REPRESENTATION_CONTEXT(2) 
PARAMETRIC_REPRESENTATION_CONTEXT() REPRESENTATION_CONTEXT('2D SPACE',''
  ) );
#8391 = ORIENTED_EDGE('',*,*,#8392,.F.);
#8392 = EDGE_CURVE('',#8393,#8369,#8395,.T.);
#8393 = VERTEX_POINT('',#8394);
#8394 = CARTESIAN_POINT('',(37.1,33.820204102886,7.5));
#8395 = SURFACE_CURVE('',#8396,(#8401,#8408),.PCURVE_S1.);
#8396 = CIRCLE('',#8397,2.5);
#8397 = AXIS2_PLACEMENT_3D('',#8398,#8399,#8400);
#8398 = CARTESIAN_POINT('',(34.8,34.8,7.5));
#8399 = DIRECTION('',(0.,0.,1.));
#8400 = DIRECTION('',(1.,0.,-0.));
#8401 = PCURVE('',#7142,#8402);
#8402 = DEFINITIONAL_REPRESENTATION('',(#8403),#8407);
#8403 = CIRCLE('',#8404,2.5);
#8404 = AXIS2_PLACEMENT_2D('',#8405,#8406);
#8405 = CARTESIAN_POINT('',(36.1,36.1));
#8406 = DIRECTION('',(1.,0.));
#8407 = ( GEOMETRIC_REPRESENTATION_CONTEXT(2) 
PARAMETRIC_REPRESENTATION_CONTEXT() REPRESENTATION_CONTEXT('2D SPACE',''
  ) );
#8408 = PCURVE('',#8304,#8409);
#8409 = DEFINITIONAL_REPRESENTATION('',(#8410),#8414);
#8410 = LINE('',#8411,#8412);
#8411 = CARTESIAN_POINT('',(0.,5.9));
#8412 = VECTOR('',#8413,1.);
#8413 = DIRECTION('',(1.,0.));
#8414 = ( GEOMETRIC_REPRESENTATION_CONTEXT(2) 
PARAMETRIC_REPRESENTATION_CONTEXT() REPRESENTATION_CONTEXT('2D SPACE',''
  ) );
#8415 = ORIENTED_EDGE('',*,*,#8416,.F.);
#8416 = EDGE_CURVE('',#8417,#8393,#8419,.T.);
#8417 = VERTEX_POINT('',#8418);
#8418 = CARTESIAN_POINT('',(37.1,3.179795897114,7.5));
#8419 = SURFACE_CURVE('',#8420,(#8424,#8430),.PCURVE_S1.);
#8420 = LINE('',#8421,#8422);
#8421 = CARTESIAN_POINT('',(37.1,-0.7,7.5));
#8422 = VECTOR('',#8423,1.);
#8423 = DIRECTION('',(-0.,1.,0.));
#8424 = PCURVE('',#7142,#8425);
#8425 = DEFINITIONAL_REPRESENTATION('',(#8426),#8429);
#8426 = B_SPLINE_CURVE_WITH_KNOTS('',1,(#8427,#8428),.UNSPECIFIED.,.F.,
  .F.,(2,2),(0.6,37.8),.PIECEWISE_BEZIER_KNOTS.);
#8427 = CARTESIAN_POINT('',(38.4,1.2));
#8428 = CARTESIAN_POINT('',(38.4,38.4));
#8429 = ( GEOMETRIC_REPRESENTATION_CONTEXT(2) 
PARAMETRIC_REPRESENTATION_CONTEXT() REPRESENTATION_CONTEXT('2D SPACE',''
  ) );
#8430 = PCURVE('',#8431,#8436);
#8431 = PLANE('',#8432);
#8432 = AXIS2_PLACEMENT_3D('',#8433,#8434,#8435);
#8433 = CARTESIAN_POINT('',(37.1,-0.1,6.5));
#8434 = DIRECTION('',(1.,0.,-0.));
#8435 = DIRECTION('',(0.,0.,1.));
#8436 = DEFINITIONAL_REPRESENTATION('',(#8437),#8440);
#8437 = B_SPLINE_CURVE_WITH_KNOTS('',1,(#8438,#8439),.UNSPECIFIED.,.F.,
  .F.,(2,2),(0.6,37.8),.PIECEWISE_BEZIER_KNOTS.);
#8438 = CARTESIAN_POINT('',(1.,0.));
#8439 = CARTESIAN_POINT('',(1.,-37.2));
#8440 = ( GEOMETRIC_REPRESENTATION_CONTEXT(2) 
PARAMETRIC_REPRESENTATION_CONTEXT() REPRESENTATION_CONTEXT('2D SPACE',''
  ) );
#8441 = ORIENTED_EDGE('',*,*,#8442,.F.);
#8442 = EDGE_CURVE('',#8443,#8417,#8445,.T.);
#8443 = VERTEX_POINT('',#8444);
#8444 = CARTESIAN_POINT('',(37.3,2.2,7.5));
#8445 = SURFACE_CURVE('',#8446,(#8451,#8458),.PCURVE_S1.);
#8446 = CIRCLE('',#8447,2.5);
#8447 = AXIS2_PLACEMENT_3D('',#8448,#8449,#8450);
#8448 = CARTESIAN_POINT('',(34.8,2.2,7.5));
#8449 = DIRECTION('',(0.,0.,1.));
#8450 = DIRECTION('',(1.,0.,-0.));
#8451 = PCURVE('',#7142,#8452);
#8452 = DEFINITIONAL_REPRESENTATION('',(#8453),#8457);
#8453 = CIRCLE('',#8454,2.5);
#8454 = AXIS2_PLACEMENT_2D('',#8455,#8456);
#8455 = CARTESIAN_POINT('',(36.1,3.5));
#8456 = DIRECTION('',(1.,0.));
#8457 = ( GEOMETRIC_REPRESENTATION_CONTEXT(2) 
PARAMETRIC_REPRESENTATION_CONTEXT() REPRESENTATION_CONTEXT('2D SPACE',''
  ) );
#8458 = PCURVE('',#7987,#8459);
#8459 = DEFINITIONAL_REPRESENTATION('',(#8460),#8464);
#8460 = LINE('',#8461,#8462);
#8461 = CARTESIAN_POINT('',(0.,5.9));
#8462 = VECTOR('',#8463,1.);
#8463 = DIRECTION('',(1.,0.));
#8464 = ( GEOMETRIC_REPRESENTATION_CONTEXT(2) 
PARAMETRIC_REPRESENTATION_CONTEXT() REPRESENTATION_CONTEXT('2D SPACE',''
  ) );
#8465 = ORIENTED_EDGE('',*,*,#8466,.F.);
#8466 = EDGE_CURVE('',#7919,#8443,#8467,.T.);
#8467 = SURFACE_CURVE('',#8468,(#8473,#8480),.PCURVE_S1.);
#8468 = CIRCLE('',#8469,2.5);
#8469 = AXIS2_PLACEMENT_3D('',#8470,#8471,#8472);
#8470 = CARTESIAN_POINT('',(34.8,2.2,7.5));
#8471 = DIRECTION('',(0.,0.,1.));
#8472 = DIRECTION('',(1.,0.,-0.));
#8473 = PCURVE('',#7142,#8474);
#8474 = DEFINITIONAL_REPRESENTATION('',(#8475),#8479);
#8475 = CIRCLE('',#8476,2.5);
#8476 = AXIS2_PLACEMENT_2D('',#8477,#8478);
#8477 = CARTESIAN_POINT('',(36.1,3.5));
#8478 = DIRECTION('',(1.,0.));
#8479 = ( GEOMETRIC_REPRESENTATION_CONTEXT(2) 
PARAMETRIC_REPRESENTATION_CONTEXT() REPRESENTATION_CONTEXT('2D SPACE',''
  ) );
#8480 = PCURVE('',#7987,#8481);
#8481 = DEFINITIONAL_REPRESENTATION('',(#8482),#8486);
#8482 = LINE('',#8483,#8484);
#8483 = CARTESIAN_POINT('',(0.,5.9));
#8484 = VECTOR('',#8485,1.);
#8485 = DIRECTION('',(1.,0.));
#8486 = ( GEOMETRIC_REPRESENTATION_CONTEXT(2) 
PARAMETRIC_REPRESENTATION_CONTEXT() REPRESENTATION_CONTEXT('2D SPACE',''
  ) );
#8487 = ADVANCED_FACE('',(#8488),#7320,.T.);
#8488 = FACE_BOUND('',#8489,.T.);
#8489 = EDGE_LOOP('',(#8490,#8491,#8492));
#8490 = ORIENTED_EDGE('',*,*,#7491,.T.);
#8491 = ORIENTED_EDGE('',*,*,#7304,.T.);
#8492 = ORIENTED_EDGE('',*,*,#7432,.F.);
#8493 = ADVANCED_FACE('',(#8494),#7372,.T.);
#8494 = FACE_BOUND('',#8495,.T.);
#8495 = EDGE_LOOP('',(#8496,#8497,#8498,#8499));
#8496 = ORIENTED_EDGE('',*,*,#7885,.F.);
#8497 = ORIENTED_EDGE('',*,*,#7356,.T.);
#8498 = ORIENTED_EDGE('',*,*,#7563,.F.);
#8499 = ORIENTED_EDGE('',*,*,#7693,.F.);
#8500 = ADVANCED_FACE('',(#8501,#8504),#7475,.T.);
#8501 = FACE_BOUND('',#8502,.T.);
#8502 = EDGE_LOOP('',(#8503));
#8503 = ORIENTED_EDGE('',*,*,#7460,.T.);
#8504 = FACE_BOUND('',#8505,.T.);
#8505 = EDGE_LOOP('',(#8506));
#8506 = ORIENTED_EDGE('',*,*,#8507,.F.);
#8507 = EDGE_CURVE('',#8508,#8508,#8510,.T.);
#8508 = VERTEX_POINT('',#8509);
#8509 = CARTESIAN_POINT('',(3.35,34.8,10.9));
#8510 = SURFACE_CURVE('',#8511,(#8516,#8523),.PCURVE_S1.);
#8511 = CIRCLE('',#8512,1.15);
#8512 = AXIS2_PLACEMENT_3D('',#8513,#8514,#8515);
#8513 = CARTESIAN_POINT('',(2.2,34.8,10.9));
#8514 = DIRECTION('',(0.,0.,1.));
#8515 = DIRECTION('',(1.,0.,-0.));
#8516 = PCURVE('',#7475,#8517);
#8517 = DEFINITIONAL_REPRESENTATION('',(#8518),#8522);
#8518 = CIRCLE('',#8519,1.15);
#8519 = AXIS2_PLACEMENT_2D('',#8520,#8521);
#8520 = CARTESIAN_POINT('',(0.,0.));
#8521 = DIRECTION('',(1.,0.));
#8522 = ( GEOMETRIC_REPRESENTATION_CONTEXT(2) 
PARAMETRIC_REPRESENTATION_CONTEXT() REPRESENTATION_CONTEXT('2D SPACE',''
  ) );
#8523 = PCURVE('',#8524,#8529);
#8524 = CYLINDRICAL_SURFACE('',#8525,1.15);
#8525 = AXIS2_PLACEMENT_3D('',#8526,#8527,#8528);
#8526 = CARTESIAN_POINT('',(2.2,34.8,0.6));
#8527 = DIRECTION('',(0.,0.,1.));
#8528 = DIRECTION('',(1.,0.,-0.));
#8529 = DEFINITIONAL_REPRESENTATION('',(#8530),#8534);
#8530 = LINE('',#8531,#8532);
#8531 = CARTESIAN_POINT('',(0.,10.3));
#8532 = VECTOR('',#8533,1.);
#8533 = DIRECTION('',(1.,0.));
#8534 = ( GEOMETRIC_REPRESENTATION_CONTEXT(2) 
PARAMETRIC_REPRESENTATION_CONTEXT() REPRESENTATION_CONTEXT('2D SPACE',''
  ) );
#8535 = ADVANCED_FACE('',(#8536),#7527,.T.);
#8536 = FACE_BOUND('',#8537,.T.);
#8537 = EDGE_LOOP('',(#8538,#8539));
#8538 = ORIENTED_EDGE('',*,*,#7513,.T.);
#8539 = ORIENTED_EDGE('',*,*,#7611,.F.);
#8540 = ADVANCED_FACE('',(#8541,#8544),#7654,.T.);
#8541 = FACE_BOUND('',#8542,.T.);
#8542 = EDGE_LOOP('',(#8543));
#8543 = ORIENTED_EDGE('',*,*,#7639,.T.);
#8544 = FACE_BOUND('',#8545,.T.);
#8545 = EDGE_LOOP('',(#8546));
#8546 = ORIENTED_EDGE('',*,*,#8547,.F.);
#8547 = EDGE_CURVE('',#8548,#8548,#8550,.T.);
#8548 = VERTEX_POINT('',#8549);
#8549 = CARTESIAN_POINT('',(35.95,34.8,10.9));
#8550 = SURFACE_CURVE('',#8551,(#8556,#8563),.PCURVE_S1.);
#8551 = CIRCLE('',#8552,1.15);
#8552 = AXIS2_PLACEMENT_3D('',#8553,#8554,#8555);
#8553 = CARTESIAN_POINT('',(34.8,34.8,10.9));
#8554 = DIRECTION('',(0.,0.,1.));
#8555 = DIRECTION('',(1.,0.,-0.));
#8556 = PCURVE('',#7654,#8557);
#8557 = DEFINITIONAL_REPRESENTATION('',(#8558),#8562);
#8558 = CIRCLE('',#8559,1.15);
#8559 = AXIS2_PLACEMENT_2D('',#8560,#8561);
#8560 = CARTESIAN_POINT('',(0.,0.));
#8561 = DIRECTION('',(1.,0.));
#8562 = ( GEOMETRIC_REPRESENTATION_CONTEXT(2) 
PARAMETRIC_REPRESENTATION_CONTEXT() REPRESENTATION_CONTEXT('2D SPACE',''
  ) );
#8563 = PCURVE('',#8564,#8569);
#8564 = CYLINDRICAL_SURFACE('',#8565,1.15);
#8565 = AXIS2_PLACEMENT_3D('',#8566,#8567,#8568);
#8566 = CARTESIAN_POINT('',(34.8,34.8,0.6));
#8567 = DIRECTION('',(0.,0.,1.));
#8568 = DIRECTION('',(1.,0.,-0.));
#8569 = DEFINITIONAL_REPRESENTATION('',(#8570),#8574);
#8570 = LINE('',#8571,#8572);
#8571 = CARTESIAN_POINT('',(0.,10.3));
#8572 = VECTOR('',#8573,1.);
#8573 = DIRECTION('',(1.,0.));
#8574 = ( GEOMETRIC_REPRESENTATION_CONTEXT(2) 
PARAMETRIC_REPRESENTATION_CONTEXT() REPRESENTATION_CONTEXT('2D SPACE',''
  ) );
#8575 = ADVANCED_FACE('',(#8576,#8579),#7757,.T.);
#8576 = FACE_BOUND('',#8577,.T.);
#8577 = EDGE_LOOP('',(#8578));
#8578 = ORIENTED_EDGE('',*,*,#7742,.T.);
#8579 = FACE_BOUND('',#8580,.T.);
#8580 = EDGE_LOOP('',(#8581));
#8581 = ORIENTED_EDGE('',*,*,#8582,.F.);
#8582 = EDGE_CURVE('',#8583,#8583,#8585,.T.);
#8583 = VERTEX_POINT('',#8584);
#8584 = CARTESIAN_POINT('',(3.35,2.2,10.9));
#8585 = SURFACE_CURVE('',#8586,(#8591,#8598),.PCURVE_S1.);
#8586 = CIRCLE('',#8587,1.15);
#8587 = AXIS2_PLACEMENT_3D('',#8588,#8589,#8590);
#8588 = CARTESIAN_POINT('',(2.2,2.2,10.9));
#8589 = DIRECTION('',(0.,0.,1.));
#8590 = DIRECTION('',(1.,0.,-0.));
#8591 = PCURVE('',#7757,#8592);
#8592 = DEFINITIONAL_REPRESENTATION('',(#8593),#8597);
#8593 = CIRCLE('',#8594,1.15);
#8594 = AXIS2_PLACEMENT_2D('',#8595,#8596);
#8595 = CARTESIAN_POINT('',(0.,0.));
#8596 = DIRECTION('',(1.,0.));
#8597 = ( GEOMETRIC_REPRESENTATION_CONTEXT(2) 
PARAMETRIC_REPRESENTATION_CONTEXT() REPRESENTATION_CONTEXT('2D SPACE',''
  ) );
#8598 = PCURVE('',#8599,#8604);
#8599 = CYLINDRICAL_SURFACE('',#8600,1.15);
#8600 = AXIS2_PLACEMENT_3D('',#8601,#8602,#8603);
#8601 = CARTESIAN_POINT('',(2.2,2.2,0.6));
#8602 = DIRECTION('',(0.,0.,1.));
#8603 = DIRECTION('',(1.,0.,-0.));
#8604 = DEFINITIONAL_REPRESENTATION('',(#8605),#8609);
#8605 = LINE('',#8606,#8607);
#8606 = CARTESIAN_POINT('',(0.,10.3));
#8607 = VECTOR('',#8608,1.);
#8608 = DIRECTION('',(1.,0.));
#8609 = ( GEOMETRIC_REPRESENTATION_CONTEXT(2) 
PARAMETRIC_REPRESENTATION_CONTEXT() REPRESENTATION_CONTEXT('2D SPACE',''
  ) );
#8610 = ADVANCED_FACE('',(#8611,#8614),#7812,.T.);
#8611 = FACE_BOUND('',#8612,.T.);
#8612 = EDGE_LOOP('',(#8613));
#8613 = ORIENTED_EDGE('',*,*,#7797,.T.);
#8614 = FACE_BOUND('',#8615,.T.);
#8615 = EDGE_LOOP('',(#8616));
#8616 = ORIENTED_EDGE('',*,*,#8617,.F.);
#8617 = EDGE_CURVE('',#8618,#8618,#8620,.T.);
#8618 = VERTEX_POINT('',#8619);
#8619 = CARTESIAN_POINT('',(35.95,2.2,10.9));
#8620 = SURFACE_CURVE('',#8621,(#8626,#8633),.PCURVE_S1.);
#8621 = CIRCLE('',#8622,1.15);
#8622 = AXIS2_PLACEMENT_3D('',#8623,#8624,#8625);
#8623 = CARTESIAN_POINT('',(34.8,2.2,10.9));
#8624 = DIRECTION('',(0.,0.,1.));
#8625 = DIRECTION('',(1.,0.,-0.));
#8626 = PCURVE('',#7812,#8627);
#8627 = DEFINITIONAL_REPRESENTATION('',(#8628),#8632);
#8628 = CIRCLE('',#8629,1.15);
#8629 = AXIS2_PLACEMENT_2D('',#8630,#8631);
#8630 = CARTESIAN_POINT('',(0.,0.));
#8631 = DIRECTION('',(1.,0.));
#8632 = ( GEOMETRIC_REPRESENTATION_CONTEXT(2) 
PARAMETRIC_REPRESENTATION_CONTEXT() REPRESENTATION_CONTEXT('2D SPACE',''
  ) );
#8633 = PCURVE('',#8634,#8639);
#8634 = CYLINDRICAL_SURFACE('',#8635,1.15);
#8635 = AXIS2_PLACEMENT_3D('',#8636,#8637,#8638);
#8636 = CARTESIAN_POINT('',(34.8,2.2,0.6));
#8637 = DIRECTION('',(0.,0.,1.));
#8638 = DIRECTION('',(1.,0.,-0.));
#8639 = DEFINITIONAL_REPRESENTATION('',(#8640),#8644);
#8640 = LINE('',#8641,#8642);
#8641 = CARTESIAN_POINT('',(0.,10.3));
#8642 = VECTOR('',#8643,1.);
#8643 = DIRECTION('',(1.,0.));
#8644 = ( GEOMETRIC_REPRESENTATION_CONTEXT(2) 
PARAMETRIC_REPRESENTATION_CONTEXT() REPRESENTATION_CONTEXT('2D SPACE',''
  ) );
#8645 = ADVANCED_FACE('',(#8646,#8880),#7867,.F.);
#8646 = FACE_BOUND('',#8647,.F.);
#8647 = EDGE_LOOP('',(#8648,#8672,#8696,#8718,#8742,#8764,#8788,#8812,
    #8834,#8858));
#8648 = ORIENTED_EDGE('',*,*,#8649,.F.);
#8649 = EDGE_CURVE('',#8650,#8652,#8654,.T.);
#8650 = VERTEX_POINT('',#8651);
#8651 = CARTESIAN_POINT('',(33.820204102887,-9.999999999999E-02,10.));
#8652 = VERTEX_POINT('',#8653);
#8653 = CARTESIAN_POINT('',(3.179795897113,-9.999999999998E-02,10.));
#8654 = SURFACE_CURVE('',#8655,(#8659,#8666),.PCURVE_S1.);
#8655 = LINE('',#8656,#8657);
#8656 = CARTESIAN_POINT('',(-0.7,-0.1,10.));
#8657 = VECTOR('',#8658,1.);
#8658 = DIRECTION('',(-1.,-0.,0.));
#8659 = PCURVE('',#7867,#8660);
#8660 = DEFINITIONAL_REPRESENTATION('',(#8661),#8665);
#8661 = LINE('',#8662,#8663);
#8662 = CARTESIAN_POINT('',(-19.19999999942,-18.59999999938));
#8663 = VECTOR('',#8664,1.);
#8664 = DIRECTION('',(-1.,0.));
#8665 = ( GEOMETRIC_REPRESENTATION_CONTEXT(2) 
PARAMETRIC_REPRESENTATION_CONTEXT() REPRESENTATION_CONTEXT('2D SPACE',''
  ) );
#8666 = PCURVE('',#8014,#8667);
#8667 = DEFINITIONAL_REPRESENTATION('',(#8668),#8671);
#8668 = B_SPLINE_CURVE_WITH_KNOTS('',1,(#8669,#8670),.UNSPECIFIED.,.F.,
  .F.,(2,2),(-37.8,-0.6),.PIECEWISE_BEZIER_KNOTS.);
#8669 = CARTESIAN_POINT('',(3.5,37.2));
#8670 = CARTESIAN_POINT('',(3.5,0.));
#8671 = ( GEOMETRIC_REPRESENTATION_CONTEXT(2) 
PARAMETRIC_REPRESENTATION_CONTEXT() REPRESENTATION_CONTEXT('2D SPACE',''
  ) );
#8672 = ORIENTED_EDGE('',*,*,#8673,.F.);
#8673 = EDGE_CURVE('',#8674,#8650,#8676,.T.);
#8674 = VERTEX_POINT('',#8675);
#8675 = CARTESIAN_POINT('',(37.1,3.179795897113,10.));
#8676 = SURFACE_CURVE('',#8677,(#8682,#8689),.PCURVE_S1.);
#8677 = CIRCLE('',#8678,2.5);
#8678 = AXIS2_PLACEMENT_3D('',#8679,#8680,#8681);
#8679 = CARTESIAN_POINT('',(34.8,2.2,10.));
#8680 = DIRECTION('',(0.,0.,1.));
#8681 = DIRECTION('',(1.,0.,-0.));
#8682 = PCURVE('',#7867,#8683);
#8683 = DEFINITIONAL_REPRESENTATION('',(#8684),#8688);
#8684 = CIRCLE('',#8685,2.5);
#8685 = AXIS2_PLACEMENT_2D('',#8686,#8687);
#8686 = CARTESIAN_POINT('',(16.300000000576,-16.29999999938));
#8687 = DIRECTION('',(1.,0.));
#8688 = ( GEOMETRIC_REPRESENTATION_CONTEXT(2) 
PARAMETRIC_REPRESENTATION_CONTEXT() REPRESENTATION_CONTEXT('2D SPACE',''
  ) );
#8689 = PCURVE('',#7987,#8690);
#8690 = DEFINITIONAL_REPRESENTATION('',(#8691),#8695);
#8691 = LINE('',#8692,#8693);
#8692 = CARTESIAN_POINT('',(0.,8.4));
#8693 = VECTOR('',#8694,1.);
#8694 = DIRECTION('',(1.,0.));
#8695 = ( GEOMETRIC_REPRESENTATION_CONTEXT(2) 
PARAMETRIC_REPRESENTATION_CONTEXT() REPRESENTATION_CONTEXT('2D SPACE',''
  ) );
#8696 = ORIENTED_EDGE('',*,*,#8697,.T.);
#8697 = EDGE_CURVE('',#8674,#8698,#8700,.T.);
#8698 = VERTEX_POINT('',#8699);
#8699 = CARTESIAN_POINT('',(37.1,33.820204102887,10.));
#8700 = SURFACE_CURVE('',#8701,(#8705,#8712),.PCURVE_S1.);
#8701 = LINE('',#8702,#8703);
#8702 = CARTESIAN_POINT('',(37.1,-0.7,10.));
#8703 = VECTOR('',#8704,1.);
#8704 = DIRECTION('',(-0.,1.,0.));
#8705 = PCURVE('',#7867,#8706);
#8706 = DEFINITIONAL_REPRESENTATION('',(#8707),#8711);
#8707 = LINE('',#8708,#8709);
#8708 = CARTESIAN_POINT('',(18.600000000576,-19.19999999938));
#8709 = VECTOR('',#8710,1.);
#8710 = DIRECTION('',(0.,1.));
#8711 = ( GEOMETRIC_REPRESENTATION_CONTEXT(2) 
PARAMETRIC_REPRESENTATION_CONTEXT() REPRESENTATION_CONTEXT('2D SPACE',''
  ) );
#8712 = PCURVE('',#8431,#8713);
#8713 = DEFINITIONAL_REPRESENTATION('',(#8714),#8717);
#8714 = B_SPLINE_CURVE_WITH_KNOTS('',1,(#8715,#8716),.UNSPECIFIED.,.F.,
  .F.,(2,2),(0.6,37.8),.PIECEWISE_BEZIER_KNOTS.);
#8715 = CARTESIAN_POINT('',(3.5,0.));
#8716 = CARTESIAN_POINT('',(3.5,-37.2));
#8717 = ( GEOMETRIC_REPRESENTATION_CONTEXT(2) 
PARAMETRIC_REPRESENTATION_CONTEXT() REPRESENTATION_CONTEXT('2D SPACE',''
  ) );
#8718 = ORIENTED_EDGE('',*,*,#8719,.F.);
#8719 = EDGE_CURVE('',#8720,#8698,#8722,.T.);
#8720 = VERTEX_POINT('',#8721);
#8721 = CARTESIAN_POINT('',(33.820204102887,37.1,10.));
#8722 = SURFACE_CURVE('',#8723,(#8728,#8735),.PCURVE_S1.);
#8723 = CIRCLE('',#8724,2.5);
#8724 = AXIS2_PLACEMENT_3D('',#8725,#8726,#8727);
#8725 = CARTESIAN_POINT('',(34.8,34.8,10.));
#8726 = DIRECTION('',(0.,0.,1.));
#8727 = DIRECTION('',(1.,0.,-0.));
#8728 = PCURVE('',#7867,#8729);
#8729 = DEFINITIONAL_REPRESENTATION('',(#8730),#8734);
#8730 = CIRCLE('',#8731,2.5);
#8731 = AXIS2_PLACEMENT_2D('',#8732,#8733);
#8732 = CARTESIAN_POINT('',(16.300000000576,16.300000000615));
#8733 = DIRECTION('',(1.,0.));
#8734 = ( GEOMETRIC_REPRESENTATION_CONTEXT(2) 
PARAMETRIC_REPRESENTATION_CONTEXT() REPRESENTATION_CONTEXT('2D SPACE',''
  ) );
#8735 = PCURVE('',#8304,#8736);
#8736 = DEFINITIONAL_REPRESENTATION('',(#8737),#8741);
#8737 = LINE('',#8738,#8739);
#8738 = CARTESIAN_POINT('',(0.,8.4));
#8739 = VECTOR('',#8740,1.);
#8740 = DIRECTION('',(1.,0.));
#8741 = ( GEOMETRIC_REPRESENTATION_CONTEXT(2) 
PARAMETRIC_REPRESENTATION_CONTEXT() REPRESENTATION_CONTEXT('2D SPACE',''
  ) );
#8742 = ORIENTED_EDGE('',*,*,#8743,.T.);
#8743 = EDGE_CURVE('',#8720,#8744,#8746,.T.);
#8744 = VERTEX_POINT('',#8745);
#8745 = CARTESIAN_POINT('',(3.179795897113,37.1,10.));
#8746 = SURFACE_CURVE('',#8747,(#8751,#8758),.PCURVE_S1.);
#8747 = LINE('',#8748,#8749);
#8748 = CARTESIAN_POINT('',(-0.7,37.1,10.));
#8749 = VECTOR('',#8750,1.);
#8750 = DIRECTION('',(-1.,-0.,0.));
#8751 = PCURVE('',#7867,#8752);
#8752 = DEFINITIONAL_REPRESENTATION('',(#8753),#8757);
#8753 = LINE('',#8754,#8755);
#8754 = CARTESIAN_POINT('',(-19.19999999942,18.600000000615));
#8755 = VECTOR('',#8756,1.);
#8756 = DIRECTION('',(-1.,0.));
#8757 = ( GEOMETRIC_REPRESENTATION_CONTEXT(2) 
PARAMETRIC_REPRESENTATION_CONTEXT() REPRESENTATION_CONTEXT('2D SPACE',''
  ) );
#8758 = PCURVE('',#8276,#8759);
#8759 = DEFINITIONAL_REPRESENTATION('',(#8760),#8763);
#8760 = B_SPLINE_CURVE_WITH_KNOTS('',1,(#8761,#8762),.UNSPECIFIED.,.F.,
  .F.,(2,2),(-37.8,-0.6),.PIECEWISE_BEZIER_KNOTS.);
#8761 = CARTESIAN_POINT('',(3.5,37.2));
#8762 = CARTESIAN_POINT('',(3.5,0.));
#8763 = ( GEOMETRIC_REPRESENTATION_CONTEXT(2) 
PARAMETRIC_REPRESENTATION_CONTEXT() REPRESENTATION_CONTEXT('2D SPACE',''
  ) );
#8764 = ORIENTED_EDGE('',*,*,#8765,.F.);
#8765 = EDGE_CURVE('',#8766,#8744,#8768,.T.);
#8766 = VERTEX_POINT('',#8767);
#8767 = CARTESIAN_POINT('',(4.7,34.8,10.));
#8768 = SURFACE_CURVE('',#8769,(#8774,#8781),.PCURVE_S1.);
#8769 = CIRCLE('',#8770,2.5);
#8770 = AXIS2_PLACEMENT_3D('',#8771,#8772,#8773);
#8771 = CARTESIAN_POINT('',(2.2,34.8,10.));
#8772 = DIRECTION('',(0.,0.,1.));
#8773 = DIRECTION('',(1.,0.,-0.));
#8774 = PCURVE('',#7867,#8775);
#8775 = DEFINITIONAL_REPRESENTATION('',(#8776),#8780);
#8776 = CIRCLE('',#8777,2.5);
#8777 = AXIS2_PLACEMENT_2D('',#8778,#8779);
#8778 = CARTESIAN_POINT('',(-16.29999999942,16.300000000615));
#8779 = DIRECTION('',(1.,0.));
#8780 = ( GEOMETRIC_REPRESENTATION_CONTEXT(2) 
PARAMETRIC_REPRESENTATION_CONTEXT() REPRESENTATION_CONTEXT('2D SPACE',''
  ) );
#8781 = PCURVE('',#8173,#8782);
#8782 = DEFINITIONAL_REPRESENTATION('',(#8783),#8787);
#8783 = LINE('',#8784,#8785);
#8784 = CARTESIAN_POINT('',(0.,8.4));
#8785 = VECTOR('',#8786,1.);
#8786 = DIRECTION('',(1.,0.));
#8787 = ( GEOMETRIC_REPRESENTATION_CONTEXT(2) 
PARAMETRIC_REPRESENTATION_CONTEXT() REPRESENTATION_CONTEXT('2D SPACE',''
  ) );
#8788 = ORIENTED_EDGE('',*,*,#8789,.F.);
#8789 = EDGE_CURVE('',#8790,#8766,#8792,.T.);
#8790 = VERTEX_POINT('',#8791);
#8791 = CARTESIAN_POINT('',(-1.E-01,33.820204102887,10.));
#8792 = SURFACE_CURVE('',#8793,(#8798,#8805),.PCURVE_S1.);
#8793 = CIRCLE('',#8794,2.5);
#8794 = AXIS2_PLACEMENT_3D('',#8795,#8796,#8797);
#8795 = CARTESIAN_POINT('',(2.2,34.8,10.));
#8796 = DIRECTION('',(0.,0.,1.));
#8797 = DIRECTION('',(1.,0.,-0.));
#8798 = PCURVE('',#7867,#8799);
#8799 = DEFINITIONAL_REPRESENTATION('',(#8800),#8804);
#8800 = CIRCLE('',#8801,2.5);
#8801 = AXIS2_PLACEMENT_2D('',#8802,#8803);
#8802 = CARTESIAN_POINT('',(-16.29999999942,16.300000000615));
#8803 = DIRECTION('',(1.,0.));
#8804 = ( GEOMETRIC_REPRESENTATION_CONTEXT(2) 
PARAMETRIC_REPRESENTATION_CONTEXT() REPRESENTATION_CONTEXT('2D SPACE',''
  ) );
#8805 = PCURVE('',#8173,#8806);
#8806 = DEFINITIONAL_REPRESENTATION('',(#8807),#8811);
#8807 = LINE('',#8808,#8809);
#8808 = CARTESIAN_POINT('',(0.,8.4));
#8809 = VECTOR('',#8810,1.);
#8810 = DIRECTION('',(1.,0.));
#8811 = ( GEOMETRIC_REPRESENTATION_CONTEXT(2) 
PARAMETRIC_REPRESENTATION_CONTEXT() REPRESENTATION_CONTEXT('2D SPACE',''
  ) );
#8812 = ORIENTED_EDGE('',*,*,#8813,.F.);
#8813 = EDGE_CURVE('',#8814,#8790,#8816,.T.);
#8814 = VERTEX_POINT('',#8815);
#8815 = CARTESIAN_POINT('',(-1.E-01,3.179795897113,10.));
#8816 = SURFACE_CURVE('',#8817,(#8821,#8828),.PCURVE_S1.);
#8817 = LINE('',#8818,#8819);
#8818 = CARTESIAN_POINT('',(-0.1,-0.7,10.));
#8819 = VECTOR('',#8820,1.);
#8820 = DIRECTION('',(-0.,1.,0.));
#8821 = PCURVE('',#7867,#8822);
#8822 = DEFINITIONAL_REPRESENTATION('',(#8823),#8827);
#8823 = LINE('',#8824,#8825);
#8824 = CARTESIAN_POINT('',(-18.59999999942,-19.19999999938));
#8825 = VECTOR('',#8826,1.);
#8826 = DIRECTION('',(0.,1.));
#8827 = ( GEOMETRIC_REPRESENTATION_CONTEXT(2) 
PARAMETRIC_REPRESENTATION_CONTEXT() REPRESENTATION_CONTEXT('2D SPACE',''
  ) );
#8828 = PCURVE('',#8145,#8829);
#8829 = DEFINITIONAL_REPRESENTATION('',(#8830),#8833);
#8830 = B_SPLINE_CURVE_WITH_KNOTS('',1,(#8831,#8832),.UNSPECIFIED.,.F.,
  .F.,(2,2),(0.6,37.8),.PIECEWISE_BEZIER_KNOTS.);
#8831 = CARTESIAN_POINT('',(3.5,0.));
#8832 = CARTESIAN_POINT('',(3.5,-37.2));
#8833 = ( GEOMETRIC_REPRESENTATION_CONTEXT(2) 
PARAMETRIC_REPRESENTATION_CONTEXT() REPRESENTATION_CONTEXT('2D SPACE',''
  ) );
#8834 = ORIENTED_EDGE('',*,*,#8835,.F.);
#8835 = EDGE_CURVE('',#8836,#8814,#8838,.T.);
#8836 = VERTEX_POINT('',#8837);
#8837 = CARTESIAN_POINT('',(4.7,2.2,10.));
#8838 = SURFACE_CURVE('',#8839,(#8844,#8851),.PCURVE_S1.);
#8839 = CIRCLE('',#8840,2.5);
#8840 = AXIS2_PLACEMENT_3D('',#8841,#8842,#8843);
#8841 = CARTESIAN_POINT('',(2.2,2.2,10.));
#8842 = DIRECTION('',(0.,0.,1.));
#8843 = DIRECTION('',(1.,0.,-0.));
#8844 = PCURVE('',#7867,#8845);
#8845 = DEFINITIONAL_REPRESENTATION('',(#8846),#8850);
#8846 = CIRCLE('',#8847,2.5);
#8847 = AXIS2_PLACEMENT_2D('',#8848,#8849);
#8848 = CARTESIAN_POINT('',(-16.29999999942,-16.29999999938));
#8849 = DIRECTION('',(1.,0.));
#8850 = ( GEOMETRIC_REPRESENTATION_CONTEXT(2) 
PARAMETRIC_REPRESENTATION_CONTEXT() REPRESENTATION_CONTEXT('2D SPACE',''
  ) );
#8851 = PCURVE('',#8042,#8852);
#8852 = DEFINITIONAL_REPRESENTATION('',(#8853),#8857);
#8853 = LINE('',#8854,#8855);
#8854 = CARTESIAN_POINT('',(0.,8.4));
#8855 = VECTOR('',#8856,1.);
#8856 = DIRECTION('',(1.,0.));
#8857 = ( GEOMETRIC_REPRESENTATION_CONTEXT(2) 
PARAMETRIC_REPRESENTATION_CONTEXT() REPRESENTATION_CONTEXT('2D SPACE',''
  ) );
#8858 = ORIENTED_EDGE('',*,*,#8859,.F.);
#8859 = EDGE_CURVE('',#8652,#8836,#8860,.T.);
#8860 = SURFACE_CURVE('',#8861,(#8866,#8873),.PCURVE_S1.);
#8861 = CIRCLE('',#8862,2.5);
#8862 = AXIS2_PLACEMENT_3D('',#8863,#8864,#8865);
#8863 = CARTESIAN_POINT('',(2.2,2.2,10.));
#8864 = DIRECTION('',(0.,0.,1.));
#8865 = DIRECTION('',(1.,0.,-0.));
#8866 = PCURVE('',#7867,#8867);
#8867 = DEFINITIONAL_REPRESENTATION('',(#8868),#8872);
#8868 = CIRCLE('',#8869,2.5);
#8869 = AXIS2_PLACEMENT_2D('',#8870,#8871);
#8870 = CARTESIAN_POINT('',(-16.29999999942,-16.29999999938));
#8871 = DIRECTION('',(1.,0.));
#8872 = ( GEOMETRIC_REPRESENTATION_CONTEXT(2) 
PARAMETRIC_REPRESENTATION_CONTEXT() REPRESENTATION_CONTEXT('2D SPACE',''
  ) );
#8873 = PCURVE('',#8042,#8874);
#8874 = DEFINITIONAL_REPRESENTATION('',(#8875),#8879);
#8875 = LINE('',#8876,#8877);
#8876 = CARTESIAN_POINT('',(0.,8.4));
#8877 = VECTOR('',#8878,1.);
#8878 = DIRECTION('',(1.,0.));
#8879 = ( GEOMETRIC_REPRESENTATION_CONTEXT(2) 
PARAMETRIC_REPRESENTATION_CONTEXT() REPRESENTATION_CONTEXT('2D SPACE',''
  ) );
#8880 = FACE_BOUND('',#8881,.F.);
#8881 = EDGE_LOOP('',(#8882));
#8882 = ORIENTED_EDGE('',*,*,#7852,.F.);
#8883 = ADVANCED_FACE('',(#8884),#7933,.F.);
#8884 = FACE_BOUND('',#8885,.F.);
#8885 = EDGE_LOOP('',(#8886,#8909,#8910,#8931));
#8886 = ORIENTED_EDGE('',*,*,#8887,.F.);
#8887 = EDGE_CURVE('',#7917,#8888,#8890,.T.);
#8888 = VERTEX_POINT('',#8889);
#8889 = CARTESIAN_POINT('',(37.1,-0.1,10.));
#8890 = SURFACE_CURVE('',#8891,(#8895,#8902),.PCURVE_S1.);
#8891 = LINE('',#8892,#8893);
#8892 = CARTESIAN_POINT('',(37.1,-0.1,6.5));
#8893 = VECTOR('',#8894,1.);
#8894 = DIRECTION('',(0.,0.,1.));
#8895 = PCURVE('',#7933,#8896);
#8896 = DEFINITIONAL_REPRESENTATION('',(#8897),#8901);
#8897 = LINE('',#8898,#8899);
#8898 = CARTESIAN_POINT('',(0.,0.));
#8899 = VECTOR('',#8900,1.);
#8900 = DIRECTION('',(1.,0.));
#8901 = ( GEOMETRIC_REPRESENTATION_CONTEXT(2) 
PARAMETRIC_REPRESENTATION_CONTEXT() REPRESENTATION_CONTEXT('2D SPACE',''
  ) );
#8902 = PCURVE('',#7959,#8903);
#8903 = DEFINITIONAL_REPRESENTATION('',(#8904),#8908);
#8904 = LINE('',#8905,#8906);
#8905 = CARTESIAN_POINT('',(0.,37.2));
#8906 = VECTOR('',#8907,1.);
#8907 = DIRECTION('',(1.,0.));
#8908 = ( GEOMETRIC_REPRESENTATION_CONTEXT(2) 
PARAMETRIC_REPRESENTATION_CONTEXT() REPRESENTATION_CONTEXT('2D SPACE',''
  ) );
#8909 = ORIENTED_EDGE('',*,*,#7916,.T.);
#8910 = ORIENTED_EDGE('',*,*,#8911,.T.);
#8911 = EDGE_CURVE('',#7919,#8912,#8914,.T.);
#8912 = VERTEX_POINT('',#8913);
#8913 = CARTESIAN_POINT('',(37.1,1.220204102887,10.));
#8914 = SURFACE_CURVE('',#8915,(#8919,#8925),.PCURVE_S1.);
#8915 = LINE('',#8916,#8917);
#8916 = CARTESIAN_POINT('',(37.1,1.220204102887,1.6));
#8917 = VECTOR('',#8918,1.);
#8918 = DIRECTION('',(0.,0.,1.));
#8919 = PCURVE('',#7933,#8920);
#8920 = DEFINITIONAL_REPRESENTATION('',(#8921),#8924);
#8921 = B_SPLINE_CURVE_WITH_KNOTS('',1,(#8922,#8923),.UNSPECIFIED.,.F.,
  .F.,(2,2),(5.65,8.4000024),.PIECEWISE_BEZIER_KNOTS.);
#8922 = CARTESIAN_POINT('',(0.75,-1.320204102887));
#8923 = CARTESIAN_POINT('',(3.5000024,-1.320204102887));
#8924 = ( GEOMETRIC_REPRESENTATION_CONTEXT(2) 
PARAMETRIC_REPRESENTATION_CONTEXT() REPRESENTATION_CONTEXT('2D SPACE',''
  ) );
#8925 = PCURVE('',#7987,#8926);
#8926 = DEFINITIONAL_REPRESENTATION('',(#8927),#8930);
#8927 = B_SPLINE_CURVE_WITH_KNOTS('',1,(#8928,#8929),.UNSPECIFIED.,.F.,
  .F.,(2,2),(5.65,8.4000024),.PIECEWISE_BEZIER_KNOTS.);
#8928 = CARTESIAN_POINT('',(5.880469465599,5.65));
#8929 = CARTESIAN_POINT('',(5.880469465599,8.4000024));
#8930 = ( GEOMETRIC_REPRESENTATION_CONTEXT(2) 
PARAMETRIC_REPRESENTATION_CONTEXT() REPRESENTATION_CONTEXT('2D SPACE',''
  ) );
#8931 = ORIENTED_EDGE('',*,*,#8932,.F.);
#8932 = EDGE_CURVE('',#8888,#8912,#8933,.T.);
#8933 = SURFACE_CURVE('',#8934,(#8938,#8944),.PCURVE_S1.);
#8934 = LINE('',#8935,#8936);
#8935 = CARTESIAN_POINT('',(37.1,-0.7,10.));
#8936 = VECTOR('',#8937,1.);
#8937 = DIRECTION('',(-0.,1.,0.));
#8938 = PCURVE('',#7933,#8939);
#8939 = DEFINITIONAL_REPRESENTATION('',(#8940),#8943);
#8940 = B_SPLINE_CURVE_WITH_KNOTS('',1,(#8941,#8942),.UNSPECIFIED.,.F.,
  .F.,(2,2),(0.6,37.8),.PIECEWISE_BEZIER_KNOTS.);
#8941 = CARTESIAN_POINT('',(3.5,0.));
#8942 = CARTESIAN_POINT('',(3.5,-37.2));
#8943 = ( GEOMETRIC_REPRESENTATION_CONTEXT(2) 
PARAMETRIC_REPRESENTATION_CONTEXT() REPRESENTATION_CONTEXT('2D SPACE',''
  ) );
#8944 = PCURVE('',#8945,#8950);
#8945 = PLANE('',#8946);
#8946 = AXIS2_PLACEMENT_3D('',#8947,#8948,#8949);
#8947 = CARTESIAN_POINT('',(18.499999999424,18.499999999385,10.));
#8948 = DIRECTION('',(0.,0.,1.));
#8949 = DIRECTION('',(1.,0.,-0.));
#8950 = DEFINITIONAL_REPRESENTATION('',(#8951),#8955);
#8951 = LINE('',#8952,#8953);
#8952 = CARTESIAN_POINT('',(18.600000000576,-19.19999999938));
#8953 = VECTOR('',#8954,1.);
#8954 = DIRECTION('',(0.,1.));
#8955 = ( GEOMETRIC_REPRESENTATION_CONTEXT(2) 
PARAMETRIC_REPRESENTATION_CONTEXT() REPRESENTATION_CONTEXT('2D SPACE',''
  ) );
#8956 = ADVANCED_FACE('',(#8957),#7987,.T.);
#8957 = FACE_BOUND('',#8958,.T.);
#8958 = EDGE_LOOP('',(#8959,#8960,#8979,#8980,#9003,#9030,#9031,#9032,
    #9033,#9057,#9076,#9077));
#8959 = ORIENTED_EDGE('',*,*,#8673,.F.);
#8960 = ORIENTED_EDGE('',*,*,#8961,.F.);
#8961 = EDGE_CURVE('',#8417,#8674,#8962,.T.);
#8962 = SURFACE_CURVE('',#8963,(#8967,#8973),.PCURVE_S1.);
#8963 = LINE('',#8964,#8965);
#8964 = CARTESIAN_POINT('',(37.1,3.179795897113,1.6));
#8965 = VECTOR('',#8966,1.);
#8966 = DIRECTION('',(0.,0.,1.));
#8967 = PCURVE('',#7987,#8968);
#8968 = DEFINITIONAL_REPRESENTATION('',(#8969),#8972);
#8969 = B_SPLINE_CURVE_WITH_KNOTS('',1,(#8970,#8971),.UNSPECIFIED.,.F.,
  .F.,(2,2),(5.65,8.4000024),.PIECEWISE_BEZIER_KNOTS.);
#8970 = CARTESIAN_POINT('',(0.402715841581,5.65));
#8971 = CARTESIAN_POINT('',(0.402715841581,8.4000024));
#8972 = ( GEOMETRIC_REPRESENTATION_CONTEXT(2) 
PARAMETRIC_REPRESENTATION_CONTEXT() REPRESENTATION_CONTEXT('2D SPACE',''
  ) );
#8973 = PCURVE('',#8431,#8974);
#8974 = DEFINITIONAL_REPRESENTATION('',(#8975),#8978);
#8975 = B_SPLINE_CURVE_WITH_KNOTS('',1,(#8976,#8977),.UNSPECIFIED.,.F.,
  .F.,(2,2),(5.65,8.4000024),.PIECEWISE_BEZIER_KNOTS.);
#8976 = CARTESIAN_POINT('',(0.75,-3.279795897113));
#8977 = CARTESIAN_POINT('',(3.5000024,-3.279795897113));
#8978 = ( GEOMETRIC_REPRESENTATION_CONTEXT(2) 
PARAMETRIC_REPRESENTATION_CONTEXT() REPRESENTATION_CONTEXT('2D SPACE',''
  ) );
#8979 = ORIENTED_EDGE('',*,*,#8442,.F.);
#8980 = ORIENTED_EDGE('',*,*,#8981,.F.);
#8981 = EDGE_CURVE('',#8982,#8443,#8984,.T.);
#8982 = VERTEX_POINT('',#8983);
#8983 = CARTESIAN_POINT('',(37.3,2.2,1.6));
#8984 = SEAM_CURVE('',#8985,(#8989,#8996),.PCURVE_S1.);
#8985 = LINE('',#8986,#8987);
#8986 = CARTESIAN_POINT('',(37.3,2.2,1.6));
#8987 = VECTOR('',#8988,1.);
#8988 = DIRECTION('',(0.,0.,1.));
#8989 = PCURVE('',#7987,#8990);
#8990 = DEFINITIONAL_REPRESENTATION('',(#8991),#8995);
#8991 = LINE('',#8992,#8993);
#8992 = CARTESIAN_POINT('',(6.28318530718,-0.));
#8993 = VECTOR('',#8994,1.);
#8994 = DIRECTION('',(0.,1.));
#8995 = ( GEOMETRIC_REPRESENTATION_CONTEXT(2) 
PARAMETRIC_REPRESENTATION_CONTEXT() REPRESENTATION_CONTEXT('2D SPACE',''
  ) );
#8996 = PCURVE('',#7987,#8997);
#8997 = DEFINITIONAL_REPRESENTATION('',(#8998),#9002);
#8998 = LINE('',#8999,#9000);
#8999 = CARTESIAN_POINT('',(0.,-0.));
#9000 = VECTOR('',#9001,1.);
#9001 = DIRECTION('',(0.,1.));
#9002 = ( GEOMETRIC_REPRESENTATION_CONTEXT(2) 
PARAMETRIC_REPRESENTATION_CONTEXT() REPRESENTATION_CONTEXT('2D SPACE',''
  ) );
#9003 = ORIENTED_EDGE('',*,*,#9004,.T.);
#9004 = EDGE_CURVE('',#8982,#8982,#9005,.T.);
#9005 = SURFACE_CURVE('',#9006,(#9011,#9018),.PCURVE_S1.);
#9006 = CIRCLE('',#9007,2.5);
#9007 = AXIS2_PLACEMENT_3D('',#9008,#9009,#9010);
#9008 = CARTESIAN_POINT('',(34.8,2.2,1.6));
#9009 = DIRECTION('',(0.,0.,1.));
#9010 = DIRECTION('',(1.,0.,-0.));
#9011 = PCURVE('',#7987,#9012);
#9012 = DEFINITIONAL_REPRESENTATION('',(#9013),#9017);
#9013 = LINE('',#9014,#9015);
#9014 = CARTESIAN_POINT('',(0.,0.));
#9015 = VECTOR('',#9016,1.);
#9016 = DIRECTION('',(1.,0.));
#9017 = ( GEOMETRIC_REPRESENTATION_CONTEXT(2) 
PARAMETRIC_REPRESENTATION_CONTEXT() REPRESENTATION_CONTEXT('2D SPACE',''
  ) );
#9018 = PCURVE('',#9019,#9024);
#9019 = PLANE('',#9020);
#9020 = AXIS2_PLACEMENT_3D('',#9021,#9022,#9023);
#9021 = CARTESIAN_POINT('',(34.8,2.2,1.6));
#9022 = DIRECTION('',(0.,0.,1.));
#9023 = DIRECTION('',(1.,0.,-0.));
#9024 = DEFINITIONAL_REPRESENTATION('',(#9025),#9029);
#9025 = CIRCLE('',#9026,2.5);
#9026 = AXIS2_PLACEMENT_2D('',#9027,#9028);
#9027 = CARTESIAN_POINT('',(0.,0.));
#9028 = DIRECTION('',(1.,0.));
#9029 = ( GEOMETRIC_REPRESENTATION_CONTEXT(2) 
PARAMETRIC_REPRESENTATION_CONTEXT() REPRESENTATION_CONTEXT('2D SPACE',''
  ) );
#9030 = ORIENTED_EDGE('',*,*,#8981,.T.);
#9031 = ORIENTED_EDGE('',*,*,#8466,.F.);
#9032 = ORIENTED_EDGE('',*,*,#8911,.T.);
#9033 = ORIENTED_EDGE('',*,*,#9034,.F.);
#9034 = EDGE_CURVE('',#9035,#8912,#9037,.T.);
#9035 = VERTEX_POINT('',#9036);
#9036 = CARTESIAN_POINT('',(35.779795897113,-9.999999999999E-02,10.));
#9037 = SURFACE_CURVE('',#9038,(#9043,#9050),.PCURVE_S1.);
#9038 = CIRCLE('',#9039,2.5);
#9039 = AXIS2_PLACEMENT_3D('',#9040,#9041,#9042);
#9040 = CARTESIAN_POINT('',(34.8,2.2,10.));
#9041 = DIRECTION('',(0.,0.,1.));
#9042 = DIRECTION('',(1.,0.,-0.));
#9043 = PCURVE('',#7987,#9044);
#9044 = DEFINITIONAL_REPRESENTATION('',(#9045),#9049);
#9045 = LINE('',#9046,#9047);
#9046 = CARTESIAN_POINT('',(0.,8.4));
#9047 = VECTOR('',#9048,1.);
#9048 = DIRECTION('',(1.,0.));
#9049 = ( GEOMETRIC_REPRESENTATION_CONTEXT(2) 
PARAMETRIC_REPRESENTATION_CONTEXT() REPRESENTATION_CONTEXT('2D SPACE',''
  ) );
#9050 = PCURVE('',#8945,#9051);
#9051 = DEFINITIONAL_REPRESENTATION('',(#9052),#9056);
#9052 = CIRCLE('',#9053,2.5);
#9053 = AXIS2_PLACEMENT_2D('',#9054,#9055);
#9054 = CARTESIAN_POINT('',(16.300000000576,-16.29999999938));
#9055 = DIRECTION('',(1.,0.));
#9056 = ( GEOMETRIC_REPRESENTATION_CONTEXT(2) 
PARAMETRIC_REPRESENTATION_CONTEXT() REPRESENTATION_CONTEXT('2D SPACE',''
  ) );
#9057 = ORIENTED_EDGE('',*,*,#9058,.F.);
#9058 = EDGE_CURVE('',#7945,#9035,#9059,.T.);
#9059 = SURFACE_CURVE('',#9060,(#9064,#9070),.PCURVE_S1.);
#9060 = LINE('',#9061,#9062);
#9061 = CARTESIAN_POINT('',(35.779795897113,-0.1,1.6));
#9062 = VECTOR('',#9063,1.);
#9063 = DIRECTION('',(0.,0.,1.));
#9064 = PCURVE('',#7987,#9065);
#9065 = DEFINITIONAL_REPRESENTATION('',(#9066),#9069);
#9066 = B_SPLINE_CURVE_WITH_KNOTS('',1,(#9067,#9068),.UNSPECIFIED.,.F.,
  .F.,(2,2),(5.65,8.4000024),.PIECEWISE_BEZIER_KNOTS.);
#9067 = CARTESIAN_POINT('',(5.115104821965,5.65));
#9068 = CARTESIAN_POINT('',(5.115104821965,8.4000024));
#9069 = ( GEOMETRIC_REPRESENTATION_CONTEXT(2) 
PARAMETRIC_REPRESENTATION_CONTEXT() REPRESENTATION_CONTEXT('2D SPACE',''
  ) );
#9070 = PCURVE('',#7959,#9071);
#9071 = DEFINITIONAL_REPRESENTATION('',(#9072),#9075);
#9072 = B_SPLINE_CURVE_WITH_KNOTS('',1,(#9073,#9074),.UNSPECIFIED.,.F.,
  .F.,(2,2),(5.65,8.4000024),.PIECEWISE_BEZIER_KNOTS.);
#9073 = CARTESIAN_POINT('',(0.75,35.879795897113));
#9074 = CARTESIAN_POINT('',(3.5000024,35.879795897113));
#9075 = ( GEOMETRIC_REPRESENTATION_CONTEXT(2) 
PARAMETRIC_REPRESENTATION_CONTEXT() REPRESENTATION_CONTEXT('2D SPACE',''
  ) );
#9076 = ORIENTED_EDGE('',*,*,#7970,.F.);
#9077 = ORIENTED_EDGE('',*,*,#9078,.T.);
#9078 = EDGE_CURVE('',#7971,#8650,#9079,.T.);
#9079 = SURFACE_CURVE('',#9080,(#9084,#9090),.PCURVE_S1.);
#9080 = LINE('',#9081,#9082);
#9081 = CARTESIAN_POINT('',(33.820204102887,-0.1,1.6));
#9082 = VECTOR('',#9083,1.);
#9083 = DIRECTION('',(0.,0.,1.));
#9084 = PCURVE('',#7987,#9085);
#9085 = DEFINITIONAL_REPRESENTATION('',(#9086),#9089);
#9086 = B_SPLINE_CURVE_WITH_KNOTS('',1,(#9087,#9088),.UNSPECIFIED.,.F.,
  .F.,(2,2),(5.65,8.4000024),.PIECEWISE_BEZIER_KNOTS.);
#9087 = CARTESIAN_POINT('',(4.309673138804,5.65));
#9088 = CARTESIAN_POINT('',(4.309673138804,8.4000024));
#9089 = ( GEOMETRIC_REPRESENTATION_CONTEXT(2) 
PARAMETRIC_REPRESENTATION_CONTEXT() REPRESENTATION_CONTEXT('2D SPACE',''
  ) );
#9090 = PCURVE('',#8014,#9091);
#9091 = DEFINITIONAL_REPRESENTATION('',(#9092),#9095);
#9092 = B_SPLINE_CURVE_WITH_KNOTS('',1,(#9093,#9094),.UNSPECIFIED.,.F.,
  .F.,(2,2),(5.65,8.4000024),.PIECEWISE_BEZIER_KNOTS.);
#9093 = CARTESIAN_POINT('',(0.75,33.920204102887));
#9094 = CARTESIAN_POINT('',(3.5000024,33.920204102887));
#9095 = ( GEOMETRIC_REPRESENTATION_CONTEXT(2) 
PARAMETRIC_REPRESENTATION_CONTEXT() REPRESENTATION_CONTEXT('2D SPACE',''
  ) );
#9096 = ADVANCED_FACE('',(#9097),#8431,.F.);
#9097 = FACE_BOUND('',#9098,.F.);
#9098 = EDGE_LOOP('',(#9099,#9100,#9101,#9120));
#9099 = ORIENTED_EDGE('',*,*,#8961,.F.);
#9100 = ORIENTED_EDGE('',*,*,#8416,.T.);
#9101 = ORIENTED_EDGE('',*,*,#9102,.T.);
#9102 = EDGE_CURVE('',#8393,#8698,#9103,.T.);
#9103 = SURFACE_CURVE('',#9104,(#9108,#9114),.PCURVE_S1.);
#9104 = LINE('',#9105,#9106);
#9105 = CARTESIAN_POINT('',(37.1,33.820204102887,1.6));
#9106 = VECTOR('',#9107,1.);
#9107 = DIRECTION('',(0.,0.,1.));
#9108 = PCURVE('',#8431,#9109);
#9109 = DEFINITIONAL_REPRESENTATION('',(#9110),#9113);
#9110 = B_SPLINE_CURVE_WITH_KNOTS('',1,(#9111,#9112),.UNSPECIFIED.,.F.,
  .F.,(2,2),(5.65,8.4000024),.PIECEWISE_BEZIER_KNOTS.);
#9111 = CARTESIAN_POINT('',(0.75,-33.92020410288));
#9112 = CARTESIAN_POINT('',(3.5000024,-33.92020410288));
#9113 = ( GEOMETRIC_REPRESENTATION_CONTEXT(2) 
PARAMETRIC_REPRESENTATION_CONTEXT() REPRESENTATION_CONTEXT('2D SPACE',''
  ) );
#9114 = PCURVE('',#8304,#9115);
#9115 = DEFINITIONAL_REPRESENTATION('',(#9116),#9119);
#9116 = B_SPLINE_CURVE_WITH_KNOTS('',1,(#9117,#9118),.UNSPECIFIED.,.F.,
  .F.,(2,2),(5.65,8.4000024),.PIECEWISE_BEZIER_KNOTS.);
#9117 = CARTESIAN_POINT('',(5.880469465599,5.65));
#9118 = CARTESIAN_POINT('',(5.880469465599,8.4000024));
#9119 = ( GEOMETRIC_REPRESENTATION_CONTEXT(2) 
PARAMETRIC_REPRESENTATION_CONTEXT() REPRESENTATION_CONTEXT('2D SPACE',''
  ) );
#9120 = ORIENTED_EDGE('',*,*,#8697,.F.);
#9121 = ADVANCED_FACE('',(#9122),#8304,.T.);
#9122 = FACE_BOUND('',#9123,.T.);
#9123 = EDGE_LOOP('',(#9124,#9155,#9174,#9175,#9198,#9225,#9226,#9227,
    #9228,#9229,#9248,#9249));
#9124 = ORIENTED_EDGE('',*,*,#9125,.F.);
#9125 = EDGE_CURVE('',#9126,#9128,#9130,.T.);
#9126 = VERTEX_POINT('',#9127);
#9127 = CARTESIAN_POINT('',(37.1,35.779795897113,10.));
#9128 = VERTEX_POINT('',#9129);
#9129 = CARTESIAN_POINT('',(35.779795897113,37.1,10.));
#9130 = SURFACE_CURVE('',#9131,(#9136,#9143),.PCURVE_S1.);
#9131 = CIRCLE('',#9132,2.5);
#9132 = AXIS2_PLACEMENT_3D('',#9133,#9134,#9135);
#9133 = CARTESIAN_POINT('',(34.8,34.8,10.));
#9134 = DIRECTION('',(0.,0.,1.));
#9135 = DIRECTION('',(1.,0.,-0.));
#9136 = PCURVE('',#8304,#9137);
#9137 = DEFINITIONAL_REPRESENTATION('',(#9138),#9142);
#9138 = LINE('',#9139,#9140);
#9139 = CARTESIAN_POINT('',(0.,8.4));
#9140 = VECTOR('',#9141,1.);
#9141 = DIRECTION('',(1.,0.));
#9142 = ( GEOMETRIC_REPRESENTATION_CONTEXT(2) 
PARAMETRIC_REPRESENTATION_CONTEXT() REPRESENTATION_CONTEXT('2D SPACE',''
  ) );
#9143 = PCURVE('',#9144,#9149);
#9144 = PLANE('',#9145);
#9145 = AXIS2_PLACEMENT_3D('',#9146,#9147,#9148);
#9146 = CARTESIAN_POINT('',(18.499999999424,18.499999999385,10.));
#9147 = DIRECTION('',(0.,0.,1.));
#9148 = DIRECTION('',(1.,0.,-0.));
#9149 = DEFINITIONAL_REPRESENTATION('',(#9150),#9154);
#9150 = CIRCLE('',#9151,2.5);
#9151 = AXIS2_PLACEMENT_2D('',#9152,#9153);
#9152 = CARTESIAN_POINT('',(16.300000000576,16.300000000615));
#9153 = DIRECTION('',(1.,0.));
#9154 = ( GEOMETRIC_REPRESENTATION_CONTEXT(2) 
PARAMETRIC_REPRESENTATION_CONTEXT() REPRESENTATION_CONTEXT('2D SPACE',''
  ) );
#9155 = ORIENTED_EDGE('',*,*,#9156,.F.);
#9156 = EDGE_CURVE('',#8343,#9126,#9157,.T.);
#9157 = SURFACE_CURVE('',#9158,(#9162,#9168),.PCURVE_S1.);
#9158 = LINE('',#9159,#9160);
#9159 = CARTESIAN_POINT('',(37.1,35.779795897113,1.6));
#9160 = VECTOR('',#9161,1.);
#9161 = DIRECTION('',(0.,0.,1.));
#9162 = PCURVE('',#8304,#9163);
#9163 = DEFINITIONAL_REPRESENTATION('',(#9164),#9167);
#9164 = B_SPLINE_CURVE_WITH_KNOTS('',1,(#9165,#9166),.UNSPECIFIED.,.F.,
  .F.,(2,2),(5.65,8.4000024),.PIECEWISE_BEZIER_KNOTS.);
#9165 = CARTESIAN_POINT('',(0.402715841581,5.65));
#9166 = CARTESIAN_POINT('',(0.402715841581,8.4000024));
#9167 = ( GEOMETRIC_REPRESENTATION_CONTEXT(2) 
PARAMETRIC_REPRESENTATION_CONTEXT() REPRESENTATION_CONTEXT('2D SPACE',''
  ) );
#9168 = PCURVE('',#8357,#9169);
#9169 = DEFINITIONAL_REPRESENTATION('',(#9170),#9173);
#9170 = B_SPLINE_CURVE_WITH_KNOTS('',1,(#9171,#9172),.UNSPECIFIED.,.F.,
  .F.,(2,2),(5.65,8.4000024),.PIECEWISE_BEZIER_KNOTS.);
#9171 = CARTESIAN_POINT('',(0.75,-35.87979589711));
#9172 = CARTESIAN_POINT('',(3.5000024,-35.87979589711));
#9173 = ( GEOMETRIC_REPRESENTATION_CONTEXT(2) 
PARAMETRIC_REPRESENTATION_CONTEXT() REPRESENTATION_CONTEXT('2D SPACE',''
  ) );
#9174 = ORIENTED_EDGE('',*,*,#8368,.F.);
#9175 = ORIENTED_EDGE('',*,*,#9176,.F.);
#9176 = EDGE_CURVE('',#9177,#8369,#9179,.T.);
#9177 = VERTEX_POINT('',#9178);
#9178 = CARTESIAN_POINT('',(37.3,34.8,1.6));
#9179 = SEAM_CURVE('',#9180,(#9184,#9191),.PCURVE_S1.);
#9180 = LINE('',#9181,#9182);
#9181 = CARTESIAN_POINT('',(37.3,34.8,1.6));
#9182 = VECTOR('',#9183,1.);
#9183 = DIRECTION('',(0.,0.,1.));
#9184 = PCURVE('',#8304,#9185);
#9185 = DEFINITIONAL_REPRESENTATION('',(#9186),#9190);
#9186 = LINE('',#9187,#9188);
#9187 = CARTESIAN_POINT('',(6.28318530718,-0.));
#9188 = VECTOR('',#9189,1.);
#9189 = DIRECTION('',(0.,1.));
#9190 = ( GEOMETRIC_REPRESENTATION_CONTEXT(2) 
PARAMETRIC_REPRESENTATION_CONTEXT() REPRESENTATION_CONTEXT('2D SPACE',''
  ) );
#9191 = PCURVE('',#8304,#9192);
#9192 = DEFINITIONAL_REPRESENTATION('',(#9193),#9197);
#9193 = LINE('',#9194,#9195);
#9194 = CARTESIAN_POINT('',(0.,-0.));
#9195 = VECTOR('',#9196,1.);
#9196 = DIRECTION('',(0.,1.));
#9197 = ( GEOMETRIC_REPRESENTATION_CONTEXT(2) 
PARAMETRIC_REPRESENTATION_CONTEXT() REPRESENTATION_CONTEXT('2D SPACE',''
  ) );
#9198 = ORIENTED_EDGE('',*,*,#9199,.T.);
#9199 = EDGE_CURVE('',#9177,#9177,#9200,.T.);
#9200 = SURFACE_CURVE('',#9201,(#9206,#9213),.PCURVE_S1.);
#9201 = CIRCLE('',#9202,2.5);
#9202 = AXIS2_PLACEMENT_3D('',#9203,#9204,#9205);
#9203 = CARTESIAN_POINT('',(34.8,34.8,1.6));
#9204 = DIRECTION('',(0.,0.,1.));
#9205 = DIRECTION('',(1.,0.,-0.));
#9206 = PCURVE('',#8304,#9207);
#9207 = DEFINITIONAL_REPRESENTATION('',(#9208),#9212);
#9208 = LINE('',#9209,#9210);
#9209 = CARTESIAN_POINT('',(0.,0.));
#9210 = VECTOR('',#9211,1.);
#9211 = DIRECTION('',(1.,0.));
#9212 = ( GEOMETRIC_REPRESENTATION_CONTEXT(2) 
PARAMETRIC_REPRESENTATION_CONTEXT() REPRESENTATION_CONTEXT('2D SPACE',''
  ) );
#9213 = PCURVE('',#9214,#9219);
#9214 = PLANE('',#9215);
#9215 = AXIS2_PLACEMENT_3D('',#9216,#9217,#9218);
#9216 = CARTESIAN_POINT('',(34.8,34.8,1.6));
#9217 = DIRECTION('',(0.,0.,1.));
#9218 = DIRECTION('',(1.,0.,-0.));
#9219 = DEFINITIONAL_REPRESENTATION('',(#9220),#9224);
#9220 = CIRCLE('',#9221,2.5);
#9221 = AXIS2_PLACEMENT_2D('',#9222,#9223);
#9222 = CARTESIAN_POINT('',(0.,0.));
#9223 = DIRECTION('',(1.,0.));
#9224 = ( GEOMETRIC_REPRESENTATION_CONTEXT(2) 
PARAMETRIC_REPRESENTATION_CONTEXT() REPRESENTATION_CONTEXT('2D SPACE',''
  ) );
#9225 = ORIENTED_EDGE('',*,*,#9176,.T.);
#9226 = ORIENTED_EDGE('',*,*,#8392,.F.);
#9227 = ORIENTED_EDGE('',*,*,#9102,.T.);
#9228 = ORIENTED_EDGE('',*,*,#8719,.F.);
#9229 = ORIENTED_EDGE('',*,*,#9230,.F.);
#9230 = EDGE_CURVE('',#8262,#8720,#9231,.T.);
#9231 = SURFACE_CURVE('',#9232,(#9236,#9242),.PCURVE_S1.);
#9232 = LINE('',#9233,#9234);
#9233 = CARTESIAN_POINT('',(33.820204102887,37.1,1.6));
#9234 = VECTOR('',#9235,1.);
#9235 = DIRECTION('',(0.,0.,1.));
#9236 = PCURVE('',#8304,#9237);
#9237 = DEFINITIONAL_REPRESENTATION('',(#9238),#9241);
#9238 = B_SPLINE_CURVE_WITH_KNOTS('',1,(#9239,#9240),.UNSPECIFIED.,.F.,
  .F.,(2,2),(5.65,8.4000024),.PIECEWISE_BEZIER_KNOTS.);
#9239 = CARTESIAN_POINT('',(1.973512168376,5.65));
#9240 = CARTESIAN_POINT('',(1.973512168376,8.4000024));
#9241 = ( GEOMETRIC_REPRESENTATION_CONTEXT(2) 
PARAMETRIC_REPRESENTATION_CONTEXT() REPRESENTATION_CONTEXT('2D SPACE',''
  ) );
#9242 = PCURVE('',#8276,#9243);
#9243 = DEFINITIONAL_REPRESENTATION('',(#9244),#9247);
#9244 = B_SPLINE_CURVE_WITH_KNOTS('',1,(#9245,#9246),.UNSPECIFIED.,.F.,
  .F.,(2,2),(5.65,8.4000024),.PIECEWISE_BEZIER_KNOTS.);
#9245 = CARTESIAN_POINT('',(0.75,33.920204102887));
#9246 = CARTESIAN_POINT('',(3.5000024,33.920204102887));
#9247 = ( GEOMETRIC_REPRESENTATION_CONTEXT(2) 
PARAMETRIC_REPRESENTATION_CONTEXT() REPRESENTATION_CONTEXT('2D SPACE',''
  ) );
#9248 = ORIENTED_EDGE('',*,*,#8287,.F.);
#9249 = ORIENTED_EDGE('',*,*,#9250,.T.);
#9250 = EDGE_CURVE('',#8288,#9128,#9251,.T.);
#9251 = SURFACE_CURVE('',#9252,(#9256,#9262),.PCURVE_S1.);
#9252 = LINE('',#9253,#9254);
#9253 = CARTESIAN_POINT('',(35.779795897113,37.1,1.6));
#9254 = VECTOR('',#9255,1.);
#9255 = DIRECTION('',(0.,0.,1.));
#9256 = PCURVE('',#8304,#9257);
#9257 = DEFINITIONAL_REPRESENTATION('',(#9258),#9261);
#9258 = B_SPLINE_CURVE_WITH_KNOTS('',1,(#9259,#9260),.UNSPECIFIED.,.F.,
  .F.,(2,2),(5.65,8.4000024),.PIECEWISE_BEZIER_KNOTS.);
#9259 = CARTESIAN_POINT('',(1.168080485214,5.65));
#9260 = CARTESIAN_POINT('',(1.168080485214,8.4000024));
#9261 = ( GEOMETRIC_REPRESENTATION_CONTEXT(2) 
PARAMETRIC_REPRESENTATION_CONTEXT() REPRESENTATION_CONTEXT('2D SPACE',''
  ) );
#9262 = PCURVE('',#8331,#9263);
#9263 = DEFINITIONAL_REPRESENTATION('',(#9264),#9267);
#9264 = B_SPLINE_CURVE_WITH_KNOTS('',1,(#9265,#9266),.UNSPECIFIED.,.F.,
  .F.,(2,2),(5.65,8.4000024),.PIECEWISE_BEZIER_KNOTS.);
#9265 = CARTESIAN_POINT('',(0.75,35.879795897113));
#9266 = CARTESIAN_POINT('',(3.5000024,35.879795897113));
#9267 = ( GEOMETRIC_REPRESENTATION_CONTEXT(2) 
PARAMETRIC_REPRESENTATION_CONTEXT() REPRESENTATION_CONTEXT('2D SPACE',''
  ) );
#9268 = ADVANCED_FACE('',(#9269),#8357,.F.);
#9269 = FACE_BOUND('',#9270,.F.);
#9270 = EDGE_LOOP('',(#9271,#9272,#9273,#9296));
#9271 = ORIENTED_EDGE('',*,*,#9156,.F.);
#9272 = ORIENTED_EDGE('',*,*,#8342,.T.);
#9273 = ORIENTED_EDGE('',*,*,#9274,.T.);
#9274 = EDGE_CURVE('',#8317,#9275,#9277,.T.);
#9275 = VERTEX_POINT('',#9276);
#9276 = CARTESIAN_POINT('',(37.1,37.1,10.));
#9277 = SURFACE_CURVE('',#9278,(#9282,#9289),.PCURVE_S1.);
#9278 = LINE('',#9279,#9280);
#9279 = CARTESIAN_POINT('',(37.1,37.1,6.5));
#9280 = VECTOR('',#9281,1.);
#9281 = DIRECTION('',(0.,0.,1.));
#9282 = PCURVE('',#8357,#9283);
#9283 = DEFINITIONAL_REPRESENTATION('',(#9284),#9288);
#9284 = LINE('',#9285,#9286);
#9285 = CARTESIAN_POINT('',(0.,-37.2));
#9286 = VECTOR('',#9287,1.);
#9287 = DIRECTION('',(1.,0.));
#9288 = ( GEOMETRIC_REPRESENTATION_CONTEXT(2) 
PARAMETRIC_REPRESENTATION_CONTEXT() REPRESENTATION_CONTEXT('2D SPACE',''
  ) );
#9289 = PCURVE('',#8331,#9290);
#9290 = DEFINITIONAL_REPRESENTATION('',(#9291),#9295);
#9291 = LINE('',#9292,#9293);
#9292 = CARTESIAN_POINT('',(0.,37.2));
#9293 = VECTOR('',#9294,1.);
#9294 = DIRECTION('',(1.,0.));
#9295 = ( GEOMETRIC_REPRESENTATION_CONTEXT(2) 
PARAMETRIC_REPRESENTATION_CONTEXT() REPRESENTATION_CONTEXT('2D SPACE',''
  ) );
#9296 = ORIENTED_EDGE('',*,*,#9297,.F.);
#9297 = EDGE_CURVE('',#9126,#9275,#9298,.T.);
#9298 = SURFACE_CURVE('',#9299,(#9303,#9309),.PCURVE_S1.);
#9299 = LINE('',#9300,#9301);
#9300 = CARTESIAN_POINT('',(37.1,-0.7,10.));
#9301 = VECTOR('',#9302,1.);
#9302 = DIRECTION('',(-0.,1.,0.));
#9303 = PCURVE('',#8357,#9304);
#9304 = DEFINITIONAL_REPRESENTATION('',(#9305),#9308);
#9305 = B_SPLINE_CURVE_WITH_KNOTS('',1,(#9306,#9307),.UNSPECIFIED.,.F.,
  .F.,(2,2),(0.6,37.8),.PIECEWISE_BEZIER_KNOTS.);
#9306 = CARTESIAN_POINT('',(3.5,0.));
#9307 = CARTESIAN_POINT('',(3.5,-37.2));
#9308 = ( GEOMETRIC_REPRESENTATION_CONTEXT(2) 
PARAMETRIC_REPRESENTATION_CONTEXT() REPRESENTATION_CONTEXT('2D SPACE',''
  ) );
#9309 = PCURVE('',#9144,#9310);
#9310 = DEFINITIONAL_REPRESENTATION('',(#9311),#9315);
#9311 = LINE('',#9312,#9313);
#9312 = CARTESIAN_POINT('',(18.600000000576,-19.19999999938));
#9313 = VECTOR('',#9314,1.);
#9314 = DIRECTION('',(0.,1.));
#9315 = ( GEOMETRIC_REPRESENTATION_CONTEXT(2) 
PARAMETRIC_REPRESENTATION_CONTEXT() REPRESENTATION_CONTEXT('2D SPACE',''
  ) );
#9316 = ADVANCED_FACE('',(#9317),#8331,.F.);
#9317 = FACE_BOUND('',#9318,.F.);
#9318 = EDGE_LOOP('',(#9319,#9320,#9321,#9322));
#9319 = ORIENTED_EDGE('',*,*,#9274,.F.);
#9320 = ORIENTED_EDGE('',*,*,#8316,.T.);
#9321 = ORIENTED_EDGE('',*,*,#9250,.T.);
#9322 = ORIENTED_EDGE('',*,*,#9323,.F.);
#9323 = EDGE_CURVE('',#9275,#9128,#9324,.T.);
#9324 = SURFACE_CURVE('',#9325,(#9329,#9335),.PCURVE_S1.);
#9325 = LINE('',#9326,#9327);
#9326 = CARTESIAN_POINT('',(-0.7,37.1,10.));
#9327 = VECTOR('',#9328,1.);
#9328 = DIRECTION('',(-1.,-0.,0.));
#9329 = PCURVE('',#8331,#9330);
#9330 = DEFINITIONAL_REPRESENTATION('',(#9331),#9334);
#9331 = B_SPLINE_CURVE_WITH_KNOTS('',1,(#9332,#9333),.UNSPECIFIED.,.F.,
  .F.,(2,2),(-37.8,-0.6),.PIECEWISE_BEZIER_KNOTS.);
#9332 = CARTESIAN_POINT('',(3.5,37.2));
#9333 = CARTESIAN_POINT('',(3.5,0.));
#9334 = ( GEOMETRIC_REPRESENTATION_CONTEXT(2) 
PARAMETRIC_REPRESENTATION_CONTEXT() REPRESENTATION_CONTEXT('2D SPACE',''
  ) );
#9335 = PCURVE('',#9144,#9336);
#9336 = DEFINITIONAL_REPRESENTATION('',(#9337),#9341);
#9337 = LINE('',#9338,#9339);
#9338 = CARTESIAN_POINT('',(-19.19999999942,18.600000000615));
#9339 = VECTOR('',#9340,1.);
#9340 = DIRECTION('',(-1.,0.));
#9341 = ( GEOMETRIC_REPRESENTATION_CONTEXT(2) 
PARAMETRIC_REPRESENTATION_CONTEXT() REPRESENTATION_CONTEXT('2D SPACE',''
  ) );
#9342 = ADVANCED_FACE('',(#9343),#8276,.F.);
#9343 = FACE_BOUND('',#9344,.F.);
#9344 = EDGE_LOOP('',(#9345,#9346,#9347,#9366));
#9345 = ORIENTED_EDGE('',*,*,#9230,.F.);
#9346 = ORIENTED_EDGE('',*,*,#8261,.T.);
#9347 = ORIENTED_EDGE('',*,*,#9348,.T.);
#9348 = EDGE_CURVE('',#8238,#8744,#9349,.T.);
#9349 = SURFACE_CURVE('',#9350,(#9354,#9360),.PCURVE_S1.);
#9350 = LINE('',#9351,#9352);
#9351 = CARTESIAN_POINT('',(3.179795897113,37.1,1.6));
#9352 = VECTOR('',#9353,1.);
#9353 = DIRECTION('',(0.,0.,1.));
#9354 = PCURVE('',#8276,#9355);
#9355 = DEFINITIONAL_REPRESENTATION('',(#9356),#9359);
#9356 = B_SPLINE_CURVE_WITH_KNOTS('',1,(#9357,#9358),.UNSPECIFIED.,.F.,
  .F.,(2,2),(5.65,8.4000024),.PIECEWISE_BEZIER_KNOTS.);
#9357 = CARTESIAN_POINT('',(0.75,3.279795897113));
#9358 = CARTESIAN_POINT('',(3.5000024,3.279795897113));
#9359 = ( GEOMETRIC_REPRESENTATION_CONTEXT(2) 
PARAMETRIC_REPRESENTATION_CONTEXT() REPRESENTATION_CONTEXT('2D SPACE',''
  ) );
#9360 = PCURVE('',#8173,#9361);
#9361 = DEFINITIONAL_REPRESENTATION('',(#9362),#9365);
#9362 = B_SPLINE_CURVE_WITH_KNOTS('',1,(#9363,#9364),.UNSPECIFIED.,.F.,
  .F.,(2,2),(5.65,8.4000024),.PIECEWISE_BEZIER_KNOTS.);
#9363 = CARTESIAN_POINT('',(1.168080485214,5.65));
#9364 = CARTESIAN_POINT('',(1.168080485214,8.4000024));
#9365 = ( GEOMETRIC_REPRESENTATION_CONTEXT(2) 
PARAMETRIC_REPRESENTATION_CONTEXT() REPRESENTATION_CONTEXT('2D SPACE',''
  ) );
#9366 = ORIENTED_EDGE('',*,*,#8743,.F.);
#9367 = ADVANCED_FACE('',(#9368),#8173,.T.);
#9368 = FACE_BOUND('',#9369,.T.);
#9369 = EDGE_LOOP('',(#9370,#9393,#9394,#9413,#9414,#9435,#9464,#9483,
    #9484,#9485,#9486,#9487));
#9370 = ORIENTED_EDGE('',*,*,#9371,.T.);
#9371 = EDGE_CURVE('',#9372,#8766,#9374,.T.);
#9372 = VERTEX_POINT('',#9373);
#9373 = CARTESIAN_POINT('',(4.7,34.8,1.6));
#9374 = SEAM_CURVE('',#9375,(#9379,#9386),.PCURVE_S1.);
#9375 = LINE('',#9376,#9377);
#9376 = CARTESIAN_POINT('',(4.7,34.8,1.6));
#9377 = VECTOR('',#9378,1.);
#9378 = DIRECTION('',(0.,0.,1.));
#9379 = PCURVE('',#8173,#9380);
#9380 = DEFINITIONAL_REPRESENTATION('',(#9381),#9385);
#9381 = LINE('',#9382,#9383);
#9382 = CARTESIAN_POINT('',(6.28318530718,-0.));
#9383 = VECTOR('',#9384,1.);
#9384 = DIRECTION('',(0.,1.));
#9385 = ( GEOMETRIC_REPRESENTATION_CONTEXT(2) 
PARAMETRIC_REPRESENTATION_CONTEXT() REPRESENTATION_CONTEXT('2D SPACE',''
  ) );
#9386 = PCURVE('',#8173,#9387);
#9387 = DEFINITIONAL_REPRESENTATION('',(#9388),#9392);
#9388 = LINE('',#9389,#9390);
#9389 = CARTESIAN_POINT('',(0.,-0.));
#9390 = VECTOR('',#9391,1.);
#9391 = DIRECTION('',(0.,1.));
#9392 = ( GEOMETRIC_REPRESENTATION_CONTEXT(2) 
PARAMETRIC_REPRESENTATION_CONTEXT() REPRESENTATION_CONTEXT('2D SPACE',''
  ) );
#9393 = ORIENTED_EDGE('',*,*,#8789,.F.);
#9394 = ORIENTED_EDGE('',*,*,#9395,.F.);
#9395 = EDGE_CURVE('',#8131,#8790,#9396,.T.);
#9396 = SURFACE_CURVE('',#9397,(#9401,#9407),.PCURVE_S1.);
#9397 = LINE('',#9398,#9399);
#9398 = CARTESIAN_POINT('',(-0.1,33.820204102887,1.6));
#9399 = VECTOR('',#9400,1.);
#9400 = DIRECTION('',(0.,0.,1.));
#9401 = PCURVE('',#8173,#9402);
#9402 = DEFINITIONAL_REPRESENTATION('',(#9403),#9406);
#9403 = B_SPLINE_CURVE_WITH_KNOTS('',1,(#9404,#9405),.UNSPECIFIED.,.F.,
  .F.,(2,2),(5.65,8.4000024),.PIECEWISE_BEZIER_KNOTS.);
#9404 = CARTESIAN_POINT('',(3.54430849517,5.65));
#9405 = CARTESIAN_POINT('',(3.54430849517,8.4000024));
#9406 = ( GEOMETRIC_REPRESENTATION_CONTEXT(2) 
PARAMETRIC_REPRESENTATION_CONTEXT() REPRESENTATION_CONTEXT('2D SPACE',''
  ) );
#9407 = PCURVE('',#8145,#9408);
#9408 = DEFINITIONAL_REPRESENTATION('',(#9409),#9412);
#9409 = B_SPLINE_CURVE_WITH_KNOTS('',1,(#9410,#9411),.UNSPECIFIED.,.F.,
  .F.,(2,2),(5.65,8.4000024),.PIECEWISE_BEZIER_KNOTS.);
#9410 = CARTESIAN_POINT('',(0.75,-33.92020410288));
#9411 = CARTESIAN_POINT('',(3.5000024,-33.92020410288));
#9412 = ( GEOMETRIC_REPRESENTATION_CONTEXT(2) 
PARAMETRIC_REPRESENTATION_CONTEXT() REPRESENTATION_CONTEXT('2D SPACE',''
  ) );
#9413 = ORIENTED_EDGE('',*,*,#8156,.F.);
#9414 = ORIENTED_EDGE('',*,*,#9415,.T.);
#9415 = EDGE_CURVE('',#8157,#9416,#9418,.T.);
#9416 = VERTEX_POINT('',#9417);
#9417 = CARTESIAN_POINT('',(-1.E-01,35.779795897113,10.));
#9418 = SURFACE_CURVE('',#9419,(#9423,#9429),.PCURVE_S1.);
#9419 = LINE('',#9420,#9421);
#9420 = CARTESIAN_POINT('',(-0.1,35.779795897113,1.6));
#9421 = VECTOR('',#9422,1.);
#9422 = DIRECTION('',(0.,0.,1.));
#9423 = PCURVE('',#8173,#9424);
#9424 = DEFINITIONAL_REPRESENTATION('',(#9425),#9428);
#9425 = B_SPLINE_CURVE_WITH_KNOTS('',1,(#9426,#9427),.UNSPECIFIED.,.F.,
  .F.,(2,2),(5.65,8.4000024),.PIECEWISE_BEZIER_KNOTS.);
#9426 = CARTESIAN_POINT('',(2.738876812009,5.65));
#9427 = CARTESIAN_POINT('',(2.738876812009,8.4000024));
#9428 = ( GEOMETRIC_REPRESENTATION_CONTEXT(2) 
PARAMETRIC_REPRESENTATION_CONTEXT() REPRESENTATION_CONTEXT('2D SPACE',''
  ) );
#9429 = PCURVE('',#8200,#9430);
#9430 = DEFINITIONAL_REPRESENTATION('',(#9431),#9434);
#9431 = B_SPLINE_CURVE_WITH_KNOTS('',1,(#9432,#9433),.UNSPECIFIED.,.F.,
  .F.,(2,2),(5.65,8.4000024),.PIECEWISE_BEZIER_KNOTS.);
#9432 = CARTESIAN_POINT('',(0.75,-35.87979589711));
#9433 = CARTESIAN_POINT('',(3.5000024,-35.87979589711));
#9434 = ( GEOMETRIC_REPRESENTATION_CONTEXT(2) 
PARAMETRIC_REPRESENTATION_CONTEXT() REPRESENTATION_CONTEXT('2D SPACE',''
  ) );
#9435 = ORIENTED_EDGE('',*,*,#9436,.F.);
#9436 = EDGE_CURVE('',#9437,#9416,#9439,.T.);
#9437 = VERTEX_POINT('',#9438);
#9438 = CARTESIAN_POINT('',(1.220204102887,37.1,10.));
#9439 = SURFACE_CURVE('',#9440,(#9445,#9452),.PCURVE_S1.);
#9440 = CIRCLE('',#9441,2.5);
#9441 = AXIS2_PLACEMENT_3D('',#9442,#9443,#9444);
#9442 = CARTESIAN_POINT('',(2.2,34.8,10.));
#9443 = DIRECTION('',(0.,0.,1.));
#9444 = DIRECTION('',(1.,0.,-0.));
#9445 = PCURVE('',#8173,#9446);
#9446 = DEFINITIONAL_REPRESENTATION('',(#9447),#9451);
#9447 = LINE('',#9448,#9449);
#9448 = CARTESIAN_POINT('',(0.,8.4));
#9449 = VECTOR('',#9450,1.);
#9450 = DIRECTION('',(1.,0.));
#9451 = ( GEOMETRIC_REPRESENTATION_CONTEXT(2) 
PARAMETRIC_REPRESENTATION_CONTEXT() REPRESENTATION_CONTEXT('2D SPACE',''
  ) );
#9452 = PCURVE('',#9453,#9458);
#9453 = PLANE('',#9454);
#9454 = AXIS2_PLACEMENT_3D('',#9455,#9456,#9457);
#9455 = CARTESIAN_POINT('',(18.499999999424,18.499999999385,10.));
#9456 = DIRECTION('',(0.,0.,1.));
#9457 = DIRECTION('',(1.,0.,-0.));
#9458 = DEFINITIONAL_REPRESENTATION('',(#9459),#9463);
#9459 = CIRCLE('',#9460,2.5);
#9460 = AXIS2_PLACEMENT_2D('',#9461,#9462);
#9461 = CARTESIAN_POINT('',(-16.29999999942,16.300000000615));
#9462 = DIRECTION('',(1.,0.));
#9463 = ( GEOMETRIC_REPRESENTATION_CONTEXT(2) 
PARAMETRIC_REPRESENTATION_CONTEXT() REPRESENTATION_CONTEXT('2D SPACE',''
  ) );
#9464 = ORIENTED_EDGE('',*,*,#9465,.F.);
#9465 = EDGE_CURVE('',#8212,#9437,#9466,.T.);
#9466 = SURFACE_CURVE('',#9467,(#9471,#9477),.PCURVE_S1.);
#9467 = LINE('',#9468,#9469);
#9468 = CARTESIAN_POINT('',(1.220204102887,37.1,1.6));
#9469 = VECTOR('',#9470,1.);
#9470 = DIRECTION('',(0.,0.,1.));
#9471 = PCURVE('',#8173,#9472);
#9472 = DEFINITIONAL_REPRESENTATION('',(#9473),#9476);
#9473 = B_SPLINE_CURVE_WITH_KNOTS('',1,(#9474,#9475),.UNSPECIFIED.,.F.,
  .F.,(2,2),(5.65,8.4000024),.PIECEWISE_BEZIER_KNOTS.);
#9474 = CARTESIAN_POINT('',(1.973512168376,5.65));
#9475 = CARTESIAN_POINT('',(1.973512168376,8.4000024));
#9476 = ( GEOMETRIC_REPRESENTATION_CONTEXT(2) 
PARAMETRIC_REPRESENTATION_CONTEXT() REPRESENTATION_CONTEXT('2D SPACE',''
  ) );
#9477 = PCURVE('',#8226,#9478);
#9478 = DEFINITIONAL_REPRESENTATION('',(#9479),#9482);
#9479 = B_SPLINE_CURVE_WITH_KNOTS('',1,(#9480,#9481),.UNSPECIFIED.,.F.,
  .F.,(2,2),(5.65,8.4000024),.PIECEWISE_BEZIER_KNOTS.);
#9480 = CARTESIAN_POINT('',(0.75,1.320204102887));
#9481 = CARTESIAN_POINT('',(3.5000024,1.320204102887));
#9482 = ( GEOMETRIC_REPRESENTATION_CONTEXT(2) 
PARAMETRIC_REPRESENTATION_CONTEXT() REPRESENTATION_CONTEXT('2D SPACE',''
  ) );
#9483 = ORIENTED_EDGE('',*,*,#8237,.F.);
#9484 = ORIENTED_EDGE('',*,*,#9348,.T.);
#9485 = ORIENTED_EDGE('',*,*,#8765,.F.);
#9486 = ORIENTED_EDGE('',*,*,#9371,.F.);
#9487 = ORIENTED_EDGE('',*,*,#9488,.T.);
#9488 = EDGE_CURVE('',#9372,#9372,#9489,.T.);
#9489 = SURFACE_CURVE('',#9490,(#9495,#9502),.PCURVE_S1.);
#9490 = CIRCLE('',#9491,2.5);
#9491 = AXIS2_PLACEMENT_3D('',#9492,#9493,#9494);
#9492 = CARTESIAN_POINT('',(2.2,34.8,1.6));
#9493 = DIRECTION('',(0.,0.,1.));
#9494 = DIRECTION('',(1.,0.,-0.));
#9495 = PCURVE('',#8173,#9496);
#9496 = DEFINITIONAL_REPRESENTATION('',(#9497),#9501);
#9497 = LINE('',#9498,#9499);
#9498 = CARTESIAN_POINT('',(0.,0.));
#9499 = VECTOR('',#9500,1.);
#9500 = DIRECTION('',(1.,0.));
#9501 = ( GEOMETRIC_REPRESENTATION_CONTEXT(2) 
PARAMETRIC_REPRESENTATION_CONTEXT() REPRESENTATION_CONTEXT('2D SPACE',''
  ) );
#9502 = PCURVE('',#9503,#9508);
#9503 = PLANE('',#9504);
#9504 = AXIS2_PLACEMENT_3D('',#9505,#9506,#9507);
#9505 = CARTESIAN_POINT('',(2.2,34.8,1.6));
#9506 = DIRECTION('',(0.,0.,1.));
#9507 = DIRECTION('',(1.,0.,-0.));
#9508 = DEFINITIONAL_REPRESENTATION('',(#9509),#9513);
#9509 = CIRCLE('',#9510,2.5);
#9510 = AXIS2_PLACEMENT_2D('',#9511,#9512);
#9511 = CARTESIAN_POINT('',(0.,0.));
#9512 = DIRECTION('',(1.,0.));
#9513 = ( GEOMETRIC_REPRESENTATION_CONTEXT(2) 
PARAMETRIC_REPRESENTATION_CONTEXT() REPRESENTATION_CONTEXT('2D SPACE',''
  ) );
#9514 = ADVANCED_FACE('',(#9515),#8226,.F.);
#9515 = FACE_BOUND('',#9516,.F.);
#9516 = EDGE_LOOP('',(#9517,#9518,#9519,#9542));
#9517 = ORIENTED_EDGE('',*,*,#9465,.F.);
#9518 = ORIENTED_EDGE('',*,*,#8211,.T.);
#9519 = ORIENTED_EDGE('',*,*,#9520,.T.);
#9520 = EDGE_CURVE('',#8186,#9521,#9523,.T.);
#9521 = VERTEX_POINT('',#9522);
#9522 = CARTESIAN_POINT('',(-0.1,37.1,10.));
#9523 = SURFACE_CURVE('',#9524,(#9528,#9535),.PCURVE_S1.);
#9524 = LINE('',#9525,#9526);
#9525 = CARTESIAN_POINT('',(-0.1,37.1,6.5));
#9526 = VECTOR('',#9527,1.);
#9527 = DIRECTION('',(0.,0.,1.));
#9528 = PCURVE('',#8226,#9529);
#9529 = DEFINITIONAL_REPRESENTATION('',(#9530),#9534);
#9530 = LINE('',#9531,#9532);
#9531 = CARTESIAN_POINT('',(0.,0.));
#9532 = VECTOR('',#9533,1.);
#9533 = DIRECTION('',(1.,0.));
#9534 = ( GEOMETRIC_REPRESENTATION_CONTEXT(2) 
PARAMETRIC_REPRESENTATION_CONTEXT() REPRESENTATION_CONTEXT('2D SPACE',''
  ) );
#9535 = PCURVE('',#8200,#9536);
#9536 = DEFINITIONAL_REPRESENTATION('',(#9537),#9541);
#9537 = LINE('',#9538,#9539);
#9538 = CARTESIAN_POINT('',(0.,-37.2));
#9539 = VECTOR('',#9540,1.);
#9540 = DIRECTION('',(1.,0.));
#9541 = ( GEOMETRIC_REPRESENTATION_CONTEXT(2) 
PARAMETRIC_REPRESENTATION_CONTEXT() REPRESENTATION_CONTEXT('2D SPACE',''
  ) );
#9542 = ORIENTED_EDGE('',*,*,#9543,.F.);
#9543 = EDGE_CURVE('',#9437,#9521,#9544,.T.);
#9544 = SURFACE_CURVE('',#9545,(#9549,#9555),.PCURVE_S1.);
#9545 = LINE('',#9546,#9547);
#9546 = CARTESIAN_POINT('',(-0.7,37.1,10.));
#9547 = VECTOR('',#9548,1.);
#9548 = DIRECTION('',(-1.,-0.,0.));
#9549 = PCURVE('',#8226,#9550);
#9550 = DEFINITIONAL_REPRESENTATION('',(#9551),#9554);
#9551 = B_SPLINE_CURVE_WITH_KNOTS('',1,(#9552,#9553),.UNSPECIFIED.,.F.,
  .F.,(2,2),(-37.8,-0.6),.PIECEWISE_BEZIER_KNOTS.);
#9552 = CARTESIAN_POINT('',(3.5,37.2));
#9553 = CARTESIAN_POINT('',(3.5,0.));
#9554 = ( GEOMETRIC_REPRESENTATION_CONTEXT(2) 
PARAMETRIC_REPRESENTATION_CONTEXT() REPRESENTATION_CONTEXT('2D SPACE',''
  ) );
#9555 = PCURVE('',#9453,#9556);
#9556 = DEFINITIONAL_REPRESENTATION('',(#9557),#9561);
#9557 = LINE('',#9558,#9559);
#9558 = CARTESIAN_POINT('',(-19.19999999942,18.600000000615));
#9559 = VECTOR('',#9560,1.);
#9560 = DIRECTION('',(-1.,0.));
#9561 = ( GEOMETRIC_REPRESENTATION_CONTEXT(2) 
PARAMETRIC_REPRESENTATION_CONTEXT() REPRESENTATION_CONTEXT('2D SPACE',''
  ) );
#9562 = ADVANCED_FACE('',(#9563),#8200,.T.);
#9563 = FACE_BOUND('',#9564,.T.);
#9564 = EDGE_LOOP('',(#9565,#9566,#9567,#9568));
#9565 = ORIENTED_EDGE('',*,*,#9415,.F.);
#9566 = ORIENTED_EDGE('',*,*,#8185,.T.);
#9567 = ORIENTED_EDGE('',*,*,#9520,.T.);
#9568 = ORIENTED_EDGE('',*,*,#9569,.F.);
#9569 = EDGE_CURVE('',#9416,#9521,#9570,.T.);
#9570 = SURFACE_CURVE('',#9571,(#9575,#9581),.PCURVE_S1.);
#9571 = LINE('',#9572,#9573);
#9572 = CARTESIAN_POINT('',(-0.1,-0.7,10.));
#9573 = VECTOR('',#9574,1.);
#9574 = DIRECTION('',(-0.,1.,0.));
#9575 = PCURVE('',#8200,#9576);
#9576 = DEFINITIONAL_REPRESENTATION('',(#9577),#9580);
#9577 = B_SPLINE_CURVE_WITH_KNOTS('',1,(#9578,#9579),.UNSPECIFIED.,.F.,
  .F.,(2,2),(0.6,37.8),.PIECEWISE_BEZIER_KNOTS.);
#9578 = CARTESIAN_POINT('',(3.5,0.));
#9579 = CARTESIAN_POINT('',(3.5,-37.2));
#9580 = ( GEOMETRIC_REPRESENTATION_CONTEXT(2) 
PARAMETRIC_REPRESENTATION_CONTEXT() REPRESENTATION_CONTEXT('2D SPACE',''
  ) );
#9581 = PCURVE('',#9453,#9582);
#9582 = DEFINITIONAL_REPRESENTATION('',(#9583),#9587);
#9583 = LINE('',#9584,#9585);
#9584 = CARTESIAN_POINT('',(-18.59999999942,-19.19999999938));
#9585 = VECTOR('',#9586,1.);
#9586 = DIRECTION('',(0.,1.));
#9587 = ( GEOMETRIC_REPRESENTATION_CONTEXT(2) 
PARAMETRIC_REPRESENTATION_CONTEXT() REPRESENTATION_CONTEXT('2D SPACE',''
  ) );
#9588 = ADVANCED_FACE('',(#9589),#8145,.T.);
#9589 = FACE_BOUND('',#9590,.T.);
#9590 = EDGE_LOOP('',(#9591,#9610,#9611,#9612));
#9591 = ORIENTED_EDGE('',*,*,#9592,.F.);
#9592 = EDGE_CURVE('',#8107,#8814,#9593,.T.);
#9593 = SURFACE_CURVE('',#9594,(#9598,#9604),.PCURVE_S1.);
#9594 = LINE('',#9595,#9596);
#9595 = CARTESIAN_POINT('',(-0.1,3.179795897113,1.6));
#9596 = VECTOR('',#9597,1.);
#9597 = DIRECTION('',(0.,0.,1.));
#9598 = PCURVE('',#8145,#9599);
#9599 = DEFINITIONAL_REPRESENTATION('',(#9600),#9603);
#9600 = B_SPLINE_CURVE_WITH_KNOTS('',1,(#9601,#9602),.UNSPECIFIED.,.F.,
  .F.,(2,2),(5.65,8.4000024),.PIECEWISE_BEZIER_KNOTS.);
#9601 = CARTESIAN_POINT('',(0.75,-3.279795897113));
#9602 = CARTESIAN_POINT('',(3.5000024,-3.279795897113));
#9603 = ( GEOMETRIC_REPRESENTATION_CONTEXT(2) 
PARAMETRIC_REPRESENTATION_CONTEXT() REPRESENTATION_CONTEXT('2D SPACE',''
  ) );
#9604 = PCURVE('',#8042,#9605);
#9605 = DEFINITIONAL_REPRESENTATION('',(#9606),#9609);
#9606 = B_SPLINE_CURVE_WITH_KNOTS('',1,(#9607,#9608),.UNSPECIFIED.,.F.,
  .F.,(2,2),(5.65,8.4000024),.PIECEWISE_BEZIER_KNOTS.);
#9607 = CARTESIAN_POINT('',(2.738876812009,5.65));
#9608 = CARTESIAN_POINT('',(2.738876812009,8.4000024));
#9609 = ( GEOMETRIC_REPRESENTATION_CONTEXT(2) 
PARAMETRIC_REPRESENTATION_CONTEXT() REPRESENTATION_CONTEXT('2D SPACE',''
  ) );
#9610 = ORIENTED_EDGE('',*,*,#8130,.T.);
#9611 = ORIENTED_EDGE('',*,*,#9395,.T.);
#9612 = ORIENTED_EDGE('',*,*,#8813,.F.);
#9613 = ADVANCED_FACE('',(#9614),#8042,.T.);
#9614 = FACE_BOUND('',#9615,.T.);
#9615 = EDGE_LOOP('',(#9616,#9639,#9640,#9659,#9660,#9681,#9710,#9729,
    #9730,#9731,#9732,#9733));
#9616 = ORIENTED_EDGE('',*,*,#9617,.T.);
#9617 = EDGE_CURVE('',#9618,#8836,#9620,.T.);
#9618 = VERTEX_POINT('',#9619);
#9619 = CARTESIAN_POINT('',(4.7,2.2,1.6));
#9620 = SEAM_CURVE('',#9621,(#9625,#9632),.PCURVE_S1.);
#9621 = LINE('',#9622,#9623);
#9622 = CARTESIAN_POINT('',(4.7,2.2,1.6));
#9623 = VECTOR('',#9624,1.);
#9624 = DIRECTION('',(0.,0.,1.));
#9625 = PCURVE('',#8042,#9626);
#9626 = DEFINITIONAL_REPRESENTATION('',(#9627),#9631);
#9627 = LINE('',#9628,#9629);
#9628 = CARTESIAN_POINT('',(6.28318530718,-0.));
#9629 = VECTOR('',#9630,1.);
#9630 = DIRECTION('',(0.,1.));
#9631 = ( GEOMETRIC_REPRESENTATION_CONTEXT(2) 
PARAMETRIC_REPRESENTATION_CONTEXT() REPRESENTATION_CONTEXT('2D SPACE',''
  ) );
#9632 = PCURVE('',#8042,#9633);
#9633 = DEFINITIONAL_REPRESENTATION('',(#9634),#9638);
#9634 = LINE('',#9635,#9636);
#9635 = CARTESIAN_POINT('',(0.,-0.));
#9636 = VECTOR('',#9637,1.);
#9637 = DIRECTION('',(0.,1.));
#9638 = ( GEOMETRIC_REPRESENTATION_CONTEXT(2) 
PARAMETRIC_REPRESENTATION_CONTEXT() REPRESENTATION_CONTEXT('2D SPACE',''
  ) );
#9639 = ORIENTED_EDGE('',*,*,#8859,.F.);
#9640 = ORIENTED_EDGE('',*,*,#9641,.F.);
#9641 = EDGE_CURVE('',#8000,#8652,#9642,.T.);
#9642 = SURFACE_CURVE('',#9643,(#9647,#9653),.PCURVE_S1.);
#9643 = LINE('',#9644,#9645);
#9644 = CARTESIAN_POINT('',(3.179795897113,-0.1,1.6));
#9645 = VECTOR('',#9646,1.);
#9646 = DIRECTION('',(0.,0.,1.));
#9647 = PCURVE('',#8042,#9648);
#9648 = DEFINITIONAL_REPRESENTATION('',(#9649),#9652);
#9649 = B_SPLINE_CURVE_WITH_KNOTS('',1,(#9650,#9651),.UNSPECIFIED.,.F.,
  .F.,(2,2),(5.65,8.4000024),.PIECEWISE_BEZIER_KNOTS.);
#9650 = CARTESIAN_POINT('',(5.115104821965,5.65));
#9651 = CARTESIAN_POINT('',(5.115104821965,8.4000024));
#9652 = ( GEOMETRIC_REPRESENTATION_CONTEXT(2) 
PARAMETRIC_REPRESENTATION_CONTEXT() REPRESENTATION_CONTEXT('2D SPACE',''
  ) );
#9653 = PCURVE('',#8014,#9654);
#9654 = DEFINITIONAL_REPRESENTATION('',(#9655),#9658);
#9655 = B_SPLINE_CURVE_WITH_KNOTS('',1,(#9656,#9657),.UNSPECIFIED.,.F.,
  .F.,(2,2),(5.65,8.4000024),.PIECEWISE_BEZIER_KNOTS.);
#9656 = CARTESIAN_POINT('',(0.75,3.279795897113));
#9657 = CARTESIAN_POINT('',(3.5000024,3.279795897113));
#9658 = ( GEOMETRIC_REPRESENTATION_CONTEXT(2) 
PARAMETRIC_REPRESENTATION_CONTEXT() REPRESENTATION_CONTEXT('2D SPACE',''
  ) );
#9659 = ORIENTED_EDGE('',*,*,#8025,.F.);
#9660 = ORIENTED_EDGE('',*,*,#9661,.T.);
#9661 = EDGE_CURVE('',#8026,#9662,#9664,.T.);
#9662 = VERTEX_POINT('',#9663);
#9663 = CARTESIAN_POINT('',(1.220204102887,-9.999999999999E-02,10.));
#9664 = SURFACE_CURVE('',#9665,(#9669,#9675),.PCURVE_S1.);
#9665 = LINE('',#9666,#9667);
#9666 = CARTESIAN_POINT('',(1.220204102887,-0.1,1.6));
#9667 = VECTOR('',#9668,1.);
#9668 = DIRECTION('',(0.,0.,1.));
#9669 = PCURVE('',#8042,#9670);
#9670 = DEFINITIONAL_REPRESENTATION('',(#9671),#9674);
#9671 = B_SPLINE_CURVE_WITH_KNOTS('',1,(#9672,#9673),.UNSPECIFIED.,.F.,
  .F.,(2,2),(5.65,8.4000024),.PIECEWISE_BEZIER_KNOTS.);
#9672 = CARTESIAN_POINT('',(4.309673138804,5.65));
#9673 = CARTESIAN_POINT('',(4.309673138804,8.4000024));
#9674 = ( GEOMETRIC_REPRESENTATION_CONTEXT(2) 
PARAMETRIC_REPRESENTATION_CONTEXT() REPRESENTATION_CONTEXT('2D SPACE',''
  ) );
#9675 = PCURVE('',#8069,#9676);
#9676 = DEFINITIONAL_REPRESENTATION('',(#9677),#9680);
#9677 = B_SPLINE_CURVE_WITH_KNOTS('',1,(#9678,#9679),.UNSPECIFIED.,.F.,
  .F.,(2,2),(5.65,8.4000024),.PIECEWISE_BEZIER_KNOTS.);
#9678 = CARTESIAN_POINT('',(0.75,1.320204102887));
#9679 = CARTESIAN_POINT('',(3.5000024,1.320204102887));
#9680 = ( GEOMETRIC_REPRESENTATION_CONTEXT(2) 
PARAMETRIC_REPRESENTATION_CONTEXT() REPRESENTATION_CONTEXT('2D SPACE',''
  ) );
#9681 = ORIENTED_EDGE('',*,*,#9682,.F.);
#9682 = EDGE_CURVE('',#9683,#9662,#9685,.T.);
#9683 = VERTEX_POINT('',#9684);
#9684 = CARTESIAN_POINT('',(-1.E-01,1.220204102887,10.));
#9685 = SURFACE_CURVE('',#9686,(#9691,#9698),.PCURVE_S1.);
#9686 = CIRCLE('',#9687,2.5);
#9687 = AXIS2_PLACEMENT_3D('',#9688,#9689,#9690);
#9688 = CARTESIAN_POINT('',(2.2,2.2,10.));
#9689 = DIRECTION('',(0.,0.,1.));
#9690 = DIRECTION('',(1.,0.,-0.));
#9691 = PCURVE('',#8042,#9692);
#9692 = DEFINITIONAL_REPRESENTATION('',(#9693),#9697);
#9693 = LINE('',#9694,#9695);
#9694 = CARTESIAN_POINT('',(0.,8.4));
#9695 = VECTOR('',#9696,1.);
#9696 = DIRECTION('',(1.,0.));
#9697 = ( GEOMETRIC_REPRESENTATION_CONTEXT(2) 
PARAMETRIC_REPRESENTATION_CONTEXT() REPRESENTATION_CONTEXT('2D SPACE',''
  ) );
#9698 = PCURVE('',#9699,#9704);
#9699 = PLANE('',#9700);
#9700 = AXIS2_PLACEMENT_3D('',#9701,#9702,#9703);
#9701 = CARTESIAN_POINT('',(18.499999999424,18.499999999385,10.));
#9702 = DIRECTION('',(0.,0.,1.));
#9703 = DIRECTION('',(1.,0.,-0.));
#9704 = DEFINITIONAL_REPRESENTATION('',(#9705),#9709);
#9705 = CIRCLE('',#9706,2.5);
#9706 = AXIS2_PLACEMENT_2D('',#9707,#9708);
#9707 = CARTESIAN_POINT('',(-16.29999999942,-16.29999999938));
#9708 = DIRECTION('',(1.,0.));
#9709 = ( GEOMETRIC_REPRESENTATION_CONTEXT(2) 
PARAMETRIC_REPRESENTATION_CONTEXT() REPRESENTATION_CONTEXT('2D SPACE',''
  ) );
#9710 = ORIENTED_EDGE('',*,*,#9711,.F.);
#9711 = EDGE_CURVE('',#8081,#9683,#9712,.T.);
#9712 = SURFACE_CURVE('',#9713,(#9717,#9723),.PCURVE_S1.);
#9713 = LINE('',#9714,#9715);
#9714 = CARTESIAN_POINT('',(-0.1,1.220204102887,1.6));
#9715 = VECTOR('',#9716,1.);
#9716 = DIRECTION('',(0.,0.,1.));
#9717 = PCURVE('',#8042,#9718);
#9718 = DEFINITIONAL_REPRESENTATION('',(#9719),#9722);
#9719 = B_SPLINE_CURVE_WITH_KNOTS('',1,(#9720,#9721),.UNSPECIFIED.,.F.,
  .F.,(2,2),(5.65,8.4000024),.PIECEWISE_BEZIER_KNOTS.);
#9720 = CARTESIAN_POINT('',(3.54430849517,5.65));
#9721 = CARTESIAN_POINT('',(3.54430849517,8.4000024));
#9722 = ( GEOMETRIC_REPRESENTATION_CONTEXT(2) 
PARAMETRIC_REPRESENTATION_CONTEXT() REPRESENTATION_CONTEXT('2D SPACE',''
  ) );
#9723 = PCURVE('',#8095,#9724);
#9724 = DEFINITIONAL_REPRESENTATION('',(#9725),#9728);
#9725 = B_SPLINE_CURVE_WITH_KNOTS('',1,(#9726,#9727),.UNSPECIFIED.,.F.,
  .F.,(2,2),(5.65,8.4000024),.PIECEWISE_BEZIER_KNOTS.);
#9726 = CARTESIAN_POINT('',(0.75,-1.320204102887));
#9727 = CARTESIAN_POINT('',(3.5000024,-1.320204102887));
#9728 = ( GEOMETRIC_REPRESENTATION_CONTEXT(2) 
PARAMETRIC_REPRESENTATION_CONTEXT() REPRESENTATION_CONTEXT('2D SPACE',''
  ) );
#9729 = ORIENTED_EDGE('',*,*,#8106,.F.);
#9730 = ORIENTED_EDGE('',*,*,#9592,.T.);
#9731 = ORIENTED_EDGE('',*,*,#8835,.F.);
#9732 = ORIENTED_EDGE('',*,*,#9617,.F.);
#9733 = ORIENTED_EDGE('',*,*,#9734,.T.);
#9734 = EDGE_CURVE('',#9618,#9618,#9735,.T.);
#9735 = SURFACE_CURVE('',#9736,(#9741,#9748),.PCURVE_S1.);
#9736 = CIRCLE('',#9737,2.5);
#9737 = AXIS2_PLACEMENT_3D('',#9738,#9739,#9740);
#9738 = CARTESIAN_POINT('',(2.2,2.2,1.6));
#9739 = DIRECTION('',(0.,0.,1.));
#9740 = DIRECTION('',(1.,0.,-0.));
#9741 = PCURVE('',#8042,#9742);
#9742 = DEFINITIONAL_REPRESENTATION('',(#9743),#9747);
#9743 = LINE('',#9744,#9745);
#9744 = CARTESIAN_POINT('',(0.,0.));
#9745 = VECTOR('',#9746,1.);
#9746 = DIRECTION('',(1.,0.));
#9747 = ( GEOMETRIC_REPRESENTATION_CONTEXT(2) 
PARAMETRIC_REPRESENTATION_CONTEXT() REPRESENTATION_CONTEXT('2D SPACE',''
  ) );
#9748 = PCURVE('',#9749,#9754);
#9749 = PLANE('',#9750);
#9750 = AXIS2_PLACEMENT_3D('',#9751,#9752,#9753);
#9751 = CARTESIAN_POINT('',(2.2,2.2,1.6));
#9752 = DIRECTION('',(0.,0.,1.));
#9753 = DIRECTION('',(1.,0.,-0.));
#9754 = DEFINITIONAL_REPRESENTATION('',(#9755),#9759);
#9755 = CIRCLE('',#9756,2.5);
#9756 = AXIS2_PLACEMENT_2D('',#9757,#9758);
#9757 = CARTESIAN_POINT('',(0.,0.));
#9758 = DIRECTION('',(1.,0.));
#9759 = ( GEOMETRIC_REPRESENTATION_CONTEXT(2) 
PARAMETRIC_REPRESENTATION_CONTEXT() REPRESENTATION_CONTEXT('2D SPACE',''
  ) );
#9760 = ADVANCED_FACE('',(#9761),#8095,.T.);
#9761 = FACE_BOUND('',#9762,.T.);
#9762 = EDGE_LOOP('',(#9763,#9786,#9787,#9788));
#9763 = ORIENTED_EDGE('',*,*,#9764,.F.);
#9764 = EDGE_CURVE('',#8055,#9765,#9767,.T.);
#9765 = VERTEX_POINT('',#9766);
#9766 = CARTESIAN_POINT('',(-0.1,-0.1,10.));
#9767 = SURFACE_CURVE('',#9768,(#9772,#9779),.PCURVE_S1.);
#9768 = LINE('',#9769,#9770);
#9769 = CARTESIAN_POINT('',(-0.1,-0.1,6.5));
#9770 = VECTOR('',#9771,1.);
#9771 = DIRECTION('',(0.,0.,1.));
#9772 = PCURVE('',#8095,#9773);
#9773 = DEFINITIONAL_REPRESENTATION('',(#9774),#9778);
#9774 = LINE('',#9775,#9776);
#9775 = CARTESIAN_POINT('',(0.,0.));
#9776 = VECTOR('',#9777,1.);
#9777 = DIRECTION('',(1.,0.));
#9778 = ( GEOMETRIC_REPRESENTATION_CONTEXT(2) 
PARAMETRIC_REPRESENTATION_CONTEXT() REPRESENTATION_CONTEXT('2D SPACE',''
  ) );
#9779 = PCURVE('',#8069,#9780);
#9780 = DEFINITIONAL_REPRESENTATION('',(#9781),#9785);
#9781 = LINE('',#9782,#9783);
#9782 = CARTESIAN_POINT('',(0.,0.));
#9783 = VECTOR('',#9784,1.);
#9784 = DIRECTION('',(1.,0.));
#9785 = ( GEOMETRIC_REPRESENTATION_CONTEXT(2) 
PARAMETRIC_REPRESENTATION_CONTEXT() REPRESENTATION_CONTEXT('2D SPACE',''
  ) );
#9786 = ORIENTED_EDGE('',*,*,#8080,.T.);
#9787 = ORIENTED_EDGE('',*,*,#9711,.T.);
#9788 = ORIENTED_EDGE('',*,*,#9789,.F.);
#9789 = EDGE_CURVE('',#9765,#9683,#9790,.T.);
#9790 = SURFACE_CURVE('',#9791,(#9795,#9801),.PCURVE_S1.);
#9791 = LINE('',#9792,#9793);
#9792 = CARTESIAN_POINT('',(-0.1,-0.7,10.));
#9793 = VECTOR('',#9794,1.);
#9794 = DIRECTION('',(-0.,1.,0.));
#9795 = PCURVE('',#8095,#9796);
#9796 = DEFINITIONAL_REPRESENTATION('',(#9797),#9800);
#9797 = B_SPLINE_CURVE_WITH_KNOTS('',1,(#9798,#9799),.UNSPECIFIED.,.F.,
  .F.,(2,2),(0.6,37.8),.PIECEWISE_BEZIER_KNOTS.);
#9798 = CARTESIAN_POINT('',(3.5,0.));
#9799 = CARTESIAN_POINT('',(3.5,-37.2));
#9800 = ( GEOMETRIC_REPRESENTATION_CONTEXT(2) 
PARAMETRIC_REPRESENTATION_CONTEXT() REPRESENTATION_CONTEXT('2D SPACE',''
  ) );
#9801 = PCURVE('',#9699,#9802);
#9802 = DEFINITIONAL_REPRESENTATION('',(#9803),#9807);
#9803 = LINE('',#9804,#9805);
#9804 = CARTESIAN_POINT('',(-18.59999999942,-19.19999999938));
#9805 = VECTOR('',#9806,1.);
#9806 = DIRECTION('',(0.,1.));
#9807 = ( GEOMETRIC_REPRESENTATION_CONTEXT(2) 
PARAMETRIC_REPRESENTATION_CONTEXT() REPRESENTATION_CONTEXT('2D SPACE',''
  ) );
#9808 = ADVANCED_FACE('',(#9809),#8069,.T.);
#9809 = FACE_BOUND('',#9810,.T.);
#9810 = EDGE_LOOP('',(#9811,#9812,#9813,#9814));
#9811 = ORIENTED_EDGE('',*,*,#9661,.F.);
#9812 = ORIENTED_EDGE('',*,*,#8054,.T.);
#9813 = ORIENTED_EDGE('',*,*,#9764,.T.);
#9814 = ORIENTED_EDGE('',*,*,#9815,.F.);
#9815 = EDGE_CURVE('',#9662,#9765,#9816,.T.);
#9816 = SURFACE_CURVE('',#9817,(#9821,#9827),.PCURVE_S1.);
#9817 = LINE('',#9818,#9819);
#9818 = CARTESIAN_POINT('',(-0.7,-0.1,10.));
#9819 = VECTOR('',#9820,1.);
#9820 = DIRECTION('',(-1.,-0.,0.));
#9821 = PCURVE('',#8069,#9822);
#9822 = DEFINITIONAL_REPRESENTATION('',(#9823),#9826);
#9823 = B_SPLINE_CURVE_WITH_KNOTS('',1,(#9824,#9825),.UNSPECIFIED.,.F.,
  .F.,(2,2),(-37.8,-0.6),.PIECEWISE_BEZIER_KNOTS.);
#9824 = CARTESIAN_POINT('',(3.5,37.2));
#9825 = CARTESIAN_POINT('',(3.5,0.));
#9826 = ( GEOMETRIC_REPRESENTATION_CONTEXT(2) 
PARAMETRIC_REPRESENTATION_CONTEXT() REPRESENTATION_CONTEXT('2D SPACE',''
  ) );
#9827 = PCURVE('',#9699,#9828);
#9828 = DEFINITIONAL_REPRESENTATION('',(#9829),#9833);
#9829 = LINE('',#9830,#9831);
#9830 = CARTESIAN_POINT('',(-19.19999999942,-18.59999999938));
#9831 = VECTOR('',#9832,1.);
#9832 = DIRECTION('',(-1.,0.));
#9833 = ( GEOMETRIC_REPRESENTATION_CONTEXT(2) 
PARAMETRIC_REPRESENTATION_CONTEXT() REPRESENTATION_CONTEXT('2D SPACE',''
  ) );
#9834 = ADVANCED_FACE('',(#9835),#8014,.T.);
#9835 = FACE_BOUND('',#9836,.T.);
#9836 = EDGE_LOOP('',(#9837,#9838,#9839,#9840));
#9837 = ORIENTED_EDGE('',*,*,#9078,.F.);
#9838 = ORIENTED_EDGE('',*,*,#7999,.T.);
#9839 = ORIENTED_EDGE('',*,*,#9641,.T.);
#9840 = ORIENTED_EDGE('',*,*,#8649,.F.);
#9841 = ADVANCED_FACE('',(#9842),#7959,.T.);
#9842 = FACE_BOUND('',#9843,.T.);
#9843 = EDGE_LOOP('',(#9844,#9845,#9846,#9847));
#9844 = ORIENTED_EDGE('',*,*,#8887,.F.);
#9845 = ORIENTED_EDGE('',*,*,#7944,.T.);
#9846 = ORIENTED_EDGE('',*,*,#9058,.T.);
#9847 = ORIENTED_EDGE('',*,*,#9848,.F.);
#9848 = EDGE_CURVE('',#8888,#9035,#9849,.T.);
#9849 = SURFACE_CURVE('',#9850,(#9854,#9860),.PCURVE_S1.);
#9850 = LINE('',#9851,#9852);
#9851 = CARTESIAN_POINT('',(-0.7,-0.1,10.));
#9852 = VECTOR('',#9853,1.);
#9853 = DIRECTION('',(-1.,-0.,0.));
#9854 = PCURVE('',#7959,#9855);
#9855 = DEFINITIONAL_REPRESENTATION('',(#9856),#9859);
#9856 = B_SPLINE_CURVE_WITH_KNOTS('',1,(#9857,#9858),.UNSPECIFIED.,.F.,
  .F.,(2,2),(-37.8,-0.6),.PIECEWISE_BEZIER_KNOTS.);
#9857 = CARTESIAN_POINT('',(3.5,37.2));
#9858 = CARTESIAN_POINT('',(3.5,0.));
#9859 = ( GEOMETRIC_REPRESENTATION_CONTEXT(2) 
PARAMETRIC_REPRESENTATION_CONTEXT() REPRESENTATION_CONTEXT('2D SPACE',''
  ) );
#9860 = PCURVE('',#8945,#9861);
#9861 = DEFINITIONAL_REPRESENTATION('',(#9862),#9866);
#9862 = LINE('',#9863,#9864);
#9863 = CARTESIAN_POINT('',(-19.19999999942,-18.59999999938));
#9864 = VECTOR('',#9865,1.);
#9865 = DIRECTION('',(-1.,0.));
#9866 = ( GEOMETRIC_REPRESENTATION_CONTEXT(2) 
PARAMETRIC_REPRESENTATION_CONTEXT() REPRESENTATION_CONTEXT('2D SPACE',''
  ) );
#9867 = ADVANCED_FACE('',(#9868),#8524,.F.);
#9868 = FACE_BOUND('',#9869,.F.);
#9869 = EDGE_LOOP('',(#9870,#9871,#9894,#9916));
#9870 = ORIENTED_EDGE('',*,*,#8507,.F.);
#9871 = ORIENTED_EDGE('',*,*,#9872,.F.);
#9872 = EDGE_CURVE('',#9873,#8508,#9875,.T.);
#9873 = VERTEX_POINT('',#9874);
#9874 = CARTESIAN_POINT('',(3.35,34.8,1.6));
#9875 = SEAM_CURVE('',#9876,(#9880,#9887),.PCURVE_S1.);
#9876 = LINE('',#9877,#9878);
#9877 = CARTESIAN_POINT('',(3.35,34.8,0.6));
#9878 = VECTOR('',#9879,1.);
#9879 = DIRECTION('',(0.,0.,1.));
#9880 = PCURVE('',#8524,#9881);
#9881 = DEFINITIONAL_REPRESENTATION('',(#9882),#9886);
#9882 = LINE('',#9883,#9884);
#9883 = CARTESIAN_POINT('',(6.28318530718,-0.));
#9884 = VECTOR('',#9885,1.);
#9885 = DIRECTION('',(0.,1.));
#9886 = ( GEOMETRIC_REPRESENTATION_CONTEXT(2) 
PARAMETRIC_REPRESENTATION_CONTEXT() REPRESENTATION_CONTEXT('2D SPACE',''
  ) );
#9887 = PCURVE('',#8524,#9888);
#9888 = DEFINITIONAL_REPRESENTATION('',(#9889),#9893);
#9889 = LINE('',#9890,#9891);
#9890 = CARTESIAN_POINT('',(0.,-0.));
#9891 = VECTOR('',#9892,1.);
#9892 = DIRECTION('',(0.,1.));
#9893 = ( GEOMETRIC_REPRESENTATION_CONTEXT(2) 
PARAMETRIC_REPRESENTATION_CONTEXT() REPRESENTATION_CONTEXT('2D SPACE',''
  ) );
#9894 = ORIENTED_EDGE('',*,*,#9895,.T.);
#9895 = EDGE_CURVE('',#9873,#9873,#9896,.T.);
#9896 = SURFACE_CURVE('',#9897,(#9902,#9909),.PCURVE_S1.);
#9897 = CIRCLE('',#9898,1.15);
#9898 = AXIS2_PLACEMENT_3D('',#9899,#9900,#9901);
#9899 = CARTESIAN_POINT('',(2.2,34.8,1.6));
#9900 = DIRECTION('',(0.,0.,1.));
#9901 = DIRECTION('',(1.,0.,-0.));
#9902 = PCURVE('',#8524,#9903);
#9903 = DEFINITIONAL_REPRESENTATION('',(#9904),#9908);
#9904 = LINE('',#9905,#9906);
#9905 = CARTESIAN_POINT('',(0.,1.));
#9906 = VECTOR('',#9907,1.);
#9907 = DIRECTION('',(1.,0.));
#9908 = ( GEOMETRIC_REPRESENTATION_CONTEXT(2) 
PARAMETRIC_REPRESENTATION_CONTEXT() REPRESENTATION_CONTEXT('2D SPACE',''
  ) );
#9909 = PCURVE('',#9503,#9910);
#9910 = DEFINITIONAL_REPRESENTATION('',(#9911),#9915);
#9911 = CIRCLE('',#9912,1.15);
#9912 = AXIS2_PLACEMENT_2D('',#9913,#9914);
#9913 = CARTESIAN_POINT('',(0.,0.));
#9914 = DIRECTION('',(1.,0.));
#9915 = ( GEOMETRIC_REPRESENTATION_CONTEXT(2) 
PARAMETRIC_REPRESENTATION_CONTEXT() REPRESENTATION_CONTEXT('2D SPACE',''
  ) );
#9916 = ORIENTED_EDGE('',*,*,#9872,.T.);
#9917 = ADVANCED_FACE('',(#9918),#8564,.F.);
#9918 = FACE_BOUND('',#9919,.F.);
#9919 = EDGE_LOOP('',(#9920,#9921,#9944,#9966));
#9920 = ORIENTED_EDGE('',*,*,#8547,.F.);
#9921 = ORIENTED_EDGE('',*,*,#9922,.F.);
#9922 = EDGE_CURVE('',#9923,#8548,#9925,.T.);
#9923 = VERTEX_POINT('',#9924);
#9924 = CARTESIAN_POINT('',(35.95,34.8,1.6));
#9925 = SEAM_CURVE('',#9926,(#9930,#9937),.PCURVE_S1.);
#9926 = LINE('',#9927,#9928);
#9927 = CARTESIAN_POINT('',(35.95,34.8,0.6));
#9928 = VECTOR('',#9929,1.);
#9929 = DIRECTION('',(0.,0.,1.));
#9930 = PCURVE('',#8564,#9931);
#9931 = DEFINITIONAL_REPRESENTATION('',(#9932),#9936);
#9932 = LINE('',#9933,#9934);
#9933 = CARTESIAN_POINT('',(6.28318530718,-0.));
#9934 = VECTOR('',#9935,1.);
#9935 = DIRECTION('',(0.,1.));
#9936 = ( GEOMETRIC_REPRESENTATION_CONTEXT(2) 
PARAMETRIC_REPRESENTATION_CONTEXT() REPRESENTATION_CONTEXT('2D SPACE',''
  ) );
#9937 = PCURVE('',#8564,#9938);
#9938 = DEFINITIONAL_REPRESENTATION('',(#9939),#9943);
#9939 = LINE('',#9940,#9941);
#9940 = CARTESIAN_POINT('',(0.,-0.));
#9941 = VECTOR('',#9942,1.);
#9942 = DIRECTION('',(0.,1.));
#9943 = ( GEOMETRIC_REPRESENTATION_CONTEXT(2) 
PARAMETRIC_REPRESENTATION_CONTEXT() REPRESENTATION_CONTEXT('2D SPACE',''
  ) );
#9944 = ORIENTED_EDGE('',*,*,#9945,.T.);
#9945 = EDGE_CURVE('',#9923,#9923,#9946,.T.);
#9946 = SURFACE_CURVE('',#9947,(#9952,#9959),.PCURVE_S1.);
#9947 = CIRCLE('',#9948,1.15);
#9948 = AXIS2_PLACEMENT_3D('',#9949,#9950,#9951);
#9949 = CARTESIAN_POINT('',(34.8,34.8,1.6));
#9950 = DIRECTION('',(0.,0.,1.));
#9951 = DIRECTION('',(1.,0.,-0.));
#9952 = PCURVE('',#8564,#9953);
#9953 = DEFINITIONAL_REPRESENTATION('',(#9954),#9958);
#9954 = LINE('',#9955,#9956);
#9955 = CARTESIAN_POINT('',(0.,1.));
#9956 = VECTOR('',#9957,1.);
#9957 = DIRECTION('',(1.,0.));
#9958 = ( GEOMETRIC_REPRESENTATION_CONTEXT(2) 
PARAMETRIC_REPRESENTATION_CONTEXT() REPRESENTATION_CONTEXT('2D SPACE',''
  ) );
#9959 = PCURVE('',#9214,#9960);
#9960 = DEFINITIONAL_REPRESENTATION('',(#9961),#9965);
#9961 = CIRCLE('',#9962,1.15);
#9962 = AXIS2_PLACEMENT_2D('',#9963,#9964);
#9963 = CARTESIAN_POINT('',(0.,0.));
#9964 = DIRECTION('',(1.,0.));
#9965 = ( GEOMETRIC_REPRESENTATION_CONTEXT(2) 
PARAMETRIC_REPRESENTATION_CONTEXT() REPRESENTATION_CONTEXT('2D SPACE',''
  ) );
#9966 = ORIENTED_EDGE('',*,*,#9922,.T.);
#9967 = ADVANCED_FACE('',(#9968),#8599,.F.);
#9968 = FACE_BOUND('',#9969,.F.);
#9969 = EDGE_LOOP('',(#9970,#9971,#9994,#10016));
#9970 = ORIENTED_EDGE('',*,*,#8582,.F.);
#9971 = ORIENTED_EDGE('',*,*,#9972,.F.);
#9972 = EDGE_CURVE('',#9973,#8583,#9975,.T.);
#9973 = VERTEX_POINT('',#9974);
#9974 = CARTESIAN_POINT('',(3.35,2.2,1.6));
#9975 = SEAM_CURVE('',#9976,(#9980,#9987),.PCURVE_S1.);
#9976 = LINE('',#9977,#9978);
#9977 = CARTESIAN_POINT('',(3.35,2.2,0.6));
#9978 = VECTOR('',#9979,1.);
#9979 = DIRECTION('',(0.,0.,1.));
#9980 = PCURVE('',#8599,#9981);
#9981 = DEFINITIONAL_REPRESENTATION('',(#9982),#9986);
#9982 = LINE('',#9983,#9984);
#9983 = CARTESIAN_POINT('',(6.28318530718,-0.));
#9984 = VECTOR('',#9985,1.);
#9985 = DIRECTION('',(0.,1.));
#9986 = ( GEOMETRIC_REPRESENTATION_CONTEXT(2) 
PARAMETRIC_REPRESENTATION_CONTEXT() REPRESENTATION_CONTEXT('2D SPACE',''
  ) );
#9987 = PCURVE('',#8599,#9988);
#9988 = DEFINITIONAL_REPRESENTATION('',(#9989),#9993);
#9989 = LINE('',#9990,#9991);
#9990 = CARTESIAN_POINT('',(0.,-0.));
#9991 = VECTOR('',#9992,1.);
#9992 = DIRECTION('',(0.,1.));
#9993 = ( GEOMETRIC_REPRESENTATION_CONTEXT(2) 
PARAMETRIC_REPRESENTATION_CONTEXT() REPRESENTATION_CONTEXT('2D SPACE',''
  ) );
#9994 = ORIENTED_EDGE('',*,*,#9995,.T.);
#9995 = EDGE_CURVE('',#9973,#9973,#9996,.T.);
#9996 = SURFACE_CURVE('',#9997,(#10002,#10009),.PCURVE_S1.);
#9997 = CIRCLE('',#9998,1.15);
#9998 = AXIS2_PLACEMENT_3D('',#9999,#10000,#10001);
#9999 = CARTESIAN_POINT('',(2.2,2.2,1.6));
#10000 = DIRECTION('',(0.,0.,1.));
#10001 = DIRECTION('',(1.,0.,-0.));
#10002 = PCURVE('',#8599,#10003);
#10003 = DEFINITIONAL_REPRESENTATION('',(#10004),#10008);
#10004 = LINE('',#10005,#10006);
#10005 = CARTESIAN_POINT('',(0.,1.));
#10006 = VECTOR('',#10007,1.);
#10007 = DIRECTION('',(1.,0.));
#10008 = ( GEOMETRIC_REPRESENTATION_CONTEXT(2) 
PARAMETRIC_REPRESENTATION_CONTEXT() REPRESENTATION_CONTEXT('2D SPACE',''
  ) );
#10009 = PCURVE('',#9749,#10010);
#10010 = DEFINITIONAL_REPRESENTATION('',(#10011),#10015);
#10011 = CIRCLE('',#10012,1.15);
#10012 = AXIS2_PLACEMENT_2D('',#10013,#10014);
#10013 = CARTESIAN_POINT('',(0.,0.));
#10014 = DIRECTION('',(1.,0.));
#10015 = ( GEOMETRIC_REPRESENTATION_CONTEXT(2) 
PARAMETRIC_REPRESENTATION_CONTEXT() REPRESENTATION_CONTEXT('2D SPACE',''
  ) );
#10016 = ORIENTED_EDGE('',*,*,#9972,.T.);
#10017 = ADVANCED_FACE('',(#10018),#8634,.F.);
#10018 = FACE_BOUND('',#10019,.F.);
#10019 = EDGE_LOOP('',(#10020,#10021,#10044,#10066));
#10020 = ORIENTED_EDGE('',*,*,#8617,.F.);
#10021 = ORIENTED_EDGE('',*,*,#10022,.F.);
#10022 = EDGE_CURVE('',#10023,#8618,#10025,.T.);
#10023 = VERTEX_POINT('',#10024);
#10024 = CARTESIAN_POINT('',(35.95,2.2,1.6));
#10025 = SEAM_CURVE('',#10026,(#10030,#10037),.PCURVE_S1.);
#10026 = LINE('',#10027,#10028);
#10027 = CARTESIAN_POINT('',(35.95,2.2,0.6));
#10028 = VECTOR('',#10029,1.);
#10029 = DIRECTION('',(0.,0.,1.));
#10030 = PCURVE('',#8634,#10031);
#10031 = DEFINITIONAL_REPRESENTATION('',(#10032),#10036);
#10032 = LINE('',#10033,#10034);
#10033 = CARTESIAN_POINT('',(6.28318530718,-0.));
#10034 = VECTOR('',#10035,1.);
#10035 = DIRECTION('',(0.,1.));
#10036 = ( GEOMETRIC_REPRESENTATION_CONTEXT(2) 
PARAMETRIC_REPRESENTATION_CONTEXT() REPRESENTATION_CONTEXT('2D SPACE',''
  ) );
#10037 = PCURVE('',#8634,#10038);
#10038 = DEFINITIONAL_REPRESENTATION('',(#10039),#10043);
#10039 = LINE('',#10040,#10041);
#10040 = CARTESIAN_POINT('',(0.,-0.));
#10041 = VECTOR('',#10042,1.);
#10042 = DIRECTION('',(0.,1.));
#10043 = ( GEOMETRIC_REPRESENTATION_CONTEXT(2) 
PARAMETRIC_REPRESENTATION_CONTEXT() REPRESENTATION_CONTEXT('2D SPACE',''
  ) );
#10044 = ORIENTED_EDGE('',*,*,#10045,.T.);
#10045 = EDGE_CURVE('',#10023,#10023,#10046,.T.);
#10046 = SURFACE_CURVE('',#10047,(#10052,#10059),.PCURVE_S1.);
#10047 = CIRCLE('',#10048,1.15);
#10048 = AXIS2_PLACEMENT_3D('',#10049,#10050,#10051);
#10049 = CARTESIAN_POINT('',(34.8,2.2,1.6));
#10050 = DIRECTION('',(0.,0.,1.));
#10051 = DIRECTION('',(1.,0.,-0.));
#10052 = PCURVE('',#8634,#10053);
#10053 = DEFINITIONAL_REPRESENTATION('',(#10054),#10058);
#10054 = LINE('',#10055,#10056);
#10055 = CARTESIAN_POINT('',(0.,1.));
#10056 = VECTOR('',#10057,1.);
#10057 = DIRECTION('',(1.,0.));
#10058 = ( GEOMETRIC_REPRESENTATION_CONTEXT(2) 
PARAMETRIC_REPRESENTATION_CONTEXT() REPRESENTATION_CONTEXT('2D SPACE',''
  ) );
#10059 = PCURVE('',#9019,#10060);
#10060 = DEFINITIONAL_REPRESENTATION('',(#10061),#10065);
#10061 = CIRCLE('',#10062,1.15);
#10062 = AXIS2_PLACEMENT_2D('',#10063,#10064);
#10063 = CARTESIAN_POINT('',(0.,0.));
#10064 = DIRECTION('',(1.,0.));
#10065 = ( GEOMETRIC_REPRESENTATION_CONTEXT(2) 
PARAMETRIC_REPRESENTATION_CONTEXT() REPRESENTATION_CONTEXT('2D SPACE',''
  ) );
#10066 = ORIENTED_EDGE('',*,*,#10022,.T.);
#10067 = ADVANCED_FACE('',(#10068),#8945,.F.);
#10068 = FACE_BOUND('',#10069,.F.);
#10069 = EDGE_LOOP('',(#10070,#10071,#10072));
#10070 = ORIENTED_EDGE('',*,*,#9848,.F.);
#10071 = ORIENTED_EDGE('',*,*,#8932,.T.);
#10072 = ORIENTED_EDGE('',*,*,#9034,.F.);
#10073 = ADVANCED_FACE('',(#10074,#10077),#9019,.F.);
#10074 = FACE_BOUND('',#10075,.F.);
#10075 = EDGE_LOOP('',(#10076));
#10076 = ORIENTED_EDGE('',*,*,#9004,.T.);
#10077 = FACE_BOUND('',#10078,.F.);
#10078 = EDGE_LOOP('',(#10079));
#10079 = ORIENTED_EDGE('',*,*,#10045,.F.);
#10080 = ADVANCED_FACE('',(#10081),#9144,.F.);
#10081 = FACE_BOUND('',#10082,.F.);
#10082 = EDGE_LOOP('',(#10083,#10084,#10085));
#10083 = ORIENTED_EDGE('',*,*,#9125,.F.);
#10084 = ORIENTED_EDGE('',*,*,#9297,.T.);
#10085 = ORIENTED_EDGE('',*,*,#9323,.T.);
#10086 = ADVANCED_FACE('',(#10087,#10090),#9214,.F.);
#10087 = FACE_BOUND('',#10088,.F.);
#10088 = EDGE_LOOP('',(#10089));
#10089 = ORIENTED_EDGE('',*,*,#9199,.T.);
#10090 = FACE_BOUND('',#10091,.F.);
#10091 = EDGE_LOOP('',(#10092));
#10092 = ORIENTED_EDGE('',*,*,#9945,.F.);
#10093 = ADVANCED_FACE('',(#10094,#10097),#9503,.F.);
#10094 = FACE_BOUND('',#10095,.F.);
#10095 = EDGE_LOOP('',(#10096));
#10096 = ORIENTED_EDGE('',*,*,#9488,.T.);
#10097 = FACE_BOUND('',#10098,.F.);
#10098 = EDGE_LOOP('',(#10099));
#10099 = ORIENTED_EDGE('',*,*,#9895,.F.);
#10100 = ADVANCED_FACE('',(#10101),#9453,.F.);
#10101 = FACE_BOUND('',#10102,.F.);
#10102 = EDGE_LOOP('',(#10103,#10104,#10105));
#10103 = ORIENTED_EDGE('',*,*,#9436,.F.);
#10104 = ORIENTED_EDGE('',*,*,#9543,.T.);
#10105 = ORIENTED_EDGE('',*,*,#9569,.F.);
#10106 = ADVANCED_FACE('',(#10107,#10110),#9749,.F.);
#10107 = FACE_BOUND('',#10108,.F.);
#10108 = EDGE_LOOP('',(#10109));
#10109 = ORIENTED_EDGE('',*,*,#9734,.T.);
#10110 = FACE_BOUND('',#10111,.F.);
#10111 = EDGE_LOOP('',(#10112));
#10112 = ORIENTED_EDGE('',*,*,#9995,.F.);
#10113 = ADVANCED_FACE('',(#10114),#9699,.F.);
#10114 = FACE_BOUND('',#10115,.F.);
#10115 = EDGE_LOOP('',(#10116,#10117,#10118));
#10116 = ORIENTED_EDGE('',*,*,#9815,.F.);
#10117 = ORIENTED_EDGE('',*,*,#9682,.F.);
#10118 = ORIENTED_EDGE('',*,*,#9789,.F.);
#10119 = ( GEOMETRIC_REPRESENTATION_CONTEXT(3) 
GLOBAL_UNCERTAINTY_ASSIGNED_CONTEXT((#10123)) 
GLOBAL_UNIT_ASSIGNED_CONTEXT((#10120,#10121,#10122)) 
REPRESENTATION_CONTEXT('Context #1',
  '3D Context with UNIT and UNCERTAINTY') );
#10120 = ( LENGTH_UNIT() NAMED_UNIT(*) SI_UNIT(.MILLI.,.METRE.) );
#10121 = ( NAMED_UNIT(*) PLANE_ANGLE_UNIT() SI_UNIT($,.RADIAN.) );
#10122 = ( NAMED_UNIT(*) SI_UNIT($,.STERADIAN.) SOLID_ANGLE_UNIT() );
#10123 = UNCERTAINTY_MEASURE_WITH_UNIT(LENGTH_MEASURE(1.E-07),#10120,
  'distance_accuracy_value','confusion accuracy');
#10124 = CONTEXT_DEPENDENT_SHAPE_REPRESENTATION(#10125,#10127);
#10125 = ( REPRESENTATION_RELATIONSHIP('','',#5978,#10) 
REPRESENTATION_RELATIONSHIP_WITH_TRANSFORMATION(#10126) 
SHAPE_REPRESENTATION_RELATIONSHIP() );
#10126 = ITEM_DEFINED_TRANSFORMATION('','',#11,#19);
#10127 = PRODUCT_DEFINITION_SHAPE('Placement','Placement of an item',
  #10128);
#10128 = NEXT_ASSEMBLY_USAGE_OCCURRENCE('18','wsc_cam_case_lid','',#5,
  #5973,$);
#10129 = PRODUCT_RELATED_PRODUCT_CATEGORY('part',$,(#5975));
#10130 = SHAPE_DEFINITION_REPRESENTATION(#10131,#10137);
#10131 = PRODUCT_DEFINITION_SHAPE('','',#10132);
#10132 = PRODUCT_DEFINITION('design','',#10133,#10136);
#10133 = PRODUCT_DEFINITION_FORMATION('','',#10134);
#10134 = PRODUCT('waveshare_esp32s3_cam_gc0308_board',
  'waveshare_esp32s3_cam_gc0308_board','',(#10135));
#10135 = PRODUCT_CONTEXT('',#2,'mechanical');
#10136 = PRODUCT_DEFINITION_CONTEXT('part definition',#2,'design');
#10137 = ADVANCED_BREP_SHAPE_REPRESENTATION('',(#11,#10138),#12340);
#10138 = MANIFOLD_SOLID_BREP('',#10139);
#10139 = CLOSED_SHELL('',(#10140,#10288,#10364,#10458,#11029,#11084,
    #11470,#11546,#11617,#11644,#11671,#11678,#11705,#11732,#11759,
    #11835,#11954,#11979,#12004,#12029,#12054,#12061,#12108,#12135,
    #12162,#12189,#12216,#12265,#12292,#12299,#12326,#12333));
#10140 = ADVANCED_FACE('',(#10141),#10155,.F.);
#10141 = FACE_BOUND('',#10142,.F.);
#10142 = EDGE_LOOP('',(#10143,#10178,#10206,#10234,#10262));
#10143 = ORIENTED_EDGE('',*,*,#10144,.T.);
#10144 = EDGE_CURVE('',#10145,#10147,#10149,.T.);
#10145 = VERTEX_POINT('',#10146);
#10146 = CARTESIAN_POINT('',(14.,-1.3,0.));
#10147 = VERTEX_POINT('',#10148);
#10148 = CARTESIAN_POINT('',(14.,-1.3,-3.3));
#10149 = SURFACE_CURVE('',#10150,(#10154,#10166),.PCURVE_S1.);
#10150 = LINE('',#10151,#10152);
#10151 = CARTESIAN_POINT('',(14.,-1.3,0.));
#10152 = VECTOR('',#10153,1.);
#10153 = DIRECTION('',(-0.,-0.,-1.));
#10154 = PCURVE('',#10155,#10160);
#10155 = PLANE('',#10156);
#10156 = AXIS2_PLACEMENT_3D('',#10157,#10158,#10159);
#10157 = CARTESIAN_POINT('',(14.,-1.3,0.));
#10158 = DIRECTION('',(1.,0.,0.));
#10159 = DIRECTION('',(-0.,1.,0.));
#10160 = DEFINITIONAL_REPRESENTATION('',(#10161),#10165);
#10161 = LINE('',#10162,#10163);
#10162 = CARTESIAN_POINT('',(0.,0.));
#10163 = VECTOR('',#10164,1.);
#10164 = DIRECTION('',(0.,-1.));
#10165 = ( GEOMETRIC_REPRESENTATION_CONTEXT(2) 
PARAMETRIC_REPRESENTATION_CONTEXT() REPRESENTATION_CONTEXT('2D SPACE',''
  ) );
#10166 = PCURVE('',#10167,#10172);
#10167 = PLANE('',#10168);
#10168 = AXIS2_PLACEMENT_3D('',#10169,#10170,#10171);
#10169 = CARTESIAN_POINT('',(14.,-1.3,0.));
#10170 = DIRECTION('',(0.,-1.,0.));
#10171 = DIRECTION('',(1.,0.,0.));
#10172 = DEFINITIONAL_REPRESENTATION('',(#10173),#10177);
#10173 = LINE('',#10174,#10175);
#10174 = CARTESIAN_POINT('',(0.,0.));
#10175 = VECTOR('',#10176,1.);
#10176 = DIRECTION('',(0.,-1.));
#10177 = ( GEOMETRIC_REPRESENTATION_CONTEXT(2) 
PARAMETRIC_REPRESENTATION_CONTEXT() REPRESENTATION_CONTEXT('2D SPACE',''
  ) );
#10178 = ORIENTED_EDGE('',*,*,#10179,.T.);
#10179 = EDGE_CURVE('',#10147,#10180,#10182,.T.);
#10180 = VERTEX_POINT('',#10181);
#10181 = CARTESIAN_POINT('',(14.,6.05,-3.3));
#10182 = SURFACE_CURVE('',#10183,(#10187,#10194),.PCURVE_S1.);
#10183 = LINE('',#10184,#10185);
#10184 = CARTESIAN_POINT('',(14.,2.375,-3.3));
#10185 = VECTOR('',#10186,1.);
#10186 = DIRECTION('',(0.,1.,0.));
#10187 = PCURVE('',#10155,#10188);
#10188 = DEFINITIONAL_REPRESENTATION('',(#10189),#10193);
#10189 = LINE('',#10190,#10191);
#10190 = CARTESIAN_POINT('',(3.675,-3.3));
#10191 = VECTOR('',#10192,1.);
#10192 = DIRECTION('',(1.,0.));
#10193 = ( GEOMETRIC_REPRESENTATION_CONTEXT(2) 
PARAMETRIC_REPRESENTATION_CONTEXT() REPRESENTATION_CONTEXT('2D SPACE',''
  ) );
#10194 = PCURVE('',#10195,#10200);
#10195 = PLANE('',#10196);
#10196 = AXIS2_PLACEMENT_3D('',#10197,#10198,#10199);
#10197 = CARTESIAN_POINT('',(18.5,2.375,-3.3));
#10198 = DIRECTION('',(0.,0.,1.));
#10199 = DIRECTION('',(1.,0.,0.));
#10200 = DEFINITIONAL_REPRESENTATION('',(#10201),#10205);
#10201 = LINE('',#10202,#10203);
#10202 = CARTESIAN_POINT('',(-4.5,0.));
#10203 = VECTOR('',#10204,1.);
#10204 = DIRECTION('',(0.,1.));
#10205 = ( GEOMETRIC_REPRESENTATION_CONTEXT(2) 
PARAMETRIC_REPRESENTATION_CONTEXT() REPRESENTATION_CONTEXT('2D SPACE',''
  ) );
#10206 = ORIENTED_EDGE('',*,*,#10207,.F.);
#10207 = EDGE_CURVE('',#10208,#10180,#10210,.T.);
#10208 = VERTEX_POINT('',#10209);
#10209 = CARTESIAN_POINT('',(14.,6.05,0.));
#10210 = SURFACE_CURVE('',#10211,(#10215,#10222),.PCURVE_S1.);
#10211 = LINE('',#10212,#10213);
#10212 = CARTESIAN_POINT('',(14.,6.05,0.));
#10213 = VECTOR('',#10214,1.);
#10214 = DIRECTION('',(-0.,-0.,-1.));
#10215 = PCURVE('',#10155,#10216);
#10216 = DEFINITIONAL_REPRESENTATION('',(#10217),#10221);
#10217 = LINE('',#10218,#10219);
#10218 = CARTESIAN_POINT('',(7.35,0.));
#10219 = VECTOR('',#10220,1.);
#10220 = DIRECTION('',(0.,-1.));
#10221 = ( GEOMETRIC_REPRESENTATION_CONTEXT(2) 
PARAMETRIC_REPRESENTATION_CONTEXT() REPRESENTATION_CONTEXT('2D SPACE',''
  ) );
#10222 = PCURVE('',#10223,#10228);
#10223 = PLANE('',#10224);
#10224 = AXIS2_PLACEMENT_3D('',#10225,#10226,#10227);
#10225 = CARTESIAN_POINT('',(14.,6.05,0.));
#10226 = DIRECTION('',(0.,-1.,0.));
#10227 = DIRECTION('',(1.,0.,0.));
#10228 = DEFINITIONAL_REPRESENTATION('',(#10229),#10233);
#10229 = LINE('',#10230,#10231);
#10230 = CARTESIAN_POINT('',(0.,0.));
#10231 = VECTOR('',#10232,1.);
#10232 = DIRECTION('',(0.,-1.));
#10233 = ( GEOMETRIC_REPRESENTATION_CONTEXT(2) 
PARAMETRIC_REPRESENTATION_CONTEXT() REPRESENTATION_CONTEXT('2D SPACE',''
  ) );
#10234 = ORIENTED_EDGE('',*,*,#10235,.F.);
#10235 = EDGE_CURVE('',#10236,#10208,#10238,.T.);
#10236 = VERTEX_POINT('',#10237);
#10237 = CARTESIAN_POINT('',(14.,4.121147867409E-13,0.));
#10238 = SURFACE_CURVE('',#10239,(#10243,#10250),.PCURVE_S1.);
#10239 = LINE('',#10240,#10241);
#10240 = CARTESIAN_POINT('',(14.,2.375,0.));
#10241 = VECTOR('',#10242,1.);
#10242 = DIRECTION('',(0.,1.,0.));
#10243 = PCURVE('',#10155,#10244);
#10244 = DEFINITIONAL_REPRESENTATION('',(#10245),#10249);
#10245 = LINE('',#10246,#10247);
#10246 = CARTESIAN_POINT('',(3.675,0.));
#10247 = VECTOR('',#10248,1.);
#10248 = DIRECTION('',(1.,0.));
#10249 = ( GEOMETRIC_REPRESENTATION_CONTEXT(2) 
PARAMETRIC_REPRESENTATION_CONTEXT() REPRESENTATION_CONTEXT('2D SPACE',''
  ) );
#10250 = PCURVE('',#10251,#10256);
#10251 = PLANE('',#10252);
#10252 = AXIS2_PLACEMENT_3D('',#10253,#10254,#10255);
#10253 = CARTESIAN_POINT('',(18.499999999486,18.499999999454,0.));
#10254 = DIRECTION('',(0.,0.,1.));
#10255 = DIRECTION('',(1.,0.,0.));
#10256 = DEFINITIONAL_REPRESENTATION('',(#10257),#10261);
#10257 = LINE('',#10258,#10259);
#10258 = CARTESIAN_POINT('',(-4.499999999486,-16.12499999945));
#10259 = VECTOR('',#10260,1.);
#10260 = DIRECTION('',(0.,1.));
#10261 = ( GEOMETRIC_REPRESENTATION_CONTEXT(2) 
PARAMETRIC_REPRESENTATION_CONTEXT() REPRESENTATION_CONTEXT('2D SPACE',''
  ) );
#10262 = ORIENTED_EDGE('',*,*,#10263,.F.);
#10263 = EDGE_CURVE('',#10145,#10236,#10264,.T.);
#10264 = SURFACE_CURVE('',#10265,(#10269,#10276),.PCURVE_S1.);
#10265 = LINE('',#10266,#10267);
#10266 = CARTESIAN_POINT('',(14.,2.375,0.));
#10267 = VECTOR('',#10268,1.);
#10268 = DIRECTION('',(0.,1.,0.));
#10269 = PCURVE('',#10155,#10270);
#10270 = DEFINITIONAL_REPRESENTATION('',(#10271),#10275);
#10271 = LINE('',#10272,#10273);
#10272 = CARTESIAN_POINT('',(3.675,0.));
#10273 = VECTOR('',#10274,1.);
#10274 = DIRECTION('',(1.,0.));
#10275 = ( GEOMETRIC_REPRESENTATION_CONTEXT(2) 
PARAMETRIC_REPRESENTATION_CONTEXT() REPRESENTATION_CONTEXT('2D SPACE',''
  ) );
#10276 = PCURVE('',#10277,#10282);
#10277 = PLANE('',#10278);
#10278 = AXIS2_PLACEMENT_3D('',#10279,#10280,#10281);
#10279 = CARTESIAN_POINT('',(18.5,2.375,0.));
#10280 = DIRECTION('',(0.,0.,1.));
#10281 = DIRECTION('',(1.,0.,0.));
#10282 = DEFINITIONAL_REPRESENTATION('',(#10283),#10287);
#10283 = LINE('',#10284,#10285);
#10284 = CARTESIAN_POINT('',(-4.5,0.));
#10285 = VECTOR('',#10286,1.);
#10286 = DIRECTION('',(0.,1.));
#10287 = ( GEOMETRIC_REPRESENTATION_CONTEXT(2) 
PARAMETRIC_REPRESENTATION_CONTEXT() REPRESENTATION_CONTEXT('2D SPACE',''
  ) );
#10288 = ADVANCED_FACE('',(#10289),#10195,.F.);
#10289 = FACE_BOUND('',#10290,.F.);
#10290 = EDGE_LOOP('',(#10291,#10292,#10315,#10343));
#10291 = ORIENTED_EDGE('',*,*,#10179,.F.);
#10292 = ORIENTED_EDGE('',*,*,#10293,.T.);
#10293 = EDGE_CURVE('',#10147,#10294,#10296,.T.);
#10294 = VERTEX_POINT('',#10295);
#10295 = CARTESIAN_POINT('',(23.,-1.3,-3.3));
#10296 = SURFACE_CURVE('',#10297,(#10301,#10308),.PCURVE_S1.);
#10297 = LINE('',#10298,#10299);
#10298 = CARTESIAN_POINT('',(18.5,-1.3,-3.3));
#10299 = VECTOR('',#10300,1.);
#10300 = DIRECTION('',(1.,0.,0.));
#10301 = PCURVE('',#10195,#10302);
#10302 = DEFINITIONAL_REPRESENTATION('',(#10303),#10307);
#10303 = LINE('',#10304,#10305);
#10304 = CARTESIAN_POINT('',(0.,-3.675));
#10305 = VECTOR('',#10306,1.);
#10306 = DIRECTION('',(1.,0.));
#10307 = ( GEOMETRIC_REPRESENTATION_CONTEXT(2) 
PARAMETRIC_REPRESENTATION_CONTEXT() REPRESENTATION_CONTEXT('2D SPACE',''
  ) );
#10308 = PCURVE('',#10167,#10309);
#10309 = DEFINITIONAL_REPRESENTATION('',(#10310),#10314);
#10310 = LINE('',#10311,#10312);
#10311 = CARTESIAN_POINT('',(4.5,-3.3));
#10312 = VECTOR('',#10313,1.);
#10313 = DIRECTION('',(1.,0.));
#10314 = ( GEOMETRIC_REPRESENTATION_CONTEXT(2) 
PARAMETRIC_REPRESENTATION_CONTEXT() REPRESENTATION_CONTEXT('2D SPACE',''
  ) );
#10315 = ORIENTED_EDGE('',*,*,#10316,.T.);
#10316 = EDGE_CURVE('',#10294,#10317,#10319,.T.);
#10317 = VERTEX_POINT('',#10318);
#10318 = CARTESIAN_POINT('',(23.,6.05,-3.3));
#10319 = SURFACE_CURVE('',#10320,(#10324,#10331),.PCURVE_S1.);
#10320 = LINE('',#10321,#10322);
#10321 = CARTESIAN_POINT('',(23.,2.375,-3.3));
#10322 = VECTOR('',#10323,1.);
#10323 = DIRECTION('',(0.,1.,0.));
#10324 = PCURVE('',#10195,#10325);
#10325 = DEFINITIONAL_REPRESENTATION('',(#10326),#10330);
#10326 = LINE('',#10327,#10328);
#10327 = CARTESIAN_POINT('',(4.5,0.));
#10328 = VECTOR('',#10329,1.);
#10329 = DIRECTION('',(0.,1.));
#10330 = ( GEOMETRIC_REPRESENTATION_CONTEXT(2) 
PARAMETRIC_REPRESENTATION_CONTEXT() REPRESENTATION_CONTEXT('2D SPACE',''
  ) );
#10331 = PCURVE('',#10332,#10337);
#10332 = PLANE('',#10333);
#10333 = AXIS2_PLACEMENT_3D('',#10334,#10335,#10336);
#10334 = CARTESIAN_POINT('',(23.,-1.3,0.));
#10335 = DIRECTION('',(1.,0.,0.));
#10336 = DIRECTION('',(-0.,1.,0.));
#10337 = DEFINITIONAL_REPRESENTATION('',(#10338),#10342);
#10338 = LINE('',#10339,#10340);
#10339 = CARTESIAN_POINT('',(3.675,-3.3));
#10340 = VECTOR('',#10341,1.);
#10341 = DIRECTION('',(1.,0.));
#10342 = ( GEOMETRIC_REPRESENTATION_CONTEXT(2) 
PARAMETRIC_REPRESENTATION_CONTEXT() REPRESENTATION_CONTEXT('2D SPACE',''
  ) );
#10343 = ORIENTED_EDGE('',*,*,#10344,.F.);
#10344 = EDGE_CURVE('',#10180,#10317,#10345,.T.);
#10345 = SURFACE_CURVE('',#10346,(#10350,#10357),.PCURVE_S1.);
#10346 = LINE('',#10347,#10348);
#10347 = CARTESIAN_POINT('',(18.5,6.05,-3.3));
#10348 = VECTOR('',#10349,1.);
#10349 = DIRECTION('',(1.,0.,0.));
#10350 = PCURVE('',#10195,#10351);
#10351 = DEFINITIONAL_REPRESENTATION('',(#10352),#10356);
#10352 = LINE('',#10353,#10354);
#10353 = CARTESIAN_POINT('',(0.,3.675));
#10354 = VECTOR('',#10355,1.);
#10355 = DIRECTION('',(1.,0.));
#10356 = ( GEOMETRIC_REPRESENTATION_CONTEXT(2) 
PARAMETRIC_REPRESENTATION_CONTEXT() REPRESENTATION_CONTEXT('2D SPACE',''
  ) );
#10357 = PCURVE('',#10223,#10358);
#10358 = DEFINITIONAL_REPRESENTATION('',(#10359),#10363);
#10359 = LINE('',#10360,#10361);
#10360 = CARTESIAN_POINT('',(4.5,-3.3));
#10361 = VECTOR('',#10362,1.);
#10362 = DIRECTION('',(1.,0.));
#10363 = ( GEOMETRIC_REPRESENTATION_CONTEXT(2) 
PARAMETRIC_REPRESENTATION_CONTEXT() REPRESENTATION_CONTEXT('2D SPACE',''
  ) );
#10364 = ADVANCED_FACE('',(#10365),#10332,.T.);
#10365 = FACE_BOUND('',#10366,.T.);
#10366 = EDGE_LOOP('',(#10367,#10390,#10391,#10414,#10437));
#10367 = ORIENTED_EDGE('',*,*,#10368,.T.);
#10368 = EDGE_CURVE('',#10369,#10294,#10371,.T.);
#10369 = VERTEX_POINT('',#10370);
#10370 = CARTESIAN_POINT('',(23.,-1.3,0.));
#10371 = SURFACE_CURVE('',#10372,(#10376,#10383),.PCURVE_S1.);
#10372 = LINE('',#10373,#10374);
#10373 = CARTESIAN_POINT('',(23.,-1.3,0.));
#10374 = VECTOR('',#10375,1.);
#10375 = DIRECTION('',(-0.,-0.,-1.));
#10376 = PCURVE('',#10332,#10377);
#10377 = DEFINITIONAL_REPRESENTATION('',(#10378),#10382);
#10378 = LINE('',#10379,#10380);
#10379 = CARTESIAN_POINT('',(0.,0.));
#10380 = VECTOR('',#10381,1.);
#10381 = DIRECTION('',(0.,-1.));
#10382 = ( GEOMETRIC_REPRESENTATION_CONTEXT(2) 
PARAMETRIC_REPRESENTATION_CONTEXT() REPRESENTATION_CONTEXT('2D SPACE',''
  ) );
#10383 = PCURVE('',#10167,#10384);
#10384 = DEFINITIONAL_REPRESENTATION('',(#10385),#10389);
#10385 = LINE('',#10386,#10387);
#10386 = CARTESIAN_POINT('',(9.,0.));
#10387 = VECTOR('',#10388,1.);
#10388 = DIRECTION('',(0.,-1.));
#10389 = ( GEOMETRIC_REPRESENTATION_CONTEXT(2) 
PARAMETRIC_REPRESENTATION_CONTEXT() REPRESENTATION_CONTEXT('2D SPACE',''
  ) );
#10390 = ORIENTED_EDGE('',*,*,#10316,.T.);
#10391 = ORIENTED_EDGE('',*,*,#10392,.F.);
#10392 = EDGE_CURVE('',#10393,#10317,#10395,.T.);
#10393 = VERTEX_POINT('',#10394);
#10394 = CARTESIAN_POINT('',(23.,6.05,0.));
#10395 = SURFACE_CURVE('',#10396,(#10400,#10407),.PCURVE_S1.);
#10396 = LINE('',#10397,#10398);
#10397 = CARTESIAN_POINT('',(23.,6.05,0.));
#10398 = VECTOR('',#10399,1.);
#10399 = DIRECTION('',(-0.,-0.,-1.));
#10400 = PCURVE('',#10332,#10401);
#10401 = DEFINITIONAL_REPRESENTATION('',(#10402),#10406);
#10402 = LINE('',#10403,#10404);
#10403 = CARTESIAN_POINT('',(7.35,0.));
#10404 = VECTOR('',#10405,1.);
#10405 = DIRECTION('',(0.,-1.));
#10406 = ( GEOMETRIC_REPRESENTATION_CONTEXT(2) 
PARAMETRIC_REPRESENTATION_CONTEXT() REPRESENTATION_CONTEXT('2D SPACE',''
  ) );
#10407 = PCURVE('',#10223,#10408);
#10408 = DEFINITIONAL_REPRESENTATION('',(#10409),#10413);
#10409 = LINE('',#10410,#10411);
#10410 = CARTESIAN_POINT('',(9.,0.));
#10411 = VECTOR('',#10412,1.);
#10412 = DIRECTION('',(0.,-1.));
#10413 = ( GEOMETRIC_REPRESENTATION_CONTEXT(2) 
PARAMETRIC_REPRESENTATION_CONTEXT() REPRESENTATION_CONTEXT('2D SPACE',''
  ) );
#10414 = ORIENTED_EDGE('',*,*,#10415,.F.);
#10415 = EDGE_CURVE('',#10416,#10393,#10418,.T.);
#10416 = VERTEX_POINT('',#10417);
#10417 = CARTESIAN_POINT('',(23.,4.121147867409E-13,0.));
#10418 = SURFACE_CURVE('',#10419,(#10423,#10430),.PCURVE_S1.);
#10419 = LINE('',#10420,#10421);
#10420 = CARTESIAN_POINT('',(23.,2.375,0.));
#10421 = VECTOR('',#10422,1.);
#10422 = DIRECTION('',(0.,1.,0.));
#10423 = PCURVE('',#10332,#10424);
#10424 = DEFINITIONAL_REPRESENTATION('',(#10425),#10429);
#10425 = LINE('',#10426,#10427);
#10426 = CARTESIAN_POINT('',(3.675,0.));
#10427 = VECTOR('',#10428,1.);
#10428 = DIRECTION('',(1.,0.));
#10429 = ( GEOMETRIC_REPRESENTATION_CONTEXT(2) 
PARAMETRIC_REPRESENTATION_CONTEXT() REPRESENTATION_CONTEXT('2D SPACE',''
  ) );
#10430 = PCURVE('',#10251,#10431);
#10431 = DEFINITIONAL_REPRESENTATION('',(#10432),#10436);
#10432 = LINE('',#10433,#10434);
#10433 = CARTESIAN_POINT('',(4.500000000514,-16.12499999945));
#10434 = VECTOR('',#10435,1.);
#10435 = DIRECTION('',(0.,1.));
#10436 = ( GEOMETRIC_REPRESENTATION_CONTEXT(2) 
PARAMETRIC_REPRESENTATION_CONTEXT() REPRESENTATION_CONTEXT('2D SPACE',''
  ) );
#10437 = ORIENTED_EDGE('',*,*,#10438,.F.);
#10438 = EDGE_CURVE('',#10369,#10416,#10439,.T.);
#10439 = SURFACE_CURVE('',#10440,(#10444,#10451),.PCURVE_S1.);
#10440 = LINE('',#10441,#10442);
#10441 = CARTESIAN_POINT('',(23.,2.375,0.));
#10442 = VECTOR('',#10443,1.);
#10443 = DIRECTION('',(0.,1.,0.));
#10444 = PCURVE('',#10332,#10445);
#10445 = DEFINITIONAL_REPRESENTATION('',(#10446),#10450);
#10446 = LINE('',#10447,#10448);
#10447 = CARTESIAN_POINT('',(3.675,0.));
#10448 = VECTOR('',#10449,1.);
#10449 = DIRECTION('',(1.,0.));
#10450 = ( GEOMETRIC_REPRESENTATION_CONTEXT(2) 
PARAMETRIC_REPRESENTATION_CONTEXT() REPRESENTATION_CONTEXT('2D SPACE',''
  ) );
#10451 = PCURVE('',#10277,#10452);
#10452 = DEFINITIONAL_REPRESENTATION('',(#10453),#10457);
#10453 = LINE('',#10454,#10455);
#10454 = CARTESIAN_POINT('',(4.5,0.));
#10455 = VECTOR('',#10456,1.);
#10456 = DIRECTION('',(0.,1.));
#10457 = ( GEOMETRIC_REPRESENTATION_CONTEXT(2) 
PARAMETRIC_REPRESENTATION_CONTEXT() REPRESENTATION_CONTEXT('2D SPACE',''
  ) );
#10458 = ADVANCED_FACE('',(#10459,#10733,#10905,#10936,#10967,#10998),
  #10251,.F.);
#10459 = FACE_BOUND('',#10460,.F.);
#10460 = EDGE_LOOP('',(#10461,#10491,#10520,#10546,#10547,#10568,#10569,
    #10592,#10621,#10649,#10678,#10706));
#10461 = ORIENTED_EDGE('',*,*,#10462,.F.);
#10462 = EDGE_CURVE('',#10463,#10465,#10467,.T.);
#10463 = VERTEX_POINT('',#10464);
#10464 = CARTESIAN_POINT('',(0.,2.25,0.));
#10465 = VERTEX_POINT('',#10466);
#10466 = CARTESIAN_POINT('',(0.,34.749999996251,0.));
#10467 = SURFACE_CURVE('',#10468,(#10472,#10479),.PCURVE_S1.);
#10468 = LINE('',#10469,#10470);
#10469 = CARTESIAN_POINT('',(0.,2.25,0.));
#10470 = VECTOR('',#10471,1.);
#10471 = DIRECTION('',(0.,1.,0.));
#10472 = PCURVE('',#10251,#10473);
#10473 = DEFINITIONAL_REPRESENTATION('',(#10474),#10478);
#10474 = LINE('',#10475,#10476);
#10475 = CARTESIAN_POINT('',(-18.49999999948,-16.24999999945));
#10476 = VECTOR('',#10477,1.);
#10477 = DIRECTION('',(0.,1.));
#10478 = ( GEOMETRIC_REPRESENTATION_CONTEXT(2) 
PARAMETRIC_REPRESENTATION_CONTEXT() REPRESENTATION_CONTEXT('2D SPACE',''
  ) );
#10479 = PCURVE('',#10480,#10485);
#10480 = PLANE('',#10481);
#10481 = AXIS2_PLACEMENT_3D('',#10482,#10483,#10484);
#10482 = CARTESIAN_POINT('',(0.,2.25,0.));
#10483 = DIRECTION('',(-1.,0.,0.));
#10484 = DIRECTION('',(0.,1.,0.));
#10485 = DEFINITIONAL_REPRESENTATION('',(#10486),#10490);
#10486 = LINE('',#10487,#10488);
#10487 = CARTESIAN_POINT('',(0.,0.));
#10488 = VECTOR('',#10489,1.);
#10489 = DIRECTION('',(1.,0.));
#10490 = ( GEOMETRIC_REPRESENTATION_CONTEXT(2) 
PARAMETRIC_REPRESENTATION_CONTEXT() REPRESENTATION_CONTEXT('2D SPACE',''
  ) );
#10491 = ORIENTED_EDGE('',*,*,#10492,.T.);
#10492 = EDGE_CURVE('',#10463,#10493,#10495,.T.);
#10493 = VERTEX_POINT('',#10494);
#10494 = CARTESIAN_POINT('',(2.25,0.,0.));
#10495 = SURFACE_CURVE('',#10496,(#10501,#10508),.PCURVE_S1.);
#10496 = CIRCLE('',#10497,2.25);
#10497 = AXIS2_PLACEMENT_3D('',#10498,#10499,#10500);
#10498 = CARTESIAN_POINT('',(2.25,2.25,0.));
#10499 = DIRECTION('',(0.,0.,1.));
#10500 = DIRECTION('',(1.,0.,0.));
#10501 = PCURVE('',#10251,#10502);
#10502 = DEFINITIONAL_REPRESENTATION('',(#10503),#10507);
#10503 = CIRCLE('',#10504,2.25);
#10504 = AXIS2_PLACEMENT_2D('',#10505,#10506);
#10505 = CARTESIAN_POINT('',(-16.24999999948,-16.24999999945));
#10506 = DIRECTION('',(1.,0.));
#10507 = ( GEOMETRIC_REPRESENTATION_CONTEXT(2) 
PARAMETRIC_REPRESENTATION_CONTEXT() REPRESENTATION_CONTEXT('2D SPACE',''
  ) );
#10508 = PCURVE('',#10509,#10514);
#10509 = CYLINDRICAL_SURFACE('',#10510,2.25);
#10510 = AXIS2_PLACEMENT_3D('',#10511,#10512,#10513);
#10511 = CARTESIAN_POINT('',(2.25,2.25,0.));
#10512 = DIRECTION('',(-0.,-0.,-1.));
#10513 = DIRECTION('',(1.,0.,0.));
#10514 = DEFINITIONAL_REPRESENTATION('',(#10515),#10519);
#10515 = LINE('',#10516,#10517);
#10516 = CARTESIAN_POINT('',(-0.,0.));
#10517 = VECTOR('',#10518,1.);
#10518 = DIRECTION('',(-1.,0.));
#10519 = ( GEOMETRIC_REPRESENTATION_CONTEXT(2) 
PARAMETRIC_REPRESENTATION_CONTEXT() REPRESENTATION_CONTEXT('2D SPACE',''
  ) );
#10520 = ORIENTED_EDGE('',*,*,#10521,.F.);
#10521 = EDGE_CURVE('',#10236,#10493,#10522,.T.);
#10522 = SURFACE_CURVE('',#10523,(#10527,#10534),.PCURVE_S1.);
#10523 = LINE('',#10524,#10525);
#10524 = CARTESIAN_POINT('',(14.,4.121147867409E-13,0.));
#10525 = VECTOR('',#10526,1.);
#10526 = DIRECTION('',(-1.,-3.507359887156E-14,0.));
#10527 = PCURVE('',#10251,#10528);
#10528 = DEFINITIONAL_REPRESENTATION('',(#10529),#10533);
#10529 = LINE('',#10530,#10531);
#10530 = CARTESIAN_POINT('',(-4.499999999486,-18.49999999945));
#10531 = VECTOR('',#10532,1.);
#10532 = DIRECTION('',(-1.,-3.507359887156E-14));
#10533 = ( GEOMETRIC_REPRESENTATION_CONTEXT(2) 
PARAMETRIC_REPRESENTATION_CONTEXT() REPRESENTATION_CONTEXT('2D SPACE',''
  ) );
#10534 = PCURVE('',#10535,#10540);
#10535 = PLANE('',#10536);
#10536 = AXIS2_PLACEMENT_3D('',#10537,#10538,#10539);
#10537 = CARTESIAN_POINT('',(2.25,4.121147867409E-13,0.));
#10538 = DIRECTION('',(0.,1.,0.));
#10539 = DIRECTION('',(1.,0.,0.));
#10540 = DEFINITIONAL_REPRESENTATION('',(#10541),#10545);
#10541 = LINE('',#10542,#10543);
#10542 = CARTESIAN_POINT('',(11.75,0.));
#10543 = VECTOR('',#10544,1.);
#10544 = DIRECTION('',(-1.,0.));
#10545 = ( GEOMETRIC_REPRESENTATION_CONTEXT(2) 
PARAMETRIC_REPRESENTATION_CONTEXT() REPRESENTATION_CONTEXT('2D SPACE',''
  ) );
#10546 = ORIENTED_EDGE('',*,*,#10235,.T.);
#10547 = ORIENTED_EDGE('',*,*,#10548,.T.);
#10548 = EDGE_CURVE('',#10208,#10393,#10549,.T.);
#10549 = SURFACE_CURVE('',#10550,(#10554,#10561),.PCURVE_S1.);
#10550 = LINE('',#10551,#10552);
#10551 = CARTESIAN_POINT('',(18.5,6.05,0.));
#10552 = VECTOR('',#10553,1.);
#10553 = DIRECTION('',(1.,0.,0.));
#10554 = PCURVE('',#10251,#10555);
#10555 = DEFINITIONAL_REPRESENTATION('',(#10556),#10560);
#10556 = LINE('',#10557,#10558);
#10557 = CARTESIAN_POINT('',(5.142624104337E-10,-12.44999999945));
#10558 = VECTOR('',#10559,1.);
#10559 = DIRECTION('',(1.,0.));
#10560 = ( GEOMETRIC_REPRESENTATION_CONTEXT(2) 
PARAMETRIC_REPRESENTATION_CONTEXT() REPRESENTATION_CONTEXT('2D SPACE',''
  ) );
#10561 = PCURVE('',#10223,#10562);
#10562 = DEFINITIONAL_REPRESENTATION('',(#10563),#10567);
#10563 = LINE('',#10564,#10565);
#10564 = CARTESIAN_POINT('',(4.5,0.));
#10565 = VECTOR('',#10566,1.);
#10566 = DIRECTION('',(1.,0.));
#10567 = ( GEOMETRIC_REPRESENTATION_CONTEXT(2) 
PARAMETRIC_REPRESENTATION_CONTEXT() REPRESENTATION_CONTEXT('2D SPACE',''
  ) );
#10568 = ORIENTED_EDGE('',*,*,#10415,.F.);
#10569 = ORIENTED_EDGE('',*,*,#10570,.F.);
#10570 = EDGE_CURVE('',#10571,#10416,#10573,.T.);
#10571 = VERTEX_POINT('',#10572);
#10572 = CARTESIAN_POINT('',(34.749999996251,4.121147867409E-13,0.));
#10573 = SURFACE_CURVE('',#10574,(#10578,#10585),.PCURVE_S1.);
#10574 = LINE('',#10575,#10576);
#10575 = CARTESIAN_POINT('',(34.749999996251,4.121147867409E-13,0.));
#10576 = VECTOR('',#10577,1.);
#10577 = DIRECTION('',(-1.,0.,0.));
#10578 = PCURVE('',#10251,#10579);
#10579 = DEFINITIONAL_REPRESENTATION('',(#10580),#10584);
#10580 = LINE('',#10581,#10582);
#10581 = CARTESIAN_POINT('',(16.249999996765,-18.49999999945));
#10582 = VECTOR('',#10583,1.);
#10583 = DIRECTION('',(-1.,0.));
#10584 = ( GEOMETRIC_REPRESENTATION_CONTEXT(2) 
PARAMETRIC_REPRESENTATION_CONTEXT() REPRESENTATION_CONTEXT('2D SPACE',''
  ) );
#10585 = PCURVE('',#10535,#10586);
#10586 = DEFINITIONAL_REPRESENTATION('',(#10587),#10591);
#10587 = LINE('',#10588,#10589);
#10588 = CARTESIAN_POINT('',(32.499999996251,0.));
#10589 = VECTOR('',#10590,1.);
#10590 = DIRECTION('',(-1.,0.));
#10591 = ( GEOMETRIC_REPRESENTATION_CONTEXT(2) 
PARAMETRIC_REPRESENTATION_CONTEXT() REPRESENTATION_CONTEXT('2D SPACE',''
  ) );
#10592 = ORIENTED_EDGE('',*,*,#10593,.T.);
#10593 = EDGE_CURVE('',#10571,#10594,#10596,.T.);
#10594 = VERTEX_POINT('',#10595);
#10595 = CARTESIAN_POINT('',(36.999999998125,2.25,0.));
#10596 = SURFACE_CURVE('',#10597,(#10602,#10609),.PCURVE_S1.);
#10597 = CIRCLE('',#10598,2.25);
#10598 = AXIS2_PLACEMENT_3D('',#10599,#10600,#10601);
#10599 = CARTESIAN_POINT('',(34.749999996251,2.25,0.));
#10600 = DIRECTION('',(0.,0.,1.));
#10601 = DIRECTION('',(1.,0.,0.));
#10602 = PCURVE('',#10251,#10603);
#10603 = DEFINITIONAL_REPRESENTATION('',(#10604),#10608);
#10604 = CIRCLE('',#10605,2.25);
#10605 = AXIS2_PLACEMENT_2D('',#10606,#10607);
#10606 = CARTESIAN_POINT('',(16.249999996765,-16.24999999945));
#10607 = DIRECTION('',(1.,0.));
#10608 = ( GEOMETRIC_REPRESENTATION_CONTEXT(2) 
PARAMETRIC_REPRESENTATION_CONTEXT() REPRESENTATION_CONTEXT('2D SPACE',''
  ) );
#10609 = PCURVE('',#10610,#10615);
#10610 = CYLINDRICAL_SURFACE('',#10611,2.25);
#10611 = AXIS2_PLACEMENT_3D('',#10612,#10613,#10614);
#10612 = CARTESIAN_POINT('',(34.749999996251,2.25,0.));
#10613 = DIRECTION('',(-0.,-0.,-1.));
#10614 = DIRECTION('',(1.,0.,0.));
#10615 = DEFINITIONAL_REPRESENTATION('',(#10616),#10620);
#10616 = LINE('',#10617,#10618);
#10617 = CARTESIAN_POINT('',(-0.,0.));
#10618 = VECTOR('',#10619,1.);
#10619 = DIRECTION('',(-1.,0.));
#10620 = ( GEOMETRIC_REPRESENTATION_CONTEXT(2) 
PARAMETRIC_REPRESENTATION_CONTEXT() REPRESENTATION_CONTEXT('2D SPACE',''
  ) );
#10621 = ORIENTED_EDGE('',*,*,#10622,.F.);
#10622 = EDGE_CURVE('',#10623,#10594,#10625,.T.);
#10623 = VERTEX_POINT('',#10624);
#10624 = CARTESIAN_POINT('',(37.,34.749999996251,0.));
#10625 = SURFACE_CURVE('',#10626,(#10630,#10637),.PCURVE_S1.);
#10626 = LINE('',#10627,#10628);
#10627 = CARTESIAN_POINT('',(37.,34.749999996251,0.));
#10628 = VECTOR('',#10629,1.);
#10629 = DIRECTION('',(-5.768120341006E-11,-1.,0.));
#10630 = PCURVE('',#10251,#10631);
#10631 = DEFINITIONAL_REPRESENTATION('',(#10632),#10636);
#10632 = LINE('',#10633,#10634);
#10633 = CARTESIAN_POINT('',(18.500000000514,16.249999996797));
#10634 = VECTOR('',#10635,1.);
#10635 = DIRECTION('',(-5.768120341006E-11,-1.));
#10636 = ( GEOMETRIC_REPRESENTATION_CONTEXT(2) 
PARAMETRIC_REPRESENTATION_CONTEXT() REPRESENTATION_CONTEXT('2D SPACE',''
  ) );
#10637 = PCURVE('',#10638,#10643);
#10638 = PLANE('',#10639);
#10639 = AXIS2_PLACEMENT_3D('',#10640,#10641,#10642);
#10640 = CARTESIAN_POINT('',(37.,2.25,0.));
#10641 = DIRECTION('',(-1.,0.,0.));
#10642 = DIRECTION('',(0.,1.,0.));
#10643 = DEFINITIONAL_REPRESENTATION('',(#10644),#10648);
#10644 = LINE('',#10645,#10646);
#10645 = CARTESIAN_POINT('',(32.499999996251,0.));
#10646 = VECTOR('',#10647,1.);
#10647 = DIRECTION('',(-1.,0.));
#10648 = ( GEOMETRIC_REPRESENTATION_CONTEXT(2) 
PARAMETRIC_REPRESENTATION_CONTEXT() REPRESENTATION_CONTEXT('2D SPACE',''
  ) );
#10649 = ORIENTED_EDGE('',*,*,#10650,.T.);
#10650 = EDGE_CURVE('',#10623,#10651,#10653,.T.);
#10651 = VERTEX_POINT('',#10652);
#10652 = CARTESIAN_POINT('',(34.75,36.999999998126,0.));
#10653 = SURFACE_CURVE('',#10654,(#10659,#10666),.PCURVE_S1.);
#10654 = CIRCLE('',#10655,2.25);
#10655 = AXIS2_PLACEMENT_3D('',#10656,#10657,#10658);
#10656 = CARTESIAN_POINT('',(34.75,34.749999996251,0.));
#10657 = DIRECTION('',(0.,0.,1.));
#10658 = DIRECTION('',(1.,0.,0.));
#10659 = PCURVE('',#10251,#10660);
#10660 = DEFINITIONAL_REPRESENTATION('',(#10661),#10665);
#10661 = CIRCLE('',#10662,2.25);
#10662 = AXIS2_PLACEMENT_2D('',#10663,#10664);
#10663 = CARTESIAN_POINT('',(16.250000000514,16.249999996797));
#10664 = DIRECTION('',(1.,0.));
#10665 = ( GEOMETRIC_REPRESENTATION_CONTEXT(2) 
PARAMETRIC_REPRESENTATION_CONTEXT() REPRESENTATION_CONTEXT('2D SPACE',''
  ) );
#10666 = PCURVE('',#10667,#10672);
#10667 = CYLINDRICAL_SURFACE('',#10668,2.25);
#10668 = AXIS2_PLACEMENT_3D('',#10669,#10670,#10671);
#10669 = CARTESIAN_POINT('',(34.75,34.749999996251,0.));
#10670 = DIRECTION('',(-0.,-0.,-1.));
#10671 = DIRECTION('',(1.,0.,0.));
#10672 = DEFINITIONAL_REPRESENTATION('',(#10673),#10677);
#10673 = LINE('',#10674,#10675);
#10674 = CARTESIAN_POINT('',(-0.,0.));
#10675 = VECTOR('',#10676,1.);
#10676 = DIRECTION('',(-1.,0.));
#10677 = ( GEOMETRIC_REPRESENTATION_CONTEXT(2) 
PARAMETRIC_REPRESENTATION_CONTEXT() REPRESENTATION_CONTEXT('2D SPACE',''
  ) );
#10678 = ORIENTED_EDGE('',*,*,#10679,.F.);
#10679 = EDGE_CURVE('',#10680,#10651,#10682,.T.);
#10680 = VERTEX_POINT('',#10681);
#10681 = CARTESIAN_POINT('',(2.25,36.999999998126,0.));
#10682 = SURFACE_CURVE('',#10683,(#10687,#10694),.PCURVE_S1.);
#10683 = LINE('',#10684,#10685);
#10684 = CARTESIAN_POINT('',(2.25,36.999999998126,0.));
#10685 = VECTOR('',#10686,1.);
#10686 = DIRECTION('',(1.,-2.1862853408E-16,0.));
#10687 = PCURVE('',#10251,#10688);
#10688 = DEFINITIONAL_REPRESENTATION('',(#10689),#10693);
#10689 = LINE('',#10690,#10691);
#10690 = CARTESIAN_POINT('',(-16.24999999948,18.499999998672));
#10691 = VECTOR('',#10692,1.);
#10692 = DIRECTION('',(1.,-2.1862853408E-16));
#10693 = ( GEOMETRIC_REPRESENTATION_CONTEXT(2) 
PARAMETRIC_REPRESENTATION_CONTEXT() REPRESENTATION_CONTEXT('2D SPACE',''
  ) );
#10694 = PCURVE('',#10695,#10700);
#10695 = PLANE('',#10696);
#10696 = AXIS2_PLACEMENT_3D('',#10697,#10698,#10699);
#10697 = CARTESIAN_POINT('',(2.25,37.,0.));
#10698 = DIRECTION('',(0.,1.,0.));
#10699 = DIRECTION('',(1.,0.,0.));
#10700 = DEFINITIONAL_REPRESENTATION('',(#10701),#10705);
#10701 = LINE('',#10702,#10703);
#10702 = CARTESIAN_POINT('',(0.,0.));
#10703 = VECTOR('',#10704,1.);
#10704 = DIRECTION('',(1.,0.));
#10705 = ( GEOMETRIC_REPRESENTATION_CONTEXT(2) 
PARAMETRIC_REPRESENTATION_CONTEXT() REPRESENTATION_CONTEXT('2D SPACE',''
  ) );
#10706 = ORIENTED_EDGE('',*,*,#10707,.T.);
#10707 = EDGE_CURVE('',#10680,#10465,#10708,.T.);
#10708 = SURFACE_CURVE('',#10709,(#10714,#10721),.PCURVE_S1.);
#10709 = CIRCLE('',#10710,2.25);
#10710 = AXIS2_PLACEMENT_3D('',#10711,#10712,#10713);
#10711 = CARTESIAN_POINT('',(2.25,34.749999996251,0.));
#10712 = DIRECTION('',(0.,0.,1.));
#10713 = DIRECTION('',(1.,0.,0.));
#10714 = PCURVE('',#10251,#10715);
#10715 = DEFINITIONAL_REPRESENTATION('',(#10716),#10720);
#10716 = CIRCLE('',#10717,2.25);
#10717 = AXIS2_PLACEMENT_2D('',#10718,#10719);
#10718 = CARTESIAN_POINT('',(-16.24999999948,16.249999996797));
#10719 = DIRECTION('',(1.,0.));
#10720 = ( GEOMETRIC_REPRESENTATION_CONTEXT(2) 
PARAMETRIC_REPRESENTATION_CONTEXT() REPRESENTATION_CONTEXT('2D SPACE',''
  ) );
#10721 = PCURVE('',#10722,#10727);
#10722 = CYLINDRICAL_SURFACE('',#10723,2.25);
#10723 = AXIS2_PLACEMENT_3D('',#10724,#10725,#10726);
#10724 = CARTESIAN_POINT('',(2.25,34.749999996251,0.));
#10725 = DIRECTION('',(-0.,-0.,-1.));
#10726 = DIRECTION('',(1.,0.,0.));
#10727 = DEFINITIONAL_REPRESENTATION('',(#10728),#10732);
#10728 = LINE('',#10729,#10730);
#10729 = CARTESIAN_POINT('',(-0.,0.));
#10730 = VECTOR('',#10731,1.);
#10731 = DIRECTION('',(-1.,0.));
#10732 = ( GEOMETRIC_REPRESENTATION_CONTEXT(2) 
PARAMETRIC_REPRESENTATION_CONTEXT() REPRESENTATION_CONTEXT('2D SPACE',''
  ) );
#10733 = FACE_BOUND('',#10734,.F.);
#10734 = EDGE_LOOP('',(#10735,#10765,#10794,#10822,#10851,#10879));
#10735 = ORIENTED_EDGE('',*,*,#10736,.T.);
#10736 = EDGE_CURVE('',#10737,#10739,#10741,.T.);
#10737 = VERTEX_POINT('',#10738);
#10738 = CARTESIAN_POINT('',(3.5,10.5,0.));
#10739 = VERTEX_POINT('',#10740);
#10740 = CARTESIAN_POINT('',(3.5,32.096298833081,0.));
#10741 = SURFACE_CURVE('',#10742,(#10746,#10753),.PCURVE_S1.);
#10742 = LINE('',#10743,#10744);
#10743 = CARTESIAN_POINT('',(3.5,22.5,0.));
#10744 = VECTOR('',#10745,1.);
#10745 = DIRECTION('',(0.,1.,0.));
#10746 = PCURVE('',#10251,#10747);
#10747 = DEFINITIONAL_REPRESENTATION('',(#10748),#10752);
#10748 = LINE('',#10749,#10750);
#10749 = CARTESIAN_POINT('',(-14.99999999948,4.000000000546));
#10750 = VECTOR('',#10751,1.);
#10751 = DIRECTION('',(0.,1.));
#10752 = ( GEOMETRIC_REPRESENTATION_CONTEXT(2) 
PARAMETRIC_REPRESENTATION_CONTEXT() REPRESENTATION_CONTEXT('2D SPACE',''
  ) );
#10753 = PCURVE('',#10754,#10759);
#10754 = PLANE('',#10755);
#10755 = AXIS2_PLACEMENT_3D('',#10756,#10757,#10758);
#10756 = CARTESIAN_POINT('',(3.5,10.5,0.));
#10757 = DIRECTION('',(1.,0.,0.));
#10758 = DIRECTION('',(-0.,1.,0.));
#10759 = DEFINITIONAL_REPRESENTATION('',(#10760),#10764);
#10760 = LINE('',#10761,#10762);
#10761 = CARTESIAN_POINT('',(12.,0.));
#10762 = VECTOR('',#10763,1.);
#10763 = DIRECTION('',(1.,0.));
#10764 = ( GEOMETRIC_REPRESENTATION_CONTEXT(2) 
PARAMETRIC_REPRESENTATION_CONTEXT() REPRESENTATION_CONTEXT('2D SPACE',''
  ) );
#10765 = ORIENTED_EDGE('',*,*,#10766,.T.);
#10766 = EDGE_CURVE('',#10739,#10767,#10769,.T.);
#10767 = VERTEX_POINT('',#10768);
#10768 = CARTESIAN_POINT('',(5.18496231132,34.5,0.));
#10769 = SURFACE_CURVE('',#10770,(#10775,#10782),.PCURVE_S1.);
#10770 = CIRCLE('',#10771,3.);
#10771 = AXIS2_PLACEMENT_3D('',#10772,#10773,#10774);
#10772 = CARTESIAN_POINT('',(2.2,34.8,0.));
#10773 = DIRECTION('',(0.,0.,1.));
#10774 = DIRECTION('',(1.,0.,0.));
#10775 = PCURVE('',#10251,#10776);
#10776 = DEFINITIONAL_REPRESENTATION('',(#10777),#10781);
#10777 = CIRCLE('',#10778,3.);
#10778 = AXIS2_PLACEMENT_2D('',#10779,#10780);
#10779 = CARTESIAN_POINT('',(-16.29999999948,16.300000000546));
#10780 = DIRECTION('',(1.,0.));
#10781 = ( GEOMETRIC_REPRESENTATION_CONTEXT(2) 
PARAMETRIC_REPRESENTATION_CONTEXT() REPRESENTATION_CONTEXT('2D SPACE',''
  ) );
#10782 = PCURVE('',#10783,#10788);
#10783 = CYLINDRICAL_SURFACE('',#10784,3.);
#10784 = AXIS2_PLACEMENT_3D('',#10785,#10786,#10787);
#10785 = CARTESIAN_POINT('',(2.2,34.8,0.));
#10786 = DIRECTION('',(0.,0.,1.));
#10787 = DIRECTION('',(1.,0.,0.));
#10788 = DEFINITIONAL_REPRESENTATION('',(#10789),#10793);
#10789 = LINE('',#10790,#10791);
#10790 = CARTESIAN_POINT('',(0.,0.));
#10791 = VECTOR('',#10792,1.);
#10792 = DIRECTION('',(1.,0.));
#10793 = ( GEOMETRIC_REPRESENTATION_CONTEXT(2) 
PARAMETRIC_REPRESENTATION_CONTEXT() REPRESENTATION_CONTEXT('2D SPACE',''
  ) );
#10794 = ORIENTED_EDGE('',*,*,#10795,.T.);
#10795 = EDGE_CURVE('',#10767,#10796,#10798,.T.);
#10796 = VERTEX_POINT('',#10797);
#10797 = CARTESIAN_POINT('',(31.81503768868,34.5,0.));
#10798 = SURFACE_CURVE('',#10799,(#10803,#10810),.PCURVE_S1.);
#10799 = LINE('',#10800,#10801);
#10800 = CARTESIAN_POINT('',(18.5,34.5,0.));
#10801 = VECTOR('',#10802,1.);
#10802 = DIRECTION('',(1.,0.,0.));
#10803 = PCURVE('',#10251,#10804);
#10804 = DEFINITIONAL_REPRESENTATION('',(#10805),#10809);
#10805 = LINE('',#10806,#10807);
#10806 = CARTESIAN_POINT('',(5.142624104337E-10,16.000000000546));
#10807 = VECTOR('',#10808,1.);
#10808 = DIRECTION('',(1.,0.));
#10809 = ( GEOMETRIC_REPRESENTATION_CONTEXT(2) 
PARAMETRIC_REPRESENTATION_CONTEXT() REPRESENTATION_CONTEXT('2D SPACE',''
  ) );
#10810 = PCURVE('',#10811,#10816);
#10811 = PLANE('',#10812);
#10812 = AXIS2_PLACEMENT_3D('',#10813,#10814,#10815);
#10813 = CARTESIAN_POINT('',(3.5,34.5,0.));
#10814 = DIRECTION('',(0.,-1.,0.));
#10815 = DIRECTION('',(1.,0.,0.));
#10816 = DEFINITIONAL_REPRESENTATION('',(#10817),#10821);
#10817 = LINE('',#10818,#10819);
#10818 = CARTESIAN_POINT('',(15.,0.));
#10819 = VECTOR('',#10820,1.);
#10820 = DIRECTION('',(1.,0.));
#10821 = ( GEOMETRIC_REPRESENTATION_CONTEXT(2) 
PARAMETRIC_REPRESENTATION_CONTEXT() REPRESENTATION_CONTEXT('2D SPACE',''
  ) );
#10822 = ORIENTED_EDGE('',*,*,#10823,.T.);
#10823 = EDGE_CURVE('',#10796,#10824,#10826,.T.);
#10824 = VERTEX_POINT('',#10825);
#10825 = CARTESIAN_POINT('',(33.5,32.096298833081,0.));
#10826 = SURFACE_CURVE('',#10827,(#10832,#10839),.PCURVE_S1.);
#10827 = CIRCLE('',#10828,3.);
#10828 = AXIS2_PLACEMENT_3D('',#10829,#10830,#10831);
#10829 = CARTESIAN_POINT('',(34.8,34.8,0.));
#10830 = DIRECTION('',(0.,0.,1.));
#10831 = DIRECTION('',(1.,0.,0.));
#10832 = PCURVE('',#10251,#10833);
#10833 = DEFINITIONAL_REPRESENTATION('',(#10834),#10838);
#10834 = CIRCLE('',#10835,3.);
#10835 = AXIS2_PLACEMENT_2D('',#10836,#10837);
#10836 = CARTESIAN_POINT('',(16.300000000514,16.300000000546));
#10837 = DIRECTION('',(1.,0.));
#10838 = ( GEOMETRIC_REPRESENTATION_CONTEXT(2) 
PARAMETRIC_REPRESENTATION_CONTEXT() REPRESENTATION_CONTEXT('2D SPACE',''
  ) );
#10839 = PCURVE('',#10840,#10845);
#10840 = CYLINDRICAL_SURFACE('',#10841,3.);
#10841 = AXIS2_PLACEMENT_3D('',#10842,#10843,#10844);
#10842 = CARTESIAN_POINT('',(34.8,34.8,0.));
#10843 = DIRECTION('',(0.,0.,1.));
#10844 = DIRECTION('',(1.,0.,0.));
#10845 = DEFINITIONAL_REPRESENTATION('',(#10846),#10850);
#10846 = LINE('',#10847,#10848);
#10847 = CARTESIAN_POINT('',(0.,0.));
#10848 = VECTOR('',#10849,1.);
#10849 = DIRECTION('',(1.,0.));
#10850 = ( GEOMETRIC_REPRESENTATION_CONTEXT(2) 
PARAMETRIC_REPRESENTATION_CONTEXT() REPRESENTATION_CONTEXT('2D SPACE',''
  ) );
#10851 = ORIENTED_EDGE('',*,*,#10852,.F.);
#10852 = EDGE_CURVE('',#10853,#10824,#10855,.T.);
#10853 = VERTEX_POINT('',#10854);
#10854 = CARTESIAN_POINT('',(33.5,10.5,0.));
#10855 = SURFACE_CURVE('',#10856,(#10860,#10867),.PCURVE_S1.);
#10856 = LINE('',#10857,#10858);
#10857 = CARTESIAN_POINT('',(33.5,22.5,0.));
#10858 = VECTOR('',#10859,1.);
#10859 = DIRECTION('',(0.,1.,0.));
#10860 = PCURVE('',#10251,#10861);
#10861 = DEFINITIONAL_REPRESENTATION('',(#10862),#10866);
#10862 = LINE('',#10863,#10864);
#10863 = CARTESIAN_POINT('',(15.000000000514,4.000000000546));
#10864 = VECTOR('',#10865,1.);
#10865 = DIRECTION('',(0.,1.));
#10866 = ( GEOMETRIC_REPRESENTATION_CONTEXT(2) 
PARAMETRIC_REPRESENTATION_CONTEXT() REPRESENTATION_CONTEXT('2D SPACE',''
  ) );
#10867 = PCURVE('',#10868,#10873);
#10868 = PLANE('',#10869);
#10869 = AXIS2_PLACEMENT_3D('',#10870,#10871,#10872);
#10870 = CARTESIAN_POINT('',(33.5,10.5,0.));
#10871 = DIRECTION('',(1.,0.,0.));
#10872 = DIRECTION('',(-0.,1.,0.));
#10873 = DEFINITIONAL_REPRESENTATION('',(#10874),#10878);
#10874 = LINE('',#10875,#10876);
#10875 = CARTESIAN_POINT('',(12.,0.));
#10876 = VECTOR('',#10877,1.);
#10877 = DIRECTION('',(1.,0.));
#10878 = ( GEOMETRIC_REPRESENTATION_CONTEXT(2) 
PARAMETRIC_REPRESENTATION_CONTEXT() REPRESENTATION_CONTEXT('2D SPACE',''
  ) );
#10879 = ORIENTED_EDGE('',*,*,#10880,.F.);
#10880 = EDGE_CURVE('',#10737,#10853,#10881,.T.);
#10881 = SURFACE_CURVE('',#10882,(#10886,#10893),.PCURVE_S1.);
#10882 = LINE('',#10883,#10884);
#10883 = CARTESIAN_POINT('',(18.5,10.5,0.));
#10884 = VECTOR('',#10885,1.);
#10885 = DIRECTION('',(1.,0.,0.));
#10886 = PCURVE('',#10251,#10887);
#10887 = DEFINITIONAL_REPRESENTATION('',(#10888),#10892);
#10888 = LINE('',#10889,#10890);
#10889 = CARTESIAN_POINT('',(5.142624104337E-10,-7.999999999454));
#10890 = VECTOR('',#10891,1.);
#10891 = DIRECTION('',(1.,0.));
#10892 = ( GEOMETRIC_REPRESENTATION_CONTEXT(2) 
PARAMETRIC_REPRESENTATION_CONTEXT() REPRESENTATION_CONTEXT('2D SPACE',''
  ) );
#10893 = PCURVE('',#10894,#10899);
#10894 = PLANE('',#10895);
#10895 = AXIS2_PLACEMENT_3D('',#10896,#10897,#10898);
#10896 = CARTESIAN_POINT('',(3.5,10.5,0.));
#10897 = DIRECTION('',(0.,-1.,0.));
#10898 = DIRECTION('',(1.,0.,0.));
#10899 = DEFINITIONAL_REPRESENTATION('',(#10900),#10904);
#10900 = LINE('',#10901,#10902);
#10901 = CARTESIAN_POINT('',(15.,0.));
#10902 = VECTOR('',#10903,1.);
#10903 = DIRECTION('',(1.,0.));
#10904 = ( GEOMETRIC_REPRESENTATION_CONTEXT(2) 
PARAMETRIC_REPRESENTATION_CONTEXT() REPRESENTATION_CONTEXT('2D SPACE',''
  ) );
#10905 = FACE_BOUND('',#10906,.F.);
#10906 = EDGE_LOOP('',(#10907));
#10907 = ORIENTED_EDGE('',*,*,#10908,.F.);
#10908 = EDGE_CURVE('',#10909,#10909,#10911,.T.);
#10909 = VERTEX_POINT('',#10910);
#10910 = CARTESIAN_POINT('',(3.45,34.8,0.));
#10911 = SURFACE_CURVE('',#10912,(#10917,#10924),.PCURVE_S1.);
#10912 = CIRCLE('',#10913,1.25);
#10913 = AXIS2_PLACEMENT_3D('',#10914,#10915,#10916);
#10914 = CARTESIAN_POINT('',(2.2,34.8,0.));
#10915 = DIRECTION('',(0.,0.,1.));
#10916 = DIRECTION('',(1.,0.,0.));
#10917 = PCURVE('',#10251,#10918);
#10918 = DEFINITIONAL_REPRESENTATION('',(#10919),#10923);
#10919 = CIRCLE('',#10920,1.25);
#10920 = AXIS2_PLACEMENT_2D('',#10921,#10922);
#10921 = CARTESIAN_POINT('',(-16.29999999948,16.300000000546));
#10922 = DIRECTION('',(1.,0.));
#10923 = ( GEOMETRIC_REPRESENTATION_CONTEXT(2) 
PARAMETRIC_REPRESENTATION_CONTEXT() REPRESENTATION_CONTEXT('2D SPACE',''
  ) );
#10924 = PCURVE('',#10925,#10930);
#10925 = CYLINDRICAL_SURFACE('',#10926,1.25);
#10926 = AXIS2_PLACEMENT_3D('',#10927,#10928,#10929);
#10927 = CARTESIAN_POINT('',(2.2,34.8,0.));
#10928 = DIRECTION('',(-0.,-0.,-1.));
#10929 = DIRECTION('',(1.,0.,0.));
#10930 = DEFINITIONAL_REPRESENTATION('',(#10931),#10935);
#10931 = LINE('',#10932,#10933);
#10932 = CARTESIAN_POINT('',(-0.,0.));
#10933 = VECTOR('',#10934,1.);
#10934 = DIRECTION('',(-1.,0.));
#10935 = ( GEOMETRIC_REPRESENTATION_CONTEXT(2) 
PARAMETRIC_REPRESENTATION_CONTEXT() REPRESENTATION_CONTEXT('2D SPACE',''
  ) );
#10936 = FACE_BOUND('',#10937,.F.);
#10937 = EDGE_LOOP('',(#10938));
#10938 = ORIENTED_EDGE('',*,*,#10939,.F.);
#10939 = EDGE_CURVE('',#10940,#10940,#10942,.T.);
#10940 = VERTEX_POINT('',#10941);
#10941 = CARTESIAN_POINT('',(36.05,34.8,0.));
#10942 = SURFACE_CURVE('',#10943,(#10948,#10955),.PCURVE_S1.);
#10943 = CIRCLE('',#10944,1.25);
#10944 = AXIS2_PLACEMENT_3D('',#10945,#10946,#10947);
#10945 = CARTESIAN_POINT('',(34.8,34.8,0.));
#10946 = DIRECTION('',(0.,0.,1.));
#10947 = DIRECTION('',(1.,0.,0.));
#10948 = PCURVE('',#10251,#10949);
#10949 = DEFINITIONAL_REPRESENTATION('',(#10950),#10954);
#10950 = CIRCLE('',#10951,1.25);
#10951 = AXIS2_PLACEMENT_2D('',#10952,#10953);
#10952 = CARTESIAN_POINT('',(16.300000000514,16.300000000546));
#10953 = DIRECTION('',(1.,0.));
#10954 = ( GEOMETRIC_REPRESENTATION_CONTEXT(2) 
PARAMETRIC_REPRESENTATION_CONTEXT() REPRESENTATION_CONTEXT('2D SPACE',''
  ) );
#10955 = PCURVE('',#10956,#10961);
#10956 = CYLINDRICAL_SURFACE('',#10957,1.25);
#10957 = AXIS2_PLACEMENT_3D('',#10958,#10959,#10960);
#10958 = CARTESIAN_POINT('',(34.8,34.8,0.));
#10959 = DIRECTION('',(-0.,-0.,-1.));
#10960 = DIRECTION('',(1.,0.,0.));
#10961 = DEFINITIONAL_REPRESENTATION('',(#10962),#10966);
#10962 = LINE('',#10963,#10964);
#10963 = CARTESIAN_POINT('',(-0.,0.));
#10964 = VECTOR('',#10965,1.);
#10965 = DIRECTION('',(-1.,0.));
#10966 = ( GEOMETRIC_REPRESENTATION_CONTEXT(2) 
PARAMETRIC_REPRESENTATION_CONTEXT() REPRESENTATION_CONTEXT('2D SPACE',''
  ) );
#10967 = FACE_BOUND('',#10968,.F.);
#10968 = EDGE_LOOP('',(#10969));
#10969 = ORIENTED_EDGE('',*,*,#10970,.F.);
#10970 = EDGE_CURVE('',#10971,#10971,#10973,.T.);
#10971 = VERTEX_POINT('',#10972);
#10972 = CARTESIAN_POINT('',(36.05,2.2,0.));
#10973 = SURFACE_CURVE('',#10974,(#10979,#10986),.PCURVE_S1.);
#10974 = CIRCLE('',#10975,1.25);
#10975 = AXIS2_PLACEMENT_3D('',#10976,#10977,#10978);
#10976 = CARTESIAN_POINT('',(34.8,2.2,0.));
#10977 = DIRECTION('',(0.,0.,1.));
#10978 = DIRECTION('',(1.,0.,0.));
#10979 = PCURVE('',#10251,#10980);
#10980 = DEFINITIONAL_REPRESENTATION('',(#10981),#10985);
#10981 = CIRCLE('',#10982,1.25);
#10982 = AXIS2_PLACEMENT_2D('',#10983,#10984);
#10983 = CARTESIAN_POINT('',(16.300000000514,-16.29999999945));
#10984 = DIRECTION('',(1.,0.));
#10985 = ( GEOMETRIC_REPRESENTATION_CONTEXT(2) 
PARAMETRIC_REPRESENTATION_CONTEXT() REPRESENTATION_CONTEXT('2D SPACE',''
  ) );
#10986 = PCURVE('',#10987,#10992);
#10987 = CYLINDRICAL_SURFACE('',#10988,1.25);
#10988 = AXIS2_PLACEMENT_3D('',#10989,#10990,#10991);
#10989 = CARTESIAN_POINT('',(34.8,2.2,0.));
#10990 = DIRECTION('',(-0.,-0.,-1.));
#10991 = DIRECTION('',(1.,0.,0.));
#10992 = DEFINITIONAL_REPRESENTATION('',(#10993),#10997);
#10993 = LINE('',#10994,#10995);
#10994 = CARTESIAN_POINT('',(-0.,0.));
#10995 = VECTOR('',#10996,1.);
#10996 = DIRECTION('',(-1.,0.));
#10997 = ( GEOMETRIC_REPRESENTATION_CONTEXT(2) 
PARAMETRIC_REPRESENTATION_CONTEXT() REPRESENTATION_CONTEXT('2D SPACE',''
  ) );
#10998 = FACE_BOUND('',#10999,.F.);
#10999 = EDGE_LOOP('',(#11000));
#11000 = ORIENTED_EDGE('',*,*,#11001,.F.);
#11001 = EDGE_CURVE('',#11002,#11002,#11004,.T.);
#11002 = VERTEX_POINT('',#11003);
#11003 = CARTESIAN_POINT('',(3.45,2.2,0.));
#11004 = SURFACE_CURVE('',#11005,(#11010,#11017),.PCURVE_S1.);
#11005 = CIRCLE('',#11006,1.25);
#11006 = AXIS2_PLACEMENT_3D('',#11007,#11008,#11009);
#11007 = CARTESIAN_POINT('',(2.2,2.2,0.));
#11008 = DIRECTION('',(0.,0.,1.));
#11009 = DIRECTION('',(1.,0.,0.));
#11010 = PCURVE('',#10251,#11011);
#11011 = DEFINITIONAL_REPRESENTATION('',(#11012),#11016);
#11012 = CIRCLE('',#11013,1.25);
#11013 = AXIS2_PLACEMENT_2D('',#11014,#11015);
#11014 = CARTESIAN_POINT('',(-16.29999999948,-16.29999999945));
#11015 = DIRECTION('',(1.,0.));
#11016 = ( GEOMETRIC_REPRESENTATION_CONTEXT(2) 
PARAMETRIC_REPRESENTATION_CONTEXT() REPRESENTATION_CONTEXT('2D SPACE',''
  ) );
#11017 = PCURVE('',#11018,#11023);
#11018 = CYLINDRICAL_SURFACE('',#11019,1.25);
#11019 = AXIS2_PLACEMENT_3D('',#11020,#11021,#11022);
#11020 = CARTESIAN_POINT('',(2.2,2.2,0.));
#11021 = DIRECTION('',(-0.,-0.,-1.));
#11022 = DIRECTION('',(1.,0.,0.));
#11023 = DEFINITIONAL_REPRESENTATION('',(#11024),#11028);
#11024 = LINE('',#11025,#11026);
#11025 = CARTESIAN_POINT('',(-0.,0.));
#11026 = VECTOR('',#11027,1.);
#11027 = DIRECTION('',(-1.,0.));
#11028 = ( GEOMETRIC_REPRESENTATION_CONTEXT(2) 
PARAMETRIC_REPRESENTATION_CONTEXT() REPRESENTATION_CONTEXT('2D SPACE',''
  ) );
#11029 = ADVANCED_FACE('',(#11030),#11018,.F.);
#11030 = FACE_BOUND('',#11031,.T.);
#11031 = EDGE_LOOP('',(#11032,#11055,#11082,#11083));
#11032 = ORIENTED_EDGE('',*,*,#11033,.T.);
#11033 = EDGE_CURVE('',#11002,#11034,#11036,.T.);
#11034 = VERTEX_POINT('',#11035);
#11035 = CARTESIAN_POINT('',(3.45,2.2,1.6));
#11036 = SEAM_CURVE('',#11037,(#11041,#11048),.PCURVE_S1.);
#11037 = LINE('',#11038,#11039);
#11038 = CARTESIAN_POINT('',(3.45,2.2,0.));
#11039 = VECTOR('',#11040,1.);
#11040 = DIRECTION('',(0.,0.,1.));
#11041 = PCURVE('',#11018,#11042);
#11042 = DEFINITIONAL_REPRESENTATION('',(#11043),#11047);
#11043 = LINE('',#11044,#11045);
#11044 = CARTESIAN_POINT('',(-0.,0.));
#11045 = VECTOR('',#11046,1.);
#11046 = DIRECTION('',(-0.,-1.));
#11047 = ( GEOMETRIC_REPRESENTATION_CONTEXT(2) 
PARAMETRIC_REPRESENTATION_CONTEXT() REPRESENTATION_CONTEXT('2D SPACE',''
  ) );
#11048 = PCURVE('',#11018,#11049);
#11049 = DEFINITIONAL_REPRESENTATION('',(#11050),#11054);
#11050 = LINE('',#11051,#11052);
#11051 = CARTESIAN_POINT('',(-6.28318530718,0.));
#11052 = VECTOR('',#11053,1.);
#11053 = DIRECTION('',(-0.,-1.));
#11054 = ( GEOMETRIC_REPRESENTATION_CONTEXT(2) 
PARAMETRIC_REPRESENTATION_CONTEXT() REPRESENTATION_CONTEXT('2D SPACE',''
  ) );
#11055 = ORIENTED_EDGE('',*,*,#11056,.T.);
#11056 = EDGE_CURVE('',#11034,#11034,#11057,.T.);
#11057 = SURFACE_CURVE('',#11058,(#11063,#11070),.PCURVE_S1.);
#11058 = CIRCLE('',#11059,1.25);
#11059 = AXIS2_PLACEMENT_3D('',#11060,#11061,#11062);
#11060 = CARTESIAN_POINT('',(2.2,2.2,1.6));
#11061 = DIRECTION('',(0.,0.,1.));
#11062 = DIRECTION('',(1.,0.,0.));
#11063 = PCURVE('',#11018,#11064);
#11064 = DEFINITIONAL_REPRESENTATION('',(#11065),#11069);
#11065 = LINE('',#11066,#11067);
#11066 = CARTESIAN_POINT('',(-0.,-1.6));
#11067 = VECTOR('',#11068,1.);
#11068 = DIRECTION('',(-1.,0.));
#11069 = ( GEOMETRIC_REPRESENTATION_CONTEXT(2) 
PARAMETRIC_REPRESENTATION_CONTEXT() REPRESENTATION_CONTEXT('2D SPACE',''
  ) );
#11070 = PCURVE('',#11071,#11076);
#11071 = PLANE('',#11072);
#11072 = AXIS2_PLACEMENT_3D('',#11073,#11074,#11075);
#11073 = CARTESIAN_POINT('',(18.499999999486,18.499999999454,1.6));
#11074 = DIRECTION('',(0.,0.,1.));
#11075 = DIRECTION('',(1.,0.,0.));
#11076 = DEFINITIONAL_REPRESENTATION('',(#11077),#11081);
#11077 = CIRCLE('',#11078,1.25);
#11078 = AXIS2_PLACEMENT_2D('',#11079,#11080);
#11079 = CARTESIAN_POINT('',(-16.29999999948,-16.29999999945));
#11080 = DIRECTION('',(1.,0.));
#11081 = ( GEOMETRIC_REPRESENTATION_CONTEXT(2) 
PARAMETRIC_REPRESENTATION_CONTEXT() REPRESENTATION_CONTEXT('2D SPACE',''
  ) );
#11082 = ORIENTED_EDGE('',*,*,#11033,.F.);
#11083 = ORIENTED_EDGE('',*,*,#11001,.F.);
#11084 = ADVANCED_FACE('',(#11085,#11275,#11278,#11304,#11330,#11444),
  #11071,.T.);
#11085 = FACE_BOUND('',#11086,.T.);
#11086 = EDGE_LOOP('',(#11087,#11112,#11136,#11159,#11183,#11206,#11230,
    #11253));
#11087 = ORIENTED_EDGE('',*,*,#11088,.F.);
#11088 = EDGE_CURVE('',#11089,#11091,#11093,.T.);
#11089 = VERTEX_POINT('',#11090);
#11090 = CARTESIAN_POINT('',(0.,2.25,1.6));
#11091 = VERTEX_POINT('',#11092);
#11092 = CARTESIAN_POINT('',(0.,34.749999996251,1.6));
#11093 = SURFACE_CURVE('',#11094,(#11098,#11105),.PCURVE_S1.);
#11094 = LINE('',#11095,#11096);
#11095 = CARTESIAN_POINT('',(0.,18.5,1.6));
#11096 = VECTOR('',#11097,1.);
#11097 = DIRECTION('',(0.,1.,0.));
#11098 = PCURVE('',#11071,#11099);
#11099 = DEFINITIONAL_REPRESENTATION('',(#11100),#11104);
#11100 = LINE('',#11101,#11102);
#11101 = CARTESIAN_POINT('',(-18.49999999948,5.466612413868E-10));
#11102 = VECTOR('',#11103,1.);
#11103 = DIRECTION('',(0.,1.));
#11104 = ( GEOMETRIC_REPRESENTATION_CONTEXT(2) 
PARAMETRIC_REPRESENTATION_CONTEXT() REPRESENTATION_CONTEXT('2D SPACE',''
  ) );
#11105 = PCURVE('',#10480,#11106);
#11106 = DEFINITIONAL_REPRESENTATION('',(#11107),#11111);
#11107 = LINE('',#11108,#11109);
#11108 = CARTESIAN_POINT('',(16.250000000001,-1.6));
#11109 = VECTOR('',#11110,1.);
#11110 = DIRECTION('',(1.,0.));
#11111 = ( GEOMETRIC_REPRESENTATION_CONTEXT(2) 
PARAMETRIC_REPRESENTATION_CONTEXT() REPRESENTATION_CONTEXT('2D SPACE',''
  ) );
#11112 = ORIENTED_EDGE('',*,*,#11113,.T.);
#11113 = EDGE_CURVE('',#11089,#11114,#11116,.T.);
#11114 = VERTEX_POINT('',#11115);
#11115 = CARTESIAN_POINT('',(2.25,0.,1.6));
#11116 = SURFACE_CURVE('',#11117,(#11122,#11129),.PCURVE_S1.);
#11117 = CIRCLE('',#11118,2.25);
#11118 = AXIS2_PLACEMENT_3D('',#11119,#11120,#11121);
#11119 = CARTESIAN_POINT('',(2.25,2.25,1.6));
#11120 = DIRECTION('',(0.,0.,1.));
#11121 = DIRECTION('',(1.,0.,0.));
#11122 = PCURVE('',#11071,#11123);
#11123 = DEFINITIONAL_REPRESENTATION('',(#11124),#11128);
#11124 = CIRCLE('',#11125,2.25);
#11125 = AXIS2_PLACEMENT_2D('',#11126,#11127);
#11126 = CARTESIAN_POINT('',(-16.24999999948,-16.24999999945));
#11127 = DIRECTION('',(1.,0.));
#11128 = ( GEOMETRIC_REPRESENTATION_CONTEXT(2) 
PARAMETRIC_REPRESENTATION_CONTEXT() REPRESENTATION_CONTEXT('2D SPACE',''
  ) );
#11129 = PCURVE('',#10509,#11130);
#11130 = DEFINITIONAL_REPRESENTATION('',(#11131),#11135);
#11131 = LINE('',#11132,#11133);
#11132 = CARTESIAN_POINT('',(-0.,-1.6));
#11133 = VECTOR('',#11134,1.);
#11134 = DIRECTION('',(-1.,0.));
#11135 = ( GEOMETRIC_REPRESENTATION_CONTEXT(2) 
PARAMETRIC_REPRESENTATION_CONTEXT() REPRESENTATION_CONTEXT('2D SPACE',''
  ) );
#11136 = ORIENTED_EDGE('',*,*,#11137,.T.);
#11137 = EDGE_CURVE('',#11114,#11138,#11140,.T.);
#11138 = VERTEX_POINT('',#11139);
#11139 = CARTESIAN_POINT('',(34.749999996251,4.121147867409E-13,1.6));
#11140 = SURFACE_CURVE('',#11141,(#11145,#11152),.PCURVE_S1.);
#11141 = LINE('',#11142,#11143);
#11142 = CARTESIAN_POINT('',(18.5,4.121147867409E-13,1.6));
#11143 = VECTOR('',#11144,1.);
#11144 = DIRECTION('',(1.,0.,0.));
#11145 = PCURVE('',#11071,#11146);
#11146 = DEFINITIONAL_REPRESENTATION('',(#11147),#11151);
#11147 = LINE('',#11148,#11149);
#11148 = CARTESIAN_POINT('',(5.142636314643E-10,-18.49999999945));
#11149 = VECTOR('',#11150,1.);
#11150 = DIRECTION('',(1.,0.));
#11151 = ( GEOMETRIC_REPRESENTATION_CONTEXT(2) 
PARAMETRIC_REPRESENTATION_CONTEXT() REPRESENTATION_CONTEXT('2D SPACE',''
  ) );
#11152 = PCURVE('',#10535,#11153);
#11153 = DEFINITIONAL_REPRESENTATION('',(#11154),#11158);
#11154 = LINE('',#11155,#11156);
#11155 = CARTESIAN_POINT('',(16.25,-1.6));
#11156 = VECTOR('',#11157,1.);
#11157 = DIRECTION('',(1.,0.));
#11158 = ( GEOMETRIC_REPRESENTATION_CONTEXT(2) 
PARAMETRIC_REPRESENTATION_CONTEXT() REPRESENTATION_CONTEXT('2D SPACE',''
  ) );
#11159 = ORIENTED_EDGE('',*,*,#11160,.T.);
#11160 = EDGE_CURVE('',#11138,#11161,#11163,.T.);
#11161 = VERTEX_POINT('',#11162);
#11162 = CARTESIAN_POINT('',(36.999999998125,2.25,1.6));
#11163 = SURFACE_CURVE('',#11164,(#11169,#11176),.PCURVE_S1.);
#11164 = CIRCLE('',#11165,2.25);
#11165 = AXIS2_PLACEMENT_3D('',#11166,#11167,#11168);
#11166 = CARTESIAN_POINT('',(34.749999996251,2.25,1.6));
#11167 = DIRECTION('',(0.,0.,1.));
#11168 = DIRECTION('',(1.,0.,0.));
#11169 = PCURVE('',#11071,#11170);
#11170 = DEFINITIONAL_REPRESENTATION('',(#11171),#11175);
#11171 = CIRCLE('',#11172,2.25);
#11172 = AXIS2_PLACEMENT_2D('',#11173,#11174);
#11173 = CARTESIAN_POINT('',(16.249999996765,-16.24999999945));
#11174 = DIRECTION('',(1.,0.));
#11175 = ( GEOMETRIC_REPRESENTATION_CONTEXT(2) 
PARAMETRIC_REPRESENTATION_CONTEXT() REPRESENTATION_CONTEXT('2D SPACE',''
  ) );
#11176 = PCURVE('',#10610,#11177);
#11177 = DEFINITIONAL_REPRESENTATION('',(#11178),#11182);
#11178 = LINE('',#11179,#11180);
#11179 = CARTESIAN_POINT('',(-0.,-1.6));
#11180 = VECTOR('',#11181,1.);
#11181 = DIRECTION('',(-1.,0.));
#11182 = ( GEOMETRIC_REPRESENTATION_CONTEXT(2) 
PARAMETRIC_REPRESENTATION_CONTEXT() REPRESENTATION_CONTEXT('2D SPACE',''
  ) );
#11183 = ORIENTED_EDGE('',*,*,#11184,.T.);
#11184 = EDGE_CURVE('',#11161,#11185,#11187,.T.);
#11185 = VERTEX_POINT('',#11186);
#11186 = CARTESIAN_POINT('',(37.,34.749999996251,1.6));
#11187 = SURFACE_CURVE('',#11188,(#11192,#11199),.PCURVE_S1.);
#11188 = LINE('',#11189,#11190);
#11189 = CARTESIAN_POINT('',(37.,18.5,1.6));
#11190 = VECTOR('',#11191,1.);
#11191 = DIRECTION('',(0.,1.,0.));
#11192 = PCURVE('',#11071,#11193);
#11193 = DEFINITIONAL_REPRESENTATION('',(#11194),#11198);
#11194 = LINE('',#11195,#11196);
#11195 = CARTESIAN_POINT('',(18.500000000514,5.466612413868E-10));
#11196 = VECTOR('',#11197,1.);
#11197 = DIRECTION('',(0.,1.));
#11198 = ( GEOMETRIC_REPRESENTATION_CONTEXT(2) 
PARAMETRIC_REPRESENTATION_CONTEXT() REPRESENTATION_CONTEXT('2D SPACE',''
  ) );
#11199 = PCURVE('',#10638,#11200);
#11200 = DEFINITIONAL_REPRESENTATION('',(#11201),#11205);
#11201 = LINE('',#11202,#11203);
#11202 = CARTESIAN_POINT('',(16.25,-1.6));
#11203 = VECTOR('',#11204,1.);
#11204 = DIRECTION('',(1.,0.));
#11205 = ( GEOMETRIC_REPRESENTATION_CONTEXT(2) 
PARAMETRIC_REPRESENTATION_CONTEXT() REPRESENTATION_CONTEXT('2D SPACE',''
  ) );
#11206 = ORIENTED_EDGE('',*,*,#11207,.T.);
#11207 = EDGE_CURVE('',#11185,#11208,#11210,.T.);
#11208 = VERTEX_POINT('',#11209);
#11209 = CARTESIAN_POINT('',(34.75,36.999999998126,1.6));
#11210 = SURFACE_CURVE('',#11211,(#11216,#11223),.PCURVE_S1.);
#11211 = CIRCLE('',#11212,2.25);
#11212 = AXIS2_PLACEMENT_3D('',#11213,#11214,#11215);
#11213 = CARTESIAN_POINT('',(34.75,34.749999996251,1.6));
#11214 = DIRECTION('',(0.,0.,1.));
#11215 = DIRECTION('',(1.,0.,0.));
#11216 = PCURVE('',#11071,#11217);
#11217 = DEFINITIONAL_REPRESENTATION('',(#11218),#11222);
#11218 = CIRCLE('',#11219,2.25);
#11219 = AXIS2_PLACEMENT_2D('',#11220,#11221);
#11220 = CARTESIAN_POINT('',(16.250000000514,16.249999996797));
#11221 = DIRECTION('',(1.,0.));
#11222 = ( GEOMETRIC_REPRESENTATION_CONTEXT(2) 
PARAMETRIC_REPRESENTATION_CONTEXT() REPRESENTATION_CONTEXT('2D SPACE',''
  ) );
#11223 = PCURVE('',#10667,#11224);
#11224 = DEFINITIONAL_REPRESENTATION('',(#11225),#11229);
#11225 = LINE('',#11226,#11227);
#11226 = CARTESIAN_POINT('',(-0.,-1.6));
#11227 = VECTOR('',#11228,1.);
#11228 = DIRECTION('',(-1.,0.));
#11229 = ( GEOMETRIC_REPRESENTATION_CONTEXT(2) 
PARAMETRIC_REPRESENTATION_CONTEXT() REPRESENTATION_CONTEXT('2D SPACE',''
  ) );
#11230 = ORIENTED_EDGE('',*,*,#11231,.F.);
#11231 = EDGE_CURVE('',#11232,#11208,#11234,.T.);
#11232 = VERTEX_POINT('',#11233);
#11233 = CARTESIAN_POINT('',(2.25,36.999999998126,1.6));
#11234 = SURFACE_CURVE('',#11235,(#11239,#11246),.PCURVE_S1.);
#11235 = LINE('',#11236,#11237);
#11236 = CARTESIAN_POINT('',(18.5,37.,1.6));
#11237 = VECTOR('',#11238,1.);
#11238 = DIRECTION('',(1.,0.,0.));
#11239 = PCURVE('',#11071,#11240);
#11240 = DEFINITIONAL_REPRESENTATION('',(#11241),#11245);
#11241 = LINE('',#11242,#11243);
#11242 = CARTESIAN_POINT('',(5.142636314643E-10,18.500000000547));
#11243 = VECTOR('',#11244,1.);
#11244 = DIRECTION('',(1.,0.));
#11245 = ( GEOMETRIC_REPRESENTATION_CONTEXT(2) 
PARAMETRIC_REPRESENTATION_CONTEXT() REPRESENTATION_CONTEXT('2D SPACE',''
  ) );
#11246 = PCURVE('',#10695,#11247);
#11247 = DEFINITIONAL_REPRESENTATION('',(#11248),#11252);
#11248 = LINE('',#11249,#11250);
#11249 = CARTESIAN_POINT('',(16.25,-1.6));
#11250 = VECTOR('',#11251,1.);
#11251 = DIRECTION('',(1.,0.));
#11252 = ( GEOMETRIC_REPRESENTATION_CONTEXT(2) 
PARAMETRIC_REPRESENTATION_CONTEXT() REPRESENTATION_CONTEXT('2D SPACE',''
  ) );
#11253 = ORIENTED_EDGE('',*,*,#11254,.T.);
#11254 = EDGE_CURVE('',#11232,#11091,#11255,.T.);
#11255 = SURFACE_CURVE('',#11256,(#11261,#11268),.PCURVE_S1.);
#11256 = CIRCLE('',#11257,2.25);
#11257 = AXIS2_PLACEMENT_3D('',#11258,#11259,#11260);
#11258 = CARTESIAN_POINT('',(2.25,34.749999996251,1.6));
#11259 = DIRECTION('',(0.,0.,1.));
#11260 = DIRECTION('',(1.,0.,0.));
#11261 = PCURVE('',#11071,#11262);
#11262 = DEFINITIONAL_REPRESENTATION('',(#11263),#11267);
#11263 = CIRCLE('',#11264,2.25);
#11264 = AXIS2_PLACEMENT_2D('',#11265,#11266);
#11265 = CARTESIAN_POINT('',(-16.24999999948,16.249999996797));
#11266 = DIRECTION('',(1.,0.));
#11267 = ( GEOMETRIC_REPRESENTATION_CONTEXT(2) 
PARAMETRIC_REPRESENTATION_CONTEXT() REPRESENTATION_CONTEXT('2D SPACE',''
  ) );
#11268 = PCURVE('',#10722,#11269);
#11269 = DEFINITIONAL_REPRESENTATION('',(#11270),#11274);
#11270 = LINE('',#11271,#11272);
#11271 = CARTESIAN_POINT('',(-0.,-1.6));
#11272 = VECTOR('',#11273,1.);
#11273 = DIRECTION('',(-1.,0.));
#11274 = ( GEOMETRIC_REPRESENTATION_CONTEXT(2) 
PARAMETRIC_REPRESENTATION_CONTEXT() REPRESENTATION_CONTEXT('2D SPACE',''
  ) );
#11275 = FACE_BOUND('',#11276,.T.);
#11276 = EDGE_LOOP('',(#11277));
#11277 = ORIENTED_EDGE('',*,*,#11056,.F.);
#11278 = FACE_BOUND('',#11279,.T.);
#11279 = EDGE_LOOP('',(#11280));
#11280 = ORIENTED_EDGE('',*,*,#11281,.F.);
#11281 = EDGE_CURVE('',#11282,#11282,#11284,.T.);
#11282 = VERTEX_POINT('',#11283);
#11283 = CARTESIAN_POINT('',(36.05,2.2,1.6));
#11284 = SURFACE_CURVE('',#11285,(#11290,#11297),.PCURVE_S1.);
#11285 = CIRCLE('',#11286,1.25);
#11286 = AXIS2_PLACEMENT_3D('',#11287,#11288,#11289);
#11287 = CARTESIAN_POINT('',(34.8,2.2,1.6));
#11288 = DIRECTION('',(0.,0.,1.));
#11289 = DIRECTION('',(1.,0.,0.));
#11290 = PCURVE('',#11071,#11291);
#11291 = DEFINITIONAL_REPRESENTATION('',(#11292),#11296);
#11292 = CIRCLE('',#11293,1.25);
#11293 = AXIS2_PLACEMENT_2D('',#11294,#11295);
#11294 = CARTESIAN_POINT('',(16.300000000514,-16.29999999945));
#11295 = DIRECTION('',(1.,0.));
#11296 = ( GEOMETRIC_REPRESENTATION_CONTEXT(2) 
PARAMETRIC_REPRESENTATION_CONTEXT() REPRESENTATION_CONTEXT('2D SPACE',''
  ) );
#11297 = PCURVE('',#10987,#11298);
#11298 = DEFINITIONAL_REPRESENTATION('',(#11299),#11303);
#11299 = LINE('',#11300,#11301);
#11300 = CARTESIAN_POINT('',(-0.,-1.6));
#11301 = VECTOR('',#11302,1.);
#11302 = DIRECTION('',(-1.,0.));
#11303 = ( GEOMETRIC_REPRESENTATION_CONTEXT(2) 
PARAMETRIC_REPRESENTATION_CONTEXT() REPRESENTATION_CONTEXT('2D SPACE',''
  ) );
#11304 = FACE_BOUND('',#11305,.T.);
#11305 = EDGE_LOOP('',(#11306));
#11306 = ORIENTED_EDGE('',*,*,#11307,.F.);
#11307 = EDGE_CURVE('',#11308,#11308,#11310,.T.);
#11308 = VERTEX_POINT('',#11309);
#11309 = CARTESIAN_POINT('',(3.45,34.8,1.6));
#11310 = SURFACE_CURVE('',#11311,(#11316,#11323),.PCURVE_S1.);
#11311 = CIRCLE('',#11312,1.25);
#11312 = AXIS2_PLACEMENT_3D('',#11313,#11314,#11315);
#11313 = CARTESIAN_POINT('',(2.2,34.8,1.6));
#11314 = DIRECTION('',(0.,0.,1.));
#11315 = DIRECTION('',(1.,0.,0.));
#11316 = PCURVE('',#11071,#11317);
#11317 = DEFINITIONAL_REPRESENTATION('',(#11318),#11322);
#11318 = CIRCLE('',#11319,1.25);
#11319 = AXIS2_PLACEMENT_2D('',#11320,#11321);
#11320 = CARTESIAN_POINT('',(-16.29999999948,16.300000000546));
#11321 = DIRECTION('',(1.,0.));
#11322 = ( GEOMETRIC_REPRESENTATION_CONTEXT(2) 
PARAMETRIC_REPRESENTATION_CONTEXT() REPRESENTATION_CONTEXT('2D SPACE',''
  ) );
#11323 = PCURVE('',#10925,#11324);
#11324 = DEFINITIONAL_REPRESENTATION('',(#11325),#11329);
#11325 = LINE('',#11326,#11327);
#11326 = CARTESIAN_POINT('',(-0.,-1.6));
#11327 = VECTOR('',#11328,1.);
#11328 = DIRECTION('',(-1.,0.));
#11329 = ( GEOMETRIC_REPRESENTATION_CONTEXT(2) 
PARAMETRIC_REPRESENTATION_CONTEXT() REPRESENTATION_CONTEXT('2D SPACE',''
  ) );
#11330 = FACE_BOUND('',#11331,.T.);
#11331 = EDGE_LOOP('',(#11332,#11362,#11390,#11418));
#11332 = ORIENTED_EDGE('',*,*,#11333,.F.);
#11333 = EDGE_CURVE('',#11334,#11336,#11338,.T.);
#11334 = VERTEX_POINT('',#11335);
#11335 = CARTESIAN_POINT('',(12.5,16.25,1.6));
#11336 = VERTEX_POINT('',#11337);
#11337 = CARTESIAN_POINT('',(27.5,16.25,1.6));
#11338 = SURFACE_CURVE('',#11339,(#11343,#11350),.PCURVE_S1.);
#11339 = LINE('',#11340,#11341);
#11340 = CARTESIAN_POINT('',(20.,16.25,1.6));
#11341 = VECTOR('',#11342,1.);
#11342 = DIRECTION('',(1.,0.,0.));
#11343 = PCURVE('',#11071,#11344);
#11344 = DEFINITIONAL_REPRESENTATION('',(#11345),#11349);
#11345 = LINE('',#11346,#11347);
#11346 = CARTESIAN_POINT('',(1.500000000514,-2.249999999454));
#11347 = VECTOR('',#11348,1.);
#11348 = DIRECTION('',(1.,0.));
#11349 = ( GEOMETRIC_REPRESENTATION_CONTEXT(2) 
PARAMETRIC_REPRESENTATION_CONTEXT() REPRESENTATION_CONTEXT('2D SPACE',''
  ) );
#11350 = PCURVE('',#11351,#11356);
#11351 = PLANE('',#11352);
#11352 = AXIS2_PLACEMENT_3D('',#11353,#11354,#11355);
#11353 = CARTESIAN_POINT('',(12.5,16.25,1.6));
#11354 = DIRECTION('',(0.,1.,0.));
#11355 = DIRECTION('',(1.,0.,0.));
#11356 = DEFINITIONAL_REPRESENTATION('',(#11357),#11361);
#11357 = LINE('',#11358,#11359);
#11358 = CARTESIAN_POINT('',(7.5,0.));
#11359 = VECTOR('',#11360,1.);
#11360 = DIRECTION('',(1.,0.));
#11361 = ( GEOMETRIC_REPRESENTATION_CONTEXT(2) 
PARAMETRIC_REPRESENTATION_CONTEXT() REPRESENTATION_CONTEXT('2D SPACE',''
  ) );
#11362 = ORIENTED_EDGE('',*,*,#11363,.T.);
#11363 = EDGE_CURVE('',#11334,#11364,#11366,.T.);
#11364 = VERTEX_POINT('',#11365);
#11365 = CARTESIAN_POINT('',(12.5,31.75,1.6));
#11366 = SURFACE_CURVE('',#11367,(#11371,#11378),.PCURVE_S1.);
#11367 = LINE('',#11368,#11369);
#11368 = CARTESIAN_POINT('',(12.5,24.,1.6));
#11369 = VECTOR('',#11370,1.);
#11370 = DIRECTION('',(0.,1.,0.));
#11371 = PCURVE('',#11071,#11372);
#11372 = DEFINITIONAL_REPRESENTATION('',(#11373),#11377);
#11373 = LINE('',#11374,#11375);
#11374 = CARTESIAN_POINT('',(-5.999999999486,5.500000000546));
#11375 = VECTOR('',#11376,1.);
#11376 = DIRECTION('',(0.,1.));
#11377 = ( GEOMETRIC_REPRESENTATION_CONTEXT(2) 
PARAMETRIC_REPRESENTATION_CONTEXT() REPRESENTATION_CONTEXT('2D SPACE',''
  ) );
#11378 = PCURVE('',#11379,#11384);
#11379 = PLANE('',#11380);
#11380 = AXIS2_PLACEMENT_3D('',#11381,#11382,#11383);
#11381 = CARTESIAN_POINT('',(12.5,16.25,1.6));
#11382 = DIRECTION('',(-1.,0.,0.));
#11383 = DIRECTION('',(0.,1.,0.));
#11384 = DEFINITIONAL_REPRESENTATION('',(#11385),#11389);
#11385 = LINE('',#11386,#11387);
#11386 = CARTESIAN_POINT('',(7.75,0.));
#11387 = VECTOR('',#11388,1.);
#11388 = DIRECTION('',(1.,0.));
#11389 = ( GEOMETRIC_REPRESENTATION_CONTEXT(2) 
PARAMETRIC_REPRESENTATION_CONTEXT() REPRESENTATION_CONTEXT('2D SPACE',''
  ) );
#11390 = ORIENTED_EDGE('',*,*,#11391,.T.);
#11391 = EDGE_CURVE('',#11364,#11392,#11394,.T.);
#11392 = VERTEX_POINT('',#11393);
#11393 = CARTESIAN_POINT('',(27.5,31.75,1.6));
#11394 = SURFACE_CURVE('',#11395,(#11399,#11406),.PCURVE_S1.);
#11395 = LINE('',#11396,#11397);
#11396 = CARTESIAN_POINT('',(20.,31.75,1.6));
#11397 = VECTOR('',#11398,1.);
#11398 = DIRECTION('',(1.,0.,0.));
#11399 = PCURVE('',#11071,#11400);
#11400 = DEFINITIONAL_REPRESENTATION('',(#11401),#11405);
#11401 = LINE('',#11402,#11403);
#11402 = CARTESIAN_POINT('',(1.500000000514,13.250000000546));
#11403 = VECTOR('',#11404,1.);
#11404 = DIRECTION('',(1.,0.));
#11405 = ( GEOMETRIC_REPRESENTATION_CONTEXT(2) 
PARAMETRIC_REPRESENTATION_CONTEXT() REPRESENTATION_CONTEXT('2D SPACE',''
  ) );
#11406 = PCURVE('',#11407,#11412);
#11407 = PLANE('',#11408);
#11408 = AXIS2_PLACEMENT_3D('',#11409,#11410,#11411);
#11409 = CARTESIAN_POINT('',(12.5,31.75,1.6));
#11410 = DIRECTION('',(0.,1.,0.));
#11411 = DIRECTION('',(1.,0.,0.));
#11412 = DEFINITIONAL_REPRESENTATION('',(#11413),#11417);
#11413 = LINE('',#11414,#11415);
#11414 = CARTESIAN_POINT('',(7.5,0.));
#11415 = VECTOR('',#11416,1.);
#11416 = DIRECTION('',(1.,0.));
#11417 = ( GEOMETRIC_REPRESENTATION_CONTEXT(2) 
PARAMETRIC_REPRESENTATION_CONTEXT() REPRESENTATION_CONTEXT('2D SPACE',''
  ) );
#11418 = ORIENTED_EDGE('',*,*,#11419,.F.);
#11419 = EDGE_CURVE('',#11336,#11392,#11420,.T.);
#11420 = SURFACE_CURVE('',#11421,(#11425,#11432),.PCURVE_S1.);
#11421 = LINE('',#11422,#11423);
#11422 = CARTESIAN_POINT('',(27.5,24.,1.6));
#11423 = VECTOR('',#11424,1.);
#11424 = DIRECTION('',(0.,1.,0.));
#11425 = PCURVE('',#11071,#11426);
#11426 = DEFINITIONAL_REPRESENTATION('',(#11427),#11431);
#11427 = LINE('',#11428,#11429);
#11428 = CARTESIAN_POINT('',(9.000000000514,5.500000000546));
#11429 = VECTOR('',#11430,1.);
#11430 = DIRECTION('',(0.,1.));
#11431 = ( GEOMETRIC_REPRESENTATION_CONTEXT(2) 
PARAMETRIC_REPRESENTATION_CONTEXT() REPRESENTATION_CONTEXT('2D SPACE',''
  ) );
#11432 = PCURVE('',#11433,#11438);
#11433 = PLANE('',#11434);
#11434 = AXIS2_PLACEMENT_3D('',#11435,#11436,#11437);
#11435 = CARTESIAN_POINT('',(27.5,16.25,1.6));
#11436 = DIRECTION('',(-1.,0.,0.));
#11437 = DIRECTION('',(0.,1.,0.));
#11438 = DEFINITIONAL_REPRESENTATION('',(#11439),#11443);
#11439 = LINE('',#11440,#11441);
#11440 = CARTESIAN_POINT('',(7.75,0.));
#11441 = VECTOR('',#11442,1.);
#11442 = DIRECTION('',(1.,0.));
#11443 = ( GEOMETRIC_REPRESENTATION_CONTEXT(2) 
PARAMETRIC_REPRESENTATION_CONTEXT() REPRESENTATION_CONTEXT('2D SPACE',''
  ) );
#11444 = FACE_BOUND('',#11445,.T.);
#11445 = EDGE_LOOP('',(#11446));
#11446 = ORIENTED_EDGE('',*,*,#11447,.F.);
#11447 = EDGE_CURVE('',#11448,#11448,#11450,.T.);
#11448 = VERTEX_POINT('',#11449);
#11449 = CARTESIAN_POINT('',(36.05,34.8,1.6));
#11450 = SURFACE_CURVE('',#11451,(#11456,#11463),.PCURVE_S1.);
#11451 = CIRCLE('',#11452,1.25);
#11452 = AXIS2_PLACEMENT_3D('',#11453,#11454,#11455);
#11453 = CARTESIAN_POINT('',(34.8,34.8,1.6));
#11454 = DIRECTION('',(0.,0.,1.));
#11455 = DIRECTION('',(1.,0.,0.));
#11456 = PCURVE('',#11071,#11457);
#11457 = DEFINITIONAL_REPRESENTATION('',(#11458),#11462);
#11458 = CIRCLE('',#11459,1.25);
#11459 = AXIS2_PLACEMENT_2D('',#11460,#11461);
#11460 = CARTESIAN_POINT('',(16.300000000514,16.300000000546));
#11461 = DIRECTION('',(1.,0.));
#11462 = ( GEOMETRIC_REPRESENTATION_CONTEXT(2) 
PARAMETRIC_REPRESENTATION_CONTEXT() REPRESENTATION_CONTEXT('2D SPACE',''
  ) );
#11463 = PCURVE('',#10956,#11464);
#11464 = DEFINITIONAL_REPRESENTATION('',(#11465),#11469);
#11465 = LINE('',#11466,#11467);
#11466 = CARTESIAN_POINT('',(-0.,-1.6));
#11467 = VECTOR('',#11468,1.);
#11468 = DIRECTION('',(-1.,0.));
#11469 = ( GEOMETRIC_REPRESENTATION_CONTEXT(2) 
PARAMETRIC_REPRESENTATION_CONTEXT() REPRESENTATION_CONTEXT('2D SPACE',''
  ) );
#11470 = ADVANCED_FACE('',(#11471),#11379,.T.);
#11471 = FACE_BOUND('',#11472,.T.);
#11472 = EDGE_LOOP('',(#11473,#11496,#11524,#11545));
#11473 = ORIENTED_EDGE('',*,*,#11474,.T.);
#11474 = EDGE_CURVE('',#11334,#11475,#11477,.T.);
#11475 = VERTEX_POINT('',#11476);
#11476 = CARTESIAN_POINT('',(12.5,16.25,9.1));
#11477 = SURFACE_CURVE('',#11478,(#11482,#11489),.PCURVE_S1.);
#11478 = LINE('',#11479,#11480);
#11479 = CARTESIAN_POINT('',(12.5,16.25,1.6));
#11480 = VECTOR('',#11481,1.);
#11481 = DIRECTION('',(0.,0.,1.));
#11482 = PCURVE('',#11379,#11483);
#11483 = DEFINITIONAL_REPRESENTATION('',(#11484),#11488);
#11484 = LINE('',#11485,#11486);
#11485 = CARTESIAN_POINT('',(0.,0.));
#11486 = VECTOR('',#11487,1.);
#11487 = DIRECTION('',(0.,-1.));
#11488 = ( GEOMETRIC_REPRESENTATION_CONTEXT(2) 
PARAMETRIC_REPRESENTATION_CONTEXT() REPRESENTATION_CONTEXT('2D SPACE',''
  ) );
#11489 = PCURVE('',#11351,#11490);
#11490 = DEFINITIONAL_REPRESENTATION('',(#11491),#11495);
#11491 = LINE('',#11492,#11493);
#11492 = CARTESIAN_POINT('',(0.,0.));
#11493 = VECTOR('',#11494,1.);
#11494 = DIRECTION('',(0.,-1.));
#11495 = ( GEOMETRIC_REPRESENTATION_CONTEXT(2) 
PARAMETRIC_REPRESENTATION_CONTEXT() REPRESENTATION_CONTEXT('2D SPACE',''
  ) );
#11496 = ORIENTED_EDGE('',*,*,#11497,.T.);
#11497 = EDGE_CURVE('',#11475,#11498,#11500,.T.);
#11498 = VERTEX_POINT('',#11499);
#11499 = CARTESIAN_POINT('',(12.5,31.75,9.1));
#11500 = SURFACE_CURVE('',#11501,(#11505,#11512),.PCURVE_S1.);
#11501 = LINE('',#11502,#11503);
#11502 = CARTESIAN_POINT('',(12.5,24.,9.1));
#11503 = VECTOR('',#11504,1.);
#11504 = DIRECTION('',(0.,1.,0.));
#11505 = PCURVE('',#11379,#11506);
#11506 = DEFINITIONAL_REPRESENTATION('',(#11507),#11511);
#11507 = LINE('',#11508,#11509);
#11508 = CARTESIAN_POINT('',(7.75,-7.5));
#11509 = VECTOR('',#11510,1.);
#11510 = DIRECTION('',(1.,0.));
#11511 = ( GEOMETRIC_REPRESENTATION_CONTEXT(2) 
PARAMETRIC_REPRESENTATION_CONTEXT() REPRESENTATION_CONTEXT('2D SPACE',''
  ) );
#11512 = PCURVE('',#11513,#11518);
#11513 = PLANE('',#11514);
#11514 = AXIS2_PLACEMENT_3D('',#11515,#11516,#11517);
#11515 = CARTESIAN_POINT('',(20.,24.,9.1));
#11516 = DIRECTION('',(0.,0.,1.));
#11517 = DIRECTION('',(1.,0.,0.));
#11518 = DEFINITIONAL_REPRESENTATION('',(#11519),#11523);
#11519 = LINE('',#11520,#11521);
#11520 = CARTESIAN_POINT('',(-7.5,0.));
#11521 = VECTOR('',#11522,1.);
#11522 = DIRECTION('',(0.,1.));
#11523 = ( GEOMETRIC_REPRESENTATION_CONTEXT(2) 
PARAMETRIC_REPRESENTATION_CONTEXT() REPRESENTATION_CONTEXT('2D SPACE',''
  ) );
#11524 = ORIENTED_EDGE('',*,*,#11525,.F.);
#11525 = EDGE_CURVE('',#11364,#11498,#11526,.T.);
#11526 = SURFACE_CURVE('',#11527,(#11531,#11538),.PCURVE_S1.);
#11527 = LINE('',#11528,#11529);
#11528 = CARTESIAN_POINT('',(12.5,31.75,1.6));
#11529 = VECTOR('',#11530,1.);
#11530 = DIRECTION('',(0.,0.,1.));
#11531 = PCURVE('',#11379,#11532);
#11532 = DEFINITIONAL_REPRESENTATION('',(#11533),#11537);
#11533 = LINE('',#11534,#11535);
#11534 = CARTESIAN_POINT('',(15.5,0.));
#11535 = VECTOR('',#11536,1.);
#11536 = DIRECTION('',(0.,-1.));
#11537 = ( GEOMETRIC_REPRESENTATION_CONTEXT(2) 
PARAMETRIC_REPRESENTATION_CONTEXT() REPRESENTATION_CONTEXT('2D SPACE',''
  ) );
#11538 = PCURVE('',#11407,#11539);
#11539 = DEFINITIONAL_REPRESENTATION('',(#11540),#11544);
#11540 = LINE('',#11541,#11542);
#11541 = CARTESIAN_POINT('',(0.,0.));
#11542 = VECTOR('',#11543,1.);
#11543 = DIRECTION('',(0.,-1.));
#11544 = ( GEOMETRIC_REPRESENTATION_CONTEXT(2) 
PARAMETRIC_REPRESENTATION_CONTEXT() REPRESENTATION_CONTEXT('2D SPACE',''
  ) );
#11545 = ORIENTED_EDGE('',*,*,#11363,.F.);
#11546 = ADVANCED_FACE('',(#11547),#11513,.T.);
#11547 = FACE_BOUND('',#11548,.T.);
#11548 = EDGE_LOOP('',(#11549,#11550,#11573,#11596));
#11549 = ORIENTED_EDGE('',*,*,#11497,.F.);
#11550 = ORIENTED_EDGE('',*,*,#11551,.T.);
#11551 = EDGE_CURVE('',#11475,#11552,#11554,.T.);
#11552 = VERTEX_POINT('',#11553);
#11553 = CARTESIAN_POINT('',(27.5,16.25,9.1));
#11554 = SURFACE_CURVE('',#11555,(#11559,#11566),.PCURVE_S1.);
#11555 = LINE('',#11556,#11557);
#11556 = CARTESIAN_POINT('',(20.,16.25,9.1));
#11557 = VECTOR('',#11558,1.);
#11558 = DIRECTION('',(1.,0.,0.));
#11559 = PCURVE('',#11513,#11560);
#11560 = DEFINITIONAL_REPRESENTATION('',(#11561),#11565);
#11561 = LINE('',#11562,#11563);
#11562 = CARTESIAN_POINT('',(0.,-7.75));
#11563 = VECTOR('',#11564,1.);
#11564 = DIRECTION('',(1.,0.));
#11565 = ( GEOMETRIC_REPRESENTATION_CONTEXT(2) 
PARAMETRIC_REPRESENTATION_CONTEXT() REPRESENTATION_CONTEXT('2D SPACE',''
  ) );
#11566 = PCURVE('',#11351,#11567);
#11567 = DEFINITIONAL_REPRESENTATION('',(#11568),#11572);
#11568 = LINE('',#11569,#11570);
#11569 = CARTESIAN_POINT('',(7.5,-7.5));
#11570 = VECTOR('',#11571,1.);
#11571 = DIRECTION('',(1.,0.));
#11572 = ( GEOMETRIC_REPRESENTATION_CONTEXT(2) 
PARAMETRIC_REPRESENTATION_CONTEXT() REPRESENTATION_CONTEXT('2D SPACE',''
  ) );
#11573 = ORIENTED_EDGE('',*,*,#11574,.T.);
#11574 = EDGE_CURVE('',#11552,#11575,#11577,.T.);
#11575 = VERTEX_POINT('',#11576);
#11576 = CARTESIAN_POINT('',(27.5,31.75,9.1));
#11577 = SURFACE_CURVE('',#11578,(#11582,#11589),.PCURVE_S1.);
#11578 = LINE('',#11579,#11580);
#11579 = CARTESIAN_POINT('',(27.5,24.,9.1));
#11580 = VECTOR('',#11581,1.);
#11581 = DIRECTION('',(0.,1.,0.));
#11582 = PCURVE('',#11513,#11583);
#11583 = DEFINITIONAL_REPRESENTATION('',(#11584),#11588);
#11584 = LINE('',#11585,#11586);
#11585 = CARTESIAN_POINT('',(7.5,0.));
#11586 = VECTOR('',#11587,1.);
#11587 = DIRECTION('',(0.,1.));
#11588 = ( GEOMETRIC_REPRESENTATION_CONTEXT(2) 
PARAMETRIC_REPRESENTATION_CONTEXT() REPRESENTATION_CONTEXT('2D SPACE',''
  ) );
#11589 = PCURVE('',#11433,#11590);
#11590 = DEFINITIONAL_REPRESENTATION('',(#11591),#11595);
#11591 = LINE('',#11592,#11593);
#11592 = CARTESIAN_POINT('',(7.75,-7.5));
#11593 = VECTOR('',#11594,1.);
#11594 = DIRECTION('',(1.,0.));
#11595 = ( GEOMETRIC_REPRESENTATION_CONTEXT(2) 
PARAMETRIC_REPRESENTATION_CONTEXT() REPRESENTATION_CONTEXT('2D SPACE',''
  ) );
#11596 = ORIENTED_EDGE('',*,*,#11597,.F.);
#11597 = EDGE_CURVE('',#11498,#11575,#11598,.T.);
#11598 = SURFACE_CURVE('',#11599,(#11603,#11610),.PCURVE_S1.);
#11599 = LINE('',#11600,#11601);
#11600 = CARTESIAN_POINT('',(20.,31.75,9.1));
#11601 = VECTOR('',#11602,1.);
#11602 = DIRECTION('',(1.,0.,0.));
#11603 = PCURVE('',#11513,#11604);
#11604 = DEFINITIONAL_REPRESENTATION('',(#11605),#11609);
#11605 = LINE('',#11606,#11607);
#11606 = CARTESIAN_POINT('',(0.,7.75));
#11607 = VECTOR('',#11608,1.);
#11608 = DIRECTION('',(1.,0.));
#11609 = ( GEOMETRIC_REPRESENTATION_CONTEXT(2) 
PARAMETRIC_REPRESENTATION_CONTEXT() REPRESENTATION_CONTEXT('2D SPACE',''
  ) );
#11610 = PCURVE('',#11407,#11611);
#11611 = DEFINITIONAL_REPRESENTATION('',(#11612),#11616);
#11612 = LINE('',#11613,#11614);
#11613 = CARTESIAN_POINT('',(7.5,-7.5));
#11614 = VECTOR('',#11615,1.);
#11615 = DIRECTION('',(1.,0.));
#11616 = ( GEOMETRIC_REPRESENTATION_CONTEXT(2) 
PARAMETRIC_REPRESENTATION_CONTEXT() REPRESENTATION_CONTEXT('2D SPACE',''
  ) );
#11617 = ADVANCED_FACE('',(#11618),#11407,.T.);
#11618 = FACE_BOUND('',#11619,.T.);
#11619 = EDGE_LOOP('',(#11620,#11621,#11622,#11643));
#11620 = ORIENTED_EDGE('',*,*,#11525,.T.);
#11621 = ORIENTED_EDGE('',*,*,#11597,.T.);
#11622 = ORIENTED_EDGE('',*,*,#11623,.F.);
#11623 = EDGE_CURVE('',#11392,#11575,#11624,.T.);
#11624 = SURFACE_CURVE('',#11625,(#11629,#11636),.PCURVE_S1.);
#11625 = LINE('',#11626,#11627);
#11626 = CARTESIAN_POINT('',(27.5,31.75,1.6));
#11627 = VECTOR('',#11628,1.);
#11628 = DIRECTION('',(0.,0.,1.));
#11629 = PCURVE('',#11407,#11630);
#11630 = DEFINITIONAL_REPRESENTATION('',(#11631),#11635);
#11631 = LINE('',#11632,#11633);
#11632 = CARTESIAN_POINT('',(15.,0.));
#11633 = VECTOR('',#11634,1.);
#11634 = DIRECTION('',(0.,-1.));
#11635 = ( GEOMETRIC_REPRESENTATION_CONTEXT(2) 
PARAMETRIC_REPRESENTATION_CONTEXT() REPRESENTATION_CONTEXT('2D SPACE',''
  ) );
#11636 = PCURVE('',#11433,#11637);
#11637 = DEFINITIONAL_REPRESENTATION('',(#11638),#11642);
#11638 = LINE('',#11639,#11640);
#11639 = CARTESIAN_POINT('',(15.5,0.));
#11640 = VECTOR('',#11641,1.);
#11641 = DIRECTION('',(0.,-1.));
#11642 = ( GEOMETRIC_REPRESENTATION_CONTEXT(2) 
PARAMETRIC_REPRESENTATION_CONTEXT() REPRESENTATION_CONTEXT('2D SPACE',''
  ) );
#11643 = ORIENTED_EDGE('',*,*,#11391,.F.);
#11644 = ADVANCED_FACE('',(#11645),#11433,.F.);
#11645 = FACE_BOUND('',#11646,.F.);
#11646 = EDGE_LOOP('',(#11647,#11668,#11669,#11670));
#11647 = ORIENTED_EDGE('',*,*,#11648,.T.);
#11648 = EDGE_CURVE('',#11336,#11552,#11649,.T.);
#11649 = SURFACE_CURVE('',#11650,(#11654,#11661),.PCURVE_S1.);
#11650 = LINE('',#11651,#11652);
#11651 = CARTESIAN_POINT('',(27.5,16.25,1.6));
#11652 = VECTOR('',#11653,1.);
#11653 = DIRECTION('',(0.,0.,1.));
#11654 = PCURVE('',#11433,#11655);
#11655 = DEFINITIONAL_REPRESENTATION('',(#11656),#11660);
#11656 = LINE('',#11657,#11658);
#11657 = CARTESIAN_POINT('',(0.,0.));
#11658 = VECTOR('',#11659,1.);
#11659 = DIRECTION('',(0.,-1.));
#11660 = ( GEOMETRIC_REPRESENTATION_CONTEXT(2) 
PARAMETRIC_REPRESENTATION_CONTEXT() REPRESENTATION_CONTEXT('2D SPACE',''
  ) );
#11661 = PCURVE('',#11351,#11662);
#11662 = DEFINITIONAL_REPRESENTATION('',(#11663),#11667);
#11663 = LINE('',#11664,#11665);
#11664 = CARTESIAN_POINT('',(15.,0.));
#11665 = VECTOR('',#11666,1.);
#11666 = DIRECTION('',(0.,-1.));
#11667 = ( GEOMETRIC_REPRESENTATION_CONTEXT(2) 
PARAMETRIC_REPRESENTATION_CONTEXT() REPRESENTATION_CONTEXT('2D SPACE',''
  ) );
#11668 = ORIENTED_EDGE('',*,*,#11574,.T.);
#11669 = ORIENTED_EDGE('',*,*,#11623,.F.);
#11670 = ORIENTED_EDGE('',*,*,#11419,.F.);
#11671 = ADVANCED_FACE('',(#11672),#11351,.F.);
#11672 = FACE_BOUND('',#11673,.F.);
#11673 = EDGE_LOOP('',(#11674,#11675,#11676,#11677));
#11674 = ORIENTED_EDGE('',*,*,#11474,.T.);
#11675 = ORIENTED_EDGE('',*,*,#11551,.T.);
#11676 = ORIENTED_EDGE('',*,*,#11648,.F.);
#11677 = ORIENTED_EDGE('',*,*,#11333,.F.);
#11678 = ADVANCED_FACE('',(#11679),#10987,.F.);
#11679 = FACE_BOUND('',#11680,.T.);
#11680 = EDGE_LOOP('',(#11681,#11702,#11703,#11704));
#11681 = ORIENTED_EDGE('',*,*,#11682,.T.);
#11682 = EDGE_CURVE('',#10971,#11282,#11683,.T.);
#11683 = SEAM_CURVE('',#11684,(#11688,#11695),.PCURVE_S1.);
#11684 = LINE('',#11685,#11686);
#11685 = CARTESIAN_POINT('',(36.05,2.2,0.));
#11686 = VECTOR('',#11687,1.);
#11687 = DIRECTION('',(0.,0.,1.));
#11688 = PCURVE('',#10987,#11689);
#11689 = DEFINITIONAL_REPRESENTATION('',(#11690),#11694);
#11690 = LINE('',#11691,#11692);
#11691 = CARTESIAN_POINT('',(-0.,0.));
#11692 = VECTOR('',#11693,1.);
#11693 = DIRECTION('',(-0.,-1.));
#11694 = ( GEOMETRIC_REPRESENTATION_CONTEXT(2) 
PARAMETRIC_REPRESENTATION_CONTEXT() REPRESENTATION_CONTEXT('2D SPACE',''
  ) );
#11695 = PCURVE('',#10987,#11696);
#11696 = DEFINITIONAL_REPRESENTATION('',(#11697),#11701);
#11697 = LINE('',#11698,#11699);
#11698 = CARTESIAN_POINT('',(-6.28318530718,0.));
#11699 = VECTOR('',#11700,1.);
#11700 = DIRECTION('',(-0.,-1.));
#11701 = ( GEOMETRIC_REPRESENTATION_CONTEXT(2) 
PARAMETRIC_REPRESENTATION_CONTEXT() REPRESENTATION_CONTEXT('2D SPACE',''
  ) );
#11702 = ORIENTED_EDGE('',*,*,#11281,.T.);
#11703 = ORIENTED_EDGE('',*,*,#11682,.F.);
#11704 = ORIENTED_EDGE('',*,*,#10970,.F.);
#11705 = ADVANCED_FACE('',(#11706),#10956,.F.);
#11706 = FACE_BOUND('',#11707,.T.);
#11707 = EDGE_LOOP('',(#11708,#11729,#11730,#11731));
#11708 = ORIENTED_EDGE('',*,*,#11709,.T.);
#11709 = EDGE_CURVE('',#10940,#11448,#11710,.T.);
#11710 = SEAM_CURVE('',#11711,(#11715,#11722),.PCURVE_S1.);
#11711 = LINE('',#11712,#11713);
#11712 = CARTESIAN_POINT('',(36.05,34.8,0.));
#11713 = VECTOR('',#11714,1.);
#11714 = DIRECTION('',(0.,0.,1.));
#11715 = PCURVE('',#10956,#11716);
#11716 = DEFINITIONAL_REPRESENTATION('',(#11717),#11721);
#11717 = LINE('',#11718,#11719);
#11718 = CARTESIAN_POINT('',(-0.,0.));
#11719 = VECTOR('',#11720,1.);
#11720 = DIRECTION('',(-0.,-1.));
#11721 = ( GEOMETRIC_REPRESENTATION_CONTEXT(2) 
PARAMETRIC_REPRESENTATION_CONTEXT() REPRESENTATION_CONTEXT('2D SPACE',''
  ) );
#11722 = PCURVE('',#10956,#11723);
#11723 = DEFINITIONAL_REPRESENTATION('',(#11724),#11728);
#11724 = LINE('',#11725,#11726);
#11725 = CARTESIAN_POINT('',(-6.28318530718,0.));
#11726 = VECTOR('',#11727,1.);
#11727 = DIRECTION('',(-0.,-1.));
#11728 = ( GEOMETRIC_REPRESENTATION_CONTEXT(2) 
PARAMETRIC_REPRESENTATION_CONTEXT() REPRESENTATION_CONTEXT('2D SPACE',''
  ) );
#11729 = ORIENTED_EDGE('',*,*,#11447,.T.);
#11730 = ORIENTED_EDGE('',*,*,#11709,.F.);
#11731 = ORIENTED_EDGE('',*,*,#10939,.F.);
#11732 = ADVANCED_FACE('',(#11733),#10925,.F.);
#11733 = FACE_BOUND('',#11734,.T.);
#11734 = EDGE_LOOP('',(#11735,#11756,#11757,#11758));
#11735 = ORIENTED_EDGE('',*,*,#11736,.T.);
#11736 = EDGE_CURVE('',#10909,#11308,#11737,.T.);
#11737 = SEAM_CURVE('',#11738,(#11742,#11749),.PCURVE_S1.);
#11738 = LINE('',#11739,#11740);
#11739 = CARTESIAN_POINT('',(3.45,34.8,0.));
#11740 = VECTOR('',#11741,1.);
#11741 = DIRECTION('',(0.,0.,1.));
#11742 = PCURVE('',#10925,#11743);
#11743 = DEFINITIONAL_REPRESENTATION('',(#11744),#11748);
#11744 = LINE('',#11745,#11746);
#11745 = CARTESIAN_POINT('',(-0.,0.));
#11746 = VECTOR('',#11747,1.);
#11747 = DIRECTION('',(-0.,-1.));
#11748 = ( GEOMETRIC_REPRESENTATION_CONTEXT(2) 
PARAMETRIC_REPRESENTATION_CONTEXT() REPRESENTATION_CONTEXT('2D SPACE',''
  ) );
#11749 = PCURVE('',#10925,#11750);
#11750 = DEFINITIONAL_REPRESENTATION('',(#11751),#11755);
#11751 = LINE('',#11752,#11753);
#11752 = CARTESIAN_POINT('',(-6.28318530718,0.));
#11753 = VECTOR('',#11754,1.);
#11754 = DIRECTION('',(-0.,-1.));
#11755 = ( GEOMETRIC_REPRESENTATION_CONTEXT(2) 
PARAMETRIC_REPRESENTATION_CONTEXT() REPRESENTATION_CONTEXT('2D SPACE',''
  ) );
#11756 = ORIENTED_EDGE('',*,*,#11307,.T.);
#11757 = ORIENTED_EDGE('',*,*,#11736,.F.);
#11758 = ORIENTED_EDGE('',*,*,#10908,.F.);
#11759 = ADVANCED_FACE('',(#11760),#10894,.T.);
#11760 = FACE_BOUND('',#11761,.T.);
#11761 = EDGE_LOOP('',(#11762,#11785,#11813,#11834));
#11762 = ORIENTED_EDGE('',*,*,#11763,.T.);
#11763 = EDGE_CURVE('',#10737,#11764,#11766,.T.);
#11764 = VERTEX_POINT('',#11765);
#11765 = CARTESIAN_POINT('',(3.5,10.5,-2.9));
#11766 = SURFACE_CURVE('',#11767,(#11771,#11778),.PCURVE_S1.);
#11767 = LINE('',#11768,#11769);
#11768 = CARTESIAN_POINT('',(3.5,10.5,0.));
#11769 = VECTOR('',#11770,1.);
#11770 = DIRECTION('',(-0.,-0.,-1.));
#11771 = PCURVE('',#10894,#11772);
#11772 = DEFINITIONAL_REPRESENTATION('',(#11773),#11777);
#11773 = LINE('',#11774,#11775);
#11774 = CARTESIAN_POINT('',(0.,0.));
#11775 = VECTOR('',#11776,1.);
#11776 = DIRECTION('',(0.,-1.));
#11777 = ( GEOMETRIC_REPRESENTATION_CONTEXT(2) 
PARAMETRIC_REPRESENTATION_CONTEXT() REPRESENTATION_CONTEXT('2D SPACE',''
  ) );
#11778 = PCURVE('',#10754,#11779);
#11779 = DEFINITIONAL_REPRESENTATION('',(#11780),#11784);
#11780 = LINE('',#11781,#11782);
#11781 = CARTESIAN_POINT('',(0.,0.));
#11782 = VECTOR('',#11783,1.);
#11783 = DIRECTION('',(0.,-1.));
#11784 = ( GEOMETRIC_REPRESENTATION_CONTEXT(2) 
PARAMETRIC_REPRESENTATION_CONTEXT() REPRESENTATION_CONTEXT('2D SPACE',''
  ) );
#11785 = ORIENTED_EDGE('',*,*,#11786,.T.);
#11786 = EDGE_CURVE('',#11764,#11787,#11789,.T.);
#11787 = VERTEX_POINT('',#11788);
#11788 = CARTESIAN_POINT('',(33.5,10.5,-2.9));
#11789 = SURFACE_CURVE('',#11790,(#11794,#11801),.PCURVE_S1.);
#11790 = LINE('',#11791,#11792);
#11791 = CARTESIAN_POINT('',(18.5,10.5,-2.9));
#11792 = VECTOR('',#11793,1.);
#11793 = DIRECTION('',(1.,0.,0.));
#11794 = PCURVE('',#10894,#11795);
#11795 = DEFINITIONAL_REPRESENTATION('',(#11796),#11800);
#11796 = LINE('',#11797,#11798);
#11797 = CARTESIAN_POINT('',(15.,-2.9));
#11798 = VECTOR('',#11799,1.);
#11799 = DIRECTION('',(1.,0.));
#11800 = ( GEOMETRIC_REPRESENTATION_CONTEXT(2) 
PARAMETRIC_REPRESENTATION_CONTEXT() REPRESENTATION_CONTEXT('2D SPACE',''
  ) );
#11801 = PCURVE('',#11802,#11807);
#11802 = PLANE('',#11803);
#11803 = AXIS2_PLACEMENT_3D('',#11804,#11805,#11806);
#11804 = CARTESIAN_POINT('',(18.5,22.5,-2.9));
#11805 = DIRECTION('',(0.,0.,1.));
#11806 = DIRECTION('',(1.,0.,0.));
#11807 = DEFINITIONAL_REPRESENTATION('',(#11808),#11812);
#11808 = LINE('',#11809,#11810);
#11809 = CARTESIAN_POINT('',(0.,-12.));
#11810 = VECTOR('',#11811,1.);
#11811 = DIRECTION('',(1.,0.));
#11812 = ( GEOMETRIC_REPRESENTATION_CONTEXT(2) 
PARAMETRIC_REPRESENTATION_CONTEXT() REPRESENTATION_CONTEXT('2D SPACE',''
  ) );
#11813 = ORIENTED_EDGE('',*,*,#11814,.F.);
#11814 = EDGE_CURVE('',#10853,#11787,#11815,.T.);
#11815 = SURFACE_CURVE('',#11816,(#11820,#11827),.PCURVE_S1.);
#11816 = LINE('',#11817,#11818);
#11817 = CARTESIAN_POINT('',(33.5,10.5,0.));
#11818 = VECTOR('',#11819,1.);
#11819 = DIRECTION('',(-0.,-0.,-1.));
#11820 = PCURVE('',#10894,#11821);
#11821 = DEFINITIONAL_REPRESENTATION('',(#11822),#11826);
#11822 = LINE('',#11823,#11824);
#11823 = CARTESIAN_POINT('',(30.,0.));
#11824 = VECTOR('',#11825,1.);
#11825 = DIRECTION('',(0.,-1.));
#11826 = ( GEOMETRIC_REPRESENTATION_CONTEXT(2) 
PARAMETRIC_REPRESENTATION_CONTEXT() REPRESENTATION_CONTEXT('2D SPACE',''
  ) );
#11827 = PCURVE('',#10868,#11828);
#11828 = DEFINITIONAL_REPRESENTATION('',(#11829),#11833);
#11829 = LINE('',#11830,#11831);
#11830 = CARTESIAN_POINT('',(0.,0.));
#11831 = VECTOR('',#11832,1.);
#11832 = DIRECTION('',(0.,-1.));
#11833 = ( GEOMETRIC_REPRESENTATION_CONTEXT(2) 
PARAMETRIC_REPRESENTATION_CONTEXT() REPRESENTATION_CONTEXT('2D SPACE',''
  ) );
#11834 = ORIENTED_EDGE('',*,*,#10880,.F.);
#11835 = ADVANCED_FACE('',(#11836),#11802,.F.);
#11836 = FACE_BOUND('',#11837,.F.);
#11837 = EDGE_LOOP('',(#11838,#11861,#11862,#11885,#11909,#11932));
#11838 = ORIENTED_EDGE('',*,*,#11839,.F.);
#11839 = EDGE_CURVE('',#11764,#11840,#11842,.T.);
#11840 = VERTEX_POINT('',#11841);
#11841 = CARTESIAN_POINT('',(3.5,32.096298833081,-2.9));
#11842 = SURFACE_CURVE('',#11843,(#11847,#11854),.PCURVE_S1.);
#11843 = LINE('',#11844,#11845);
#11844 = CARTESIAN_POINT('',(3.5,22.5,-2.9));
#11845 = VECTOR('',#11846,1.);
#11846 = DIRECTION('',(0.,1.,0.));
#11847 = PCURVE('',#11802,#11848);
#11848 = DEFINITIONAL_REPRESENTATION('',(#11849),#11853);
#11849 = LINE('',#11850,#11851);
#11850 = CARTESIAN_POINT('',(-15.,0.));
#11851 = VECTOR('',#11852,1.);
#11852 = DIRECTION('',(0.,1.));
#11853 = ( GEOMETRIC_REPRESENTATION_CONTEXT(2) 
PARAMETRIC_REPRESENTATION_CONTEXT() REPRESENTATION_CONTEXT('2D SPACE',''
  ) );
#11854 = PCURVE('',#10754,#11855);
#11855 = DEFINITIONAL_REPRESENTATION('',(#11856),#11860);
#11856 = LINE('',#11857,#11858);
#11857 = CARTESIAN_POINT('',(12.,-2.9));
#11858 = VECTOR('',#11859,1.);
#11859 = DIRECTION('',(1.,0.));
#11860 = ( GEOMETRIC_REPRESENTATION_CONTEXT(2) 
PARAMETRIC_REPRESENTATION_CONTEXT() REPRESENTATION_CONTEXT('2D SPACE',''
  ) );
#11861 = ORIENTED_EDGE('',*,*,#11786,.T.);
#11862 = ORIENTED_EDGE('',*,*,#11863,.T.);
#11863 = EDGE_CURVE('',#11787,#11864,#11866,.T.);
#11864 = VERTEX_POINT('',#11865);
#11865 = CARTESIAN_POINT('',(33.5,32.096298833081,-2.9));
#11866 = SURFACE_CURVE('',#11867,(#11871,#11878),.PCURVE_S1.);
#11867 = LINE('',#11868,#11869);
#11868 = CARTESIAN_POINT('',(33.5,22.5,-2.9));
#11869 = VECTOR('',#11870,1.);
#11870 = DIRECTION('',(0.,1.,0.));
#11871 = PCURVE('',#11802,#11872);
#11872 = DEFINITIONAL_REPRESENTATION('',(#11873),#11877);
#11873 = LINE('',#11874,#11875);
#11874 = CARTESIAN_POINT('',(15.,0.));
#11875 = VECTOR('',#11876,1.);
#11876 = DIRECTION('',(0.,1.));
#11877 = ( GEOMETRIC_REPRESENTATION_CONTEXT(2) 
PARAMETRIC_REPRESENTATION_CONTEXT() REPRESENTATION_CONTEXT('2D SPACE',''
  ) );
#11878 = PCURVE('',#10868,#11879);
#11879 = DEFINITIONAL_REPRESENTATION('',(#11880),#11884);
#11880 = LINE('',#11881,#11882);
#11881 = CARTESIAN_POINT('',(12.,-2.9));
#11882 = VECTOR('',#11883,1.);
#11883 = DIRECTION('',(1.,0.));
#11884 = ( GEOMETRIC_REPRESENTATION_CONTEXT(2) 
PARAMETRIC_REPRESENTATION_CONTEXT() REPRESENTATION_CONTEXT('2D SPACE',''
  ) );
#11885 = ORIENTED_EDGE('',*,*,#11886,.F.);
#11886 = EDGE_CURVE('',#11887,#11864,#11889,.T.);
#11887 = VERTEX_POINT('',#11888);
#11888 = CARTESIAN_POINT('',(31.81503768868,34.5,-2.9));
#11889 = SURFACE_CURVE('',#11890,(#11895,#11902),.PCURVE_S1.);
#11890 = CIRCLE('',#11891,3.);
#11891 = AXIS2_PLACEMENT_3D('',#11892,#11893,#11894);
#11892 = CARTESIAN_POINT('',(34.8,34.8,-2.9));
#11893 = DIRECTION('',(0.,0.,1.));
#11894 = DIRECTION('',(1.,0.,-0.));
#11895 = PCURVE('',#11802,#11896);
#11896 = DEFINITIONAL_REPRESENTATION('',(#11897),#11901);
#11897 = CIRCLE('',#11898,3.);
#11898 = AXIS2_PLACEMENT_2D('',#11899,#11900);
#11899 = CARTESIAN_POINT('',(16.3,12.3));
#11900 = DIRECTION('',(1.,0.));
#11901 = ( GEOMETRIC_REPRESENTATION_CONTEXT(2) 
PARAMETRIC_REPRESENTATION_CONTEXT() REPRESENTATION_CONTEXT('2D SPACE',''
  ) );
#11902 = PCURVE('',#10840,#11903);
#11903 = DEFINITIONAL_REPRESENTATION('',(#11904),#11908);
#11904 = LINE('',#11905,#11906);
#11905 = CARTESIAN_POINT('',(0.,-2.9));
#11906 = VECTOR('',#11907,1.);
#11907 = DIRECTION('',(1.,0.));
#11908 = ( GEOMETRIC_REPRESENTATION_CONTEXT(2) 
PARAMETRIC_REPRESENTATION_CONTEXT() REPRESENTATION_CONTEXT('2D SPACE',''
  ) );
#11909 = ORIENTED_EDGE('',*,*,#11910,.F.);
#11910 = EDGE_CURVE('',#11911,#11887,#11913,.T.);
#11911 = VERTEX_POINT('',#11912);
#11912 = CARTESIAN_POINT('',(5.18496231132,34.5,-2.9));
#11913 = SURFACE_CURVE('',#11914,(#11918,#11925),.PCURVE_S1.);
#11914 = LINE('',#11915,#11916);
#11915 = CARTESIAN_POINT('',(18.5,34.5,-2.9));
#11916 = VECTOR('',#11917,1.);
#11917 = DIRECTION('',(1.,0.,0.));
#11918 = PCURVE('',#11802,#11919);
#11919 = DEFINITIONAL_REPRESENTATION('',(#11920),#11924);
#11920 = LINE('',#11921,#11922);
#11921 = CARTESIAN_POINT('',(0.,12.));
#11922 = VECTOR('',#11923,1.);
#11923 = DIRECTION('',(1.,0.));
#11924 = ( GEOMETRIC_REPRESENTATION_CONTEXT(2) 
PARAMETRIC_REPRESENTATION_CONTEXT() REPRESENTATION_CONTEXT('2D SPACE',''
  ) );
#11925 = PCURVE('',#10811,#11926);
#11926 = DEFINITIONAL_REPRESENTATION('',(#11927),#11931);
#11927 = LINE('',#11928,#11929);
#11928 = CARTESIAN_POINT('',(15.,-2.9));
#11929 = VECTOR('',#11930,1.);
#11930 = DIRECTION('',(1.,0.));
#11931 = ( GEOMETRIC_REPRESENTATION_CONTEXT(2) 
PARAMETRIC_REPRESENTATION_CONTEXT() REPRESENTATION_CONTEXT('2D SPACE',''
  ) );
#11932 = ORIENTED_EDGE('',*,*,#11933,.F.);
#11933 = EDGE_CURVE('',#11840,#11911,#11934,.T.);
#11934 = SURFACE_CURVE('',#11935,(#11940,#11947),.PCURVE_S1.);
#11935 = CIRCLE('',#11936,3.);
#11936 = AXIS2_PLACEMENT_3D('',#11937,#11938,#11939);
#11937 = CARTESIAN_POINT('',(2.2,34.8,-2.9));
#11938 = DIRECTION('',(0.,0.,1.));
#11939 = DIRECTION('',(1.,0.,-0.));
#11940 = PCURVE('',#11802,#11941);
#11941 = DEFINITIONAL_REPRESENTATION('',(#11942),#11946);
#11942 = CIRCLE('',#11943,3.);
#11943 = AXIS2_PLACEMENT_2D('',#11944,#11945);
#11944 = CARTESIAN_POINT('',(-16.3,12.3));
#11945 = DIRECTION('',(1.,0.));
#11946 = ( GEOMETRIC_REPRESENTATION_CONTEXT(2) 
PARAMETRIC_REPRESENTATION_CONTEXT() REPRESENTATION_CONTEXT('2D SPACE',''
  ) );
#11947 = PCURVE('',#10783,#11948);
#11948 = DEFINITIONAL_REPRESENTATION('',(#11949),#11953);
#11949 = LINE('',#11950,#11951);
#11950 = CARTESIAN_POINT('',(0.,-2.9));
#11951 = VECTOR('',#11952,1.);
#11952 = DIRECTION('',(1.,0.));
#11953 = ( GEOMETRIC_REPRESENTATION_CONTEXT(2) 
PARAMETRIC_REPRESENTATION_CONTEXT() REPRESENTATION_CONTEXT('2D SPACE',''
  ) );
#11954 = ADVANCED_FACE('',(#11955),#10868,.T.);
#11955 = FACE_BOUND('',#11956,.T.);
#11956 = EDGE_LOOP('',(#11957,#11958,#11959,#11960));
#11957 = ORIENTED_EDGE('',*,*,#10852,.F.);
#11958 = ORIENTED_EDGE('',*,*,#11814,.T.);
#11959 = ORIENTED_EDGE('',*,*,#11863,.T.);
#11960 = ORIENTED_EDGE('',*,*,#11961,.T.);
#11961 = EDGE_CURVE('',#11864,#10824,#11962,.T.);
#11962 = SURFACE_CURVE('',#11963,(#11967,#11973),.PCURVE_S1.);
#11963 = LINE('',#11964,#11965);
#11964 = CARTESIAN_POINT('',(33.5,32.096298833081,0.));
#11965 = VECTOR('',#11966,1.);
#11966 = DIRECTION('',(0.,0.,1.));
#11967 = PCURVE('',#10868,#11968);
#11968 = DEFINITIONAL_REPRESENTATION('',(#11969),#11972);
#11969 = B_SPLINE_CURVE_WITH_KNOTS('',1,(#11970,#11971),.UNSPECIFIED.,
  .F.,.F.,(2,2),(-3.0000006,6.E-07),.PIECEWISE_BEZIER_KNOTS.);
#11970 = CARTESIAN_POINT('',(21.596298833081,-3.0000006));
#11971 = CARTESIAN_POINT('',(21.596298833081,6.E-07));
#11972 = ( GEOMETRIC_REPRESENTATION_CONTEXT(2) 
PARAMETRIC_REPRESENTATION_CONTEXT() REPRESENTATION_CONTEXT('2D SPACE',''
  ) );
#11973 = PCURVE('',#10840,#11974);
#11974 = DEFINITIONAL_REPRESENTATION('',(#11975),#11978);
#11975 = B_SPLINE_CURVE_WITH_KNOTS('',1,(#11976,#11977),.UNSPECIFIED.,
  .F.,.F.,(2,2),(-3.0000006,6.E-07),.PIECEWISE_BEZIER_KNOTS.);
#11976 = CARTESIAN_POINT('',(4.264200844405,-3.0000006));
#11977 = CARTESIAN_POINT('',(4.264200844405,6.E-07));
#11978 = ( GEOMETRIC_REPRESENTATION_CONTEXT(2) 
PARAMETRIC_REPRESENTATION_CONTEXT() REPRESENTATION_CONTEXT('2D SPACE',''
  ) );
#11979 = ADVANCED_FACE('',(#11980),#10840,.F.);
#11980 = FACE_BOUND('',#11981,.F.);
#11981 = EDGE_LOOP('',(#11982,#11983,#12002,#12003));
#11982 = ORIENTED_EDGE('',*,*,#10823,.F.);
#11983 = ORIENTED_EDGE('',*,*,#11984,.F.);
#11984 = EDGE_CURVE('',#11887,#10796,#11985,.T.);
#11985 = SURFACE_CURVE('',#11986,(#11990,#11996),.PCURVE_S1.);
#11986 = LINE('',#11987,#11988);
#11987 = CARTESIAN_POINT('',(31.81503768868,34.5,0.));
#11988 = VECTOR('',#11989,1.);
#11989 = DIRECTION('',(0.,0.,1.));
#11990 = PCURVE('',#10840,#11991);
#11991 = DEFINITIONAL_REPRESENTATION('',(#11992),#11995);
#11992 = B_SPLINE_CURVE_WITH_KNOTS('',1,(#11993,#11994),.UNSPECIFIED.,
  .F.,.F.,(2,2),(-3.0000006,6.E-07),.PIECEWISE_BEZIER_KNOTS.);
#11993 = CARTESIAN_POINT('',(3.241760074751,-3.0000006));
#11994 = CARTESIAN_POINT('',(3.241760074751,6.E-07));
#11995 = ( GEOMETRIC_REPRESENTATION_CONTEXT(2) 
PARAMETRIC_REPRESENTATION_CONTEXT() REPRESENTATION_CONTEXT('2D SPACE',''
  ) );
#11996 = PCURVE('',#10811,#11997);
#11997 = DEFINITIONAL_REPRESENTATION('',(#11998),#12001);
#11998 = B_SPLINE_CURVE_WITH_KNOTS('',1,(#11999,#12000),.UNSPECIFIED.,
  .F.,.F.,(2,2),(-3.0000006,6.E-07),.PIECEWISE_BEZIER_KNOTS.);
#11999 = CARTESIAN_POINT('',(28.31503768868,-3.0000006));
#12000 = CARTESIAN_POINT('',(28.31503768868,6.E-07));
#12001 = ( GEOMETRIC_REPRESENTATION_CONTEXT(2) 
PARAMETRIC_REPRESENTATION_CONTEXT() REPRESENTATION_CONTEXT('2D SPACE',''
  ) );
#12002 = ORIENTED_EDGE('',*,*,#11886,.T.);
#12003 = ORIENTED_EDGE('',*,*,#11961,.T.);
#12004 = ADVANCED_FACE('',(#12005),#10811,.F.);
#12005 = FACE_BOUND('',#12006,.F.);
#12006 = EDGE_LOOP('',(#12007,#12008,#12027,#12028));
#12007 = ORIENTED_EDGE('',*,*,#10795,.F.);
#12008 = ORIENTED_EDGE('',*,*,#12009,.F.);
#12009 = EDGE_CURVE('',#11911,#10767,#12010,.T.);
#12010 = SURFACE_CURVE('',#12011,(#12015,#12021),.PCURVE_S1.);
#12011 = LINE('',#12012,#12013);
#12012 = CARTESIAN_POINT('',(5.18496231132,34.5,0.));
#12013 = VECTOR('',#12014,1.);
#12014 = DIRECTION('',(0.,0.,1.));
#12015 = PCURVE('',#10811,#12016);
#12016 = DEFINITIONAL_REPRESENTATION('',(#12017),#12020);
#12017 = B_SPLINE_CURVE_WITH_KNOTS('',1,(#12018,#12019),.UNSPECIFIED.,
  .F.,.F.,(2,2),(-3.0000006,6.E-07),.PIECEWISE_BEZIER_KNOTS.);
#12018 = CARTESIAN_POINT('',(1.68496231132,-3.0000006));
#12019 = CARTESIAN_POINT('',(1.68496231132,6.E-07));
#12020 = ( GEOMETRIC_REPRESENTATION_CONTEXT(2) 
PARAMETRIC_REPRESENTATION_CONTEXT() REPRESENTATION_CONTEXT('2D SPACE',''
  ) );
#12021 = PCURVE('',#10783,#12022);
#12022 = DEFINITIONAL_REPRESENTATION('',(#12023),#12026);
#12023 = B_SPLINE_CURVE_WITH_KNOTS('',1,(#12024,#12025),.UNSPECIFIED.,
  .F.,.F.,(2,2),(-3.0000006,6.E-07),.PIECEWISE_BEZIER_KNOTS.);
#12024 = CARTESIAN_POINT('',(6.183017886018,-3.0000006));
#12025 = CARTESIAN_POINT('',(6.183017886018,6.E-07));
#12026 = ( GEOMETRIC_REPRESENTATION_CONTEXT(2) 
PARAMETRIC_REPRESENTATION_CONTEXT() REPRESENTATION_CONTEXT('2D SPACE',''
  ) );
#12027 = ORIENTED_EDGE('',*,*,#11910,.T.);
#12028 = ORIENTED_EDGE('',*,*,#11984,.T.);
#12029 = ADVANCED_FACE('',(#12030),#10783,.F.);
#12030 = FACE_BOUND('',#12031,.F.);
#12031 = EDGE_LOOP('',(#12032,#12033,#12034,#12053));
#12032 = ORIENTED_EDGE('',*,*,#12009,.T.);
#12033 = ORIENTED_EDGE('',*,*,#10766,.F.);
#12034 = ORIENTED_EDGE('',*,*,#12035,.F.);
#12035 = EDGE_CURVE('',#11840,#10739,#12036,.T.);
#12036 = SURFACE_CURVE('',#12037,(#12041,#12047),.PCURVE_S1.);
#12037 = LINE('',#12038,#12039);
#12038 = CARTESIAN_POINT('',(3.5,32.096298833081,0.));
#12039 = VECTOR('',#12040,1.);
#12040 = DIRECTION('',(0.,0.,1.));
#12041 = PCURVE('',#10783,#12042);
#12042 = DEFINITIONAL_REPRESENTATION('',(#12043),#12046);
#12043 = B_SPLINE_CURVE_WITH_KNOTS('',1,(#12044,#12045),.UNSPECIFIED.,
  .F.,.F.,(2,2),(-3.0000006,6.E-07),.PIECEWISE_BEZIER_KNOTS.);
#12044 = CARTESIAN_POINT('',(5.160577116364,-3.0000006));
#12045 = CARTESIAN_POINT('',(5.160577116364,6.E-07));
#12046 = ( GEOMETRIC_REPRESENTATION_CONTEXT(2) 
PARAMETRIC_REPRESENTATION_CONTEXT() REPRESENTATION_CONTEXT('2D SPACE',''
  ) );
#12047 = PCURVE('',#10754,#12048);
#12048 = DEFINITIONAL_REPRESENTATION('',(#12049),#12052);
#12049 = B_SPLINE_CURVE_WITH_KNOTS('',1,(#12050,#12051),.UNSPECIFIED.,
  .F.,.F.,(2,2),(-3.0000006,6.E-07),.PIECEWISE_BEZIER_KNOTS.);
#12050 = CARTESIAN_POINT('',(21.596298833081,-3.0000006));
#12051 = CARTESIAN_POINT('',(21.596298833081,6.E-07));
#12052 = ( GEOMETRIC_REPRESENTATION_CONTEXT(2) 
PARAMETRIC_REPRESENTATION_CONTEXT() REPRESENTATION_CONTEXT('2D SPACE',''
  ) );
#12053 = ORIENTED_EDGE('',*,*,#11933,.T.);
#12054 = ADVANCED_FACE('',(#12055),#10754,.F.);
#12055 = FACE_BOUND('',#12056,.F.);
#12056 = EDGE_LOOP('',(#12057,#12058,#12059,#12060));
#12057 = ORIENTED_EDGE('',*,*,#10736,.F.);
#12058 = ORIENTED_EDGE('',*,*,#11763,.T.);
#12059 = ORIENTED_EDGE('',*,*,#11839,.T.);
#12060 = ORIENTED_EDGE('',*,*,#12035,.T.);
#12061 = ADVANCED_FACE('',(#12062),#10722,.T.);
#12062 = FACE_BOUND('',#12063,.F.);
#12063 = EDGE_LOOP('',(#12064,#12085,#12086,#12107));
#12064 = ORIENTED_EDGE('',*,*,#12065,.T.);
#12065 = EDGE_CURVE('',#10680,#11232,#12066,.T.);
#12066 = SURFACE_CURVE('',#12067,(#12071,#12078),.PCURVE_S1.);
#12067 = LINE('',#12068,#12069);
#12068 = CARTESIAN_POINT('',(2.25,36.999999998126,0.));
#12069 = VECTOR('',#12070,1.);
#12070 = DIRECTION('',(0.,0.,1.));
#12071 = PCURVE('',#10722,#12072);
#12072 = DEFINITIONAL_REPRESENTATION('',(#12073),#12077);
#12073 = LINE('',#12074,#12075);
#12074 = CARTESIAN_POINT('',(-1.570796326795,0.));
#12075 = VECTOR('',#12076,1.);
#12076 = DIRECTION('',(-0.,-1.));
#12077 = ( GEOMETRIC_REPRESENTATION_CONTEXT(2) 
PARAMETRIC_REPRESENTATION_CONTEXT() REPRESENTATION_CONTEXT('2D SPACE',''
  ) );
#12078 = PCURVE('',#10695,#12079);
#12079 = DEFINITIONAL_REPRESENTATION('',(#12080),#12084);
#12080 = LINE('',#12081,#12082);
#12081 = CARTESIAN_POINT('',(0.,0.));
#12082 = VECTOR('',#12083,1.);
#12083 = DIRECTION('',(0.,-1.));
#12084 = ( GEOMETRIC_REPRESENTATION_CONTEXT(2) 
PARAMETRIC_REPRESENTATION_CONTEXT() REPRESENTATION_CONTEXT('2D SPACE',''
  ) );
#12085 = ORIENTED_EDGE('',*,*,#11254,.T.);
#12086 = ORIENTED_EDGE('',*,*,#12087,.F.);
#12087 = EDGE_CURVE('',#10465,#11091,#12088,.T.);
#12088 = SURFACE_CURVE('',#12089,(#12093,#12100),.PCURVE_S1.);
#12089 = LINE('',#12090,#12091);
#12090 = CARTESIAN_POINT('',(0.,34.749999996251,0.));
#12091 = VECTOR('',#12092,1.);
#12092 = DIRECTION('',(0.,0.,1.));
#12093 = PCURVE('',#10722,#12094);
#12094 = DEFINITIONAL_REPRESENTATION('',(#12095),#12099);
#12095 = LINE('',#12096,#12097);
#12096 = CARTESIAN_POINT('',(-3.14159265359,0.));
#12097 = VECTOR('',#12098,1.);
#12098 = DIRECTION('',(-0.,-1.));
#12099 = ( GEOMETRIC_REPRESENTATION_CONTEXT(2) 
PARAMETRIC_REPRESENTATION_CONTEXT() REPRESENTATION_CONTEXT('2D SPACE',''
  ) );
#12100 = PCURVE('',#10480,#12101);
#12101 = DEFINITIONAL_REPRESENTATION('',(#12102),#12106);
#12102 = LINE('',#12103,#12104);
#12103 = CARTESIAN_POINT('',(32.499999996252,0.));
#12104 = VECTOR('',#12105,1.);
#12105 = DIRECTION('',(0.,-1.));
#12106 = ( GEOMETRIC_REPRESENTATION_CONTEXT(2) 
PARAMETRIC_REPRESENTATION_CONTEXT() REPRESENTATION_CONTEXT('2D SPACE',''
  ) );
#12107 = ORIENTED_EDGE('',*,*,#10707,.F.);
#12108 = ADVANCED_FACE('',(#12109),#10695,.T.);
#12109 = FACE_BOUND('',#12110,.T.);
#12110 = EDGE_LOOP('',(#12111,#12112,#12113,#12134));
#12111 = ORIENTED_EDGE('',*,*,#12065,.T.);
#12112 = ORIENTED_EDGE('',*,*,#11231,.T.);
#12113 = ORIENTED_EDGE('',*,*,#12114,.F.);
#12114 = EDGE_CURVE('',#10651,#11208,#12115,.T.);
#12115 = SURFACE_CURVE('',#12116,(#12120,#12127),.PCURVE_S1.);
#12116 = LINE('',#12117,#12118);
#12117 = CARTESIAN_POINT('',(34.75,36.999999998126,0.));
#12118 = VECTOR('',#12119,1.);
#12119 = DIRECTION('',(0.,0.,1.));
#12120 = PCURVE('',#10695,#12121);
#12121 = DEFINITIONAL_REPRESENTATION('',(#12122),#12126);
#12122 = LINE('',#12123,#12124);
#12123 = CARTESIAN_POINT('',(32.5,0.));
#12124 = VECTOR('',#12125,1.);
#12125 = DIRECTION('',(0.,-1.));
#12126 = ( GEOMETRIC_REPRESENTATION_CONTEXT(2) 
PARAMETRIC_REPRESENTATION_CONTEXT() REPRESENTATION_CONTEXT('2D SPACE',''
  ) );
#12127 = PCURVE('',#10667,#12128);
#12128 = DEFINITIONAL_REPRESENTATION('',(#12129),#12133);
#12129 = LINE('',#12130,#12131);
#12130 = CARTESIAN_POINT('',(-1.570796326795,0.));
#12131 = VECTOR('',#12132,1.);
#12132 = DIRECTION('',(-0.,-1.));
#12133 = ( GEOMETRIC_REPRESENTATION_CONTEXT(2) 
PARAMETRIC_REPRESENTATION_CONTEXT() REPRESENTATION_CONTEXT('2D SPACE',''
  ) );
#12134 = ORIENTED_EDGE('',*,*,#10679,.F.);
#12135 = ADVANCED_FACE('',(#12136),#10667,.T.);
#12136 = FACE_BOUND('',#12137,.F.);
#12137 = EDGE_LOOP('',(#12138,#12159,#12160,#12161));
#12138 = ORIENTED_EDGE('',*,*,#12139,.T.);
#12139 = EDGE_CURVE('',#10623,#11185,#12140,.T.);
#12140 = SURFACE_CURVE('',#12141,(#12145,#12152),.PCURVE_S1.);
#12141 = LINE('',#12142,#12143);
#12142 = CARTESIAN_POINT('',(37.,34.749999996251,0.));
#12143 = VECTOR('',#12144,1.);
#12144 = DIRECTION('',(0.,0.,1.));
#12145 = PCURVE('',#10667,#12146);
#12146 = DEFINITIONAL_REPRESENTATION('',(#12147),#12151);
#12147 = LINE('',#12148,#12149);
#12148 = CARTESIAN_POINT('',(-0.,0.));
#12149 = VECTOR('',#12150,1.);
#12150 = DIRECTION('',(-0.,-1.));
#12151 = ( GEOMETRIC_REPRESENTATION_CONTEXT(2) 
PARAMETRIC_REPRESENTATION_CONTEXT() REPRESENTATION_CONTEXT('2D SPACE',''
  ) );
#12152 = PCURVE('',#10638,#12153);
#12153 = DEFINITIONAL_REPRESENTATION('',(#12154),#12158);
#12154 = LINE('',#12155,#12156);
#12155 = CARTESIAN_POINT('',(32.499999996251,0.));
#12156 = VECTOR('',#12157,1.);
#12157 = DIRECTION('',(0.,-1.));
#12158 = ( GEOMETRIC_REPRESENTATION_CONTEXT(2) 
PARAMETRIC_REPRESENTATION_CONTEXT() REPRESENTATION_CONTEXT('2D SPACE',''
  ) );
#12159 = ORIENTED_EDGE('',*,*,#11207,.T.);
#12160 = ORIENTED_EDGE('',*,*,#12114,.F.);
#12161 = ORIENTED_EDGE('',*,*,#10650,.F.);
#12162 = ADVANCED_FACE('',(#12163),#10638,.F.);
#12163 = FACE_BOUND('',#12164,.F.);
#12164 = EDGE_LOOP('',(#12165,#12186,#12187,#12188));
#12165 = ORIENTED_EDGE('',*,*,#12166,.T.);
#12166 = EDGE_CURVE('',#10594,#11161,#12167,.T.);
#12167 = SURFACE_CURVE('',#12168,(#12172,#12179),.PCURVE_S1.);
#12168 = LINE('',#12169,#12170);
#12169 = CARTESIAN_POINT('',(36.999999998125,2.25,0.));
#12170 = VECTOR('',#12171,1.);
#12171 = DIRECTION('',(0.,0.,1.));
#12172 = PCURVE('',#10638,#12173);
#12173 = DEFINITIONAL_REPRESENTATION('',(#12174),#12178);
#12174 = LINE('',#12175,#12176);
#12175 = CARTESIAN_POINT('',(0.,0.));
#12176 = VECTOR('',#12177,1.);
#12177 = DIRECTION('',(0.,-1.));
#12178 = ( GEOMETRIC_REPRESENTATION_CONTEXT(2) 
PARAMETRIC_REPRESENTATION_CONTEXT() REPRESENTATION_CONTEXT('2D SPACE',''
  ) );
#12179 = PCURVE('',#10610,#12180);
#12180 = DEFINITIONAL_REPRESENTATION('',(#12181),#12185);
#12181 = LINE('',#12182,#12183);
#12182 = CARTESIAN_POINT('',(-6.28318530718,0.));
#12183 = VECTOR('',#12184,1.);
#12184 = DIRECTION('',(-0.,-1.));
#12185 = ( GEOMETRIC_REPRESENTATION_CONTEXT(2) 
PARAMETRIC_REPRESENTATION_CONTEXT() REPRESENTATION_CONTEXT('2D SPACE',''
  ) );
#12186 = ORIENTED_EDGE('',*,*,#11184,.T.);
#12187 = ORIENTED_EDGE('',*,*,#12139,.F.);
#12188 = ORIENTED_EDGE('',*,*,#10622,.T.);
#12189 = ADVANCED_FACE('',(#12190),#10610,.T.);
#12190 = FACE_BOUND('',#12191,.F.);
#12191 = EDGE_LOOP('',(#12192,#12213,#12214,#12215));
#12192 = ORIENTED_EDGE('',*,*,#12193,.T.);
#12193 = EDGE_CURVE('',#10571,#11138,#12194,.T.);
#12194 = SURFACE_CURVE('',#12195,(#12199,#12206),.PCURVE_S1.);
#12195 = LINE('',#12196,#12197);
#12196 = CARTESIAN_POINT('',(34.749999996251,4.121147867409E-13,0.));
#12197 = VECTOR('',#12198,1.);
#12198 = DIRECTION('',(0.,0.,1.));
#12199 = PCURVE('',#10610,#12200);
#12200 = DEFINITIONAL_REPRESENTATION('',(#12201),#12205);
#12201 = LINE('',#12202,#12203);
#12202 = CARTESIAN_POINT('',(-4.712388980385,0.));
#12203 = VECTOR('',#12204,1.);
#12204 = DIRECTION('',(-0.,-1.));
#12205 = ( GEOMETRIC_REPRESENTATION_CONTEXT(2) 
PARAMETRIC_REPRESENTATION_CONTEXT() REPRESENTATION_CONTEXT('2D SPACE',''
  ) );
#12206 = PCURVE('',#10535,#12207);
#12207 = DEFINITIONAL_REPRESENTATION('',(#12208),#12212);
#12208 = LINE('',#12209,#12210);
#12209 = CARTESIAN_POINT('',(32.499999996251,0.));
#12210 = VECTOR('',#12211,1.);
#12211 = DIRECTION('',(0.,-1.));
#12212 = ( GEOMETRIC_REPRESENTATION_CONTEXT(2) 
PARAMETRIC_REPRESENTATION_CONTEXT() REPRESENTATION_CONTEXT('2D SPACE',''
  ) );
#12213 = ORIENTED_EDGE('',*,*,#11160,.T.);
#12214 = ORIENTED_EDGE('',*,*,#12166,.F.);
#12215 = ORIENTED_EDGE('',*,*,#10593,.F.);
#12216 = ADVANCED_FACE('',(#12217),#10535,.F.);
#12217 = FACE_BOUND('',#12218,.F.);
#12218 = EDGE_LOOP('',(#12219,#12240,#12241,#12242,#12243,#12264));
#12219 = ORIENTED_EDGE('',*,*,#12220,.T.);
#12220 = EDGE_CURVE('',#10493,#11114,#12221,.T.);
#12221 = SURFACE_CURVE('',#12222,(#12226,#12233),.PCURVE_S1.);
#12222 = LINE('',#12223,#12224);
#12223 = CARTESIAN_POINT('',(2.25,0.,0.));
#12224 = VECTOR('',#12225,1.);
#12225 = DIRECTION('',(0.,0.,1.));
#12226 = PCURVE('',#10535,#12227);
#12227 = DEFINITIONAL_REPRESENTATION('',(#12228),#12232);
#12228 = LINE('',#12229,#12230);
#12229 = CARTESIAN_POINT('',(0.,0.));
#12230 = VECTOR('',#12231,1.);
#12231 = DIRECTION('',(0.,-1.));
#12232 = ( GEOMETRIC_REPRESENTATION_CONTEXT(2) 
PARAMETRIC_REPRESENTATION_CONTEXT() REPRESENTATION_CONTEXT('2D SPACE',''
  ) );
#12233 = PCURVE('',#10509,#12234);
#12234 = DEFINITIONAL_REPRESENTATION('',(#12235),#12239);
#12235 = LINE('',#12236,#12237);
#12236 = CARTESIAN_POINT('',(-4.712388980385,0.));
#12237 = VECTOR('',#12238,1.);
#12238 = DIRECTION('',(-0.,-1.));
#12239 = ( GEOMETRIC_REPRESENTATION_CONTEXT(2) 
PARAMETRIC_REPRESENTATION_CONTEXT() REPRESENTATION_CONTEXT('2D SPACE',''
  ) );
#12240 = ORIENTED_EDGE('',*,*,#11137,.T.);
#12241 = ORIENTED_EDGE('',*,*,#12193,.F.);
#12242 = ORIENTED_EDGE('',*,*,#10570,.T.);
#12243 = ORIENTED_EDGE('',*,*,#12244,.F.);
#12244 = EDGE_CURVE('',#10236,#10416,#12245,.T.);
#12245 = SURFACE_CURVE('',#12246,(#12250,#12257),.PCURVE_S1.);
#12246 = LINE('',#12247,#12248);
#12247 = CARTESIAN_POINT('',(18.5,4.121147867409E-13,0.));
#12248 = VECTOR('',#12249,1.);
#12249 = DIRECTION('',(1.,0.,0.));
#12250 = PCURVE('',#10535,#12251);
#12251 = DEFINITIONAL_REPRESENTATION('',(#12252),#12256);
#12252 = LINE('',#12253,#12254);
#12253 = CARTESIAN_POINT('',(16.25,0.));
#12254 = VECTOR('',#12255,1.);
#12255 = DIRECTION('',(1.,0.));
#12256 = ( GEOMETRIC_REPRESENTATION_CONTEXT(2) 
PARAMETRIC_REPRESENTATION_CONTEXT() REPRESENTATION_CONTEXT('2D SPACE',''
  ) );
#12257 = PCURVE('',#10277,#12258);
#12258 = DEFINITIONAL_REPRESENTATION('',(#12259),#12263);
#12259 = LINE('',#12260,#12261);
#12260 = CARTESIAN_POINT('',(0.,-2.375));
#12261 = VECTOR('',#12262,1.);
#12262 = DIRECTION('',(1.,0.));
#12263 = ( GEOMETRIC_REPRESENTATION_CONTEXT(2) 
PARAMETRIC_REPRESENTATION_CONTEXT() REPRESENTATION_CONTEXT('2D SPACE',''
  ) );
#12264 = ORIENTED_EDGE('',*,*,#10521,.T.);
#12265 = ADVANCED_FACE('',(#12266),#10509,.T.);
#12266 = FACE_BOUND('',#12267,.F.);
#12267 = EDGE_LOOP('',(#12268,#12289,#12290,#12291));
#12268 = ORIENTED_EDGE('',*,*,#12269,.T.);
#12269 = EDGE_CURVE('',#10463,#11089,#12270,.T.);
#12270 = SURFACE_CURVE('',#12271,(#12275,#12282),.PCURVE_S1.);
#12271 = LINE('',#12272,#12273);
#12272 = CARTESIAN_POINT('',(0.,2.25,0.));
#12273 = VECTOR('',#12274,1.);
#12274 = DIRECTION('',(0.,0.,1.));
#12275 = PCURVE('',#10509,#12276);
#12276 = DEFINITIONAL_REPRESENTATION('',(#12277),#12281);
#12277 = LINE('',#12278,#12279);
#12278 = CARTESIAN_POINT('',(-3.14159265359,0.));
#12279 = VECTOR('',#12280,1.);
#12280 = DIRECTION('',(-0.,-1.));
#12281 = ( GEOMETRIC_REPRESENTATION_CONTEXT(2) 
PARAMETRIC_REPRESENTATION_CONTEXT() REPRESENTATION_CONTEXT('2D SPACE',''
  ) );
#12282 = PCURVE('',#10480,#12283);
#12283 = DEFINITIONAL_REPRESENTATION('',(#12284),#12288);
#12284 = LINE('',#12285,#12286);
#12285 = CARTESIAN_POINT('',(0.,0.));
#12286 = VECTOR('',#12287,1.);
#12287 = DIRECTION('',(0.,-1.));
#12288 = ( GEOMETRIC_REPRESENTATION_CONTEXT(2) 
PARAMETRIC_REPRESENTATION_CONTEXT() REPRESENTATION_CONTEXT('2D SPACE',''
  ) );
#12289 = ORIENTED_EDGE('',*,*,#11113,.T.);
#12290 = ORIENTED_EDGE('',*,*,#12220,.F.);
#12291 = ORIENTED_EDGE('',*,*,#10492,.F.);
#12292 = ADVANCED_FACE('',(#12293),#10480,.T.);
#12293 = FACE_BOUND('',#12294,.T.);
#12294 = EDGE_LOOP('',(#12295,#12296,#12297,#12298));
#12295 = ORIENTED_EDGE('',*,*,#12269,.T.);
#12296 = ORIENTED_EDGE('',*,*,#11088,.T.);
#12297 = ORIENTED_EDGE('',*,*,#12087,.F.);
#12298 = ORIENTED_EDGE('',*,*,#10462,.F.);
#12299 = ADVANCED_FACE('',(#12300),#10277,.T.);
#12300 = FACE_BOUND('',#12301,.T.);
#12301 = EDGE_LOOP('',(#12302,#12303,#12324,#12325));
#12302 = ORIENTED_EDGE('',*,*,#10263,.F.);
#12303 = ORIENTED_EDGE('',*,*,#12304,.T.);
#12304 = EDGE_CURVE('',#10145,#10369,#12305,.T.);
#12305 = SURFACE_CURVE('',#12306,(#12310,#12317),.PCURVE_S1.);
#12306 = LINE('',#12307,#12308);
#12307 = CARTESIAN_POINT('',(18.5,-1.3,0.));
#12308 = VECTOR('',#12309,1.);
#12309 = DIRECTION('',(1.,0.,0.));
#12310 = PCURVE('',#10277,#12311);
#12311 = DEFINITIONAL_REPRESENTATION('',(#12312),#12316);
#12312 = LINE('',#12313,#12314);
#12313 = CARTESIAN_POINT('',(0.,-3.675));
#12314 = VECTOR('',#12315,1.);
#12315 = DIRECTION('',(1.,0.));
#12316 = ( GEOMETRIC_REPRESENTATION_CONTEXT(2) 
PARAMETRIC_REPRESENTATION_CONTEXT() REPRESENTATION_CONTEXT('2D SPACE',''
  ) );
#12317 = PCURVE('',#10167,#12318);
#12318 = DEFINITIONAL_REPRESENTATION('',(#12319),#12323);
#12319 = LINE('',#12320,#12321);
#12320 = CARTESIAN_POINT('',(4.5,0.));
#12321 = VECTOR('',#12322,1.);
#12322 = DIRECTION('',(1.,0.));
#12323 = ( GEOMETRIC_REPRESENTATION_CONTEXT(2) 
PARAMETRIC_REPRESENTATION_CONTEXT() REPRESENTATION_CONTEXT('2D SPACE',''
  ) );
#12324 = ORIENTED_EDGE('',*,*,#10438,.T.);
#12325 = ORIENTED_EDGE('',*,*,#12244,.F.);
#12326 = ADVANCED_FACE('',(#12327),#10223,.F.);
#12327 = FACE_BOUND('',#12328,.F.);
#12328 = EDGE_LOOP('',(#12329,#12330,#12331,#12332));
#12329 = ORIENTED_EDGE('',*,*,#10207,.T.);
#12330 = ORIENTED_EDGE('',*,*,#10344,.T.);
#12331 = ORIENTED_EDGE('',*,*,#10392,.F.);
#12332 = ORIENTED_EDGE('',*,*,#10548,.F.);
#12333 = ADVANCED_FACE('',(#12334),#10167,.T.);
#12334 = FACE_BOUND('',#12335,.T.);
#12335 = EDGE_LOOP('',(#12336,#12337,#12338,#12339));
#12336 = ORIENTED_EDGE('',*,*,#10144,.T.);
#12337 = ORIENTED_EDGE('',*,*,#10293,.T.);
#12338 = ORIENTED_EDGE('',*,*,#10368,.F.);
#12339 = ORIENTED_EDGE('',*,*,#12304,.F.);
#12340 = ( GEOMETRIC_REPRESENTATION_CONTEXT(3) 
GLOBAL_UNCERTAINTY_ASSIGNED_CONTEXT((#12344)) 
GLOBAL_UNIT_ASSIGNED_CONTEXT((#12341,#12342,#12343)) 
REPRESENTATION_CONTEXT('Context #1',
  '3D Context with UNIT and UNCERTAINTY') );
#12341 = ( LENGTH_UNIT() NAMED_UNIT(*) SI_UNIT(.MILLI.,.METRE.) );
#12342 = ( NAMED_UNIT(*) PLANE_ANGLE_UNIT() SI_UNIT($,.RADIAN.) );
#12343 = ( NAMED_UNIT(*) SI_UNIT($,.STERADIAN.) SOLID_ANGLE_UNIT() );
#12344 = UNCERTAINTY_MEASURE_WITH_UNIT(LENGTH_MEASURE(1.E-07),#12341,
  'distance_accuracy_value','confusion accuracy');
#12345 = CONTEXT_DEPENDENT_SHAPE_REPRESENTATION(#12346,#12348);
#12346 = ( REPRESENTATION_RELATIONSHIP('','',#10137,#10) 
REPRESENTATION_RELATIONSHIP_WITH_TRANSFORMATION(#12347) 
SHAPE_REPRESENTATION_RELATIONSHIP() );
#12347 = ITEM_DEFINED_TRANSFORMATION('','',#11,#23);
#12348 = PRODUCT_DEFINITION_SHAPE('Placement','Placement of an item',
  #12349);
#12349 = NEXT_ASSEMBLY_USAGE_OCCURRENCE('19',
  'waveshare_esp32s3_cam_gc0308_board','',#5,#10132,$);
#12350 = PRODUCT_RELATED_PRODUCT_CATEGORY('part',$,(#10134));
#12351 = SHAPE_DEFINITION_REPRESENTATION(#5968,#12352);
#12352 = SHAPE_REPRESENTATION('',(#15),#5960);
#12353 = SHAPE_DEFINITION_REPRESENTATION(#10127,#12354);
#12354 = SHAPE_REPRESENTATION('',(#19),#10119);
#12355 = SHAPE_DEFINITION_REPRESENTATION(#12348,#12356);
#12356 = SHAPE_REPRESENTATION('',(#23),#12340);
#12357 = SHAPE_DEFINITION_REPRESENTATION(#5968,#12358);
#12358 = SHAPE_REPRESENTATION('',(#15),#5960);
#12359 = SHAPE_DEFINITION_REPRESENTATION(#10127,#12360);
#12360 = SHAPE_REPRESENTATION('',(#19),#10119);
#12361 = SHAPE_DEFINITION_REPRESENTATION(#12348,#12362);
#12362 = SHAPE_REPRESENTATION('',(#23),#12340);
#12363 = MECHANICAL_DESIGN_GEOMETRIC_PRESENTATION_REPRESENTATION('',(
    #12364,#12372),#10119);
#12364 = STYLED_ITEM('color',(#12365),#5979);
#12365 = PRESENTATION_STYLE_ASSIGNMENT((#12366));
#12366 = SURFACE_STYLE_USAGE(.BOTH.,#12367);
#12367 = SURFACE_SIDE_STYLE('',(#12368));
#12368 = SURFACE_STYLE_FILL_AREA(#12369);
#12369 = FILL_AREA_STYLE('',(#12370));
#12370 = FILL_AREA_STYLE_COLOUR('',#12371);
#12371 = COLOUR_RGB('',0.250000000672,0.45000000386,0.750000000934);
#12372 = OVER_RIDING_STYLED_ITEM('overriding color',(#12373),#5979,
  #12364);
#12373 = PRESENTATION_STYLE_BY_CONTEXT((#12374),#12360);
#12374 = SURFACE_STYLE_USAGE(.BOTH.,#12375);
#12375 = SURFACE_SIDE_STYLE('',(#12376));
#12376 = SURFACE_STYLE_FILL_AREA(#12377);
#12377 = FILL_AREA_STYLE('',(#12378));
#12378 = FILL_AREA_STYLE_COLOUR('',#12379);
#12379 = COLOUR_RGB('',0.250000000672,0.45000000386,0.750000000934);
#12380 = MECHANICAL_DESIGN_GEOMETRIC_PRESENTATION_REPRESENTATION('',(
    #12381,#12388),#5960);
#12381 = STYLED_ITEM('color',(#12382),#41);
#12382 = PRESENTATION_STYLE_ASSIGNMENT((#12383));
#12383 = SURFACE_STYLE_USAGE(.BOTH.,#12384);
#12384 = SURFACE_SIDE_STYLE('',(#12385));
#12385 = SURFACE_STYLE_FILL_AREA(#12386);
#12386 = FILL_AREA_STYLE('',(#12387));
#12387 = FILL_AREA_STYLE_COLOUR('',#12371);
#12388 = OVER_RIDING_STYLED_ITEM('overriding color',(#12389),#41,#12381
  );
#12389 = PRESENTATION_STYLE_BY_CONTEXT((#12390),#12358);
#12390 = SURFACE_STYLE_USAGE(.BOTH.,#12391);
#12391 = SURFACE_SIDE_STYLE('',(#12392));
#12392 = SURFACE_STYLE_FILL_AREA(#12393);
#12393 = FILL_AREA_STYLE('',(#12394));
#12394 = FILL_AREA_STYLE_COLOUR('',#12379);
#12395 = MECHANICAL_DESIGN_GEOMETRIC_PRESENTATION_REPRESENTATION('',(
    #12396,#12404),#12340);
#12396 = STYLED_ITEM('color',(#12397),#10138);
#12397 = PRESENTATION_STYLE_ASSIGNMENT((#12398));
#12398 = SURFACE_STYLE_USAGE(.BOTH.,#12399);
#12399 = SURFACE_SIDE_STYLE('',(#12400));
#12400 = SURFACE_STYLE_FILL_AREA(#12401);
#12401 = FILL_AREA_STYLE('',(#12402));
#12402 = FILL_AREA_STYLE_COLOUR('',#12403);
#12403 = COLOUR_RGB('',0.120000001395,0.380000002513,0.219999994989);
#12404 = OVER_RIDING_STYLED_ITEM('overriding color',(#12405),#10138,
  #12396);
#12405 = PRESENTATION_STYLE_BY_CONTEXT((#12406),#12362);
#12406 = SURFACE_STYLE_USAGE(.BOTH.,#12407);
#12407 = SURFACE_SIDE_STYLE('',(#12408));
#12408 = SURFACE_STYLE_FILL_AREA(#12409);
#12409 = FILL_AREA_STYLE('',(#12410));
#12410 = FILL_AREA_STYLE_COLOUR('',#12411);
#12411 = COLOUR_RGB('',0.120000001395,0.380000002513,0.219999994989);

#12412=DESCRIPTIVE_REPRESENTATION_ITEM('cadgen:generator','cadgen');
#12413=REPRESENTATION('cadgen:generator',(#12412),#27);
#12414=PROPERTY_DEFINITION('cadgen metadata','cadgen:generator',#5);
#12415=PROPERTY_DEFINITION_REPRESENTATION(#12414,#12413);
#12416=DESCRIPTIVE_REPRESENTATION_ITEM('cadgen:entryKind','assembly');
#12417=REPRESENTATION('cadgen:entryKind',(#12416),#27);
#12418=PROPERTY_DEFINITION('cadgen metadata','cadgen:entryKind',#5);
#12419=PROPERTY_DEFINITION_REPRESENTATION(#12418,#12417);
#12420=DESCRIPTIVE_REPRESENTATION_ITEM('cadgen:sourcePath','wsc_cam_case_assembly.step.py');
#12421=REPRESENTATION('cadgen:sourcePath',(#12420),#27);
#12422=PROPERTY_DEFINITION('cadgen metadata','cadgen:sourcePath',#5);
#12423=PROPERTY_DEFINITION_REPRESENTATION(#12422,#12421);
#12424=DESCRIPTIVE_REPRESENTATION_ITEM('cadgen:sourceHash','e426eed2ef3e6a32d53f13168954a73c437e40f7b54bab478c18e0f2293fc114');
#12425=REPRESENTATION('cadgen:sourceHash',(#12424),#27);
#12426=PROPERTY_DEFINITION('cadgen metadata','cadgen:sourceHash',#5);
#12427=PROPERTY_DEFINITION_REPRESENTATION(#12426,#12425);
ENDSEC;
END-ISO-10303-21;
