ISO-10303-21;
HEADER;
FILE_DESCRIPTION(('Open CASCADE Model'),'2;1');
FILE_NAME('Open CASCADE Shape Model','2026-07-26T21:51:52',('Author'),(
    'Open CASCADE'),'Open CASCADE STEP processor 7.9','Open CASCADE 7.9'
  ,'Unknown');
FILE_SCHEMA(('AUTOMOTIVE_DESIGN { 1 0 10303 214 1 1 1 1 }'));
ENDSEC;
DATA;
#1 = APPLICATION_PROTOCOL_DEFINITION('international standard',
  'automotive_design',2000,#2);
#2 = APPLICATION_CONTEXT(
  'core data for automotive mechanical design processes');
#3 = SHAPE_DEFINITION_REPRESENTATION(#4,#10);
#4 = PRODUCT_DEFINITION_SHAPE('','',#5);
#5 = PRODUCT_DEFINITION('design','',#6,#9);
#6 = PRODUCT_DEFINITION_FORMATION('','',#7);
#7 = PRODUCT('plant_logger_enclosure_assembly',
  'plant_logger_enclosure_assembly','',(#8));
#8 = PRODUCT_CONTEXT('',#2,'mechanical');
#9 = PRODUCT_DEFINITION_CONTEXT('part definition',#2,'design');
#10 = SHAPE_REPRESENTATION('',(#11,#15,#19,#23),#27);
#11 = AXIS2_PLACEMENT_3D('',#12,#13,#14);
#12 = CARTESIAN_POINT('',(0.,0.,0.));
#13 = DIRECTION('',(0.,0.,1.));
#14 = DIRECTION('',(1.,0.,-0.));
#15 = AXIS2_PLACEMENT_3D('',#16,#17,#18);
#16 = CARTESIAN_POINT('',(0.,0.,0.));
#17 = DIRECTION('',(0.,0.,1.));
#18 = DIRECTION('',(1.,0.,-0.));
#19 = AXIS2_PLACEMENT_3D('',#20,#21,#22);
#20 = CARTESIAN_POINT('',(0.2,0.2,6.5));
#21 = DIRECTION('',(0.,0.,1.));
#22 = DIRECTION('',(1.,0.,-0.));
#23 = AXIS2_PLACEMENT_3D('',#24,#25,#26);
#24 = CARTESIAN_POINT('',(-2.4,-2.4,18.5));
#25 = DIRECTION('',(0.,0.,1.));
#26 = DIRECTION('',(1.,0.,-0.));
#27 = ( GEOMETRIC_REPRESENTATION_CONTEXT(3) 
GLOBAL_UNCERTAINTY_ASSIGNED_CONTEXT((#31)) GLOBAL_UNIT_ASSIGNED_CONTEXT(
(#28,#29,#30)) REPRESENTATION_CONTEXT('Context #1',
  '3D Context with UNIT and UNCERTAINTY') );
#28 = ( LENGTH_UNIT() NAMED_UNIT(*) SI_UNIT(.MILLI.,.METRE.) );
#29 = ( NAMED_UNIT(*) PLANE_ANGLE_UNIT() SI_UNIT($,.RADIAN.) );
#30 = ( NAMED_UNIT(*) SI_UNIT($,.STERADIAN.) SOLID_ANGLE_UNIT() );
#31 = UNCERTAINTY_MEASURE_WITH_UNIT(LENGTH_MEASURE(1.E-07),#28,
  'distance_accuracy_value','confusion accuracy');
#32 = PRODUCT_RELATED_PRODUCT_CATEGORY('part',$,(#7));
#33 = SHAPE_DEFINITION_REPRESENTATION(#34,#40);
#34 = PRODUCT_DEFINITION_SHAPE('','',#35);
#35 = PRODUCT_DEFINITION('design','',#36,#39);
#36 = PRODUCT_DEFINITION_FORMATION('','',#37);
#37 = PRODUCT('box','box','',(#38));
#38 = PRODUCT_CONTEXT('',#2,'mechanical');
#39 = PRODUCT_DEFINITION_CONTEXT('part definition',#2,'design');
#40 = ADVANCED_BREP_SHAPE_REPRESENTATION('',(#11,#41),#3793);
#41 = MANIFOLD_SOLID_BREP('',#42);
#42 = CLOSED_SHELL('',(#43,#616,#690,#744,#798,#851,#904,#958,#1012,
    #1044,#1350,#1405,#1459,#1514,#1641,#1690,#1739,#1766,#1821,#1875,
    #1908,#2286,#2340,#2394,#2545,#2696,#2750,#2804,#2923,#2997,#3044,
    #3071,#3098,#3125,#3152,#3179,#3206,#3213,#3266,#3314,#3367,#3415,
    #3422,#3475,#3523,#3555,#3582,#3609,#3636,#3707,#3714,#3741,#3748,
    #3775,#3782));
#43 = ADVANCED_FACE('',(#44,#279),#58,.T.);
#44 = FACE_BOUND('',#45,.T.);
#45 = EDGE_LOOP('',(#46,#81,#110,#138,#167,#195,#224,#252));
#46 = ORIENTED_EDGE('',*,*,#47,.F.);
#47 = EDGE_CURVE('',#48,#50,#52,.T.);
#48 = VERTEX_POINT('',#49);
#49 = CARTESIAN_POINT('',(-0.5,38.399999994105,18.5));
#50 = VERTEX_POINT('',#51);
#51 = CARTESIAN_POINT('',(-0.5,1.599999999999,18.5));
#52 = SURFACE_CURVE('',#53,(#57,#69),.PCURVE_S1.);
#53 = LINE('',#54,#55);
#54 = CARTESIAN_POINT('',(-0.5,38.399999994105,18.5));
#55 = VECTOR('',#56,1.);
#56 = DIRECTION('',(0.,-1.,0.));
#57 = PCURVE('',#58,#63);
#58 = PLANE('',#59);
#59 = AXIS2_PLACEMENT_3D('',#60,#61,#62);
#60 = CARTESIAN_POINT('',(34.,19.999999999332,18.5));
#61 = DIRECTION('',(0.,0.,1.));
#62 = DIRECTION('',(1.,0.,-0.));
#63 = DEFINITIONAL_REPRESENTATION('',(#64),#68);
#64 = LINE('',#65,#66);
#65 = CARTESIAN_POINT('',(-34.5,18.399999994773));
#66 = VECTOR('',#67,1.);
#67 = DIRECTION('',(0.,-1.));
#68 = ( GEOMETRIC_REPRESENTATION_CONTEXT(2) 
PARAMETRIC_REPRESENTATION_CONTEXT() REPRESENTATION_CONTEXT('2D SPACE',''
  ) );
#69 = PCURVE('',#70,#75);
#70 = PLANE('',#71);
#71 = AXIS2_PLACEMENT_3D('',#72,#73,#74);
#72 = CARTESIAN_POINT('',(-0.25,38.399999994105,18.25));
#73 = DIRECTION('',(-0.707106781187,0.,-0.707106781187));
#74 = DIRECTION('',(0.,1.,0.));
#75 = DEFINITIONAL_REPRESENTATION('',(#76),#80);
#76 = LINE('',#77,#78);
#77 = CARTESIAN_POINT('',(0.,-0.353553390593));
#78 = VECTOR('',#79,1.);
#79 = DIRECTION('',(-1.,0.));
#80 = ( GEOMETRIC_REPRESENTATION_CONTEXT(2) 
PARAMETRIC_REPRESENTATION_CONTEXT() REPRESENTATION_CONTEXT('2D SPACE',''
  ) );
#81 = ORIENTED_EDGE('',*,*,#82,.F.);
#82 = EDGE_CURVE('',#83,#48,#85,.T.);
#83 = VERTEX_POINT('',#84);
#84 = CARTESIAN_POINT('',(1.6,40.500000000001,18.5));
#85 = SURFACE_CURVE('',#86,(#91,#98),.PCURVE_S1.);
#86 = CIRCLE('',#87,2.1);
#87 = AXIS2_PLACEMENT_3D('',#88,#89,#90);
#88 = CARTESIAN_POINT('',(1.6,38.399999994105,18.5));
#89 = DIRECTION('',(0.,0.,1.));
#90 = DIRECTION('',(-1.387778780781E-16,1.,0.));
#91 = PCURVE('',#58,#92);
#92 = DEFINITIONAL_REPRESENTATION('',(#93),#97);
#93 = CIRCLE('',#94,2.1);
#94 = AXIS2_PLACEMENT_2D('',#95,#96);
#95 = CARTESIAN_POINT('',(-32.4,18.399999994773));
#96 = DIRECTION('',(-1.387778780781E-16,1.));
#97 = ( GEOMETRIC_REPRESENTATION_CONTEXT(2) 
PARAMETRIC_REPRESENTATION_CONTEXT() REPRESENTATION_CONTEXT('2D SPACE',''
  ) );
#98 = PCURVE('',#99,#104);
#99 = CONICAL_SURFACE('',#100,1.6,0.785398163397);
#100 = AXIS2_PLACEMENT_3D('',#101,#102,#103);
#101 = CARTESIAN_POINT('',(1.6,38.399999994105,18.));
#102 = DIRECTION('',(0.,0.,1.));
#103 = DIRECTION('',(-1.387778780781E-16,1.,0.));
#104 = DEFINITIONAL_REPRESENTATION('',(#105),#109);
#105 = LINE('',#106,#107);
#106 = CARTESIAN_POINT('',(-0.,0.5));
#107 = VECTOR('',#108,1.);
#108 = DIRECTION('',(1.,-0.));
#109 = ( GEOMETRIC_REPRESENTATION_CONTEXT(2) 
PARAMETRIC_REPRESENTATION_CONTEXT() REPRESENTATION_CONTEXT('2D SPACE',''
  ) );
#110 = ORIENTED_EDGE('',*,*,#111,.F.);
#111 = EDGE_CURVE('',#112,#83,#114,.T.);
#112 = VERTEX_POINT('',#113);
#113 = CARTESIAN_POINT('',(66.4,40.499999994105,18.5));
#114 = SURFACE_CURVE('',#115,(#119,#126),.PCURVE_S1.);
#115 = LINE('',#116,#117);
#116 = CARTESIAN_POINT('',(66.4,40.500000000001,18.5));
#117 = VECTOR('',#118,1.);
#118 = DIRECTION('',(-1.,0.,0.));
#119 = PCURVE('',#58,#120);
#120 = DEFINITIONAL_REPRESENTATION('',(#121),#125);
#121 = LINE('',#122,#123);
#122 = CARTESIAN_POINT('',(32.4,20.500000000669));
#123 = VECTOR('',#124,1.);
#124 = DIRECTION('',(-1.,0.));
#125 = ( GEOMETRIC_REPRESENTATION_CONTEXT(2) 
PARAMETRIC_REPRESENTATION_CONTEXT() REPRESENTATION_CONTEXT('2D SPACE',''
  ) );
#126 = PCURVE('',#127,#132);
#127 = PLANE('',#128);
#128 = AXIS2_PLACEMENT_3D('',#129,#130,#131);
#129 = CARTESIAN_POINT('',(66.4,40.250000000001,18.25));
#130 = DIRECTION('',(0.,0.707106781187,-0.707106781187));
#131 = DIRECTION('',(1.,-0.,0.));
#132 = DEFINITIONAL_REPRESENTATION('',(#133),#137);
#133 = LINE('',#134,#135);
#134 = CARTESIAN_POINT('',(0.,-0.353553390593));
#135 = VECTOR('',#136,1.);
#136 = DIRECTION('',(-1.,-0.));
#137 = ( GEOMETRIC_REPRESENTATION_CONTEXT(2) 
PARAMETRIC_REPRESENTATION_CONTEXT() REPRESENTATION_CONTEXT('2D SPACE',''
  ) );
#138 = ORIENTED_EDGE('',*,*,#139,.F.);
#139 = EDGE_CURVE('',#140,#112,#142,.T.);
#140 = VERTEX_POINT('',#141);
#141 = CARTESIAN_POINT('',(68.5,38.399999994105,18.5));
#142 = SURFACE_CURVE('',#143,(#148,#155),.PCURVE_S1.);
#143 = CIRCLE('',#144,2.1);
#144 = AXIS2_PLACEMENT_3D('',#145,#146,#147);
#145 = CARTESIAN_POINT('',(66.4,38.399999994105,18.5));
#146 = DIRECTION('',(0.,0.,1.));
#147 = DIRECTION('',(1.,0.,-0.));
#148 = PCURVE('',#58,#149);
#149 = DEFINITIONAL_REPRESENTATION('',(#150),#154);
#150 = CIRCLE('',#151,2.1);
#151 = AXIS2_PLACEMENT_2D('',#152,#153);
#152 = CARTESIAN_POINT('',(32.4,18.399999994773));
#153 = DIRECTION('',(1.,0.));
#154 = ( GEOMETRIC_REPRESENTATION_CONTEXT(2) 
PARAMETRIC_REPRESENTATION_CONTEXT() REPRESENTATION_CONTEXT('2D SPACE',''
  ) );
#155 = PCURVE('',#156,#161);
#156 = CONICAL_SURFACE('',#157,1.6,0.785398163397);
#157 = AXIS2_PLACEMENT_3D('',#158,#159,#160);
#158 = CARTESIAN_POINT('',(66.4,38.399999994105,18.));
#159 = DIRECTION('',(0.,0.,1.));
#160 = DIRECTION('',(1.,0.,-0.));
#161 = DEFINITIONAL_REPRESENTATION('',(#162),#166);
#162 = LINE('',#163,#164);
#163 = CARTESIAN_POINT('',(-0.,0.5));
#164 = VECTOR('',#165,1.);
#165 = DIRECTION('',(1.,-0.));
#166 = ( GEOMETRIC_REPRESENTATION_CONTEXT(2) 
PARAMETRIC_REPRESENTATION_CONTEXT() REPRESENTATION_CONTEXT('2D SPACE',''
  ) );
#167 = ORIENTED_EDGE('',*,*,#168,.F.);
#168 = EDGE_CURVE('',#169,#140,#171,.T.);
#169 = VERTEX_POINT('',#170);
#170 = CARTESIAN_POINT('',(68.5,1.599999999999,18.5));
#171 = SURFACE_CURVE('',#172,(#176,#183),.PCURVE_S1.);
#172 = LINE('',#173,#174);
#173 = CARTESIAN_POINT('',(68.5,1.599999999999,18.5));
#174 = VECTOR('',#175,1.);
#175 = DIRECTION('',(-0.,1.,-0.));
#176 = PCURVE('',#58,#177);
#177 = DEFINITIONAL_REPRESENTATION('',(#178),#182);
#178 = LINE('',#179,#180);
#179 = CARTESIAN_POINT('',(34.5,-18.39999999933));
#180 = VECTOR('',#181,1.);
#181 = DIRECTION('',(0.,1.));
#182 = ( GEOMETRIC_REPRESENTATION_CONTEXT(2) 
PARAMETRIC_REPRESENTATION_CONTEXT() REPRESENTATION_CONTEXT('2D SPACE',''
  ) );
#183 = PCURVE('',#184,#189);
#184 = PLANE('',#185);
#185 = AXIS2_PLACEMENT_3D('',#186,#187,#188);
#186 = CARTESIAN_POINT('',(68.25,1.599999999999,18.25));
#187 = DIRECTION('',(-0.707106781187,0.,0.707106781187));
#188 = DIRECTION('',(0.,1.,-0.));
#189 = DEFINITIONAL_REPRESENTATION('',(#190),#194);
#190 = LINE('',#191,#192);
#191 = CARTESIAN_POINT('',(0.,-0.353553390593));
#192 = VECTOR('',#193,1.);
#193 = DIRECTION('',(1.,0.));
#194 = ( GEOMETRIC_REPRESENTATION_CONTEXT(2) 
PARAMETRIC_REPRESENTATION_CONTEXT() REPRESENTATION_CONTEXT('2D SPACE',''
  ) );
#195 = ORIENTED_EDGE('',*,*,#196,.F.);
#196 = EDGE_CURVE('',#197,#169,#199,.T.);
#197 = VERTEX_POINT('',#198);
#198 = CARTESIAN_POINT('',(66.4,-0.499999999999,18.5));
#199 = SURFACE_CURVE('',#200,(#205,#212),.PCURVE_S1.);
#200 = CIRCLE('',#201,2.1);
#201 = AXIS2_PLACEMENT_3D('',#202,#203,#204);
#202 = CARTESIAN_POINT('',(66.4,1.599999999999,18.5));
#203 = DIRECTION('',(0.,0.,1.));
#204 = DIRECTION('',(0.,-1.,0.));
#205 = PCURVE('',#58,#206);
#206 = DEFINITIONAL_REPRESENTATION('',(#207),#211);
#207 = CIRCLE('',#208,2.1);
#208 = AXIS2_PLACEMENT_2D('',#209,#210);
#209 = CARTESIAN_POINT('',(32.4,-18.39999999933));
#210 = DIRECTION('',(0.,-1.));
#211 = ( GEOMETRIC_REPRESENTATION_CONTEXT(2) 
PARAMETRIC_REPRESENTATION_CONTEXT() REPRESENTATION_CONTEXT('2D SPACE',''
  ) );
#212 = PCURVE('',#213,#218);
#213 = CONICAL_SURFACE('',#214,1.6,0.785398163397);
#214 = AXIS2_PLACEMENT_3D('',#215,#216,#217);
#215 = CARTESIAN_POINT('',(66.4,1.599999999999,18.));
#216 = DIRECTION('',(0.,0.,1.));
#217 = DIRECTION('',(0.,-1.,0.));
#218 = DEFINITIONAL_REPRESENTATION('',(#219),#223);
#219 = LINE('',#220,#221);
#220 = CARTESIAN_POINT('',(-0.,0.5));
#221 = VECTOR('',#222,1.);
#222 = DIRECTION('',(1.,-0.));
#223 = ( GEOMETRIC_REPRESENTATION_CONTEXT(2) 
PARAMETRIC_REPRESENTATION_CONTEXT() REPRESENTATION_CONTEXT('2D SPACE',''
  ) );
#224 = ORIENTED_EDGE('',*,*,#225,.F.);
#225 = EDGE_CURVE('',#226,#197,#228,.T.);
#226 = VERTEX_POINT('',#227);
#227 = CARTESIAN_POINT('',(1.6,-0.500000000001,18.5));
#228 = SURFACE_CURVE('',#229,(#233,#240),.PCURVE_S1.);
#229 = LINE('',#230,#231);
#230 = CARTESIAN_POINT('',(1.6,-0.499999999999,18.5));
#231 = VECTOR('',#232,1.);
#232 = DIRECTION('',(1.,-0.,-0.));
#233 = PCURVE('',#58,#234);
#234 = DEFINITIONAL_REPRESENTATION('',(#235),#239);
#235 = LINE('',#236,#237);
#236 = CARTESIAN_POINT('',(-32.4,-20.49999999933));
#237 = VECTOR('',#238,1.);
#238 = DIRECTION('',(1.,-0.));
#239 = ( GEOMETRIC_REPRESENTATION_CONTEXT(2) 
PARAMETRIC_REPRESENTATION_CONTEXT() REPRESENTATION_CONTEXT('2D SPACE',''
  ) );
#240 = PCURVE('',#241,#246);
#241 = PLANE('',#242);
#242 = AXIS2_PLACEMENT_3D('',#243,#244,#245);
#243 = CARTESIAN_POINT('',(1.6,-0.249999999999,18.25));
#244 = DIRECTION('',(0.,0.707106781187,0.707106781187));
#245 = DIRECTION('',(1.,0.,-0.));
#246 = DEFINITIONAL_REPRESENTATION('',(#247),#251);
#247 = LINE('',#248,#249);
#248 = CARTESIAN_POINT('',(0.,-0.353553390593));
#249 = VECTOR('',#250,1.);
#250 = DIRECTION('',(1.,0.));
#251 = ( GEOMETRIC_REPRESENTATION_CONTEXT(2) 
PARAMETRIC_REPRESENTATION_CONTEXT() REPRESENTATION_CONTEXT('2D SPACE',''
  ) );
#252 = ORIENTED_EDGE('',*,*,#253,.F.);
#253 = EDGE_CURVE('',#50,#226,#254,.T.);
#254 = SURFACE_CURVE('',#255,(#260,#267),.PCURVE_S1.);
#255 = CIRCLE('',#256,2.1);
#256 = AXIS2_PLACEMENT_3D('',#257,#258,#259);
#257 = CARTESIAN_POINT('',(1.6,1.599999999999,18.5));
#258 = DIRECTION('',(0.,0.,1.));
#259 = DIRECTION('',(-1.,-1.387778780781E-16,0.));
#260 = PCURVE('',#58,#261);
#261 = DEFINITIONAL_REPRESENTATION('',(#262),#266);
#262 = CIRCLE('',#263,2.1);
#263 = AXIS2_PLACEMENT_2D('',#264,#265);
#264 = CARTESIAN_POINT('',(-32.4,-18.39999999933));
#265 = DIRECTION('',(-1.,-1.387778780781E-16));
#266 = ( GEOMETRIC_REPRESENTATION_CONTEXT(2) 
PARAMETRIC_REPRESENTATION_CONTEXT() REPRESENTATION_CONTEXT('2D SPACE',''
  ) );
#267 = PCURVE('',#268,#273);
#268 = CONICAL_SURFACE('',#269,1.6,0.785398163397);
#269 = AXIS2_PLACEMENT_3D('',#270,#271,#272);
#270 = CARTESIAN_POINT('',(1.6,1.599999999999,18.));
#271 = DIRECTION('',(0.,0.,1.));
#272 = DIRECTION('',(-1.,-1.387778780781E-16,0.));
#273 = DEFINITIONAL_REPRESENTATION('',(#274),#278);
#274 = LINE('',#275,#276);
#275 = CARTESIAN_POINT('',(-0.,0.5));
#276 = VECTOR('',#277,1.);
#277 = DIRECTION('',(1.,-0.));
#278 = ( GEOMETRIC_REPRESENTATION_CONTEXT(2) 
PARAMETRIC_REPRESENTATION_CONTEXT() REPRESENTATION_CONTEXT('2D SPACE',''
  ) );
#279 = FACE_BOUND('',#280,.T.);
#280 = EDGE_LOOP('',(#281,#311,#340,#368,#397,#425,#453,#481,#509,#532,
    #561,#589));
#281 = ORIENTED_EDGE('',*,*,#282,.F.);
#282 = EDGE_CURVE('',#283,#285,#287,.T.);
#283 = VERTEX_POINT('',#284);
#284 = CARTESIAN_POINT('',(-2.4,1.6,18.5));
#285 = VERTEX_POINT('',#286);
#286 = CARTESIAN_POINT('',(-2.4,38.399999996905,18.5));
#287 = SURFACE_CURVE('',#288,(#292,#299),.PCURVE_S1.);
#288 = LINE('',#289,#290);
#289 = CARTESIAN_POINT('',(-2.4,20.,18.5));
#290 = VECTOR('',#291,1.);
#291 = DIRECTION('',(0.,1.,0.));
#292 = PCURVE('',#58,#293);
#293 = DEFINITIONAL_REPRESENTATION('',(#294),#298);
#294 = LINE('',#295,#296);
#295 = CARTESIAN_POINT('',(-36.4,6.679989894565E-10));
#296 = VECTOR('',#297,1.);
#297 = DIRECTION('',(0.,1.));
#298 = ( GEOMETRIC_REPRESENTATION_CONTEXT(2) 
PARAMETRIC_REPRESENTATION_CONTEXT() REPRESENTATION_CONTEXT('2D SPACE',''
  ) );
#299 = PCURVE('',#300,#305);
#300 = PLANE('',#301);
#301 = AXIS2_PLACEMENT_3D('',#302,#303,#304);
#302 = CARTESIAN_POINT('',(-2.4,1.6,-2.4));
#303 = DIRECTION('',(-1.,0.,0.));
#304 = DIRECTION('',(0.,1.,0.));
#305 = DEFINITIONAL_REPRESENTATION('',(#306),#310);
#306 = LINE('',#307,#308);
#307 = CARTESIAN_POINT('',(18.4,-20.9));
#308 = VECTOR('',#309,1.);
#309 = DIRECTION('',(1.,0.));
#310 = ( GEOMETRIC_REPRESENTATION_CONTEXT(2) 
PARAMETRIC_REPRESENTATION_CONTEXT() REPRESENTATION_CONTEXT('2D SPACE',''
  ) );
#311 = ORIENTED_EDGE('',*,*,#312,.T.);
#312 = EDGE_CURVE('',#283,#313,#315,.T.);
#313 = VERTEX_POINT('',#314);
#314 = CARTESIAN_POINT('',(1.6,-2.4,18.5));
#315 = SURFACE_CURVE('',#316,(#321,#328),.PCURVE_S1.);
#316 = CIRCLE('',#317,4.);
#317 = AXIS2_PLACEMENT_3D('',#318,#319,#320);
#318 = CARTESIAN_POINT('',(1.6,1.6,18.5));
#319 = DIRECTION('',(0.,0.,1.));
#320 = DIRECTION('',(1.,0.,-0.));
#321 = PCURVE('',#58,#322);
#322 = DEFINITIONAL_REPRESENTATION('',(#323),#327);
#323 = CIRCLE('',#324,4.);
#324 = AXIS2_PLACEMENT_2D('',#325,#326);
#325 = CARTESIAN_POINT('',(-32.4,-18.39999999933));
#326 = DIRECTION('',(1.,0.));
#327 = ( GEOMETRIC_REPRESENTATION_CONTEXT(2) 
PARAMETRIC_REPRESENTATION_CONTEXT() REPRESENTATION_CONTEXT('2D SPACE',''
  ) );
#328 = PCURVE('',#329,#334);
#329 = CYLINDRICAL_SURFACE('',#330,4.);
#330 = AXIS2_PLACEMENT_3D('',#331,#332,#333);
#331 = CARTESIAN_POINT('',(1.6,1.6,-2.4));
#332 = DIRECTION('',(-0.,-0.,-1.));
#333 = DIRECTION('',(1.,0.,0.));
#334 = DEFINITIONAL_REPRESENTATION('',(#335),#339);
#335 = LINE('',#336,#337);
#336 = CARTESIAN_POINT('',(6.28318530718,-20.9));
#337 = VECTOR('',#338,1.);
#338 = DIRECTION('',(-1.,0.));
#339 = ( GEOMETRIC_REPRESENTATION_CONTEXT(2) 
PARAMETRIC_REPRESENTATION_CONTEXT() REPRESENTATION_CONTEXT('2D SPACE',''
  ) );
#340 = ORIENTED_EDGE('',*,*,#341,.T.);
#341 = EDGE_CURVE('',#313,#342,#344,.T.);
#342 = VERTEX_POINT('',#343);
#343 = CARTESIAN_POINT('',(66.4,-2.4,18.5));
#344 = SURFACE_CURVE('',#345,(#349,#356),.PCURVE_S1.);
#345 = LINE('',#346,#347);
#346 = CARTESIAN_POINT('',(34.,-2.4,18.5));
#347 = VECTOR('',#348,1.);
#348 = DIRECTION('',(1.,0.,0.));
#349 = PCURVE('',#58,#350);
#350 = DEFINITIONAL_REPRESENTATION('',(#351),#355);
#351 = LINE('',#352,#353);
#352 = CARTESIAN_POINT('',(0.,-22.39999999933));
#353 = VECTOR('',#354,1.);
#354 = DIRECTION('',(1.,0.));
#355 = ( GEOMETRIC_REPRESENTATION_CONTEXT(2) 
PARAMETRIC_REPRESENTATION_CONTEXT() REPRESENTATION_CONTEXT('2D SPACE',''
  ) );
#356 = PCURVE('',#357,#362);
#357 = PLANE('',#358);
#358 = AXIS2_PLACEMENT_3D('',#359,#360,#361);
#359 = CARTESIAN_POINT('',(1.6,-2.4,-2.4));
#360 = DIRECTION('',(0.,1.,0.));
#361 = DIRECTION('',(1.,0.,0.));
#362 = DEFINITIONAL_REPRESENTATION('',(#363),#367);
#363 = LINE('',#364,#365);
#364 = CARTESIAN_POINT('',(32.4,-20.9));
#365 = VECTOR('',#366,1.);
#366 = DIRECTION('',(1.,0.));
#367 = ( GEOMETRIC_REPRESENTATION_CONTEXT(2) 
PARAMETRIC_REPRESENTATION_CONTEXT() REPRESENTATION_CONTEXT('2D SPACE',''
  ) );
#368 = ORIENTED_EDGE('',*,*,#369,.T.);
#369 = EDGE_CURVE('',#342,#370,#372,.T.);
#370 = VERTEX_POINT('',#371);
#371 = CARTESIAN_POINT('',(70.4,1.6,18.5));
#372 = SURFACE_CURVE('',#373,(#378,#385),.PCURVE_S1.);
#373 = CIRCLE('',#374,4.);
#374 = AXIS2_PLACEMENT_3D('',#375,#376,#377);
#375 = CARTESIAN_POINT('',(66.4,1.6,18.5));
#376 = DIRECTION('',(0.,0.,1.));
#377 = DIRECTION('',(1.,0.,-0.));
#378 = PCURVE('',#58,#379);
#379 = DEFINITIONAL_REPRESENTATION('',(#380),#384);
#380 = CIRCLE('',#381,4.);
#381 = AXIS2_PLACEMENT_2D('',#382,#383);
#382 = CARTESIAN_POINT('',(32.4,-18.39999999933));
#383 = DIRECTION('',(1.,0.));
#384 = ( GEOMETRIC_REPRESENTATION_CONTEXT(2) 
PARAMETRIC_REPRESENTATION_CONTEXT() REPRESENTATION_CONTEXT('2D SPACE',''
  ) );
#385 = PCURVE('',#386,#391);
#386 = CYLINDRICAL_SURFACE('',#387,4.);
#387 = AXIS2_PLACEMENT_3D('',#388,#389,#390);
#388 = CARTESIAN_POINT('',(66.4,1.6,-2.4));
#389 = DIRECTION('',(-0.,-0.,-1.));
#390 = DIRECTION('',(1.,0.,0.));
#391 = DEFINITIONAL_REPRESENTATION('',(#392),#396);
#392 = LINE('',#393,#394);
#393 = CARTESIAN_POINT('',(6.28318530718,-20.9));
#394 = VECTOR('',#395,1.);
#395 = DIRECTION('',(-1.,0.));
#396 = ( GEOMETRIC_REPRESENTATION_CONTEXT(2) 
PARAMETRIC_REPRESENTATION_CONTEXT() REPRESENTATION_CONTEXT('2D SPACE',''
  ) );
#397 = ORIENTED_EDGE('',*,*,#398,.T.);
#398 = EDGE_CURVE('',#370,#399,#401,.T.);
#399 = VERTEX_POINT('',#400);
#400 = CARTESIAN_POINT('',(70.4,13.,18.5));
#401 = SURFACE_CURVE('',#402,(#406,#413),.PCURVE_S1.);
#402 = LINE('',#403,#404);
#403 = CARTESIAN_POINT('',(70.4,20.,18.5));
#404 = VECTOR('',#405,1.);
#405 = DIRECTION('',(0.,1.,0.));
#406 = PCURVE('',#58,#407);
#407 = DEFINITIONAL_REPRESENTATION('',(#408),#412);
#408 = LINE('',#409,#410);
#409 = CARTESIAN_POINT('',(36.4,6.679989894565E-10));
#410 = VECTOR('',#411,1.);
#411 = DIRECTION('',(0.,1.));
#412 = ( GEOMETRIC_REPRESENTATION_CONTEXT(2) 
PARAMETRIC_REPRESENTATION_CONTEXT() REPRESENTATION_CONTEXT('2D SPACE',''
  ) );
#413 = PCURVE('',#414,#419);
#414 = PLANE('',#415);
#415 = AXIS2_PLACEMENT_3D('',#416,#417,#418);
#416 = CARTESIAN_POINT('',(70.4,1.6,-2.4));
#417 = DIRECTION('',(-1.,0.,0.));
#418 = DIRECTION('',(0.,1.,0.));
#419 = DEFINITIONAL_REPRESENTATION('',(#420),#424);
#420 = LINE('',#421,#422);
#421 = CARTESIAN_POINT('',(18.4,-20.9));
#422 = VECTOR('',#423,1.);
#423 = DIRECTION('',(1.,0.));
#424 = ( GEOMETRIC_REPRESENTATION_CONTEXT(2) 
PARAMETRIC_REPRESENTATION_CONTEXT() REPRESENTATION_CONTEXT('2D SPACE',''
  ) );
#425 = ORIENTED_EDGE('',*,*,#426,.T.);
#426 = EDGE_CURVE('',#399,#427,#429,.T.);
#427 = VERTEX_POINT('',#428);
#428 = CARTESIAN_POINT('',(69.2,13.,18.5));
#429 = SURFACE_CURVE('',#430,(#434,#441),.PCURVE_S1.);
#430 = LINE('',#431,#432);
#431 = CARTESIAN_POINT('',(51.6,13.,18.5));
#432 = VECTOR('',#433,1.);
#433 = DIRECTION('',(-1.,-0.,0.));
#434 = PCURVE('',#58,#435);
#435 = DEFINITIONAL_REPRESENTATION('',(#436),#440);
#436 = LINE('',#437,#438);
#437 = CARTESIAN_POINT('',(17.6,-6.999999999332));
#438 = VECTOR('',#439,1.);
#439 = DIRECTION('',(-1.,0.));
#440 = ( GEOMETRIC_REPRESENTATION_CONTEXT(2) 
PARAMETRIC_REPRESENTATION_CONTEXT() REPRESENTATION_CONTEXT('2D SPACE',''
  ) );
#441 = PCURVE('',#442,#447);
#442 = PLANE('',#443);
#443 = AXIS2_PLACEMENT_3D('',#444,#445,#446);
#444 = CARTESIAN_POINT('',(69.2,13.,16.5));
#445 = DIRECTION('',(-0.,1.,0.));
#446 = DIRECTION('',(0.,0.,1.));
#447 = DEFINITIONAL_REPRESENTATION('',(#448),#452);
#448 = LINE('',#449,#450);
#449 = CARTESIAN_POINT('',(2.,-17.6));
#450 = VECTOR('',#451,1.);
#451 = DIRECTION('',(0.,-1.));
#452 = ( GEOMETRIC_REPRESENTATION_CONTEXT(2) 
PARAMETRIC_REPRESENTATION_CONTEXT() REPRESENTATION_CONTEXT('2D SPACE',''
  ) );
#453 = ORIENTED_EDGE('',*,*,#454,.T.);
#454 = EDGE_CURVE('',#427,#455,#457,.T.);
#455 = VERTEX_POINT('',#456);
#456 = CARTESIAN_POINT('',(69.2,27.,18.5));
#457 = SURFACE_CURVE('',#458,(#462,#469),.PCURVE_S1.);
#458 = LINE('',#459,#460);
#459 = CARTESIAN_POINT('',(69.2,16.499999999666,18.5));
#460 = VECTOR('',#461,1.);
#461 = DIRECTION('',(-0.,1.,0.));
#462 = PCURVE('',#58,#463);
#463 = DEFINITIONAL_REPRESENTATION('',(#464),#468);
#464 = LINE('',#465,#466);
#465 = CARTESIAN_POINT('',(35.2,-3.499999999666));
#466 = VECTOR('',#467,1.);
#467 = DIRECTION('',(0.,1.));
#468 = ( GEOMETRIC_REPRESENTATION_CONTEXT(2) 
PARAMETRIC_REPRESENTATION_CONTEXT() REPRESENTATION_CONTEXT('2D SPACE',''
  ) );
#469 = PCURVE('',#470,#475);
#470 = PLANE('',#471);
#471 = AXIS2_PLACEMENT_3D('',#472,#473,#474);
#472 = CARTESIAN_POINT('',(69.2,13.,16.5));
#473 = DIRECTION('',(1.,0.,-0.));
#474 = DIRECTION('',(0.,0.,1.));
#475 = DEFINITIONAL_REPRESENTATION('',(#476),#480);
#476 = LINE('',#477,#478);
#477 = CARTESIAN_POINT('',(2.,-3.499999999666));
#478 = VECTOR('',#479,1.);
#479 = DIRECTION('',(0.,-1.));
#480 = ( GEOMETRIC_REPRESENTATION_CONTEXT(2) 
PARAMETRIC_REPRESENTATION_CONTEXT() REPRESENTATION_CONTEXT('2D SPACE',''
  ) );
#481 = ORIENTED_EDGE('',*,*,#482,.F.);
#482 = EDGE_CURVE('',#483,#455,#485,.T.);
#483 = VERTEX_POINT('',#484);
#484 = CARTESIAN_POINT('',(70.4,27.,18.5));
#485 = SURFACE_CURVE('',#486,(#490,#497),.PCURVE_S1.);
#486 = LINE('',#487,#488);
#487 = CARTESIAN_POINT('',(51.6,27.,18.5));
#488 = VECTOR('',#489,1.);
#489 = DIRECTION('',(-1.,-0.,0.));
#490 = PCURVE('',#58,#491);
#491 = DEFINITIONAL_REPRESENTATION('',(#492),#496);
#492 = LINE('',#493,#494);
#493 = CARTESIAN_POINT('',(17.6,7.000000000668));
#494 = VECTOR('',#495,1.);
#495 = DIRECTION('',(-1.,0.));
#496 = ( GEOMETRIC_REPRESENTATION_CONTEXT(2) 
PARAMETRIC_REPRESENTATION_CONTEXT() REPRESENTATION_CONTEXT('2D SPACE',''
  ) );
#497 = PCURVE('',#498,#503);
#498 = PLANE('',#499);
#499 = AXIS2_PLACEMENT_3D('',#500,#501,#502);
#500 = CARTESIAN_POINT('',(69.2,27.,16.5));
#501 = DIRECTION('',(-0.,1.,0.));
#502 = DIRECTION('',(0.,0.,1.));
#503 = DEFINITIONAL_REPRESENTATION('',(#504),#508);
#504 = LINE('',#505,#506);
#505 = CARTESIAN_POINT('',(2.,-17.6));
#506 = VECTOR('',#507,1.);
#507 = DIRECTION('',(0.,-1.));
#508 = ( GEOMETRIC_REPRESENTATION_CONTEXT(2) 
PARAMETRIC_REPRESENTATION_CONTEXT() REPRESENTATION_CONTEXT('2D SPACE',''
  ) );
#509 = ORIENTED_EDGE('',*,*,#510,.T.);
#510 = EDGE_CURVE('',#483,#511,#513,.T.);
#511 = VERTEX_POINT('',#512);
#512 = CARTESIAN_POINT('',(70.4,38.399999996905,18.5));
#513 = SURFACE_CURVE('',#514,(#518,#525),.PCURVE_S1.);
#514 = LINE('',#515,#516);
#515 = CARTESIAN_POINT('',(70.4,20.,18.5));
#516 = VECTOR('',#517,1.);
#517 = DIRECTION('',(0.,1.,0.));
#518 = PCURVE('',#58,#519);
#519 = DEFINITIONAL_REPRESENTATION('',(#520),#524);
#520 = LINE('',#521,#522);
#521 = CARTESIAN_POINT('',(36.4,6.679989894565E-10));
#522 = VECTOR('',#523,1.);
#523 = DIRECTION('',(0.,1.));
#524 = ( GEOMETRIC_REPRESENTATION_CONTEXT(2) 
PARAMETRIC_REPRESENTATION_CONTEXT() REPRESENTATION_CONTEXT('2D SPACE',''
  ) );
#525 = PCURVE('',#414,#526);
#526 = DEFINITIONAL_REPRESENTATION('',(#527),#531);
#527 = LINE('',#528,#529);
#528 = CARTESIAN_POINT('',(18.4,-20.9));
#529 = VECTOR('',#530,1.);
#530 = DIRECTION('',(1.,0.));
#531 = ( GEOMETRIC_REPRESENTATION_CONTEXT(2) 
PARAMETRIC_REPRESENTATION_CONTEXT() REPRESENTATION_CONTEXT('2D SPACE',''
  ) );
#532 = ORIENTED_EDGE('',*,*,#533,.T.);
#533 = EDGE_CURVE('',#511,#534,#536,.T.);
#534 = VERTEX_POINT('',#535);
#535 = CARTESIAN_POINT('',(66.4,42.399999998452,18.5));
#536 = SURFACE_CURVE('',#537,(#542,#549),.PCURVE_S1.);
#537 = CIRCLE('',#538,4.);
#538 = AXIS2_PLACEMENT_3D('',#539,#540,#541);
#539 = CARTESIAN_POINT('',(66.4,38.399999996905,18.5));
#540 = DIRECTION('',(0.,0.,1.));
#541 = DIRECTION('',(1.,0.,-0.));
#542 = PCURVE('',#58,#543);
#543 = DEFINITIONAL_REPRESENTATION('',(#544),#548);
#544 = CIRCLE('',#545,4.);
#545 = AXIS2_PLACEMENT_2D('',#546,#547);
#546 = CARTESIAN_POINT('',(32.4,18.399999997573));
#547 = DIRECTION('',(1.,0.));
#548 = ( GEOMETRIC_REPRESENTATION_CONTEXT(2) 
PARAMETRIC_REPRESENTATION_CONTEXT() REPRESENTATION_CONTEXT('2D SPACE',''
  ) );
#549 = PCURVE('',#550,#555);
#550 = CYLINDRICAL_SURFACE('',#551,4.);
#551 = AXIS2_PLACEMENT_3D('',#552,#553,#554);
#552 = CARTESIAN_POINT('',(66.4,38.399999996905,-2.4));
#553 = DIRECTION('',(-0.,-0.,-1.));
#554 = DIRECTION('',(1.,0.,0.));
#555 = DEFINITIONAL_REPRESENTATION('',(#556),#560);
#556 = LINE('',#557,#558);
#557 = CARTESIAN_POINT('',(6.28318530718,-20.9));
#558 = VECTOR('',#559,1.);
#559 = DIRECTION('',(-1.,0.));
#560 = ( GEOMETRIC_REPRESENTATION_CONTEXT(2) 
PARAMETRIC_REPRESENTATION_CONTEXT() REPRESENTATION_CONTEXT('2D SPACE',''
  ) );
#561 = ORIENTED_EDGE('',*,*,#562,.F.);
#562 = EDGE_CURVE('',#563,#534,#565,.T.);
#563 = VERTEX_POINT('',#564);
#564 = CARTESIAN_POINT('',(1.6,42.399999998452,18.5));
#565 = SURFACE_CURVE('',#566,(#570,#577),.PCURVE_S1.);
#566 = LINE('',#567,#568);
#567 = CARTESIAN_POINT('',(34.,42.4,18.5));
#568 = VECTOR('',#569,1.);
#569 = DIRECTION('',(1.,0.,0.));
#570 = PCURVE('',#58,#571);
#571 = DEFINITIONAL_REPRESENTATION('',(#572),#576);
#572 = LINE('',#573,#574);
#573 = CARTESIAN_POINT('',(0.,22.400000000668));
#574 = VECTOR('',#575,1.);
#575 = DIRECTION('',(1.,0.));
#576 = ( GEOMETRIC_REPRESENTATION_CONTEXT(2) 
PARAMETRIC_REPRESENTATION_CONTEXT() REPRESENTATION_CONTEXT('2D SPACE',''
  ) );
#577 = PCURVE('',#578,#583);
#578 = PLANE('',#579);
#579 = AXIS2_PLACEMENT_3D('',#580,#581,#582);
#580 = CARTESIAN_POINT('',(1.6,42.4,-2.4));
#581 = DIRECTION('',(0.,1.,0.));
#582 = DIRECTION('',(1.,0.,0.));
#583 = DEFINITIONAL_REPRESENTATION('',(#584),#588);
#584 = LINE('',#585,#586);
#585 = CARTESIAN_POINT('',(32.4,-20.9));
#586 = VECTOR('',#587,1.);
#587 = DIRECTION('',(1.,0.));
#588 = ( GEOMETRIC_REPRESENTATION_CONTEXT(2) 
PARAMETRIC_REPRESENTATION_CONTEXT() REPRESENTATION_CONTEXT('2D SPACE',''
  ) );
#589 = ORIENTED_EDGE('',*,*,#590,.T.);
#590 = EDGE_CURVE('',#563,#285,#591,.T.);
#591 = SURFACE_CURVE('',#592,(#597,#604),.PCURVE_S1.);
#592 = CIRCLE('',#593,4.);
#593 = AXIS2_PLACEMENT_3D('',#594,#595,#596);
#594 = CARTESIAN_POINT('',(1.6,38.399999996905,18.5));
#595 = DIRECTION('',(0.,0.,1.));
#596 = DIRECTION('',(1.,0.,-0.));
#597 = PCURVE('',#58,#598);
#598 = DEFINITIONAL_REPRESENTATION('',(#599),#603);
#599 = CIRCLE('',#600,4.);
#600 = AXIS2_PLACEMENT_2D('',#601,#602);
#601 = CARTESIAN_POINT('',(-32.4,18.399999997573));
#602 = DIRECTION('',(1.,0.));
#603 = ( GEOMETRIC_REPRESENTATION_CONTEXT(2) 
PARAMETRIC_REPRESENTATION_CONTEXT() REPRESENTATION_CONTEXT('2D SPACE',''
  ) );
#604 = PCURVE('',#605,#610);
#605 = CYLINDRICAL_SURFACE('',#606,4.);
#606 = AXIS2_PLACEMENT_3D('',#607,#608,#609);
#607 = CARTESIAN_POINT('',(1.6,38.399999996905,-2.4));
#608 = DIRECTION('',(-0.,-0.,-1.));
#609 = DIRECTION('',(1.,0.,0.));
#610 = DEFINITIONAL_REPRESENTATION('',(#611),#615);
#611 = LINE('',#612,#613);
#612 = CARTESIAN_POINT('',(6.28318530718,-20.9));
#613 = VECTOR('',#614,1.);
#614 = DIRECTION('',(-1.,0.));
#615 = ( GEOMETRIC_REPRESENTATION_CONTEXT(2) 
PARAMETRIC_REPRESENTATION_CONTEXT() REPRESENTATION_CONTEXT('2D SPACE',''
  ) );
#616 = ADVANCED_FACE('',(#617),#70,.F.);
#617 = FACE_BOUND('',#618,.T.);
#618 = EDGE_LOOP('',(#619,#641,#642,#664));
#619 = ORIENTED_EDGE('',*,*,#620,.F.);
#620 = EDGE_CURVE('',#48,#621,#623,.T.);
#621 = VERTEX_POINT('',#622);
#622 = CARTESIAN_POINT('',(-4.718447854657E-16,38.399999994105,18.));
#623 = SURFACE_CURVE('',#624,(#628,#635),.PCURVE_S1.);
#624 = LINE('',#625,#626);
#625 = CARTESIAN_POINT('',(-0.25,38.399999994105,18.25));
#626 = VECTOR('',#627,1.);
#627 = DIRECTION('',(0.707106781187,0.,-0.707106781187));
#628 = PCURVE('',#70,#629);
#629 = DEFINITIONAL_REPRESENTATION('',(#630),#634);
#630 = LINE('',#631,#632);
#631 = CARTESIAN_POINT('',(0.,0.));
#632 = VECTOR('',#633,1.);
#633 = DIRECTION('',(0.,1.));
#634 = ( GEOMETRIC_REPRESENTATION_CONTEXT(2) 
PARAMETRIC_REPRESENTATION_CONTEXT() REPRESENTATION_CONTEXT('2D SPACE',''
  ) );
#635 = PCURVE('',#99,#636);
#636 = DEFINITIONAL_REPRESENTATION('',(#637),#640);
#637 = B_SPLINE_CURVE_WITH_KNOTS('',1,(#638,#639),.UNSPECIFIED.,.F.,.F.,
  (2,2),(-0.353553390593,0.353553390593),.PIECEWISE_BEZIER_KNOTS.);
#638 = CARTESIAN_POINT('',(1.570796326795,0.5));
#639 = CARTESIAN_POINT('',(1.570796326795,1.020560098144E-15));
#640 = ( GEOMETRIC_REPRESENTATION_CONTEXT(2) 
PARAMETRIC_REPRESENTATION_CONTEXT() REPRESENTATION_CONTEXT('2D SPACE',''
  ) );
#641 = ORIENTED_EDGE('',*,*,#47,.T.);
#642 = ORIENTED_EDGE('',*,*,#643,.T.);
#643 = EDGE_CURVE('',#50,#644,#646,.T.);
#644 = VERTEX_POINT('',#645);
#645 = CARTESIAN_POINT('',(-4.718447854657E-16,1.599999999999,18.));
#646 = SURFACE_CURVE('',#647,(#651,#658),.PCURVE_S1.);
#647 = LINE('',#648,#649);
#648 = CARTESIAN_POINT('',(-0.25,1.599999999999,18.25));
#649 = VECTOR('',#650,1.);
#650 = DIRECTION('',(0.707106781187,0.,-0.707106781187));
#651 = PCURVE('',#70,#652);
#652 = DEFINITIONAL_REPRESENTATION('',(#653),#657);
#653 = LINE('',#654,#655);
#654 = CARTESIAN_POINT('',(-36.7999999941,0.));
#655 = VECTOR('',#656,1.);
#656 = DIRECTION('',(0.,1.));
#657 = ( GEOMETRIC_REPRESENTATION_CONTEXT(2) 
PARAMETRIC_REPRESENTATION_CONTEXT() REPRESENTATION_CONTEXT('2D SPACE',''
  ) );
#658 = PCURVE('',#268,#659);
#659 = DEFINITIONAL_REPRESENTATION('',(#660),#663);
#660 = B_SPLINE_CURVE_WITH_KNOTS('',1,(#661,#662),.UNSPECIFIED.,.F.,.F.,
  (2,2),(-0.353553390593,0.353553390593),.PIECEWISE_BEZIER_KNOTS.);
#661 = CARTESIAN_POINT('',(0.,0.5));
#662 = CARTESIAN_POINT('',(0.,1.020560098144E-15));
#663 = ( GEOMETRIC_REPRESENTATION_CONTEXT(2) 
PARAMETRIC_REPRESENTATION_CONTEXT() REPRESENTATION_CONTEXT('2D SPACE',''
  ) );
#664 = ORIENTED_EDGE('',*,*,#665,.F.);
#665 = EDGE_CURVE('',#621,#644,#666,.T.);
#666 = SURFACE_CURVE('',#667,(#671,#678),.PCURVE_S1.);
#667 = LINE('',#668,#669);
#668 = CARTESIAN_POINT('',(0.,38.399999994105,18.));
#669 = VECTOR('',#670,1.);
#670 = DIRECTION('',(0.,-1.,0.));
#671 = PCURVE('',#70,#672);
#672 = DEFINITIONAL_REPRESENTATION('',(#673),#677);
#673 = LINE('',#674,#675);
#674 = CARTESIAN_POINT('',(0.,0.353553390593));
#675 = VECTOR('',#676,1.);
#676 = DIRECTION('',(-1.,0.));
#677 = ( GEOMETRIC_REPRESENTATION_CONTEXT(2) 
PARAMETRIC_REPRESENTATION_CONTEXT() REPRESENTATION_CONTEXT('2D SPACE',''
  ) );
#678 = PCURVE('',#679,#684);
#679 = PLANE('',#680);
#680 = AXIS2_PLACEMENT_3D('',#681,#682,#683);
#681 = CARTESIAN_POINT('',(0.,1.599999999999,0.));
#682 = DIRECTION('',(-1.,0.,0.));
#683 = DIRECTION('',(0.,1.,0.));
#684 = DEFINITIONAL_REPRESENTATION('',(#685),#689);
#685 = LINE('',#686,#687);
#686 = CARTESIAN_POINT('',(36.799999994106,-18.));
#687 = VECTOR('',#688,1.);
#688 = DIRECTION('',(-1.,0.));
#689 = ( GEOMETRIC_REPRESENTATION_CONTEXT(2) 
PARAMETRIC_REPRESENTATION_CONTEXT() REPRESENTATION_CONTEXT('2D SPACE',''
  ) );
#690 = ADVANCED_FACE('',(#691),#99,.F.);
#691 = FACE_BOUND('',#692,.T.);
#692 = EDGE_LOOP('',(#693,#715,#716,#717));
#693 = ORIENTED_EDGE('',*,*,#694,.F.);
#694 = EDGE_CURVE('',#83,#695,#697,.T.);
#695 = VERTEX_POINT('',#696);
#696 = CARTESIAN_POINT('',(1.6,40.000000000001,18.));
#697 = SURFACE_CURVE('',#698,(#702,#708),.PCURVE_S1.);
#698 = LINE('',#699,#700);
#699 = CARTESIAN_POINT('',(1.6,40.250000000001,18.25));
#700 = VECTOR('',#701,1.);
#701 = DIRECTION('',(-0.,-0.707106781187,-0.707106781187));
#702 = PCURVE('',#99,#703);
#703 = DEFINITIONAL_REPRESENTATION('',(#704),#707);
#704 = B_SPLINE_CURVE_WITH_KNOTS('',1,(#705,#706),.UNSPECIFIED.,.F.,.F.,
  (2,2),(-0.353553390593,0.353553390593),.PIECEWISE_BEZIER_KNOTS.);
#705 = CARTESIAN_POINT('',(-2.22044604925E-16,0.5));
#706 = CARTESIAN_POINT('',(-2.22044604925E-16,1.020560098144E-15));
#707 = ( GEOMETRIC_REPRESENTATION_CONTEXT(2) 
PARAMETRIC_REPRESENTATION_CONTEXT() REPRESENTATION_CONTEXT('2D SPACE',''
  ) );
#708 = PCURVE('',#127,#709);
#709 = DEFINITIONAL_REPRESENTATION('',(#710),#714);
#710 = LINE('',#711,#712);
#711 = CARTESIAN_POINT('',(-64.8,-0.));
#712 = VECTOR('',#713,1.);
#713 = DIRECTION('',(0.,1.));
#714 = ( GEOMETRIC_REPRESENTATION_CONTEXT(2) 
PARAMETRIC_REPRESENTATION_CONTEXT() REPRESENTATION_CONTEXT('2D SPACE',''
  ) );
#715 = ORIENTED_EDGE('',*,*,#82,.T.);
#716 = ORIENTED_EDGE('',*,*,#620,.T.);
#717 = ORIENTED_EDGE('',*,*,#718,.F.);
#718 = EDGE_CURVE('',#695,#621,#719,.T.);
#719 = SURFACE_CURVE('',#720,(#725,#732),.PCURVE_S1.);
#720 = CIRCLE('',#721,1.6);
#721 = AXIS2_PLACEMENT_3D('',#722,#723,#724);
#722 = CARTESIAN_POINT('',(1.6,38.399999994105,18.));
#723 = DIRECTION('',(0.,0.,1.));
#724 = DIRECTION('',(-1.387778780781E-16,1.,0.));
#725 = PCURVE('',#99,#726);
#726 = DEFINITIONAL_REPRESENTATION('',(#727),#731);
#727 = LINE('',#728,#729);
#728 = CARTESIAN_POINT('',(0.,-0.));
#729 = VECTOR('',#730,1.);
#730 = DIRECTION('',(1.,-0.));
#731 = ( GEOMETRIC_REPRESENTATION_CONTEXT(2) 
PARAMETRIC_REPRESENTATION_CONTEXT() REPRESENTATION_CONTEXT('2D SPACE',''
  ) );
#732 = PCURVE('',#733,#738);
#733 = CYLINDRICAL_SURFACE('',#734,1.6);
#734 = AXIS2_PLACEMENT_3D('',#735,#736,#737);
#735 = CARTESIAN_POINT('',(1.6,38.399999994105,0.));
#736 = DIRECTION('',(-0.,-0.,-1.));
#737 = DIRECTION('',(1.,0.,0.));
#738 = DEFINITIONAL_REPRESENTATION('',(#739),#743);
#739 = LINE('',#740,#741);
#740 = CARTESIAN_POINT('',(4.712388980385,-18.));
#741 = VECTOR('',#742,1.);
#742 = DIRECTION('',(-1.,0.));
#743 = ( GEOMETRIC_REPRESENTATION_CONTEXT(2) 
PARAMETRIC_REPRESENTATION_CONTEXT() REPRESENTATION_CONTEXT('2D SPACE',''
  ) );
#744 = ADVANCED_FACE('',(#745),#268,.F.);
#745 = FACE_BOUND('',#746,.T.);
#746 = EDGE_LOOP('',(#747,#748,#749,#771));
#747 = ORIENTED_EDGE('',*,*,#643,.F.);
#748 = ORIENTED_EDGE('',*,*,#253,.T.);
#749 = ORIENTED_EDGE('',*,*,#750,.T.);
#750 = EDGE_CURVE('',#226,#751,#753,.T.);
#751 = VERTEX_POINT('',#752);
#752 = CARTESIAN_POINT('',(1.6,-1.103561686477E-12,18.));
#753 = SURFACE_CURVE('',#754,(#758,#764),.PCURVE_S1.);
#754 = LINE('',#755,#756);
#755 = CARTESIAN_POINT('',(1.6,-1.103561686477E-12,18.));
#756 = VECTOR('',#757,1.);
#757 = DIRECTION('',(-5.483297585592E-17,0.707106781187,-0.707106781187)
  );
#758 = PCURVE('',#268,#759);
#759 = DEFINITIONAL_REPRESENTATION('',(#760),#763);
#760 = B_SPLINE_CURVE_WITH_KNOTS('',1,(#761,#762),.UNSPECIFIED.,.F.,.F.,
  (2,2),(-0.707106781187,0.),.PIECEWISE_BEZIER_KNOTS.);
#761 = CARTESIAN_POINT('',(1.570796326795,0.5));
#762 = CARTESIAN_POINT('',(1.570796326795,0.));
#763 = ( GEOMETRIC_REPRESENTATION_CONTEXT(2) 
PARAMETRIC_REPRESENTATION_CONTEXT() REPRESENTATION_CONTEXT('2D SPACE',''
  ) );
#764 = PCURVE('',#241,#765);
#765 = DEFINITIONAL_REPRESENTATION('',(#766),#770);
#766 = LINE('',#767,#768);
#767 = CARTESIAN_POINT('',(0.,0.353553390592));
#768 = VECTOR('',#769,1.);
#769 = DIRECTION('',(-5.483297585592E-17,1.));
#770 = ( GEOMETRIC_REPRESENTATION_CONTEXT(2) 
PARAMETRIC_REPRESENTATION_CONTEXT() REPRESENTATION_CONTEXT('2D SPACE',''
  ) );
#771 = ORIENTED_EDGE('',*,*,#772,.F.);
#772 = EDGE_CURVE('',#644,#751,#773,.T.);
#773 = SURFACE_CURVE('',#774,(#779,#786),.PCURVE_S1.);
#774 = CIRCLE('',#775,1.6);
#775 = AXIS2_PLACEMENT_3D('',#776,#777,#778);
#776 = CARTESIAN_POINT('',(1.6,1.599999999999,18.));
#777 = DIRECTION('',(0.,0.,1.));
#778 = DIRECTION('',(-1.,-1.387778780781E-16,0.));
#779 = PCURVE('',#268,#780);
#780 = DEFINITIONAL_REPRESENTATION('',(#781),#785);
#781 = LINE('',#782,#783);
#782 = CARTESIAN_POINT('',(0.,-0.));
#783 = VECTOR('',#784,1.);
#784 = DIRECTION('',(1.,-0.));
#785 = ( GEOMETRIC_REPRESENTATION_CONTEXT(2) 
PARAMETRIC_REPRESENTATION_CONTEXT() REPRESENTATION_CONTEXT('2D SPACE',''
  ) );
#786 = PCURVE('',#787,#792);
#787 = CYLINDRICAL_SURFACE('',#788,1.6);
#788 = AXIS2_PLACEMENT_3D('',#789,#790,#791);
#789 = CARTESIAN_POINT('',(1.6,1.599999999999,0.));
#790 = DIRECTION('',(-0.,-0.,-1.));
#791 = DIRECTION('',(1.,0.,0.));
#792 = DEFINITIONAL_REPRESENTATION('',(#793),#797);
#793 = LINE('',#794,#795);
#794 = CARTESIAN_POINT('',(3.14159265359,-18.));
#795 = VECTOR('',#796,1.);
#796 = DIRECTION('',(-1.,0.));
#797 = ( GEOMETRIC_REPRESENTATION_CONTEXT(2) 
PARAMETRIC_REPRESENTATION_CONTEXT() REPRESENTATION_CONTEXT('2D SPACE',''
  ) );
#798 = ADVANCED_FACE('',(#799),#127,.F.);
#799 = FACE_BOUND('',#800,.T.);
#800 = EDGE_LOOP('',(#801,#823,#824,#825));
#801 = ORIENTED_EDGE('',*,*,#802,.F.);
#802 = EDGE_CURVE('',#112,#803,#805,.T.);
#803 = VERTEX_POINT('',#804);
#804 = CARTESIAN_POINT('',(66.4,39.999999994105,18.));
#805 = SURFACE_CURVE('',#806,(#810,#817),.PCURVE_S1.);
#806 = LINE('',#807,#808);
#807 = CARTESIAN_POINT('',(66.4,39.999999994105,18.));
#808 = VECTOR('',#809,1.);
#809 = DIRECTION('',(5.847391806613E-16,-0.707106781187,-0.707106781187)
  );
#810 = PCURVE('',#127,#811);
#811 = DEFINITIONAL_REPRESENTATION('',(#812),#816);
#812 = LINE('',#813,#814);
#813 = CARTESIAN_POINT('',(0.,0.353553394762));
#814 = VECTOR('',#815,1.);
#815 = DIRECTION('',(5.847391806613E-16,1.));
#816 = ( GEOMETRIC_REPRESENTATION_CONTEXT(2) 
PARAMETRIC_REPRESENTATION_CONTEXT() REPRESENTATION_CONTEXT('2D SPACE',''
  ) );
#817 = PCURVE('',#156,#818);
#818 = DEFINITIONAL_REPRESENTATION('',(#819),#822);
#819 = B_SPLINE_CURVE_WITH_KNOTS('',1,(#820,#821),.UNSPECIFIED.,.F.,.F.,
  (2,2),(-0.707106781187,0.),.PIECEWISE_BEZIER_KNOTS.);
#820 = CARTESIAN_POINT('',(1.570796326795,0.5));
#821 = CARTESIAN_POINT('',(1.570796326795,0.));
#822 = ( GEOMETRIC_REPRESENTATION_CONTEXT(2) 
PARAMETRIC_REPRESENTATION_CONTEXT() REPRESENTATION_CONTEXT('2D SPACE',''
  ) );
#823 = ORIENTED_EDGE('',*,*,#111,.T.);
#824 = ORIENTED_EDGE('',*,*,#694,.T.);
#825 = ORIENTED_EDGE('',*,*,#826,.F.);
#826 = EDGE_CURVE('',#803,#695,#827,.T.);
#827 = SURFACE_CURVE('',#828,(#832,#839),.PCURVE_S1.);
#828 = LINE('',#829,#830);
#829 = CARTESIAN_POINT('',(66.4,40.000000000001,18.));
#830 = VECTOR('',#831,1.);
#831 = DIRECTION('',(-1.,0.,0.));
#832 = PCURVE('',#127,#833);
#833 = DEFINITIONAL_REPRESENTATION('',(#834),#838);
#834 = LINE('',#835,#836);
#835 = CARTESIAN_POINT('',(0.,0.353553390593));
#836 = VECTOR('',#837,1.);
#837 = DIRECTION('',(-1.,-0.));
#838 = ( GEOMETRIC_REPRESENTATION_CONTEXT(2) 
PARAMETRIC_REPRESENTATION_CONTEXT() REPRESENTATION_CONTEXT('2D SPACE',''
  ) );
#839 = PCURVE('',#840,#845);
#840 = PLANE('',#841);
#841 = AXIS2_PLACEMENT_3D('',#842,#843,#844);
#842 = CARTESIAN_POINT('',(1.6,40.000000000001,0.));
#843 = DIRECTION('',(0.,1.,0.));
#844 = DIRECTION('',(1.,0.,0.));
#845 = DEFINITIONAL_REPRESENTATION('',(#846),#850);
#846 = LINE('',#847,#848);
#847 = CARTESIAN_POINT('',(64.8,-18.));
#848 = VECTOR('',#849,1.);
#849 = DIRECTION('',(-1.,0.));
#850 = ( GEOMETRIC_REPRESENTATION_CONTEXT(2) 
PARAMETRIC_REPRESENTATION_CONTEXT() REPRESENTATION_CONTEXT('2D SPACE',''
  ) );
#851 = ADVANCED_FACE('',(#852),#241,.T.);
#852 = FACE_BOUND('',#853,.T.);
#853 = EDGE_LOOP('',(#854,#855,#856,#878));
#854 = ORIENTED_EDGE('',*,*,#750,.F.);
#855 = ORIENTED_EDGE('',*,*,#225,.T.);
#856 = ORIENTED_EDGE('',*,*,#857,.T.);
#857 = EDGE_CURVE('',#197,#858,#860,.T.);
#858 = VERTEX_POINT('',#859);
#859 = CARTESIAN_POINT('',(66.4,1.104422109321E-12,18.));
#860 = SURFACE_CURVE('',#861,(#865,#872),.PCURVE_S1.);
#861 = LINE('',#862,#863);
#862 = CARTESIAN_POINT('',(66.4,-0.249999999999,18.25));
#863 = VECTOR('',#864,1.);
#864 = DIRECTION('',(-0.,0.707106781187,-0.707106781187));
#865 = PCURVE('',#241,#866);
#866 = DEFINITIONAL_REPRESENTATION('',(#867),#871);
#867 = LINE('',#868,#869);
#868 = CARTESIAN_POINT('',(64.8,0.));
#869 = VECTOR('',#870,1.);
#870 = DIRECTION('',(0.,1.));
#871 = ( GEOMETRIC_REPRESENTATION_CONTEXT(2) 
PARAMETRIC_REPRESENTATION_CONTEXT() REPRESENTATION_CONTEXT('2D SPACE',''
  ) );
#872 = PCURVE('',#213,#873);
#873 = DEFINITIONAL_REPRESENTATION('',(#874),#877);
#874 = B_SPLINE_CURVE_WITH_KNOTS('',1,(#875,#876),.UNSPECIFIED.,.F.,.F.,
  (2,2),(-0.353553390593,0.353553390593),.PIECEWISE_BEZIER_KNOTS.);
#875 = CARTESIAN_POINT('',(-8.881784197001E-16,0.5));
#876 = CARTESIAN_POINT('',(-8.881784197001E-16,-2.355138688026E-16));
#877 = ( GEOMETRIC_REPRESENTATION_CONTEXT(2) 
PARAMETRIC_REPRESENTATION_CONTEXT() REPRESENTATION_CONTEXT('2D SPACE',''
  ) );
#878 = ORIENTED_EDGE('',*,*,#879,.F.);
#879 = EDGE_CURVE('',#751,#858,#880,.T.);
#880 = SURFACE_CURVE('',#881,(#885,#892),.PCURVE_S1.);
#881 = LINE('',#882,#883);
#882 = CARTESIAN_POINT('',(1.6,1.104893954107E-12,18.));
#883 = VECTOR('',#884,1.);
#884 = DIRECTION('',(1.,-0.,-0.));
#885 = PCURVE('',#241,#886);
#886 = DEFINITIONAL_REPRESENTATION('',(#887),#891);
#887 = LINE('',#888,#889);
#888 = CARTESIAN_POINT('',(0.,0.353553390593));
#889 = VECTOR('',#890,1.);
#890 = DIRECTION('',(1.,0.));
#891 = ( GEOMETRIC_REPRESENTATION_CONTEXT(2) 
PARAMETRIC_REPRESENTATION_CONTEXT() REPRESENTATION_CONTEXT('2D SPACE',''
  ) );
#892 = PCURVE('',#893,#898);
#893 = PLANE('',#894);
#894 = AXIS2_PLACEMENT_3D('',#895,#896,#897);
#895 = CARTESIAN_POINT('',(1.6,1.104893954107E-12,0.));
#896 = DIRECTION('',(0.,1.,0.));
#897 = DIRECTION('',(1.,0.,0.));
#898 = DEFINITIONAL_REPRESENTATION('',(#899),#903);
#899 = LINE('',#900,#901);
#900 = CARTESIAN_POINT('',(0.,-18.));
#901 = VECTOR('',#902,1.);
#902 = DIRECTION('',(1.,0.));
#903 = ( GEOMETRIC_REPRESENTATION_CONTEXT(2) 
PARAMETRIC_REPRESENTATION_CONTEXT() REPRESENTATION_CONTEXT('2D SPACE',''
  ) );
#904 = ADVANCED_FACE('',(#905),#156,.F.);
#905 = FACE_BOUND('',#906,.T.);
#906 = EDGE_LOOP('',(#907,#929,#930,#931));
#907 = ORIENTED_EDGE('',*,*,#908,.F.);
#908 = EDGE_CURVE('',#140,#909,#911,.T.);
#909 = VERTEX_POINT('',#910);
#910 = CARTESIAN_POINT('',(68.,38.399999994105,18.));
#911 = SURFACE_CURVE('',#912,(#916,#922),.PCURVE_S1.);
#912 = LINE('',#913,#914);
#913 = CARTESIAN_POINT('',(68.25,38.399999994105,18.25));
#914 = VECTOR('',#915,1.);
#915 = DIRECTION('',(-0.707106781187,0.,-0.707106781187));
#916 = PCURVE('',#156,#917);
#917 = DEFINITIONAL_REPRESENTATION('',(#918),#921);
#918 = B_SPLINE_CURVE_WITH_KNOTS('',1,(#919,#920),.UNSPECIFIED.,.F.,.F.,
  (2,2),(-0.353553390593,0.353553390593),.PIECEWISE_BEZIER_KNOTS.);
#919 = CARTESIAN_POINT('',(0.,0.5));
#920 = CARTESIAN_POINT('',(0.,6.044855965933E-15));
#921 = ( GEOMETRIC_REPRESENTATION_CONTEXT(2) 
PARAMETRIC_REPRESENTATION_CONTEXT() REPRESENTATION_CONTEXT('2D SPACE',''
  ) );
#922 = PCURVE('',#184,#923);
#923 = DEFINITIONAL_REPRESENTATION('',(#924),#928);
#924 = LINE('',#925,#926);
#925 = CARTESIAN_POINT('',(36.799999994106,0.));
#926 = VECTOR('',#927,1.);
#927 = DIRECTION('',(0.,1.));
#928 = ( GEOMETRIC_REPRESENTATION_CONTEXT(2) 
PARAMETRIC_REPRESENTATION_CONTEXT() REPRESENTATION_CONTEXT('2D SPACE',''
  ) );
#929 = ORIENTED_EDGE('',*,*,#139,.T.);
#930 = ORIENTED_EDGE('',*,*,#802,.T.);
#931 = ORIENTED_EDGE('',*,*,#932,.F.);
#932 = EDGE_CURVE('',#909,#803,#933,.T.);
#933 = SURFACE_CURVE('',#934,(#939,#946),.PCURVE_S1.);
#934 = CIRCLE('',#935,1.6);
#935 = AXIS2_PLACEMENT_3D('',#936,#937,#938);
#936 = CARTESIAN_POINT('',(66.4,38.399999994105,18.));
#937 = DIRECTION('',(0.,0.,1.));
#938 = DIRECTION('',(1.,0.,-0.));
#939 = PCURVE('',#156,#940);
#940 = DEFINITIONAL_REPRESENTATION('',(#941),#945);
#941 = LINE('',#942,#943);
#942 = CARTESIAN_POINT('',(0.,-0.));
#943 = VECTOR('',#944,1.);
#944 = DIRECTION('',(1.,-0.));
#945 = ( GEOMETRIC_REPRESENTATION_CONTEXT(2) 
PARAMETRIC_REPRESENTATION_CONTEXT() REPRESENTATION_CONTEXT('2D SPACE',''
  ) );
#946 = PCURVE('',#947,#952);
#947 = CYLINDRICAL_SURFACE('',#948,1.6);
#948 = AXIS2_PLACEMENT_3D('',#949,#950,#951);
#949 = CARTESIAN_POINT('',(66.4,38.399999994105,0.));
#950 = DIRECTION('',(-0.,-0.,-1.));
#951 = DIRECTION('',(1.,0.,0.));
#952 = DEFINITIONAL_REPRESENTATION('',(#953),#957);
#953 = LINE('',#954,#955);
#954 = CARTESIAN_POINT('',(6.28318530718,-18.));
#955 = VECTOR('',#956,1.);
#956 = DIRECTION('',(-1.,0.));
#957 = ( GEOMETRIC_REPRESENTATION_CONTEXT(2) 
PARAMETRIC_REPRESENTATION_CONTEXT() REPRESENTATION_CONTEXT('2D SPACE',''
  ) );
#958 = ADVANCED_FACE('',(#959),#213,.F.);
#959 = FACE_BOUND('',#960,.T.);
#960 = EDGE_LOOP('',(#961,#962,#963,#985));
#961 = ORIENTED_EDGE('',*,*,#857,.F.);
#962 = ORIENTED_EDGE('',*,*,#196,.T.);
#963 = ORIENTED_EDGE('',*,*,#964,.T.);
#964 = EDGE_CURVE('',#169,#965,#967,.T.);
#965 = VERTEX_POINT('',#966);
#966 = CARTESIAN_POINT('',(68.,1.599999999999,18.));
#967 = SURFACE_CURVE('',#968,(#972,#978),.PCURVE_S1.);
#968 = LINE('',#969,#970);
#969 = CARTESIAN_POINT('',(68.,1.599999999999,18.));
#970 = VECTOR('',#971,1.);
#971 = DIRECTION('',(-0.707106781187,4.329780281174E-17,-0.707106781187)
  );
#972 = PCURVE('',#213,#973);
#973 = DEFINITIONAL_REPRESENTATION('',(#974),#977);
#974 = B_SPLINE_CURVE_WITH_KNOTS('',1,(#975,#976),.UNSPECIFIED.,.F.,.F.,
  (2,2),(-0.707106781187,0.),.PIECEWISE_BEZIER_KNOTS.);
#975 = CARTESIAN_POINT('',(1.570796326795,0.5));
#976 = CARTESIAN_POINT('',(1.570796326795,0.));
#977 = ( GEOMETRIC_REPRESENTATION_CONTEXT(2) 
PARAMETRIC_REPRESENTATION_CONTEXT() REPRESENTATION_CONTEXT('2D SPACE',''
  ) );
#978 = PCURVE('',#184,#979);
#979 = DEFINITIONAL_REPRESENTATION('',(#980),#984);
#980 = LINE('',#981,#982);
#981 = CARTESIAN_POINT('',(0.,0.353553390593));
#982 = VECTOR('',#983,1.);
#983 = DIRECTION('',(4.329780281174E-17,1.));
#984 = ( GEOMETRIC_REPRESENTATION_CONTEXT(2) 
PARAMETRIC_REPRESENTATION_CONTEXT() REPRESENTATION_CONTEXT('2D SPACE',''
  ) );
#985 = ORIENTED_EDGE('',*,*,#986,.F.);
#986 = EDGE_CURVE('',#858,#965,#987,.T.);
#987 = SURFACE_CURVE('',#988,(#993,#1000),.PCURVE_S1.);
#988 = CIRCLE('',#989,1.6);
#989 = AXIS2_PLACEMENT_3D('',#990,#991,#992);
#990 = CARTESIAN_POINT('',(66.4,1.599999999999,18.));
#991 = DIRECTION('',(0.,0.,1.));
#992 = DIRECTION('',(0.,-1.,0.));
#993 = PCURVE('',#213,#994);
#994 = DEFINITIONAL_REPRESENTATION('',(#995),#999);
#995 = LINE('',#996,#997);
#996 = CARTESIAN_POINT('',(0.,-0.));
#997 = VECTOR('',#998,1.);
#998 = DIRECTION('',(1.,-0.));
#999 = ( GEOMETRIC_REPRESENTATION_CONTEXT(2) 
PARAMETRIC_REPRESENTATION_CONTEXT() REPRESENTATION_CONTEXT('2D SPACE',''
  ) );
#1000 = PCURVE('',#1001,#1006);
#1001 = CYLINDRICAL_SURFACE('',#1002,1.6);
#1002 = AXIS2_PLACEMENT_3D('',#1003,#1004,#1005);
#1003 = CARTESIAN_POINT('',(66.4,1.599999999999,0.));
#1004 = DIRECTION('',(-0.,-0.,-1.));
#1005 = DIRECTION('',(1.,0.,0.));
#1006 = DEFINITIONAL_REPRESENTATION('',(#1007),#1011);
#1007 = LINE('',#1008,#1009);
#1008 = CARTESIAN_POINT('',(1.570796326795,-18.));
#1009 = VECTOR('',#1010,1.);
#1010 = DIRECTION('',(-1.,0.));
#1011 = ( GEOMETRIC_REPRESENTATION_CONTEXT(2) 
PARAMETRIC_REPRESENTATION_CONTEXT() REPRESENTATION_CONTEXT('2D SPACE',''
  ) );
#1012 = ADVANCED_FACE('',(#1013),#184,.T.);
#1013 = FACE_BOUND('',#1014,.T.);
#1014 = EDGE_LOOP('',(#1015,#1016,#1017,#1018));
#1015 = ORIENTED_EDGE('',*,*,#964,.F.);
#1016 = ORIENTED_EDGE('',*,*,#168,.T.);
#1017 = ORIENTED_EDGE('',*,*,#908,.T.);
#1018 = ORIENTED_EDGE('',*,*,#1019,.F.);
#1019 = EDGE_CURVE('',#965,#909,#1020,.T.);
#1020 = SURFACE_CURVE('',#1021,(#1025,#1032),.PCURVE_S1.);
#1021 = LINE('',#1022,#1023);
#1022 = CARTESIAN_POINT('',(68.,1.599999999999,18.));
#1023 = VECTOR('',#1024,1.);
#1024 = DIRECTION('',(-0.,1.,-0.));
#1025 = PCURVE('',#184,#1026);
#1026 = DEFINITIONAL_REPRESENTATION('',(#1027),#1031);
#1027 = LINE('',#1028,#1029);
#1028 = CARTESIAN_POINT('',(0.,0.353553390593));
#1029 = VECTOR('',#1030,1.);
#1030 = DIRECTION('',(1.,0.));
#1031 = ( GEOMETRIC_REPRESENTATION_CONTEXT(2) 
PARAMETRIC_REPRESENTATION_CONTEXT() REPRESENTATION_CONTEXT('2D SPACE',''
  ) );
#1032 = PCURVE('',#1033,#1038);
#1033 = PLANE('',#1034);
#1034 = AXIS2_PLACEMENT_3D('',#1035,#1036,#1037);
#1035 = CARTESIAN_POINT('',(68.,1.599999999999,0.));
#1036 = DIRECTION('',(-1.,0.,0.));
#1037 = DIRECTION('',(0.,1.,0.));
#1038 = DEFINITIONAL_REPRESENTATION('',(#1039),#1043);
#1039 = LINE('',#1040,#1041);
#1040 = CARTESIAN_POINT('',(0.,-18.));
#1041 = VECTOR('',#1042,1.);
#1042 = DIRECTION('',(1.,0.));
#1043 = ( GEOMETRIC_REPRESENTATION_CONTEXT(2) 
PARAMETRIC_REPRESENTATION_CONTEXT() REPRESENTATION_CONTEXT('2D SPACE',''
  ) );
#1044 = ADVANCED_FACE('',(#1045,#1120),#300,.T.);
#1045 = FACE_BOUND('',#1046,.T.);
#1046 = EDGE_LOOP('',(#1047,#1070,#1071,#1094));
#1047 = ORIENTED_EDGE('',*,*,#1048,.T.);
#1048 = EDGE_CURVE('',#1049,#283,#1051,.T.);
#1049 = VERTEX_POINT('',#1050);
#1050 = CARTESIAN_POINT('',(-2.4,1.6,-2.));
#1051 = SURFACE_CURVE('',#1052,(#1056,#1063),.PCURVE_S1.);
#1052 = LINE('',#1053,#1054);
#1053 = CARTESIAN_POINT('',(-2.4,1.6,-2.4));
#1054 = VECTOR('',#1055,1.);
#1055 = DIRECTION('',(0.,0.,1.));
#1056 = PCURVE('',#300,#1057);
#1057 = DEFINITIONAL_REPRESENTATION('',(#1058),#1062);
#1058 = LINE('',#1059,#1060);
#1059 = CARTESIAN_POINT('',(0.,0.));
#1060 = VECTOR('',#1061,1.);
#1061 = DIRECTION('',(0.,-1.));
#1062 = ( GEOMETRIC_REPRESENTATION_CONTEXT(2) 
PARAMETRIC_REPRESENTATION_CONTEXT() REPRESENTATION_CONTEXT('2D SPACE',''
  ) );
#1063 = PCURVE('',#329,#1064);
#1064 = DEFINITIONAL_REPRESENTATION('',(#1065),#1069);
#1065 = LINE('',#1066,#1067);
#1066 = CARTESIAN_POINT('',(3.14159265359,0.));
#1067 = VECTOR('',#1068,1.);
#1068 = DIRECTION('',(-0.,-1.));
#1069 = ( GEOMETRIC_REPRESENTATION_CONTEXT(2) 
PARAMETRIC_REPRESENTATION_CONTEXT() REPRESENTATION_CONTEXT('2D SPACE',''
  ) );
#1070 = ORIENTED_EDGE('',*,*,#282,.T.);
#1071 = ORIENTED_EDGE('',*,*,#1072,.F.);
#1072 = EDGE_CURVE('',#1073,#285,#1075,.T.);
#1073 = VERTEX_POINT('',#1074);
#1074 = CARTESIAN_POINT('',(-2.4,38.399999996905,-2.));
#1075 = SURFACE_CURVE('',#1076,(#1080,#1087),.PCURVE_S1.);
#1076 = LINE('',#1077,#1078);
#1077 = CARTESIAN_POINT('',(-2.4,38.399999996905,-2.4));
#1078 = VECTOR('',#1079,1.);
#1079 = DIRECTION('',(0.,0.,1.));
#1080 = PCURVE('',#300,#1081);
#1081 = DEFINITIONAL_REPRESENTATION('',(#1082),#1086);
#1082 = LINE('',#1083,#1084);
#1083 = CARTESIAN_POINT('',(36.799999996905,0.));
#1084 = VECTOR('',#1085,1.);
#1085 = DIRECTION('',(0.,-1.));
#1086 = ( GEOMETRIC_REPRESENTATION_CONTEXT(2) 
PARAMETRIC_REPRESENTATION_CONTEXT() REPRESENTATION_CONTEXT('2D SPACE',''
  ) );
#1087 = PCURVE('',#605,#1088);
#1088 = DEFINITIONAL_REPRESENTATION('',(#1089),#1093);
#1089 = LINE('',#1090,#1091);
#1090 = CARTESIAN_POINT('',(3.14159265359,0.));
#1091 = VECTOR('',#1092,1.);
#1092 = DIRECTION('',(-0.,-1.));
#1093 = ( GEOMETRIC_REPRESENTATION_CONTEXT(2) 
PARAMETRIC_REPRESENTATION_CONTEXT() REPRESENTATION_CONTEXT('2D SPACE',''
  ) );
#1094 = ORIENTED_EDGE('',*,*,#1095,.F.);
#1095 = EDGE_CURVE('',#1049,#1073,#1096,.T.);
#1096 = SURFACE_CURVE('',#1097,(#1101,#1108),.PCURVE_S1.);
#1097 = LINE('',#1098,#1099);
#1098 = CARTESIAN_POINT('',(-2.4,1.6,-2.));
#1099 = VECTOR('',#1100,1.);
#1100 = DIRECTION('',(0.,1.,0.));
#1101 = PCURVE('',#300,#1102);
#1102 = DEFINITIONAL_REPRESENTATION('',(#1103),#1107);
#1103 = LINE('',#1104,#1105);
#1104 = CARTESIAN_POINT('',(0.,-0.4));
#1105 = VECTOR('',#1106,1.);
#1106 = DIRECTION('',(1.,0.));
#1107 = ( GEOMETRIC_REPRESENTATION_CONTEXT(2) 
PARAMETRIC_REPRESENTATION_CONTEXT() REPRESENTATION_CONTEXT('2D SPACE',''
  ) );
#1108 = PCURVE('',#1109,#1114);
#1109 = PLANE('',#1110);
#1110 = AXIS2_PLACEMENT_3D('',#1111,#1112,#1113);
#1111 = CARTESIAN_POINT('',(-2.2,1.6,-2.2));
#1112 = DIRECTION('',(0.707106781187,0.,0.707106781187));
#1113 = DIRECTION('',(0.,-1.,0.));
#1114 = DEFINITIONAL_REPRESENTATION('',(#1115),#1119);
#1115 = LINE('',#1116,#1117);
#1116 = CARTESIAN_POINT('',(0.,-0.282842712475));
#1117 = VECTOR('',#1118,1.);
#1118 = DIRECTION('',(-1.,0.));
#1119 = ( GEOMETRIC_REPRESENTATION_CONTEXT(2) 
PARAMETRIC_REPRESENTATION_CONTEXT() REPRESENTATION_CONTEXT('2D SPACE',''
  ) );
#1120 = FACE_BOUND('',#1121,.T.);
#1121 = EDGE_LOOP('',(#1122,#1152,#1181,#1209,#1238,#1266,#1295,#1323));
#1122 = ORIENTED_EDGE('',*,*,#1123,.F.);
#1123 = EDGE_CURVE('',#1124,#1126,#1128,.T.);
#1124 = VERTEX_POINT('',#1125);
#1125 = CARTESIAN_POINT('',(-2.4,7.96,12.459999987493));
#1126 = VERTEX_POINT('',#1127);
#1127 = CARTESIAN_POINT('',(-2.4,7.96,14.459999952927));
#1128 = SURFACE_CURVE('',#1129,(#1133,#1140),.PCURVE_S1.);
#1129 = LINE('',#1130,#1131);
#1130 = CARTESIAN_POINT('',(-2.4,7.96,5.029999993747));
#1131 = VECTOR('',#1132,1.);
#1132 = DIRECTION('',(0.,0.,1.));
#1133 = PCURVE('',#300,#1134);
#1134 = DEFINITIONAL_REPRESENTATION('',(#1135),#1139);
#1135 = LINE('',#1136,#1137);
#1136 = CARTESIAN_POINT('',(6.36,-7.429999993747));
#1137 = VECTOR('',#1138,1.);
#1138 = DIRECTION('',(0.,-1.));
#1139 = ( GEOMETRIC_REPRESENTATION_CONTEXT(2) 
PARAMETRIC_REPRESENTATION_CONTEXT() REPRESENTATION_CONTEXT('2D SPACE',''
  ) );
#1140 = PCURVE('',#1141,#1146);
#1141 = PLANE('',#1142);
#1142 = AXIS2_PLACEMENT_3D('',#1143,#1144,#1145);
#1143 = CARTESIAN_POINT('',(-3.4,7.96,12.459999987493));
#1144 = DIRECTION('',(0.,-1.,0.));
#1145 = DIRECTION('',(0.,0.,1.));
#1146 = DEFINITIONAL_REPRESENTATION('',(#1147),#1151);
#1147 = LINE('',#1148,#1149);
#1148 = CARTESIAN_POINT('',(-7.429999993746,-1.));
#1149 = VECTOR('',#1150,1.);
#1150 = DIRECTION('',(1.,0.));
#1151 = ( GEOMETRIC_REPRESENTATION_CONTEXT(2) 
PARAMETRIC_REPRESENTATION_CONTEXT() REPRESENTATION_CONTEXT('2D SPACE',''
  ) );
#1152 = ORIENTED_EDGE('',*,*,#1153,.F.);
#1153 = EDGE_CURVE('',#1154,#1124,#1156,.T.);
#1154 = VERTEX_POINT('',#1155);
#1155 = CARTESIAN_POINT('',(-2.4,10.96,9.46));
#1156 = SURFACE_CURVE('',#1157,(#1162,#1169),.PCURVE_S1.);
#1157 = CIRCLE('',#1158,3.);
#1158 = AXIS2_PLACEMENT_3D('',#1159,#1160,#1161);
#1159 = CARTESIAN_POINT('',(-2.4,10.96,12.459999987493));
#1160 = DIRECTION('',(-1.,0.,0.));
#1161 = DIRECTION('',(0.,-1.,0.));
#1162 = PCURVE('',#300,#1163);
#1163 = DEFINITIONAL_REPRESENTATION('',(#1164),#1168);
#1164 = CIRCLE('',#1165,3.);
#1165 = AXIS2_PLACEMENT_2D('',#1166,#1167);
#1166 = CARTESIAN_POINT('',(9.36,-14.85999998749));
#1167 = DIRECTION('',(-1.,0.));
#1168 = ( GEOMETRIC_REPRESENTATION_CONTEXT(2) 
PARAMETRIC_REPRESENTATION_CONTEXT() REPRESENTATION_CONTEXT('2D SPACE',''
  ) );
#1169 = PCURVE('',#1170,#1175);
#1170 = CYLINDRICAL_SURFACE('',#1171,3.);
#1171 = AXIS2_PLACEMENT_3D('',#1172,#1173,#1174);
#1172 = CARTESIAN_POINT('',(-3.4,10.96,12.459999987493));
#1173 = DIRECTION('',(-1.,0.,0.));
#1174 = DIRECTION('',(0.,-1.,0.));
#1175 = DEFINITIONAL_REPRESENTATION('',(#1176),#1180);
#1176 = LINE('',#1177,#1178);
#1177 = CARTESIAN_POINT('',(0.,-1.));
#1178 = VECTOR('',#1179,1.);
#1179 = DIRECTION('',(1.,0.));
#1180 = ( GEOMETRIC_REPRESENTATION_CONTEXT(2) 
PARAMETRIC_REPRESENTATION_CONTEXT() REPRESENTATION_CONTEXT('2D SPACE',''
  ) );
#1181 = ORIENTED_EDGE('',*,*,#1182,.T.);
#1182 = EDGE_CURVE('',#1154,#1183,#1185,.T.);
#1183 = VERTEX_POINT('',#1184);
#1184 = CARTESIAN_POINT('',(-2.4,17.96,9.46));
#1185 = SURFACE_CURVE('',#1186,(#1190,#1197),.PCURVE_S1.);
#1186 = LINE('',#1187,#1188);
#1187 = CARTESIAN_POINT('',(-2.4,6.28,9.460000012507));
#1188 = VECTOR('',#1189,1.);
#1189 = DIRECTION('',(0.,1.,-0.));
#1190 = PCURVE('',#300,#1191);
#1191 = DEFINITIONAL_REPRESENTATION('',(#1192),#1196);
#1192 = LINE('',#1193,#1194);
#1193 = CARTESIAN_POINT('',(4.68,-11.8600000125));
#1194 = VECTOR('',#1195,1.);
#1195 = DIRECTION('',(1.,0.));
#1196 = ( GEOMETRIC_REPRESENTATION_CONTEXT(2) 
PARAMETRIC_REPRESENTATION_CONTEXT() REPRESENTATION_CONTEXT('2D SPACE',''
  ) );
#1197 = PCURVE('',#1198,#1203);
#1198 = PLANE('',#1199);
#1199 = AXIS2_PLACEMENT_3D('',#1200,#1201,#1202);
#1200 = CARTESIAN_POINT('',(-3.4,10.96,9.460000012507));
#1201 = DIRECTION('',(0.,0.,1.));
#1202 = DIRECTION('',(0.,1.,0.));
#1203 = DEFINITIONAL_REPRESENTATION('',(#1204),#1208);
#1204 = LINE('',#1205,#1206);
#1205 = CARTESIAN_POINT('',(-4.68,-1.));
#1206 = VECTOR('',#1207,1.);
#1207 = DIRECTION('',(1.,0.));
#1208 = ( GEOMETRIC_REPRESENTATION_CONTEXT(2) 
PARAMETRIC_REPRESENTATION_CONTEXT() REPRESENTATION_CONTEXT('2D SPACE',''
  ) );
#1209 = ORIENTED_EDGE('',*,*,#1210,.F.);
#1210 = EDGE_CURVE('',#1211,#1183,#1213,.T.);
#1211 = VERTEX_POINT('',#1212);
#1212 = CARTESIAN_POINT('',(-2.4,20.96,12.459999987493));
#1213 = SURFACE_CURVE('',#1214,(#1219,#1226),.PCURVE_S1.);
#1214 = CIRCLE('',#1215,3.);
#1215 = AXIS2_PLACEMENT_3D('',#1216,#1217,#1218);
#1216 = CARTESIAN_POINT('',(-2.4,17.96,12.459999987493));
#1217 = DIRECTION('',(-1.,0.,0.));
#1218 = DIRECTION('',(0.,-1.,0.));
#1219 = PCURVE('',#300,#1220);
#1220 = DEFINITIONAL_REPRESENTATION('',(#1221),#1225);
#1221 = CIRCLE('',#1222,3.);
#1222 = AXIS2_PLACEMENT_2D('',#1223,#1224);
#1223 = CARTESIAN_POINT('',(16.36,-14.85999998749));
#1224 = DIRECTION('',(-1.,0.));
#1225 = ( GEOMETRIC_REPRESENTATION_CONTEXT(2) 
PARAMETRIC_REPRESENTATION_CONTEXT() REPRESENTATION_CONTEXT('2D SPACE',''
  ) );
#1226 = PCURVE('',#1227,#1232);
#1227 = CYLINDRICAL_SURFACE('',#1228,3.);
#1228 = AXIS2_PLACEMENT_3D('',#1229,#1230,#1231);
#1229 = CARTESIAN_POINT('',(-3.4,17.96,12.459999987493));
#1230 = DIRECTION('',(-1.,0.,0.));
#1231 = DIRECTION('',(0.,-1.,0.));
#1232 = DEFINITIONAL_REPRESENTATION('',(#1233),#1237);
#1233 = LINE('',#1234,#1235);
#1234 = CARTESIAN_POINT('',(0.,-1.));
#1235 = VECTOR('',#1236,1.);
#1236 = DIRECTION('',(1.,0.));
#1237 = ( GEOMETRIC_REPRESENTATION_CONTEXT(2) 
PARAMETRIC_REPRESENTATION_CONTEXT() REPRESENTATION_CONTEXT('2D SPACE',''
  ) );
#1238 = ORIENTED_EDGE('',*,*,#1239,.T.);
#1239 = EDGE_CURVE('',#1211,#1240,#1242,.T.);
#1240 = VERTEX_POINT('',#1241);
#1241 = CARTESIAN_POINT('',(-2.4,20.96,14.459999952927));
#1242 = SURFACE_CURVE('',#1243,(#1247,#1254),.PCURVE_S1.);
#1243 = LINE('',#1244,#1245);
#1244 = CARTESIAN_POINT('',(-2.4,20.96,5.029999993747));
#1245 = VECTOR('',#1246,1.);
#1246 = DIRECTION('',(0.,0.,1.));
#1247 = PCURVE('',#300,#1248);
#1248 = DEFINITIONAL_REPRESENTATION('',(#1249),#1253);
#1249 = LINE('',#1250,#1251);
#1250 = CARTESIAN_POINT('',(19.36,-7.429999993747));
#1251 = VECTOR('',#1252,1.);
#1252 = DIRECTION('',(0.,-1.));
#1253 = ( GEOMETRIC_REPRESENTATION_CONTEXT(2) 
PARAMETRIC_REPRESENTATION_CONTEXT() REPRESENTATION_CONTEXT('2D SPACE',''
  ) );
#1254 = PCURVE('',#1255,#1260);
#1255 = PLANE('',#1256);
#1256 = AXIS2_PLACEMENT_3D('',#1257,#1258,#1259);
#1257 = CARTESIAN_POINT('',(-3.4,20.96,12.459999987493));
#1258 = DIRECTION('',(0.,-1.,0.));
#1259 = DIRECTION('',(0.,0.,1.));
#1260 = DEFINITIONAL_REPRESENTATION('',(#1261),#1265);
#1261 = LINE('',#1262,#1263);
#1262 = CARTESIAN_POINT('',(-7.429999993746,-1.));
#1263 = VECTOR('',#1264,1.);
#1264 = DIRECTION('',(1.,0.));
#1265 = ( GEOMETRIC_REPRESENTATION_CONTEXT(2) 
PARAMETRIC_REPRESENTATION_CONTEXT() REPRESENTATION_CONTEXT('2D SPACE',''
  ) );
#1266 = ORIENTED_EDGE('',*,*,#1267,.F.);
#1267 = EDGE_CURVE('',#1268,#1240,#1270,.T.);
#1268 = VERTEX_POINT('',#1269);
#1269 = CARTESIAN_POINT('',(-2.4,17.96,17.459999982717));
#1270 = SURFACE_CURVE('',#1271,(#1276,#1283),.PCURVE_S1.);
#1271 = CIRCLE('',#1272,3.);
#1272 = AXIS2_PLACEMENT_3D('',#1273,#1274,#1275);
#1273 = CARTESIAN_POINT('',(-2.4,17.96,14.459999952927));
#1274 = DIRECTION('',(-1.,0.,0.));
#1275 = DIRECTION('',(0.,-1.,0.));
#1276 = PCURVE('',#300,#1277);
#1277 = DEFINITIONAL_REPRESENTATION('',(#1278),#1282);
#1278 = CIRCLE('',#1279,3.);
#1279 = AXIS2_PLACEMENT_2D('',#1280,#1281);
#1280 = CARTESIAN_POINT('',(16.36,-16.85999995292));
#1281 = DIRECTION('',(-1.,0.));
#1282 = ( GEOMETRIC_REPRESENTATION_CONTEXT(2) 
PARAMETRIC_REPRESENTATION_CONTEXT() REPRESENTATION_CONTEXT('2D SPACE',''
  ) );
#1283 = PCURVE('',#1284,#1289);
#1284 = CYLINDRICAL_SURFACE('',#1285,3.);
#1285 = AXIS2_PLACEMENT_3D('',#1286,#1287,#1288);
#1286 = CARTESIAN_POINT('',(-3.4,17.96,14.459999952927));
#1287 = DIRECTION('',(-1.,0.,0.));
#1288 = DIRECTION('',(0.,-1.,0.));
#1289 = DEFINITIONAL_REPRESENTATION('',(#1290),#1294);
#1290 = LINE('',#1291,#1292);
#1291 = CARTESIAN_POINT('',(0.,-1.));
#1292 = VECTOR('',#1293,1.);
#1293 = DIRECTION('',(1.,0.));
#1294 = ( GEOMETRIC_REPRESENTATION_CONTEXT(2) 
PARAMETRIC_REPRESENTATION_CONTEXT() REPRESENTATION_CONTEXT('2D SPACE',''
  ) );
#1295 = ORIENTED_EDGE('',*,*,#1296,.F.);
#1296 = EDGE_CURVE('',#1297,#1268,#1299,.T.);
#1297 = VERTEX_POINT('',#1298);
#1298 = CARTESIAN_POINT('',(-2.4,10.96,17.459999982717));
#1299 = SURFACE_CURVE('',#1300,(#1304,#1311),.PCURVE_S1.);
#1300 = LINE('',#1301,#1302);
#1301 = CARTESIAN_POINT('',(-2.4,6.28,17.460000012507));
#1302 = VECTOR('',#1303,1.);
#1303 = DIRECTION('',(0.,1.,-0.));
#1304 = PCURVE('',#300,#1305);
#1305 = DEFINITIONAL_REPRESENTATION('',(#1306),#1310);
#1306 = LINE('',#1307,#1308);
#1307 = CARTESIAN_POINT('',(4.68,-19.8600000125));
#1308 = VECTOR('',#1309,1.);
#1309 = DIRECTION('',(1.,0.));
#1310 = ( GEOMETRIC_REPRESENTATION_CONTEXT(2) 
PARAMETRIC_REPRESENTATION_CONTEXT() REPRESENTATION_CONTEXT('2D SPACE',''
  ) );
#1311 = PCURVE('',#1312,#1317);
#1312 = PLANE('',#1313);
#1313 = AXIS2_PLACEMENT_3D('',#1314,#1315,#1316);
#1314 = CARTESIAN_POINT('',(-3.4,10.96,17.460000012507));
#1315 = DIRECTION('',(0.,0.,1.));
#1316 = DIRECTION('',(0.,1.,0.));
#1317 = DEFINITIONAL_REPRESENTATION('',(#1318),#1322);
#1318 = LINE('',#1319,#1320);
#1319 = CARTESIAN_POINT('',(-4.68,-1.));
#1320 = VECTOR('',#1321,1.);
#1321 = DIRECTION('',(1.,0.));
#1322 = ( GEOMETRIC_REPRESENTATION_CONTEXT(2) 
PARAMETRIC_REPRESENTATION_CONTEXT() REPRESENTATION_CONTEXT('2D SPACE',''
  ) );
#1323 = ORIENTED_EDGE('',*,*,#1324,.F.);
#1324 = EDGE_CURVE('',#1126,#1297,#1325,.T.);
#1325 = SURFACE_CURVE('',#1326,(#1331,#1338),.PCURVE_S1.);
#1326 = CIRCLE('',#1327,3.);
#1327 = AXIS2_PLACEMENT_3D('',#1328,#1329,#1330);
#1328 = CARTESIAN_POINT('',(-2.4,10.96,14.459999952927));
#1329 = DIRECTION('',(-1.,0.,0.));
#1330 = DIRECTION('',(0.,-1.,0.));
#1331 = PCURVE('',#300,#1332);
#1332 = DEFINITIONAL_REPRESENTATION('',(#1333),#1337);
#1333 = CIRCLE('',#1334,3.);
#1334 = AXIS2_PLACEMENT_2D('',#1335,#1336);
#1335 = CARTESIAN_POINT('',(9.36,-16.85999995292));
#1336 = DIRECTION('',(-1.,0.));
#1337 = ( GEOMETRIC_REPRESENTATION_CONTEXT(2) 
PARAMETRIC_REPRESENTATION_CONTEXT() REPRESENTATION_CONTEXT('2D SPACE',''
  ) );
#1338 = PCURVE('',#1339,#1344);
#1339 = CYLINDRICAL_SURFACE('',#1340,3.);
#1340 = AXIS2_PLACEMENT_3D('',#1341,#1342,#1343);
#1341 = CARTESIAN_POINT('',(-3.4,10.96,14.459999952927));
#1342 = DIRECTION('',(-1.,0.,0.));
#1343 = DIRECTION('',(0.,-1.,0.));
#1344 = DEFINITIONAL_REPRESENTATION('',(#1345),#1349);
#1345 = LINE('',#1346,#1347);
#1346 = CARTESIAN_POINT('',(0.,-1.));
#1347 = VECTOR('',#1348,1.);
#1348 = DIRECTION('',(1.,0.));
#1349 = ( GEOMETRIC_REPRESENTATION_CONTEXT(2) 
PARAMETRIC_REPRESENTATION_CONTEXT() REPRESENTATION_CONTEXT('2D SPACE',''
  ) );
#1350 = ADVANCED_FACE('',(#1351),#605,.T.);
#1351 = FACE_BOUND('',#1352,.T.);
#1352 = EDGE_LOOP('',(#1353,#1382,#1383,#1384));
#1353 = ORIENTED_EDGE('',*,*,#1354,.F.);
#1354 = EDGE_CURVE('',#1073,#1355,#1357,.T.);
#1355 = VERTEX_POINT('',#1356);
#1356 = CARTESIAN_POINT('',(1.6,42.399999996905,-2.));
#1357 = SURFACE_CURVE('',#1358,(#1363,#1370),.PCURVE_S1.);
#1358 = CIRCLE('',#1359,4.);
#1359 = AXIS2_PLACEMENT_3D('',#1360,#1361,#1362);
#1360 = CARTESIAN_POINT('',(1.6,38.399999996905,-2.));
#1361 = DIRECTION('',(0.,0.,-1.));
#1362 = DIRECTION('',(-1.,0.,0.));
#1363 = PCURVE('',#605,#1364);
#1364 = DEFINITIONAL_REPRESENTATION('',(#1365),#1369);
#1365 = LINE('',#1366,#1367);
#1366 = CARTESIAN_POINT('',(3.14159265359,-0.4));
#1367 = VECTOR('',#1368,1.);
#1368 = DIRECTION('',(1.,-0.));
#1369 = ( GEOMETRIC_REPRESENTATION_CONTEXT(2) 
PARAMETRIC_REPRESENTATION_CONTEXT() REPRESENTATION_CONTEXT('2D SPACE',''
  ) );
#1370 = PCURVE('',#1371,#1376);
#1371 = CONICAL_SURFACE('',#1372,4.,0.785398163397);
#1372 = AXIS2_PLACEMENT_3D('',#1373,#1374,#1375);
#1373 = CARTESIAN_POINT('',(1.6,38.399999996905,-2.));
#1374 = DIRECTION('',(0.,0.,1.));
#1375 = DIRECTION('',(-1.,0.,0.));
#1376 = DEFINITIONAL_REPRESENTATION('',(#1377),#1381);
#1377 = LINE('',#1378,#1379);
#1378 = CARTESIAN_POINT('',(6.28318530718,0.));
#1379 = VECTOR('',#1380,1.);
#1380 = DIRECTION('',(-1.,-0.));
#1381 = ( GEOMETRIC_REPRESENTATION_CONTEXT(2) 
PARAMETRIC_REPRESENTATION_CONTEXT() REPRESENTATION_CONTEXT('2D SPACE',''
  ) );
#1382 = ORIENTED_EDGE('',*,*,#1072,.T.);
#1383 = ORIENTED_EDGE('',*,*,#590,.F.);
#1384 = ORIENTED_EDGE('',*,*,#1385,.F.);
#1385 = EDGE_CURVE('',#1355,#563,#1386,.T.);
#1386 = SURFACE_CURVE('',#1387,(#1391,#1398),.PCURVE_S1.);
#1387 = LINE('',#1388,#1389);
#1388 = CARTESIAN_POINT('',(1.6,42.399999998452,-2.4));
#1389 = VECTOR('',#1390,1.);
#1390 = DIRECTION('',(0.,0.,1.));
#1391 = PCURVE('',#605,#1392);
#1392 = DEFINITIONAL_REPRESENTATION('',(#1393),#1397);
#1393 = LINE('',#1394,#1395);
#1394 = CARTESIAN_POINT('',(4.712388980385,0.));
#1395 = VECTOR('',#1396,1.);
#1396 = DIRECTION('',(-0.,-1.));
#1397 = ( GEOMETRIC_REPRESENTATION_CONTEXT(2) 
PARAMETRIC_REPRESENTATION_CONTEXT() REPRESENTATION_CONTEXT('2D SPACE',''
  ) );
#1398 = PCURVE('',#578,#1399);
#1399 = DEFINITIONAL_REPRESENTATION('',(#1400),#1404);
#1400 = LINE('',#1401,#1402);
#1401 = CARTESIAN_POINT('',(0.,0.));
#1402 = VECTOR('',#1403,1.);
#1403 = DIRECTION('',(0.,-1.));
#1404 = ( GEOMETRIC_REPRESENTATION_CONTEXT(2) 
PARAMETRIC_REPRESENTATION_CONTEXT() REPRESENTATION_CONTEXT('2D SPACE',''
  ) );
#1405 = ADVANCED_FACE('',(#1406),#578,.T.);
#1406 = FACE_BOUND('',#1407,.T.);
#1407 = EDGE_LOOP('',(#1408,#1409,#1410,#1433));
#1408 = ORIENTED_EDGE('',*,*,#1385,.T.);
#1409 = ORIENTED_EDGE('',*,*,#562,.T.);
#1410 = ORIENTED_EDGE('',*,*,#1411,.F.);
#1411 = EDGE_CURVE('',#1412,#534,#1414,.T.);
#1412 = VERTEX_POINT('',#1413);
#1413 = CARTESIAN_POINT('',(66.4,42.4,-2.));
#1414 = SURFACE_CURVE('',#1415,(#1419,#1426),.PCURVE_S1.);
#1415 = LINE('',#1416,#1417);
#1416 = CARTESIAN_POINT('',(66.4,42.399999998452,-2.4));
#1417 = VECTOR('',#1418,1.);
#1418 = DIRECTION('',(0.,0.,1.));
#1419 = PCURVE('',#578,#1420);
#1420 = DEFINITIONAL_REPRESENTATION('',(#1421),#1425);
#1421 = LINE('',#1422,#1423);
#1422 = CARTESIAN_POINT('',(64.8,0.));
#1423 = VECTOR('',#1424,1.);
#1424 = DIRECTION('',(0.,-1.));
#1425 = ( GEOMETRIC_REPRESENTATION_CONTEXT(2) 
PARAMETRIC_REPRESENTATION_CONTEXT() REPRESENTATION_CONTEXT('2D SPACE',''
  ) );
#1426 = PCURVE('',#550,#1427);
#1427 = DEFINITIONAL_REPRESENTATION('',(#1428),#1432);
#1428 = LINE('',#1429,#1430);
#1429 = CARTESIAN_POINT('',(4.712388980385,0.));
#1430 = VECTOR('',#1431,1.);
#1431 = DIRECTION('',(-0.,-1.));
#1432 = ( GEOMETRIC_REPRESENTATION_CONTEXT(2) 
PARAMETRIC_REPRESENTATION_CONTEXT() REPRESENTATION_CONTEXT('2D SPACE',''
  ) );
#1433 = ORIENTED_EDGE('',*,*,#1434,.F.);
#1434 = EDGE_CURVE('',#1355,#1412,#1435,.T.);
#1435 = SURFACE_CURVE('',#1436,(#1440,#1447),.PCURVE_S1.);
#1436 = LINE('',#1437,#1438);
#1437 = CARTESIAN_POINT('',(1.6,42.4,-2.));
#1438 = VECTOR('',#1439,1.);
#1439 = DIRECTION('',(1.,0.,0.));
#1440 = PCURVE('',#578,#1441);
#1441 = DEFINITIONAL_REPRESENTATION('',(#1442),#1446);
#1442 = LINE('',#1443,#1444);
#1443 = CARTESIAN_POINT('',(0.,-0.4));
#1444 = VECTOR('',#1445,1.);
#1445 = DIRECTION('',(1.,0.));
#1446 = ( GEOMETRIC_REPRESENTATION_CONTEXT(2) 
PARAMETRIC_REPRESENTATION_CONTEXT() REPRESENTATION_CONTEXT('2D SPACE',''
  ) );
#1447 = PCURVE('',#1448,#1453);
#1448 = PLANE('',#1449);
#1449 = AXIS2_PLACEMENT_3D('',#1450,#1451,#1452);
#1450 = CARTESIAN_POINT('',(1.6,42.2,-2.2));
#1451 = DIRECTION('',(0.,-0.707106781187,0.707106781187));
#1452 = DIRECTION('',(-1.,0.,0.));
#1453 = DEFINITIONAL_REPRESENTATION('',(#1454),#1458);
#1454 = LINE('',#1455,#1456);
#1455 = CARTESIAN_POINT('',(0.,-0.282842712475));
#1456 = VECTOR('',#1457,1.);
#1457 = DIRECTION('',(-1.,-0.));
#1458 = ( GEOMETRIC_REPRESENTATION_CONTEXT(2) 
PARAMETRIC_REPRESENTATION_CONTEXT() REPRESENTATION_CONTEXT('2D SPACE',''
  ) );
#1459 = ADVANCED_FACE('',(#1460),#550,.T.);
#1460 = FACE_BOUND('',#1461,.T.);
#1461 = EDGE_LOOP('',(#1462,#1491,#1492,#1493));
#1462 = ORIENTED_EDGE('',*,*,#1463,.F.);
#1463 = EDGE_CURVE('',#1412,#1464,#1466,.T.);
#1464 = VERTEX_POINT('',#1465);
#1465 = CARTESIAN_POINT('',(70.4,38.399999996905,-2.));
#1466 = SURFACE_CURVE('',#1467,(#1472,#1479),.PCURVE_S1.);
#1467 = CIRCLE('',#1468,4.);
#1468 = AXIS2_PLACEMENT_3D('',#1469,#1470,#1471);
#1469 = CARTESIAN_POINT('',(66.4,38.399999996905,-2.));
#1470 = DIRECTION('',(0.,0.,-1.));
#1471 = DIRECTION('',(0.,1.,0.));
#1472 = PCURVE('',#550,#1473);
#1473 = DEFINITIONAL_REPRESENTATION('',(#1474),#1478);
#1474 = LINE('',#1475,#1476);
#1475 = CARTESIAN_POINT('',(4.712388980385,-0.4));
#1476 = VECTOR('',#1477,1.);
#1477 = DIRECTION('',(1.,-0.));
#1478 = ( GEOMETRIC_REPRESENTATION_CONTEXT(2) 
PARAMETRIC_REPRESENTATION_CONTEXT() REPRESENTATION_CONTEXT('2D SPACE',''
  ) );
#1479 = PCURVE('',#1480,#1485);
#1480 = CONICAL_SURFACE('',#1481,4.,0.785398163397);
#1481 = AXIS2_PLACEMENT_3D('',#1482,#1483,#1484);
#1482 = CARTESIAN_POINT('',(66.4,38.399999996905,-2.));
#1483 = DIRECTION('',(0.,0.,1.));
#1484 = DIRECTION('',(0.,1.,0.));
#1485 = DEFINITIONAL_REPRESENTATION('',(#1486),#1490);
#1486 = LINE('',#1487,#1488);
#1487 = CARTESIAN_POINT('',(6.28318530718,0.));
#1488 = VECTOR('',#1489,1.);
#1489 = DIRECTION('',(-1.,-0.));
#1490 = ( GEOMETRIC_REPRESENTATION_CONTEXT(2) 
PARAMETRIC_REPRESENTATION_CONTEXT() REPRESENTATION_CONTEXT('2D SPACE',''
  ) );
#1491 = ORIENTED_EDGE('',*,*,#1411,.T.);
#1492 = ORIENTED_EDGE('',*,*,#533,.F.);
#1493 = ORIENTED_EDGE('',*,*,#1494,.F.);
#1494 = EDGE_CURVE('',#1464,#511,#1495,.T.);
#1495 = SURFACE_CURVE('',#1496,(#1500,#1507),.PCURVE_S1.);
#1496 = LINE('',#1497,#1498);
#1497 = CARTESIAN_POINT('',(70.4,38.399999996905,-2.4));
#1498 = VECTOR('',#1499,1.);
#1499 = DIRECTION('',(0.,0.,1.));
#1500 = PCURVE('',#550,#1501);
#1501 = DEFINITIONAL_REPRESENTATION('',(#1502),#1506);
#1502 = LINE('',#1503,#1504);
#1503 = CARTESIAN_POINT('',(6.28318530718,0.));
#1504 = VECTOR('',#1505,1.);
#1505 = DIRECTION('',(-0.,-1.));
#1506 = ( GEOMETRIC_REPRESENTATION_CONTEXT(2) 
PARAMETRIC_REPRESENTATION_CONTEXT() REPRESENTATION_CONTEXT('2D SPACE',''
  ) );
#1507 = PCURVE('',#414,#1508);
#1508 = DEFINITIONAL_REPRESENTATION('',(#1509),#1513);
#1509 = LINE('',#1510,#1511);
#1510 = CARTESIAN_POINT('',(36.799999996905,0.));
#1511 = VECTOR('',#1512,1.);
#1512 = DIRECTION('',(0.,-1.));
#1513 = ( GEOMETRIC_REPRESENTATION_CONTEXT(2) 
PARAMETRIC_REPRESENTATION_CONTEXT() REPRESENTATION_CONTEXT('2D SPACE',''
  ) );
#1514 = ADVANCED_FACE('',(#1515),#414,.F.);
#1515 = FACE_BOUND('',#1516,.F.);
#1516 = EDGE_LOOP('',(#1517,#1518,#1546,#1567,#1568,#1591,#1619,#1640));
#1517 = ORIENTED_EDGE('',*,*,#1494,.F.);
#1518 = ORIENTED_EDGE('',*,*,#1519,.T.);
#1519 = EDGE_CURVE('',#1464,#1520,#1522,.T.);
#1520 = VERTEX_POINT('',#1521);
#1521 = CARTESIAN_POINT('',(70.4,1.6,-2.));
#1522 = SURFACE_CURVE('',#1523,(#1527,#1534),.PCURVE_S1.);
#1523 = LINE('',#1524,#1525);
#1524 = CARTESIAN_POINT('',(70.4,38.399999996905,-2.));
#1525 = VECTOR('',#1526,1.);
#1526 = DIRECTION('',(-0.,-1.,-0.));
#1527 = PCURVE('',#414,#1528);
#1528 = DEFINITIONAL_REPRESENTATION('',(#1529),#1533);
#1529 = LINE('',#1530,#1531);
#1530 = CARTESIAN_POINT('',(36.799999996905,-0.4));
#1531 = VECTOR('',#1532,1.);
#1532 = DIRECTION('',(-1.,0.));
#1533 = ( GEOMETRIC_REPRESENTATION_CONTEXT(2) 
PARAMETRIC_REPRESENTATION_CONTEXT() REPRESENTATION_CONTEXT('2D SPACE',''
  ) );
#1534 = PCURVE('',#1535,#1540);
#1535 = PLANE('',#1536);
#1536 = AXIS2_PLACEMENT_3D('',#1537,#1538,#1539);
#1537 = CARTESIAN_POINT('',(70.2,38.399999996905,-2.2));
#1538 = DIRECTION('',(0.707106781187,0.,-0.707106781187));
#1539 = DIRECTION('',(0.,-1.,0.));
#1540 = DEFINITIONAL_REPRESENTATION('',(#1541),#1545);
#1541 = LINE('',#1542,#1543);
#1542 = CARTESIAN_POINT('',(0.,-0.282842712475));
#1543 = VECTOR('',#1544,1.);
#1544 = DIRECTION('',(1.,0.));
#1545 = ( GEOMETRIC_REPRESENTATION_CONTEXT(2) 
PARAMETRIC_REPRESENTATION_CONTEXT() REPRESENTATION_CONTEXT('2D SPACE',''
  ) );
#1546 = ORIENTED_EDGE('',*,*,#1547,.T.);
#1547 = EDGE_CURVE('',#1520,#370,#1548,.T.);
#1548 = SURFACE_CURVE('',#1549,(#1553,#1560),.PCURVE_S1.);
#1549 = LINE('',#1550,#1551);
#1550 = CARTESIAN_POINT('',(70.4,1.6,-2.4));
#1551 = VECTOR('',#1552,1.);
#1552 = DIRECTION('',(0.,0.,1.));
#1553 = PCURVE('',#414,#1554);
#1554 = DEFINITIONAL_REPRESENTATION('',(#1555),#1559);
#1555 = LINE('',#1556,#1557);
#1556 = CARTESIAN_POINT('',(0.,0.));
#1557 = VECTOR('',#1558,1.);
#1558 = DIRECTION('',(0.,-1.));
#1559 = ( GEOMETRIC_REPRESENTATION_CONTEXT(2) 
PARAMETRIC_REPRESENTATION_CONTEXT() REPRESENTATION_CONTEXT('2D SPACE',''
  ) );
#1560 = PCURVE('',#386,#1561);
#1561 = DEFINITIONAL_REPRESENTATION('',(#1562),#1566);
#1562 = LINE('',#1563,#1564);
#1563 = CARTESIAN_POINT('',(-4.138911435803E-13,0.));
#1564 = VECTOR('',#1565,1.);
#1565 = DIRECTION('',(-0.,-1.));
#1566 = ( GEOMETRIC_REPRESENTATION_CONTEXT(2) 
PARAMETRIC_REPRESENTATION_CONTEXT() REPRESENTATION_CONTEXT('2D SPACE',''
  ) );
#1567 = ORIENTED_EDGE('',*,*,#398,.T.);
#1568 = ORIENTED_EDGE('',*,*,#1569,.T.);
#1569 = EDGE_CURVE('',#399,#1570,#1572,.T.);
#1570 = VERTEX_POINT('',#1571);
#1571 = CARTESIAN_POINT('',(70.4,13.,16.5));
#1572 = SURFACE_CURVE('',#1573,(#1577,#1584),.PCURVE_S1.);
#1573 = LINE('',#1574,#1575);
#1574 = CARTESIAN_POINT('',(70.4,13.,7.05));
#1575 = VECTOR('',#1576,1.);
#1576 = DIRECTION('',(0.,0.,-1.));
#1577 = PCURVE('',#414,#1578);
#1578 = DEFINITIONAL_REPRESENTATION('',(#1579),#1583);
#1579 = LINE('',#1580,#1581);
#1580 = CARTESIAN_POINT('',(11.4,-9.45));
#1581 = VECTOR('',#1582,1.);
#1582 = DIRECTION('',(0.,1.));
#1583 = ( GEOMETRIC_REPRESENTATION_CONTEXT(2) 
PARAMETRIC_REPRESENTATION_CONTEXT() REPRESENTATION_CONTEXT('2D SPACE',''
  ) );
#1584 = PCURVE('',#442,#1585);
#1585 = DEFINITIONAL_REPRESENTATION('',(#1586),#1590);
#1586 = LINE('',#1587,#1588);
#1587 = CARTESIAN_POINT('',(-9.45,1.2));
#1588 = VECTOR('',#1589,1.);
#1589 = DIRECTION('',(-1.,0.));
#1590 = ( GEOMETRIC_REPRESENTATION_CONTEXT(2) 
PARAMETRIC_REPRESENTATION_CONTEXT() REPRESENTATION_CONTEXT('2D SPACE',''
  ) );
#1591 = ORIENTED_EDGE('',*,*,#1592,.T.);
#1592 = EDGE_CURVE('',#1570,#1593,#1595,.T.);
#1593 = VERTEX_POINT('',#1594);
#1594 = CARTESIAN_POINT('',(70.4,27.,16.5));
#1595 = SURFACE_CURVE('',#1596,(#1600,#1607),.PCURVE_S1.);
#1596 = LINE('',#1597,#1598);
#1597 = CARTESIAN_POINT('',(70.4,7.3,16.5));
#1598 = VECTOR('',#1599,1.);
#1599 = DIRECTION('',(0.,1.,-0.));
#1600 = PCURVE('',#414,#1601);
#1601 = DEFINITIONAL_REPRESENTATION('',(#1602),#1606);
#1602 = LINE('',#1603,#1604);
#1603 = CARTESIAN_POINT('',(5.7,-18.9));
#1604 = VECTOR('',#1605,1.);
#1605 = DIRECTION('',(1.,0.));
#1606 = ( GEOMETRIC_REPRESENTATION_CONTEXT(2) 
PARAMETRIC_REPRESENTATION_CONTEXT() REPRESENTATION_CONTEXT('2D SPACE',''
  ) );
#1607 = PCURVE('',#1608,#1613);
#1608 = PLANE('',#1609);
#1609 = AXIS2_PLACEMENT_3D('',#1610,#1611,#1612);
#1610 = CARTESIAN_POINT('',(69.2,13.,16.5));
#1611 = DIRECTION('',(0.,0.,1.));
#1612 = DIRECTION('',(1.,0.,-0.));
#1613 = DEFINITIONAL_REPRESENTATION('',(#1614),#1618);
#1614 = LINE('',#1615,#1616);
#1615 = CARTESIAN_POINT('',(1.2,-5.7));
#1616 = VECTOR('',#1617,1.);
#1617 = DIRECTION('',(0.,1.));
#1618 = ( GEOMETRIC_REPRESENTATION_CONTEXT(2) 
PARAMETRIC_REPRESENTATION_CONTEXT() REPRESENTATION_CONTEXT('2D SPACE',''
  ) );
#1619 = ORIENTED_EDGE('',*,*,#1620,.F.);
#1620 = EDGE_CURVE('',#483,#1593,#1621,.T.);
#1621 = SURFACE_CURVE('',#1622,(#1626,#1633),.PCURVE_S1.);
#1622 = LINE('',#1623,#1624);
#1623 = CARTESIAN_POINT('',(70.4,27.,7.05));
#1624 = VECTOR('',#1625,1.);
#1625 = DIRECTION('',(0.,0.,-1.));
#1626 = PCURVE('',#414,#1627);
#1627 = DEFINITIONAL_REPRESENTATION('',(#1628),#1632);
#1628 = LINE('',#1629,#1630);
#1629 = CARTESIAN_POINT('',(25.4,-9.45));
#1630 = VECTOR('',#1631,1.);
#1631 = DIRECTION('',(0.,1.));
#1632 = ( GEOMETRIC_REPRESENTATION_CONTEXT(2) 
PARAMETRIC_REPRESENTATION_CONTEXT() REPRESENTATION_CONTEXT('2D SPACE',''
  ) );
#1633 = PCURVE('',#498,#1634);
#1634 = DEFINITIONAL_REPRESENTATION('',(#1635),#1639);
#1635 = LINE('',#1636,#1637);
#1636 = CARTESIAN_POINT('',(-9.45,1.2));
#1637 = VECTOR('',#1638,1.);
#1638 = DIRECTION('',(-1.,0.));
#1639 = ( GEOMETRIC_REPRESENTATION_CONTEXT(2) 
PARAMETRIC_REPRESENTATION_CONTEXT() REPRESENTATION_CONTEXT('2D SPACE',''
  ) );
#1640 = ORIENTED_EDGE('',*,*,#510,.T.);
#1641 = ADVANCED_FACE('',(#1642),#498,.F.);
#1642 = FACE_BOUND('',#1643,.F.);
#1643 = EDGE_LOOP('',(#1644,#1667,#1688,#1689));
#1644 = ORIENTED_EDGE('',*,*,#1645,.F.);
#1645 = EDGE_CURVE('',#1646,#1593,#1648,.T.);
#1646 = VERTEX_POINT('',#1647);
#1647 = CARTESIAN_POINT('',(69.2,27.,16.5));
#1648 = SURFACE_CURVE('',#1649,(#1653,#1660),.PCURVE_S1.);
#1649 = LINE('',#1650,#1651);
#1650 = CARTESIAN_POINT('',(69.2,27.,16.5));
#1651 = VECTOR('',#1652,1.);
#1652 = DIRECTION('',(1.,0.,-0.));
#1653 = PCURVE('',#498,#1654);
#1654 = DEFINITIONAL_REPRESENTATION('',(#1655),#1659);
#1655 = LINE('',#1656,#1657);
#1656 = CARTESIAN_POINT('',(0.,0.));
#1657 = VECTOR('',#1658,1.);
#1658 = DIRECTION('',(0.,1.));
#1659 = ( GEOMETRIC_REPRESENTATION_CONTEXT(2) 
PARAMETRIC_REPRESENTATION_CONTEXT() REPRESENTATION_CONTEXT('2D SPACE',''
  ) );
#1660 = PCURVE('',#1608,#1661);
#1661 = DEFINITIONAL_REPRESENTATION('',(#1662),#1666);
#1662 = LINE('',#1663,#1664);
#1663 = CARTESIAN_POINT('',(0.,14.));
#1664 = VECTOR('',#1665,1.);
#1665 = DIRECTION('',(1.,0.));
#1666 = ( GEOMETRIC_REPRESENTATION_CONTEXT(2) 
PARAMETRIC_REPRESENTATION_CONTEXT() REPRESENTATION_CONTEXT('2D SPACE',''
  ) );
#1667 = ORIENTED_EDGE('',*,*,#1668,.T.);
#1668 = EDGE_CURVE('',#1646,#455,#1669,.T.);
#1669 = SURFACE_CURVE('',#1670,(#1674,#1681),.PCURVE_S1.);
#1670 = LINE('',#1671,#1672);
#1671 = CARTESIAN_POINT('',(69.2,27.,16.5));
#1672 = VECTOR('',#1673,1.);
#1673 = DIRECTION('',(0.,0.,1.));
#1674 = PCURVE('',#498,#1675);
#1675 = DEFINITIONAL_REPRESENTATION('',(#1676),#1680);
#1676 = LINE('',#1677,#1678);
#1677 = CARTESIAN_POINT('',(0.,0.));
#1678 = VECTOR('',#1679,1.);
#1679 = DIRECTION('',(1.,0.));
#1680 = ( GEOMETRIC_REPRESENTATION_CONTEXT(2) 
PARAMETRIC_REPRESENTATION_CONTEXT() REPRESENTATION_CONTEXT('2D SPACE',''
  ) );
#1681 = PCURVE('',#470,#1682);
#1682 = DEFINITIONAL_REPRESENTATION('',(#1683),#1687);
#1683 = LINE('',#1684,#1685);
#1684 = CARTESIAN_POINT('',(0.,-14.));
#1685 = VECTOR('',#1686,1.);
#1686 = DIRECTION('',(1.,0.));
#1687 = ( GEOMETRIC_REPRESENTATION_CONTEXT(2) 
PARAMETRIC_REPRESENTATION_CONTEXT() REPRESENTATION_CONTEXT('2D SPACE',''
  ) );
#1688 = ORIENTED_EDGE('',*,*,#482,.F.);
#1689 = ORIENTED_EDGE('',*,*,#1620,.T.);
#1690 = ADVANCED_FACE('',(#1691),#470,.T.);
#1691 = FACE_BOUND('',#1692,.T.);
#1692 = EDGE_LOOP('',(#1693,#1716,#1737,#1738));
#1693 = ORIENTED_EDGE('',*,*,#1694,.F.);
#1694 = EDGE_CURVE('',#1695,#427,#1697,.T.);
#1695 = VERTEX_POINT('',#1696);
#1696 = CARTESIAN_POINT('',(69.2,13.,16.5));
#1697 = SURFACE_CURVE('',#1698,(#1702,#1709),.PCURVE_S1.);
#1698 = LINE('',#1699,#1700);
#1699 = CARTESIAN_POINT('',(69.2,13.,16.5));
#1700 = VECTOR('',#1701,1.);
#1701 = DIRECTION('',(0.,0.,1.));
#1702 = PCURVE('',#470,#1703);
#1703 = DEFINITIONAL_REPRESENTATION('',(#1704),#1708);
#1704 = LINE('',#1705,#1706);
#1705 = CARTESIAN_POINT('',(0.,0.));
#1706 = VECTOR('',#1707,1.);
#1707 = DIRECTION('',(1.,0.));
#1708 = ( GEOMETRIC_REPRESENTATION_CONTEXT(2) 
PARAMETRIC_REPRESENTATION_CONTEXT() REPRESENTATION_CONTEXT('2D SPACE',''
  ) );
#1709 = PCURVE('',#442,#1710);
#1710 = DEFINITIONAL_REPRESENTATION('',(#1711),#1715);
#1711 = LINE('',#1712,#1713);
#1712 = CARTESIAN_POINT('',(0.,0.));
#1713 = VECTOR('',#1714,1.);
#1714 = DIRECTION('',(1.,0.));
#1715 = ( GEOMETRIC_REPRESENTATION_CONTEXT(2) 
PARAMETRIC_REPRESENTATION_CONTEXT() REPRESENTATION_CONTEXT('2D SPACE',''
  ) );
#1716 = ORIENTED_EDGE('',*,*,#1717,.T.);
#1717 = EDGE_CURVE('',#1695,#1646,#1718,.T.);
#1718 = SURFACE_CURVE('',#1719,(#1723,#1730),.PCURVE_S1.);
#1719 = LINE('',#1720,#1721);
#1720 = CARTESIAN_POINT('',(69.2,13.,16.5));
#1721 = VECTOR('',#1722,1.);
#1722 = DIRECTION('',(-0.,1.,0.));
#1723 = PCURVE('',#470,#1724);
#1724 = DEFINITIONAL_REPRESENTATION('',(#1725),#1729);
#1725 = LINE('',#1726,#1727);
#1726 = CARTESIAN_POINT('',(0.,0.));
#1727 = VECTOR('',#1728,1.);
#1728 = DIRECTION('',(0.,-1.));
#1729 = ( GEOMETRIC_REPRESENTATION_CONTEXT(2) 
PARAMETRIC_REPRESENTATION_CONTEXT() REPRESENTATION_CONTEXT('2D SPACE',''
  ) );
#1730 = PCURVE('',#1608,#1731);
#1731 = DEFINITIONAL_REPRESENTATION('',(#1732),#1736);
#1732 = LINE('',#1733,#1734);
#1733 = CARTESIAN_POINT('',(0.,0.));
#1734 = VECTOR('',#1735,1.);
#1735 = DIRECTION('',(0.,1.));
#1736 = ( GEOMETRIC_REPRESENTATION_CONTEXT(2) 
PARAMETRIC_REPRESENTATION_CONTEXT() REPRESENTATION_CONTEXT('2D SPACE',''
  ) );
#1737 = ORIENTED_EDGE('',*,*,#1668,.T.);
#1738 = ORIENTED_EDGE('',*,*,#454,.F.);
#1739 = ADVANCED_FACE('',(#1740),#442,.T.);
#1740 = FACE_BOUND('',#1741,.T.);
#1741 = EDGE_LOOP('',(#1742,#1763,#1764,#1765));
#1742 = ORIENTED_EDGE('',*,*,#1743,.F.);
#1743 = EDGE_CURVE('',#1695,#1570,#1744,.T.);
#1744 = SURFACE_CURVE('',#1745,(#1749,#1756),.PCURVE_S1.);
#1745 = LINE('',#1746,#1747);
#1746 = CARTESIAN_POINT('',(69.2,13.,16.5));
#1747 = VECTOR('',#1748,1.);
#1748 = DIRECTION('',(1.,0.,-0.));
#1749 = PCURVE('',#442,#1750);
#1750 = DEFINITIONAL_REPRESENTATION('',(#1751),#1755);
#1751 = LINE('',#1752,#1753);
#1752 = CARTESIAN_POINT('',(0.,0.));
#1753 = VECTOR('',#1754,1.);
#1754 = DIRECTION('',(0.,1.));
#1755 = ( GEOMETRIC_REPRESENTATION_CONTEXT(2) 
PARAMETRIC_REPRESENTATION_CONTEXT() REPRESENTATION_CONTEXT('2D SPACE',''
  ) );
#1756 = PCURVE('',#1608,#1757);
#1757 = DEFINITIONAL_REPRESENTATION('',(#1758),#1762);
#1758 = LINE('',#1759,#1760);
#1759 = CARTESIAN_POINT('',(0.,0.));
#1760 = VECTOR('',#1761,1.);
#1761 = DIRECTION('',(1.,0.));
#1762 = ( GEOMETRIC_REPRESENTATION_CONTEXT(2) 
PARAMETRIC_REPRESENTATION_CONTEXT() REPRESENTATION_CONTEXT('2D SPACE',''
  ) );
#1763 = ORIENTED_EDGE('',*,*,#1694,.T.);
#1764 = ORIENTED_EDGE('',*,*,#426,.F.);
#1765 = ORIENTED_EDGE('',*,*,#1569,.T.);
#1766 = ADVANCED_FACE('',(#1767),#386,.T.);
#1767 = FACE_BOUND('',#1768,.T.);
#1768 = EDGE_LOOP('',(#1769,#1798,#1799,#1800));
#1769 = ORIENTED_EDGE('',*,*,#1770,.F.);
#1770 = EDGE_CURVE('',#1520,#1771,#1773,.T.);
#1771 = VERTEX_POINT('',#1772);
#1772 = CARTESIAN_POINT('',(66.4,-2.4,-2.));
#1773 = SURFACE_CURVE('',#1774,(#1779,#1786),.PCURVE_S1.);
#1774 = CIRCLE('',#1775,4.);
#1775 = AXIS2_PLACEMENT_3D('',#1776,#1777,#1778);
#1776 = CARTESIAN_POINT('',(66.4,1.6,-2.));
#1777 = DIRECTION('',(0.,0.,-1.));
#1778 = DIRECTION('',(1.,0.,0.));
#1779 = PCURVE('',#386,#1780);
#1780 = DEFINITIONAL_REPRESENTATION('',(#1781),#1785);
#1781 = LINE('',#1782,#1783);
#1782 = CARTESIAN_POINT('',(-4.138911435803E-13,-0.4));
#1783 = VECTOR('',#1784,1.);
#1784 = DIRECTION('',(1.,-0.));
#1785 = ( GEOMETRIC_REPRESENTATION_CONTEXT(2) 
PARAMETRIC_REPRESENTATION_CONTEXT() REPRESENTATION_CONTEXT('2D SPACE',''
  ) );
#1786 = PCURVE('',#1787,#1792);
#1787 = CONICAL_SURFACE('',#1788,4.,0.785398163397);
#1788 = AXIS2_PLACEMENT_3D('',#1789,#1790,#1791);
#1789 = CARTESIAN_POINT('',(66.4,1.6,-2.));
#1790 = DIRECTION('',(0.,0.,1.));
#1791 = DIRECTION('',(1.,0.,-0.));
#1792 = DEFINITIONAL_REPRESENTATION('',(#1793),#1797);
#1793 = LINE('',#1794,#1795);
#1794 = CARTESIAN_POINT('',(6.28318530718,0.));
#1795 = VECTOR('',#1796,1.);
#1796 = DIRECTION('',(-1.,-0.));
#1797 = ( GEOMETRIC_REPRESENTATION_CONTEXT(2) 
PARAMETRIC_REPRESENTATION_CONTEXT() REPRESENTATION_CONTEXT('2D SPACE',''
  ) );
#1798 = ORIENTED_EDGE('',*,*,#1547,.T.);
#1799 = ORIENTED_EDGE('',*,*,#369,.F.);
#1800 = ORIENTED_EDGE('',*,*,#1801,.F.);
#1801 = EDGE_CURVE('',#1771,#342,#1802,.T.);
#1802 = SURFACE_CURVE('',#1803,(#1807,#1814),.PCURVE_S1.);
#1803 = LINE('',#1804,#1805);
#1804 = CARTESIAN_POINT('',(66.4,-2.4,-2.4));
#1805 = VECTOR('',#1806,1.);
#1806 = DIRECTION('',(0.,0.,1.));
#1807 = PCURVE('',#386,#1808);
#1808 = DEFINITIONAL_REPRESENTATION('',(#1809),#1813);
#1809 = LINE('',#1810,#1811);
#1810 = CARTESIAN_POINT('',(1.570796326795,0.));
#1811 = VECTOR('',#1812,1.);
#1812 = DIRECTION('',(-0.,-1.));
#1813 = ( GEOMETRIC_REPRESENTATION_CONTEXT(2) 
PARAMETRIC_REPRESENTATION_CONTEXT() REPRESENTATION_CONTEXT('2D SPACE',''
  ) );
#1814 = PCURVE('',#357,#1815);
#1815 = DEFINITIONAL_REPRESENTATION('',(#1816),#1820);
#1816 = LINE('',#1817,#1818);
#1817 = CARTESIAN_POINT('',(64.8,0.));
#1818 = VECTOR('',#1819,1.);
#1819 = DIRECTION('',(0.,-1.));
#1820 = ( GEOMETRIC_REPRESENTATION_CONTEXT(2) 
PARAMETRIC_REPRESENTATION_CONTEXT() REPRESENTATION_CONTEXT('2D SPACE',''
  ) );
#1821 = ADVANCED_FACE('',(#1822),#357,.F.);
#1822 = FACE_BOUND('',#1823,.F.);
#1823 = EDGE_LOOP('',(#1824,#1847,#1848,#1849));
#1824 = ORIENTED_EDGE('',*,*,#1825,.T.);
#1825 = EDGE_CURVE('',#1826,#313,#1828,.T.);
#1826 = VERTEX_POINT('',#1827);
#1827 = CARTESIAN_POINT('',(1.6,-2.4,-2.));
#1828 = SURFACE_CURVE('',#1829,(#1833,#1840),.PCURVE_S1.);
#1829 = LINE('',#1830,#1831);
#1830 = CARTESIAN_POINT('',(1.6,-2.4,-2.4));
#1831 = VECTOR('',#1832,1.);
#1832 = DIRECTION('',(0.,0.,1.));
#1833 = PCURVE('',#357,#1834);
#1834 = DEFINITIONAL_REPRESENTATION('',(#1835),#1839);
#1835 = LINE('',#1836,#1837);
#1836 = CARTESIAN_POINT('',(0.,0.));
#1837 = VECTOR('',#1838,1.);
#1838 = DIRECTION('',(0.,-1.));
#1839 = ( GEOMETRIC_REPRESENTATION_CONTEXT(2) 
PARAMETRIC_REPRESENTATION_CONTEXT() REPRESENTATION_CONTEXT('2D SPACE',''
  ) );
#1840 = PCURVE('',#329,#1841);
#1841 = DEFINITIONAL_REPRESENTATION('',(#1842),#1846);
#1842 = LINE('',#1843,#1844);
#1843 = CARTESIAN_POINT('',(1.570796326795,0.));
#1844 = VECTOR('',#1845,1.);
#1845 = DIRECTION('',(-0.,-1.));
#1846 = ( GEOMETRIC_REPRESENTATION_CONTEXT(2) 
PARAMETRIC_REPRESENTATION_CONTEXT() REPRESENTATION_CONTEXT('2D SPACE',''
  ) );
#1847 = ORIENTED_EDGE('',*,*,#341,.T.);
#1848 = ORIENTED_EDGE('',*,*,#1801,.F.);
#1849 = ORIENTED_EDGE('',*,*,#1850,.T.);
#1850 = EDGE_CURVE('',#1771,#1826,#1851,.T.);
#1851 = SURFACE_CURVE('',#1852,(#1856,#1863),.PCURVE_S1.);
#1852 = LINE('',#1853,#1854);
#1853 = CARTESIAN_POINT('',(66.4,-2.4,-2.));
#1854 = VECTOR('',#1855,1.);
#1855 = DIRECTION('',(-1.,-0.,-0.));
#1856 = PCURVE('',#357,#1857);
#1857 = DEFINITIONAL_REPRESENTATION('',(#1858),#1862);
#1858 = LINE('',#1859,#1860);
#1859 = CARTESIAN_POINT('',(64.8,-0.4));
#1860 = VECTOR('',#1861,1.);
#1861 = DIRECTION('',(-1.,0.));
#1862 = ( GEOMETRIC_REPRESENTATION_CONTEXT(2) 
PARAMETRIC_REPRESENTATION_CONTEXT() REPRESENTATION_CONTEXT('2D SPACE',''
  ) );
#1863 = PCURVE('',#1864,#1869);
#1864 = PLANE('',#1865);
#1865 = AXIS2_PLACEMENT_3D('',#1866,#1867,#1868);
#1866 = CARTESIAN_POINT('',(66.4,-2.2,-2.2));
#1867 = DIRECTION('',(0.,-0.707106781187,-0.707106781187));
#1868 = DIRECTION('',(-1.,-0.,0.));
#1869 = DEFINITIONAL_REPRESENTATION('',(#1870),#1874);
#1870 = LINE('',#1871,#1872);
#1871 = CARTESIAN_POINT('',(0.,-0.282842712475));
#1872 = VECTOR('',#1873,1.);
#1873 = DIRECTION('',(1.,0.));
#1874 = ( GEOMETRIC_REPRESENTATION_CONTEXT(2) 
PARAMETRIC_REPRESENTATION_CONTEXT() REPRESENTATION_CONTEXT('2D SPACE',''
  ) );
#1875 = ADVANCED_FACE('',(#1876),#329,.T.);
#1876 = FACE_BOUND('',#1877,.T.);
#1877 = EDGE_LOOP('',(#1878,#1905,#1906,#1907));
#1878 = ORIENTED_EDGE('',*,*,#1879,.F.);
#1879 = EDGE_CURVE('',#1826,#1049,#1880,.T.);
#1880 = SURFACE_CURVE('',#1881,(#1886,#1893),.PCURVE_S1.);
#1881 = CIRCLE('',#1882,4.);
#1882 = AXIS2_PLACEMENT_3D('',#1883,#1884,#1885);
#1883 = CARTESIAN_POINT('',(1.6,1.6,-2.));
#1884 = DIRECTION('',(-0.,-0.,-1.));
#1885 = DIRECTION('',(0.,-1.,0.));
#1886 = PCURVE('',#329,#1887);
#1887 = DEFINITIONAL_REPRESENTATION('',(#1888),#1892);
#1888 = LINE('',#1889,#1890);
#1889 = CARTESIAN_POINT('',(1.570796326795,-0.4));
#1890 = VECTOR('',#1891,1.);
#1891 = DIRECTION('',(1.,-0.));
#1892 = ( GEOMETRIC_REPRESENTATION_CONTEXT(2) 
PARAMETRIC_REPRESENTATION_CONTEXT() REPRESENTATION_CONTEXT('2D SPACE',''
  ) );
#1893 = PCURVE('',#1894,#1899);
#1894 = CONICAL_SURFACE('',#1895,4.,0.785398163397);
#1895 = AXIS2_PLACEMENT_3D('',#1896,#1897,#1898);
#1896 = CARTESIAN_POINT('',(1.6,1.6,-2.));
#1897 = DIRECTION('',(0.,0.,1.));
#1898 = DIRECTION('',(0.,-1.,0.));
#1899 = DEFINITIONAL_REPRESENTATION('',(#1900),#1904);
#1900 = LINE('',#1901,#1902);
#1901 = CARTESIAN_POINT('',(6.28318530718,0.));
#1902 = VECTOR('',#1903,1.);
#1903 = DIRECTION('',(-1.,-0.));
#1904 = ( GEOMETRIC_REPRESENTATION_CONTEXT(2) 
PARAMETRIC_REPRESENTATION_CONTEXT() REPRESENTATION_CONTEXT('2D SPACE',''
  ) );
#1905 = ORIENTED_EDGE('',*,*,#1825,.T.);
#1906 = ORIENTED_EDGE('',*,*,#312,.F.);
#1907 = ORIENTED_EDGE('',*,*,#1048,.F.);
#1908 = ADVANCED_FACE('',(#1909,#2096),#679,.F.);
#1909 = FACE_BOUND('',#1910,.F.);
#1910 = EDGE_LOOP('',(#1911,#1934,#1935,#1958,#1986,#2014,#2042,#2070));
#1911 = ORIENTED_EDGE('',*,*,#1912,.T.);
#1912 = EDGE_CURVE('',#1913,#644,#1915,.T.);
#1913 = VERTEX_POINT('',#1914);
#1914 = CARTESIAN_POINT('',(0.,1.599999999999,6.5));
#1915 = SURFACE_CURVE('',#1916,(#1920,#1927),.PCURVE_S1.);
#1916 = LINE('',#1917,#1918);
#1917 = CARTESIAN_POINT('',(0.,1.599999999999,0.));
#1918 = VECTOR('',#1919,1.);
#1919 = DIRECTION('',(0.,0.,1.));
#1920 = PCURVE('',#679,#1921);
#1921 = DEFINITIONAL_REPRESENTATION('',(#1922),#1926);
#1922 = LINE('',#1923,#1924);
#1923 = CARTESIAN_POINT('',(0.,0.));
#1924 = VECTOR('',#1925,1.);
#1925 = DIRECTION('',(0.,-1.));
#1926 = ( GEOMETRIC_REPRESENTATION_CONTEXT(2) 
PARAMETRIC_REPRESENTATION_CONTEXT() REPRESENTATION_CONTEXT('2D SPACE',''
  ) );
#1927 = PCURVE('',#787,#1928);
#1928 = DEFINITIONAL_REPRESENTATION('',(#1929),#1933);
#1929 = LINE('',#1930,#1931);
#1930 = CARTESIAN_POINT('',(3.14159265359,0.));
#1931 = VECTOR('',#1932,1.);
#1932 = DIRECTION('',(-0.,-1.));
#1933 = ( GEOMETRIC_REPRESENTATION_CONTEXT(2) 
PARAMETRIC_REPRESENTATION_CONTEXT() REPRESENTATION_CONTEXT('2D SPACE',''
  ) );
#1934 = ORIENTED_EDGE('',*,*,#665,.F.);
#1935 = ORIENTED_EDGE('',*,*,#1936,.F.);
#1936 = EDGE_CURVE('',#1937,#621,#1939,.T.);
#1937 = VERTEX_POINT('',#1938);
#1938 = CARTESIAN_POINT('',(0.,38.399999994105,6.5));
#1939 = SURFACE_CURVE('',#1940,(#1944,#1951),.PCURVE_S1.);
#1940 = LINE('',#1941,#1942);
#1941 = CARTESIAN_POINT('',(0.,38.399999994105,0.));
#1942 = VECTOR('',#1943,1.);
#1943 = DIRECTION('',(0.,0.,1.));
#1944 = PCURVE('',#679,#1945);
#1945 = DEFINITIONAL_REPRESENTATION('',(#1946),#1950);
#1946 = LINE('',#1947,#1948);
#1947 = CARTESIAN_POINT('',(36.799999994106,0.));
#1948 = VECTOR('',#1949,1.);
#1949 = DIRECTION('',(0.,-1.));
#1950 = ( GEOMETRIC_REPRESENTATION_CONTEXT(2) 
PARAMETRIC_REPRESENTATION_CONTEXT() REPRESENTATION_CONTEXT('2D SPACE',''
  ) );
#1951 = PCURVE('',#733,#1952);
#1952 = DEFINITIONAL_REPRESENTATION('',(#1953),#1957);
#1953 = LINE('',#1954,#1955);
#1954 = CARTESIAN_POINT('',(3.14159265359,0.));
#1955 = VECTOR('',#1956,1.);
#1956 = DIRECTION('',(-0.,-1.));
#1957 = ( GEOMETRIC_REPRESENTATION_CONTEXT(2) 
PARAMETRIC_REPRESENTATION_CONTEXT() REPRESENTATION_CONTEXT('2D SPACE',''
  ) );
#1958 = ORIENTED_EDGE('',*,*,#1959,.T.);
#1959 = EDGE_CURVE('',#1937,#1960,#1962,.T.);
#1960 = VERTEX_POINT('',#1961);
#1961 = CARTESIAN_POINT('',(0.,36.5,6.5));
#1962 = SURFACE_CURVE('',#1963,(#1967,#1974),.PCURVE_S1.);
#1963 = LINE('',#1964,#1965);
#1964 = CARTESIAN_POINT('',(0.,40.,6.5));
#1965 = VECTOR('',#1966,1.);
#1966 = DIRECTION('',(0.,-1.,0.));
#1967 = PCURVE('',#679,#1968);
#1968 = DEFINITIONAL_REPRESENTATION('',(#1969),#1973);
#1969 = LINE('',#1970,#1971);
#1970 = CARTESIAN_POINT('',(38.400000000001,-6.5));
#1971 = VECTOR('',#1972,1.);
#1972 = DIRECTION('',(-1.,0.));
#1973 = ( GEOMETRIC_REPRESENTATION_CONTEXT(2) 
PARAMETRIC_REPRESENTATION_CONTEXT() REPRESENTATION_CONTEXT('2D SPACE',''
  ) );
#1974 = PCURVE('',#1975,#1980);
#1975 = PLANE('',#1976);
#1976 = AXIS2_PLACEMENT_3D('',#1977,#1978,#1979);
#1977 = CARTESIAN_POINT('',(1.237436867076,38.762563132924,6.5));
#1978 = DIRECTION('',(0.,0.,1.));
#1979 = DIRECTION('',(1.,0.,-0.));
#1980 = DEFINITIONAL_REPRESENTATION('',(#1981),#1985);
#1981 = LINE('',#1982,#1983);
#1982 = CARTESIAN_POINT('',(-1.237436867076,1.237436867076));
#1983 = VECTOR('',#1984,1.);
#1984 = DIRECTION('',(0.,-1.));
#1985 = ( GEOMETRIC_REPRESENTATION_CONTEXT(2) 
PARAMETRIC_REPRESENTATION_CONTEXT() REPRESENTATION_CONTEXT('2D SPACE',''
  ) );
#1986 = ORIENTED_EDGE('',*,*,#1987,.F.);
#1987 = EDGE_CURVE('',#1988,#1960,#1990,.T.);
#1988 = VERTEX_POINT('',#1989);
#1989 = CARTESIAN_POINT('',(0.,36.5,0.));
#1990 = SURFACE_CURVE('',#1991,(#1995,#2002),.PCURVE_S1.);
#1991 = LINE('',#1992,#1993);
#1992 = CARTESIAN_POINT('',(0.,36.5,0.));
#1993 = VECTOR('',#1994,1.);
#1994 = DIRECTION('',(0.,0.,1.));
#1995 = PCURVE('',#679,#1996);
#1996 = DEFINITIONAL_REPRESENTATION('',(#1997),#2001);
#1997 = LINE('',#1998,#1999);
#1998 = CARTESIAN_POINT('',(34.900000000001,0.));
#1999 = VECTOR('',#2000,1.);
#2000 = DIRECTION('',(0.,-1.));
#2001 = ( GEOMETRIC_REPRESENTATION_CONTEXT(2) 
PARAMETRIC_REPRESENTATION_CONTEXT() REPRESENTATION_CONTEXT('2D SPACE',''
  ) );
#2002 = PCURVE('',#2003,#2008);
#2003 = PLANE('',#2004);
#2004 = AXIS2_PLACEMENT_3D('',#2005,#2006,#2007);
#2005 = CARTESIAN_POINT('',(0.,36.5,0.));
#2006 = DIRECTION('',(-0.707106781187,0.707106781187,0.));
#2007 = DIRECTION('',(0.707106781187,0.707106781187,0.));
#2008 = DEFINITIONAL_REPRESENTATION('',(#2009),#2013);
#2009 = LINE('',#2010,#2011);
#2010 = CARTESIAN_POINT('',(0.,0.));
#2011 = VECTOR('',#2012,1.);
#2012 = DIRECTION('',(0.,-1.));
#2013 = ( GEOMETRIC_REPRESENTATION_CONTEXT(2) 
PARAMETRIC_REPRESENTATION_CONTEXT() REPRESENTATION_CONTEXT('2D SPACE',''
  ) );
#2014 = ORIENTED_EDGE('',*,*,#2015,.F.);
#2015 = EDGE_CURVE('',#2016,#1988,#2018,.T.);
#2016 = VERTEX_POINT('',#2017);
#2017 = CARTESIAN_POINT('',(0.,3.5,0.));
#2018 = SURFACE_CURVE('',#2019,(#2023,#2030),.PCURVE_S1.);
#2019 = LINE('',#2020,#2021);
#2020 = CARTESIAN_POINT('',(0.,20.000000000001,0.));
#2021 = VECTOR('',#2022,1.);
#2022 = DIRECTION('',(0.,1.,0.));
#2023 = PCURVE('',#679,#2024);
#2024 = DEFINITIONAL_REPRESENTATION('',(#2025),#2029);
#2025 = LINE('',#2026,#2027);
#2026 = CARTESIAN_POINT('',(18.400000000002,0.));
#2027 = VECTOR('',#2028,1.);
#2028 = DIRECTION('',(1.,0.));
#2029 = ( GEOMETRIC_REPRESENTATION_CONTEXT(2) 
PARAMETRIC_REPRESENTATION_CONTEXT() REPRESENTATION_CONTEXT('2D SPACE',''
  ) );
#2030 = PCURVE('',#2031,#2036);
#2031 = PLANE('',#2032);
#2032 = AXIS2_PLACEMENT_3D('',#2033,#2034,#2035);
#2033 = CARTESIAN_POINT('',(34.,19.999999998845,0.));
#2034 = DIRECTION('',(0.,0.,1.));
#2035 = DIRECTION('',(1.,0.,-0.));
#2036 = DEFINITIONAL_REPRESENTATION('',(#2037),#2041);
#2037 = LINE('',#2038,#2039);
#2038 = CARTESIAN_POINT('',(-34.,1.155999740377E-09));
#2039 = VECTOR('',#2040,1.);
#2040 = DIRECTION('',(0.,1.));
#2041 = ( GEOMETRIC_REPRESENTATION_CONTEXT(2) 
PARAMETRIC_REPRESENTATION_CONTEXT() REPRESENTATION_CONTEXT('2D SPACE',''
  ) );
#2042 = ORIENTED_EDGE('',*,*,#2043,.T.);
#2043 = EDGE_CURVE('',#2016,#2044,#2046,.T.);
#2044 = VERTEX_POINT('',#2045);
#2045 = CARTESIAN_POINT('',(0.,3.5,6.5));
#2046 = SURFACE_CURVE('',#2047,(#2051,#2058),.PCURVE_S1.);
#2047 = LINE('',#2048,#2049);
#2048 = CARTESIAN_POINT('',(0.,3.5,0.));
#2049 = VECTOR('',#2050,1.);
#2050 = DIRECTION('',(0.,0.,1.));
#2051 = PCURVE('',#679,#2052);
#2052 = DEFINITIONAL_REPRESENTATION('',(#2053),#2057);
#2053 = LINE('',#2054,#2055);
#2054 = CARTESIAN_POINT('',(1.900000000001,0.));
#2055 = VECTOR('',#2056,1.);
#2056 = DIRECTION('',(0.,-1.));
#2057 = ( GEOMETRIC_REPRESENTATION_CONTEXT(2) 
PARAMETRIC_REPRESENTATION_CONTEXT() REPRESENTATION_CONTEXT('2D SPACE',''
  ) );
#2058 = PCURVE('',#2059,#2064);
#2059 = PLANE('',#2060);
#2060 = AXIS2_PLACEMENT_3D('',#2061,#2062,#2063);
#2061 = CARTESIAN_POINT('',(3.5,0.,0.));
#2062 = DIRECTION('',(-0.707106781187,-0.707106781187,0.));
#2063 = DIRECTION('',(-0.707106781187,0.707106781187,0.));
#2064 = DEFINITIONAL_REPRESENTATION('',(#2065),#2069);
#2065 = LINE('',#2066,#2067);
#2066 = CARTESIAN_POINT('',(4.949747468306,0.));
#2067 = VECTOR('',#2068,1.);
#2068 = DIRECTION('',(0.,-1.));
#2069 = ( GEOMETRIC_REPRESENTATION_CONTEXT(2) 
PARAMETRIC_REPRESENTATION_CONTEXT() REPRESENTATION_CONTEXT('2D SPACE',''
  ) );
#2070 = ORIENTED_EDGE('',*,*,#2071,.T.);
#2071 = EDGE_CURVE('',#2044,#1913,#2072,.T.);
#2072 = SURFACE_CURVE('',#2073,(#2077,#2084),.PCURVE_S1.);
#2073 = LINE('',#2074,#2075);
#2074 = CARTESIAN_POINT('',(0.,3.5,6.5));
#2075 = VECTOR('',#2076,1.);
#2076 = DIRECTION('',(0.,-1.,0.));
#2077 = PCURVE('',#679,#2078);
#2078 = DEFINITIONAL_REPRESENTATION('',(#2079),#2083);
#2079 = LINE('',#2080,#2081);
#2080 = CARTESIAN_POINT('',(1.900000000001,-6.5));
#2081 = VECTOR('',#2082,1.);
#2082 = DIRECTION('',(-1.,0.));
#2083 = ( GEOMETRIC_REPRESENTATION_CONTEXT(2) 
PARAMETRIC_REPRESENTATION_CONTEXT() REPRESENTATION_CONTEXT('2D SPACE',''
  ) );
#2084 = PCURVE('',#2085,#2090);
#2085 = PLANE('',#2086);
#2086 = AXIS2_PLACEMENT_3D('',#2087,#2088,#2089);
#2087 = CARTESIAN_POINT('',(1.237436867076,1.237436867076,6.5));
#2088 = DIRECTION('',(0.,0.,1.));
#2089 = DIRECTION('',(1.,0.,-0.));
#2090 = DEFINITIONAL_REPRESENTATION('',(#2091),#2095);
#2091 = LINE('',#2092,#2093);
#2092 = CARTESIAN_POINT('',(-1.237436867076,2.262563132924));
#2093 = VECTOR('',#2094,1.);
#2094 = DIRECTION('',(0.,-1.));
#2095 = ( GEOMETRIC_REPRESENTATION_CONTEXT(2) 
PARAMETRIC_REPRESENTATION_CONTEXT() REPRESENTATION_CONTEXT('2D SPACE',''
  ) );
#2096 = FACE_BOUND('',#2097,.F.);
#2097 = EDGE_LOOP('',(#2098,#2123,#2147,#2170,#2194,#2217,#2241,#2264));
#2098 = ORIENTED_EDGE('',*,*,#2099,.F.);
#2099 = EDGE_CURVE('',#2100,#2102,#2104,.T.);
#2100 = VERTEX_POINT('',#2101);
#2101 = CARTESIAN_POINT('',(0.,7.96,12.459999987493));
#2102 = VERTEX_POINT('',#2103);
#2103 = CARTESIAN_POINT('',(0.,7.96,14.459999952927));
#2104 = SURFACE_CURVE('',#2105,(#2109,#2116),.PCURVE_S1.);
#2105 = LINE('',#2106,#2107);
#2106 = CARTESIAN_POINT('',(0.,7.96,6.229999993747));
#2107 = VECTOR('',#2108,1.);
#2108 = DIRECTION('',(0.,0.,1.));
#2109 = PCURVE('',#679,#2110);
#2110 = DEFINITIONAL_REPRESENTATION('',(#2111),#2115);
#2111 = LINE('',#2112,#2113);
#2112 = CARTESIAN_POINT('',(6.360000000001,-6.229999993747));
#2113 = VECTOR('',#2114,1.);
#2114 = DIRECTION('',(0.,-1.));
#2115 = ( GEOMETRIC_REPRESENTATION_CONTEXT(2) 
PARAMETRIC_REPRESENTATION_CONTEXT() REPRESENTATION_CONTEXT('2D SPACE',''
  ) );
#2116 = PCURVE('',#1141,#2117);
#2117 = DEFINITIONAL_REPRESENTATION('',(#2118),#2122);
#2118 = LINE('',#2119,#2120);
#2119 = CARTESIAN_POINT('',(-6.229999993746,-3.4));
#2120 = VECTOR('',#2121,1.);
#2121 = DIRECTION('',(1.,0.));
#2122 = ( GEOMETRIC_REPRESENTATION_CONTEXT(2) 
PARAMETRIC_REPRESENTATION_CONTEXT() REPRESENTATION_CONTEXT('2D SPACE',''
  ) );
#2123 = ORIENTED_EDGE('',*,*,#2124,.F.);
#2124 = EDGE_CURVE('',#2125,#2100,#2127,.T.);
#2125 = VERTEX_POINT('',#2126);
#2126 = CARTESIAN_POINT('',(0.,10.96,9.46));
#2127 = SURFACE_CURVE('',#2128,(#2133,#2140),.PCURVE_S1.);
#2128 = CIRCLE('',#2129,3.);
#2129 = AXIS2_PLACEMENT_3D('',#2130,#2131,#2132);
#2130 = CARTESIAN_POINT('',(0.,10.96,12.459999987493));
#2131 = DIRECTION('',(-1.,0.,0.));
#2132 = DIRECTION('',(0.,-1.,0.));
#2133 = PCURVE('',#679,#2134);
#2134 = DEFINITIONAL_REPRESENTATION('',(#2135),#2139);
#2135 = CIRCLE('',#2136,3.);
#2136 = AXIS2_PLACEMENT_2D('',#2137,#2138);
#2137 = CARTESIAN_POINT('',(9.360000000001,-12.45999998749));
#2138 = DIRECTION('',(-1.,0.));
#2139 = ( GEOMETRIC_REPRESENTATION_CONTEXT(2) 
PARAMETRIC_REPRESENTATION_CONTEXT() REPRESENTATION_CONTEXT('2D SPACE',''
  ) );
#2140 = PCURVE('',#1170,#2141);
#2141 = DEFINITIONAL_REPRESENTATION('',(#2142),#2146);
#2142 = LINE('',#2143,#2144);
#2143 = CARTESIAN_POINT('',(0.,-3.4));
#2144 = VECTOR('',#2145,1.);
#2145 = DIRECTION('',(1.,0.));
#2146 = ( GEOMETRIC_REPRESENTATION_CONTEXT(2) 
PARAMETRIC_REPRESENTATION_CONTEXT() REPRESENTATION_CONTEXT('2D SPACE',''
  ) );
#2147 = ORIENTED_EDGE('',*,*,#2148,.T.);
#2148 = EDGE_CURVE('',#2125,#2149,#2151,.T.);
#2149 = VERTEX_POINT('',#2150);
#2150 = CARTESIAN_POINT('',(0.,17.96,9.46));
#2151 = SURFACE_CURVE('',#2152,(#2156,#2163),.PCURVE_S1.);
#2152 = LINE('',#2153,#2154);
#2153 = CARTESIAN_POINT('',(0.,6.279999999999,9.460000012507));
#2154 = VECTOR('',#2155,1.);
#2155 = DIRECTION('',(0.,1.,-0.));
#2156 = PCURVE('',#679,#2157);
#2157 = DEFINITIONAL_REPRESENTATION('',(#2158),#2162);
#2158 = LINE('',#2159,#2160);
#2159 = CARTESIAN_POINT('',(4.68,-9.460000012507));
#2160 = VECTOR('',#2161,1.);
#2161 = DIRECTION('',(1.,0.));
#2162 = ( GEOMETRIC_REPRESENTATION_CONTEXT(2) 
PARAMETRIC_REPRESENTATION_CONTEXT() REPRESENTATION_CONTEXT('2D SPACE',''
  ) );
#2163 = PCURVE('',#1198,#2164);
#2164 = DEFINITIONAL_REPRESENTATION('',(#2165),#2169);
#2165 = LINE('',#2166,#2167);
#2166 = CARTESIAN_POINT('',(-4.680000000001,-3.4));
#2167 = VECTOR('',#2168,1.);
#2168 = DIRECTION('',(1.,0.));
#2169 = ( GEOMETRIC_REPRESENTATION_CONTEXT(2) 
PARAMETRIC_REPRESENTATION_CONTEXT() REPRESENTATION_CONTEXT('2D SPACE',''
  ) );
#2170 = ORIENTED_EDGE('',*,*,#2171,.F.);
#2171 = EDGE_CURVE('',#2172,#2149,#2174,.T.);
#2172 = VERTEX_POINT('',#2173);
#2173 = CARTESIAN_POINT('',(0.,20.96,12.459999987493));
#2174 = SURFACE_CURVE('',#2175,(#2180,#2187),.PCURVE_S1.);
#2175 = CIRCLE('',#2176,3.);
#2176 = AXIS2_PLACEMENT_3D('',#2177,#2178,#2179);
#2177 = CARTESIAN_POINT('',(0.,17.96,12.459999987493));
#2178 = DIRECTION('',(-1.,0.,0.));
#2179 = DIRECTION('',(0.,-1.,0.));
#2180 = PCURVE('',#679,#2181);
#2181 = DEFINITIONAL_REPRESENTATION('',(#2182),#2186);
#2182 = CIRCLE('',#2183,3.);
#2183 = AXIS2_PLACEMENT_2D('',#2184,#2185);
#2184 = CARTESIAN_POINT('',(16.360000000001,-12.45999998749));
#2185 = DIRECTION('',(-1.,0.));
#2186 = ( GEOMETRIC_REPRESENTATION_CONTEXT(2) 
PARAMETRIC_REPRESENTATION_CONTEXT() REPRESENTATION_CONTEXT('2D SPACE',''
  ) );
#2187 = PCURVE('',#1227,#2188);
#2188 = DEFINITIONAL_REPRESENTATION('',(#2189),#2193);
#2189 = LINE('',#2190,#2191);
#2190 = CARTESIAN_POINT('',(0.,-3.4));
#2191 = VECTOR('',#2192,1.);
#2192 = DIRECTION('',(1.,0.));
#2193 = ( GEOMETRIC_REPRESENTATION_CONTEXT(2) 
PARAMETRIC_REPRESENTATION_CONTEXT() REPRESENTATION_CONTEXT('2D SPACE',''
  ) );
#2194 = ORIENTED_EDGE('',*,*,#2195,.T.);
#2195 = EDGE_CURVE('',#2172,#2196,#2198,.T.);
#2196 = VERTEX_POINT('',#2197);
#2197 = CARTESIAN_POINT('',(0.,20.96,14.459999952927));
#2198 = SURFACE_CURVE('',#2199,(#2203,#2210),.PCURVE_S1.);
#2199 = LINE('',#2200,#2201);
#2200 = CARTESIAN_POINT('',(0.,20.96,6.229999993747));
#2201 = VECTOR('',#2202,1.);
#2202 = DIRECTION('',(0.,0.,1.));
#2203 = PCURVE('',#679,#2204);
#2204 = DEFINITIONAL_REPRESENTATION('',(#2205),#2209);
#2205 = LINE('',#2206,#2207);
#2206 = CARTESIAN_POINT('',(19.360000000001,-6.229999993747));
#2207 = VECTOR('',#2208,1.);
#2208 = DIRECTION('',(0.,-1.));
#2209 = ( GEOMETRIC_REPRESENTATION_CONTEXT(2) 
PARAMETRIC_REPRESENTATION_CONTEXT() REPRESENTATION_CONTEXT('2D SPACE',''
  ) );
#2210 = PCURVE('',#1255,#2211);
#2211 = DEFINITIONAL_REPRESENTATION('',(#2212),#2216);
#2212 = LINE('',#2213,#2214);
#2213 = CARTESIAN_POINT('',(-6.229999993746,-3.4));
#2214 = VECTOR('',#2215,1.);
#2215 = DIRECTION('',(1.,0.));
#2216 = ( GEOMETRIC_REPRESENTATION_CONTEXT(2) 
PARAMETRIC_REPRESENTATION_CONTEXT() REPRESENTATION_CONTEXT('2D SPACE',''
  ) );
#2217 = ORIENTED_EDGE('',*,*,#2218,.F.);
#2218 = EDGE_CURVE('',#2219,#2196,#2221,.T.);
#2219 = VERTEX_POINT('',#2220);
#2220 = CARTESIAN_POINT('',(0.,17.96,17.459999982717));
#2221 = SURFACE_CURVE('',#2222,(#2227,#2234),.PCURVE_S1.);
#2222 = CIRCLE('',#2223,3.);
#2223 = AXIS2_PLACEMENT_3D('',#2224,#2225,#2226);
#2224 = CARTESIAN_POINT('',(0.,17.96,14.459999952927));
#2225 = DIRECTION('',(-1.,0.,0.));
#2226 = DIRECTION('',(0.,-1.,0.));
#2227 = PCURVE('',#679,#2228);
#2228 = DEFINITIONAL_REPRESENTATION('',(#2229),#2233);
#2229 = CIRCLE('',#2230,3.);
#2230 = AXIS2_PLACEMENT_2D('',#2231,#2232);
#2231 = CARTESIAN_POINT('',(16.360000000001,-14.45999995292));
#2232 = DIRECTION('',(-1.,0.));
#2233 = ( GEOMETRIC_REPRESENTATION_CONTEXT(2) 
PARAMETRIC_REPRESENTATION_CONTEXT() REPRESENTATION_CONTEXT('2D SPACE',''
  ) );
#2234 = PCURVE('',#1284,#2235);
#2235 = DEFINITIONAL_REPRESENTATION('',(#2236),#2240);
#2236 = LINE('',#2237,#2238);
#2237 = CARTESIAN_POINT('',(0.,-3.4));
#2238 = VECTOR('',#2239,1.);
#2239 = DIRECTION('',(1.,0.));
#2240 = ( GEOMETRIC_REPRESENTATION_CONTEXT(2) 
PARAMETRIC_REPRESENTATION_CONTEXT() REPRESENTATION_CONTEXT('2D SPACE',''
  ) );
#2241 = ORIENTED_EDGE('',*,*,#2242,.F.);
#2242 = EDGE_CURVE('',#2243,#2219,#2245,.T.);
#2243 = VERTEX_POINT('',#2244);
#2244 = CARTESIAN_POINT('',(0.,10.96,17.459999982717));
#2245 = SURFACE_CURVE('',#2246,(#2250,#2257),.PCURVE_S1.);
#2246 = LINE('',#2247,#2248);
#2247 = CARTESIAN_POINT('',(0.,6.279999999999,17.460000012507));
#2248 = VECTOR('',#2249,1.);
#2249 = DIRECTION('',(0.,1.,-0.));
#2250 = PCURVE('',#679,#2251);
#2251 = DEFINITIONAL_REPRESENTATION('',(#2252),#2256);
#2252 = LINE('',#2253,#2254);
#2253 = CARTESIAN_POINT('',(4.68,-17.4600000125));
#2254 = VECTOR('',#2255,1.);
#2255 = DIRECTION('',(1.,0.));
#2256 = ( GEOMETRIC_REPRESENTATION_CONTEXT(2) 
PARAMETRIC_REPRESENTATION_CONTEXT() REPRESENTATION_CONTEXT('2D SPACE',''
  ) );
#2257 = PCURVE('',#1312,#2258);
#2258 = DEFINITIONAL_REPRESENTATION('',(#2259),#2263);
#2259 = LINE('',#2260,#2261);
#2260 = CARTESIAN_POINT('',(-4.680000000001,-3.4));
#2261 = VECTOR('',#2262,1.);
#2262 = DIRECTION('',(1.,0.));
#2263 = ( GEOMETRIC_REPRESENTATION_CONTEXT(2) 
PARAMETRIC_REPRESENTATION_CONTEXT() REPRESENTATION_CONTEXT('2D SPACE',''
  ) );
#2264 = ORIENTED_EDGE('',*,*,#2265,.F.);
#2265 = EDGE_CURVE('',#2102,#2243,#2266,.T.);
#2266 = SURFACE_CURVE('',#2267,(#2272,#2279),.PCURVE_S1.);
#2267 = CIRCLE('',#2268,3.);
#2268 = AXIS2_PLACEMENT_3D('',#2269,#2270,#2271);
#2269 = CARTESIAN_POINT('',(0.,10.96,14.459999952927));
#2270 = DIRECTION('',(-1.,0.,0.));
#2271 = DIRECTION('',(0.,-1.,0.));
#2272 = PCURVE('',#679,#2273);
#2273 = DEFINITIONAL_REPRESENTATION('',(#2274),#2278);
#2274 = CIRCLE('',#2275,3.);
#2275 = AXIS2_PLACEMENT_2D('',#2276,#2277);
#2276 = CARTESIAN_POINT('',(9.360000000001,-14.45999995292));
#2277 = DIRECTION('',(-1.,0.));
#2278 = ( GEOMETRIC_REPRESENTATION_CONTEXT(2) 
PARAMETRIC_REPRESENTATION_CONTEXT() REPRESENTATION_CONTEXT('2D SPACE',''
  ) );
#2279 = PCURVE('',#1339,#2280);
#2280 = DEFINITIONAL_REPRESENTATION('',(#2281),#2285);
#2281 = LINE('',#2282,#2283);
#2282 = CARTESIAN_POINT('',(0.,-3.4));
#2283 = VECTOR('',#2284,1.);
#2284 = DIRECTION('',(1.,0.));
#2285 = ( GEOMETRIC_REPRESENTATION_CONTEXT(2) 
PARAMETRIC_REPRESENTATION_CONTEXT() REPRESENTATION_CONTEXT('2D SPACE',''
  ) );
#2286 = ADVANCED_FACE('',(#2287),#733,.F.);
#2287 = FACE_BOUND('',#2288,.F.);
#2288 = EDGE_LOOP('',(#2289,#2290,#2313,#2339));
#2289 = ORIENTED_EDGE('',*,*,#718,.F.);
#2290 = ORIENTED_EDGE('',*,*,#2291,.F.);
#2291 = EDGE_CURVE('',#2292,#695,#2294,.T.);
#2292 = VERTEX_POINT('',#2293);
#2293 = CARTESIAN_POINT('',(1.6,39.999999998526,6.5));
#2294 = SURFACE_CURVE('',#2295,(#2299,#2306),.PCURVE_S1.);
#2295 = LINE('',#2296,#2297);
#2296 = CARTESIAN_POINT('',(1.6,39.999999997053,0.));
#2297 = VECTOR('',#2298,1.);
#2298 = DIRECTION('',(0.,0.,1.));
#2299 = PCURVE('',#733,#2300);
#2300 = DEFINITIONAL_REPRESENTATION('',(#2301),#2305);
#2301 = LINE('',#2302,#2303);
#2302 = CARTESIAN_POINT('',(4.712388980385,0.));
#2303 = VECTOR('',#2304,1.);
#2304 = DIRECTION('',(-0.,-1.));
#2305 = ( GEOMETRIC_REPRESENTATION_CONTEXT(2) 
PARAMETRIC_REPRESENTATION_CONTEXT() REPRESENTATION_CONTEXT('2D SPACE',''
  ) );
#2306 = PCURVE('',#840,#2307);
#2307 = DEFINITIONAL_REPRESENTATION('',(#2308),#2312);
#2308 = LINE('',#2309,#2310);
#2309 = CARTESIAN_POINT('',(0.,0.));
#2310 = VECTOR('',#2311,1.);
#2311 = DIRECTION('',(0.,-1.));
#2312 = ( GEOMETRIC_REPRESENTATION_CONTEXT(2) 
PARAMETRIC_REPRESENTATION_CONTEXT() REPRESENTATION_CONTEXT('2D SPACE',''
  ) );
#2313 = ORIENTED_EDGE('',*,*,#2314,.F.);
#2314 = EDGE_CURVE('',#1937,#2292,#2315,.T.);
#2315 = SURFACE_CURVE('',#2316,(#2321,#2328),.PCURVE_S1.);
#2316 = CIRCLE('',#2317,1.6);
#2317 = AXIS2_PLACEMENT_3D('',#2318,#2319,#2320);
#2318 = CARTESIAN_POINT('',(1.6,38.399999994105,6.5));
#2319 = DIRECTION('',(0.,0.,-1.));
#2320 = DIRECTION('',(1.,0.,0.));
#2321 = PCURVE('',#733,#2322);
#2322 = DEFINITIONAL_REPRESENTATION('',(#2323),#2327);
#2323 = LINE('',#2324,#2325);
#2324 = CARTESIAN_POINT('',(-4.138911435803E-13,-6.5));
#2325 = VECTOR('',#2326,1.);
#2326 = DIRECTION('',(1.,-0.));
#2327 = ( GEOMETRIC_REPRESENTATION_CONTEXT(2) 
PARAMETRIC_REPRESENTATION_CONTEXT() REPRESENTATION_CONTEXT('2D SPACE',''
  ) );
#2328 = PCURVE('',#1975,#2329);
#2329 = DEFINITIONAL_REPRESENTATION('',(#2330),#2338);
#2330 = ( BOUNDED_CURVE() B_SPLINE_CURVE(2,(#2331,#2332,#2333,#2334,
#2335,#2336,#2337),.UNSPECIFIED.,.T.,.F.) B_SPLINE_CURVE_WITH_KNOTS((1,2
    ,2,2,2,1),(-2.094395102393,0.,2.094395102393,4.188790204786,
6.28318530718,8.377580409573),.UNSPECIFIED.) CURVE() 
GEOMETRIC_REPRESENTATION_ITEM() RATIONAL_B_SPLINE_CURVE((1.,0.5,1.,0.5,
1.,0.5,1.)) REPRESENTATION_ITEM('') );
#2331 = CARTESIAN_POINT('',(1.962563132924,-0.362563138819));
#2332 = CARTESIAN_POINT('',(1.962563132924,-3.133844430929));
#2333 = CARTESIAN_POINT('',(-0.437436867076,-1.748203784874));
#2334 = CARTESIAN_POINT('',(-2.837436867076,-0.362563138819));
#2335 = CARTESIAN_POINT('',(-0.437436867076,1.023077507236));
#2336 = CARTESIAN_POINT('',(1.962563132924,2.408718153291));
#2337 = CARTESIAN_POINT('',(1.962563132924,-0.362563138819));
#2338 = ( GEOMETRIC_REPRESENTATION_CONTEXT(2) 
PARAMETRIC_REPRESENTATION_CONTEXT() REPRESENTATION_CONTEXT('2D SPACE',''
  ) );
#2339 = ORIENTED_EDGE('',*,*,#1936,.T.);
#2340 = ADVANCED_FACE('',(#2341),#787,.F.);
#2341 = FACE_BOUND('',#2342,.F.);
#2342 = EDGE_LOOP('',(#2343,#2344,#2345,#2373));
#2343 = ORIENTED_EDGE('',*,*,#772,.F.);
#2344 = ORIENTED_EDGE('',*,*,#1912,.F.);
#2345 = ORIENTED_EDGE('',*,*,#2346,.F.);
#2346 = EDGE_CURVE('',#2347,#1913,#2349,.T.);
#2347 = VERTEX_POINT('',#2348);
#2348 = CARTESIAN_POINT('',(1.6,0.,6.5));
#2349 = SURFACE_CURVE('',#2350,(#2355,#2362),.PCURVE_S1.);
#2350 = CIRCLE('',#2351,1.6);
#2351 = AXIS2_PLACEMENT_3D('',#2352,#2353,#2354);
#2352 = CARTESIAN_POINT('',(1.6,1.599999999999,6.5));
#2353 = DIRECTION('',(0.,0.,-1.));
#2354 = DIRECTION('',(1.,0.,0.));
#2355 = PCURVE('',#787,#2356);
#2356 = DEFINITIONAL_REPRESENTATION('',(#2357),#2361);
#2357 = LINE('',#2358,#2359);
#2358 = CARTESIAN_POINT('',(-4.138911435803E-13,-6.5));
#2359 = VECTOR('',#2360,1.);
#2360 = DIRECTION('',(1.,-0.));
#2361 = ( GEOMETRIC_REPRESENTATION_CONTEXT(2) 
PARAMETRIC_REPRESENTATION_CONTEXT() REPRESENTATION_CONTEXT('2D SPACE',''
  ) );
#2362 = PCURVE('',#2085,#2363);
#2363 = DEFINITIONAL_REPRESENTATION('',(#2364),#2372);
#2364 = ( BOUNDED_CURVE() B_SPLINE_CURVE(2,(#2365,#2366,#2367,#2368,
#2369,#2370,#2371),.UNSPECIFIED.,.T.,.F.) B_SPLINE_CURVE_WITH_KNOTS((1,2
    ,2,2,2,1),(-2.094395102393,0.,2.094395102393,4.188790204786,
6.28318530718,8.377580409573),.UNSPECIFIED.) CURVE() 
GEOMETRIC_REPRESENTATION_ITEM() RATIONAL_B_SPLINE_CURVE((1.,0.5,1.,0.5,
1.,0.5,1.)) REPRESENTATION_ITEM('') );
#2365 = CARTESIAN_POINT('',(1.962563132924,0.362563132923));
#2366 = CARTESIAN_POINT('',(1.962563132924,-2.408718159187));
#2367 = CARTESIAN_POINT('',(-0.437436867076,-1.023077513132));
#2368 = CARTESIAN_POINT('',(-2.837436867076,0.362563132923));
#2369 = CARTESIAN_POINT('',(-0.437436867076,1.748203778978));
#2370 = CARTESIAN_POINT('',(1.962563132924,3.133844425033));
#2371 = CARTESIAN_POINT('',(1.962563132924,0.362563132923));
#2372 = ( GEOMETRIC_REPRESENTATION_CONTEXT(2) 
PARAMETRIC_REPRESENTATION_CONTEXT() REPRESENTATION_CONTEXT('2D SPACE',''
  ) );
#2373 = ORIENTED_EDGE('',*,*,#2374,.T.);
#2374 = EDGE_CURVE('',#2347,#751,#2375,.T.);
#2375 = SURFACE_CURVE('',#2376,(#2380,#2387),.PCURVE_S1.);
#2376 = LINE('',#2377,#2378);
#2377 = CARTESIAN_POINT('',(1.6,0.,0.));
#2378 = VECTOR('',#2379,1.);
#2379 = DIRECTION('',(0.,0.,1.));
#2380 = PCURVE('',#787,#2381);
#2381 = DEFINITIONAL_REPRESENTATION('',(#2382),#2386);
#2382 = LINE('',#2383,#2384);
#2383 = CARTESIAN_POINT('',(1.570796326795,0.));
#2384 = VECTOR('',#2385,1.);
#2385 = DIRECTION('',(-0.,-1.));
#2386 = ( GEOMETRIC_REPRESENTATION_CONTEXT(2) 
PARAMETRIC_REPRESENTATION_CONTEXT() REPRESENTATION_CONTEXT('2D SPACE',''
  ) );
#2387 = PCURVE('',#893,#2388);
#2388 = DEFINITIONAL_REPRESENTATION('',(#2389),#2393);
#2389 = LINE('',#2390,#2391);
#2390 = CARTESIAN_POINT('',(0.,0.));
#2391 = VECTOR('',#2392,1.);
#2392 = DIRECTION('',(0.,-1.));
#2393 = ( GEOMETRIC_REPRESENTATION_CONTEXT(2) 
PARAMETRIC_REPRESENTATION_CONTEXT() REPRESENTATION_CONTEXT('2D SPACE',''
  ) );
#2394 = ADVANCED_FACE('',(#2395),#840,.F.);
#2395 = FACE_BOUND('',#2396,.F.);
#2396 = EDGE_LOOP('',(#2397,#2420,#2448,#2476,#2499,#2522,#2543,#2544));
#2397 = ORIENTED_EDGE('',*,*,#2398,.F.);
#2398 = EDGE_CURVE('',#2399,#803,#2401,.T.);
#2399 = VERTEX_POINT('',#2400);
#2400 = CARTESIAN_POINT('',(66.4,39.999999998526,6.5));
#2401 = SURFACE_CURVE('',#2402,(#2406,#2413),.PCURVE_S1.);
#2402 = LINE('',#2403,#2404);
#2403 = CARTESIAN_POINT('',(66.4,39.999999997053,0.));
#2404 = VECTOR('',#2405,1.);
#2405 = DIRECTION('',(0.,0.,1.));
#2406 = PCURVE('',#840,#2407);
#2407 = DEFINITIONAL_REPRESENTATION('',(#2408),#2412);
#2408 = LINE('',#2409,#2410);
#2409 = CARTESIAN_POINT('',(64.8,0.));
#2410 = VECTOR('',#2411,1.);
#2411 = DIRECTION('',(0.,-1.));
#2412 = ( GEOMETRIC_REPRESENTATION_CONTEXT(2) 
PARAMETRIC_REPRESENTATION_CONTEXT() REPRESENTATION_CONTEXT('2D SPACE',''
  ) );
#2413 = PCURVE('',#947,#2414);
#2414 = DEFINITIONAL_REPRESENTATION('',(#2415),#2419);
#2415 = LINE('',#2416,#2417);
#2416 = CARTESIAN_POINT('',(4.712388980385,0.));
#2417 = VECTOR('',#2418,1.);
#2418 = DIRECTION('',(-0.,-1.));
#2419 = ( GEOMETRIC_REPRESENTATION_CONTEXT(2) 
PARAMETRIC_REPRESENTATION_CONTEXT() REPRESENTATION_CONTEXT('2D SPACE',''
  ) );
#2420 = ORIENTED_EDGE('',*,*,#2421,.T.);
#2421 = EDGE_CURVE('',#2399,#2422,#2424,.T.);
#2422 = VERTEX_POINT('',#2423);
#2423 = CARTESIAN_POINT('',(64.5,40.,6.5));
#2424 = SURFACE_CURVE('',#2425,(#2429,#2436),.PCURVE_S1.);
#2425 = LINE('',#2426,#2427);
#2426 = CARTESIAN_POINT('',(68.,40.,6.5));
#2427 = VECTOR('',#2428,1.);
#2428 = DIRECTION('',(-1.,0.,0.));
#2429 = PCURVE('',#840,#2430);
#2430 = DEFINITIONAL_REPRESENTATION('',(#2431),#2435);
#2431 = LINE('',#2432,#2433);
#2432 = CARTESIAN_POINT('',(66.4,-6.5));
#2433 = VECTOR('',#2434,1.);
#2434 = DIRECTION('',(-1.,0.));
#2435 = ( GEOMETRIC_REPRESENTATION_CONTEXT(2) 
PARAMETRIC_REPRESENTATION_CONTEXT() REPRESENTATION_CONTEXT('2D SPACE',''
  ) );
#2436 = PCURVE('',#2437,#2442);
#2437 = PLANE('',#2438);
#2438 = AXIS2_PLACEMENT_3D('',#2439,#2440,#2441);
#2439 = CARTESIAN_POINT('',(66.762563132924,38.762563132924,6.5));
#2440 = DIRECTION('',(0.,0.,1.));
#2441 = DIRECTION('',(1.,0.,-0.));
#2442 = DEFINITIONAL_REPRESENTATION('',(#2443),#2447);
#2443 = LINE('',#2444,#2445);
#2444 = CARTESIAN_POINT('',(1.237436867076,1.237436867076));
#2445 = VECTOR('',#2446,1.);
#2446 = DIRECTION('',(-1.,0.));
#2447 = ( GEOMETRIC_REPRESENTATION_CONTEXT(2) 
PARAMETRIC_REPRESENTATION_CONTEXT() REPRESENTATION_CONTEXT('2D SPACE',''
  ) );
#2448 = ORIENTED_EDGE('',*,*,#2449,.F.);
#2449 = EDGE_CURVE('',#2450,#2422,#2452,.T.);
#2450 = VERTEX_POINT('',#2451);
#2451 = CARTESIAN_POINT('',(64.5,40.,0.));
#2452 = SURFACE_CURVE('',#2453,(#2457,#2464),.PCURVE_S1.);
#2453 = LINE('',#2454,#2455);
#2454 = CARTESIAN_POINT('',(64.5,40.,0.));
#2455 = VECTOR('',#2456,1.);
#2456 = DIRECTION('',(0.,0.,1.));
#2457 = PCURVE('',#840,#2458);
#2458 = DEFINITIONAL_REPRESENTATION('',(#2459),#2463);
#2459 = LINE('',#2460,#2461);
#2460 = CARTESIAN_POINT('',(62.9,0.));
#2461 = VECTOR('',#2462,1.);
#2462 = DIRECTION('',(0.,-1.));
#2463 = ( GEOMETRIC_REPRESENTATION_CONTEXT(2) 
PARAMETRIC_REPRESENTATION_CONTEXT() REPRESENTATION_CONTEXT('2D SPACE',''
  ) );
#2464 = PCURVE('',#2465,#2470);
#2465 = PLANE('',#2466);
#2466 = AXIS2_PLACEMENT_3D('',#2467,#2468,#2469);
#2467 = CARTESIAN_POINT('',(64.5,40.,0.));
#2468 = DIRECTION('',(0.707106781187,0.707106781187,-0.));
#2469 = DIRECTION('',(0.707106781187,-0.707106781187,0.));
#2470 = DEFINITIONAL_REPRESENTATION('',(#2471),#2475);
#2471 = LINE('',#2472,#2473);
#2472 = CARTESIAN_POINT('',(0.,0.));
#2473 = VECTOR('',#2474,1.);
#2474 = DIRECTION('',(0.,-1.));
#2475 = ( GEOMETRIC_REPRESENTATION_CONTEXT(2) 
PARAMETRIC_REPRESENTATION_CONTEXT() REPRESENTATION_CONTEXT('2D SPACE',''
  ) );
#2476 = ORIENTED_EDGE('',*,*,#2477,.F.);
#2477 = EDGE_CURVE('',#2478,#2450,#2480,.T.);
#2478 = VERTEX_POINT('',#2479);
#2479 = CARTESIAN_POINT('',(3.5,40.,0.));
#2480 = SURFACE_CURVE('',#2481,(#2485,#2492),.PCURVE_S1.);
#2481 = LINE('',#2482,#2483);
#2482 = CARTESIAN_POINT('',(34.,40.000000000001,0.));
#2483 = VECTOR('',#2484,1.);
#2484 = DIRECTION('',(1.,0.,0.));
#2485 = PCURVE('',#840,#2486);
#2486 = DEFINITIONAL_REPRESENTATION('',(#2487),#2491);
#2487 = LINE('',#2488,#2489);
#2488 = CARTESIAN_POINT('',(32.4,0.));
#2489 = VECTOR('',#2490,1.);
#2490 = DIRECTION('',(1.,0.));
#2491 = ( GEOMETRIC_REPRESENTATION_CONTEXT(2) 
PARAMETRIC_REPRESENTATION_CONTEXT() REPRESENTATION_CONTEXT('2D SPACE',''
  ) );
#2492 = PCURVE('',#2031,#2493);
#2493 = DEFINITIONAL_REPRESENTATION('',(#2494),#2498);
#2494 = LINE('',#2495,#2496);
#2495 = CARTESIAN_POINT('',(0.,20.000000001156));
#2496 = VECTOR('',#2497,1.);
#2497 = DIRECTION('',(1.,0.));
#2498 = ( GEOMETRIC_REPRESENTATION_CONTEXT(2) 
PARAMETRIC_REPRESENTATION_CONTEXT() REPRESENTATION_CONTEXT('2D SPACE',''
  ) );
#2499 = ORIENTED_EDGE('',*,*,#2500,.T.);
#2500 = EDGE_CURVE('',#2478,#2501,#2503,.T.);
#2501 = VERTEX_POINT('',#2502);
#2502 = CARTESIAN_POINT('',(3.5,40.,6.5));
#2503 = SURFACE_CURVE('',#2504,(#2508,#2515),.PCURVE_S1.);
#2504 = LINE('',#2505,#2506);
#2505 = CARTESIAN_POINT('',(3.5,40.,0.));
#2506 = VECTOR('',#2507,1.);
#2507 = DIRECTION('',(0.,0.,1.));
#2508 = PCURVE('',#840,#2509);
#2509 = DEFINITIONAL_REPRESENTATION('',(#2510),#2514);
#2510 = LINE('',#2511,#2512);
#2511 = CARTESIAN_POINT('',(1.9,0.));
#2512 = VECTOR('',#2513,1.);
#2513 = DIRECTION('',(0.,-1.));
#2514 = ( GEOMETRIC_REPRESENTATION_CONTEXT(2) 
PARAMETRIC_REPRESENTATION_CONTEXT() REPRESENTATION_CONTEXT('2D SPACE',''
  ) );
#2515 = PCURVE('',#2003,#2516);
#2516 = DEFINITIONAL_REPRESENTATION('',(#2517),#2521);
#2517 = LINE('',#2518,#2519);
#2518 = CARTESIAN_POINT('',(4.949747468306,0.));
#2519 = VECTOR('',#2520,1.);
#2520 = DIRECTION('',(0.,-1.));
#2521 = ( GEOMETRIC_REPRESENTATION_CONTEXT(2) 
PARAMETRIC_REPRESENTATION_CONTEXT() REPRESENTATION_CONTEXT('2D SPACE',''
  ) );
#2522 = ORIENTED_EDGE('',*,*,#2523,.T.);
#2523 = EDGE_CURVE('',#2501,#2292,#2524,.T.);
#2524 = SURFACE_CURVE('',#2525,(#2529,#2536),.PCURVE_S1.);
#2525 = LINE('',#2526,#2527);
#2526 = CARTESIAN_POINT('',(3.5,40.,6.5));
#2527 = VECTOR('',#2528,1.);
#2528 = DIRECTION('',(-1.,0.,0.));
#2529 = PCURVE('',#840,#2530);
#2530 = DEFINITIONAL_REPRESENTATION('',(#2531),#2535);
#2531 = LINE('',#2532,#2533);
#2532 = CARTESIAN_POINT('',(1.9,-6.5));
#2533 = VECTOR('',#2534,1.);
#2534 = DIRECTION('',(-1.,0.));
#2535 = ( GEOMETRIC_REPRESENTATION_CONTEXT(2) 
PARAMETRIC_REPRESENTATION_CONTEXT() REPRESENTATION_CONTEXT('2D SPACE',''
  ) );
#2536 = PCURVE('',#1975,#2537);
#2537 = DEFINITIONAL_REPRESENTATION('',(#2538),#2542);
#2538 = LINE('',#2539,#2540);
#2539 = CARTESIAN_POINT('',(2.262563132924,1.237436867076));
#2540 = VECTOR('',#2541,1.);
#2541 = DIRECTION('',(-1.,0.));
#2542 = ( GEOMETRIC_REPRESENTATION_CONTEXT(2) 
PARAMETRIC_REPRESENTATION_CONTEXT() REPRESENTATION_CONTEXT('2D SPACE',''
  ) );
#2543 = ORIENTED_EDGE('',*,*,#2291,.T.);
#2544 = ORIENTED_EDGE('',*,*,#826,.F.);
#2545 = ADVANCED_FACE('',(#2546),#893,.T.);
#2546 = FACE_BOUND('',#2547,.T.);
#2547 = EDGE_LOOP('',(#2548,#2571,#2599,#2627,#2650,#2673,#2694,#2695));
#2548 = ORIENTED_EDGE('',*,*,#2549,.F.);
#2549 = EDGE_CURVE('',#2550,#858,#2552,.T.);
#2550 = VERTEX_POINT('',#2551);
#2551 = CARTESIAN_POINT('',(66.4,0.,6.5));
#2552 = SURFACE_CURVE('',#2553,(#2557,#2564),.PCURVE_S1.);
#2553 = LINE('',#2554,#2555);
#2554 = CARTESIAN_POINT('',(66.4,0.,0.));
#2555 = VECTOR('',#2556,1.);
#2556 = DIRECTION('',(0.,0.,1.));
#2557 = PCURVE('',#893,#2558);
#2558 = DEFINITIONAL_REPRESENTATION('',(#2559),#2563);
#2559 = LINE('',#2560,#2561);
#2560 = CARTESIAN_POINT('',(64.8,0.));
#2561 = VECTOR('',#2562,1.);
#2562 = DIRECTION('',(0.,-1.));
#2563 = ( GEOMETRIC_REPRESENTATION_CONTEXT(2) 
PARAMETRIC_REPRESENTATION_CONTEXT() REPRESENTATION_CONTEXT('2D SPACE',''
  ) );
#2564 = PCURVE('',#1001,#2565);
#2565 = DEFINITIONAL_REPRESENTATION('',(#2566),#2570);
#2566 = LINE('',#2567,#2568);
#2567 = CARTESIAN_POINT('',(1.570796326795,0.));
#2568 = VECTOR('',#2569,1.);
#2569 = DIRECTION('',(-0.,-1.));
#2570 = ( GEOMETRIC_REPRESENTATION_CONTEXT(2) 
PARAMETRIC_REPRESENTATION_CONTEXT() REPRESENTATION_CONTEXT('2D SPACE',''
  ) );
#2571 = ORIENTED_EDGE('',*,*,#2572,.F.);
#2572 = EDGE_CURVE('',#2573,#2550,#2575,.T.);
#2573 = VERTEX_POINT('',#2574);
#2574 = CARTESIAN_POINT('',(64.5,0.,6.5));
#2575 = SURFACE_CURVE('',#2576,(#2580,#2587),.PCURVE_S1.);
#2576 = LINE('',#2577,#2578);
#2577 = CARTESIAN_POINT('',(64.5,0.,6.5));
#2578 = VECTOR('',#2579,1.);
#2579 = DIRECTION('',(1.,0.,0.));
#2580 = PCURVE('',#893,#2581);
#2581 = DEFINITIONAL_REPRESENTATION('',(#2582),#2586);
#2582 = LINE('',#2583,#2584);
#2583 = CARTESIAN_POINT('',(62.9,-6.5));
#2584 = VECTOR('',#2585,1.);
#2585 = DIRECTION('',(1.,0.));
#2586 = ( GEOMETRIC_REPRESENTATION_CONTEXT(2) 
PARAMETRIC_REPRESENTATION_CONTEXT() REPRESENTATION_CONTEXT('2D SPACE',''
  ) );
#2587 = PCURVE('',#2588,#2593);
#2588 = PLANE('',#2589);
#2589 = AXIS2_PLACEMENT_3D('',#2590,#2591,#2592);
#2590 = CARTESIAN_POINT('',(66.762563132924,1.237436867076,6.5));
#2591 = DIRECTION('',(0.,0.,1.));
#2592 = DIRECTION('',(1.,0.,-0.));
#2593 = DEFINITIONAL_REPRESENTATION('',(#2594),#2598);
#2594 = LINE('',#2595,#2596);
#2595 = CARTESIAN_POINT('',(-2.262563132924,-1.237436867076));
#2596 = VECTOR('',#2597,1.);
#2597 = DIRECTION('',(1.,0.));
#2598 = ( GEOMETRIC_REPRESENTATION_CONTEXT(2) 
PARAMETRIC_REPRESENTATION_CONTEXT() REPRESENTATION_CONTEXT('2D SPACE',''
  ) );
#2599 = ORIENTED_EDGE('',*,*,#2600,.F.);
#2600 = EDGE_CURVE('',#2601,#2573,#2603,.T.);
#2601 = VERTEX_POINT('',#2602);
#2602 = CARTESIAN_POINT('',(64.5,0.,0.));
#2603 = SURFACE_CURVE('',#2604,(#2608,#2615),.PCURVE_S1.);
#2604 = LINE('',#2605,#2606);
#2605 = CARTESIAN_POINT('',(64.5,0.,0.));
#2606 = VECTOR('',#2607,1.);
#2607 = DIRECTION('',(0.,0.,1.));
#2608 = PCURVE('',#893,#2609);
#2609 = DEFINITIONAL_REPRESENTATION('',(#2610),#2614);
#2610 = LINE('',#2611,#2612);
#2611 = CARTESIAN_POINT('',(62.9,0.));
#2612 = VECTOR('',#2613,1.);
#2613 = DIRECTION('',(0.,-1.));
#2614 = ( GEOMETRIC_REPRESENTATION_CONTEXT(2) 
PARAMETRIC_REPRESENTATION_CONTEXT() REPRESENTATION_CONTEXT('2D SPACE',''
  ) );
#2615 = PCURVE('',#2616,#2621);
#2616 = PLANE('',#2617);
#2617 = AXIS2_PLACEMENT_3D('',#2618,#2619,#2620);
#2618 = CARTESIAN_POINT('',(68.,3.5,0.));
#2619 = DIRECTION('',(0.707106781187,-0.707106781187,0.));
#2620 = DIRECTION('',(-0.707106781187,-0.707106781187,0.));
#2621 = DEFINITIONAL_REPRESENTATION('',(#2622),#2626);
#2622 = LINE('',#2623,#2624);
#2623 = CARTESIAN_POINT('',(4.949747468306,0.));
#2624 = VECTOR('',#2625,1.);
#2625 = DIRECTION('',(0.,-1.));
#2626 = ( GEOMETRIC_REPRESENTATION_CONTEXT(2) 
PARAMETRIC_REPRESENTATION_CONTEXT() REPRESENTATION_CONTEXT('2D SPACE',''
  ) );
#2627 = ORIENTED_EDGE('',*,*,#2628,.F.);
#2628 = EDGE_CURVE('',#2629,#2601,#2631,.T.);
#2629 = VERTEX_POINT('',#2630);
#2630 = CARTESIAN_POINT('',(3.5,0.,0.));
#2631 = SURFACE_CURVE('',#2632,(#2636,#2643),.PCURVE_S1.);
#2632 = LINE('',#2633,#2634);
#2633 = CARTESIAN_POINT('',(34.,1.104893954107E-12,0.));
#2634 = VECTOR('',#2635,1.);
#2635 = DIRECTION('',(1.,0.,0.));
#2636 = PCURVE('',#893,#2637);
#2637 = DEFINITIONAL_REPRESENTATION('',(#2638),#2642);
#2638 = LINE('',#2639,#2640);
#2639 = CARTESIAN_POINT('',(32.4,0.));
#2640 = VECTOR('',#2641,1.);
#2641 = DIRECTION('',(1.,0.));
#2642 = ( GEOMETRIC_REPRESENTATION_CONTEXT(2) 
PARAMETRIC_REPRESENTATION_CONTEXT() REPRESENTATION_CONTEXT('2D SPACE',''
  ) );
#2643 = PCURVE('',#2031,#2644);
#2644 = DEFINITIONAL_REPRESENTATION('',(#2645),#2649);
#2645 = LINE('',#2646,#2647);
#2646 = CARTESIAN_POINT('',(0.,-19.99999999884));
#2647 = VECTOR('',#2648,1.);
#2648 = DIRECTION('',(1.,0.));
#2649 = ( GEOMETRIC_REPRESENTATION_CONTEXT(2) 
PARAMETRIC_REPRESENTATION_CONTEXT() REPRESENTATION_CONTEXT('2D SPACE',''
  ) );
#2650 = ORIENTED_EDGE('',*,*,#2651,.T.);
#2651 = EDGE_CURVE('',#2629,#2652,#2654,.T.);
#2652 = VERTEX_POINT('',#2653);
#2653 = CARTESIAN_POINT('',(3.5,0.,6.5));
#2654 = SURFACE_CURVE('',#2655,(#2659,#2666),.PCURVE_S1.);
#2655 = LINE('',#2656,#2657);
#2656 = CARTESIAN_POINT('',(3.5,0.,0.));
#2657 = VECTOR('',#2658,1.);
#2658 = DIRECTION('',(0.,0.,1.));
#2659 = PCURVE('',#893,#2660);
#2660 = DEFINITIONAL_REPRESENTATION('',(#2661),#2665);
#2661 = LINE('',#2662,#2663);
#2662 = CARTESIAN_POINT('',(1.9,0.));
#2663 = VECTOR('',#2664,1.);
#2664 = DIRECTION('',(0.,-1.));
#2665 = ( GEOMETRIC_REPRESENTATION_CONTEXT(2) 
PARAMETRIC_REPRESENTATION_CONTEXT() REPRESENTATION_CONTEXT('2D SPACE',''
  ) );
#2666 = PCURVE('',#2059,#2667);
#2667 = DEFINITIONAL_REPRESENTATION('',(#2668),#2672);
#2668 = LINE('',#2669,#2670);
#2669 = CARTESIAN_POINT('',(0.,0.));
#2670 = VECTOR('',#2671,1.);
#2671 = DIRECTION('',(0.,-1.));
#2672 = ( GEOMETRIC_REPRESENTATION_CONTEXT(2) 
PARAMETRIC_REPRESENTATION_CONTEXT() REPRESENTATION_CONTEXT('2D SPACE',''
  ) );
#2673 = ORIENTED_EDGE('',*,*,#2674,.F.);
#2674 = EDGE_CURVE('',#2347,#2652,#2675,.T.);
#2675 = SURFACE_CURVE('',#2676,(#2680,#2687),.PCURVE_S1.);
#2676 = LINE('',#2677,#2678);
#2677 = CARTESIAN_POINT('',(0.,0.,6.5));
#2678 = VECTOR('',#2679,1.);
#2679 = DIRECTION('',(1.,0.,0.));
#2680 = PCURVE('',#893,#2681);
#2681 = DEFINITIONAL_REPRESENTATION('',(#2682),#2686);
#2682 = LINE('',#2683,#2684);
#2683 = CARTESIAN_POINT('',(-1.6,-6.5));
#2684 = VECTOR('',#2685,1.);
#2685 = DIRECTION('',(1.,0.));
#2686 = ( GEOMETRIC_REPRESENTATION_CONTEXT(2) 
PARAMETRIC_REPRESENTATION_CONTEXT() REPRESENTATION_CONTEXT('2D SPACE',''
  ) );
#2687 = PCURVE('',#2085,#2688);
#2688 = DEFINITIONAL_REPRESENTATION('',(#2689),#2693);
#2689 = LINE('',#2690,#2691);
#2690 = CARTESIAN_POINT('',(-1.237436867076,-1.237436867076));
#2691 = VECTOR('',#2692,1.);
#2692 = DIRECTION('',(1.,0.));
#2693 = ( GEOMETRIC_REPRESENTATION_CONTEXT(2) 
PARAMETRIC_REPRESENTATION_CONTEXT() REPRESENTATION_CONTEXT('2D SPACE',''
  ) );
#2694 = ORIENTED_EDGE('',*,*,#2374,.T.);
#2695 = ORIENTED_EDGE('',*,*,#879,.T.);
#2696 = ADVANCED_FACE('',(#2697),#947,.F.);
#2697 = FACE_BOUND('',#2698,.F.);
#2698 = EDGE_LOOP('',(#2699,#2700,#2723,#2749));
#2699 = ORIENTED_EDGE('',*,*,#932,.F.);
#2700 = ORIENTED_EDGE('',*,*,#2701,.F.);
#2701 = EDGE_CURVE('',#2702,#909,#2704,.T.);
#2702 = VERTEX_POINT('',#2703);
#2703 = CARTESIAN_POINT('',(68.,38.399999994105,6.5));
#2704 = SURFACE_CURVE('',#2705,(#2709,#2716),.PCURVE_S1.);
#2705 = LINE('',#2706,#2707);
#2706 = CARTESIAN_POINT('',(68.,38.399999994105,0.));
#2707 = VECTOR('',#2708,1.);
#2708 = DIRECTION('',(0.,0.,1.));
#2709 = PCURVE('',#947,#2710);
#2710 = DEFINITIONAL_REPRESENTATION('',(#2711),#2715);
#2711 = LINE('',#2712,#2713);
#2712 = CARTESIAN_POINT('',(6.28318530718,0.));
#2713 = VECTOR('',#2714,1.);
#2714 = DIRECTION('',(-0.,-1.));
#2715 = ( GEOMETRIC_REPRESENTATION_CONTEXT(2) 
PARAMETRIC_REPRESENTATION_CONTEXT() REPRESENTATION_CONTEXT('2D SPACE',''
  ) );
#2716 = PCURVE('',#1033,#2717);
#2717 = DEFINITIONAL_REPRESENTATION('',(#2718),#2722);
#2718 = LINE('',#2719,#2720);
#2719 = CARTESIAN_POINT('',(36.799999994106,0.));
#2720 = VECTOR('',#2721,1.);
#2721 = DIRECTION('',(0.,-1.));
#2722 = ( GEOMETRIC_REPRESENTATION_CONTEXT(2) 
PARAMETRIC_REPRESENTATION_CONTEXT() REPRESENTATION_CONTEXT('2D SPACE',''
  ) );
#2723 = ORIENTED_EDGE('',*,*,#2724,.F.);
#2724 = EDGE_CURVE('',#2399,#2702,#2725,.T.);
#2725 = SURFACE_CURVE('',#2726,(#2731,#2738),.PCURVE_S1.);
#2726 = CIRCLE('',#2727,1.6);
#2727 = AXIS2_PLACEMENT_3D('',#2728,#2729,#2730);
#2728 = CARTESIAN_POINT('',(66.4,38.399999994105,6.5));
#2729 = DIRECTION('',(0.,0.,-1.));
#2730 = DIRECTION('',(1.,0.,0.));
#2731 = PCURVE('',#947,#2732);
#2732 = DEFINITIONAL_REPRESENTATION('',(#2733),#2737);
#2733 = LINE('',#2734,#2735);
#2734 = CARTESIAN_POINT('',(-4.138911435803E-13,-6.5));
#2735 = VECTOR('',#2736,1.);
#2736 = DIRECTION('',(1.,-0.));
#2737 = ( GEOMETRIC_REPRESENTATION_CONTEXT(2) 
PARAMETRIC_REPRESENTATION_CONTEXT() REPRESENTATION_CONTEXT('2D SPACE',''
  ) );
#2738 = PCURVE('',#2437,#2739);
#2739 = DEFINITIONAL_REPRESENTATION('',(#2740),#2748);
#2740 = ( BOUNDED_CURVE() B_SPLINE_CURVE(2,(#2741,#2742,#2743,#2744,
#2745,#2746,#2747),.UNSPECIFIED.,.T.,.F.) B_SPLINE_CURVE_WITH_KNOTS((1,2
    ,2,2,2,1),(-2.094395102393,0.,2.094395102393,4.188790204786,
6.28318530718,8.377580409573),.UNSPECIFIED.) CURVE() 
GEOMETRIC_REPRESENTATION_ITEM() RATIONAL_B_SPLINE_CURVE((1.,0.5,1.,0.5,
1.,0.5,1.)) REPRESENTATION_ITEM('') );
#2741 = CARTESIAN_POINT('',(1.237436867076,-0.362563138819));
#2742 = CARTESIAN_POINT('',(1.237436867076,-3.133844430929));
#2743 = CARTESIAN_POINT('',(-1.162563132924,-1.748203784874));
#2744 = CARTESIAN_POINT('',(-3.562563132924,-0.362563138819));
#2745 = CARTESIAN_POINT('',(-1.162563132924,1.023077507236));
#2746 = CARTESIAN_POINT('',(1.237436867076,2.408718153291));
#2747 = CARTESIAN_POINT('',(1.237436867076,-0.362563138819));
#2748 = ( GEOMETRIC_REPRESENTATION_CONTEXT(2) 
PARAMETRIC_REPRESENTATION_CONTEXT() REPRESENTATION_CONTEXT('2D SPACE',''
  ) );
#2749 = ORIENTED_EDGE('',*,*,#2398,.T.);
#2750 = ADVANCED_FACE('',(#2751),#1001,.F.);
#2751 = FACE_BOUND('',#2752,.F.);
#2752 = EDGE_LOOP('',(#2753,#2754,#2755,#2783));
#2753 = ORIENTED_EDGE('',*,*,#986,.F.);
#2754 = ORIENTED_EDGE('',*,*,#2549,.F.);
#2755 = ORIENTED_EDGE('',*,*,#2756,.F.);
#2756 = EDGE_CURVE('',#2757,#2550,#2759,.T.);
#2757 = VERTEX_POINT('',#2758);
#2758 = CARTESIAN_POINT('',(68.,1.599999999999,6.5));
#2759 = SURFACE_CURVE('',#2760,(#2765,#2772),.PCURVE_S1.);
#2760 = CIRCLE('',#2761,1.6);
#2761 = AXIS2_PLACEMENT_3D('',#2762,#2763,#2764);
#2762 = CARTESIAN_POINT('',(66.4,1.599999999999,6.5));
#2763 = DIRECTION('',(0.,0.,-1.));
#2764 = DIRECTION('',(1.,0.,0.));
#2765 = PCURVE('',#1001,#2766);
#2766 = DEFINITIONAL_REPRESENTATION('',(#2767),#2771);
#2767 = LINE('',#2768,#2769);
#2768 = CARTESIAN_POINT('',(-4.138911435803E-13,-6.5));
#2769 = VECTOR('',#2770,1.);
#2770 = DIRECTION('',(1.,-0.));
#2771 = ( GEOMETRIC_REPRESENTATION_CONTEXT(2) 
PARAMETRIC_REPRESENTATION_CONTEXT() REPRESENTATION_CONTEXT('2D SPACE',''
  ) );
#2772 = PCURVE('',#2588,#2773);
#2773 = DEFINITIONAL_REPRESENTATION('',(#2774),#2782);
#2774 = ( BOUNDED_CURVE() B_SPLINE_CURVE(2,(#2775,#2776,#2777,#2778,
#2779,#2780,#2781),.UNSPECIFIED.,.T.,.F.) B_SPLINE_CURVE_WITH_KNOTS((1,2
    ,2,2,2,1),(-2.094395102393,0.,2.094395102393,4.188790204786,
6.28318530718,8.377580409573),.UNSPECIFIED.) CURVE() 
GEOMETRIC_REPRESENTATION_ITEM() RATIONAL_B_SPLINE_CURVE((1.,0.5,1.,0.5,
1.,0.5,1.)) REPRESENTATION_ITEM('') );
#2775 = CARTESIAN_POINT('',(1.237436867076,0.362563132923));
#2776 = CARTESIAN_POINT('',(1.237436867076,-2.408718159187));
#2777 = CARTESIAN_POINT('',(-1.162563132924,-1.023077513132));
#2778 = CARTESIAN_POINT('',(-3.562563132924,0.362563132923));
#2779 = CARTESIAN_POINT('',(-1.162563132924,1.748203778978));
#2780 = CARTESIAN_POINT('',(1.237436867076,3.133844425033));
#2781 = CARTESIAN_POINT('',(1.237436867076,0.362563132923));
#2782 = ( GEOMETRIC_REPRESENTATION_CONTEXT(2) 
PARAMETRIC_REPRESENTATION_CONTEXT() REPRESENTATION_CONTEXT('2D SPACE',''
  ) );
#2783 = ORIENTED_EDGE('',*,*,#2784,.T.);
#2784 = EDGE_CURVE('',#2757,#965,#2785,.T.);
#2785 = SURFACE_CURVE('',#2786,(#2790,#2797),.PCURVE_S1.);
#2786 = LINE('',#2787,#2788);
#2787 = CARTESIAN_POINT('',(68.,1.599999999999,0.));
#2788 = VECTOR('',#2789,1.);
#2789 = DIRECTION('',(0.,0.,1.));
#2790 = PCURVE('',#1001,#2791);
#2791 = DEFINITIONAL_REPRESENTATION('',(#2792),#2796);
#2792 = LINE('',#2793,#2794);
#2793 = CARTESIAN_POINT('',(-4.138911435803E-13,0.));
#2794 = VECTOR('',#2795,1.);
#2795 = DIRECTION('',(-0.,-1.));
#2796 = ( GEOMETRIC_REPRESENTATION_CONTEXT(2) 
PARAMETRIC_REPRESENTATION_CONTEXT() REPRESENTATION_CONTEXT('2D SPACE',''
  ) );
#2797 = PCURVE('',#1033,#2798);
#2798 = DEFINITIONAL_REPRESENTATION('',(#2799),#2803);
#2799 = LINE('',#2800,#2801);
#2800 = CARTESIAN_POINT('',(0.,0.));
#2801 = VECTOR('',#2802,1.);
#2802 = DIRECTION('',(0.,-1.));
#2803 = ( GEOMETRIC_REPRESENTATION_CONTEXT(2) 
PARAMETRIC_REPRESENTATION_CONTEXT() REPRESENTATION_CONTEXT('2D SPACE',''
  ) );
#2804 = ADVANCED_FACE('',(#2805),#1033,.T.);
#2805 = FACE_BOUND('',#2806,.T.);
#2806 = EDGE_LOOP('',(#2807,#2808,#2831,#2854,#2877,#2900,#2921,#2922));
#2807 = ORIENTED_EDGE('',*,*,#2701,.F.);
#2808 = ORIENTED_EDGE('',*,*,#2809,.F.);
#2809 = EDGE_CURVE('',#2810,#2702,#2812,.T.);
#2810 = VERTEX_POINT('',#2811);
#2811 = CARTESIAN_POINT('',(68.,36.5,6.5));
#2812 = SURFACE_CURVE('',#2813,(#2817,#2824),.PCURVE_S1.);
#2813 = LINE('',#2814,#2815);
#2814 = CARTESIAN_POINT('',(68.,36.5,6.5));
#2815 = VECTOR('',#2816,1.);
#2816 = DIRECTION('',(0.,1.,0.));
#2817 = PCURVE('',#1033,#2818);
#2818 = DEFINITIONAL_REPRESENTATION('',(#2819),#2823);
#2819 = LINE('',#2820,#2821);
#2820 = CARTESIAN_POINT('',(34.900000000001,-6.5));
#2821 = VECTOR('',#2822,1.);
#2822 = DIRECTION('',(1.,0.));
#2823 = ( GEOMETRIC_REPRESENTATION_CONTEXT(2) 
PARAMETRIC_REPRESENTATION_CONTEXT() REPRESENTATION_CONTEXT('2D SPACE',''
  ) );
#2824 = PCURVE('',#2437,#2825);
#2825 = DEFINITIONAL_REPRESENTATION('',(#2826),#2830);
#2826 = LINE('',#2827,#2828);
#2827 = CARTESIAN_POINT('',(1.237436867076,-2.262563132924));
#2828 = VECTOR('',#2829,1.);
#2829 = DIRECTION('',(0.,1.));
#2830 = ( GEOMETRIC_REPRESENTATION_CONTEXT(2) 
PARAMETRIC_REPRESENTATION_CONTEXT() REPRESENTATION_CONTEXT('2D SPACE',''
  ) );
#2831 = ORIENTED_EDGE('',*,*,#2832,.F.);
#2832 = EDGE_CURVE('',#2833,#2810,#2835,.T.);
#2833 = VERTEX_POINT('',#2834);
#2834 = CARTESIAN_POINT('',(68.,36.5,0.));
#2835 = SURFACE_CURVE('',#2836,(#2840,#2847),.PCURVE_S1.);
#2836 = LINE('',#2837,#2838);
#2837 = CARTESIAN_POINT('',(68.,36.5,0.));
#2838 = VECTOR('',#2839,1.);
#2839 = DIRECTION('',(0.,0.,1.));
#2840 = PCURVE('',#1033,#2841);
#2841 = DEFINITIONAL_REPRESENTATION('',(#2842),#2846);
#2842 = LINE('',#2843,#2844);
#2843 = CARTESIAN_POINT('',(34.900000000001,0.));
#2844 = VECTOR('',#2845,1.);
#2845 = DIRECTION('',(0.,-1.));
#2846 = ( GEOMETRIC_REPRESENTATION_CONTEXT(2) 
PARAMETRIC_REPRESENTATION_CONTEXT() REPRESENTATION_CONTEXT('2D SPACE',''
  ) );
#2847 = PCURVE('',#2465,#2848);
#2848 = DEFINITIONAL_REPRESENTATION('',(#2849),#2853);
#2849 = LINE('',#2850,#2851);
#2850 = CARTESIAN_POINT('',(4.949747468306,0.));
#2851 = VECTOR('',#2852,1.);
#2852 = DIRECTION('',(0.,-1.));
#2853 = ( GEOMETRIC_REPRESENTATION_CONTEXT(2) 
PARAMETRIC_REPRESENTATION_CONTEXT() REPRESENTATION_CONTEXT('2D SPACE',''
  ) );
#2854 = ORIENTED_EDGE('',*,*,#2855,.F.);
#2855 = EDGE_CURVE('',#2856,#2833,#2858,.T.);
#2856 = VERTEX_POINT('',#2857);
#2857 = CARTESIAN_POINT('',(68.,3.5,0.));
#2858 = SURFACE_CURVE('',#2859,(#2863,#2870),.PCURVE_S1.);
#2859 = LINE('',#2860,#2861);
#2860 = CARTESIAN_POINT('',(68.,20.000000000001,0.));
#2861 = VECTOR('',#2862,1.);
#2862 = DIRECTION('',(0.,1.,0.));
#2863 = PCURVE('',#1033,#2864);
#2864 = DEFINITIONAL_REPRESENTATION('',(#2865),#2869);
#2865 = LINE('',#2866,#2867);
#2866 = CARTESIAN_POINT('',(18.400000000002,0.));
#2867 = VECTOR('',#2868,1.);
#2868 = DIRECTION('',(1.,0.));
#2869 = ( GEOMETRIC_REPRESENTATION_CONTEXT(2) 
PARAMETRIC_REPRESENTATION_CONTEXT() REPRESENTATION_CONTEXT('2D SPACE',''
  ) );
#2870 = PCURVE('',#2031,#2871);
#2871 = DEFINITIONAL_REPRESENTATION('',(#2872),#2876);
#2872 = LINE('',#2873,#2874);
#2873 = CARTESIAN_POINT('',(34.,1.155999740377E-09));
#2874 = VECTOR('',#2875,1.);
#2875 = DIRECTION('',(0.,1.));
#2876 = ( GEOMETRIC_REPRESENTATION_CONTEXT(2) 
PARAMETRIC_REPRESENTATION_CONTEXT() REPRESENTATION_CONTEXT('2D SPACE',''
  ) );
#2877 = ORIENTED_EDGE('',*,*,#2878,.T.);
#2878 = EDGE_CURVE('',#2856,#2879,#2881,.T.);
#2879 = VERTEX_POINT('',#2880);
#2880 = CARTESIAN_POINT('',(68.,3.5,6.5));
#2881 = SURFACE_CURVE('',#2882,(#2886,#2893),.PCURVE_S1.);
#2882 = LINE('',#2883,#2884);
#2883 = CARTESIAN_POINT('',(68.,3.5,0.));
#2884 = VECTOR('',#2885,1.);
#2885 = DIRECTION('',(0.,0.,1.));
#2886 = PCURVE('',#1033,#2887);
#2887 = DEFINITIONAL_REPRESENTATION('',(#2888),#2892);
#2888 = LINE('',#2889,#2890);
#2889 = CARTESIAN_POINT('',(1.900000000001,0.));
#2890 = VECTOR('',#2891,1.);
#2891 = DIRECTION('',(0.,-1.));
#2892 = ( GEOMETRIC_REPRESENTATION_CONTEXT(2) 
PARAMETRIC_REPRESENTATION_CONTEXT() REPRESENTATION_CONTEXT('2D SPACE',''
  ) );
#2893 = PCURVE('',#2616,#2894);
#2894 = DEFINITIONAL_REPRESENTATION('',(#2895),#2899);
#2895 = LINE('',#2896,#2897);
#2896 = CARTESIAN_POINT('',(0.,0.));
#2897 = VECTOR('',#2898,1.);
#2898 = DIRECTION('',(0.,-1.));
#2899 = ( GEOMETRIC_REPRESENTATION_CONTEXT(2) 
PARAMETRIC_REPRESENTATION_CONTEXT() REPRESENTATION_CONTEXT('2D SPACE',''
  ) );
#2900 = ORIENTED_EDGE('',*,*,#2901,.F.);
#2901 = EDGE_CURVE('',#2757,#2879,#2902,.T.);
#2902 = SURFACE_CURVE('',#2903,(#2907,#2914),.PCURVE_S1.);
#2903 = LINE('',#2904,#2905);
#2904 = CARTESIAN_POINT('',(68.,0.,6.5));
#2905 = VECTOR('',#2906,1.);
#2906 = DIRECTION('',(0.,1.,0.));
#2907 = PCURVE('',#1033,#2908);
#2908 = DEFINITIONAL_REPRESENTATION('',(#2909),#2913);
#2909 = LINE('',#2910,#2911);
#2910 = CARTESIAN_POINT('',(-1.599999999999,-6.5));
#2911 = VECTOR('',#2912,1.);
#2912 = DIRECTION('',(1.,0.));
#2913 = ( GEOMETRIC_REPRESENTATION_CONTEXT(2) 
PARAMETRIC_REPRESENTATION_CONTEXT() REPRESENTATION_CONTEXT('2D SPACE',''
  ) );
#2914 = PCURVE('',#2588,#2915);
#2915 = DEFINITIONAL_REPRESENTATION('',(#2916),#2920);
#2916 = LINE('',#2917,#2918);
#2917 = CARTESIAN_POINT('',(1.237436867076,-1.237436867076));
#2918 = VECTOR('',#2919,1.);
#2919 = DIRECTION('',(0.,1.));
#2920 = ( GEOMETRIC_REPRESENTATION_CONTEXT(2) 
PARAMETRIC_REPRESENTATION_CONTEXT() REPRESENTATION_CONTEXT('2D SPACE',''
  ) );
#2921 = ORIENTED_EDGE('',*,*,#2784,.T.);
#2922 = ORIENTED_EDGE('',*,*,#1019,.T.);
#2923 = ADVANCED_FACE('',(#2924),#1109,.F.);
#2924 = FACE_BOUND('',#2925,.T.);
#2925 = EDGE_LOOP('',(#2926,#2948,#2949,#2971));
#2926 = ORIENTED_EDGE('',*,*,#2927,.F.);
#2927 = EDGE_CURVE('',#1049,#2928,#2930,.T.);
#2928 = VERTEX_POINT('',#2929);
#2929 = CARTESIAN_POINT('',(-2.,1.6,-2.4));
#2930 = SURFACE_CURVE('',#2931,(#2935,#2942),.PCURVE_S1.);
#2931 = LINE('',#2932,#2933);
#2932 = CARTESIAN_POINT('',(-2.2,1.6,-2.2));
#2933 = VECTOR('',#2934,1.);
#2934 = DIRECTION('',(0.707106781187,0.,-0.707106781187));
#2935 = PCURVE('',#1109,#2936);
#2936 = DEFINITIONAL_REPRESENTATION('',(#2937),#2941);
#2937 = LINE('',#2938,#2939);
#2938 = CARTESIAN_POINT('',(0.,0.));
#2939 = VECTOR('',#2940,1.);
#2940 = DIRECTION('',(0.,1.));
#2941 = ( GEOMETRIC_REPRESENTATION_CONTEXT(2) 
PARAMETRIC_REPRESENTATION_CONTEXT() REPRESENTATION_CONTEXT('2D SPACE',''
  ) );
#2942 = PCURVE('',#1894,#2943);
#2943 = DEFINITIONAL_REPRESENTATION('',(#2944),#2947);
#2944 = B_SPLINE_CURVE_WITH_KNOTS('',1,(#2945,#2946),.UNSPECIFIED.,.F.,
  .F.,(2,2),(-0.282842712475,0.282842712475),.PIECEWISE_BEZIER_KNOTS.);
#2945 = CARTESIAN_POINT('',(4.712388980385,0.));
#2946 = CARTESIAN_POINT('',(4.712388980385,-0.4));
#2947 = ( GEOMETRIC_REPRESENTATION_CONTEXT(2) 
PARAMETRIC_REPRESENTATION_CONTEXT() REPRESENTATION_CONTEXT('2D SPACE',''
  ) );
#2948 = ORIENTED_EDGE('',*,*,#1095,.T.);
#2949 = ORIENTED_EDGE('',*,*,#2950,.T.);
#2950 = EDGE_CURVE('',#1073,#2951,#2953,.T.);
#2951 = VERTEX_POINT('',#2952);
#2952 = CARTESIAN_POINT('',(-2.,38.399999996905,-2.4));
#2953 = SURFACE_CURVE('',#2954,(#2958,#2965),.PCURVE_S1.);
#2954 = LINE('',#2955,#2956);
#2955 = CARTESIAN_POINT('',(-2.2,38.399999996905,-2.2));
#2956 = VECTOR('',#2957,1.);
#2957 = DIRECTION('',(0.707106781187,0.,-0.707106781187));
#2958 = PCURVE('',#1109,#2959);
#2959 = DEFINITIONAL_REPRESENTATION('',(#2960),#2964);
#2960 = LINE('',#2961,#2962);
#2961 = CARTESIAN_POINT('',(-36.7999999969,0.));
#2962 = VECTOR('',#2963,1.);
#2963 = DIRECTION('',(0.,1.));
#2964 = ( GEOMETRIC_REPRESENTATION_CONTEXT(2) 
PARAMETRIC_REPRESENTATION_CONTEXT() REPRESENTATION_CONTEXT('2D SPACE',''
  ) );
#2965 = PCURVE('',#1371,#2966);
#2966 = DEFINITIONAL_REPRESENTATION('',(#2967),#2970);
#2967 = B_SPLINE_CURVE_WITH_KNOTS('',1,(#2968,#2969),.UNSPECIFIED.,.F.,
  .F.,(2,2),(-0.282842712475,0.282842712475),.PIECEWISE_BEZIER_KNOTS.);
#2968 = CARTESIAN_POINT('',(6.28318530718,0.));
#2969 = CARTESIAN_POINT('',(6.28318530718,-0.4));
#2970 = ( GEOMETRIC_REPRESENTATION_CONTEXT(2) 
PARAMETRIC_REPRESENTATION_CONTEXT() REPRESENTATION_CONTEXT('2D SPACE',''
  ) );
#2971 = ORIENTED_EDGE('',*,*,#2972,.F.);
#2972 = EDGE_CURVE('',#2928,#2951,#2973,.T.);
#2973 = SURFACE_CURVE('',#2974,(#2978,#2985),.PCURVE_S1.);
#2974 = LINE('',#2975,#2976);
#2975 = CARTESIAN_POINT('',(-2.,1.6,-2.4));
#2976 = VECTOR('',#2977,1.);
#2977 = DIRECTION('',(0.,1.,0.));
#2978 = PCURVE('',#1109,#2979);
#2979 = DEFINITIONAL_REPRESENTATION('',(#2980),#2984);
#2980 = LINE('',#2981,#2982);
#2981 = CARTESIAN_POINT('',(0.,0.282842712475));
#2982 = VECTOR('',#2983,1.);
#2983 = DIRECTION('',(-1.,0.));
#2984 = ( GEOMETRIC_REPRESENTATION_CONTEXT(2) 
PARAMETRIC_REPRESENTATION_CONTEXT() REPRESENTATION_CONTEXT('2D SPACE',''
  ) );
#2985 = PCURVE('',#2986,#2991);
#2986 = PLANE('',#2987);
#2987 = AXIS2_PLACEMENT_3D('',#2988,#2989,#2990);
#2988 = CARTESIAN_POINT('',(34.,19.999999999332,-2.4));
#2989 = DIRECTION('',(0.,0.,1.));
#2990 = DIRECTION('',(1.,0.,-0.));
#2991 = DEFINITIONAL_REPRESENTATION('',(#2992),#2996);
#2992 = LINE('',#2993,#2994);
#2993 = CARTESIAN_POINT('',(-36.,-18.39999999933));
#2994 = VECTOR('',#2995,1.);
#2995 = DIRECTION('',(0.,1.));
#2996 = ( GEOMETRIC_REPRESENTATION_CONTEXT(2) 
PARAMETRIC_REPRESENTATION_CONTEXT() REPRESENTATION_CONTEXT('2D SPACE',''
  ) );
#2997 = ADVANCED_FACE('',(#2998),#1141,.F.);
#2998 = FACE_BOUND('',#2999,.F.);
#2999 = EDGE_LOOP('',(#3000,#3001,#3022,#3023));
#3000 = ORIENTED_EDGE('',*,*,#1123,.F.);
#3001 = ORIENTED_EDGE('',*,*,#3002,.T.);
#3002 = EDGE_CURVE('',#1124,#2100,#3003,.T.);
#3003 = SURFACE_CURVE('',#3004,(#3008,#3015),.PCURVE_S1.);
#3004 = LINE('',#3005,#3006);
#3005 = CARTESIAN_POINT('',(-3.4,7.96,12.459999987493));
#3006 = VECTOR('',#3007,1.);
#3007 = DIRECTION('',(1.,0.,0.));
#3008 = PCURVE('',#1141,#3009);
#3009 = DEFINITIONAL_REPRESENTATION('',(#3010),#3014);
#3010 = LINE('',#3011,#3012);
#3011 = CARTESIAN_POINT('',(0.,0.));
#3012 = VECTOR('',#3013,1.);
#3013 = DIRECTION('',(0.,-1.));
#3014 = ( GEOMETRIC_REPRESENTATION_CONTEXT(2) 
PARAMETRIC_REPRESENTATION_CONTEXT() REPRESENTATION_CONTEXT('2D SPACE',''
  ) );
#3015 = PCURVE('',#1170,#3016);
#3016 = DEFINITIONAL_REPRESENTATION('',(#3017),#3021);
#3017 = LINE('',#3018,#3019);
#3018 = CARTESIAN_POINT('',(6.28318530718,0.));
#3019 = VECTOR('',#3020,1.);
#3020 = DIRECTION('',(0.,-1.));
#3021 = ( GEOMETRIC_REPRESENTATION_CONTEXT(2) 
PARAMETRIC_REPRESENTATION_CONTEXT() REPRESENTATION_CONTEXT('2D SPACE',''
  ) );
#3022 = ORIENTED_EDGE('',*,*,#2099,.T.);
#3023 = ORIENTED_EDGE('',*,*,#3024,.F.);
#3024 = EDGE_CURVE('',#1126,#2102,#3025,.T.);
#3025 = SURFACE_CURVE('',#3026,(#3030,#3037),.PCURVE_S1.);
#3026 = LINE('',#3027,#3028);
#3027 = CARTESIAN_POINT('',(-3.4,7.96,14.459999952927));
#3028 = VECTOR('',#3029,1.);
#3029 = DIRECTION('',(1.,0.,0.));
#3030 = PCURVE('',#1141,#3031);
#3031 = DEFINITIONAL_REPRESENTATION('',(#3032),#3036);
#3032 = LINE('',#3033,#3034);
#3033 = CARTESIAN_POINT('',(1.999999965434,0.));
#3034 = VECTOR('',#3035,1.);
#3035 = DIRECTION('',(0.,-1.));
#3036 = ( GEOMETRIC_REPRESENTATION_CONTEXT(2) 
PARAMETRIC_REPRESENTATION_CONTEXT() REPRESENTATION_CONTEXT('2D SPACE',''
  ) );
#3037 = PCURVE('',#1339,#3038);
#3038 = DEFINITIONAL_REPRESENTATION('',(#3039),#3043);
#3039 = LINE('',#3040,#3041);
#3040 = CARTESIAN_POINT('',(0.,0.));
#3041 = VECTOR('',#3042,1.);
#3042 = DIRECTION('',(0.,-1.));
#3043 = ( GEOMETRIC_REPRESENTATION_CONTEXT(2) 
PARAMETRIC_REPRESENTATION_CONTEXT() REPRESENTATION_CONTEXT('2D SPACE',''
  ) );
#3044 = ADVANCED_FACE('',(#3045),#1339,.F.);
#3045 = FACE_BOUND('',#3046,.F.);
#3046 = EDGE_LOOP('',(#3047,#3048,#3049,#3050));
#3047 = ORIENTED_EDGE('',*,*,#1324,.F.);
#3048 = ORIENTED_EDGE('',*,*,#3024,.T.);
#3049 = ORIENTED_EDGE('',*,*,#2265,.T.);
#3050 = ORIENTED_EDGE('',*,*,#3051,.F.);
#3051 = EDGE_CURVE('',#1297,#2243,#3052,.T.);
#3052 = SURFACE_CURVE('',#3053,(#3057,#3064),.PCURVE_S1.);
#3053 = LINE('',#3054,#3055);
#3054 = CARTESIAN_POINT('',(-3.4,10.96,17.459999982717));
#3055 = VECTOR('',#3056,1.);
#3056 = DIRECTION('',(1.,0.,0.));
#3057 = PCURVE('',#1339,#3058);
#3058 = DEFINITIONAL_REPRESENTATION('',(#3059),#3063);
#3059 = LINE('',#3060,#3061);
#3060 = CARTESIAN_POINT('',(1.570796326795,0.));
#3061 = VECTOR('',#3062,1.);
#3062 = DIRECTION('',(0.,-1.));
#3063 = ( GEOMETRIC_REPRESENTATION_CONTEXT(2) 
PARAMETRIC_REPRESENTATION_CONTEXT() REPRESENTATION_CONTEXT('2D SPACE',''
  ) );
#3064 = PCURVE('',#1312,#3065);
#3065 = DEFINITIONAL_REPRESENTATION('',(#3066),#3070);
#3066 = LINE('',#3067,#3068);
#3067 = CARTESIAN_POINT('',(0.,0.));
#3068 = VECTOR('',#3069,1.);
#3069 = DIRECTION('',(0.,-1.));
#3070 = ( GEOMETRIC_REPRESENTATION_CONTEXT(2) 
PARAMETRIC_REPRESENTATION_CONTEXT() REPRESENTATION_CONTEXT('2D SPACE',''
  ) );
#3071 = ADVANCED_FACE('',(#3072),#1312,.F.);
#3072 = FACE_BOUND('',#3073,.F.);
#3073 = EDGE_LOOP('',(#3074,#3075,#3076,#3077));
#3074 = ORIENTED_EDGE('',*,*,#1296,.F.);
#3075 = ORIENTED_EDGE('',*,*,#3051,.T.);
#3076 = ORIENTED_EDGE('',*,*,#2242,.T.);
#3077 = ORIENTED_EDGE('',*,*,#3078,.F.);
#3078 = EDGE_CURVE('',#1268,#2219,#3079,.T.);
#3079 = SURFACE_CURVE('',#3080,(#3084,#3091),.PCURVE_S1.);
#3080 = LINE('',#3081,#3082);
#3081 = CARTESIAN_POINT('',(-3.4,17.96,17.459999982717));
#3082 = VECTOR('',#3083,1.);
#3083 = DIRECTION('',(1.,0.,0.));
#3084 = PCURVE('',#1312,#3085);
#3085 = DEFINITIONAL_REPRESENTATION('',(#3086),#3090);
#3086 = LINE('',#3087,#3088);
#3087 = CARTESIAN_POINT('',(7.,0.));
#3088 = VECTOR('',#3089,1.);
#3089 = DIRECTION('',(0.,-1.));
#3090 = ( GEOMETRIC_REPRESENTATION_CONTEXT(2) 
PARAMETRIC_REPRESENTATION_CONTEXT() REPRESENTATION_CONTEXT('2D SPACE',''
  ) );
#3091 = PCURVE('',#1284,#3092);
#3092 = DEFINITIONAL_REPRESENTATION('',(#3093),#3097);
#3093 = LINE('',#3094,#3095);
#3094 = CARTESIAN_POINT('',(1.570796326795,0.));
#3095 = VECTOR('',#3096,1.);
#3096 = DIRECTION('',(0.,-1.));
#3097 = ( GEOMETRIC_REPRESENTATION_CONTEXT(2) 
PARAMETRIC_REPRESENTATION_CONTEXT() REPRESENTATION_CONTEXT('2D SPACE',''
  ) );
#3098 = ADVANCED_FACE('',(#3099),#1284,.F.);
#3099 = FACE_BOUND('',#3100,.F.);
#3100 = EDGE_LOOP('',(#3101,#3102,#3103,#3104));
#3101 = ORIENTED_EDGE('',*,*,#1267,.F.);
#3102 = ORIENTED_EDGE('',*,*,#3078,.T.);
#3103 = ORIENTED_EDGE('',*,*,#2218,.T.);
#3104 = ORIENTED_EDGE('',*,*,#3105,.F.);
#3105 = EDGE_CURVE('',#1240,#2196,#3106,.T.);
#3106 = SURFACE_CURVE('',#3107,(#3111,#3118),.PCURVE_S1.);
#3107 = LINE('',#3108,#3109);
#3108 = CARTESIAN_POINT('',(-3.4,20.96,14.459999952927));
#3109 = VECTOR('',#3110,1.);
#3110 = DIRECTION('',(1.,0.,0.));
#3111 = PCURVE('',#1284,#3112);
#3112 = DEFINITIONAL_REPRESENTATION('',(#3113),#3117);
#3113 = LINE('',#3114,#3115);
#3114 = CARTESIAN_POINT('',(3.14159265359,0.));
#3115 = VECTOR('',#3116,1.);
#3116 = DIRECTION('',(0.,-1.));
#3117 = ( GEOMETRIC_REPRESENTATION_CONTEXT(2) 
PARAMETRIC_REPRESENTATION_CONTEXT() REPRESENTATION_CONTEXT('2D SPACE',''
  ) );
#3118 = PCURVE('',#1255,#3119);
#3119 = DEFINITIONAL_REPRESENTATION('',(#3120),#3124);
#3120 = LINE('',#3121,#3122);
#3121 = CARTESIAN_POINT('',(1.999999965434,0.));
#3122 = VECTOR('',#3123,1.);
#3123 = DIRECTION('',(0.,-1.));
#3124 = ( GEOMETRIC_REPRESENTATION_CONTEXT(2) 
PARAMETRIC_REPRESENTATION_CONTEXT() REPRESENTATION_CONTEXT('2D SPACE',''
  ) );
#3125 = ADVANCED_FACE('',(#3126),#1255,.T.);
#3126 = FACE_BOUND('',#3127,.T.);
#3127 = EDGE_LOOP('',(#3128,#3129,#3150,#3151));
#3128 = ORIENTED_EDGE('',*,*,#1239,.F.);
#3129 = ORIENTED_EDGE('',*,*,#3130,.T.);
#3130 = EDGE_CURVE('',#1211,#2172,#3131,.T.);
#3131 = SURFACE_CURVE('',#3132,(#3136,#3143),.PCURVE_S1.);
#3132 = LINE('',#3133,#3134);
#3133 = CARTESIAN_POINT('',(-3.4,20.96,12.459999987493));
#3134 = VECTOR('',#3135,1.);
#3135 = DIRECTION('',(1.,0.,0.));
#3136 = PCURVE('',#1255,#3137);
#3137 = DEFINITIONAL_REPRESENTATION('',(#3138),#3142);
#3138 = LINE('',#3139,#3140);
#3139 = CARTESIAN_POINT('',(0.,0.));
#3140 = VECTOR('',#3141,1.);
#3141 = DIRECTION('',(0.,-1.));
#3142 = ( GEOMETRIC_REPRESENTATION_CONTEXT(2) 
PARAMETRIC_REPRESENTATION_CONTEXT() REPRESENTATION_CONTEXT('2D SPACE',''
  ) );
#3143 = PCURVE('',#1227,#3144);
#3144 = DEFINITIONAL_REPRESENTATION('',(#3145),#3149);
#3145 = LINE('',#3146,#3147);
#3146 = CARTESIAN_POINT('',(3.14159265359,0.));
#3147 = VECTOR('',#3148,1.);
#3148 = DIRECTION('',(0.,-1.));
#3149 = ( GEOMETRIC_REPRESENTATION_CONTEXT(2) 
PARAMETRIC_REPRESENTATION_CONTEXT() REPRESENTATION_CONTEXT('2D SPACE',''
  ) );
#3150 = ORIENTED_EDGE('',*,*,#2195,.T.);
#3151 = ORIENTED_EDGE('',*,*,#3105,.F.);
#3152 = ADVANCED_FACE('',(#3153),#1227,.F.);
#3153 = FACE_BOUND('',#3154,.F.);
#3154 = EDGE_LOOP('',(#3155,#3156,#3157,#3158));
#3155 = ORIENTED_EDGE('',*,*,#1210,.F.);
#3156 = ORIENTED_EDGE('',*,*,#3130,.T.);
#3157 = ORIENTED_EDGE('',*,*,#2171,.T.);
#3158 = ORIENTED_EDGE('',*,*,#3159,.F.);
#3159 = EDGE_CURVE('',#1183,#2149,#3160,.T.);
#3160 = SURFACE_CURVE('',#3161,(#3165,#3172),.PCURVE_S1.);
#3161 = LINE('',#3162,#3163);
#3162 = CARTESIAN_POINT('',(-3.4,17.96,9.46));
#3163 = VECTOR('',#3164,1.);
#3164 = DIRECTION('',(1.,0.,0.));
#3165 = PCURVE('',#1227,#3166);
#3166 = DEFINITIONAL_REPRESENTATION('',(#3167),#3171);
#3167 = LINE('',#3168,#3169);
#3168 = CARTESIAN_POINT('',(4.712388980385,0.));
#3169 = VECTOR('',#3170,1.);
#3170 = DIRECTION('',(0.,-1.));
#3171 = ( GEOMETRIC_REPRESENTATION_CONTEXT(2) 
PARAMETRIC_REPRESENTATION_CONTEXT() REPRESENTATION_CONTEXT('2D SPACE',''
  ) );
#3172 = PCURVE('',#1198,#3173);
#3173 = DEFINITIONAL_REPRESENTATION('',(#3174),#3178);
#3174 = LINE('',#3175,#3176);
#3175 = CARTESIAN_POINT('',(7.,0.));
#3176 = VECTOR('',#3177,1.);
#3177 = DIRECTION('',(0.,-1.));
#3178 = ( GEOMETRIC_REPRESENTATION_CONTEXT(2) 
PARAMETRIC_REPRESENTATION_CONTEXT() REPRESENTATION_CONTEXT('2D SPACE',''
  ) );
#3179 = ADVANCED_FACE('',(#3180),#1198,.T.);
#3180 = FACE_BOUND('',#3181,.T.);
#3181 = EDGE_LOOP('',(#3182,#3183,#3204,#3205));
#3182 = ORIENTED_EDGE('',*,*,#1182,.F.);
#3183 = ORIENTED_EDGE('',*,*,#3184,.T.);
#3184 = EDGE_CURVE('',#1154,#2125,#3185,.T.);
#3185 = SURFACE_CURVE('',#3186,(#3190,#3197),.PCURVE_S1.);
#3186 = LINE('',#3187,#3188);
#3187 = CARTESIAN_POINT('',(-3.4,10.96,9.46));
#3188 = VECTOR('',#3189,1.);
#3189 = DIRECTION('',(1.,0.,0.));
#3190 = PCURVE('',#1198,#3191);
#3191 = DEFINITIONAL_REPRESENTATION('',(#3192),#3196);
#3192 = LINE('',#3193,#3194);
#3193 = CARTESIAN_POINT('',(0.,0.));
#3194 = VECTOR('',#3195,1.);
#3195 = DIRECTION('',(0.,-1.));
#3196 = ( GEOMETRIC_REPRESENTATION_CONTEXT(2) 
PARAMETRIC_REPRESENTATION_CONTEXT() REPRESENTATION_CONTEXT('2D SPACE',''
  ) );
#3197 = PCURVE('',#1170,#3198);
#3198 = DEFINITIONAL_REPRESENTATION('',(#3199),#3203);
#3199 = LINE('',#3200,#3201);
#3200 = CARTESIAN_POINT('',(4.712388980385,0.));
#3201 = VECTOR('',#3202,1.);
#3202 = DIRECTION('',(0.,-1.));
#3203 = ( GEOMETRIC_REPRESENTATION_CONTEXT(2) 
PARAMETRIC_REPRESENTATION_CONTEXT() REPRESENTATION_CONTEXT('2D SPACE',''
  ) );
#3204 = ORIENTED_EDGE('',*,*,#2148,.T.);
#3205 = ORIENTED_EDGE('',*,*,#3159,.F.);
#3206 = ADVANCED_FACE('',(#3207),#1170,.F.);
#3207 = FACE_BOUND('',#3208,.F.);
#3208 = EDGE_LOOP('',(#3209,#3210,#3211,#3212));
#3209 = ORIENTED_EDGE('',*,*,#1153,.F.);
#3210 = ORIENTED_EDGE('',*,*,#3184,.T.);
#3211 = ORIENTED_EDGE('',*,*,#2124,.T.);
#3212 = ORIENTED_EDGE('',*,*,#3002,.F.);
#3213 = ADVANCED_FACE('',(#3214),#1371,.T.);
#3214 = FACE_BOUND('',#3215,.T.);
#3215 = EDGE_LOOP('',(#3216,#3217,#3218,#3240));
#3216 = ORIENTED_EDGE('',*,*,#2950,.F.);
#3217 = ORIENTED_EDGE('',*,*,#1354,.T.);
#3218 = ORIENTED_EDGE('',*,*,#3219,.T.);
#3219 = EDGE_CURVE('',#1355,#3220,#3222,.T.);
#3220 = VERTEX_POINT('',#3221);
#3221 = CARTESIAN_POINT('',(1.6,41.999999996905,-2.4));
#3222 = SURFACE_CURVE('',#3223,(#3227,#3233),.PCURVE_S1.);
#3223 = LINE('',#3224,#3225);
#3224 = CARTESIAN_POINT('',(1.6,42.399999996905,-2.));
#3225 = VECTOR('',#3226,1.);
#3226 = DIRECTION('',(4.329780281174E-17,-0.707106781187,-0.707106781187
    ));
#3227 = PCURVE('',#1371,#3228);
#3228 = DEFINITIONAL_REPRESENTATION('',(#3229),#3232);
#3229 = B_SPLINE_CURVE_WITH_KNOTS('',1,(#3230,#3231),.UNSPECIFIED.,.F.,
  .F.,(2,2),(0.,0.565685424949),.PIECEWISE_BEZIER_KNOTS.);
#3230 = CARTESIAN_POINT('',(4.712388980385,0.));
#3231 = CARTESIAN_POINT('',(4.712388980385,-0.4));
#3232 = ( GEOMETRIC_REPRESENTATION_CONTEXT(2) 
PARAMETRIC_REPRESENTATION_CONTEXT() REPRESENTATION_CONTEXT('2D SPACE',''
  ) );
#3233 = PCURVE('',#1448,#3234);
#3234 = DEFINITIONAL_REPRESENTATION('',(#3235),#3239);
#3235 = LINE('',#3236,#3237);
#3236 = CARTESIAN_POINT('',(0.,-0.282842710286));
#3237 = VECTOR('',#3238,1.);
#3238 = DIRECTION('',(-4.329780281174E-17,1.));
#3239 = ( GEOMETRIC_REPRESENTATION_CONTEXT(2) 
PARAMETRIC_REPRESENTATION_CONTEXT() REPRESENTATION_CONTEXT('2D SPACE',''
  ) );
#3240 = ORIENTED_EDGE('',*,*,#3241,.F.);
#3241 = EDGE_CURVE('',#2951,#3220,#3242,.T.);
#3242 = SURFACE_CURVE('',#3243,(#3248,#3255),.PCURVE_S1.);
#3243 = CIRCLE('',#3244,3.6);
#3244 = AXIS2_PLACEMENT_3D('',#3245,#3246,#3247);
#3245 = CARTESIAN_POINT('',(1.6,38.399999996905,-2.4));
#3246 = DIRECTION('',(0.,0.,-1.));
#3247 = DIRECTION('',(-1.,0.,0.));
#3248 = PCURVE('',#1371,#3249);
#3249 = DEFINITIONAL_REPRESENTATION('',(#3250),#3254);
#3250 = LINE('',#3251,#3252);
#3251 = CARTESIAN_POINT('',(6.28318530718,-0.4));
#3252 = VECTOR('',#3253,1.);
#3253 = DIRECTION('',(-1.,-0.));
#3254 = ( GEOMETRIC_REPRESENTATION_CONTEXT(2) 
PARAMETRIC_REPRESENTATION_CONTEXT() REPRESENTATION_CONTEXT('2D SPACE',''
  ) );
#3255 = PCURVE('',#2986,#3256);
#3256 = DEFINITIONAL_REPRESENTATION('',(#3257),#3265);
#3257 = ( BOUNDED_CURVE() B_SPLINE_CURVE(2,(#3258,#3259,#3260,#3261,
#3262,#3263,#3264),.UNSPECIFIED.,.T.,.F.) B_SPLINE_CURVE_WITH_KNOTS((1,2
    ,2,2,2,1),(-2.094395102393,0.,2.094395102393,4.188790204786,
6.28318530718,8.377580409573),.UNSPECIFIED.) CURVE() 
GEOMETRIC_REPRESENTATION_ITEM() RATIONAL_B_SPLINE_CURVE((1.,0.5,1.,0.5,
1.,0.5,1.)) REPRESENTATION_ITEM('') );
#3258 = CARTESIAN_POINT('',(-36.,18.399999997573));
#3259 = CARTESIAN_POINT('',(-36.,24.635382904821));
#3260 = CARTESIAN_POINT('',(-30.6,21.517691451197));
#3261 = CARTESIAN_POINT('',(-25.2,18.399999997573));
#3262 = CARTESIAN_POINT('',(-30.6,15.282308543949));
#3263 = CARTESIAN_POINT('',(-36.,12.164617090325));
#3264 = CARTESIAN_POINT('',(-36.,18.399999997573));
#3265 = ( GEOMETRIC_REPRESENTATION_CONTEXT(2) 
PARAMETRIC_REPRESENTATION_CONTEXT() REPRESENTATION_CONTEXT('2D SPACE',''
  ) );
#3266 = ADVANCED_FACE('',(#3267),#1448,.F.);
#3267 = FACE_BOUND('',#3268,.T.);
#3268 = EDGE_LOOP('',(#3269,#3270,#3271,#3293));
#3269 = ORIENTED_EDGE('',*,*,#3219,.F.);
#3270 = ORIENTED_EDGE('',*,*,#1434,.T.);
#3271 = ORIENTED_EDGE('',*,*,#3272,.T.);
#3272 = EDGE_CURVE('',#1412,#3273,#3275,.T.);
#3273 = VERTEX_POINT('',#3274);
#3274 = CARTESIAN_POINT('',(66.4,42.,-2.4));
#3275 = SURFACE_CURVE('',#3276,(#3280,#3287),.PCURVE_S1.);
#3276 = LINE('',#3277,#3278);
#3277 = CARTESIAN_POINT('',(66.4,42.2,-2.2));
#3278 = VECTOR('',#3279,1.);
#3279 = DIRECTION('',(0.,-0.707106781187,-0.707106781187));
#3280 = PCURVE('',#1448,#3281);
#3281 = DEFINITIONAL_REPRESENTATION('',(#3282),#3286);
#3282 = LINE('',#3283,#3284);
#3283 = CARTESIAN_POINT('',(-64.8,-0.));
#3284 = VECTOR('',#3285,1.);
#3285 = DIRECTION('',(-0.,1.));
#3286 = ( GEOMETRIC_REPRESENTATION_CONTEXT(2) 
PARAMETRIC_REPRESENTATION_CONTEXT() REPRESENTATION_CONTEXT('2D SPACE',''
  ) );
#3287 = PCURVE('',#1480,#3288);
#3288 = DEFINITIONAL_REPRESENTATION('',(#3289),#3292);
#3289 = B_SPLINE_CURVE_WITH_KNOTS('',1,(#3290,#3291),.UNSPECIFIED.,.F.,
  .F.,(2,2),(-0.282842712475,0.282842712475),.PIECEWISE_BEZIER_KNOTS.);
#3290 = CARTESIAN_POINT('',(6.28318530718,0.));
#3291 = CARTESIAN_POINT('',(6.28318530718,-0.4));
#3292 = ( GEOMETRIC_REPRESENTATION_CONTEXT(2) 
PARAMETRIC_REPRESENTATION_CONTEXT() REPRESENTATION_CONTEXT('2D SPACE',''
  ) );
#3293 = ORIENTED_EDGE('',*,*,#3294,.F.);
#3294 = EDGE_CURVE('',#3220,#3273,#3295,.T.);
#3295 = SURFACE_CURVE('',#3296,(#3300,#3307),.PCURVE_S1.);
#3296 = LINE('',#3297,#3298);
#3297 = CARTESIAN_POINT('',(1.6,42.,-2.4));
#3298 = VECTOR('',#3299,1.);
#3299 = DIRECTION('',(1.,0.,0.));
#3300 = PCURVE('',#1448,#3301);
#3301 = DEFINITIONAL_REPRESENTATION('',(#3302),#3306);
#3302 = LINE('',#3303,#3304);
#3303 = CARTESIAN_POINT('',(-0.,0.282842712475));
#3304 = VECTOR('',#3305,1.);
#3305 = DIRECTION('',(-1.,-0.));
#3306 = ( GEOMETRIC_REPRESENTATION_CONTEXT(2) 
PARAMETRIC_REPRESENTATION_CONTEXT() REPRESENTATION_CONTEXT('2D SPACE',''
  ) );
#3307 = PCURVE('',#2986,#3308);
#3308 = DEFINITIONAL_REPRESENTATION('',(#3309),#3313);
#3309 = LINE('',#3310,#3311);
#3310 = CARTESIAN_POINT('',(-32.4,22.000000000668));
#3311 = VECTOR('',#3312,1.);
#3312 = DIRECTION('',(1.,0.));
#3313 = ( GEOMETRIC_REPRESENTATION_CONTEXT(2) 
PARAMETRIC_REPRESENTATION_CONTEXT() REPRESENTATION_CONTEXT('2D SPACE',''
  ) );
#3314 = ADVANCED_FACE('',(#3315),#1480,.T.);
#3315 = FACE_BOUND('',#3316,.T.);
#3316 = EDGE_LOOP('',(#3317,#3318,#3319,#3341));
#3317 = ORIENTED_EDGE('',*,*,#3272,.F.);
#3318 = ORIENTED_EDGE('',*,*,#1463,.T.);
#3319 = ORIENTED_EDGE('',*,*,#3320,.T.);
#3320 = EDGE_CURVE('',#1464,#3321,#3323,.T.);
#3321 = VERTEX_POINT('',#3322);
#3322 = CARTESIAN_POINT('',(70.,38.399999996905,-2.4));
#3323 = SURFACE_CURVE('',#3324,(#3328,#3334),.PCURVE_S1.);
#3324 = LINE('',#3325,#3326);
#3325 = CARTESIAN_POINT('',(70.4,38.399999996905,-2.));
#3326 = VECTOR('',#3327,1.);
#3327 = DIRECTION('',(-0.707106781187,-4.329780281174E-17,
    -0.707106781187));
#3328 = PCURVE('',#1480,#3329);
#3329 = DEFINITIONAL_REPRESENTATION('',(#3330),#3333);
#3330 = B_SPLINE_CURVE_WITH_KNOTS('',1,(#3331,#3332),.UNSPECIFIED.,.F.,
  .F.,(2,2),(0.,0.565685424949),.PIECEWISE_BEZIER_KNOTS.);
#3331 = CARTESIAN_POINT('',(4.712388980385,0.));
#3332 = CARTESIAN_POINT('',(4.712388980385,-0.4));
#3333 = ( GEOMETRIC_REPRESENTATION_CONTEXT(2) 
PARAMETRIC_REPRESENTATION_CONTEXT() REPRESENTATION_CONTEXT('2D SPACE',''
  ) );
#3334 = PCURVE('',#1535,#3335);
#3335 = DEFINITIONAL_REPRESENTATION('',(#3336),#3340);
#3336 = LINE('',#3337,#3338);
#3337 = CARTESIAN_POINT('',(0.,-0.282842712475));
#3338 = VECTOR('',#3339,1.);
#3339 = DIRECTION('',(4.329780281174E-17,1.));
#3340 = ( GEOMETRIC_REPRESENTATION_CONTEXT(2) 
PARAMETRIC_REPRESENTATION_CONTEXT() REPRESENTATION_CONTEXT('2D SPACE',''
  ) );
#3341 = ORIENTED_EDGE('',*,*,#3342,.F.);
#3342 = EDGE_CURVE('',#3273,#3321,#3343,.T.);
#3343 = SURFACE_CURVE('',#3344,(#3349,#3356),.PCURVE_S1.);
#3344 = CIRCLE('',#3345,3.6);
#3345 = AXIS2_PLACEMENT_3D('',#3346,#3347,#3348);
#3346 = CARTESIAN_POINT('',(66.4,38.399999996905,-2.4));
#3347 = DIRECTION('',(0.,0.,-1.));
#3348 = DIRECTION('',(0.,1.,0.));
#3349 = PCURVE('',#1480,#3350);
#3350 = DEFINITIONAL_REPRESENTATION('',(#3351),#3355);
#3351 = LINE('',#3352,#3353);
#3352 = CARTESIAN_POINT('',(6.28318530718,-0.4));
#3353 = VECTOR('',#3354,1.);
#3354 = DIRECTION('',(-1.,-0.));
#3355 = ( GEOMETRIC_REPRESENTATION_CONTEXT(2) 
PARAMETRIC_REPRESENTATION_CONTEXT() REPRESENTATION_CONTEXT('2D SPACE',''
  ) );
#3356 = PCURVE('',#2986,#3357);
#3357 = DEFINITIONAL_REPRESENTATION('',(#3358),#3366);
#3358 = ( BOUNDED_CURVE() B_SPLINE_CURVE(2,(#3359,#3360,#3361,#3362,
#3363,#3364,#3365),.UNSPECIFIED.,.T.,.F.) B_SPLINE_CURVE_WITH_KNOTS((1,2
    ,2,2,2,1),(-2.094395102393,0.,2.094395102393,4.188790204786,
6.28318530718,8.377580409573),.UNSPECIFIED.) CURVE() 
GEOMETRIC_REPRESENTATION_ITEM() RATIONAL_B_SPLINE_CURVE((1.,0.5,1.,0.5,
1.,0.5,1.)) REPRESENTATION_ITEM('') );
#3359 = CARTESIAN_POINT('',(32.4,21.999999997573));
#3360 = CARTESIAN_POINT('',(38.635382907248,21.999999997573));
#3361 = CARTESIAN_POINT('',(35.517691453624,16.599999997573));
#3362 = CARTESIAN_POINT('',(32.4,11.199999997573));
#3363 = CARTESIAN_POINT('',(29.282308546376,16.599999997573));
#3364 = CARTESIAN_POINT('',(26.164617092752,21.999999997573));
#3365 = CARTESIAN_POINT('',(32.4,21.999999997573));
#3366 = ( GEOMETRIC_REPRESENTATION_CONTEXT(2) 
PARAMETRIC_REPRESENTATION_CONTEXT() REPRESENTATION_CONTEXT('2D SPACE',''
  ) );
#3367 = ADVANCED_FACE('',(#3368),#1535,.T.);
#3368 = FACE_BOUND('',#3369,.T.);
#3369 = EDGE_LOOP('',(#3370,#3371,#3372,#3394));
#3370 = ORIENTED_EDGE('',*,*,#3320,.F.);
#3371 = ORIENTED_EDGE('',*,*,#1519,.T.);
#3372 = ORIENTED_EDGE('',*,*,#3373,.T.);
#3373 = EDGE_CURVE('',#1520,#3374,#3376,.T.);
#3374 = VERTEX_POINT('',#3375);
#3375 = CARTESIAN_POINT('',(70.,1.6,-2.4));
#3376 = SURFACE_CURVE('',#3377,(#3381,#3388),.PCURVE_S1.);
#3377 = LINE('',#3378,#3379);
#3378 = CARTESIAN_POINT('',(70.2,1.6,-2.2));
#3379 = VECTOR('',#3380,1.);
#3380 = DIRECTION('',(-0.707106781187,0.,-0.707106781187));
#3381 = PCURVE('',#1535,#3382);
#3382 = DEFINITIONAL_REPRESENTATION('',(#3383),#3387);
#3383 = LINE('',#3384,#3385);
#3384 = CARTESIAN_POINT('',(36.799999996905,0.));
#3385 = VECTOR('',#3386,1.);
#3386 = DIRECTION('',(-0.,1.));
#3387 = ( GEOMETRIC_REPRESENTATION_CONTEXT(2) 
PARAMETRIC_REPRESENTATION_CONTEXT() REPRESENTATION_CONTEXT('2D SPACE',''
  ) );
#3388 = PCURVE('',#1787,#3389);
#3389 = DEFINITIONAL_REPRESENTATION('',(#3390),#3393);
#3390 = B_SPLINE_CURVE_WITH_KNOTS('',1,(#3391,#3392),.UNSPECIFIED.,.F.,
  .F.,(2,2),(-0.282842712475,0.282842712475),.PIECEWISE_BEZIER_KNOTS.);
#3391 = CARTESIAN_POINT('',(6.28318530718,0.));
#3392 = CARTESIAN_POINT('',(6.28318530718,-0.4));
#3393 = ( GEOMETRIC_REPRESENTATION_CONTEXT(2) 
PARAMETRIC_REPRESENTATION_CONTEXT() REPRESENTATION_CONTEXT('2D SPACE',''
  ) );
#3394 = ORIENTED_EDGE('',*,*,#3395,.F.);
#3395 = EDGE_CURVE('',#3321,#3374,#3396,.T.);
#3396 = SURFACE_CURVE('',#3397,(#3401,#3408),.PCURVE_S1.);
#3397 = LINE('',#3398,#3399);
#3398 = CARTESIAN_POINT('',(70.,38.399999996905,-2.4));
#3399 = VECTOR('',#3400,1.);
#3400 = DIRECTION('',(-0.,-1.,-0.));
#3401 = PCURVE('',#1535,#3402);
#3402 = DEFINITIONAL_REPRESENTATION('',(#3403),#3407);
#3403 = LINE('',#3404,#3405);
#3404 = CARTESIAN_POINT('',(-0.,0.282842712475));
#3405 = VECTOR('',#3406,1.);
#3406 = DIRECTION('',(1.,0.));
#3407 = ( GEOMETRIC_REPRESENTATION_CONTEXT(2) 
PARAMETRIC_REPRESENTATION_CONTEXT() REPRESENTATION_CONTEXT('2D SPACE',''
  ) );
#3408 = PCURVE('',#2986,#3409);
#3409 = DEFINITIONAL_REPRESENTATION('',(#3410),#3414);
#3410 = LINE('',#3411,#3412);
#3411 = CARTESIAN_POINT('',(36.,18.399999997573));
#3412 = VECTOR('',#3413,1.);
#3413 = DIRECTION('',(0.,-1.));
#3414 = ( GEOMETRIC_REPRESENTATION_CONTEXT(2) 
PARAMETRIC_REPRESENTATION_CONTEXT() REPRESENTATION_CONTEXT('2D SPACE',''
  ) );
#3415 = ADVANCED_FACE('',(#3416),#1608,.T.);
#3416 = FACE_BOUND('',#3417,.T.);
#3417 = EDGE_LOOP('',(#3418,#3419,#3420,#3421));
#3418 = ORIENTED_EDGE('',*,*,#1645,.F.);
#3419 = ORIENTED_EDGE('',*,*,#1717,.F.);
#3420 = ORIENTED_EDGE('',*,*,#1743,.T.);
#3421 = ORIENTED_EDGE('',*,*,#1592,.T.);
#3422 = ADVANCED_FACE('',(#3423),#1787,.T.);
#3423 = FACE_BOUND('',#3424,.T.);
#3424 = EDGE_LOOP('',(#3425,#3426,#3427,#3449));
#3425 = ORIENTED_EDGE('',*,*,#3373,.F.);
#3426 = ORIENTED_EDGE('',*,*,#1770,.T.);
#3427 = ORIENTED_EDGE('',*,*,#3428,.T.);
#3428 = EDGE_CURVE('',#1771,#3429,#3431,.T.);
#3429 = VERTEX_POINT('',#3430);
#3430 = CARTESIAN_POINT('',(66.4,-2.,-2.4));
#3431 = SURFACE_CURVE('',#3432,(#3436,#3442),.PCURVE_S1.);
#3432 = LINE('',#3433,#3434);
#3433 = CARTESIAN_POINT('',(66.4,-2.4,-2.));
#3434 = VECTOR('',#3435,1.);
#3435 = DIRECTION('',(-4.329780281174E-17,0.707106781187,-0.707106781187
    ));
#3436 = PCURVE('',#1787,#3437);
#3437 = DEFINITIONAL_REPRESENTATION('',(#3438),#3441);
#3438 = B_SPLINE_CURVE_WITH_KNOTS('',1,(#3439,#3440),.UNSPECIFIED.,.F.,
  .F.,(2,2),(0.,0.565685424949),.PIECEWISE_BEZIER_KNOTS.);
#3439 = CARTESIAN_POINT('',(4.712388980385,0.));
#3440 = CARTESIAN_POINT('',(4.712388980385,-0.4));
#3441 = ( GEOMETRIC_REPRESENTATION_CONTEXT(2) 
PARAMETRIC_REPRESENTATION_CONTEXT() REPRESENTATION_CONTEXT('2D SPACE',''
  ) );
#3442 = PCURVE('',#1864,#3443);
#3443 = DEFINITIONAL_REPRESENTATION('',(#3444),#3448);
#3444 = LINE('',#3445,#3446);
#3445 = CARTESIAN_POINT('',(0.,-0.282842712475));
#3446 = VECTOR('',#3447,1.);
#3447 = DIRECTION('',(4.329780281174E-17,1.));
#3448 = ( GEOMETRIC_REPRESENTATION_CONTEXT(2) 
PARAMETRIC_REPRESENTATION_CONTEXT() REPRESENTATION_CONTEXT('2D SPACE',''
  ) );
#3449 = ORIENTED_EDGE('',*,*,#3450,.F.);
#3450 = EDGE_CURVE('',#3374,#3429,#3451,.T.);
#3451 = SURFACE_CURVE('',#3452,(#3457,#3464),.PCURVE_S1.);
#3452 = CIRCLE('',#3453,3.6);
#3453 = AXIS2_PLACEMENT_3D('',#3454,#3455,#3456);
#3454 = CARTESIAN_POINT('',(66.4,1.6,-2.4));
#3455 = DIRECTION('',(0.,0.,-1.));
#3456 = DIRECTION('',(1.,0.,0.));
#3457 = PCURVE('',#1787,#3458);
#3458 = DEFINITIONAL_REPRESENTATION('',(#3459),#3463);
#3459 = LINE('',#3460,#3461);
#3460 = CARTESIAN_POINT('',(6.28318530718,-0.4));
#3461 = VECTOR('',#3462,1.);
#3462 = DIRECTION('',(-1.,-0.));
#3463 = ( GEOMETRIC_REPRESENTATION_CONTEXT(2) 
PARAMETRIC_REPRESENTATION_CONTEXT() REPRESENTATION_CONTEXT('2D SPACE',''
  ) );
#3464 = PCURVE('',#2986,#3465);
#3465 = DEFINITIONAL_REPRESENTATION('',(#3466),#3474);
#3466 = ( BOUNDED_CURVE() B_SPLINE_CURVE(2,(#3467,#3468,#3469,#3470,
#3471,#3472,#3473),.UNSPECIFIED.,.T.,.F.) B_SPLINE_CURVE_WITH_KNOTS((1,2
    ,2,2,2,1),(-2.094395102393,0.,2.094395102393,4.188790204786,
6.28318530718,8.377580409573),.UNSPECIFIED.) CURVE() 
GEOMETRIC_REPRESENTATION_ITEM() RATIONAL_B_SPLINE_CURVE((1.,0.5,1.,0.5,
1.,0.5,1.)) REPRESENTATION_ITEM('') );
#3467 = CARTESIAN_POINT('',(36.,-18.39999999933));
#3468 = CARTESIAN_POINT('',(36.,-24.63538290658));
#3469 = CARTESIAN_POINT('',(30.6,-21.51769145295));
#3470 = CARTESIAN_POINT('',(25.2,-18.39999999933));
#3471 = CARTESIAN_POINT('',(30.6,-15.2823085457));
#3472 = CARTESIAN_POINT('',(36.,-12.16461709208));
#3473 = CARTESIAN_POINT('',(36.,-18.39999999933));
#3474 = ( GEOMETRIC_REPRESENTATION_CONTEXT(2) 
PARAMETRIC_REPRESENTATION_CONTEXT() REPRESENTATION_CONTEXT('2D SPACE',''
  ) );
#3475 = ADVANCED_FACE('',(#3476),#1864,.T.);
#3476 = FACE_BOUND('',#3477,.T.);
#3477 = EDGE_LOOP('',(#3478,#3479,#3480,#3502));
#3478 = ORIENTED_EDGE('',*,*,#3428,.F.);
#3479 = ORIENTED_EDGE('',*,*,#1850,.T.);
#3480 = ORIENTED_EDGE('',*,*,#3481,.T.);
#3481 = EDGE_CURVE('',#1826,#3482,#3484,.T.);
#3482 = VERTEX_POINT('',#3483);
#3483 = CARTESIAN_POINT('',(1.6,-2.,-2.4));
#3484 = SURFACE_CURVE('',#3485,(#3489,#3496),.PCURVE_S1.);
#3485 = LINE('',#3486,#3487);
#3486 = CARTESIAN_POINT('',(1.6,-2.2,-2.2));
#3487 = VECTOR('',#3488,1.);
#3488 = DIRECTION('',(-0.,0.707106781187,-0.707106781187));
#3489 = PCURVE('',#1864,#3490);
#3490 = DEFINITIONAL_REPRESENTATION('',(#3491),#3495);
#3491 = LINE('',#3492,#3493);
#3492 = CARTESIAN_POINT('',(64.8,0.));
#3493 = VECTOR('',#3494,1.);
#3494 = DIRECTION('',(0.,1.));
#3495 = ( GEOMETRIC_REPRESENTATION_CONTEXT(2) 
PARAMETRIC_REPRESENTATION_CONTEXT() REPRESENTATION_CONTEXT('2D SPACE',''
  ) );
#3496 = PCURVE('',#1894,#3497);
#3497 = DEFINITIONAL_REPRESENTATION('',(#3498),#3501);
#3498 = B_SPLINE_CURVE_WITH_KNOTS('',1,(#3499,#3500),.UNSPECIFIED.,.F.,
  .F.,(2,2),(-0.282842712475,0.282842712475),.PIECEWISE_BEZIER_KNOTS.);
#3499 = CARTESIAN_POINT('',(6.28318530718,0.));
#3500 = CARTESIAN_POINT('',(6.28318530718,-0.4));
#3501 = ( GEOMETRIC_REPRESENTATION_CONTEXT(2) 
PARAMETRIC_REPRESENTATION_CONTEXT() REPRESENTATION_CONTEXT('2D SPACE',''
  ) );
#3502 = ORIENTED_EDGE('',*,*,#3503,.F.);
#3503 = EDGE_CURVE('',#3429,#3482,#3504,.T.);
#3504 = SURFACE_CURVE('',#3505,(#3509,#3516),.PCURVE_S1.);
#3505 = LINE('',#3506,#3507);
#3506 = CARTESIAN_POINT('',(66.4,-2.,-2.4));
#3507 = VECTOR('',#3508,1.);
#3508 = DIRECTION('',(-1.,-0.,-0.));
#3509 = PCURVE('',#1864,#3510);
#3510 = DEFINITIONAL_REPRESENTATION('',(#3511),#3515);
#3511 = LINE('',#3512,#3513);
#3512 = CARTESIAN_POINT('',(-0.,0.282842712475));
#3513 = VECTOR('',#3514,1.);
#3514 = DIRECTION('',(1.,0.));
#3515 = ( GEOMETRIC_REPRESENTATION_CONTEXT(2) 
PARAMETRIC_REPRESENTATION_CONTEXT() REPRESENTATION_CONTEXT('2D SPACE',''
  ) );
#3516 = PCURVE('',#2986,#3517);
#3517 = DEFINITIONAL_REPRESENTATION('',(#3518),#3522);
#3518 = LINE('',#3519,#3520);
#3519 = CARTESIAN_POINT('',(32.4,-21.99999999933));
#3520 = VECTOR('',#3521,1.);
#3521 = DIRECTION('',(-1.,0.));
#3522 = ( GEOMETRIC_REPRESENTATION_CONTEXT(2) 
PARAMETRIC_REPRESENTATION_CONTEXT() REPRESENTATION_CONTEXT('2D SPACE',''
  ) );
#3523 = ADVANCED_FACE('',(#3524),#1894,.T.);
#3524 = FACE_BOUND('',#3525,.T.);
#3525 = EDGE_LOOP('',(#3526,#3527,#3528,#3529));
#3526 = ORIENTED_EDGE('',*,*,#3481,.F.);
#3527 = ORIENTED_EDGE('',*,*,#1879,.T.);
#3528 = ORIENTED_EDGE('',*,*,#2927,.T.);
#3529 = ORIENTED_EDGE('',*,*,#3530,.F.);
#3530 = EDGE_CURVE('',#3482,#2928,#3531,.T.);
#3531 = SURFACE_CURVE('',#3532,(#3537,#3544),.PCURVE_S1.);
#3532 = CIRCLE('',#3533,3.6);
#3533 = AXIS2_PLACEMENT_3D('',#3534,#3535,#3536);
#3534 = CARTESIAN_POINT('',(1.6,1.6,-2.4));
#3535 = DIRECTION('',(-0.,-0.,-1.));
#3536 = DIRECTION('',(0.,-1.,0.));
#3537 = PCURVE('',#1894,#3538);
#3538 = DEFINITIONAL_REPRESENTATION('',(#3539),#3543);
#3539 = LINE('',#3540,#3541);
#3540 = CARTESIAN_POINT('',(6.28318530718,-0.4));
#3541 = VECTOR('',#3542,1.);
#3542 = DIRECTION('',(-1.,-0.));
#3543 = ( GEOMETRIC_REPRESENTATION_CONTEXT(2) 
PARAMETRIC_REPRESENTATION_CONTEXT() REPRESENTATION_CONTEXT('2D SPACE',''
  ) );
#3544 = PCURVE('',#2986,#3545);
#3545 = DEFINITIONAL_REPRESENTATION('',(#3546),#3554);
#3546 = ( BOUNDED_CURVE() B_SPLINE_CURVE(2,(#3547,#3548,#3549,#3550,
#3551,#3552,#3553),.UNSPECIFIED.,.T.,.F.) B_SPLINE_CURVE_WITH_KNOTS((1,2
    ,2,2,2,1),(-2.094395102393,0.,2.094395102393,4.188790204786,
6.28318530718,8.377580409573),.UNSPECIFIED.) CURVE() 
GEOMETRIC_REPRESENTATION_ITEM() RATIONAL_B_SPLINE_CURVE((1.,0.5,1.,0.5,
1.,0.5,1.)) REPRESENTATION_ITEM('') );
#3547 = CARTESIAN_POINT('',(-32.4,-21.99999999933));
#3548 = CARTESIAN_POINT('',(-38.63538290724,-21.99999999933));
#3549 = CARTESIAN_POINT('',(-35.51769145362,-16.59999999933));
#3550 = CARTESIAN_POINT('',(-32.4,-11.19999999933));
#3551 = CARTESIAN_POINT('',(-29.28230854637,-16.59999999933));
#3552 = CARTESIAN_POINT('',(-26.16461709275,-21.99999999933));
#3553 = CARTESIAN_POINT('',(-32.4,-21.99999999933));
#3554 = ( GEOMETRIC_REPRESENTATION_CONTEXT(2) 
PARAMETRIC_REPRESENTATION_CONTEXT() REPRESENTATION_CONTEXT('2D SPACE',''
  ) );
#3555 = ADVANCED_FACE('',(#3556),#2085,.T.);
#3556 = FACE_BOUND('',#3557,.T.);
#3557 = EDGE_LOOP('',(#3558,#3559,#3560,#3581));
#3558 = ORIENTED_EDGE('',*,*,#2346,.F.);
#3559 = ORIENTED_EDGE('',*,*,#2674,.T.);
#3560 = ORIENTED_EDGE('',*,*,#3561,.T.);
#3561 = EDGE_CURVE('',#2652,#2044,#3562,.T.);
#3562 = SURFACE_CURVE('',#3563,(#3567,#3574),.PCURVE_S1.);
#3563 = LINE('',#3564,#3565);
#3564 = CARTESIAN_POINT('',(3.5,0.,6.5));
#3565 = VECTOR('',#3566,1.);
#3566 = DIRECTION('',(-0.707106781187,0.707106781187,0.));
#3567 = PCURVE('',#2085,#3568);
#3568 = DEFINITIONAL_REPRESENTATION('',(#3569),#3573);
#3569 = LINE('',#3570,#3571);
#3570 = CARTESIAN_POINT('',(2.262563132924,-1.237436867076));
#3571 = VECTOR('',#3572,1.);
#3572 = DIRECTION('',(-0.707106781187,0.707106781187));
#3573 = ( GEOMETRIC_REPRESENTATION_CONTEXT(2) 
PARAMETRIC_REPRESENTATION_CONTEXT() REPRESENTATION_CONTEXT('2D SPACE',''
  ) );
#3574 = PCURVE('',#2059,#3575);
#3575 = DEFINITIONAL_REPRESENTATION('',(#3576),#3580);
#3576 = LINE('',#3577,#3578);
#3577 = CARTESIAN_POINT('',(0.,-6.5));
#3578 = VECTOR('',#3579,1.);
#3579 = DIRECTION('',(1.,0.));
#3580 = ( GEOMETRIC_REPRESENTATION_CONTEXT(2) 
PARAMETRIC_REPRESENTATION_CONTEXT() REPRESENTATION_CONTEXT('2D SPACE',''
  ) );
#3581 = ORIENTED_EDGE('',*,*,#2071,.T.);
#3582 = ADVANCED_FACE('',(#3583),#2059,.F.);
#3583 = FACE_BOUND('',#3584,.F.);
#3584 = EDGE_LOOP('',(#3585,#3586,#3587,#3588));
#3585 = ORIENTED_EDGE('',*,*,#2651,.T.);
#3586 = ORIENTED_EDGE('',*,*,#3561,.T.);
#3587 = ORIENTED_EDGE('',*,*,#2043,.F.);
#3588 = ORIENTED_EDGE('',*,*,#3589,.F.);
#3589 = EDGE_CURVE('',#2629,#2016,#3590,.T.);
#3590 = SURFACE_CURVE('',#3591,(#3595,#3602),.PCURVE_S1.);
#3591 = LINE('',#3592,#3593);
#3592 = CARTESIAN_POINT('',(3.5,0.,0.));
#3593 = VECTOR('',#3594,1.);
#3594 = DIRECTION('',(-0.707106781187,0.707106781187,0.));
#3595 = PCURVE('',#2059,#3596);
#3596 = DEFINITIONAL_REPRESENTATION('',(#3597),#3601);
#3597 = LINE('',#3598,#3599);
#3598 = CARTESIAN_POINT('',(0.,0.));
#3599 = VECTOR('',#3600,1.);
#3600 = DIRECTION('',(1.,0.));
#3601 = ( GEOMETRIC_REPRESENTATION_CONTEXT(2) 
PARAMETRIC_REPRESENTATION_CONTEXT() REPRESENTATION_CONTEXT('2D SPACE',''
  ) );
#3602 = PCURVE('',#2031,#3603);
#3603 = DEFINITIONAL_REPRESENTATION('',(#3604),#3608);
#3604 = LINE('',#3605,#3606);
#3605 = CARTESIAN_POINT('',(-30.5,-19.99999999884));
#3606 = VECTOR('',#3607,1.);
#3607 = DIRECTION('',(-0.707106781187,0.707106781187));
#3608 = ( GEOMETRIC_REPRESENTATION_CONTEXT(2) 
PARAMETRIC_REPRESENTATION_CONTEXT() REPRESENTATION_CONTEXT('2D SPACE',''
  ) );
#3609 = ADVANCED_FACE('',(#3610),#1975,.T.);
#3610 = FACE_BOUND('',#3611,.T.);
#3611 = EDGE_LOOP('',(#3612,#3613,#3614,#3635));
#3612 = ORIENTED_EDGE('',*,*,#2314,.F.);
#3613 = ORIENTED_EDGE('',*,*,#1959,.T.);
#3614 = ORIENTED_EDGE('',*,*,#3615,.T.);
#3615 = EDGE_CURVE('',#1960,#2501,#3616,.T.);
#3616 = SURFACE_CURVE('',#3617,(#3621,#3628),.PCURVE_S1.);
#3617 = LINE('',#3618,#3619);
#3618 = CARTESIAN_POINT('',(0.,36.5,6.5));
#3619 = VECTOR('',#3620,1.);
#3620 = DIRECTION('',(0.707106781187,0.707106781187,0.));
#3621 = PCURVE('',#1975,#3622);
#3622 = DEFINITIONAL_REPRESENTATION('',(#3623),#3627);
#3623 = LINE('',#3624,#3625);
#3624 = CARTESIAN_POINT('',(-1.237436867076,-2.262563132924));
#3625 = VECTOR('',#3626,1.);
#3626 = DIRECTION('',(0.707106781187,0.707106781187));
#3627 = ( GEOMETRIC_REPRESENTATION_CONTEXT(2) 
PARAMETRIC_REPRESENTATION_CONTEXT() REPRESENTATION_CONTEXT('2D SPACE',''
  ) );
#3628 = PCURVE('',#2003,#3629);
#3629 = DEFINITIONAL_REPRESENTATION('',(#3630),#3634);
#3630 = LINE('',#3631,#3632);
#3631 = CARTESIAN_POINT('',(0.,-6.5));
#3632 = VECTOR('',#3633,1.);
#3633 = DIRECTION('',(1.,0.));
#3634 = ( GEOMETRIC_REPRESENTATION_CONTEXT(2) 
PARAMETRIC_REPRESENTATION_CONTEXT() REPRESENTATION_CONTEXT('2D SPACE',''
  ) );
#3635 = ORIENTED_EDGE('',*,*,#2523,.T.);
#3636 = ADVANCED_FACE('',(#3637),#2031,.T.);
#3637 = FACE_BOUND('',#3638,.T.);
#3638 = EDGE_LOOP('',(#3639,#3640,#3641,#3642,#3663,#3664,#3685,#3686));
#3639 = ORIENTED_EDGE('',*,*,#2015,.F.);
#3640 = ORIENTED_EDGE('',*,*,#3589,.F.);
#3641 = ORIENTED_EDGE('',*,*,#2628,.T.);
#3642 = ORIENTED_EDGE('',*,*,#3643,.F.);
#3643 = EDGE_CURVE('',#2856,#2601,#3644,.T.);
#3644 = SURFACE_CURVE('',#3645,(#3649,#3656),.PCURVE_S1.);
#3645 = LINE('',#3646,#3647);
#3646 = CARTESIAN_POINT('',(68.,3.5,0.));
#3647 = VECTOR('',#3648,1.);
#3648 = DIRECTION('',(-0.707106781187,-0.707106781187,0.));
#3649 = PCURVE('',#2031,#3650);
#3650 = DEFINITIONAL_REPRESENTATION('',(#3651),#3655);
#3651 = LINE('',#3652,#3653);
#3652 = CARTESIAN_POINT('',(34.,-16.49999999884));
#3653 = VECTOR('',#3654,1.);
#3654 = DIRECTION('',(-0.707106781187,-0.707106781187));
#3655 = ( GEOMETRIC_REPRESENTATION_CONTEXT(2) 
PARAMETRIC_REPRESENTATION_CONTEXT() REPRESENTATION_CONTEXT('2D SPACE',''
  ) );
#3656 = PCURVE('',#2616,#3657);
#3657 = DEFINITIONAL_REPRESENTATION('',(#3658),#3662);
#3658 = LINE('',#3659,#3660);
#3659 = CARTESIAN_POINT('',(0.,0.));
#3660 = VECTOR('',#3661,1.);
#3661 = DIRECTION('',(1.,0.));
#3662 = ( GEOMETRIC_REPRESENTATION_CONTEXT(2) 
PARAMETRIC_REPRESENTATION_CONTEXT() REPRESENTATION_CONTEXT('2D SPACE',''
  ) );
#3663 = ORIENTED_EDGE('',*,*,#2855,.T.);
#3664 = ORIENTED_EDGE('',*,*,#3665,.F.);
#3665 = EDGE_CURVE('',#2450,#2833,#3666,.T.);
#3666 = SURFACE_CURVE('',#3667,(#3671,#3678),.PCURVE_S1.);
#3667 = LINE('',#3668,#3669);
#3668 = CARTESIAN_POINT('',(64.5,40.,0.));
#3669 = VECTOR('',#3670,1.);
#3670 = DIRECTION('',(0.707106781187,-0.707106781187,0.));
#3671 = PCURVE('',#2031,#3672);
#3672 = DEFINITIONAL_REPRESENTATION('',(#3673),#3677);
#3673 = LINE('',#3674,#3675);
#3674 = CARTESIAN_POINT('',(30.5,20.000000001155));
#3675 = VECTOR('',#3676,1.);
#3676 = DIRECTION('',(0.707106781187,-0.707106781187));
#3677 = ( GEOMETRIC_REPRESENTATION_CONTEXT(2) 
PARAMETRIC_REPRESENTATION_CONTEXT() REPRESENTATION_CONTEXT('2D SPACE',''
  ) );
#3678 = PCURVE('',#2465,#3679);
#3679 = DEFINITIONAL_REPRESENTATION('',(#3680),#3684);
#3680 = LINE('',#3681,#3682);
#3681 = CARTESIAN_POINT('',(0.,0.));
#3682 = VECTOR('',#3683,1.);
#3683 = DIRECTION('',(1.,0.));
#3684 = ( GEOMETRIC_REPRESENTATION_CONTEXT(2) 
PARAMETRIC_REPRESENTATION_CONTEXT() REPRESENTATION_CONTEXT('2D SPACE',''
  ) );
#3685 = ORIENTED_EDGE('',*,*,#2477,.F.);
#3686 = ORIENTED_EDGE('',*,*,#3687,.F.);
#3687 = EDGE_CURVE('',#1988,#2478,#3688,.T.);
#3688 = SURFACE_CURVE('',#3689,(#3693,#3700),.PCURVE_S1.);
#3689 = LINE('',#3690,#3691);
#3690 = CARTESIAN_POINT('',(0.,36.5,0.));
#3691 = VECTOR('',#3692,1.);
#3692 = DIRECTION('',(0.707106781187,0.707106781187,0.));
#3693 = PCURVE('',#2031,#3694);
#3694 = DEFINITIONAL_REPRESENTATION('',(#3695),#3699);
#3695 = LINE('',#3696,#3697);
#3696 = CARTESIAN_POINT('',(-34.,16.500000001155));
#3697 = VECTOR('',#3698,1.);
#3698 = DIRECTION('',(0.707106781187,0.707106781187));
#3699 = ( GEOMETRIC_REPRESENTATION_CONTEXT(2) 
PARAMETRIC_REPRESENTATION_CONTEXT() REPRESENTATION_CONTEXT('2D SPACE',''
  ) );
#3700 = PCURVE('',#2003,#3701);
#3701 = DEFINITIONAL_REPRESENTATION('',(#3702),#3706);
#3702 = LINE('',#3703,#3704);
#3703 = CARTESIAN_POINT('',(0.,0.));
#3704 = VECTOR('',#3705,1.);
#3705 = DIRECTION('',(1.,0.));
#3706 = ( GEOMETRIC_REPRESENTATION_CONTEXT(2) 
PARAMETRIC_REPRESENTATION_CONTEXT() REPRESENTATION_CONTEXT('2D SPACE',''
  ) );
#3707 = ADVANCED_FACE('',(#3708),#2003,.F.);
#3708 = FACE_BOUND('',#3709,.F.);
#3709 = EDGE_LOOP('',(#3710,#3711,#3712,#3713));
#3710 = ORIENTED_EDGE('',*,*,#1987,.T.);
#3711 = ORIENTED_EDGE('',*,*,#3615,.T.);
#3712 = ORIENTED_EDGE('',*,*,#2500,.F.);
#3713 = ORIENTED_EDGE('',*,*,#3687,.F.);
#3714 = ADVANCED_FACE('',(#3715),#2437,.T.);
#3715 = FACE_BOUND('',#3716,.T.);
#3716 = EDGE_LOOP('',(#3717,#3718,#3719,#3740));
#3717 = ORIENTED_EDGE('',*,*,#2724,.F.);
#3718 = ORIENTED_EDGE('',*,*,#2421,.T.);
#3719 = ORIENTED_EDGE('',*,*,#3720,.T.);
#3720 = EDGE_CURVE('',#2422,#2810,#3721,.T.);
#3721 = SURFACE_CURVE('',#3722,(#3726,#3733),.PCURVE_S1.);
#3722 = LINE('',#3723,#3724);
#3723 = CARTESIAN_POINT('',(64.5,40.,6.5));
#3724 = VECTOR('',#3725,1.);
#3725 = DIRECTION('',(0.707106781187,-0.707106781187,0.));
#3726 = PCURVE('',#2437,#3727);
#3727 = DEFINITIONAL_REPRESENTATION('',(#3728),#3732);
#3728 = LINE('',#3729,#3730);
#3729 = CARTESIAN_POINT('',(-2.262563132924,1.237436867076));
#3730 = VECTOR('',#3731,1.);
#3731 = DIRECTION('',(0.707106781187,-0.707106781187));
#3732 = ( GEOMETRIC_REPRESENTATION_CONTEXT(2) 
PARAMETRIC_REPRESENTATION_CONTEXT() REPRESENTATION_CONTEXT('2D SPACE',''
  ) );
#3733 = PCURVE('',#2465,#3734);
#3734 = DEFINITIONAL_REPRESENTATION('',(#3735),#3739);
#3735 = LINE('',#3736,#3737);
#3736 = CARTESIAN_POINT('',(0.,-6.5));
#3737 = VECTOR('',#3738,1.);
#3738 = DIRECTION('',(1.,0.));
#3739 = ( GEOMETRIC_REPRESENTATION_CONTEXT(2) 
PARAMETRIC_REPRESENTATION_CONTEXT() REPRESENTATION_CONTEXT('2D SPACE',''
  ) );
#3740 = ORIENTED_EDGE('',*,*,#2809,.T.);
#3741 = ADVANCED_FACE('',(#3742),#2465,.F.);
#3742 = FACE_BOUND('',#3743,.F.);
#3743 = EDGE_LOOP('',(#3744,#3745,#3746,#3747));
#3744 = ORIENTED_EDGE('',*,*,#2449,.T.);
#3745 = ORIENTED_EDGE('',*,*,#3720,.T.);
#3746 = ORIENTED_EDGE('',*,*,#2832,.F.);
#3747 = ORIENTED_EDGE('',*,*,#3665,.F.);
#3748 = ADVANCED_FACE('',(#3749),#2588,.T.);
#3749 = FACE_BOUND('',#3750,.T.);
#3750 = EDGE_LOOP('',(#3751,#3752,#3753,#3774));
#3751 = ORIENTED_EDGE('',*,*,#2756,.F.);
#3752 = ORIENTED_EDGE('',*,*,#2901,.T.);
#3753 = ORIENTED_EDGE('',*,*,#3754,.T.);
#3754 = EDGE_CURVE('',#2879,#2573,#3755,.T.);
#3755 = SURFACE_CURVE('',#3756,(#3760,#3767),.PCURVE_S1.);
#3756 = LINE('',#3757,#3758);
#3757 = CARTESIAN_POINT('',(68.,3.5,6.5));
#3758 = VECTOR('',#3759,1.);
#3759 = DIRECTION('',(-0.707106781187,-0.707106781187,0.));
#3760 = PCURVE('',#2588,#3761);
#3761 = DEFINITIONAL_REPRESENTATION('',(#3762),#3766);
#3762 = LINE('',#3763,#3764);
#3763 = CARTESIAN_POINT('',(1.237436867076,2.262563132924));
#3764 = VECTOR('',#3765,1.);
#3765 = DIRECTION('',(-0.707106781187,-0.707106781187));
#3766 = ( GEOMETRIC_REPRESENTATION_CONTEXT(2) 
PARAMETRIC_REPRESENTATION_CONTEXT() REPRESENTATION_CONTEXT('2D SPACE',''
  ) );
#3767 = PCURVE('',#2616,#3768);
#3768 = DEFINITIONAL_REPRESENTATION('',(#3769),#3773);
#3769 = LINE('',#3770,#3771);
#3770 = CARTESIAN_POINT('',(0.,-6.5));
#3771 = VECTOR('',#3772,1.);
#3772 = DIRECTION('',(1.,0.));
#3773 = ( GEOMETRIC_REPRESENTATION_CONTEXT(2) 
PARAMETRIC_REPRESENTATION_CONTEXT() REPRESENTATION_CONTEXT('2D SPACE',''
  ) );
#3774 = ORIENTED_EDGE('',*,*,#2572,.T.);
#3775 = ADVANCED_FACE('',(#3776),#2616,.F.);
#3776 = FACE_BOUND('',#3777,.F.);
#3777 = EDGE_LOOP('',(#3778,#3779,#3780,#3781));
#3778 = ORIENTED_EDGE('',*,*,#2878,.T.);
#3779 = ORIENTED_EDGE('',*,*,#3754,.T.);
#3780 = ORIENTED_EDGE('',*,*,#2600,.F.);
#3781 = ORIENTED_EDGE('',*,*,#3643,.F.);
#3782 = ADVANCED_FACE('',(#3783),#2986,.F.);
#3783 = FACE_BOUND('',#3784,.F.);
#3784 = EDGE_LOOP('',(#3785,#3786,#3787,#3788,#3789,#3790,#3791,#3792));
#3785 = ORIENTED_EDGE('',*,*,#2972,.F.);
#3786 = ORIENTED_EDGE('',*,*,#3530,.F.);
#3787 = ORIENTED_EDGE('',*,*,#3503,.F.);
#3788 = ORIENTED_EDGE('',*,*,#3450,.F.);
#3789 = ORIENTED_EDGE('',*,*,#3395,.F.);
#3790 = ORIENTED_EDGE('',*,*,#3342,.F.);
#3791 = ORIENTED_EDGE('',*,*,#3294,.F.);
#3792 = ORIENTED_EDGE('',*,*,#3241,.F.);
#3793 = ( GEOMETRIC_REPRESENTATION_CONTEXT(3) 
GLOBAL_UNCERTAINTY_ASSIGNED_CONTEXT((#3797)) 
GLOBAL_UNIT_ASSIGNED_CONTEXT((#3794,#3795,#3796)) REPRESENTATION_CONTEXT
('Context #1','3D Context with UNIT and UNCERTAINTY') );
#3794 = ( LENGTH_UNIT() NAMED_UNIT(*) SI_UNIT(.MILLI.,.METRE.) );
#3795 = ( NAMED_UNIT(*) PLANE_ANGLE_UNIT() SI_UNIT($,.RADIAN.) );
#3796 = ( NAMED_UNIT(*) SI_UNIT($,.STERADIAN.) SOLID_ANGLE_UNIT() );
#3797 = UNCERTAINTY_MEASURE_WITH_UNIT(LENGTH_MEASURE(1.E-07),#3794,
  'distance_accuracy_value','confusion accuracy');
#3798 = CONTEXT_DEPENDENT_SHAPE_REPRESENTATION(#3799,#3801);
#3799 = ( REPRESENTATION_RELATIONSHIP('','',#40,#10) 
REPRESENTATION_RELATIONSHIP_WITH_TRANSFORMATION(#3800) 
SHAPE_REPRESENTATION_RELATIONSHIP() );
#3800 = ITEM_DEFINED_TRANSFORMATION('','',#11,#15);
#3801 = PRODUCT_DEFINITION_SHAPE('Placement','Placement of an item',
  #3802);
#3802 = NEXT_ASSEMBLY_USAGE_OCCURRENCE('1','box','',#5,#35,$);
#3803 = PRODUCT_RELATED_PRODUCT_CATEGORY('part',$,(#37));
#3804 = SHAPE_DEFINITION_REPRESENTATION(#3805,#3811);
#3805 = PRODUCT_DEFINITION_SHAPE('','',#3806);
#3806 = PRODUCT_DEFINITION('design','',#3807,#3810);
#3807 = PRODUCT_DEFINITION_FORMATION('','',#3808);
#3808 = PRODUCT('midplate','midplate','',(#3809));
#3809 = PRODUCT_CONTEXT('',#2,'mechanical');
#3810 = PRODUCT_DEFINITION_CONTEXT('part definition',#2,'design');
#3811 = ADVANCED_BREP_SHAPE_REPRESENTATION('',(#11,#3812),#13781);
#3812 = MANIFOLD_SOLID_BREP('',#3813);
#3813 = CLOSED_SHELL('',(#3814,#3934,#4019,#4146,#5289,#5339,#5397,#6675
    ,#6681,#6730,#6757,#6806,#6877,#6928,#6977,#7026,#7097,#7147,#7196,
    #7245,#7316,#7364,#7413,#7440,#7511,#7538,#7587,#7614,#7664,#7714,
    #7763,#7812,#7883,#7954,#8003,#8052,#8123,#8194,#8243,#8292,#8342,
    #8413,#8462,#8511,#8560,#8615,#8670,#8725,#8752,#8779,#8785,#8792,
    #8818,#8845,#8851,#8858,#8884,#8910,#8936,#8963,#8969,#8976,#9002,
    #9028,#9054,#9081,#9087,#9094,#9120,#9147,#9153,#9160,#9186,#9193,
    #9219,#9245,#9272,#9278,#9635,#9992,#10349,#10452,#10501,#10577,
    #10630,#10712,#10761,#10837,#10885,#10967,#11016,#11092,#11119,
    #11222,#11271,#11347,#11400,#11482,#11531,#11607,#11655,#11737,
    #11786,#11862,#11889,#11992,#12041,#12117,#12170,#12252,#12301,
    #12377,#12425,#12507,#12556,#12632,#12659,#12708,#12736,#12762,
    #12909,#12935,#12963,#12969,#12995,#13023,#13029,#13078,#13106,
    #13132,#13279,#13305,#13333,#13339,#13365,#13393,#13399,#13448,
    #13476,#13502,#13649,#13675,#13703,#13709,#13735,#13763,#13769,
    #13773,#13777));
#3814 = ADVANCED_FACE('',(#3815),#3829,.T.);
#3815 = FACE_BOUND('',#3816,.T.);
#3816 = EDGE_LOOP('',(#3817,#3852,#3880,#3908));
#3817 = ORIENTED_EDGE('',*,*,#3818,.F.);
#3818 = EDGE_CURVE('',#3819,#3821,#3823,.T.);
#3819 = VERTEX_POINT('',#3820);
#3820 = CARTESIAN_POINT('',(-2.775557561563E-17,1.999999999999,0.4));
#3821 = VERTEX_POINT('',#3822);
#3822 = CARTESIAN_POINT('',(-3.330669073875E-16,16.8,0.4));
#3823 = SURFACE_CURVE('',#3824,(#3828,#3840),.PCURVE_S1.);
#3824 = LINE('',#3825,#3826);
#3825 = CARTESIAN_POINT('',(0.,1.999999999999,0.4));
#3826 = VECTOR('',#3827,1.);
#3827 = DIRECTION('',(0.,1.,0.));
#3828 = PCURVE('',#3829,#3834);
#3829 = PLANE('',#3830);
#3830 = AXIS2_PLACEMENT_3D('',#3831,#3832,#3833);
#3831 = CARTESIAN_POINT('',(0.,1.999999999999,0.));
#3832 = DIRECTION('',(-1.,0.,0.));
#3833 = DIRECTION('',(0.,1.,0.));
#3834 = DEFINITIONAL_REPRESENTATION('',(#3835),#3839);
#3835 = LINE('',#3836,#3837);
#3836 = CARTESIAN_POINT('',(0.,-0.4));
#3837 = VECTOR('',#3838,1.);
#3838 = DIRECTION('',(1.,0.));
#3839 = ( GEOMETRIC_REPRESENTATION_CONTEXT(2) 
PARAMETRIC_REPRESENTATION_CONTEXT() REPRESENTATION_CONTEXT('2D SPACE',''
  ) );
#3840 = PCURVE('',#3841,#3846);
#3841 = PLANE('',#3842);
#3842 = AXIS2_PLACEMENT_3D('',#3843,#3844,#3845);
#3843 = CARTESIAN_POINT('',(0.2,1.999999999999,0.2));
#3844 = DIRECTION('',(0.707106781187,0.,0.707106781187));
#3845 = DIRECTION('',(0.,-1.,0.));
#3846 = DEFINITIONAL_REPRESENTATION('',(#3847),#3851);
#3847 = LINE('',#3848,#3849);
#3848 = CARTESIAN_POINT('',(0.,-0.282842712475));
#3849 = VECTOR('',#3850,1.);
#3850 = DIRECTION('',(-1.,0.));
#3851 = ( GEOMETRIC_REPRESENTATION_CONTEXT(2) 
PARAMETRIC_REPRESENTATION_CONTEXT() REPRESENTATION_CONTEXT('2D SPACE',''
  ) );
#3852 = ORIENTED_EDGE('',*,*,#3853,.T.);
#3853 = EDGE_CURVE('',#3819,#3854,#3856,.T.);
#3854 = VERTEX_POINT('',#3855);
#3855 = CARTESIAN_POINT('',(0.,1.999999999999,2.4));
#3856 = SURFACE_CURVE('',#3857,(#3861,#3868),.PCURVE_S1.);
#3857 = LINE('',#3858,#3859);
#3858 = CARTESIAN_POINT('',(0.,1.999999999999,0.));
#3859 = VECTOR('',#3860,1.);
#3860 = DIRECTION('',(0.,0.,1.));
#3861 = PCURVE('',#3829,#3862);
#3862 = DEFINITIONAL_REPRESENTATION('',(#3863),#3867);
#3863 = LINE('',#3864,#3865);
#3864 = CARTESIAN_POINT('',(0.,0.));
#3865 = VECTOR('',#3866,1.);
#3866 = DIRECTION('',(0.,-1.));
#3867 = ( GEOMETRIC_REPRESENTATION_CONTEXT(2) 
PARAMETRIC_REPRESENTATION_CONTEXT() REPRESENTATION_CONTEXT('2D SPACE',''
  ) );
#3868 = PCURVE('',#3869,#3874);
#3869 = CYLINDRICAL_SURFACE('',#3870,2.);
#3870 = AXIS2_PLACEMENT_3D('',#3871,#3872,#3873);
#3871 = CARTESIAN_POINT('',(2.,1.999999999999,0.));
#3872 = DIRECTION('',(-0.,-0.,-1.));
#3873 = DIRECTION('',(1.,0.,0.));
#3874 = DEFINITIONAL_REPRESENTATION('',(#3875),#3879);
#3875 = LINE('',#3876,#3877);
#3876 = CARTESIAN_POINT('',(3.14159265359,0.));
#3877 = VECTOR('',#3878,1.);
#3878 = DIRECTION('',(-0.,-1.));
#3879 = ( GEOMETRIC_REPRESENTATION_CONTEXT(2) 
PARAMETRIC_REPRESENTATION_CONTEXT() REPRESENTATION_CONTEXT('2D SPACE',''
  ) );
#3880 = ORIENTED_EDGE('',*,*,#3881,.T.);
#3881 = EDGE_CURVE('',#3854,#3882,#3884,.T.);
#3882 = VERTEX_POINT('',#3883);
#3883 = CARTESIAN_POINT('',(-6.661338147751E-16,16.8,2.4));
#3884 = SURFACE_CURVE('',#3885,(#3889,#3896),.PCURVE_S1.);
#3885 = LINE('',#3886,#3887);
#3886 = CARTESIAN_POINT('',(0.,19.800000000001,2.4));
#3887 = VECTOR('',#3888,1.);
#3888 = DIRECTION('',(0.,1.,0.));
#3889 = PCURVE('',#3829,#3890);
#3890 = DEFINITIONAL_REPRESENTATION('',(#3891),#3895);
#3891 = LINE('',#3892,#3893);
#3892 = CARTESIAN_POINT('',(17.800000000002,-2.4));
#3893 = VECTOR('',#3894,1.);
#3894 = DIRECTION('',(1.,0.));
#3895 = ( GEOMETRIC_REPRESENTATION_CONTEXT(2) 
PARAMETRIC_REPRESENTATION_CONTEXT() REPRESENTATION_CONTEXT('2D SPACE',''
  ) );
#3896 = PCURVE('',#3897,#3902);
#3897 = PLANE('',#3898);
#3898 = AXIS2_PLACEMENT_3D('',#3899,#3900,#3901);
#3899 = CARTESIAN_POINT('',(33.8,19.799999999068,2.4));
#3900 = DIRECTION('',(0.,0.,1.));
#3901 = DIRECTION('',(1.,0.,-0.));
#3902 = DEFINITIONAL_REPRESENTATION('',(#3903),#3907);
#3903 = LINE('',#3904,#3905);
#3904 = CARTESIAN_POINT('',(-33.8,9.329994554719E-10));
#3905 = VECTOR('',#3906,1.);
#3906 = DIRECTION('',(0.,1.));
#3907 = ( GEOMETRIC_REPRESENTATION_CONTEXT(2) 
PARAMETRIC_REPRESENTATION_CONTEXT() REPRESENTATION_CONTEXT('2D SPACE',''
  ) );
#3908 = ORIENTED_EDGE('',*,*,#3909,.F.);
#3909 = EDGE_CURVE('',#3821,#3882,#3910,.T.);
#3910 = SURFACE_CURVE('',#3911,(#3915,#3922),.PCURVE_S1.);
#3911 = LINE('',#3912,#3913);
#3912 = CARTESIAN_POINT('',(-6.661338147751E-16,16.8,0.));
#3913 = VECTOR('',#3914,1.);
#3914 = DIRECTION('',(0.,0.,1.));
#3915 = PCURVE('',#3829,#3916);
#3916 = DEFINITIONAL_REPRESENTATION('',(#3917),#3921);
#3917 = LINE('',#3918,#3919);
#3918 = CARTESIAN_POINT('',(14.800000000001,0.));
#3919 = VECTOR('',#3920,1.);
#3920 = DIRECTION('',(0.,-1.));
#3921 = ( GEOMETRIC_REPRESENTATION_CONTEXT(2) 
PARAMETRIC_REPRESENTATION_CONTEXT() REPRESENTATION_CONTEXT('2D SPACE',''
  ) );
#3922 = PCURVE('',#3923,#3928);
#3923 = PLANE('',#3924);
#3924 = AXIS2_PLACEMENT_3D('',#3925,#3926,#3927);
#3925 = CARTESIAN_POINT('',(-0.3,17.1,0.));
#3926 = DIRECTION('',(0.707106781187,0.707106781187,0.));
#3927 = DIRECTION('',(0.707106781187,-0.707106781187,0.));
#3928 = DEFINITIONAL_REPRESENTATION('',(#3929),#3933);
#3929 = LINE('',#3930,#3931);
#3930 = CARTESIAN_POINT('',(0.424264068712,0.));
#3931 = VECTOR('',#3932,1.);
#3932 = DIRECTION('',(0.,-1.));
#3933 = ( GEOMETRIC_REPRESENTATION_CONTEXT(2) 
PARAMETRIC_REPRESENTATION_CONTEXT() REPRESENTATION_CONTEXT('2D SPACE',''
  ) );
#3934 = ADVANCED_FACE('',(#3935),#3841,.F.);
#3935 = FACE_BOUND('',#3936,.T.);
#3936 = EDGE_LOOP('',(#3937,#3964,#3965,#3993));
#3937 = ORIENTED_EDGE('',*,*,#3938,.F.);
#3938 = EDGE_CURVE('',#3819,#3939,#3941,.T.);
#3939 = VERTEX_POINT('',#3940);
#3940 = CARTESIAN_POINT('',(0.4,1.999999999999,-2.775557561563E-17));
#3941 = SURFACE_CURVE('',#3942,(#3946,#3953),.PCURVE_S1.);
#3942 = LINE('',#3943,#3944);
#3943 = CARTESIAN_POINT('',(0.2,1.999999999999,0.2));
#3944 = VECTOR('',#3945,1.);
#3945 = DIRECTION('',(0.707106781187,0.,-0.707106781187));
#3946 = PCURVE('',#3841,#3947);
#3947 = DEFINITIONAL_REPRESENTATION('',(#3948),#3952);
#3948 = LINE('',#3949,#3950);
#3949 = CARTESIAN_POINT('',(0.,0.));
#3950 = VECTOR('',#3951,1.);
#3951 = DIRECTION('',(0.,1.));
#3952 = ( GEOMETRIC_REPRESENTATION_CONTEXT(2) 
PARAMETRIC_REPRESENTATION_CONTEXT() REPRESENTATION_CONTEXT('2D SPACE',''
  ) );
#3953 = PCURVE('',#3954,#3959);
#3954 = CONICAL_SURFACE('',#3955,2.,0.785398163397);
#3955 = AXIS2_PLACEMENT_3D('',#3956,#3957,#3958);
#3956 = CARTESIAN_POINT('',(2.,1.999999999999,0.4));
#3957 = DIRECTION('',(0.,0.,1.));
#3958 = DIRECTION('',(0.,-1.,0.));
#3959 = DEFINITIONAL_REPRESENTATION('',(#3960),#3963);
#3960 = B_SPLINE_CURVE_WITH_KNOTS('',1,(#3961,#3962),.UNSPECIFIED.,.F.,
  .F.,(2,2),(-0.282842712475,0.282842712475),.PIECEWISE_BEZIER_KNOTS.);
#3961 = CARTESIAN_POINT('',(4.712388980385,0.));
#3962 = CARTESIAN_POINT('',(4.712388980385,-0.4));
#3963 = ( GEOMETRIC_REPRESENTATION_CONTEXT(2) 
PARAMETRIC_REPRESENTATION_CONTEXT() REPRESENTATION_CONTEXT('2D SPACE',''
  ) );
#3964 = ORIENTED_EDGE('',*,*,#3818,.T.);
#3965 = ORIENTED_EDGE('',*,*,#3966,.T.);
#3966 = EDGE_CURVE('',#3821,#3967,#3969,.T.);
#3967 = VERTEX_POINT('',#3968);
#3968 = CARTESIAN_POINT('',(0.4,16.8,0.));
#3969 = SURFACE_CURVE('',#3970,(#3974,#3981),.PCURVE_S1.);
#3970 = LINE('',#3971,#3972);
#3971 = CARTESIAN_POINT('',(0.2,16.8,0.2));
#3972 = VECTOR('',#3973,1.);
#3973 = DIRECTION('',(0.707106781187,-1.570092458683E-16,-0.707106781187
    ));
#3974 = PCURVE('',#3841,#3975);
#3975 = DEFINITIONAL_REPRESENTATION('',(#3976),#3980);
#3976 = LINE('',#3977,#3978);
#3977 = CARTESIAN_POINT('',(-14.8,0.));
#3978 = VECTOR('',#3979,1.);
#3979 = DIRECTION('',(1.570092458683E-16,1.));
#3980 = ( GEOMETRIC_REPRESENTATION_CONTEXT(2) 
PARAMETRIC_REPRESENTATION_CONTEXT() REPRESENTATION_CONTEXT('2D SPACE',''
  ) );
#3981 = PCURVE('',#3982,#3987);
#3982 = PLANE('',#3983);
#3983 = AXIS2_PLACEMENT_3D('',#3984,#3985,#3986);
#3984 = CARTESIAN_POINT('',(-6.661338147751E-16,16.8,0.));
#3985 = DIRECTION('',(2.22044604925E-16,1.,0.));
#3986 = DIRECTION('',(1.,-2.22044604925E-16,0.));
#3987 = DEFINITIONAL_REPRESENTATION('',(#3988),#3992);
#3988 = LINE('',#3989,#3990);
#3989 = CARTESIAN_POINT('',(0.2,-0.2));
#3990 = VECTOR('',#3991,1.);
#3991 = DIRECTION('',(0.707106781187,0.707106781187));
#3992 = ( GEOMETRIC_REPRESENTATION_CONTEXT(2) 
PARAMETRIC_REPRESENTATION_CONTEXT() REPRESENTATION_CONTEXT('2D SPACE',''
  ) );
#3993 = ORIENTED_EDGE('',*,*,#3994,.F.);
#3994 = EDGE_CURVE('',#3939,#3967,#3995,.T.);
#3995 = SURFACE_CURVE('',#3996,(#4000,#4007),.PCURVE_S1.);
#3996 = LINE('',#3997,#3998);
#3997 = CARTESIAN_POINT('',(0.4,1.999999999999,0.));
#3998 = VECTOR('',#3999,1.);
#3999 = DIRECTION('',(0.,1.,0.));
#4000 = PCURVE('',#3841,#4001);
#4001 = DEFINITIONAL_REPRESENTATION('',(#4002),#4006);
#4002 = LINE('',#4003,#4004);
#4003 = CARTESIAN_POINT('',(0.,0.282842712475));
#4004 = VECTOR('',#4005,1.);
#4005 = DIRECTION('',(-1.,0.));
#4006 = ( GEOMETRIC_REPRESENTATION_CONTEXT(2) 
PARAMETRIC_REPRESENTATION_CONTEXT() REPRESENTATION_CONTEXT('2D SPACE',''
  ) );
#4007 = PCURVE('',#4008,#4013);
#4008 = PLANE('',#4009);
#4009 = AXIS2_PLACEMENT_3D('',#4010,#4011,#4012);
#4010 = CARTESIAN_POINT('',(33.8,19.799999999068,0.));
#4011 = DIRECTION('',(0.,0.,1.));
#4012 = DIRECTION('',(1.,0.,-0.));
#4013 = DEFINITIONAL_REPRESENTATION('',(#4014),#4018);
#4014 = LINE('',#4015,#4016);
#4015 = CARTESIAN_POINT('',(-33.4,-17.79999999906));
#4016 = VECTOR('',#4017,1.);
#4017 = DIRECTION('',(0.,1.));
#4018 = ( GEOMETRIC_REPRESENTATION_CONTEXT(2) 
PARAMETRIC_REPRESENTATION_CONTEXT() REPRESENTATION_CONTEXT('2D SPACE',''
  ) );
#4019 = ADVANCED_FACE('',(#4020),#3923,.F.);
#4020 = FACE_BOUND('',#4021,.F.);
#4021 = EDGE_LOOP('',(#4022,#4052,#4073,#4074,#4097,#4120));
#4022 = ORIENTED_EDGE('',*,*,#4023,.T.);
#4023 = EDGE_CURVE('',#4024,#4026,#4028,.T.);
#4024 = VERTEX_POINT('',#4025);
#4025 = CARTESIAN_POINT('',(-0.3,17.1,0.25));
#4026 = VERTEX_POINT('',#4027);
#4027 = CARTESIAN_POINT('',(-0.3,17.1,2.4));
#4028 = SURFACE_CURVE('',#4029,(#4033,#4040),.PCURVE_S1.);
#4029 = LINE('',#4030,#4031);
#4030 = CARTESIAN_POINT('',(-0.3,17.1,0.));
#4031 = VECTOR('',#4032,1.);
#4032 = DIRECTION('',(0.,0.,1.));
#4033 = PCURVE('',#3923,#4034);
#4034 = DEFINITIONAL_REPRESENTATION('',(#4035),#4039);
#4035 = LINE('',#4036,#4037);
#4036 = CARTESIAN_POINT('',(0.,0.));
#4037 = VECTOR('',#4038,1.);
#4038 = DIRECTION('',(0.,-1.));
#4039 = ( GEOMETRIC_REPRESENTATION_CONTEXT(2) 
PARAMETRIC_REPRESENTATION_CONTEXT() REPRESENTATION_CONTEXT('2D SPACE',''
  ) );
#4040 = PCURVE('',#4041,#4046);
#4041 = PLANE('',#4042);
#4042 = AXIS2_PLACEMENT_3D('',#4043,#4044,#4045);
#4043 = CARTESIAN_POINT('',(-0.3,22.5,0.));
#4044 = DIRECTION('',(1.,-2.22044604925E-16,0.));
#4045 = DIRECTION('',(-2.22044604925E-16,-1.,0.));
#4046 = DEFINITIONAL_REPRESENTATION('',(#4047),#4051);
#4047 = LINE('',#4048,#4049);
#4048 = CARTESIAN_POINT('',(5.4,0.));
#4049 = VECTOR('',#4050,1.);
#4050 = DIRECTION('',(0.,-1.));
#4051 = ( GEOMETRIC_REPRESENTATION_CONTEXT(2) 
PARAMETRIC_REPRESENTATION_CONTEXT() REPRESENTATION_CONTEXT('2D SPACE',''
  ) );
#4052 = ORIENTED_EDGE('',*,*,#4053,.T.);
#4053 = EDGE_CURVE('',#4026,#3882,#4054,.T.);
#4054 = SURFACE_CURVE('',#4055,(#4059,#4066),.PCURVE_S1.);
#4055 = LINE('',#4056,#4057);
#4056 = CARTESIAN_POINT('',(-0.3,17.1,2.4));
#4057 = VECTOR('',#4058,1.);
#4058 = DIRECTION('',(0.707106781187,-0.707106781187,0.));
#4059 = PCURVE('',#3923,#4060);
#4060 = DEFINITIONAL_REPRESENTATION('',(#4061),#4065);
#4061 = LINE('',#4062,#4063);
#4062 = CARTESIAN_POINT('',(0.,-2.4));
#4063 = VECTOR('',#4064,1.);
#4064 = DIRECTION('',(1.,0.));
#4065 = ( GEOMETRIC_REPRESENTATION_CONTEXT(2) 
PARAMETRIC_REPRESENTATION_CONTEXT() REPRESENTATION_CONTEXT('2D SPACE',''
  ) );
#4066 = PCURVE('',#3897,#4067);
#4067 = DEFINITIONAL_REPRESENTATION('',(#4068),#4072);
#4068 = LINE('',#4069,#4070);
#4069 = CARTESIAN_POINT('',(-34.1,-2.699999999068));
#4070 = VECTOR('',#4071,1.);
#4071 = DIRECTION('',(0.707106781187,-0.707106781187));
#4072 = ( GEOMETRIC_REPRESENTATION_CONTEXT(2) 
PARAMETRIC_REPRESENTATION_CONTEXT() REPRESENTATION_CONTEXT('2D SPACE',''
  ) );
#4073 = ORIENTED_EDGE('',*,*,#3909,.F.);
#4074 = ORIENTED_EDGE('',*,*,#4075,.F.);
#4075 = EDGE_CURVE('',#4076,#3821,#4078,.T.);
#4076 = VERTEX_POINT('',#4077);
#4077 = CARTESIAN_POINT('',(-6.661338147751E-16,16.8,0.));
#4078 = SURFACE_CURVE('',#4079,(#4083,#4090),.PCURVE_S1.);
#4079 = LINE('',#4080,#4081);
#4080 = CARTESIAN_POINT('',(-6.661338147751E-16,16.8,0.));
#4081 = VECTOR('',#4082,1.);
#4082 = DIRECTION('',(0.,0.,1.));
#4083 = PCURVE('',#3923,#4084);
#4084 = DEFINITIONAL_REPRESENTATION('',(#4085),#4089);
#4085 = LINE('',#4086,#4087);
#4086 = CARTESIAN_POINT('',(0.424264068712,0.));
#4087 = VECTOR('',#4088,1.);
#4088 = DIRECTION('',(0.,-1.));
#4089 = ( GEOMETRIC_REPRESENTATION_CONTEXT(2) 
PARAMETRIC_REPRESENTATION_CONTEXT() REPRESENTATION_CONTEXT('2D SPACE',''
  ) );
#4090 = PCURVE('',#3982,#4091);
#4091 = DEFINITIONAL_REPRESENTATION('',(#4092),#4096);
#4092 = LINE('',#4093,#4094);
#4093 = CARTESIAN_POINT('',(0.,0.));
#4094 = VECTOR('',#4095,1.);
#4095 = DIRECTION('',(0.,-1.));
#4096 = ( GEOMETRIC_REPRESENTATION_CONTEXT(2) 
PARAMETRIC_REPRESENTATION_CONTEXT() REPRESENTATION_CONTEXT('2D SPACE',''
  ) );
#4097 = ORIENTED_EDGE('',*,*,#4098,.F.);
#4098 = EDGE_CURVE('',#4099,#4076,#4101,.T.);
#4099 = VERTEX_POINT('',#4100);
#4100 = CARTESIAN_POINT('',(-5.E-02,16.85,-2.775557561563E-17));
#4101 = SURFACE_CURVE('',#4102,(#4106,#4113),.PCURVE_S1.);
#4102 = LINE('',#4103,#4104);
#4103 = CARTESIAN_POINT('',(-0.3,17.1,0.));
#4104 = VECTOR('',#4105,1.);
#4105 = DIRECTION('',(0.707106781187,-0.707106781187,0.));
#4106 = PCURVE('',#3923,#4107);
#4107 = DEFINITIONAL_REPRESENTATION('',(#4108),#4112);
#4108 = LINE('',#4109,#4110);
#4109 = CARTESIAN_POINT('',(0.,0.));
#4110 = VECTOR('',#4111,1.);
#4111 = DIRECTION('',(1.,0.));
#4112 = ( GEOMETRIC_REPRESENTATION_CONTEXT(2) 
PARAMETRIC_REPRESENTATION_CONTEXT() REPRESENTATION_CONTEXT('2D SPACE',''
  ) );
#4113 = PCURVE('',#4008,#4114);
#4114 = DEFINITIONAL_REPRESENTATION('',(#4115),#4119);
#4115 = LINE('',#4116,#4117);
#4116 = CARTESIAN_POINT('',(-34.1,-2.699999999068));
#4117 = VECTOR('',#4118,1.);
#4118 = DIRECTION('',(0.707106781187,-0.707106781187));
#4119 = ( GEOMETRIC_REPRESENTATION_CONTEXT(2) 
PARAMETRIC_REPRESENTATION_CONTEXT() REPRESENTATION_CONTEXT('2D SPACE',''
  ) );
#4120 = ORIENTED_EDGE('',*,*,#4121,.F.);
#4121 = EDGE_CURVE('',#4024,#4099,#4122,.T.);
#4122 = SURFACE_CURVE('',#4123,(#4127,#4134),.PCURVE_S1.);
#4123 = LINE('',#4124,#4125);
#4124 = CARTESIAN_POINT('',(-1.116666666667,17.916666666667,
    1.066666666667));
#4125 = VECTOR('',#4126,1.);
#4126 = DIRECTION('',(0.57735026919,-0.57735026919,-0.57735026919));
#4127 = PCURVE('',#3923,#4128);
#4128 = DEFINITIONAL_REPRESENTATION('',(#4129),#4133);
#4129 = LINE('',#4130,#4131);
#4130 = CARTESIAN_POINT('',(-1.154941075938,-1.066666666667));
#4131 = VECTOR('',#4132,1.);
#4132 = DIRECTION('',(0.816496580928,0.57735026919));
#4133 = ( GEOMETRIC_REPRESENTATION_CONTEXT(2) 
PARAMETRIC_REPRESENTATION_CONTEXT() REPRESENTATION_CONTEXT('2D SPACE',''
  ) );
#4134 = PCURVE('',#4135,#4140);
#4135 = PLANE('',#4136);
#4136 = AXIS2_PLACEMENT_3D('',#4137,#4138,#4139);
#4137 = CARTESIAN_POINT('',(-0.175,22.5,0.125));
#4138 = DIRECTION('',(-0.707106781187,1.570092458683E-16,-0.707106781187
    ));
#4139 = DIRECTION('',(2.22044604925E-16,1.,-3.946769716434E-29));
#4140 = DEFINITIONAL_REPRESENTATION('',(#4141),#4145);
#4141 = LINE('',#4142,#4143);
#4142 = CARTESIAN_POINT('',(-4.583333333333,-1.331717771235));
#4143 = VECTOR('',#4144,1.);
#4144 = DIRECTION('',(-0.57735026919,0.816496580928));
#4145 = ( GEOMETRIC_REPRESENTATION_CONTEXT(2) 
PARAMETRIC_REPRESENTATION_CONTEXT() REPRESENTATION_CONTEXT('2D SPACE',''
  ) );
#4146 = ADVANCED_FACE('',(#4147,#5161,#5192,#5223,#5254),#3897,.T.);
#4147 = FACE_BOUND('',#4148,.T.);
#4148 = EDGE_LOOP('',(#4149,#4150,#4174,#4202,#4230,#4258,#4286,#4314,
    #4342,#4370,#4398,#4426,#4455,#4483,#4511,#4539,#4567,#4595,#4624,
    #4652,#4680,#4708,#4736,#4764,#4792,#4820,#4848,#4876,#4904,#4937,
    #4965,#4998,#5026,#5054,#5083,#5111,#5139,#5160));
#4149 = ORIENTED_EDGE('',*,*,#3881,.F.);
#4150 = ORIENTED_EDGE('',*,*,#4151,.T.);
#4151 = EDGE_CURVE('',#3854,#4152,#4154,.T.);
#4152 = VERTEX_POINT('',#4153);
#4153 = CARTESIAN_POINT('',(2.,0.,2.4));
#4154 = SURFACE_CURVE('',#4155,(#4160,#4167),.PCURVE_S1.);
#4155 = CIRCLE('',#4156,2.);
#4156 = AXIS2_PLACEMENT_3D('',#4157,#4158,#4159);
#4157 = CARTESIAN_POINT('',(2.,1.999999999999,2.4));
#4158 = DIRECTION('',(0.,0.,1.));
#4159 = DIRECTION('',(1.,0.,-0.));
#4160 = PCURVE('',#3897,#4161);
#4161 = DEFINITIONAL_REPRESENTATION('',(#4162),#4166);
#4162 = CIRCLE('',#4163,2.);
#4163 = AXIS2_PLACEMENT_2D('',#4164,#4165);
#4164 = CARTESIAN_POINT('',(-31.8,-17.79999999906));
#4165 = DIRECTION('',(1.,0.));
#4166 = ( GEOMETRIC_REPRESENTATION_CONTEXT(2) 
PARAMETRIC_REPRESENTATION_CONTEXT() REPRESENTATION_CONTEXT('2D SPACE',''
  ) );
#4167 = PCURVE('',#3869,#4168);
#4168 = DEFINITIONAL_REPRESENTATION('',(#4169),#4173);
#4169 = LINE('',#4170,#4171);
#4170 = CARTESIAN_POINT('',(6.28318530718,-2.4));
#4171 = VECTOR('',#4172,1.);
#4172 = DIRECTION('',(-1.,0.));
#4173 = ( GEOMETRIC_REPRESENTATION_CONTEXT(2) 
PARAMETRIC_REPRESENTATION_CONTEXT() REPRESENTATION_CONTEXT('2D SPACE',''
  ) );
#4174 = ORIENTED_EDGE('',*,*,#4175,.T.);
#4175 = EDGE_CURVE('',#4152,#4176,#4178,.T.);
#4176 = VERTEX_POINT('',#4177);
#4177 = CARTESIAN_POINT('',(18.,3.673940397442E-16,2.4));
#4178 = SURFACE_CURVE('',#4179,(#4183,#4190),.PCURVE_S1.);
#4179 = LINE('',#4180,#4181);
#4180 = CARTESIAN_POINT('',(33.8,6.679101716145E-13,2.4));
#4181 = VECTOR('',#4182,1.);
#4182 = DIRECTION('',(1.,0.,0.));
#4183 = PCURVE('',#3897,#4184);
#4184 = DEFINITIONAL_REPRESENTATION('',(#4185),#4189);
#4185 = LINE('',#4186,#4187);
#4186 = CARTESIAN_POINT('',(0.,-19.79999999906));
#4187 = VECTOR('',#4188,1.);
#4188 = DIRECTION('',(1.,0.));
#4189 = ( GEOMETRIC_REPRESENTATION_CONTEXT(2) 
PARAMETRIC_REPRESENTATION_CONTEXT() REPRESENTATION_CONTEXT('2D SPACE',''
  ) );
#4190 = PCURVE('',#4191,#4196);
#4191 = PLANE('',#4192);
#4192 = AXIS2_PLACEMENT_3D('',#4193,#4194,#4195);
#4193 = CARTESIAN_POINT('',(2.,6.679101716145E-13,0.));
#4194 = DIRECTION('',(0.,1.,0.));
#4195 = DIRECTION('',(1.,0.,0.));
#4196 = DEFINITIONAL_REPRESENTATION('',(#4197),#4201);
#4197 = LINE('',#4198,#4199);
#4198 = CARTESIAN_POINT('',(31.8,-2.4));
#4199 = VECTOR('',#4200,1.);
#4200 = DIRECTION('',(1.,0.));
#4201 = ( GEOMETRIC_REPRESENTATION_CONTEXT(2) 
PARAMETRIC_REPRESENTATION_CONTEXT() REPRESENTATION_CONTEXT('2D SPACE',''
  ) );
#4202 = ORIENTED_EDGE('',*,*,#4203,.T.);
#4203 = EDGE_CURVE('',#4176,#4204,#4206,.T.);
#4204 = VERTEX_POINT('',#4205);
#4205 = CARTESIAN_POINT('',(18.3,-0.3,2.4));
#4206 = SURFACE_CURVE('',#4207,(#4211,#4218),.PCURVE_S1.);
#4207 = LINE('',#4208,#4209);
#4208 = CARTESIAN_POINT('',(18.,3.673940397442E-16,2.4));
#4209 = VECTOR('',#4210,1.);
#4210 = DIRECTION('',(0.707106781187,-0.707106781187,0.));
#4211 = PCURVE('',#3897,#4212);
#4212 = DEFINITIONAL_REPRESENTATION('',(#4213),#4217);
#4213 = LINE('',#4214,#4215);
#4214 = CARTESIAN_POINT('',(-15.8,-19.79999999906));
#4215 = VECTOR('',#4216,1.);
#4216 = DIRECTION('',(0.707106781187,-0.707106781187));
#4217 = ( GEOMETRIC_REPRESENTATION_CONTEXT(2) 
PARAMETRIC_REPRESENTATION_CONTEXT() REPRESENTATION_CONTEXT('2D SPACE',''
  ) );
#4218 = PCURVE('',#4219,#4224);
#4219 = PLANE('',#4220);
#4220 = AXIS2_PLACEMENT_3D('',#4221,#4222,#4223);
#4221 = CARTESIAN_POINT('',(18.,3.673940397442E-16,0.));
#4222 = DIRECTION('',(0.707106781187,0.707106781187,0.));
#4223 = DIRECTION('',(0.707106781187,-0.707106781187,0.));
#4224 = DEFINITIONAL_REPRESENTATION('',(#4225),#4229);
#4225 = LINE('',#4226,#4227);
#4226 = CARTESIAN_POINT('',(0.,-2.4));
#4227 = VECTOR('',#4228,1.);
#4228 = DIRECTION('',(1.,0.));
#4229 = ( GEOMETRIC_REPRESENTATION_CONTEXT(2) 
PARAMETRIC_REPRESENTATION_CONTEXT() REPRESENTATION_CONTEXT('2D SPACE',''
  ) );
#4230 = ORIENTED_EDGE('',*,*,#4231,.T.);
#4231 = EDGE_CURVE('',#4204,#4232,#4234,.T.);
#4232 = VERTEX_POINT('',#4233);
#4233 = CARTESIAN_POINT('',(23.7,-0.3,2.4));
#4234 = SURFACE_CURVE('',#4235,(#4239,#4246),.PCURVE_S1.);
#4235 = LINE('',#4236,#4237);
#4236 = CARTESIAN_POINT('',(18.3,-0.3,2.4));
#4237 = VECTOR('',#4238,1.);
#4238 = DIRECTION('',(1.,-1.224646799147E-16,0.));
#4239 = PCURVE('',#3897,#4240);
#4240 = DEFINITIONAL_REPRESENTATION('',(#4241),#4245);
#4241 = LINE('',#4242,#4243);
#4242 = CARTESIAN_POINT('',(-15.5,-20.09999999906));
#4243 = VECTOR('',#4244,1.);
#4244 = DIRECTION('',(1.,-1.224646799147E-16));
#4245 = ( GEOMETRIC_REPRESENTATION_CONTEXT(2) 
PARAMETRIC_REPRESENTATION_CONTEXT() REPRESENTATION_CONTEXT('2D SPACE',''
  ) );
#4246 = PCURVE('',#4247,#4252);
#4247 = PLANE('',#4248);
#4248 = AXIS2_PLACEMENT_3D('',#4249,#4250,#4251);
#4249 = CARTESIAN_POINT('',(18.3,-0.3,0.));
#4250 = DIRECTION('',(1.224646799147E-16,1.,0.));
#4251 = DIRECTION('',(1.,-1.224646799147E-16,0.));
#4252 = DEFINITIONAL_REPRESENTATION('',(#4253),#4257);
#4253 = LINE('',#4254,#4255);
#4254 = CARTESIAN_POINT('',(0.,-2.4));
#4255 = VECTOR('',#4256,1.);
#4256 = DIRECTION('',(1.,0.));
#4257 = ( GEOMETRIC_REPRESENTATION_CONTEXT(2) 
PARAMETRIC_REPRESENTATION_CONTEXT() REPRESENTATION_CONTEXT('2D SPACE',''
  ) );
#4258 = ORIENTED_EDGE('',*,*,#4259,.T.);
#4259 = EDGE_CURVE('',#4232,#4260,#4262,.T.);
#4260 = VERTEX_POINT('',#4261);
#4261 = CARTESIAN_POINT('',(24.,-3.673940397442E-16,2.4));
#4262 = SURFACE_CURVE('',#4263,(#4267,#4274),.PCURVE_S1.);
#4263 = LINE('',#4264,#4265);
#4264 = CARTESIAN_POINT('',(23.7,-0.3,2.4));
#4265 = VECTOR('',#4266,1.);
#4266 = DIRECTION('',(0.707106781187,0.707106781187,0.));
#4267 = PCURVE('',#3897,#4268);
#4268 = DEFINITIONAL_REPRESENTATION('',(#4269),#4273);
#4269 = LINE('',#4270,#4271);
#4270 = CARTESIAN_POINT('',(-10.1,-20.09999999906));
#4271 = VECTOR('',#4272,1.);
#4272 = DIRECTION('',(0.707106781187,0.707106781187));
#4273 = ( GEOMETRIC_REPRESENTATION_CONTEXT(2) 
PARAMETRIC_REPRESENTATION_CONTEXT() REPRESENTATION_CONTEXT('2D SPACE',''
  ) );
#4274 = PCURVE('',#4275,#4280);
#4275 = PLANE('',#4276);
#4276 = AXIS2_PLACEMENT_3D('',#4277,#4278,#4279);
#4277 = CARTESIAN_POINT('',(23.7,-0.3,0.));
#4278 = DIRECTION('',(-0.707106781187,0.707106781187,0.));
#4279 = DIRECTION('',(0.707106781187,0.707106781187,0.));
#4280 = DEFINITIONAL_REPRESENTATION('',(#4281),#4285);
#4281 = LINE('',#4282,#4283);
#4282 = CARTESIAN_POINT('',(0.,-2.4));
#4283 = VECTOR('',#4284,1.);
#4284 = DIRECTION('',(1.,0.));
#4285 = ( GEOMETRIC_REPRESENTATION_CONTEXT(2) 
PARAMETRIC_REPRESENTATION_CONTEXT() REPRESENTATION_CONTEXT('2D SPACE',''
  ) );
#4286 = ORIENTED_EDGE('',*,*,#4287,.T.);
#4287 = EDGE_CURVE('',#4260,#4288,#4290,.T.);
#4288 = VERTEX_POINT('',#4289);
#4289 = CARTESIAN_POINT('',(47.,3.673940397442E-16,2.4));
#4290 = SURFACE_CURVE('',#4291,(#4295,#4302),.PCURVE_S1.);
#4291 = LINE('',#4292,#4293);
#4292 = CARTESIAN_POINT('',(33.8,6.679101716145E-13,2.4));
#4293 = VECTOR('',#4294,1.);
#4294 = DIRECTION('',(1.,0.,0.));
#4295 = PCURVE('',#3897,#4296);
#4296 = DEFINITIONAL_REPRESENTATION('',(#4297),#4301);
#4297 = LINE('',#4298,#4299);
#4298 = CARTESIAN_POINT('',(0.,-19.79999999906));
#4299 = VECTOR('',#4300,1.);
#4300 = DIRECTION('',(1.,0.));
#4301 = ( GEOMETRIC_REPRESENTATION_CONTEXT(2) 
PARAMETRIC_REPRESENTATION_CONTEXT() REPRESENTATION_CONTEXT('2D SPACE',''
  ) );
#4302 = PCURVE('',#4303,#4308);
#4303 = PLANE('',#4304);
#4304 = AXIS2_PLACEMENT_3D('',#4305,#4306,#4307);
#4305 = CARTESIAN_POINT('',(2.,6.679101716145E-13,0.));
#4306 = DIRECTION('',(0.,1.,0.));
#4307 = DIRECTION('',(1.,0.,0.));
#4308 = DEFINITIONAL_REPRESENTATION('',(#4309),#4313);
#4309 = LINE('',#4310,#4311);
#4310 = CARTESIAN_POINT('',(31.8,-2.4));
#4311 = VECTOR('',#4312,1.);
#4312 = DIRECTION('',(1.,0.));
#4313 = ( GEOMETRIC_REPRESENTATION_CONTEXT(2) 
PARAMETRIC_REPRESENTATION_CONTEXT() REPRESENTATION_CONTEXT('2D SPACE',''
  ) );
#4314 = ORIENTED_EDGE('',*,*,#4315,.T.);
#4315 = EDGE_CURVE('',#4288,#4316,#4318,.T.);
#4316 = VERTEX_POINT('',#4317);
#4317 = CARTESIAN_POINT('',(47.3,-0.3,2.4));
#4318 = SURFACE_CURVE('',#4319,(#4323,#4330),.PCURVE_S1.);
#4319 = LINE('',#4320,#4321);
#4320 = CARTESIAN_POINT('',(47.,3.673940397442E-16,2.4));
#4321 = VECTOR('',#4322,1.);
#4322 = DIRECTION('',(0.707106781187,-0.707106781187,0.));
#4323 = PCURVE('',#3897,#4324);
#4324 = DEFINITIONAL_REPRESENTATION('',(#4325),#4329);
#4325 = LINE('',#4326,#4327);
#4326 = CARTESIAN_POINT('',(13.2,-19.79999999906));
#4327 = VECTOR('',#4328,1.);
#4328 = DIRECTION('',(0.707106781187,-0.707106781187));
#4329 = ( GEOMETRIC_REPRESENTATION_CONTEXT(2) 
PARAMETRIC_REPRESENTATION_CONTEXT() REPRESENTATION_CONTEXT('2D SPACE',''
  ) );
#4330 = PCURVE('',#4331,#4336);
#4331 = PLANE('',#4332);
#4332 = AXIS2_PLACEMENT_3D('',#4333,#4334,#4335);
#4333 = CARTESIAN_POINT('',(47.,3.673940397442E-16,0.));
#4334 = DIRECTION('',(0.707106781187,0.707106781187,0.));
#4335 = DIRECTION('',(0.707106781187,-0.707106781187,0.));
#4336 = DEFINITIONAL_REPRESENTATION('',(#4337),#4341);
#4337 = LINE('',#4338,#4339);
#4338 = CARTESIAN_POINT('',(0.,-2.4));
#4339 = VECTOR('',#4340,1.);
#4340 = DIRECTION('',(1.,0.));
#4341 = ( GEOMETRIC_REPRESENTATION_CONTEXT(2) 
PARAMETRIC_REPRESENTATION_CONTEXT() REPRESENTATION_CONTEXT('2D SPACE',''
  ) );
#4342 = ORIENTED_EDGE('',*,*,#4343,.T.);
#4343 = EDGE_CURVE('',#4316,#4344,#4346,.T.);
#4344 = VERTEX_POINT('',#4345);
#4345 = CARTESIAN_POINT('',(52.7,-0.3,2.4));
#4346 = SURFACE_CURVE('',#4347,(#4351,#4358),.PCURVE_S1.);
#4347 = LINE('',#4348,#4349);
#4348 = CARTESIAN_POINT('',(47.3,-0.3,2.4));
#4349 = VECTOR('',#4350,1.);
#4350 = DIRECTION('',(1.,-1.224646799147E-16,0.));
#4351 = PCURVE('',#3897,#4352);
#4352 = DEFINITIONAL_REPRESENTATION('',(#4353),#4357);
#4353 = LINE('',#4354,#4355);
#4354 = CARTESIAN_POINT('',(13.5,-20.09999999906));
#4355 = VECTOR('',#4356,1.);
#4356 = DIRECTION('',(1.,-1.224646799147E-16));
#4357 = ( GEOMETRIC_REPRESENTATION_CONTEXT(2) 
PARAMETRIC_REPRESENTATION_CONTEXT() REPRESENTATION_CONTEXT('2D SPACE',''
  ) );
#4358 = PCURVE('',#4359,#4364);
#4359 = PLANE('',#4360);
#4360 = AXIS2_PLACEMENT_3D('',#4361,#4362,#4363);
#4361 = CARTESIAN_POINT('',(47.3,-0.3,0.));
#4362 = DIRECTION('',(1.224646799147E-16,1.,0.));
#4363 = DIRECTION('',(1.,-1.224646799147E-16,0.));
#4364 = DEFINITIONAL_REPRESENTATION('',(#4365),#4369);
#4365 = LINE('',#4366,#4367);
#4366 = CARTESIAN_POINT('',(0.,-2.4));
#4367 = VECTOR('',#4368,1.);
#4368 = DIRECTION('',(1.,0.));
#4369 = ( GEOMETRIC_REPRESENTATION_CONTEXT(2) 
PARAMETRIC_REPRESENTATION_CONTEXT() REPRESENTATION_CONTEXT('2D SPACE',''
  ) );
#4370 = ORIENTED_EDGE('',*,*,#4371,.T.);
#4371 = EDGE_CURVE('',#4344,#4372,#4374,.T.);
#4372 = VERTEX_POINT('',#4373);
#4373 = CARTESIAN_POINT('',(53.,-3.673940397442E-16,2.4));
#4374 = SURFACE_CURVE('',#4375,(#4379,#4386),.PCURVE_S1.);
#4375 = LINE('',#4376,#4377);
#4376 = CARTESIAN_POINT('',(52.7,-0.3,2.4));
#4377 = VECTOR('',#4378,1.);
#4378 = DIRECTION('',(0.707106781187,0.707106781187,0.));
#4379 = PCURVE('',#3897,#4380);
#4380 = DEFINITIONAL_REPRESENTATION('',(#4381),#4385);
#4381 = LINE('',#4382,#4383);
#4382 = CARTESIAN_POINT('',(18.9,-20.09999999906));
#4383 = VECTOR('',#4384,1.);
#4384 = DIRECTION('',(0.707106781187,0.707106781187));
#4385 = ( GEOMETRIC_REPRESENTATION_CONTEXT(2) 
PARAMETRIC_REPRESENTATION_CONTEXT() REPRESENTATION_CONTEXT('2D SPACE',''
  ) );
#4386 = PCURVE('',#4387,#4392);
#4387 = PLANE('',#4388);
#4388 = AXIS2_PLACEMENT_3D('',#4389,#4390,#4391);
#4389 = CARTESIAN_POINT('',(52.7,-0.3,0.));
#4390 = DIRECTION('',(-0.707106781187,0.707106781187,0.));
#4391 = DIRECTION('',(0.707106781187,0.707106781187,0.));
#4392 = DEFINITIONAL_REPRESENTATION('',(#4393),#4397);
#4393 = LINE('',#4394,#4395);
#4394 = CARTESIAN_POINT('',(0.,-2.4));
#4395 = VECTOR('',#4396,1.);
#4396 = DIRECTION('',(1.,0.));
#4397 = ( GEOMETRIC_REPRESENTATION_CONTEXT(2) 
PARAMETRIC_REPRESENTATION_CONTEXT() REPRESENTATION_CONTEXT('2D SPACE',''
  ) );
#4398 = ORIENTED_EDGE('',*,*,#4399,.T.);
#4399 = EDGE_CURVE('',#4372,#4400,#4402,.T.);
#4400 = VERTEX_POINT('',#4401);
#4401 = CARTESIAN_POINT('',(65.6,0.,2.4));
#4402 = SURFACE_CURVE('',#4403,(#4407,#4414),.PCURVE_S1.);
#4403 = LINE('',#4404,#4405);
#4404 = CARTESIAN_POINT('',(33.8,6.679101716145E-13,2.4));
#4405 = VECTOR('',#4406,1.);
#4406 = DIRECTION('',(1.,0.,0.));
#4407 = PCURVE('',#3897,#4408);
#4408 = DEFINITIONAL_REPRESENTATION('',(#4409),#4413);
#4409 = LINE('',#4410,#4411);
#4410 = CARTESIAN_POINT('',(0.,-19.79999999906));
#4411 = VECTOR('',#4412,1.);
#4412 = DIRECTION('',(1.,0.));
#4413 = ( GEOMETRIC_REPRESENTATION_CONTEXT(2) 
PARAMETRIC_REPRESENTATION_CONTEXT() REPRESENTATION_CONTEXT('2D SPACE',''
  ) );
#4414 = PCURVE('',#4415,#4420);
#4415 = PLANE('',#4416);
#4416 = AXIS2_PLACEMENT_3D('',#4417,#4418,#4419);
#4417 = CARTESIAN_POINT('',(2.,6.679101716145E-13,0.));
#4418 = DIRECTION('',(0.,1.,0.));
#4419 = DIRECTION('',(1.,0.,0.));
#4420 = DEFINITIONAL_REPRESENTATION('',(#4421),#4425);
#4421 = LINE('',#4422,#4423);
#4422 = CARTESIAN_POINT('',(31.8,-2.4));
#4423 = VECTOR('',#4424,1.);
#4424 = DIRECTION('',(1.,0.));
#4425 = ( GEOMETRIC_REPRESENTATION_CONTEXT(2) 
PARAMETRIC_REPRESENTATION_CONTEXT() REPRESENTATION_CONTEXT('2D SPACE',''
  ) );
#4426 = ORIENTED_EDGE('',*,*,#4427,.T.);
#4427 = EDGE_CURVE('',#4400,#4428,#4430,.T.);
#4428 = VERTEX_POINT('',#4429);
#4429 = CARTESIAN_POINT('',(67.6,1.999999999999,2.4));
#4430 = SURFACE_CURVE('',#4431,(#4436,#4443),.PCURVE_S1.);
#4431 = CIRCLE('',#4432,2.);
#4432 = AXIS2_PLACEMENT_3D('',#4433,#4434,#4435);
#4433 = CARTESIAN_POINT('',(65.6,1.999999999999,2.4));
#4434 = DIRECTION('',(0.,0.,1.));
#4435 = DIRECTION('',(1.,0.,-0.));
#4436 = PCURVE('',#3897,#4437);
#4437 = DEFINITIONAL_REPRESENTATION('',(#4438),#4442);
#4438 = CIRCLE('',#4439,2.);
#4439 = AXIS2_PLACEMENT_2D('',#4440,#4441);
#4440 = CARTESIAN_POINT('',(31.8,-17.79999999906));
#4441 = DIRECTION('',(1.,0.));
#4442 = ( GEOMETRIC_REPRESENTATION_CONTEXT(2) 
PARAMETRIC_REPRESENTATION_CONTEXT() REPRESENTATION_CONTEXT('2D SPACE',''
  ) );
#4443 = PCURVE('',#4444,#4449);
#4444 = CYLINDRICAL_SURFACE('',#4445,2.);
#4445 = AXIS2_PLACEMENT_3D('',#4446,#4447,#4448);
#4446 = CARTESIAN_POINT('',(65.6,1.999999999999,0.));
#4447 = DIRECTION('',(-0.,-0.,-1.));
#4448 = DIRECTION('',(1.,0.,0.));
#4449 = DEFINITIONAL_REPRESENTATION('',(#4450),#4454);
#4450 = LINE('',#4451,#4452);
#4451 = CARTESIAN_POINT('',(6.28318530718,-2.4));
#4452 = VECTOR('',#4453,1.);
#4453 = DIRECTION('',(-1.,0.));
#4454 = ( GEOMETRIC_REPRESENTATION_CONTEXT(2) 
PARAMETRIC_REPRESENTATION_CONTEXT() REPRESENTATION_CONTEXT('2D SPACE',''
  ) );
#4455 = ORIENTED_EDGE('',*,*,#4456,.T.);
#4456 = EDGE_CURVE('',#4428,#4457,#4459,.T.);
#4457 = VERTEX_POINT('',#4458);
#4458 = CARTESIAN_POINT('',(67.6,16.8,2.4));
#4459 = SURFACE_CURVE('',#4460,(#4464,#4471),.PCURVE_S1.);
#4460 = LINE('',#4461,#4462);
#4461 = CARTESIAN_POINT('',(67.6,19.800000000001,2.4));
#4462 = VECTOR('',#4463,1.);
#4463 = DIRECTION('',(0.,1.,0.));
#4464 = PCURVE('',#3897,#4465);
#4465 = DEFINITIONAL_REPRESENTATION('',(#4466),#4470);
#4466 = LINE('',#4467,#4468);
#4467 = CARTESIAN_POINT('',(33.8,9.329994554719E-10));
#4468 = VECTOR('',#4469,1.);
#4469 = DIRECTION('',(0.,1.));
#4470 = ( GEOMETRIC_REPRESENTATION_CONTEXT(2) 
PARAMETRIC_REPRESENTATION_CONTEXT() REPRESENTATION_CONTEXT('2D SPACE',''
  ) );
#4471 = PCURVE('',#4472,#4477);
#4472 = PLANE('',#4473);
#4473 = AXIS2_PLACEMENT_3D('',#4474,#4475,#4476);
#4474 = CARTESIAN_POINT('',(67.6,1.999999999999,0.));
#4475 = DIRECTION('',(-1.,0.,0.));
#4476 = DIRECTION('',(0.,1.,0.));
#4477 = DEFINITIONAL_REPRESENTATION('',(#4478),#4482);
#4478 = LINE('',#4479,#4480);
#4479 = CARTESIAN_POINT('',(17.800000000002,-2.4));
#4480 = VECTOR('',#4481,1.);
#4481 = DIRECTION('',(1.,0.));
#4482 = ( GEOMETRIC_REPRESENTATION_CONTEXT(2) 
PARAMETRIC_REPRESENTATION_CONTEXT() REPRESENTATION_CONTEXT('2D SPACE',''
  ) );
#4483 = ORIENTED_EDGE('',*,*,#4484,.T.);
#4484 = EDGE_CURVE('',#4457,#4485,#4487,.T.);
#4485 = VERTEX_POINT('',#4486);
#4486 = CARTESIAN_POINT('',(67.9,17.1,2.4));
#4487 = SURFACE_CURVE('',#4488,(#4492,#4499),.PCURVE_S1.);
#4488 = LINE('',#4489,#4490);
#4489 = CARTESIAN_POINT('',(67.6,16.8,2.4));
#4490 = VECTOR('',#4491,1.);
#4491 = DIRECTION('',(0.707106781187,0.707106781187,0.));
#4492 = PCURVE('',#3897,#4493);
#4493 = DEFINITIONAL_REPRESENTATION('',(#4494),#4498);
#4494 = LINE('',#4495,#4496);
#4495 = CARTESIAN_POINT('',(33.8,-2.999999999068));
#4496 = VECTOR('',#4497,1.);
#4497 = DIRECTION('',(0.707106781187,0.707106781187));
#4498 = ( GEOMETRIC_REPRESENTATION_CONTEXT(2) 
PARAMETRIC_REPRESENTATION_CONTEXT() REPRESENTATION_CONTEXT('2D SPACE',''
  ) );
#4499 = PCURVE('',#4500,#4505);
#4500 = PLANE('',#4501);
#4501 = AXIS2_PLACEMENT_3D('',#4502,#4503,#4504);
#4502 = CARTESIAN_POINT('',(67.6,16.8,0.));
#4503 = DIRECTION('',(-0.707106781187,0.707106781187,0.));
#4504 = DIRECTION('',(0.707106781187,0.707106781187,0.));
#4505 = DEFINITIONAL_REPRESENTATION('',(#4506),#4510);
#4506 = LINE('',#4507,#4508);
#4507 = CARTESIAN_POINT('',(0.,-2.4));
#4508 = VECTOR('',#4509,1.);
#4509 = DIRECTION('',(1.,0.));
#4510 = ( GEOMETRIC_REPRESENTATION_CONTEXT(2) 
PARAMETRIC_REPRESENTATION_CONTEXT() REPRESENTATION_CONTEXT('2D SPACE',''
  ) );
#4511 = ORIENTED_EDGE('',*,*,#4512,.T.);
#4512 = EDGE_CURVE('',#4485,#4513,#4515,.T.);
#4513 = VERTEX_POINT('',#4514);
#4514 = CARTESIAN_POINT('',(67.9,22.5,2.4));
#4515 = SURFACE_CURVE('',#4516,(#4520,#4527),.PCURVE_S1.);
#4516 = LINE('',#4517,#4518);
#4517 = CARTESIAN_POINT('',(67.9,17.1,2.4));
#4518 = VECTOR('',#4519,1.);
#4519 = DIRECTION('',(-2.22044604925E-16,1.,0.));
#4520 = PCURVE('',#3897,#4521);
#4521 = DEFINITIONAL_REPRESENTATION('',(#4522),#4526);
#4522 = LINE('',#4523,#4524);
#4523 = CARTESIAN_POINT('',(34.1,-2.699999999068));
#4524 = VECTOR('',#4525,1.);
#4525 = DIRECTION('',(-2.22044604925E-16,1.));
#4526 = ( GEOMETRIC_REPRESENTATION_CONTEXT(2) 
PARAMETRIC_REPRESENTATION_CONTEXT() REPRESENTATION_CONTEXT('2D SPACE',''
  ) );
#4527 = PCURVE('',#4528,#4533);
#4528 = PLANE('',#4529);
#4529 = AXIS2_PLACEMENT_3D('',#4530,#4531,#4532);
#4530 = CARTESIAN_POINT('',(67.9,17.1,0.));
#4531 = DIRECTION('',(-1.,-2.22044604925E-16,0.));
#4532 = DIRECTION('',(-2.22044604925E-16,1.,0.));
#4533 = DEFINITIONAL_REPRESENTATION('',(#4534),#4538);
#4534 = LINE('',#4535,#4536);
#4535 = CARTESIAN_POINT('',(0.,-2.4));
#4536 = VECTOR('',#4537,1.);
#4537 = DIRECTION('',(1.,0.));
#4538 = ( GEOMETRIC_REPRESENTATION_CONTEXT(2) 
PARAMETRIC_REPRESENTATION_CONTEXT() REPRESENTATION_CONTEXT('2D SPACE',''
  ) );
#4539 = ORIENTED_EDGE('',*,*,#4540,.T.);
#4540 = EDGE_CURVE('',#4513,#4541,#4543,.T.);
#4541 = VERTEX_POINT('',#4542);
#4542 = CARTESIAN_POINT('',(67.6,22.8,2.4));
#4543 = SURFACE_CURVE('',#4544,(#4548,#4555),.PCURVE_S1.);
#4544 = LINE('',#4545,#4546);
#4545 = CARTESIAN_POINT('',(67.9,22.5,2.4));
#4546 = VECTOR('',#4547,1.);
#4547 = DIRECTION('',(-0.707106781187,0.707106781187,0.));
#4548 = PCURVE('',#3897,#4549);
#4549 = DEFINITIONAL_REPRESENTATION('',(#4550),#4554);
#4550 = LINE('',#4551,#4552);
#4551 = CARTESIAN_POINT('',(34.1,2.700000000932));
#4552 = VECTOR('',#4553,1.);
#4553 = DIRECTION('',(-0.707106781187,0.707106781187));
#4554 = ( GEOMETRIC_REPRESENTATION_CONTEXT(2) 
PARAMETRIC_REPRESENTATION_CONTEXT() REPRESENTATION_CONTEXT('2D SPACE',''
  ) );
#4555 = PCURVE('',#4556,#4561);
#4556 = PLANE('',#4557);
#4557 = AXIS2_PLACEMENT_3D('',#4558,#4559,#4560);
#4558 = CARTESIAN_POINT('',(67.9,22.5,0.));
#4559 = DIRECTION('',(-0.707106781187,-0.707106781187,0.));
#4560 = DIRECTION('',(-0.707106781187,0.707106781187,0.));
#4561 = DEFINITIONAL_REPRESENTATION('',(#4562),#4566);
#4562 = LINE('',#4563,#4564);
#4563 = CARTESIAN_POINT('',(0.,-2.4));
#4564 = VECTOR('',#4565,1.);
#4565 = DIRECTION('',(1.,0.));
#4566 = ( GEOMETRIC_REPRESENTATION_CONTEXT(2) 
PARAMETRIC_REPRESENTATION_CONTEXT() REPRESENTATION_CONTEXT('2D SPACE',''
  ) );
#4567 = ORIENTED_EDGE('',*,*,#4568,.T.);
#4568 = EDGE_CURVE('',#4541,#4569,#4571,.T.);
#4569 = VERTEX_POINT('',#4570);
#4570 = CARTESIAN_POINT('',(67.6,37.599999995297,2.4));
#4571 = SURFACE_CURVE('',#4572,(#4576,#4583),.PCURVE_S1.);
#4572 = LINE('',#4573,#4574);
#4573 = CARTESIAN_POINT('',(67.6,19.800000000001,2.4));
#4574 = VECTOR('',#4575,1.);
#4575 = DIRECTION('',(0.,1.,0.));
#4576 = PCURVE('',#3897,#4577);
#4577 = DEFINITIONAL_REPRESENTATION('',(#4578),#4582);
#4578 = LINE('',#4579,#4580);
#4579 = CARTESIAN_POINT('',(33.8,9.329994554719E-10));
#4580 = VECTOR('',#4581,1.);
#4581 = DIRECTION('',(0.,1.));
#4582 = ( GEOMETRIC_REPRESENTATION_CONTEXT(2) 
PARAMETRIC_REPRESENTATION_CONTEXT() REPRESENTATION_CONTEXT('2D SPACE',''
  ) );
#4583 = PCURVE('',#4584,#4589);
#4584 = PLANE('',#4585);
#4585 = AXIS2_PLACEMENT_3D('',#4586,#4587,#4588);
#4586 = CARTESIAN_POINT('',(67.6,1.999999999999,0.));
#4587 = DIRECTION('',(-1.,0.,0.));
#4588 = DIRECTION('',(0.,1.,0.));
#4589 = DEFINITIONAL_REPRESENTATION('',(#4590),#4594);
#4590 = LINE('',#4591,#4592);
#4591 = CARTESIAN_POINT('',(17.800000000002,-2.4));
#4592 = VECTOR('',#4593,1.);
#4593 = DIRECTION('',(1.,0.));
#4594 = ( GEOMETRIC_REPRESENTATION_CONTEXT(2) 
PARAMETRIC_REPRESENTATION_CONTEXT() REPRESENTATION_CONTEXT('2D SPACE',''
  ) );
#4595 = ORIENTED_EDGE('',*,*,#4596,.T.);
#4596 = EDGE_CURVE('',#4569,#4597,#4599,.T.);
#4597 = VERTEX_POINT('',#4598);
#4598 = CARTESIAN_POINT('',(65.6,39.599999997649,2.4));
#4599 = SURFACE_CURVE('',#4600,(#4605,#4612),.PCURVE_S1.);
#4600 = CIRCLE('',#4601,2.);
#4601 = AXIS2_PLACEMENT_3D('',#4602,#4603,#4604);
#4602 = CARTESIAN_POINT('',(65.6,37.599999995297,2.4));
#4603 = DIRECTION('',(0.,0.,1.));
#4604 = DIRECTION('',(1.,0.,-0.));
#4605 = PCURVE('',#3897,#4606);
#4606 = DEFINITIONAL_REPRESENTATION('',(#4607),#4611);
#4607 = CIRCLE('',#4608,2.);
#4608 = AXIS2_PLACEMENT_2D('',#4609,#4610);
#4609 = CARTESIAN_POINT('',(31.8,17.799999996229));
#4610 = DIRECTION('',(1.,0.));
#4611 = ( GEOMETRIC_REPRESENTATION_CONTEXT(2) 
PARAMETRIC_REPRESENTATION_CONTEXT() REPRESENTATION_CONTEXT('2D SPACE',''
  ) );
#4612 = PCURVE('',#4613,#4618);
#4613 = CYLINDRICAL_SURFACE('',#4614,2.);
#4614 = AXIS2_PLACEMENT_3D('',#4615,#4616,#4617);
#4615 = CARTESIAN_POINT('',(65.6,37.599999995297,0.));
#4616 = DIRECTION('',(-0.,-0.,-1.));
#4617 = DIRECTION('',(1.,0.,0.));
#4618 = DEFINITIONAL_REPRESENTATION('',(#4619),#4623);
#4619 = LINE('',#4620,#4621);
#4620 = CARTESIAN_POINT('',(6.28318530718,-2.4));
#4621 = VECTOR('',#4622,1.);
#4622 = DIRECTION('',(-1.,0.));
#4623 = ( GEOMETRIC_REPRESENTATION_CONTEXT(2) 
PARAMETRIC_REPRESENTATION_CONTEXT() REPRESENTATION_CONTEXT('2D SPACE',''
  ) );
#4624 = ORIENTED_EDGE('',*,*,#4625,.F.);
#4625 = EDGE_CURVE('',#4626,#4597,#4628,.T.);
#4626 = VERTEX_POINT('',#4627);
#4627 = CARTESIAN_POINT('',(53.,39.6,2.4));
#4628 = SURFACE_CURVE('',#4629,(#4633,#4640),.PCURVE_S1.);
#4629 = LINE('',#4630,#4631);
#4630 = CARTESIAN_POINT('',(33.8,39.600000000001,2.4));
#4631 = VECTOR('',#4632,1.);
#4632 = DIRECTION('',(1.,0.,0.));
#4633 = PCURVE('',#3897,#4634);
#4634 = DEFINITIONAL_REPRESENTATION('',(#4635),#4639);
#4635 = LINE('',#4636,#4637);
#4636 = CARTESIAN_POINT('',(0.,19.800000000933));
#4637 = VECTOR('',#4638,1.);
#4638 = DIRECTION('',(1.,0.));
#4639 = ( GEOMETRIC_REPRESENTATION_CONTEXT(2) 
PARAMETRIC_REPRESENTATION_CONTEXT() REPRESENTATION_CONTEXT('2D SPACE',''
  ) );
#4640 = PCURVE('',#4641,#4646);
#4641 = PLANE('',#4642);
#4642 = AXIS2_PLACEMENT_3D('',#4643,#4644,#4645);
#4643 = CARTESIAN_POINT('',(2.,39.600000000001,0.));
#4644 = DIRECTION('',(0.,1.,0.));
#4645 = DIRECTION('',(1.,0.,0.));
#4646 = DEFINITIONAL_REPRESENTATION('',(#4647),#4651);
#4647 = LINE('',#4648,#4649);
#4648 = CARTESIAN_POINT('',(31.8,-2.4));
#4649 = VECTOR('',#4650,1.);
#4650 = DIRECTION('',(1.,0.));
#4651 = ( GEOMETRIC_REPRESENTATION_CONTEXT(2) 
PARAMETRIC_REPRESENTATION_CONTEXT() REPRESENTATION_CONTEXT('2D SPACE',''
  ) );
#4652 = ORIENTED_EDGE('',*,*,#4653,.T.);
#4653 = EDGE_CURVE('',#4626,#4654,#4656,.T.);
#4654 = VERTEX_POINT('',#4655);
#4655 = CARTESIAN_POINT('',(52.7,39.9,2.4));
#4656 = SURFACE_CURVE('',#4657,(#4661,#4668),.PCURVE_S1.);
#4657 = LINE('',#4658,#4659);
#4658 = CARTESIAN_POINT('',(53.,39.6,2.4));
#4659 = VECTOR('',#4660,1.);
#4660 = DIRECTION('',(-0.707106781187,0.707106781187,0.));
#4661 = PCURVE('',#3897,#4662);
#4662 = DEFINITIONAL_REPRESENTATION('',(#4663),#4667);
#4663 = LINE('',#4664,#4665);
#4664 = CARTESIAN_POINT('',(19.2,19.800000000932));
#4665 = VECTOR('',#4666,1.);
#4666 = DIRECTION('',(-0.707106781187,0.707106781187));
#4667 = ( GEOMETRIC_REPRESENTATION_CONTEXT(2) 
PARAMETRIC_REPRESENTATION_CONTEXT() REPRESENTATION_CONTEXT('2D SPACE',''
  ) );
#4668 = PCURVE('',#4669,#4674);
#4669 = PLANE('',#4670);
#4670 = AXIS2_PLACEMENT_3D('',#4671,#4672,#4673);
#4671 = CARTESIAN_POINT('',(53.,39.6,0.));
#4672 = DIRECTION('',(-0.707106781187,-0.707106781187,0.));
#4673 = DIRECTION('',(-0.707106781187,0.707106781187,0.));
#4674 = DEFINITIONAL_REPRESENTATION('',(#4675),#4679);
#4675 = LINE('',#4676,#4677);
#4676 = CARTESIAN_POINT('',(0.,-2.4));
#4677 = VECTOR('',#4678,1.);
#4678 = DIRECTION('',(1.,0.));
#4679 = ( GEOMETRIC_REPRESENTATION_CONTEXT(2) 
PARAMETRIC_REPRESENTATION_CONTEXT() REPRESENTATION_CONTEXT('2D SPACE',''
  ) );
#4680 = ORIENTED_EDGE('',*,*,#4681,.T.);
#4681 = EDGE_CURVE('',#4654,#4682,#4684,.T.);
#4682 = VERTEX_POINT('',#4683);
#4683 = CARTESIAN_POINT('',(47.3,39.9,2.4));
#4684 = SURFACE_CURVE('',#4685,(#4689,#4696),.PCURVE_S1.);
#4685 = LINE('',#4686,#4687);
#4686 = CARTESIAN_POINT('',(52.7,39.9,2.4));
#4687 = VECTOR('',#4688,1.);
#4688 = DIRECTION('',(-1.,0.,0.));
#4689 = PCURVE('',#3897,#4690);
#4690 = DEFINITIONAL_REPRESENTATION('',(#4691),#4695);
#4691 = LINE('',#4692,#4693);
#4692 = CARTESIAN_POINT('',(18.9,20.100000000932));
#4693 = VECTOR('',#4694,1.);
#4694 = DIRECTION('',(-1.,0.));
#4695 = ( GEOMETRIC_REPRESENTATION_CONTEXT(2) 
PARAMETRIC_REPRESENTATION_CONTEXT() REPRESENTATION_CONTEXT('2D SPACE',''
  ) );
#4696 = PCURVE('',#4697,#4702);
#4697 = PLANE('',#4698);
#4698 = AXIS2_PLACEMENT_3D('',#4699,#4700,#4701);
#4699 = CARTESIAN_POINT('',(52.7,39.9,0.));
#4700 = DIRECTION('',(0.,-1.,0.));
#4701 = DIRECTION('',(-1.,0.,0.));
#4702 = DEFINITIONAL_REPRESENTATION('',(#4703),#4707);
#4703 = LINE('',#4704,#4705);
#4704 = CARTESIAN_POINT('',(0.,-2.4));
#4705 = VECTOR('',#4706,1.);
#4706 = DIRECTION('',(1.,0.));
#4707 = ( GEOMETRIC_REPRESENTATION_CONTEXT(2) 
PARAMETRIC_REPRESENTATION_CONTEXT() REPRESENTATION_CONTEXT('2D SPACE',''
  ) );
#4708 = ORIENTED_EDGE('',*,*,#4709,.T.);
#4709 = EDGE_CURVE('',#4682,#4710,#4712,.T.);
#4710 = VERTEX_POINT('',#4711);
#4711 = CARTESIAN_POINT('',(47.,39.6,2.4));
#4712 = SURFACE_CURVE('',#4713,(#4717,#4724),.PCURVE_S1.);
#4713 = LINE('',#4714,#4715);
#4714 = CARTESIAN_POINT('',(47.3,39.9,2.4));
#4715 = VECTOR('',#4716,1.);
#4716 = DIRECTION('',(-0.707106781187,-0.707106781187,0.));
#4717 = PCURVE('',#3897,#4718);
#4718 = DEFINITIONAL_REPRESENTATION('',(#4719),#4723);
#4719 = LINE('',#4720,#4721);
#4720 = CARTESIAN_POINT('',(13.5,20.100000000932));
#4721 = VECTOR('',#4722,1.);
#4722 = DIRECTION('',(-0.707106781187,-0.707106781187));
#4723 = ( GEOMETRIC_REPRESENTATION_CONTEXT(2) 
PARAMETRIC_REPRESENTATION_CONTEXT() REPRESENTATION_CONTEXT('2D SPACE',''
  ) );
#4724 = PCURVE('',#4725,#4730);
#4725 = PLANE('',#4726);
#4726 = AXIS2_PLACEMENT_3D('',#4727,#4728,#4729);
#4727 = CARTESIAN_POINT('',(47.3,39.9,0.));
#4728 = DIRECTION('',(0.707106781187,-0.707106781187,0.));
#4729 = DIRECTION('',(-0.707106781187,-0.707106781187,0.));
#4730 = DEFINITIONAL_REPRESENTATION('',(#4731),#4735);
#4731 = LINE('',#4732,#4733);
#4732 = CARTESIAN_POINT('',(0.,-2.4));
#4733 = VECTOR('',#4734,1.);
#4734 = DIRECTION('',(1.,0.));
#4735 = ( GEOMETRIC_REPRESENTATION_CONTEXT(2) 
PARAMETRIC_REPRESENTATION_CONTEXT() REPRESENTATION_CONTEXT('2D SPACE',''
  ) );
#4736 = ORIENTED_EDGE('',*,*,#4737,.F.);
#4737 = EDGE_CURVE('',#4738,#4710,#4740,.T.);
#4738 = VERTEX_POINT('',#4739);
#4739 = CARTESIAN_POINT('',(24.,39.6,2.4));
#4740 = SURFACE_CURVE('',#4741,(#4745,#4752),.PCURVE_S1.);
#4741 = LINE('',#4742,#4743);
#4742 = CARTESIAN_POINT('',(33.8,39.600000000001,2.4));
#4743 = VECTOR('',#4744,1.);
#4744 = DIRECTION('',(1.,0.,0.));
#4745 = PCURVE('',#3897,#4746);
#4746 = DEFINITIONAL_REPRESENTATION('',(#4747),#4751);
#4747 = LINE('',#4748,#4749);
#4748 = CARTESIAN_POINT('',(0.,19.800000000933));
#4749 = VECTOR('',#4750,1.);
#4750 = DIRECTION('',(1.,0.));
#4751 = ( GEOMETRIC_REPRESENTATION_CONTEXT(2) 
PARAMETRIC_REPRESENTATION_CONTEXT() REPRESENTATION_CONTEXT('2D SPACE',''
  ) );
#4752 = PCURVE('',#4753,#4758);
#4753 = PLANE('',#4754);
#4754 = AXIS2_PLACEMENT_3D('',#4755,#4756,#4757);
#4755 = CARTESIAN_POINT('',(2.,39.600000000001,0.));
#4756 = DIRECTION('',(0.,1.,0.));
#4757 = DIRECTION('',(1.,0.,0.));
#4758 = DEFINITIONAL_REPRESENTATION('',(#4759),#4763);
#4759 = LINE('',#4760,#4761);
#4760 = CARTESIAN_POINT('',(31.8,-2.4));
#4761 = VECTOR('',#4762,1.);
#4762 = DIRECTION('',(1.,0.));
#4763 = ( GEOMETRIC_REPRESENTATION_CONTEXT(2) 
PARAMETRIC_REPRESENTATION_CONTEXT() REPRESENTATION_CONTEXT('2D SPACE',''
  ) );
#4764 = ORIENTED_EDGE('',*,*,#4765,.T.);
#4765 = EDGE_CURVE('',#4738,#4766,#4768,.T.);
#4766 = VERTEX_POINT('',#4767);
#4767 = CARTESIAN_POINT('',(23.7,39.9,2.4));
#4768 = SURFACE_CURVE('',#4769,(#4773,#4780),.PCURVE_S1.);
#4769 = LINE('',#4770,#4771);
#4770 = CARTESIAN_POINT('',(24.,39.6,2.4));
#4771 = VECTOR('',#4772,1.);
#4772 = DIRECTION('',(-0.707106781187,0.707106781187,0.));
#4773 = PCURVE('',#3897,#4774);
#4774 = DEFINITIONAL_REPRESENTATION('',(#4775),#4779);
#4775 = LINE('',#4776,#4777);
#4776 = CARTESIAN_POINT('',(-9.8,19.800000000932));
#4777 = VECTOR('',#4778,1.);
#4778 = DIRECTION('',(-0.707106781187,0.707106781187));
#4779 = ( GEOMETRIC_REPRESENTATION_CONTEXT(2) 
PARAMETRIC_REPRESENTATION_CONTEXT() REPRESENTATION_CONTEXT('2D SPACE',''
  ) );
#4780 = PCURVE('',#4781,#4786);
#4781 = PLANE('',#4782);
#4782 = AXIS2_PLACEMENT_3D('',#4783,#4784,#4785);
#4783 = CARTESIAN_POINT('',(24.,39.6,0.));
#4784 = DIRECTION('',(-0.707106781187,-0.707106781187,0.));
#4785 = DIRECTION('',(-0.707106781187,0.707106781187,0.));
#4786 = DEFINITIONAL_REPRESENTATION('',(#4787),#4791);
#4787 = LINE('',#4788,#4789);
#4788 = CARTESIAN_POINT('',(0.,-2.4));
#4789 = VECTOR('',#4790,1.);
#4790 = DIRECTION('',(1.,0.));
#4791 = ( GEOMETRIC_REPRESENTATION_CONTEXT(2) 
PARAMETRIC_REPRESENTATION_CONTEXT() REPRESENTATION_CONTEXT('2D SPACE',''
  ) );
#4792 = ORIENTED_EDGE('',*,*,#4793,.T.);
#4793 = EDGE_CURVE('',#4766,#4794,#4796,.T.);
#4794 = VERTEX_POINT('',#4795);
#4795 = CARTESIAN_POINT('',(18.3,39.9,2.4));
#4796 = SURFACE_CURVE('',#4797,(#4801,#4808),.PCURVE_S1.);
#4797 = LINE('',#4798,#4799);
#4798 = CARTESIAN_POINT('',(23.7,39.9,2.4));
#4799 = VECTOR('',#4800,1.);
#4800 = DIRECTION('',(-1.,0.,0.));
#4801 = PCURVE('',#3897,#4802);
#4802 = DEFINITIONAL_REPRESENTATION('',(#4803),#4807);
#4803 = LINE('',#4804,#4805);
#4804 = CARTESIAN_POINT('',(-10.1,20.100000000932));
#4805 = VECTOR('',#4806,1.);
#4806 = DIRECTION('',(-1.,0.));
#4807 = ( GEOMETRIC_REPRESENTATION_CONTEXT(2) 
PARAMETRIC_REPRESENTATION_CONTEXT() REPRESENTATION_CONTEXT('2D SPACE',''
  ) );
#4808 = PCURVE('',#4809,#4814);
#4809 = PLANE('',#4810);
#4810 = AXIS2_PLACEMENT_3D('',#4811,#4812,#4813);
#4811 = CARTESIAN_POINT('',(23.7,39.9,0.));
#4812 = DIRECTION('',(0.,-1.,0.));
#4813 = DIRECTION('',(-1.,0.,0.));
#4814 = DEFINITIONAL_REPRESENTATION('',(#4815),#4819);
#4815 = LINE('',#4816,#4817);
#4816 = CARTESIAN_POINT('',(0.,-2.4));
#4817 = VECTOR('',#4818,1.);
#4818 = DIRECTION('',(1.,0.));
#4819 = ( GEOMETRIC_REPRESENTATION_CONTEXT(2) 
PARAMETRIC_REPRESENTATION_CONTEXT() REPRESENTATION_CONTEXT('2D SPACE',''
  ) );
#4820 = ORIENTED_EDGE('',*,*,#4821,.T.);
#4821 = EDGE_CURVE('',#4794,#4822,#4824,.T.);
#4822 = VERTEX_POINT('',#4823);
#4823 = CARTESIAN_POINT('',(18.,39.6,2.4));
#4824 = SURFACE_CURVE('',#4825,(#4829,#4836),.PCURVE_S1.);
#4825 = LINE('',#4826,#4827);
#4826 = CARTESIAN_POINT('',(18.3,39.9,2.4));
#4827 = VECTOR('',#4828,1.);
#4828 = DIRECTION('',(-0.707106781187,-0.707106781187,0.));
#4829 = PCURVE('',#3897,#4830);
#4830 = DEFINITIONAL_REPRESENTATION('',(#4831),#4835);
#4831 = LINE('',#4832,#4833);
#4832 = CARTESIAN_POINT('',(-15.5,20.100000000932));
#4833 = VECTOR('',#4834,1.);
#4834 = DIRECTION('',(-0.707106781187,-0.707106781187));
#4835 = ( GEOMETRIC_REPRESENTATION_CONTEXT(2) 
PARAMETRIC_REPRESENTATION_CONTEXT() REPRESENTATION_CONTEXT('2D SPACE',''
  ) );
#4836 = PCURVE('',#4837,#4842);
#4837 = PLANE('',#4838);
#4838 = AXIS2_PLACEMENT_3D('',#4839,#4840,#4841);
#4839 = CARTESIAN_POINT('',(18.3,39.9,0.));
#4840 = DIRECTION('',(0.707106781187,-0.707106781187,0.));
#4841 = DIRECTION('',(-0.707106781187,-0.707106781187,0.));
#4842 = DEFINITIONAL_REPRESENTATION('',(#4843),#4847);
#4843 = LINE('',#4844,#4845);
#4844 = CARTESIAN_POINT('',(0.,-2.4));
#4845 = VECTOR('',#4846,1.);
#4846 = DIRECTION('',(1.,0.));
#4847 = ( GEOMETRIC_REPRESENTATION_CONTEXT(2) 
PARAMETRIC_REPRESENTATION_CONTEXT() REPRESENTATION_CONTEXT('2D SPACE',''
  ) );
#4848 = ORIENTED_EDGE('',*,*,#4849,.F.);
#4849 = EDGE_CURVE('',#4850,#4822,#4852,.T.);
#4850 = VERTEX_POINT('',#4851);
#4851 = CARTESIAN_POINT('',(16.6,39.600000000001,2.4));
#4852 = SURFACE_CURVE('',#4853,(#4857,#4864),.PCURVE_S1.);
#4853 = LINE('',#4854,#4855);
#4854 = CARTESIAN_POINT('',(33.8,39.600000000001,2.4));
#4855 = VECTOR('',#4856,1.);
#4856 = DIRECTION('',(1.,0.,0.));
#4857 = PCURVE('',#3897,#4858);
#4858 = DEFINITIONAL_REPRESENTATION('',(#4859),#4863);
#4859 = LINE('',#4860,#4861);
#4860 = CARTESIAN_POINT('',(0.,19.800000000933));
#4861 = VECTOR('',#4862,1.);
#4862 = DIRECTION('',(1.,0.));
#4863 = ( GEOMETRIC_REPRESENTATION_CONTEXT(2) 
PARAMETRIC_REPRESENTATION_CONTEXT() REPRESENTATION_CONTEXT('2D SPACE',''
  ) );
#4864 = PCURVE('',#4865,#4870);
#4865 = PLANE('',#4866);
#4866 = AXIS2_PLACEMENT_3D('',#4867,#4868,#4869);
#4867 = CARTESIAN_POINT('',(2.,39.600000000001,0.));
#4868 = DIRECTION('',(0.,1.,0.));
#4869 = DIRECTION('',(1.,0.,0.));
#4870 = DEFINITIONAL_REPRESENTATION('',(#4871),#4875);
#4871 = LINE('',#4872,#4873);
#4872 = CARTESIAN_POINT('',(31.8,-2.4));
#4873 = VECTOR('',#4874,1.);
#4874 = DIRECTION('',(1.,0.));
#4875 = ( GEOMETRIC_REPRESENTATION_CONTEXT(2) 
PARAMETRIC_REPRESENTATION_CONTEXT() REPRESENTATION_CONTEXT('2D SPACE',''
  ) );
#4876 = ORIENTED_EDGE('',*,*,#4877,.T.);
#4877 = EDGE_CURVE('',#4850,#4878,#4880,.T.);
#4878 = VERTEX_POINT('',#4879);
#4879 = CARTESIAN_POINT('',(16.6,35.6,2.4));
#4880 = SURFACE_CURVE('',#4881,(#4885,#4892),.PCURVE_S1.);
#4881 = LINE('',#4882,#4883);
#4882 = CARTESIAN_POINT('',(16.6,27.699999999534,2.4));
#4883 = VECTOR('',#4884,1.);
#4884 = DIRECTION('',(0.,-1.,0.));
#4885 = PCURVE('',#3897,#4886);
#4886 = DEFINITIONAL_REPRESENTATION('',(#4887),#4891);
#4887 = LINE('',#4888,#4889);
#4888 = CARTESIAN_POINT('',(-17.2,7.900000000466));
#4889 = VECTOR('',#4890,1.);
#4890 = DIRECTION('',(0.,-1.));
#4891 = ( GEOMETRIC_REPRESENTATION_CONTEXT(2) 
PARAMETRIC_REPRESENTATION_CONTEXT() REPRESENTATION_CONTEXT('2D SPACE',''
  ) );
#4892 = PCURVE('',#4893,#4898);
#4893 = PLANE('',#4894);
#4894 = AXIS2_PLACEMENT_3D('',#4895,#4896,#4897);
#4895 = CARTESIAN_POINT('',(16.6,35.6,-1.));
#4896 = DIRECTION('',(-1.,0.,0.));
#4897 = DIRECTION('',(0.,1.,0.));
#4898 = DEFINITIONAL_REPRESENTATION('',(#4899),#4903);
#4899 = LINE('',#4900,#4901);
#4900 = CARTESIAN_POINT('',(-7.900000000466,-3.4));
#4901 = VECTOR('',#4902,1.);
#4902 = DIRECTION('',(-1.,0.));
#4903 = ( GEOMETRIC_REPRESENTATION_CONTEXT(2) 
PARAMETRIC_REPRESENTATION_CONTEXT() REPRESENTATION_CONTEXT('2D SPACE',''
  ) );
#4904 = ORIENTED_EDGE('',*,*,#4905,.T.);
#4905 = EDGE_CURVE('',#4878,#4906,#4908,.T.);
#4906 = VERTEX_POINT('',#4907);
#4907 = CARTESIAN_POINT('',(15.6,34.6,2.4));
#4908 = SURFACE_CURVE('',#4909,(#4914,#4925),.PCURVE_S1.);
#4909 = CIRCLE('',#4910,1.);
#4910 = AXIS2_PLACEMENT_3D('',#4911,#4912,#4913);
#4911 = CARTESIAN_POINT('',(15.6,35.6,2.4));
#4912 = DIRECTION('',(0.,0.,-1.));
#4913 = DIRECTION('',(-1.,0.,0.));
#4914 = PCURVE('',#3897,#4915);
#4915 = DEFINITIONAL_REPRESENTATION('',(#4916),#4924);
#4916 = ( BOUNDED_CURVE() B_SPLINE_CURVE(2,(#4917,#4918,#4919,#4920,
#4921,#4922,#4923),.UNSPECIFIED.,.T.,.F.) B_SPLINE_CURVE_WITH_KNOTS((1,2
    ,2,2,2,1),(-2.094395102393,0.,2.094395102393,4.188790204786,
6.28318530718,8.377580409573),.UNSPECIFIED.) CURVE() 
GEOMETRIC_REPRESENTATION_ITEM() RATIONAL_B_SPLINE_CURVE((1.,0.5,1.,0.5,
1.,0.5,1.)) REPRESENTATION_ITEM('') );
#4917 = CARTESIAN_POINT('',(-19.2,15.800000000932));
#4918 = CARTESIAN_POINT('',(-19.2,17.532050808501));
#4919 = CARTESIAN_POINT('',(-17.7,16.666025404716));
#4920 = CARTESIAN_POINT('',(-16.2,15.800000000932));
#4921 = CARTESIAN_POINT('',(-17.7,14.933974597148));
#4922 = CARTESIAN_POINT('',(-19.2,14.067949193363));
#4923 = CARTESIAN_POINT('',(-19.2,15.800000000932));
#4924 = ( GEOMETRIC_REPRESENTATION_CONTEXT(2) 
PARAMETRIC_REPRESENTATION_CONTEXT() REPRESENTATION_CONTEXT('2D SPACE',''
  ) );
#4925 = PCURVE('',#4926,#4931);
#4926 = CYLINDRICAL_SURFACE('',#4927,1.);
#4927 = AXIS2_PLACEMENT_3D('',#4928,#4929,#4930);
#4928 = CARTESIAN_POINT('',(15.6,35.6,-1.));
#4929 = DIRECTION('',(0.,0.,-1.));
#4930 = DIRECTION('',(-1.,0.,0.));
#4931 = DEFINITIONAL_REPRESENTATION('',(#4932),#4936);
#4932 = LINE('',#4933,#4934);
#4933 = CARTESIAN_POINT('',(0.,-3.4));
#4934 = VECTOR('',#4935,1.);
#4935 = DIRECTION('',(1.,0.));
#4936 = ( GEOMETRIC_REPRESENTATION_CONTEXT(2) 
PARAMETRIC_REPRESENTATION_CONTEXT() REPRESENTATION_CONTEXT('2D SPACE',''
  ) );
#4937 = ORIENTED_EDGE('',*,*,#4938,.T.);
#4938 = EDGE_CURVE('',#4906,#4939,#4941,.T.);
#4939 = VERTEX_POINT('',#4940);
#4940 = CARTESIAN_POINT('',(9.6,34.6,2.4));
#4941 = SURFACE_CURVE('',#4942,(#4946,#4953),.PCURVE_S1.);
#4942 = LINE('',#4943,#4944);
#4943 = CARTESIAN_POINT('',(21.7,34.6,2.4));
#4944 = VECTOR('',#4945,1.);
#4945 = DIRECTION('',(-1.,0.,0.));
#4946 = PCURVE('',#3897,#4947);
#4947 = DEFINITIONAL_REPRESENTATION('',(#4948),#4952);
#4948 = LINE('',#4949,#4950);
#4949 = CARTESIAN_POINT('',(-12.1,14.800000000932));
#4950 = VECTOR('',#4951,1.);
#4951 = DIRECTION('',(-1.,0.));
#4952 = ( GEOMETRIC_REPRESENTATION_CONTEXT(2) 
PARAMETRIC_REPRESENTATION_CONTEXT() REPRESENTATION_CONTEXT('2D SPACE',''
  ) );
#4953 = PCURVE('',#4954,#4959);
#4954 = PLANE('',#4955);
#4955 = AXIS2_PLACEMENT_3D('',#4956,#4957,#4958);
#4956 = CARTESIAN_POINT('',(9.6,34.6,-1.));
#4957 = DIRECTION('',(0.,1.,0.));
#4958 = DIRECTION('',(1.,0.,0.));
#4959 = DEFINITIONAL_REPRESENTATION('',(#4960),#4964);
#4960 = LINE('',#4961,#4962);
#4961 = CARTESIAN_POINT('',(12.1,-3.4));
#4962 = VECTOR('',#4963,1.);
#4963 = DIRECTION('',(-1.,0.));
#4964 = ( GEOMETRIC_REPRESENTATION_CONTEXT(2) 
PARAMETRIC_REPRESENTATION_CONTEXT() REPRESENTATION_CONTEXT('2D SPACE',''
  ) );
#4965 = ORIENTED_EDGE('',*,*,#4966,.T.);
#4966 = EDGE_CURVE('',#4939,#4967,#4969,.T.);
#4967 = VERTEX_POINT('',#4968);
#4968 = CARTESIAN_POINT('',(8.6,35.6,2.4));
#4969 = SURFACE_CURVE('',#4970,(#4975,#4986),.PCURVE_S1.);
#4970 = CIRCLE('',#4971,1.);
#4971 = AXIS2_PLACEMENT_3D('',#4972,#4973,#4974);
#4972 = CARTESIAN_POINT('',(9.6,35.6,2.4));
#4973 = DIRECTION('',(0.,0.,-1.));
#4974 = DIRECTION('',(-1.,0.,0.));
#4975 = PCURVE('',#3897,#4976);
#4976 = DEFINITIONAL_REPRESENTATION('',(#4977),#4985);
#4977 = ( BOUNDED_CURVE() B_SPLINE_CURVE(2,(#4978,#4979,#4980,#4981,
#4982,#4983,#4984),.UNSPECIFIED.,.T.,.F.) B_SPLINE_CURVE_WITH_KNOTS((1,2
    ,2,2,2,1),(-2.094395102393,0.,2.094395102393,4.188790204786,
6.28318530718,8.377580409573),.UNSPECIFIED.) CURVE() 
GEOMETRIC_REPRESENTATION_ITEM() RATIONAL_B_SPLINE_CURVE((1.,0.5,1.,0.5,
1.,0.5,1.)) REPRESENTATION_ITEM('') );
#4978 = CARTESIAN_POINT('',(-25.2,15.800000000932));
#4979 = CARTESIAN_POINT('',(-25.2,17.532050808501));
#4980 = CARTESIAN_POINT('',(-23.7,16.666025404716));
#4981 = CARTESIAN_POINT('',(-22.2,15.800000000932));
#4982 = CARTESIAN_POINT('',(-23.7,14.933974597148));
#4983 = CARTESIAN_POINT('',(-25.2,14.067949193363));
#4984 = CARTESIAN_POINT('',(-25.2,15.800000000932));
#4985 = ( GEOMETRIC_REPRESENTATION_CONTEXT(2) 
PARAMETRIC_REPRESENTATION_CONTEXT() REPRESENTATION_CONTEXT('2D SPACE',''
  ) );
#4986 = PCURVE('',#4987,#4992);
#4987 = CYLINDRICAL_SURFACE('',#4988,1.);
#4988 = AXIS2_PLACEMENT_3D('',#4989,#4990,#4991);
#4989 = CARTESIAN_POINT('',(9.6,35.6,-1.));
#4990 = DIRECTION('',(0.,0.,-1.));
#4991 = DIRECTION('',(-1.,0.,0.));
#4992 = DEFINITIONAL_REPRESENTATION('',(#4993),#4997);
#4993 = LINE('',#4994,#4995);
#4994 = CARTESIAN_POINT('',(0.,-3.4));
#4995 = VECTOR('',#4996,1.);
#4996 = DIRECTION('',(1.,0.));
#4997 = ( GEOMETRIC_REPRESENTATION_CONTEXT(2) 
PARAMETRIC_REPRESENTATION_CONTEXT() REPRESENTATION_CONTEXT('2D SPACE',''
  ) );
#4998 = ORIENTED_EDGE('',*,*,#4999,.F.);
#4999 = EDGE_CURVE('',#5000,#4967,#5002,.T.);
#5000 = VERTEX_POINT('',#5001);
#5001 = CARTESIAN_POINT('',(8.6,39.600000000001,2.4));
#5002 = SURFACE_CURVE('',#5003,(#5007,#5014),.PCURVE_S1.);
#5003 = LINE('',#5004,#5005);
#5004 = CARTESIAN_POINT('',(8.6,27.699999999534,2.4));
#5005 = VECTOR('',#5006,1.);
#5006 = DIRECTION('',(0.,-1.,0.));
#5007 = PCURVE('',#3897,#5008);
#5008 = DEFINITIONAL_REPRESENTATION('',(#5009),#5013);
#5009 = LINE('',#5010,#5011);
#5010 = CARTESIAN_POINT('',(-25.2,7.900000000466));
#5011 = VECTOR('',#5012,1.);
#5012 = DIRECTION('',(0.,-1.));
#5013 = ( GEOMETRIC_REPRESENTATION_CONTEXT(2) 
PARAMETRIC_REPRESENTATION_CONTEXT() REPRESENTATION_CONTEXT('2D SPACE',''
  ) );
#5014 = PCURVE('',#5015,#5020);
#5015 = PLANE('',#5016);
#5016 = AXIS2_PLACEMENT_3D('',#5017,#5018,#5019);
#5017 = CARTESIAN_POINT('',(8.6,35.6,-1.));
#5018 = DIRECTION('',(-1.,0.,0.));
#5019 = DIRECTION('',(0.,1.,0.));
#5020 = DEFINITIONAL_REPRESENTATION('',(#5021),#5025);
#5021 = LINE('',#5022,#5023);
#5022 = CARTESIAN_POINT('',(-7.900000000466,-3.4));
#5023 = VECTOR('',#5024,1.);
#5024 = DIRECTION('',(-1.,0.));
#5025 = ( GEOMETRIC_REPRESENTATION_CONTEXT(2) 
PARAMETRIC_REPRESENTATION_CONTEXT() REPRESENTATION_CONTEXT('2D SPACE',''
  ) );
#5026 = ORIENTED_EDGE('',*,*,#5027,.F.);
#5027 = EDGE_CURVE('',#5028,#5000,#5030,.T.);
#5028 = VERTEX_POINT('',#5029);
#5029 = CARTESIAN_POINT('',(2.,39.599999997649,2.4));
#5030 = SURFACE_CURVE('',#5031,(#5035,#5042),.PCURVE_S1.);
#5031 = LINE('',#5032,#5033);
#5032 = CARTESIAN_POINT('',(33.8,39.600000000001,2.4));
#5033 = VECTOR('',#5034,1.);
#5034 = DIRECTION('',(1.,0.,0.));
#5035 = PCURVE('',#3897,#5036);
#5036 = DEFINITIONAL_REPRESENTATION('',(#5037),#5041);
#5037 = LINE('',#5038,#5039);
#5038 = CARTESIAN_POINT('',(0.,19.800000000933));
#5039 = VECTOR('',#5040,1.);
#5040 = DIRECTION('',(1.,0.));
#5041 = ( GEOMETRIC_REPRESENTATION_CONTEXT(2) 
PARAMETRIC_REPRESENTATION_CONTEXT() REPRESENTATION_CONTEXT('2D SPACE',''
  ) );
#5042 = PCURVE('',#5043,#5048);
#5043 = PLANE('',#5044);
#5044 = AXIS2_PLACEMENT_3D('',#5045,#5046,#5047);
#5045 = CARTESIAN_POINT('',(2.,39.600000000001,0.));
#5046 = DIRECTION('',(0.,1.,0.));
#5047 = DIRECTION('',(1.,0.,0.));
#5048 = DEFINITIONAL_REPRESENTATION('',(#5049),#5053);
#5049 = LINE('',#5050,#5051);
#5050 = CARTESIAN_POINT('',(31.8,-2.4));
#5051 = VECTOR('',#5052,1.);
#5052 = DIRECTION('',(1.,0.));
#5053 = ( GEOMETRIC_REPRESENTATION_CONTEXT(2) 
PARAMETRIC_REPRESENTATION_CONTEXT() REPRESENTATION_CONTEXT('2D SPACE',''
  ) );
#5054 = ORIENTED_EDGE('',*,*,#5055,.T.);
#5055 = EDGE_CURVE('',#5028,#5056,#5058,.T.);
#5056 = VERTEX_POINT('',#5057);
#5057 = CARTESIAN_POINT('',(0.,37.599999995297,2.4));
#5058 = SURFACE_CURVE('',#5059,(#5064,#5071),.PCURVE_S1.);
#5059 = CIRCLE('',#5060,2.);
#5060 = AXIS2_PLACEMENT_3D('',#5061,#5062,#5063);
#5061 = CARTESIAN_POINT('',(2.,37.599999995297,2.4));
#5062 = DIRECTION('',(0.,0.,1.));
#5063 = DIRECTION('',(1.,0.,-0.));
#5064 = PCURVE('',#3897,#5065);
#5065 = DEFINITIONAL_REPRESENTATION('',(#5066),#5070);
#5066 = CIRCLE('',#5067,2.);
#5067 = AXIS2_PLACEMENT_2D('',#5068,#5069);
#5068 = CARTESIAN_POINT('',(-31.8,17.799999996229));
#5069 = DIRECTION('',(1.,0.));
#5070 = ( GEOMETRIC_REPRESENTATION_CONTEXT(2) 
PARAMETRIC_REPRESENTATION_CONTEXT() REPRESENTATION_CONTEXT('2D SPACE',''
  ) );
#5071 = PCURVE('',#5072,#5077);
#5072 = CYLINDRICAL_SURFACE('',#5073,2.);
#5073 = AXIS2_PLACEMENT_3D('',#5074,#5075,#5076);
#5074 = CARTESIAN_POINT('',(2.,37.599999995297,0.));
#5075 = DIRECTION('',(-0.,-0.,-1.));
#5076 = DIRECTION('',(1.,0.,0.));
#5077 = DEFINITIONAL_REPRESENTATION('',(#5078),#5082);
#5078 = LINE('',#5079,#5080);
#5079 = CARTESIAN_POINT('',(6.28318530718,-2.4));
#5080 = VECTOR('',#5081,1.);
#5081 = DIRECTION('',(-1.,0.));
#5082 = ( GEOMETRIC_REPRESENTATION_CONTEXT(2) 
PARAMETRIC_REPRESENTATION_CONTEXT() REPRESENTATION_CONTEXT('2D SPACE',''
  ) );
#5083 = ORIENTED_EDGE('',*,*,#5084,.F.);
#5084 = EDGE_CURVE('',#5085,#5056,#5087,.T.);
#5085 = VERTEX_POINT('',#5086);
#5086 = CARTESIAN_POINT('',(6.661338147751E-16,22.8,2.4));
#5087 = SURFACE_CURVE('',#5088,(#5092,#5099),.PCURVE_S1.);
#5088 = LINE('',#5089,#5090);
#5089 = CARTESIAN_POINT('',(0.,19.800000000001,2.4));
#5090 = VECTOR('',#5091,1.);
#5091 = DIRECTION('',(0.,1.,0.));
#5092 = PCURVE('',#3897,#5093);
#5093 = DEFINITIONAL_REPRESENTATION('',(#5094),#5098);
#5094 = LINE('',#5095,#5096);
#5095 = CARTESIAN_POINT('',(-33.8,9.329994554719E-10));
#5096 = VECTOR('',#5097,1.);
#5097 = DIRECTION('',(0.,1.));
#5098 = ( GEOMETRIC_REPRESENTATION_CONTEXT(2) 
PARAMETRIC_REPRESENTATION_CONTEXT() REPRESENTATION_CONTEXT('2D SPACE',''
  ) );
#5099 = PCURVE('',#5100,#5105);
#5100 = PLANE('',#5101);
#5101 = AXIS2_PLACEMENT_3D('',#5102,#5103,#5104);
#5102 = CARTESIAN_POINT('',(0.,1.999999999999,0.));
#5103 = DIRECTION('',(-1.,0.,0.));
#5104 = DIRECTION('',(0.,1.,0.));
#5105 = DEFINITIONAL_REPRESENTATION('',(#5106),#5110);
#5106 = LINE('',#5107,#5108);
#5107 = CARTESIAN_POINT('',(17.800000000002,-2.4));
#5108 = VECTOR('',#5109,1.);
#5109 = DIRECTION('',(1.,0.));
#5110 = ( GEOMETRIC_REPRESENTATION_CONTEXT(2) 
PARAMETRIC_REPRESENTATION_CONTEXT() REPRESENTATION_CONTEXT('2D SPACE',''
  ) );
#5111 = ORIENTED_EDGE('',*,*,#5112,.T.);
#5112 = EDGE_CURVE('',#5085,#5113,#5115,.T.);
#5113 = VERTEX_POINT('',#5114);
#5114 = CARTESIAN_POINT('',(-0.3,22.5,2.4));
#5115 = SURFACE_CURVE('',#5116,(#5120,#5127),.PCURVE_S1.);
#5116 = LINE('',#5117,#5118);
#5117 = CARTESIAN_POINT('',(6.661338147751E-16,22.8,2.4));
#5118 = VECTOR('',#5119,1.);
#5119 = DIRECTION('',(-0.707106781187,-0.707106781187,0.));
#5120 = PCURVE('',#3897,#5121);
#5121 = DEFINITIONAL_REPRESENTATION('',(#5122),#5126);
#5122 = LINE('',#5123,#5124);
#5123 = CARTESIAN_POINT('',(-33.8,3.000000000932));
#5124 = VECTOR('',#5125,1.);
#5125 = DIRECTION('',(-0.707106781187,-0.707106781187));
#5126 = ( GEOMETRIC_REPRESENTATION_CONTEXT(2) 
PARAMETRIC_REPRESENTATION_CONTEXT() REPRESENTATION_CONTEXT('2D SPACE',''
  ) );
#5127 = PCURVE('',#5128,#5133);
#5128 = PLANE('',#5129);
#5129 = AXIS2_PLACEMENT_3D('',#5130,#5131,#5132);
#5130 = CARTESIAN_POINT('',(6.661338147751E-16,22.8,0.));
#5131 = DIRECTION('',(0.707106781187,-0.707106781187,0.));
#5132 = DIRECTION('',(-0.707106781187,-0.707106781187,0.));
#5133 = DEFINITIONAL_REPRESENTATION('',(#5134),#5138);
#5134 = LINE('',#5135,#5136);
#5135 = CARTESIAN_POINT('',(0.,-2.4));
#5136 = VECTOR('',#5137,1.);
#5137 = DIRECTION('',(1.,0.));
#5138 = ( GEOMETRIC_REPRESENTATION_CONTEXT(2) 
PARAMETRIC_REPRESENTATION_CONTEXT() REPRESENTATION_CONTEXT('2D SPACE',''
  ) );
#5139 = ORIENTED_EDGE('',*,*,#5140,.T.);
#5140 = EDGE_CURVE('',#5113,#4026,#5141,.T.);
#5141 = SURFACE_CURVE('',#5142,(#5146,#5153),.PCURVE_S1.);
#5142 = LINE('',#5143,#5144);
#5143 = CARTESIAN_POINT('',(-0.3,22.5,2.4));
#5144 = VECTOR('',#5145,1.);
#5145 = DIRECTION('',(-2.22044604925E-16,-1.,0.));
#5146 = PCURVE('',#3897,#5147);
#5147 = DEFINITIONAL_REPRESENTATION('',(#5148),#5152);
#5148 = LINE('',#5149,#5150);
#5149 = CARTESIAN_POINT('',(-34.1,2.700000000932));
#5150 = VECTOR('',#5151,1.);
#5151 = DIRECTION('',(-2.22044604925E-16,-1.));
#5152 = ( GEOMETRIC_REPRESENTATION_CONTEXT(2) 
PARAMETRIC_REPRESENTATION_CONTEXT() REPRESENTATION_CONTEXT('2D SPACE',''
  ) );
#5153 = PCURVE('',#4041,#5154);
#5154 = DEFINITIONAL_REPRESENTATION('',(#5155),#5159);
#5155 = LINE('',#5156,#5157);
#5156 = CARTESIAN_POINT('',(0.,-2.4));
#5157 = VECTOR('',#5158,1.);
#5158 = DIRECTION('',(1.,0.));
#5159 = ( GEOMETRIC_REPRESENTATION_CONTEXT(2) 
PARAMETRIC_REPRESENTATION_CONTEXT() REPRESENTATION_CONTEXT('2D SPACE',''
  ) );
#5160 = ORIENTED_EDGE('',*,*,#4053,.T.);
#5161 = FACE_BOUND('',#5162,.T.);
#5162 = EDGE_LOOP('',(#5163));
#5163 = ORIENTED_EDGE('',*,*,#5164,.F.);
#5164 = EDGE_CURVE('',#5165,#5165,#5167,.T.);
#5165 = VERTEX_POINT('',#5166);
#5166 = CARTESIAN_POINT('',(6.74,5.34,2.4));
#5167 = SURFACE_CURVE('',#5168,(#5173,#5180),.PCURVE_S1.);
#5168 = CIRCLE('',#5169,2.4);
#5169 = AXIS2_PLACEMENT_3D('',#5170,#5171,#5172);
#5170 = CARTESIAN_POINT('',(4.34,5.34,2.4));
#5171 = DIRECTION('',(0.,0.,1.));
#5172 = DIRECTION('',(1.,0.,-0.));
#5173 = PCURVE('',#3897,#5174);
#5174 = DEFINITIONAL_REPRESENTATION('',(#5175),#5179);
#5175 = CIRCLE('',#5176,2.4);
#5176 = AXIS2_PLACEMENT_2D('',#5177,#5178);
#5177 = CARTESIAN_POINT('',(-29.46,-14.45999999906));
#5178 = DIRECTION('',(1.,0.));
#5179 = ( GEOMETRIC_REPRESENTATION_CONTEXT(2) 
PARAMETRIC_REPRESENTATION_CONTEXT() REPRESENTATION_CONTEXT('2D SPACE',''
  ) );
#5180 = PCURVE('',#5181,#5186);
#5181 = CYLINDRICAL_SURFACE('',#5182,2.4);
#5182 = AXIS2_PLACEMENT_3D('',#5183,#5184,#5185);
#5183 = CARTESIAN_POINT('',(4.34,5.34,2.4));
#5184 = DIRECTION('',(-0.,-0.,-1.));
#5185 = DIRECTION('',(1.,0.,-0.));
#5186 = DEFINITIONAL_REPRESENTATION('',(#5187),#5191);
#5187 = LINE('',#5188,#5189);
#5188 = CARTESIAN_POINT('',(6.28318530718,0.));
#5189 = VECTOR('',#5190,1.);
#5190 = DIRECTION('',(-1.,0.));
#5191 = ( GEOMETRIC_REPRESENTATION_CONTEXT(2) 
PARAMETRIC_REPRESENTATION_CONTEXT() REPRESENTATION_CONTEXT('2D SPACE',''
  ) );
#5192 = FACE_BOUND('',#5193,.T.);
#5193 = EDGE_LOOP('',(#5194));
#5194 = ORIENTED_EDGE('',*,*,#5195,.F.);
#5195 = EDGE_CURVE('',#5196,#5196,#5198,.T.);
#5196 = VERTEX_POINT('',#5197);
#5197 = CARTESIAN_POINT('',(52.92,5.34,2.4));
#5198 = SURFACE_CURVE('',#5199,(#5204,#5211),.PCURVE_S1.);
#5199 = CIRCLE('',#5200,2.4);
#5200 = AXIS2_PLACEMENT_3D('',#5201,#5202,#5203);
#5201 = CARTESIAN_POINT('',(50.52,5.34,2.4));
#5202 = DIRECTION('',(0.,0.,1.));
#5203 = DIRECTION('',(1.,0.,-0.));
#5204 = PCURVE('',#3897,#5205);
#5205 = DEFINITIONAL_REPRESENTATION('',(#5206),#5210);
#5206 = CIRCLE('',#5207,2.4);
#5207 = AXIS2_PLACEMENT_2D('',#5208,#5209);
#5208 = CARTESIAN_POINT('',(16.72,-14.45999999906));
#5209 = DIRECTION('',(1.,0.));
#5210 = ( GEOMETRIC_REPRESENTATION_CONTEXT(2) 
PARAMETRIC_REPRESENTATION_CONTEXT() REPRESENTATION_CONTEXT('2D SPACE',''
  ) );
#5211 = PCURVE('',#5212,#5217);
#5212 = CYLINDRICAL_SURFACE('',#5213,2.4);
#5213 = AXIS2_PLACEMENT_3D('',#5214,#5215,#5216);
#5214 = CARTESIAN_POINT('',(50.52,5.34,2.4));
#5215 = DIRECTION('',(-0.,-0.,-1.));
#5216 = DIRECTION('',(1.,0.,-0.));
#5217 = DEFINITIONAL_REPRESENTATION('',(#5218),#5222);
#5218 = LINE('',#5219,#5220);
#5219 = CARTESIAN_POINT('',(6.28318530718,0.));
#5220 = VECTOR('',#5221,1.);
#5221 = DIRECTION('',(-1.,0.));
#5222 = ( GEOMETRIC_REPRESENTATION_CONTEXT(2) 
PARAMETRIC_REPRESENTATION_CONTEXT() REPRESENTATION_CONTEXT('2D SPACE',''
  ) );
#5223 = FACE_BOUND('',#5224,.T.);
#5224 = EDGE_LOOP('',(#5225));
#5225 = ORIENTED_EDGE('',*,*,#5226,.F.);
#5226 = EDGE_CURVE('',#5227,#5227,#5229,.T.);
#5227 = VERTEX_POINT('',#5228);
#5228 = CARTESIAN_POINT('',(6.74,23.12,2.4));
#5229 = SURFACE_CURVE('',#5230,(#5235,#5242),.PCURVE_S1.);
#5230 = CIRCLE('',#5231,2.4);
#5231 = AXIS2_PLACEMENT_3D('',#5232,#5233,#5234);
#5232 = CARTESIAN_POINT('',(4.34,23.12,2.4));
#5233 = DIRECTION('',(0.,0.,1.));
#5234 = DIRECTION('',(1.,0.,-0.));
#5235 = PCURVE('',#3897,#5236);
#5236 = DEFINITIONAL_REPRESENTATION('',(#5237),#5241);
#5237 = CIRCLE('',#5238,2.4);
#5238 = AXIS2_PLACEMENT_2D('',#5239,#5240);
#5239 = CARTESIAN_POINT('',(-29.46,3.320000000932));
#5240 = DIRECTION('',(1.,0.));
#5241 = ( GEOMETRIC_REPRESENTATION_CONTEXT(2) 
PARAMETRIC_REPRESENTATION_CONTEXT() REPRESENTATION_CONTEXT('2D SPACE',''
  ) );
#5242 = PCURVE('',#5243,#5248);
#5243 = CYLINDRICAL_SURFACE('',#5244,2.4);
#5244 = AXIS2_PLACEMENT_3D('',#5245,#5246,#5247);
#5245 = CARTESIAN_POINT('',(4.34,23.12,2.4));
#5246 = DIRECTION('',(-0.,-0.,-1.));
#5247 = DIRECTION('',(1.,0.,-0.));
#5248 = DEFINITIONAL_REPRESENTATION('',(#5249),#5253);
#5249 = LINE('',#5250,#5251);
#5250 = CARTESIAN_POINT('',(6.28318530718,0.));
#5251 = VECTOR('',#5252,1.);
#5252 = DIRECTION('',(-1.,0.));
#5253 = ( GEOMETRIC_REPRESENTATION_CONTEXT(2) 
PARAMETRIC_REPRESENTATION_CONTEXT() REPRESENTATION_CONTEXT('2D SPACE',''
  ) );
#5254 = FACE_BOUND('',#5255,.T.);
#5255 = EDGE_LOOP('',(#5256));
#5256 = ORIENTED_EDGE('',*,*,#5257,.T.);
#5257 = EDGE_CURVE('',#5258,#5258,#5260,.T.);
#5258 = VERTEX_POINT('',#5259);
#5259 = CARTESIAN_POINT('',(64.8,19.8,2.4));
#5260 = SURFACE_CURVE('',#5261,(#5266,#5277),.PCURVE_S1.);
#5261 = CIRCLE('',#5262,5.);
#5262 = AXIS2_PLACEMENT_3D('',#5263,#5264,#5265);
#5263 = CARTESIAN_POINT('',(59.8,19.8,2.4));
#5264 = DIRECTION('',(0.,0.,-1.));
#5265 = DIRECTION('',(1.,0.,0.));
#5266 = PCURVE('',#3897,#5267);
#5267 = DEFINITIONAL_REPRESENTATION('',(#5268),#5276);
#5268 = ( BOUNDED_CURVE() B_SPLINE_CURVE(2,(#5269,#5270,#5271,#5272,
#5273,#5274,#5275),.UNSPECIFIED.,.T.,.F.) B_SPLINE_CURVE_WITH_KNOTS((1,2
    ,2,2,2,1),(-2.094395102393,0.,2.094395102393,4.188790204786,
6.28318530718,8.377580409573),.UNSPECIFIED.) CURVE() 
GEOMETRIC_REPRESENTATION_ITEM() RATIONAL_B_SPLINE_CURVE((1.,0.5,1.,0.5,
1.,0.5,1.)) REPRESENTATION_ITEM('') );
#5269 = CARTESIAN_POINT('',(31.,9.320011429281E-10));
#5270 = CARTESIAN_POINT('',(31.,-8.660254036912));
#5271 = CARTESIAN_POINT('',(23.5,-4.33012701799));
#5272 = CARTESIAN_POINT('',(16.,9.319999182813E-10));
#5273 = CARTESIAN_POINT('',(23.5,4.330127019854));
#5274 = CARTESIAN_POINT('',(31.,8.660254038776));
#5275 = CARTESIAN_POINT('',(31.,9.320011429281E-10));
#5276 = ( GEOMETRIC_REPRESENTATION_CONTEXT(2) 
PARAMETRIC_REPRESENTATION_CONTEXT() REPRESENTATION_CONTEXT('2D SPACE',''
  ) );
#5277 = PCURVE('',#5278,#5283);
#5278 = CYLINDRICAL_SURFACE('',#5279,5.);
#5279 = AXIS2_PLACEMENT_3D('',#5280,#5281,#5282);
#5280 = CARTESIAN_POINT('',(59.8,19.8,-1.));
#5281 = DIRECTION('',(-0.,-0.,-1.));
#5282 = DIRECTION('',(1.,0.,-0.));
#5283 = DEFINITIONAL_REPRESENTATION('',(#5284),#5288);
#5284 = LINE('',#5285,#5286);
#5285 = CARTESIAN_POINT('',(-4.138911435803E-13,-3.4));
#5286 = VECTOR('',#5287,1.);
#5287 = DIRECTION('',(1.,-0.));
#5288 = ( GEOMETRIC_REPRESENTATION_CONTEXT(2) 
PARAMETRIC_REPRESENTATION_CONTEXT() REPRESENTATION_CONTEXT('2D SPACE',''
  ) );
#5289 = ADVANCED_FACE('',(#5290),#3869,.T.);
#5290 = FACE_BOUND('',#5291,.T.);
#5291 = EDGE_LOOP('',(#5292,#5316,#5337,#5338));
#5292 = ORIENTED_EDGE('',*,*,#5293,.F.);
#5293 = EDGE_CURVE('',#5294,#3819,#5296,.T.);
#5294 = VERTEX_POINT('',#5295);
#5295 = CARTESIAN_POINT('',(2.,6.678824160389E-13,0.4));
#5296 = SURFACE_CURVE('',#5297,(#5302,#5309),.PCURVE_S1.);
#5297 = CIRCLE('',#5298,2.);
#5298 = AXIS2_PLACEMENT_3D('',#5299,#5300,#5301);
#5299 = CARTESIAN_POINT('',(2.,1.999999999999,0.4));
#5300 = DIRECTION('',(-0.,-0.,-1.));
#5301 = DIRECTION('',(0.,-1.,0.));
#5302 = PCURVE('',#3869,#5303);
#5303 = DEFINITIONAL_REPRESENTATION('',(#5304),#5308);
#5304 = LINE('',#5305,#5306);
#5305 = CARTESIAN_POINT('',(1.570796326795,-0.4));
#5306 = VECTOR('',#5307,1.);
#5307 = DIRECTION('',(1.,-0.));
#5308 = ( GEOMETRIC_REPRESENTATION_CONTEXT(2) 
PARAMETRIC_REPRESENTATION_CONTEXT() REPRESENTATION_CONTEXT('2D SPACE',''
  ) );
#5309 = PCURVE('',#3954,#5310);
#5310 = DEFINITIONAL_REPRESENTATION('',(#5311),#5315);
#5311 = LINE('',#5312,#5313);
#5312 = CARTESIAN_POINT('',(6.28318530718,0.));
#5313 = VECTOR('',#5314,1.);
#5314 = DIRECTION('',(-1.,-0.));
#5315 = ( GEOMETRIC_REPRESENTATION_CONTEXT(2) 
PARAMETRIC_REPRESENTATION_CONTEXT() REPRESENTATION_CONTEXT('2D SPACE',''
  ) );
#5316 = ORIENTED_EDGE('',*,*,#5317,.T.);
#5317 = EDGE_CURVE('',#5294,#4152,#5318,.T.);
#5318 = SURFACE_CURVE('',#5319,(#5323,#5330),.PCURVE_S1.);
#5319 = LINE('',#5320,#5321);
#5320 = CARTESIAN_POINT('',(2.,0.,0.));
#5321 = VECTOR('',#5322,1.);
#5322 = DIRECTION('',(0.,0.,1.));
#5323 = PCURVE('',#3869,#5324);
#5324 = DEFINITIONAL_REPRESENTATION('',(#5325),#5329);
#5325 = LINE('',#5326,#5327);
#5326 = CARTESIAN_POINT('',(1.570796326795,0.));
#5327 = VECTOR('',#5328,1.);
#5328 = DIRECTION('',(-0.,-1.));
#5329 = ( GEOMETRIC_REPRESENTATION_CONTEXT(2) 
PARAMETRIC_REPRESENTATION_CONTEXT() REPRESENTATION_CONTEXT('2D SPACE',''
  ) );
#5330 = PCURVE('',#4191,#5331);
#5331 = DEFINITIONAL_REPRESENTATION('',(#5332),#5336);
#5332 = LINE('',#5333,#5334);
#5333 = CARTESIAN_POINT('',(0.,0.));
#5334 = VECTOR('',#5335,1.);
#5335 = DIRECTION('',(0.,-1.));
#5336 = ( GEOMETRIC_REPRESENTATION_CONTEXT(2) 
PARAMETRIC_REPRESENTATION_CONTEXT() REPRESENTATION_CONTEXT('2D SPACE',''
  ) );
#5337 = ORIENTED_EDGE('',*,*,#4151,.F.);
#5338 = ORIENTED_EDGE('',*,*,#3853,.F.);
#5339 = ADVANCED_FACE('',(#5340),#3954,.T.);
#5340 = FACE_BOUND('',#5341,.T.);
#5341 = EDGE_LOOP('',(#5342,#5369,#5370,#5371));
#5342 = ORIENTED_EDGE('',*,*,#5343,.F.);
#5343 = EDGE_CURVE('',#5294,#5344,#5346,.T.);
#5344 = VERTEX_POINT('',#5345);
#5345 = CARTESIAN_POINT('',(2.,0.400000000001,-2.775557561563E-17));
#5346 = SURFACE_CURVE('',#5347,(#5351,#5357),.PCURVE_S1.);
#5347 = LINE('',#5348,#5349);
#5348 = CARTESIAN_POINT('',(2.,0.200000000001,0.2));
#5349 = VECTOR('',#5350,1.);
#5350 = DIRECTION('',(-0.,0.707106781187,-0.707106781187));
#5351 = PCURVE('',#3954,#5352);
#5352 = DEFINITIONAL_REPRESENTATION('',(#5353),#5356);
#5353 = B_SPLINE_CURVE_WITH_KNOTS('',1,(#5354,#5355),.UNSPECIFIED.,.F.,
  .F.,(2,2),(-0.282842712475,0.282842712475),.PIECEWISE_BEZIER_KNOTS.);
#5354 = CARTESIAN_POINT('',(6.28318530718,0.));
#5355 = CARTESIAN_POINT('',(6.28318530718,-0.4));
#5356 = ( GEOMETRIC_REPRESENTATION_CONTEXT(2) 
PARAMETRIC_REPRESENTATION_CONTEXT() REPRESENTATION_CONTEXT('2D SPACE',''
  ) );
#5357 = PCURVE('',#5358,#5363);
#5358 = PLANE('',#5359);
#5359 = AXIS2_PLACEMENT_3D('',#5360,#5361,#5362);
#5360 = CARTESIAN_POINT('',(65.6,0.200000000001,0.2));
#5361 = DIRECTION('',(0.,-0.707106781187,-0.707106781187));
#5362 = DIRECTION('',(-1.,-0.,0.));
#5363 = DEFINITIONAL_REPRESENTATION('',(#5364),#5368);
#5364 = LINE('',#5365,#5366);
#5365 = CARTESIAN_POINT('',(63.6,0.));
#5366 = VECTOR('',#5367,1.);
#5367 = DIRECTION('',(0.,1.));
#5368 = ( GEOMETRIC_REPRESENTATION_CONTEXT(2) 
PARAMETRIC_REPRESENTATION_CONTEXT() REPRESENTATION_CONTEXT('2D SPACE',''
  ) );
#5369 = ORIENTED_EDGE('',*,*,#5293,.T.);
#5370 = ORIENTED_EDGE('',*,*,#3938,.T.);
#5371 = ORIENTED_EDGE('',*,*,#5372,.F.);
#5372 = EDGE_CURVE('',#5344,#3939,#5373,.T.);
#5373 = SURFACE_CURVE('',#5374,(#5379,#5386),.PCURVE_S1.);
#5374 = CIRCLE('',#5375,1.6);
#5375 = AXIS2_PLACEMENT_3D('',#5376,#5377,#5378);
#5376 = CARTESIAN_POINT('',(2.,1.999999999999,0.));
#5377 = DIRECTION('',(-0.,-0.,-1.));
#5378 = DIRECTION('',(0.,-1.,0.));
#5379 = PCURVE('',#3954,#5380);
#5380 = DEFINITIONAL_REPRESENTATION('',(#5381),#5385);
#5381 = LINE('',#5382,#5383);
#5382 = CARTESIAN_POINT('',(6.28318530718,-0.4));
#5383 = VECTOR('',#5384,1.);
#5384 = DIRECTION('',(-1.,-0.));
#5385 = ( GEOMETRIC_REPRESENTATION_CONTEXT(2) 
PARAMETRIC_REPRESENTATION_CONTEXT() REPRESENTATION_CONTEXT('2D SPACE',''
  ) );
#5386 = PCURVE('',#4008,#5387);
#5387 = DEFINITIONAL_REPRESENTATION('',(#5388),#5396);
#5388 = ( BOUNDED_CURVE() B_SPLINE_CURVE(2,(#5389,#5390,#5391,#5392,
#5393,#5394,#5395),.UNSPECIFIED.,.T.,.F.) B_SPLINE_CURVE_WITH_KNOTS((1,2
    ,2,2,2,1),(-2.094395102393,0.,2.094395102393,4.188790204786,
6.28318530718,8.377580409573),.UNSPECIFIED.) CURVE() 
GEOMETRIC_REPRESENTATION_ITEM() RATIONAL_B_SPLINE_CURVE((1.,0.5,1.,0.5,
1.,0.5,1.)) REPRESENTATION_ITEM('') );
#5389 = CARTESIAN_POINT('',(-31.8,-19.39999999906));
#5390 = CARTESIAN_POINT('',(-34.57128129211,-19.39999999906));
#5391 = CARTESIAN_POINT('',(-33.18564064605,-16.99999999906));
#5392 = CARTESIAN_POINT('',(-31.8,-14.59999999906));
#5393 = CARTESIAN_POINT('',(-30.41435935394,-16.99999999906));
#5394 = CARTESIAN_POINT('',(-29.02871870789,-19.39999999906));
#5395 = CARTESIAN_POINT('',(-31.8,-19.39999999906));
#5396 = ( GEOMETRIC_REPRESENTATION_CONTEXT(2) 
PARAMETRIC_REPRESENTATION_CONTEXT() REPRESENTATION_CONTEXT('2D SPACE',''
  ) );
#5397 = ADVANCED_FACE('',(#5398,#6645),#4008,.F.);
#5398 = FACE_BOUND('',#5399,.F.);
#5399 = EDGE_LOOP('',(#5400,#5401,#5402,#5425,#5453,#5476,#5504,#5527,
    #5555,#5583,#5611,#5634,#5662,#5685,#5713,#5741,#5774,#5802,#5830,
    #5853,#5881,#5904,#5932,#5960,#5993,#6021,#6049,#6072,#6100,#6123,
    #6151,#6179,#6207,#6230,#6258,#6281,#6309,#6337,#6360,#6388,#6411,
    #6439,#6462,#6490,#6523,#6551,#6579,#6602,#6623,#6624));
#5400 = ORIENTED_EDGE('',*,*,#3994,.F.);
#5401 = ORIENTED_EDGE('',*,*,#5372,.F.);
#5402 = ORIENTED_EDGE('',*,*,#5403,.F.);
#5403 = EDGE_CURVE('',#5404,#5344,#5406,.T.);
#5404 = VERTEX_POINT('',#5405);
#5405 = CARTESIAN_POINT('',(18.,0.4,0.));
#5406 = SURFACE_CURVE('',#5407,(#5411,#5418),.PCURVE_S1.);
#5407 = LINE('',#5408,#5409);
#5408 = CARTESIAN_POINT('',(65.6,0.400000000001,0.));
#5409 = VECTOR('',#5410,1.);
#5410 = DIRECTION('',(-1.,-0.,-0.));
#5411 = PCURVE('',#4008,#5412);
#5412 = DEFINITIONAL_REPRESENTATION('',(#5413),#5417);
#5413 = LINE('',#5414,#5415);
#5414 = CARTESIAN_POINT('',(31.8,-19.39999999906));
#5415 = VECTOR('',#5416,1.);
#5416 = DIRECTION('',(-1.,0.));
#5417 = ( GEOMETRIC_REPRESENTATION_CONTEXT(2) 
PARAMETRIC_REPRESENTATION_CONTEXT() REPRESENTATION_CONTEXT('2D SPACE',''
  ) );
#5418 = PCURVE('',#5358,#5419);
#5419 = DEFINITIONAL_REPRESENTATION('',(#5420),#5424);
#5420 = LINE('',#5421,#5422);
#5421 = CARTESIAN_POINT('',(-0.,0.282842712475));
#5422 = VECTOR('',#5423,1.);
#5423 = DIRECTION('',(1.,0.));
#5424 = ( GEOMETRIC_REPRESENTATION_CONTEXT(2) 
PARAMETRIC_REPRESENTATION_CONTEXT() REPRESENTATION_CONTEXT('2D SPACE',''
  ) );
#5425 = ORIENTED_EDGE('',*,*,#5426,.T.);
#5426 = EDGE_CURVE('',#5404,#5427,#5429,.T.);
#5427 = VERTEX_POINT('',#5428);
#5428 = CARTESIAN_POINT('',(18.,3.673940397442E-16,0.));
#5429 = SURFACE_CURVE('',#5430,(#5434,#5441),.PCURVE_S1.);
#5430 = LINE('',#5431,#5432);
#5431 = CARTESIAN_POINT('',(18.,0.4,0.));
#5432 = VECTOR('',#5433,1.);
#5433 = DIRECTION('',(-1.224646799147E-16,-1.,0.));
#5434 = PCURVE('',#4008,#5435);
#5435 = DEFINITIONAL_REPRESENTATION('',(#5436),#5440);
#5436 = LINE('',#5437,#5438);
#5437 = CARTESIAN_POINT('',(-15.8,-19.39999999906));
#5438 = VECTOR('',#5439,1.);
#5439 = DIRECTION('',(-1.224646799147E-16,-1.));
#5440 = ( GEOMETRIC_REPRESENTATION_CONTEXT(2) 
PARAMETRIC_REPRESENTATION_CONTEXT() REPRESENTATION_CONTEXT('2D SPACE',''
  ) );
#5441 = PCURVE('',#5442,#5447);
#5442 = PLANE('',#5443);
#5443 = AXIS2_PLACEMENT_3D('',#5444,#5445,#5446);
#5444 = CARTESIAN_POINT('',(18.,0.4,0.));
#5445 = DIRECTION('',(1.,-1.224646799147E-16,0.));
#5446 = DIRECTION('',(-1.224646799147E-16,-1.,0.));
#5447 = DEFINITIONAL_REPRESENTATION('',(#5448),#5452);
#5448 = LINE('',#5449,#5450);
#5449 = CARTESIAN_POINT('',(0.,0.));
#5450 = VECTOR('',#5451,1.);
#5451 = DIRECTION('',(1.,0.));
#5452 = ( GEOMETRIC_REPRESENTATION_CONTEXT(2) 
PARAMETRIC_REPRESENTATION_CONTEXT() REPRESENTATION_CONTEXT('2D SPACE',''
  ) );
#5453 = ORIENTED_EDGE('',*,*,#5454,.T.);
#5454 = EDGE_CURVE('',#5427,#5455,#5457,.T.);
#5455 = VERTEX_POINT('',#5456);
#5456 = CARTESIAN_POINT('',(18.05,-5.E-02,-2.775557561563E-17));
#5457 = SURFACE_CURVE('',#5458,(#5462,#5469),.PCURVE_S1.);
#5458 = LINE('',#5459,#5460);
#5459 = CARTESIAN_POINT('',(18.,3.673940397442E-16,0.));
#5460 = VECTOR('',#5461,1.);
#5461 = DIRECTION('',(0.707106781187,-0.707106781187,0.));
#5462 = PCURVE('',#4008,#5463);
#5463 = DEFINITIONAL_REPRESENTATION('',(#5464),#5468);
#5464 = LINE('',#5465,#5466);
#5465 = CARTESIAN_POINT('',(-15.8,-19.79999999906));
#5466 = VECTOR('',#5467,1.);
#5467 = DIRECTION('',(0.707106781187,-0.707106781187));
#5468 = ( GEOMETRIC_REPRESENTATION_CONTEXT(2) 
PARAMETRIC_REPRESENTATION_CONTEXT() REPRESENTATION_CONTEXT('2D SPACE',''
  ) );
#5469 = PCURVE('',#4219,#5470);
#5470 = DEFINITIONAL_REPRESENTATION('',(#5471),#5475);
#5471 = LINE('',#5472,#5473);
#5472 = CARTESIAN_POINT('',(0.,0.));
#5473 = VECTOR('',#5474,1.);
#5474 = DIRECTION('',(1.,0.));
#5475 = ( GEOMETRIC_REPRESENTATION_CONTEXT(2) 
PARAMETRIC_REPRESENTATION_CONTEXT() REPRESENTATION_CONTEXT('2D SPACE',''
  ) );
#5476 = ORIENTED_EDGE('',*,*,#5477,.T.);
#5477 = EDGE_CURVE('',#5455,#5478,#5480,.T.);
#5478 = VERTEX_POINT('',#5479);
#5479 = CARTESIAN_POINT('',(23.95,-5.E-02,-2.775557561563E-17));
#5480 = SURFACE_CURVE('',#5481,(#5485,#5492),.PCURVE_S1.);
#5481 = LINE('',#5482,#5483);
#5482 = CARTESIAN_POINT('',(18.3,-5.E-02,0.));
#5483 = VECTOR('',#5484,1.);
#5484 = DIRECTION('',(1.,-1.224646799147E-16,0.));
#5485 = PCURVE('',#4008,#5486);
#5486 = DEFINITIONAL_REPRESENTATION('',(#5487),#5491);
#5487 = LINE('',#5488,#5489);
#5488 = CARTESIAN_POINT('',(-15.5,-19.84999999906));
#5489 = VECTOR('',#5490,1.);
#5490 = DIRECTION('',(1.,-1.224646799147E-16));
#5491 = ( GEOMETRIC_REPRESENTATION_CONTEXT(2) 
PARAMETRIC_REPRESENTATION_CONTEXT() REPRESENTATION_CONTEXT('2D SPACE',''
  ) );
#5492 = PCURVE('',#5493,#5498);
#5493 = PLANE('',#5494);
#5494 = AXIS2_PLACEMENT_3D('',#5495,#5496,#5497);
#5495 = CARTESIAN_POINT('',(18.3,-0.175,0.125));
#5496 = DIRECTION('',(-8.659560562349E-17,-0.707106781187,
    -0.707106781187));
#5497 = DIRECTION('',(-1.,1.224646799147E-16,-2.105272540809E-29));
#5498 = DEFINITIONAL_REPRESENTATION('',(#5499),#5503);
#5499 = LINE('',#5500,#5501);
#5500 = CARTESIAN_POINT('',(1.530808498934E-17,0.176776695297));
#5501 = VECTOR('',#5502,1.);
#5502 = DIRECTION('',(-1.,6.162975822039E-33));
#5503 = ( GEOMETRIC_REPRESENTATION_CONTEXT(2) 
PARAMETRIC_REPRESENTATION_CONTEXT() REPRESENTATION_CONTEXT('2D SPACE',''
  ) );
#5504 = ORIENTED_EDGE('',*,*,#5505,.T.);
#5505 = EDGE_CURVE('',#5478,#5506,#5508,.T.);
#5506 = VERTEX_POINT('',#5507);
#5507 = CARTESIAN_POINT('',(24.,-3.673940397442E-16,0.));
#5508 = SURFACE_CURVE('',#5509,(#5513,#5520),.PCURVE_S1.);
#5509 = LINE('',#5510,#5511);
#5510 = CARTESIAN_POINT('',(23.7,-0.3,0.));
#5511 = VECTOR('',#5512,1.);
#5512 = DIRECTION('',(0.707106781187,0.707106781187,0.));
#5513 = PCURVE('',#4008,#5514);
#5514 = DEFINITIONAL_REPRESENTATION('',(#5515),#5519);
#5515 = LINE('',#5516,#5517);
#5516 = CARTESIAN_POINT('',(-10.1,-20.09999999906));
#5517 = VECTOR('',#5518,1.);
#5518 = DIRECTION('',(0.707106781187,0.707106781187));
#5519 = ( GEOMETRIC_REPRESENTATION_CONTEXT(2) 
PARAMETRIC_REPRESENTATION_CONTEXT() REPRESENTATION_CONTEXT('2D SPACE',''
  ) );
#5520 = PCURVE('',#4275,#5521);
#5521 = DEFINITIONAL_REPRESENTATION('',(#5522),#5526);
#5522 = LINE('',#5523,#5524);
#5523 = CARTESIAN_POINT('',(0.,0.));
#5524 = VECTOR('',#5525,1.);
#5525 = DIRECTION('',(1.,0.));
#5526 = ( GEOMETRIC_REPRESENTATION_CONTEXT(2) 
PARAMETRIC_REPRESENTATION_CONTEXT() REPRESENTATION_CONTEXT('2D SPACE',''
  ) );
#5527 = ORIENTED_EDGE('',*,*,#5528,.T.);
#5528 = EDGE_CURVE('',#5506,#5529,#5531,.T.);
#5529 = VERTEX_POINT('',#5530);
#5530 = CARTESIAN_POINT('',(24.,0.4,0.));
#5531 = SURFACE_CURVE('',#5532,(#5536,#5543),.PCURVE_S1.);
#5532 = LINE('',#5533,#5534);
#5533 = CARTESIAN_POINT('',(24.,-3.673940397442E-16,0.));
#5534 = VECTOR('',#5535,1.);
#5535 = DIRECTION('',(1.224646799147E-16,1.,0.));
#5536 = PCURVE('',#4008,#5537);
#5537 = DEFINITIONAL_REPRESENTATION('',(#5538),#5542);
#5538 = LINE('',#5539,#5540);
#5539 = CARTESIAN_POINT('',(-9.8,-19.79999999906));
#5540 = VECTOR('',#5541,1.);
#5541 = DIRECTION('',(1.224646799147E-16,1.));
#5542 = ( GEOMETRIC_REPRESENTATION_CONTEXT(2) 
PARAMETRIC_REPRESENTATION_CONTEXT() REPRESENTATION_CONTEXT('2D SPACE',''
  ) );
#5543 = PCURVE('',#5544,#5549);
#5544 = PLANE('',#5545);
#5545 = AXIS2_PLACEMENT_3D('',#5546,#5547,#5548);
#5546 = CARTESIAN_POINT('',(24.,-3.673940397442E-16,0.));
#5547 = DIRECTION('',(-1.,1.224646799147E-16,0.));
#5548 = DIRECTION('',(1.224646799147E-16,1.,0.));
#5549 = DEFINITIONAL_REPRESENTATION('',(#5550),#5554);
#5550 = LINE('',#5551,#5552);
#5551 = CARTESIAN_POINT('',(0.,0.));
#5552 = VECTOR('',#5553,1.);
#5553 = DIRECTION('',(1.,0.));
#5554 = ( GEOMETRIC_REPRESENTATION_CONTEXT(2) 
PARAMETRIC_REPRESENTATION_CONTEXT() REPRESENTATION_CONTEXT('2D SPACE',''
  ) );
#5555 = ORIENTED_EDGE('',*,*,#5556,.F.);
#5556 = EDGE_CURVE('',#5557,#5529,#5559,.T.);
#5557 = VERTEX_POINT('',#5558);
#5558 = CARTESIAN_POINT('',(47.,0.4,0.));
#5559 = SURFACE_CURVE('',#5560,(#5564,#5571),.PCURVE_S1.);
#5560 = LINE('',#5561,#5562);
#5561 = CARTESIAN_POINT('',(65.6,0.400000000001,0.));
#5562 = VECTOR('',#5563,1.);
#5563 = DIRECTION('',(-1.,-0.,-0.));
#5564 = PCURVE('',#4008,#5565);
#5565 = DEFINITIONAL_REPRESENTATION('',(#5566),#5570);
#5566 = LINE('',#5567,#5568);
#5567 = CARTESIAN_POINT('',(31.8,-19.39999999906));
#5568 = VECTOR('',#5569,1.);
#5569 = DIRECTION('',(-1.,0.));
#5570 = ( GEOMETRIC_REPRESENTATION_CONTEXT(2) 
PARAMETRIC_REPRESENTATION_CONTEXT() REPRESENTATION_CONTEXT('2D SPACE',''
  ) );
#5571 = PCURVE('',#5572,#5577);
#5572 = PLANE('',#5573);
#5573 = AXIS2_PLACEMENT_3D('',#5574,#5575,#5576);
#5574 = CARTESIAN_POINT('',(65.6,0.200000000001,0.2));
#5575 = DIRECTION('',(0.,-0.707106781187,-0.707106781187));
#5576 = DIRECTION('',(-1.,-0.,0.));
#5577 = DEFINITIONAL_REPRESENTATION('',(#5578),#5582);
#5578 = LINE('',#5579,#5580);
#5579 = CARTESIAN_POINT('',(-0.,0.282842712475));
#5580 = VECTOR('',#5581,1.);
#5581 = DIRECTION('',(1.,0.));
#5582 = ( GEOMETRIC_REPRESENTATION_CONTEXT(2) 
PARAMETRIC_REPRESENTATION_CONTEXT() REPRESENTATION_CONTEXT('2D SPACE',''
  ) );
#5583 = ORIENTED_EDGE('',*,*,#5584,.T.);
#5584 = EDGE_CURVE('',#5557,#5585,#5587,.T.);
#5585 = VERTEX_POINT('',#5586);
#5586 = CARTESIAN_POINT('',(47.,3.673940397442E-16,0.));
#5587 = SURFACE_CURVE('',#5588,(#5592,#5599),.PCURVE_S1.);
#5588 = LINE('',#5589,#5590);
#5589 = CARTESIAN_POINT('',(47.,0.4,0.));
#5590 = VECTOR('',#5591,1.);
#5591 = DIRECTION('',(-1.224646799147E-16,-1.,0.));
#5592 = PCURVE('',#4008,#5593);
#5593 = DEFINITIONAL_REPRESENTATION('',(#5594),#5598);
#5594 = LINE('',#5595,#5596);
#5595 = CARTESIAN_POINT('',(13.2,-19.39999999906));
#5596 = VECTOR('',#5597,1.);
#5597 = DIRECTION('',(-1.224646799147E-16,-1.));
#5598 = ( GEOMETRIC_REPRESENTATION_CONTEXT(2) 
PARAMETRIC_REPRESENTATION_CONTEXT() REPRESENTATION_CONTEXT('2D SPACE',''
  ) );
#5599 = PCURVE('',#5600,#5605);
#5600 = PLANE('',#5601);
#5601 = AXIS2_PLACEMENT_3D('',#5602,#5603,#5604);
#5602 = CARTESIAN_POINT('',(47.,0.4,0.));
#5603 = DIRECTION('',(1.,-1.224646799147E-16,0.));
#5604 = DIRECTION('',(-1.224646799147E-16,-1.,0.));
#5605 = DEFINITIONAL_REPRESENTATION('',(#5606),#5610);
#5606 = LINE('',#5607,#5608);
#5607 = CARTESIAN_POINT('',(0.,0.));
#5608 = VECTOR('',#5609,1.);
#5609 = DIRECTION('',(1.,0.));
#5610 = ( GEOMETRIC_REPRESENTATION_CONTEXT(2) 
PARAMETRIC_REPRESENTATION_CONTEXT() REPRESENTATION_CONTEXT('2D SPACE',''
  ) );
#5611 = ORIENTED_EDGE('',*,*,#5612,.T.);
#5612 = EDGE_CURVE('',#5585,#5613,#5615,.T.);
#5613 = VERTEX_POINT('',#5614);
#5614 = CARTESIAN_POINT('',(47.05,-5.E-02,-2.775557561563E-17));
#5615 = SURFACE_CURVE('',#5616,(#5620,#5627),.PCURVE_S1.);
#5616 = LINE('',#5617,#5618);
#5617 = CARTESIAN_POINT('',(47.,3.673940397442E-16,0.));
#5618 = VECTOR('',#5619,1.);
#5619 = DIRECTION('',(0.707106781187,-0.707106781187,0.));
#5620 = PCURVE('',#4008,#5621);
#5621 = DEFINITIONAL_REPRESENTATION('',(#5622),#5626);
#5622 = LINE('',#5623,#5624);
#5623 = CARTESIAN_POINT('',(13.2,-19.79999999906));
#5624 = VECTOR('',#5625,1.);
#5625 = DIRECTION('',(0.707106781187,-0.707106781187));
#5626 = ( GEOMETRIC_REPRESENTATION_CONTEXT(2) 
PARAMETRIC_REPRESENTATION_CONTEXT() REPRESENTATION_CONTEXT('2D SPACE',''
  ) );
#5627 = PCURVE('',#4331,#5628);
#5628 = DEFINITIONAL_REPRESENTATION('',(#5629),#5633);
#5629 = LINE('',#5630,#5631);
#5630 = CARTESIAN_POINT('',(0.,0.));
#5631 = VECTOR('',#5632,1.);
#5632 = DIRECTION('',(1.,0.));
#5633 = ( GEOMETRIC_REPRESENTATION_CONTEXT(2) 
PARAMETRIC_REPRESENTATION_CONTEXT() REPRESENTATION_CONTEXT('2D SPACE',''
  ) );
#5634 = ORIENTED_EDGE('',*,*,#5635,.T.);
#5635 = EDGE_CURVE('',#5613,#5636,#5638,.T.);
#5636 = VERTEX_POINT('',#5637);
#5637 = CARTESIAN_POINT('',(52.95,-5.E-02,-2.775557561563E-17));
#5638 = SURFACE_CURVE('',#5639,(#5643,#5650),.PCURVE_S1.);
#5639 = LINE('',#5640,#5641);
#5640 = CARTESIAN_POINT('',(47.3,-5.E-02,0.));
#5641 = VECTOR('',#5642,1.);
#5642 = DIRECTION('',(1.,-1.224646799147E-16,0.));
#5643 = PCURVE('',#4008,#5644);
#5644 = DEFINITIONAL_REPRESENTATION('',(#5645),#5649);
#5645 = LINE('',#5646,#5647);
#5646 = CARTESIAN_POINT('',(13.5,-19.84999999906));
#5647 = VECTOR('',#5648,1.);
#5648 = DIRECTION('',(1.,-1.224646799147E-16));
#5649 = ( GEOMETRIC_REPRESENTATION_CONTEXT(2) 
PARAMETRIC_REPRESENTATION_CONTEXT() REPRESENTATION_CONTEXT('2D SPACE',''
  ) );
#5650 = PCURVE('',#5651,#5656);
#5651 = PLANE('',#5652);
#5652 = AXIS2_PLACEMENT_3D('',#5653,#5654,#5655);
#5653 = CARTESIAN_POINT('',(47.3,-0.175,0.125));
#5654 = DIRECTION('',(-8.659560562349E-17,-0.707106781187,
    -0.707106781187));
#5655 = DIRECTION('',(-1.,1.224646799147E-16,-2.105272540809E-29));
#5656 = DEFINITIONAL_REPRESENTATION('',(#5657),#5661);
#5657 = LINE('',#5658,#5659);
#5658 = CARTESIAN_POINT('',(1.530808498934E-17,0.176776695297));
#5659 = VECTOR('',#5660,1.);
#5660 = DIRECTION('',(-1.,6.162975822039E-33));
#5661 = ( GEOMETRIC_REPRESENTATION_CONTEXT(2) 
PARAMETRIC_REPRESENTATION_CONTEXT() REPRESENTATION_CONTEXT('2D SPACE',''
  ) );
#5662 = ORIENTED_EDGE('',*,*,#5663,.T.);
#5663 = EDGE_CURVE('',#5636,#5664,#5666,.T.);
#5664 = VERTEX_POINT('',#5665);
#5665 = CARTESIAN_POINT('',(53.,-3.673940397442E-16,0.));
#5666 = SURFACE_CURVE('',#5667,(#5671,#5678),.PCURVE_S1.);
#5667 = LINE('',#5668,#5669);
#5668 = CARTESIAN_POINT('',(52.7,-0.3,0.));
#5669 = VECTOR('',#5670,1.);
#5670 = DIRECTION('',(0.707106781187,0.707106781187,0.));
#5671 = PCURVE('',#4008,#5672);
#5672 = DEFINITIONAL_REPRESENTATION('',(#5673),#5677);
#5673 = LINE('',#5674,#5675);
#5674 = CARTESIAN_POINT('',(18.9,-20.09999999906));
#5675 = VECTOR('',#5676,1.);
#5676 = DIRECTION('',(0.707106781187,0.707106781187));
#5677 = ( GEOMETRIC_REPRESENTATION_CONTEXT(2) 
PARAMETRIC_REPRESENTATION_CONTEXT() REPRESENTATION_CONTEXT('2D SPACE',''
  ) );
#5678 = PCURVE('',#4387,#5679);
#5679 = DEFINITIONAL_REPRESENTATION('',(#5680),#5684);
#5680 = LINE('',#5681,#5682);
#5681 = CARTESIAN_POINT('',(0.,0.));
#5682 = VECTOR('',#5683,1.);
#5683 = DIRECTION('',(1.,0.));
#5684 = ( GEOMETRIC_REPRESENTATION_CONTEXT(2) 
PARAMETRIC_REPRESENTATION_CONTEXT() REPRESENTATION_CONTEXT('2D SPACE',''
  ) );
#5685 = ORIENTED_EDGE('',*,*,#5686,.T.);
#5686 = EDGE_CURVE('',#5664,#5687,#5689,.T.);
#5687 = VERTEX_POINT('',#5688);
#5688 = CARTESIAN_POINT('',(53.,0.4,0.));
#5689 = SURFACE_CURVE('',#5690,(#5694,#5701),.PCURVE_S1.);
#5690 = LINE('',#5691,#5692);
#5691 = CARTESIAN_POINT('',(53.,-3.673940397442E-16,0.));
#5692 = VECTOR('',#5693,1.);
#5693 = DIRECTION('',(1.224646799147E-16,1.,0.));
#5694 = PCURVE('',#4008,#5695);
#5695 = DEFINITIONAL_REPRESENTATION('',(#5696),#5700);
#5696 = LINE('',#5697,#5698);
#5697 = CARTESIAN_POINT('',(19.2,-19.79999999906));
#5698 = VECTOR('',#5699,1.);
#5699 = DIRECTION('',(1.224646799147E-16,1.));
#5700 = ( GEOMETRIC_REPRESENTATION_CONTEXT(2) 
PARAMETRIC_REPRESENTATION_CONTEXT() REPRESENTATION_CONTEXT('2D SPACE',''
  ) );
#5701 = PCURVE('',#5702,#5707);
#5702 = PLANE('',#5703);
#5703 = AXIS2_PLACEMENT_3D('',#5704,#5705,#5706);
#5704 = CARTESIAN_POINT('',(53.,-3.673940397442E-16,0.));
#5705 = DIRECTION('',(-1.,1.224646799147E-16,0.));
#5706 = DIRECTION('',(1.224646799147E-16,1.,0.));
#5707 = DEFINITIONAL_REPRESENTATION('',(#5708),#5712);
#5708 = LINE('',#5709,#5710);
#5709 = CARTESIAN_POINT('',(0.,0.));
#5710 = VECTOR('',#5711,1.);
#5711 = DIRECTION('',(1.,0.));
#5712 = ( GEOMETRIC_REPRESENTATION_CONTEXT(2) 
PARAMETRIC_REPRESENTATION_CONTEXT() REPRESENTATION_CONTEXT('2D SPACE',''
  ) );
#5713 = ORIENTED_EDGE('',*,*,#5714,.F.);
#5714 = EDGE_CURVE('',#5715,#5687,#5717,.T.);
#5715 = VERTEX_POINT('',#5716);
#5716 = CARTESIAN_POINT('',(65.6,0.399999999999,2.831068712794E-15));
#5717 = SURFACE_CURVE('',#5718,(#5722,#5729),.PCURVE_S1.);
#5718 = LINE('',#5719,#5720);
#5719 = CARTESIAN_POINT('',(65.6,0.400000000001,0.));
#5720 = VECTOR('',#5721,1.);
#5721 = DIRECTION('',(-1.,-0.,-0.));
#5722 = PCURVE('',#4008,#5723);
#5723 = DEFINITIONAL_REPRESENTATION('',(#5724),#5728);
#5724 = LINE('',#5725,#5726);
#5725 = CARTESIAN_POINT('',(31.8,-19.39999999906));
#5726 = VECTOR('',#5727,1.);
#5727 = DIRECTION('',(-1.,0.));
#5728 = ( GEOMETRIC_REPRESENTATION_CONTEXT(2) 
PARAMETRIC_REPRESENTATION_CONTEXT() REPRESENTATION_CONTEXT('2D SPACE',''
  ) );
#5729 = PCURVE('',#5730,#5735);
#5730 = PLANE('',#5731);
#5731 = AXIS2_PLACEMENT_3D('',#5732,#5733,#5734);
#5732 = CARTESIAN_POINT('',(65.6,0.200000000001,0.2));
#5733 = DIRECTION('',(0.,-0.707106781187,-0.707106781187));
#5734 = DIRECTION('',(-1.,-0.,0.));
#5735 = DEFINITIONAL_REPRESENTATION('',(#5736),#5740);
#5736 = LINE('',#5737,#5738);
#5737 = CARTESIAN_POINT('',(-0.,0.282842712475));
#5738 = VECTOR('',#5739,1.);
#5739 = DIRECTION('',(1.,0.));
#5740 = ( GEOMETRIC_REPRESENTATION_CONTEXT(2) 
PARAMETRIC_REPRESENTATION_CONTEXT() REPRESENTATION_CONTEXT('2D SPACE',''
  ) );
#5741 = ORIENTED_EDGE('',*,*,#5742,.F.);
#5742 = EDGE_CURVE('',#5743,#5715,#5745,.T.);
#5743 = VERTEX_POINT('',#5744);
#5744 = CARTESIAN_POINT('',(67.2,1.999999999999,1.720845688169E-15));
#5745 = SURFACE_CURVE('',#5746,(#5751,#5762),.PCURVE_S1.);
#5746 = CIRCLE('',#5747,1.6);
#5747 = AXIS2_PLACEMENT_3D('',#5748,#5749,#5750);
#5748 = CARTESIAN_POINT('',(65.6,1.999999999999,0.));
#5749 = DIRECTION('',(0.,0.,-1.));
#5750 = DIRECTION('',(1.,0.,0.));
#5751 = PCURVE('',#4008,#5752);
#5752 = DEFINITIONAL_REPRESENTATION('',(#5753),#5761);
#5753 = ( BOUNDED_CURVE() B_SPLINE_CURVE(2,(#5754,#5755,#5756,#5757,
#5758,#5759,#5760),.UNSPECIFIED.,.T.,.F.) B_SPLINE_CURVE_WITH_KNOTS((1,2
    ,2,2,2,1),(-2.094395102393,0.,2.094395102393,4.188790204786,
6.28318530718,8.377580409573),.UNSPECIFIED.) CURVE() 
GEOMETRIC_REPRESENTATION_ITEM() RATIONAL_B_SPLINE_CURVE((1.,0.5,1.,0.5,
1.,0.5,1.)) REPRESENTATION_ITEM('') );
#5754 = CARTESIAN_POINT('',(33.4,-17.79999999906));
#5755 = CARTESIAN_POINT('',(33.4,-20.57128129117));
#5756 = CARTESIAN_POINT('',(31.,-19.18564064512));
#5757 = CARTESIAN_POINT('',(28.6,-17.79999999906));
#5758 = CARTESIAN_POINT('',(31.,-16.41435935301));
#5759 = CARTESIAN_POINT('',(33.4,-15.02871870695));
#5760 = CARTESIAN_POINT('',(33.4,-17.79999999906));
#5761 = ( GEOMETRIC_REPRESENTATION_CONTEXT(2) 
PARAMETRIC_REPRESENTATION_CONTEXT() REPRESENTATION_CONTEXT('2D SPACE',''
  ) );
#5762 = PCURVE('',#5763,#5768);
#5763 = CONICAL_SURFACE('',#5764,2.,0.785398163397);
#5764 = AXIS2_PLACEMENT_3D('',#5765,#5766,#5767);
#5765 = CARTESIAN_POINT('',(65.6,1.999999999999,0.4));
#5766 = DIRECTION('',(0.,0.,1.));
#5767 = DIRECTION('',(1.,0.,-0.));
#5768 = DEFINITIONAL_REPRESENTATION('',(#5769),#5773);
#5769 = LINE('',#5770,#5771);
#5770 = CARTESIAN_POINT('',(6.28318530718,-0.4));
#5771 = VECTOR('',#5772,1.);
#5772 = DIRECTION('',(-1.,-0.));
#5773 = ( GEOMETRIC_REPRESENTATION_CONTEXT(2) 
PARAMETRIC_REPRESENTATION_CONTEXT() REPRESENTATION_CONTEXT('2D SPACE',''
  ) );
#5774 = ORIENTED_EDGE('',*,*,#5775,.F.);
#5775 = EDGE_CURVE('',#5776,#5743,#5778,.T.);
#5776 = VERTEX_POINT('',#5777);
#5777 = CARTESIAN_POINT('',(67.2,16.8,0.));
#5778 = SURFACE_CURVE('',#5779,(#5783,#5790),.PCURVE_S1.);
#5779 = LINE('',#5780,#5781);
#5780 = CARTESIAN_POINT('',(67.2,37.599999995297,0.));
#5781 = VECTOR('',#5782,1.);
#5782 = DIRECTION('',(-0.,-1.,-0.));
#5783 = PCURVE('',#4008,#5784);
#5784 = DEFINITIONAL_REPRESENTATION('',(#5785),#5789);
#5785 = LINE('',#5786,#5787);
#5786 = CARTESIAN_POINT('',(33.4,17.799999996229));
#5787 = VECTOR('',#5788,1.);
#5788 = DIRECTION('',(0.,-1.));
#5789 = ( GEOMETRIC_REPRESENTATION_CONTEXT(2) 
PARAMETRIC_REPRESENTATION_CONTEXT() REPRESENTATION_CONTEXT('2D SPACE',''
  ) );
#5790 = PCURVE('',#5791,#5796);
#5791 = PLANE('',#5792);
#5792 = AXIS2_PLACEMENT_3D('',#5793,#5794,#5795);
#5793 = CARTESIAN_POINT('',(67.4,37.599999995297,0.2));
#5794 = DIRECTION('',(0.707106781187,3.474993633274E-18,-0.707106781187)
  );
#5795 = DIRECTION('',(2.457191562668E-18,-1.,-2.457191562668E-18));
#5796 = DEFINITIONAL_REPRESENTATION('',(#5797),#5801);
#5797 = LINE('',#5798,#5799);
#5798 = CARTESIAN_POINT('',(-3.466673899897E-33,0.282842712475));
#5799 = VECTOR('',#5800,1.);
#5800 = DIRECTION('',(1.,0.));
#5801 = ( GEOMETRIC_REPRESENTATION_CONTEXT(2) 
PARAMETRIC_REPRESENTATION_CONTEXT() REPRESENTATION_CONTEXT('2D SPACE',''
  ) );
#5802 = ORIENTED_EDGE('',*,*,#5803,.T.);
#5803 = EDGE_CURVE('',#5776,#5804,#5806,.T.);
#5804 = VERTEX_POINT('',#5805);
#5805 = CARTESIAN_POINT('',(67.6,16.8,0.));
#5806 = SURFACE_CURVE('',#5807,(#5811,#5818),.PCURVE_S1.);
#5807 = LINE('',#5808,#5809);
#5808 = CARTESIAN_POINT('',(67.2,16.8,0.));
#5809 = VECTOR('',#5810,1.);
#5810 = DIRECTION('',(1.,2.22044604925E-16,0.));
#5811 = PCURVE('',#4008,#5812);
#5812 = DEFINITIONAL_REPRESENTATION('',(#5813),#5817);
#5813 = LINE('',#5814,#5815);
#5814 = CARTESIAN_POINT('',(33.4,-2.999999999068));
#5815 = VECTOR('',#5816,1.);
#5816 = DIRECTION('',(1.,2.22044604925E-16));
#5817 = ( GEOMETRIC_REPRESENTATION_CONTEXT(2) 
PARAMETRIC_REPRESENTATION_CONTEXT() REPRESENTATION_CONTEXT('2D SPACE',''
  ) );
#5818 = PCURVE('',#5819,#5824);
#5819 = PLANE('',#5820);
#5820 = AXIS2_PLACEMENT_3D('',#5821,#5822,#5823);
#5821 = CARTESIAN_POINT('',(67.2,16.8,0.));
#5822 = DIRECTION('',(-2.22044604925E-16,1.,0.));
#5823 = DIRECTION('',(1.,2.22044604925E-16,0.));
#5824 = DEFINITIONAL_REPRESENTATION('',(#5825),#5829);
#5825 = LINE('',#5826,#5827);
#5826 = CARTESIAN_POINT('',(0.,0.));
#5827 = VECTOR('',#5828,1.);
#5828 = DIRECTION('',(1.,0.));
#5829 = ( GEOMETRIC_REPRESENTATION_CONTEXT(2) 
PARAMETRIC_REPRESENTATION_CONTEXT() REPRESENTATION_CONTEXT('2D SPACE',''
  ) );
#5830 = ORIENTED_EDGE('',*,*,#5831,.T.);
#5831 = EDGE_CURVE('',#5804,#5832,#5834,.T.);
#5832 = VERTEX_POINT('',#5833);
#5833 = CARTESIAN_POINT('',(67.65,16.85,-2.775557561563E-17));
#5834 = SURFACE_CURVE('',#5835,(#5839,#5846),.PCURVE_S1.);
#5835 = LINE('',#5836,#5837);
#5836 = CARTESIAN_POINT('',(67.6,16.8,0.));
#5837 = VECTOR('',#5838,1.);
#5838 = DIRECTION('',(0.707106781187,0.707106781187,0.));
#5839 = PCURVE('',#4008,#5840);
#5840 = DEFINITIONAL_REPRESENTATION('',(#5841),#5845);
#5841 = LINE('',#5842,#5843);
#5842 = CARTESIAN_POINT('',(33.8,-2.999999999068));
#5843 = VECTOR('',#5844,1.);
#5844 = DIRECTION('',(0.707106781187,0.707106781187));
#5845 = ( GEOMETRIC_REPRESENTATION_CONTEXT(2) 
PARAMETRIC_REPRESENTATION_CONTEXT() REPRESENTATION_CONTEXT('2D SPACE',''
  ) );
#5846 = PCURVE('',#4500,#5847);
#5847 = DEFINITIONAL_REPRESENTATION('',(#5848),#5852);
#5848 = LINE('',#5849,#5850);
#5849 = CARTESIAN_POINT('',(0.,0.));
#5850 = VECTOR('',#5851,1.);
#5851 = DIRECTION('',(1.,0.));
#5852 = ( GEOMETRIC_REPRESENTATION_CONTEXT(2) 
PARAMETRIC_REPRESENTATION_CONTEXT() REPRESENTATION_CONTEXT('2D SPACE',''
  ) );
#5853 = ORIENTED_EDGE('',*,*,#5854,.T.);
#5854 = EDGE_CURVE('',#5832,#5855,#5857,.T.);
#5855 = VERTEX_POINT('',#5856);
#5856 = CARTESIAN_POINT('',(67.65,22.75,-2.775557561563E-17));
#5857 = SURFACE_CURVE('',#5858,(#5862,#5869),.PCURVE_S1.);
#5858 = LINE('',#5859,#5860);
#5859 = CARTESIAN_POINT('',(67.65,17.1,0.));
#5860 = VECTOR('',#5861,1.);
#5861 = DIRECTION('',(-2.22044604925E-16,1.,0.));
#5862 = PCURVE('',#4008,#5863);
#5863 = DEFINITIONAL_REPRESENTATION('',(#5864),#5868);
#5864 = LINE('',#5865,#5866);
#5865 = CARTESIAN_POINT('',(33.85,-2.699999999068));
#5866 = VECTOR('',#5867,1.);
#5867 = DIRECTION('',(-2.22044604925E-16,1.));
#5868 = ( GEOMETRIC_REPRESENTATION_CONTEXT(2) 
PARAMETRIC_REPRESENTATION_CONTEXT() REPRESENTATION_CONTEXT('2D SPACE',''
  ) );
#5869 = PCURVE('',#5870,#5875);
#5870 = PLANE('',#5871);
#5871 = AXIS2_PLACEMENT_3D('',#5872,#5873,#5874);
#5872 = CARTESIAN_POINT('',(67.775,17.1,0.125));
#5873 = DIRECTION('',(0.707106781187,1.570092458683E-16,-0.707106781187)
  );
#5874 = DIRECTION('',(2.22044604925E-16,-1.,3.946769716434E-29));
#5875 = DEFINITIONAL_REPRESENTATION('',(#5876),#5880);
#5876 = LINE('',#5877,#5878);
#5877 = CARTESIAN_POINT('',(-2.775557561562E-17,0.176776695297));
#5878 = VECTOR('',#5879,1.);
#5879 = DIRECTION('',(-1.,3.697785493223E-32));
#5880 = ( GEOMETRIC_REPRESENTATION_CONTEXT(2) 
PARAMETRIC_REPRESENTATION_CONTEXT() REPRESENTATION_CONTEXT('2D SPACE',''
  ) );
#5881 = ORIENTED_EDGE('',*,*,#5882,.T.);
#5882 = EDGE_CURVE('',#5855,#5883,#5885,.T.);
#5883 = VERTEX_POINT('',#5884);
#5884 = CARTESIAN_POINT('',(67.6,22.8,0.));
#5885 = SURFACE_CURVE('',#5886,(#5890,#5897),.PCURVE_S1.);
#5886 = LINE('',#5887,#5888);
#5887 = CARTESIAN_POINT('',(67.9,22.5,0.));
#5888 = VECTOR('',#5889,1.);
#5889 = DIRECTION('',(-0.707106781187,0.707106781187,0.));
#5890 = PCURVE('',#4008,#5891);
#5891 = DEFINITIONAL_REPRESENTATION('',(#5892),#5896);
#5892 = LINE('',#5893,#5894);
#5893 = CARTESIAN_POINT('',(34.1,2.700000000932));
#5894 = VECTOR('',#5895,1.);
#5895 = DIRECTION('',(-0.707106781187,0.707106781187));
#5896 = ( GEOMETRIC_REPRESENTATION_CONTEXT(2) 
PARAMETRIC_REPRESENTATION_CONTEXT() REPRESENTATION_CONTEXT('2D SPACE',''
  ) );
#5897 = PCURVE('',#4556,#5898);
#5898 = DEFINITIONAL_REPRESENTATION('',(#5899),#5903);
#5899 = LINE('',#5900,#5901);
#5900 = CARTESIAN_POINT('',(0.,0.));
#5901 = VECTOR('',#5902,1.);
#5902 = DIRECTION('',(1.,0.));
#5903 = ( GEOMETRIC_REPRESENTATION_CONTEXT(2) 
PARAMETRIC_REPRESENTATION_CONTEXT() REPRESENTATION_CONTEXT('2D SPACE',''
  ) );
#5904 = ORIENTED_EDGE('',*,*,#5905,.T.);
#5905 = EDGE_CURVE('',#5883,#5906,#5908,.T.);
#5906 = VERTEX_POINT('',#5907);
#5907 = CARTESIAN_POINT('',(67.2,22.8,0.));
#5908 = SURFACE_CURVE('',#5909,(#5913,#5920),.PCURVE_S1.);
#5909 = LINE('',#5910,#5911);
#5910 = CARTESIAN_POINT('',(67.6,22.8,0.));
#5911 = VECTOR('',#5912,1.);
#5912 = DIRECTION('',(-1.,-2.22044604925E-16,0.));
#5913 = PCURVE('',#4008,#5914);
#5914 = DEFINITIONAL_REPRESENTATION('',(#5915),#5919);
#5915 = LINE('',#5916,#5917);
#5916 = CARTESIAN_POINT('',(33.8,3.000000000932));
#5917 = VECTOR('',#5918,1.);
#5918 = DIRECTION('',(-1.,-2.22044604925E-16));
#5919 = ( GEOMETRIC_REPRESENTATION_CONTEXT(2) 
PARAMETRIC_REPRESENTATION_CONTEXT() REPRESENTATION_CONTEXT('2D SPACE',''
  ) );
#5920 = PCURVE('',#5921,#5926);
#5921 = PLANE('',#5922);
#5922 = AXIS2_PLACEMENT_3D('',#5923,#5924,#5925);
#5923 = CARTESIAN_POINT('',(67.6,22.8,0.));
#5924 = DIRECTION('',(2.22044604925E-16,-1.,0.));
#5925 = DIRECTION('',(-1.,-2.22044604925E-16,0.));
#5926 = DEFINITIONAL_REPRESENTATION('',(#5927),#5931);
#5927 = LINE('',#5928,#5929);
#5928 = CARTESIAN_POINT('',(0.,0.));
#5929 = VECTOR('',#5930,1.);
#5930 = DIRECTION('',(1.,0.));
#5931 = ( GEOMETRIC_REPRESENTATION_CONTEXT(2) 
PARAMETRIC_REPRESENTATION_CONTEXT() REPRESENTATION_CONTEXT('2D SPACE',''
  ) );
#5932 = ORIENTED_EDGE('',*,*,#5933,.F.);
#5933 = EDGE_CURVE('',#5934,#5906,#5936,.T.);
#5934 = VERTEX_POINT('',#5935);
#5935 = CARTESIAN_POINT('',(67.2,37.599999995297,2.831068712794E-15));
#5936 = SURFACE_CURVE('',#5937,(#5941,#5948),.PCURVE_S1.);
#5937 = LINE('',#5938,#5939);
#5938 = CARTESIAN_POINT('',(67.2,37.599999995297,0.));
#5939 = VECTOR('',#5940,1.);
#5940 = DIRECTION('',(-0.,-1.,-0.));
#5941 = PCURVE('',#4008,#5942);
#5942 = DEFINITIONAL_REPRESENTATION('',(#5943),#5947);
#5943 = LINE('',#5944,#5945);
#5944 = CARTESIAN_POINT('',(33.4,17.799999996229));
#5945 = VECTOR('',#5946,1.);
#5946 = DIRECTION('',(0.,-1.));
#5947 = ( GEOMETRIC_REPRESENTATION_CONTEXT(2) 
PARAMETRIC_REPRESENTATION_CONTEXT() REPRESENTATION_CONTEXT('2D SPACE',''
  ) );
#5948 = PCURVE('',#5949,#5954);
#5949 = PLANE('',#5950);
#5950 = AXIS2_PLACEMENT_3D('',#5951,#5952,#5953);
#5951 = CARTESIAN_POINT('',(67.4,37.599999995297,0.2));
#5952 = DIRECTION('',(0.707106781187,3.474993633274E-18,-0.707106781187)
  );
#5953 = DIRECTION('',(2.457191562668E-18,-1.,-2.457191562668E-18));
#5954 = DEFINITIONAL_REPRESENTATION('',(#5955),#5959);
#5955 = LINE('',#5956,#5957);
#5956 = CARTESIAN_POINT('',(-3.466673899897E-33,0.282842712475));
#5957 = VECTOR('',#5958,1.);
#5958 = DIRECTION('',(1.,0.));
#5959 = ( GEOMETRIC_REPRESENTATION_CONTEXT(2) 
PARAMETRIC_REPRESENTATION_CONTEXT() REPRESENTATION_CONTEXT('2D SPACE',''
  ) );
#5960 = ORIENTED_EDGE('',*,*,#5961,.F.);
#5961 = EDGE_CURVE('',#5962,#5934,#5964,.T.);
#5962 = VERTEX_POINT('',#5963);
#5963 = CARTESIAN_POINT('',(65.6,39.200000000001,3.608224830032E-16));
#5964 = SURFACE_CURVE('',#5965,(#5970,#5981),.PCURVE_S1.);
#5965 = CIRCLE('',#5966,1.6);
#5966 = AXIS2_PLACEMENT_3D('',#5967,#5968,#5969);
#5967 = CARTESIAN_POINT('',(65.6,37.599999995297,0.));
#5968 = DIRECTION('',(0.,0.,-1.));
#5969 = DIRECTION('',(0.,1.,0.));
#5970 = PCURVE('',#4008,#5971);
#5971 = DEFINITIONAL_REPRESENTATION('',(#5972),#5980);
#5972 = ( BOUNDED_CURVE() B_SPLINE_CURVE(2,(#5973,#5974,#5975,#5976,
#5977,#5978,#5979),.UNSPECIFIED.,.T.,.F.) B_SPLINE_CURVE_WITH_KNOTS((1,2
    ,2,2,2,1),(-2.094395102393,0.,2.094395102393,4.188790204786,
6.28318530718,8.377580409573),.UNSPECIFIED.) CURVE() 
GEOMETRIC_REPRESENTATION_ITEM() RATIONAL_B_SPLINE_CURVE((1.,0.5,1.,0.5,
1.,0.5,1.)) REPRESENTATION_ITEM('') );
#5973 = CARTESIAN_POINT('',(31.8,19.399999996229));
#5974 = CARTESIAN_POINT('',(34.57128129211,19.399999996229));
#5975 = CARTESIAN_POINT('',(33.185640646055,16.999999996229));
#5976 = CARTESIAN_POINT('',(31.8,14.599999996229));
#5977 = CARTESIAN_POINT('',(30.414359353945,16.999999996229));
#5978 = CARTESIAN_POINT('',(29.02871870789,19.399999996229));
#5979 = CARTESIAN_POINT('',(31.8,19.399999996229));
#5980 = ( GEOMETRIC_REPRESENTATION_CONTEXT(2) 
PARAMETRIC_REPRESENTATION_CONTEXT() REPRESENTATION_CONTEXT('2D SPACE',''
  ) );
#5981 = PCURVE('',#5982,#5987);
#5982 = CONICAL_SURFACE('',#5983,2.,0.785398163397);
#5983 = AXIS2_PLACEMENT_3D('',#5984,#5985,#5986);
#5984 = CARTESIAN_POINT('',(65.6,37.599999995297,0.4));
#5985 = DIRECTION('',(0.,0.,1.));
#5986 = DIRECTION('',(0.,1.,0.));
#5987 = DEFINITIONAL_REPRESENTATION('',(#5988),#5992);
#5988 = LINE('',#5989,#5990);
#5989 = CARTESIAN_POINT('',(6.28318530718,-0.4));
#5990 = VECTOR('',#5991,1.);
#5991 = DIRECTION('',(-1.,-0.));
#5992 = ( GEOMETRIC_REPRESENTATION_CONTEXT(2) 
PARAMETRIC_REPRESENTATION_CONTEXT() REPRESENTATION_CONTEXT('2D SPACE',''
  ) );
#5993 = ORIENTED_EDGE('',*,*,#5994,.F.);
#5994 = EDGE_CURVE('',#5995,#5962,#5997,.T.);
#5995 = VERTEX_POINT('',#5996);
#5996 = CARTESIAN_POINT('',(53.,39.2,0.));
#5997 = SURFACE_CURVE('',#5998,(#6002,#6009),.PCURVE_S1.);
#5998 = LINE('',#5999,#6000);
#5999 = CARTESIAN_POINT('',(2.,39.200000000001,0.));
#6000 = VECTOR('',#6001,1.);
#6001 = DIRECTION('',(1.,0.,0.));
#6002 = PCURVE('',#4008,#6003);
#6003 = DEFINITIONAL_REPRESENTATION('',(#6004),#6008);
#6004 = LINE('',#6005,#6006);
#6005 = CARTESIAN_POINT('',(-31.8,19.400000000933));
#6006 = VECTOR('',#6007,1.);
#6007 = DIRECTION('',(1.,0.));
#6008 = ( GEOMETRIC_REPRESENTATION_CONTEXT(2) 
PARAMETRIC_REPRESENTATION_CONTEXT() REPRESENTATION_CONTEXT('2D SPACE',''
  ) );
#6009 = PCURVE('',#6010,#6015);
#6010 = PLANE('',#6011);
#6011 = AXIS2_PLACEMENT_3D('',#6012,#6013,#6014);
#6012 = CARTESIAN_POINT('',(2.,39.400000000001,0.2));
#6013 = DIRECTION('',(-6.949987266548E-18,-0.707106781187,0.707106781187
    ));
#6014 = DIRECTION('',(-1.,4.914383125336E-18,-4.914383125336E-18));
#6015 = DEFINITIONAL_REPRESENTATION('',(#6016),#6020);
#6016 = LINE('',#6017,#6018);
#6017 = CARTESIAN_POINT('',(-6.933347799794E-33,0.282842712475));
#6018 = VECTOR('',#6019,1.);
#6019 = DIRECTION('',(-1.,0.));
#6020 = ( GEOMETRIC_REPRESENTATION_CONTEXT(2) 
PARAMETRIC_REPRESENTATION_CONTEXT() REPRESENTATION_CONTEXT('2D SPACE',''
  ) );
#6021 = ORIENTED_EDGE('',*,*,#6022,.T.);
#6022 = EDGE_CURVE('',#5995,#6023,#6025,.T.);
#6023 = VERTEX_POINT('',#6024);
#6024 = CARTESIAN_POINT('',(53.,39.6,0.));
#6025 = SURFACE_CURVE('',#6026,(#6030,#6037),.PCURVE_S1.);
#6026 = LINE('',#6027,#6028);
#6027 = CARTESIAN_POINT('',(53.,39.2,0.));
#6028 = VECTOR('',#6029,1.);
#6029 = DIRECTION('',(0.,1.,0.));
#6030 = PCURVE('',#4008,#6031);
#6031 = DEFINITIONAL_REPRESENTATION('',(#6032),#6036);
#6032 = LINE('',#6033,#6034);
#6033 = CARTESIAN_POINT('',(19.2,19.400000000932));
#6034 = VECTOR('',#6035,1.);
#6035 = DIRECTION('',(0.,1.));
#6036 = ( GEOMETRIC_REPRESENTATION_CONTEXT(2) 
PARAMETRIC_REPRESENTATION_CONTEXT() REPRESENTATION_CONTEXT('2D SPACE',''
  ) );
#6037 = PCURVE('',#6038,#6043);
#6038 = PLANE('',#6039);
#6039 = AXIS2_PLACEMENT_3D('',#6040,#6041,#6042);
#6040 = CARTESIAN_POINT('',(53.,39.2,0.));
#6041 = DIRECTION('',(-1.,0.,0.));
#6042 = DIRECTION('',(0.,1.,0.));
#6043 = DEFINITIONAL_REPRESENTATION('',(#6044),#6048);
#6044 = LINE('',#6045,#6046);
#6045 = CARTESIAN_POINT('',(0.,0.));
#6046 = VECTOR('',#6047,1.);
#6047 = DIRECTION('',(1.,0.));
#6048 = ( GEOMETRIC_REPRESENTATION_CONTEXT(2) 
PARAMETRIC_REPRESENTATION_CONTEXT() REPRESENTATION_CONTEXT('2D SPACE',''
  ) );
#6049 = ORIENTED_EDGE('',*,*,#6050,.T.);
#6050 = EDGE_CURVE('',#6023,#6051,#6053,.T.);
#6051 = VERTEX_POINT('',#6052);
#6052 = CARTESIAN_POINT('',(52.95,39.65,-2.775557561563E-17));
#6053 = SURFACE_CURVE('',#6054,(#6058,#6065),.PCURVE_S1.);
#6054 = LINE('',#6055,#6056);
#6055 = CARTESIAN_POINT('',(53.,39.6,0.));
#6056 = VECTOR('',#6057,1.);
#6057 = DIRECTION('',(-0.707106781187,0.707106781187,0.));
#6058 = PCURVE('',#4008,#6059);
#6059 = DEFINITIONAL_REPRESENTATION('',(#6060),#6064);
#6060 = LINE('',#6061,#6062);
#6061 = CARTESIAN_POINT('',(19.2,19.800000000932));
#6062 = VECTOR('',#6063,1.);
#6063 = DIRECTION('',(-0.707106781187,0.707106781187));
#6064 = ( GEOMETRIC_REPRESENTATION_CONTEXT(2) 
PARAMETRIC_REPRESENTATION_CONTEXT() REPRESENTATION_CONTEXT('2D SPACE',''
  ) );
#6065 = PCURVE('',#4669,#6066);
#6066 = DEFINITIONAL_REPRESENTATION('',(#6067),#6071);
#6067 = LINE('',#6068,#6069);
#6068 = CARTESIAN_POINT('',(0.,0.));
#6069 = VECTOR('',#6070,1.);
#6070 = DIRECTION('',(1.,0.));
#6071 = ( GEOMETRIC_REPRESENTATION_CONTEXT(2) 
PARAMETRIC_REPRESENTATION_CONTEXT() REPRESENTATION_CONTEXT('2D SPACE',''
  ) );
#6072 = ORIENTED_EDGE('',*,*,#6073,.T.);
#6073 = EDGE_CURVE('',#6051,#6074,#6076,.T.);
#6074 = VERTEX_POINT('',#6075);
#6075 = CARTESIAN_POINT('',(47.05,39.65,-2.775557561563E-17));
#6076 = SURFACE_CURVE('',#6077,(#6081,#6088),.PCURVE_S1.);
#6077 = LINE('',#6078,#6079);
#6078 = CARTESIAN_POINT('',(52.7,39.65,0.));
#6079 = VECTOR('',#6080,1.);
#6080 = DIRECTION('',(-1.,0.,0.));
#6081 = PCURVE('',#4008,#6082);
#6082 = DEFINITIONAL_REPRESENTATION('',(#6083),#6087);
#6083 = LINE('',#6084,#6085);
#6084 = CARTESIAN_POINT('',(18.9,19.850000000932));
#6085 = VECTOR('',#6086,1.);
#6086 = DIRECTION('',(-1.,0.));
#6087 = ( GEOMETRIC_REPRESENTATION_CONTEXT(2) 
PARAMETRIC_REPRESENTATION_CONTEXT() REPRESENTATION_CONTEXT('2D SPACE',''
  ) );
#6088 = PCURVE('',#6089,#6094);
#6089 = PLANE('',#6090);
#6090 = AXIS2_PLACEMENT_3D('',#6091,#6092,#6093);
#6091 = CARTESIAN_POINT('',(52.7,39.775,0.125));
#6092 = DIRECTION('',(0.,0.707106781187,-0.707106781187));
#6093 = DIRECTION('',(1.,-0.,0.));
#6094 = DEFINITIONAL_REPRESENTATION('',(#6095),#6099);
#6095 = LINE('',#6096,#6097);
#6096 = CARTESIAN_POINT('',(0.,0.176776695297));
#6097 = VECTOR('',#6098,1.);
#6098 = DIRECTION('',(-1.,-0.));
#6099 = ( GEOMETRIC_REPRESENTATION_CONTEXT(2) 
PARAMETRIC_REPRESENTATION_CONTEXT() REPRESENTATION_CONTEXT('2D SPACE',''
  ) );
#6100 = ORIENTED_EDGE('',*,*,#6101,.T.);
#6101 = EDGE_CURVE('',#6074,#6102,#6104,.T.);
#6102 = VERTEX_POINT('',#6103);
#6103 = CARTESIAN_POINT('',(47.,39.6,0.));
#6104 = SURFACE_CURVE('',#6105,(#6109,#6116),.PCURVE_S1.);
#6105 = LINE('',#6106,#6107);
#6106 = CARTESIAN_POINT('',(47.3,39.9,0.));
#6107 = VECTOR('',#6108,1.);
#6108 = DIRECTION('',(-0.707106781187,-0.707106781187,0.));
#6109 = PCURVE('',#4008,#6110);
#6110 = DEFINITIONAL_REPRESENTATION('',(#6111),#6115);
#6111 = LINE('',#6112,#6113);
#6112 = CARTESIAN_POINT('',(13.5,20.100000000932));
#6113 = VECTOR('',#6114,1.);
#6114 = DIRECTION('',(-0.707106781187,-0.707106781187));
#6115 = ( GEOMETRIC_REPRESENTATION_CONTEXT(2) 
PARAMETRIC_REPRESENTATION_CONTEXT() REPRESENTATION_CONTEXT('2D SPACE',''
  ) );
#6116 = PCURVE('',#4725,#6117);
#6117 = DEFINITIONAL_REPRESENTATION('',(#6118),#6122);
#6118 = LINE('',#6119,#6120);
#6119 = CARTESIAN_POINT('',(0.,0.));
#6120 = VECTOR('',#6121,1.);
#6121 = DIRECTION('',(1.,0.));
#6122 = ( GEOMETRIC_REPRESENTATION_CONTEXT(2) 
PARAMETRIC_REPRESENTATION_CONTEXT() REPRESENTATION_CONTEXT('2D SPACE',''
  ) );
#6123 = ORIENTED_EDGE('',*,*,#6124,.T.);
#6124 = EDGE_CURVE('',#6102,#6125,#6127,.T.);
#6125 = VERTEX_POINT('',#6126);
#6126 = CARTESIAN_POINT('',(47.,39.2,0.));
#6127 = SURFACE_CURVE('',#6128,(#6132,#6139),.PCURVE_S1.);
#6128 = LINE('',#6129,#6130);
#6129 = CARTESIAN_POINT('',(47.,39.6,0.));
#6130 = VECTOR('',#6131,1.);
#6131 = DIRECTION('',(0.,-1.,0.));
#6132 = PCURVE('',#4008,#6133);
#6133 = DEFINITIONAL_REPRESENTATION('',(#6134),#6138);
#6134 = LINE('',#6135,#6136);
#6135 = CARTESIAN_POINT('',(13.2,19.800000000932));
#6136 = VECTOR('',#6137,1.);
#6137 = DIRECTION('',(0.,-1.));
#6138 = ( GEOMETRIC_REPRESENTATION_CONTEXT(2) 
PARAMETRIC_REPRESENTATION_CONTEXT() REPRESENTATION_CONTEXT('2D SPACE',''
  ) );
#6139 = PCURVE('',#6140,#6145);
#6140 = PLANE('',#6141);
#6141 = AXIS2_PLACEMENT_3D('',#6142,#6143,#6144);
#6142 = CARTESIAN_POINT('',(47.,39.6,0.));
#6143 = DIRECTION('',(1.,0.,-0.));
#6144 = DIRECTION('',(0.,-1.,0.));
#6145 = DEFINITIONAL_REPRESENTATION('',(#6146),#6150);
#6146 = LINE('',#6147,#6148);
#6147 = CARTESIAN_POINT('',(0.,0.));
#6148 = VECTOR('',#6149,1.);
#6149 = DIRECTION('',(1.,0.));
#6150 = ( GEOMETRIC_REPRESENTATION_CONTEXT(2) 
PARAMETRIC_REPRESENTATION_CONTEXT() REPRESENTATION_CONTEXT('2D SPACE',''
  ) );
#6151 = ORIENTED_EDGE('',*,*,#6152,.F.);
#6152 = EDGE_CURVE('',#6153,#6125,#6155,.T.);
#6153 = VERTEX_POINT('',#6154);
#6154 = CARTESIAN_POINT('',(24.,39.2,0.));
#6155 = SURFACE_CURVE('',#6156,(#6160,#6167),.PCURVE_S1.);
#6156 = LINE('',#6157,#6158);
#6157 = CARTESIAN_POINT('',(2.,39.200000000001,0.));
#6158 = VECTOR('',#6159,1.);
#6159 = DIRECTION('',(1.,0.,0.));
#6160 = PCURVE('',#4008,#6161);
#6161 = DEFINITIONAL_REPRESENTATION('',(#6162),#6166);
#6162 = LINE('',#6163,#6164);
#6163 = CARTESIAN_POINT('',(-31.8,19.400000000933));
#6164 = VECTOR('',#6165,1.);
#6165 = DIRECTION('',(1.,0.));
#6166 = ( GEOMETRIC_REPRESENTATION_CONTEXT(2) 
PARAMETRIC_REPRESENTATION_CONTEXT() REPRESENTATION_CONTEXT('2D SPACE',''
  ) );
#6167 = PCURVE('',#6168,#6173);
#6168 = PLANE('',#6169);
#6169 = AXIS2_PLACEMENT_3D('',#6170,#6171,#6172);
#6170 = CARTESIAN_POINT('',(2.,39.400000000001,0.2));
#6171 = DIRECTION('',(-6.949987266548E-18,-0.707106781187,0.707106781187
    ));
#6172 = DIRECTION('',(-1.,4.914383125336E-18,-4.914383125336E-18));
#6173 = DEFINITIONAL_REPRESENTATION('',(#6174),#6178);
#6174 = LINE('',#6175,#6176);
#6175 = CARTESIAN_POINT('',(-6.933347799794E-33,0.282842712475));
#6176 = VECTOR('',#6177,1.);
#6177 = DIRECTION('',(-1.,0.));
#6178 = ( GEOMETRIC_REPRESENTATION_CONTEXT(2) 
PARAMETRIC_REPRESENTATION_CONTEXT() REPRESENTATION_CONTEXT('2D SPACE',''
  ) );
#6179 = ORIENTED_EDGE('',*,*,#6180,.T.);
#6180 = EDGE_CURVE('',#6153,#6181,#6183,.T.);
#6181 = VERTEX_POINT('',#6182);
#6182 = CARTESIAN_POINT('',(24.,39.6,0.));
#6183 = SURFACE_CURVE('',#6184,(#6188,#6195),.PCURVE_S1.);
#6184 = LINE('',#6185,#6186);
#6185 = CARTESIAN_POINT('',(24.,39.2,0.));
#6186 = VECTOR('',#6187,1.);
#6187 = DIRECTION('',(0.,1.,0.));
#6188 = PCURVE('',#4008,#6189);
#6189 = DEFINITIONAL_REPRESENTATION('',(#6190),#6194);
#6190 = LINE('',#6191,#6192);
#6191 = CARTESIAN_POINT('',(-9.8,19.400000000932));
#6192 = VECTOR('',#6193,1.);
#6193 = DIRECTION('',(0.,1.));
#6194 = ( GEOMETRIC_REPRESENTATION_CONTEXT(2) 
PARAMETRIC_REPRESENTATION_CONTEXT() REPRESENTATION_CONTEXT('2D SPACE',''
  ) );
#6195 = PCURVE('',#6196,#6201);
#6196 = PLANE('',#6197);
#6197 = AXIS2_PLACEMENT_3D('',#6198,#6199,#6200);
#6198 = CARTESIAN_POINT('',(24.,39.2,0.));
#6199 = DIRECTION('',(-1.,0.,0.));
#6200 = DIRECTION('',(0.,1.,0.));
#6201 = DEFINITIONAL_REPRESENTATION('',(#6202),#6206);
#6202 = LINE('',#6203,#6204);
#6203 = CARTESIAN_POINT('',(0.,0.));
#6204 = VECTOR('',#6205,1.);
#6205 = DIRECTION('',(1.,0.));
#6206 = ( GEOMETRIC_REPRESENTATION_CONTEXT(2) 
PARAMETRIC_REPRESENTATION_CONTEXT() REPRESENTATION_CONTEXT('2D SPACE',''
  ) );
#6207 = ORIENTED_EDGE('',*,*,#6208,.T.);
#6208 = EDGE_CURVE('',#6181,#6209,#6211,.T.);
#6209 = VERTEX_POINT('',#6210);
#6210 = CARTESIAN_POINT('',(23.95,39.65,-2.775557561563E-17));
#6211 = SURFACE_CURVE('',#6212,(#6216,#6223),.PCURVE_S1.);
#6212 = LINE('',#6213,#6214);
#6213 = CARTESIAN_POINT('',(24.,39.6,0.));
#6214 = VECTOR('',#6215,1.);
#6215 = DIRECTION('',(-0.707106781187,0.707106781187,0.));
#6216 = PCURVE('',#4008,#6217);
#6217 = DEFINITIONAL_REPRESENTATION('',(#6218),#6222);
#6218 = LINE('',#6219,#6220);
#6219 = CARTESIAN_POINT('',(-9.8,19.800000000932));
#6220 = VECTOR('',#6221,1.);
#6221 = DIRECTION('',(-0.707106781187,0.707106781187));
#6222 = ( GEOMETRIC_REPRESENTATION_CONTEXT(2) 
PARAMETRIC_REPRESENTATION_CONTEXT() REPRESENTATION_CONTEXT('2D SPACE',''
  ) );
#6223 = PCURVE('',#4781,#6224);
#6224 = DEFINITIONAL_REPRESENTATION('',(#6225),#6229);
#6225 = LINE('',#6226,#6227);
#6226 = CARTESIAN_POINT('',(0.,0.));
#6227 = VECTOR('',#6228,1.);
#6228 = DIRECTION('',(1.,0.));
#6229 = ( GEOMETRIC_REPRESENTATION_CONTEXT(2) 
PARAMETRIC_REPRESENTATION_CONTEXT() REPRESENTATION_CONTEXT('2D SPACE',''
  ) );
#6230 = ORIENTED_EDGE('',*,*,#6231,.T.);
#6231 = EDGE_CURVE('',#6209,#6232,#6234,.T.);
#6232 = VERTEX_POINT('',#6233);
#6233 = CARTESIAN_POINT('',(18.05,39.65,-2.775557561563E-17));
#6234 = SURFACE_CURVE('',#6235,(#6239,#6246),.PCURVE_S1.);
#6235 = LINE('',#6236,#6237);
#6236 = CARTESIAN_POINT('',(23.7,39.65,0.));
#6237 = VECTOR('',#6238,1.);
#6238 = DIRECTION('',(-1.,0.,0.));
#6239 = PCURVE('',#4008,#6240);
#6240 = DEFINITIONAL_REPRESENTATION('',(#6241),#6245);
#6241 = LINE('',#6242,#6243);
#6242 = CARTESIAN_POINT('',(-10.1,19.850000000932));
#6243 = VECTOR('',#6244,1.);
#6244 = DIRECTION('',(-1.,0.));
#6245 = ( GEOMETRIC_REPRESENTATION_CONTEXT(2) 
PARAMETRIC_REPRESENTATION_CONTEXT() REPRESENTATION_CONTEXT('2D SPACE',''
  ) );
#6246 = PCURVE('',#6247,#6252);
#6247 = PLANE('',#6248);
#6248 = AXIS2_PLACEMENT_3D('',#6249,#6250,#6251);
#6249 = CARTESIAN_POINT('',(23.7,39.775,0.125));
#6250 = DIRECTION('',(0.,0.707106781187,-0.707106781187));
#6251 = DIRECTION('',(1.,-0.,0.));
#6252 = DEFINITIONAL_REPRESENTATION('',(#6253),#6257);
#6253 = LINE('',#6254,#6255);
#6254 = CARTESIAN_POINT('',(0.,0.176776695297));
#6255 = VECTOR('',#6256,1.);
#6256 = DIRECTION('',(-1.,-0.));
#6257 = ( GEOMETRIC_REPRESENTATION_CONTEXT(2) 
PARAMETRIC_REPRESENTATION_CONTEXT() REPRESENTATION_CONTEXT('2D SPACE',''
  ) );
#6258 = ORIENTED_EDGE('',*,*,#6259,.T.);
#6259 = EDGE_CURVE('',#6232,#6260,#6262,.T.);
#6260 = VERTEX_POINT('',#6261);
#6261 = CARTESIAN_POINT('',(18.,39.6,0.));
#6262 = SURFACE_CURVE('',#6263,(#6267,#6274),.PCURVE_S1.);
#6263 = LINE('',#6264,#6265);
#6264 = CARTESIAN_POINT('',(18.3,39.9,0.));
#6265 = VECTOR('',#6266,1.);
#6266 = DIRECTION('',(-0.707106781187,-0.707106781187,0.));
#6267 = PCURVE('',#4008,#6268);
#6268 = DEFINITIONAL_REPRESENTATION('',(#6269),#6273);
#6269 = LINE('',#6270,#6271);
#6270 = CARTESIAN_POINT('',(-15.5,20.100000000932));
#6271 = VECTOR('',#6272,1.);
#6272 = DIRECTION('',(-0.707106781187,-0.707106781187));
#6273 = ( GEOMETRIC_REPRESENTATION_CONTEXT(2) 
PARAMETRIC_REPRESENTATION_CONTEXT() REPRESENTATION_CONTEXT('2D SPACE',''
  ) );
#6274 = PCURVE('',#4837,#6275);
#6275 = DEFINITIONAL_REPRESENTATION('',(#6276),#6280);
#6276 = LINE('',#6277,#6278);
#6277 = CARTESIAN_POINT('',(0.,0.));
#6278 = VECTOR('',#6279,1.);
#6279 = DIRECTION('',(1.,0.));
#6280 = ( GEOMETRIC_REPRESENTATION_CONTEXT(2) 
PARAMETRIC_REPRESENTATION_CONTEXT() REPRESENTATION_CONTEXT('2D SPACE',''
  ) );
#6281 = ORIENTED_EDGE('',*,*,#6282,.T.);
#6282 = EDGE_CURVE('',#6260,#6283,#6285,.T.);
#6283 = VERTEX_POINT('',#6284);
#6284 = CARTESIAN_POINT('',(18.,39.2,0.));
#6285 = SURFACE_CURVE('',#6286,(#6290,#6297),.PCURVE_S1.);
#6286 = LINE('',#6287,#6288);
#6287 = CARTESIAN_POINT('',(18.,39.6,0.));
#6288 = VECTOR('',#6289,1.);
#6289 = DIRECTION('',(0.,-1.,0.));
#6290 = PCURVE('',#4008,#6291);
#6291 = DEFINITIONAL_REPRESENTATION('',(#6292),#6296);
#6292 = LINE('',#6293,#6294);
#6293 = CARTESIAN_POINT('',(-15.8,19.800000000932));
#6294 = VECTOR('',#6295,1.);
#6295 = DIRECTION('',(0.,-1.));
#6296 = ( GEOMETRIC_REPRESENTATION_CONTEXT(2) 
PARAMETRIC_REPRESENTATION_CONTEXT() REPRESENTATION_CONTEXT('2D SPACE',''
  ) );
#6297 = PCURVE('',#6298,#6303);
#6298 = PLANE('',#6299);
#6299 = AXIS2_PLACEMENT_3D('',#6300,#6301,#6302);
#6300 = CARTESIAN_POINT('',(18.,39.6,0.));
#6301 = DIRECTION('',(1.,0.,-0.));
#6302 = DIRECTION('',(0.,-1.,0.));
#6303 = DEFINITIONAL_REPRESENTATION('',(#6304),#6308);
#6304 = LINE('',#6305,#6306);
#6305 = CARTESIAN_POINT('',(0.,0.));
#6306 = VECTOR('',#6307,1.);
#6307 = DIRECTION('',(1.,0.));
#6308 = ( GEOMETRIC_REPRESENTATION_CONTEXT(2) 
PARAMETRIC_REPRESENTATION_CONTEXT() REPRESENTATION_CONTEXT('2D SPACE',''
  ) );
#6309 = ORIENTED_EDGE('',*,*,#6310,.F.);
#6310 = EDGE_CURVE('',#6311,#6283,#6313,.T.);
#6311 = VERTEX_POINT('',#6312);
#6312 = CARTESIAN_POINT('',(16.6,39.200000000001,0.));
#6313 = SURFACE_CURVE('',#6314,(#6318,#6325),.PCURVE_S1.);
#6314 = LINE('',#6315,#6316);
#6315 = CARTESIAN_POINT('',(2.,39.200000000001,0.));
#6316 = VECTOR('',#6317,1.);
#6317 = DIRECTION('',(1.,0.,0.));
#6318 = PCURVE('',#4008,#6319);
#6319 = DEFINITIONAL_REPRESENTATION('',(#6320),#6324);
#6320 = LINE('',#6321,#6322);
#6321 = CARTESIAN_POINT('',(-31.8,19.400000000933));
#6322 = VECTOR('',#6323,1.);
#6323 = DIRECTION('',(1.,0.));
#6324 = ( GEOMETRIC_REPRESENTATION_CONTEXT(2) 
PARAMETRIC_REPRESENTATION_CONTEXT() REPRESENTATION_CONTEXT('2D SPACE',''
  ) );
#6325 = PCURVE('',#6326,#6331);
#6326 = PLANE('',#6327);
#6327 = AXIS2_PLACEMENT_3D('',#6328,#6329,#6330);
#6328 = CARTESIAN_POINT('',(2.,39.400000000001,0.2));
#6329 = DIRECTION('',(-6.949987266548E-18,-0.707106781187,0.707106781187
    ));
#6330 = DIRECTION('',(-1.,4.914383125336E-18,-4.914383125336E-18));
#6331 = DEFINITIONAL_REPRESENTATION('',(#6332),#6336);
#6332 = LINE('',#6333,#6334);
#6333 = CARTESIAN_POINT('',(-6.933347799794E-33,0.282842712475));
#6334 = VECTOR('',#6335,1.);
#6335 = DIRECTION('',(-1.,0.));
#6336 = ( GEOMETRIC_REPRESENTATION_CONTEXT(2) 
PARAMETRIC_REPRESENTATION_CONTEXT() REPRESENTATION_CONTEXT('2D SPACE',''
  ) );
#6337 = ORIENTED_EDGE('',*,*,#6338,.T.);
#6338 = EDGE_CURVE('',#6311,#6339,#6341,.T.);
#6339 = VERTEX_POINT('',#6340);
#6340 = CARTESIAN_POINT('',(16.6,35.6,0.));
#6341 = SURFACE_CURVE('',#6342,(#6346,#6353),.PCURVE_S1.);
#6342 = LINE('',#6343,#6344);
#6343 = CARTESIAN_POINT('',(16.6,27.699999999534,0.));
#6344 = VECTOR('',#6345,1.);
#6345 = DIRECTION('',(0.,-1.,0.));
#6346 = PCURVE('',#4008,#6347);
#6347 = DEFINITIONAL_REPRESENTATION('',(#6348),#6352);
#6348 = LINE('',#6349,#6350);
#6349 = CARTESIAN_POINT('',(-17.2,7.900000000466));
#6350 = VECTOR('',#6351,1.);
#6351 = DIRECTION('',(0.,-1.));
#6352 = ( GEOMETRIC_REPRESENTATION_CONTEXT(2) 
PARAMETRIC_REPRESENTATION_CONTEXT() REPRESENTATION_CONTEXT('2D SPACE',''
  ) );
#6353 = PCURVE('',#4893,#6354);
#6354 = DEFINITIONAL_REPRESENTATION('',(#6355),#6359);
#6355 = LINE('',#6356,#6357);
#6356 = CARTESIAN_POINT('',(-7.900000000466,-1.));
#6357 = VECTOR('',#6358,1.);
#6358 = DIRECTION('',(-1.,0.));
#6359 = ( GEOMETRIC_REPRESENTATION_CONTEXT(2) 
PARAMETRIC_REPRESENTATION_CONTEXT() REPRESENTATION_CONTEXT('2D SPACE',''
  ) );
#6360 = ORIENTED_EDGE('',*,*,#6361,.T.);
#6361 = EDGE_CURVE('',#6339,#6362,#6364,.T.);
#6362 = VERTEX_POINT('',#6363);
#6363 = CARTESIAN_POINT('',(15.6,34.6,0.));
#6364 = SURFACE_CURVE('',#6365,(#6370,#6381),.PCURVE_S1.);
#6365 = CIRCLE('',#6366,1.);
#6366 = AXIS2_PLACEMENT_3D('',#6367,#6368,#6369);
#6367 = CARTESIAN_POINT('',(15.6,35.6,0.));
#6368 = DIRECTION('',(0.,0.,-1.));
#6369 = DIRECTION('',(-1.,0.,0.));
#6370 = PCURVE('',#4008,#6371);
#6371 = DEFINITIONAL_REPRESENTATION('',(#6372),#6380);
#6372 = ( BOUNDED_CURVE() B_SPLINE_CURVE(2,(#6373,#6374,#6375,#6376,
#6377,#6378,#6379),.UNSPECIFIED.,.T.,.F.) B_SPLINE_CURVE_WITH_KNOTS((1,2
    ,2,2,2,1),(-2.094395102393,0.,2.094395102393,4.188790204786,
6.28318530718,8.377580409573),.UNSPECIFIED.) CURVE() 
GEOMETRIC_REPRESENTATION_ITEM() RATIONAL_B_SPLINE_CURVE((1.,0.5,1.,0.5,
1.,0.5,1.)) REPRESENTATION_ITEM('') );
#6373 = CARTESIAN_POINT('',(-19.2,15.800000000932));
#6374 = CARTESIAN_POINT('',(-19.2,17.532050808501));
#6375 = CARTESIAN_POINT('',(-17.7,16.666025404716));
#6376 = CARTESIAN_POINT('',(-16.2,15.800000000932));
#6377 = CARTESIAN_POINT('',(-17.7,14.933974597148));
#6378 = CARTESIAN_POINT('',(-19.2,14.067949193363));
#6379 = CARTESIAN_POINT('',(-19.2,15.800000000932));
#6380 = ( GEOMETRIC_REPRESENTATION_CONTEXT(2) 
PARAMETRIC_REPRESENTATION_CONTEXT() REPRESENTATION_CONTEXT('2D SPACE',''
  ) );
#6381 = PCURVE('',#4926,#6382);
#6382 = DEFINITIONAL_REPRESENTATION('',(#6383),#6387);
#6383 = LINE('',#6384,#6385);
#6384 = CARTESIAN_POINT('',(0.,-1.));
#6385 = VECTOR('',#6386,1.);
#6386 = DIRECTION('',(1.,0.));
#6387 = ( GEOMETRIC_REPRESENTATION_CONTEXT(2) 
PARAMETRIC_REPRESENTATION_CONTEXT() REPRESENTATION_CONTEXT('2D SPACE',''
  ) );
#6388 = ORIENTED_EDGE('',*,*,#6389,.T.);
#6389 = EDGE_CURVE('',#6362,#6390,#6392,.T.);
#6390 = VERTEX_POINT('',#6391);
#6391 = CARTESIAN_POINT('',(9.6,34.6,0.));
#6392 = SURFACE_CURVE('',#6393,(#6397,#6404),.PCURVE_S1.);
#6393 = LINE('',#6394,#6395);
#6394 = CARTESIAN_POINT('',(21.7,34.6,0.));
#6395 = VECTOR('',#6396,1.);
#6396 = DIRECTION('',(-1.,0.,0.));
#6397 = PCURVE('',#4008,#6398);
#6398 = DEFINITIONAL_REPRESENTATION('',(#6399),#6403);
#6399 = LINE('',#6400,#6401);
#6400 = CARTESIAN_POINT('',(-12.1,14.800000000932));
#6401 = VECTOR('',#6402,1.);
#6402 = DIRECTION('',(-1.,0.));
#6403 = ( GEOMETRIC_REPRESENTATION_CONTEXT(2) 
PARAMETRIC_REPRESENTATION_CONTEXT() REPRESENTATION_CONTEXT('2D SPACE',''
  ) );
#6404 = PCURVE('',#4954,#6405);
#6405 = DEFINITIONAL_REPRESENTATION('',(#6406),#6410);
#6406 = LINE('',#6407,#6408);
#6407 = CARTESIAN_POINT('',(12.1,-1.));
#6408 = VECTOR('',#6409,1.);
#6409 = DIRECTION('',(-1.,0.));
#6410 = ( GEOMETRIC_REPRESENTATION_CONTEXT(2) 
PARAMETRIC_REPRESENTATION_CONTEXT() REPRESENTATION_CONTEXT('2D SPACE',''
  ) );
#6411 = ORIENTED_EDGE('',*,*,#6412,.T.);
#6412 = EDGE_CURVE('',#6390,#6413,#6415,.T.);
#6413 = VERTEX_POINT('',#6414);
#6414 = CARTESIAN_POINT('',(8.6,35.6,0.));
#6415 = SURFACE_CURVE('',#6416,(#6421,#6432),.PCURVE_S1.);
#6416 = CIRCLE('',#6417,1.);
#6417 = AXIS2_PLACEMENT_3D('',#6418,#6419,#6420);
#6418 = CARTESIAN_POINT('',(9.6,35.6,0.));
#6419 = DIRECTION('',(0.,0.,-1.));
#6420 = DIRECTION('',(-1.,0.,0.));
#6421 = PCURVE('',#4008,#6422);
#6422 = DEFINITIONAL_REPRESENTATION('',(#6423),#6431);
#6423 = ( BOUNDED_CURVE() B_SPLINE_CURVE(2,(#6424,#6425,#6426,#6427,
#6428,#6429,#6430),.UNSPECIFIED.,.T.,.F.) B_SPLINE_CURVE_WITH_KNOTS((1,2
    ,2,2,2,1),(-2.094395102393,0.,2.094395102393,4.188790204786,
6.28318530718,8.377580409573),.UNSPECIFIED.) CURVE() 
GEOMETRIC_REPRESENTATION_ITEM() RATIONAL_B_SPLINE_CURVE((1.,0.5,1.,0.5,
1.,0.5,1.)) REPRESENTATION_ITEM('') );
#6424 = CARTESIAN_POINT('',(-25.2,15.800000000932));
#6425 = CARTESIAN_POINT('',(-25.2,17.532050808501));
#6426 = CARTESIAN_POINT('',(-23.7,16.666025404716));
#6427 = CARTESIAN_POINT('',(-22.2,15.800000000932));
#6428 = CARTESIAN_POINT('',(-23.7,14.933974597148));
#6429 = CARTESIAN_POINT('',(-25.2,14.067949193363));
#6430 = CARTESIAN_POINT('',(-25.2,15.800000000932));
#6431 = ( GEOMETRIC_REPRESENTATION_CONTEXT(2) 
PARAMETRIC_REPRESENTATION_CONTEXT() REPRESENTATION_CONTEXT('2D SPACE',''
  ) );
#6432 = PCURVE('',#4987,#6433);
#6433 = DEFINITIONAL_REPRESENTATION('',(#6434),#6438);
#6434 = LINE('',#6435,#6436);
#6435 = CARTESIAN_POINT('',(0.,-1.));
#6436 = VECTOR('',#6437,1.);
#6437 = DIRECTION('',(1.,0.));
#6438 = ( GEOMETRIC_REPRESENTATION_CONTEXT(2) 
PARAMETRIC_REPRESENTATION_CONTEXT() REPRESENTATION_CONTEXT('2D SPACE',''
  ) );
#6439 = ORIENTED_EDGE('',*,*,#6440,.F.);
#6440 = EDGE_CURVE('',#6441,#6413,#6443,.T.);
#6441 = VERTEX_POINT('',#6442);
#6442 = CARTESIAN_POINT('',(8.6,39.200000000001,0.));
#6443 = SURFACE_CURVE('',#6444,(#6448,#6455),.PCURVE_S1.);
#6444 = LINE('',#6445,#6446);
#6445 = CARTESIAN_POINT('',(8.6,27.699999999534,0.));
#6446 = VECTOR('',#6447,1.);
#6447 = DIRECTION('',(0.,-1.,0.));
#6448 = PCURVE('',#4008,#6449);
#6449 = DEFINITIONAL_REPRESENTATION('',(#6450),#6454);
#6450 = LINE('',#6451,#6452);
#6451 = CARTESIAN_POINT('',(-25.2,7.900000000466));
#6452 = VECTOR('',#6453,1.);
#6453 = DIRECTION('',(0.,-1.));
#6454 = ( GEOMETRIC_REPRESENTATION_CONTEXT(2) 
PARAMETRIC_REPRESENTATION_CONTEXT() REPRESENTATION_CONTEXT('2D SPACE',''
  ) );
#6455 = PCURVE('',#5015,#6456);
#6456 = DEFINITIONAL_REPRESENTATION('',(#6457),#6461);
#6457 = LINE('',#6458,#6459);
#6458 = CARTESIAN_POINT('',(-7.900000000466,-1.));
#6459 = VECTOR('',#6460,1.);
#6460 = DIRECTION('',(-1.,0.));
#6461 = ( GEOMETRIC_REPRESENTATION_CONTEXT(2) 
PARAMETRIC_REPRESENTATION_CONTEXT() REPRESENTATION_CONTEXT('2D SPACE',''
  ) );
#6462 = ORIENTED_EDGE('',*,*,#6463,.F.);
#6463 = EDGE_CURVE('',#6464,#6441,#6466,.T.);
#6464 = VERTEX_POINT('',#6465);
#6465 = CARTESIAN_POINT('',(2.,39.199999995297,-5.551115123126E-17));
#6466 = SURFACE_CURVE('',#6467,(#6471,#6478),.PCURVE_S1.);
#6467 = LINE('',#6468,#6469);
#6468 = CARTESIAN_POINT('',(2.,39.200000000001,0.));
#6469 = VECTOR('',#6470,1.);
#6470 = DIRECTION('',(1.,0.,0.));
#6471 = PCURVE('',#4008,#6472);
#6472 = DEFINITIONAL_REPRESENTATION('',(#6473),#6477);
#6473 = LINE('',#6474,#6475);
#6474 = CARTESIAN_POINT('',(-31.8,19.400000000933));
#6475 = VECTOR('',#6476,1.);
#6476 = DIRECTION('',(1.,0.));
#6477 = ( GEOMETRIC_REPRESENTATION_CONTEXT(2) 
PARAMETRIC_REPRESENTATION_CONTEXT() REPRESENTATION_CONTEXT('2D SPACE',''
  ) );
#6478 = PCURVE('',#6479,#6484);
#6479 = PLANE('',#6480);
#6480 = AXIS2_PLACEMENT_3D('',#6481,#6482,#6483);
#6481 = CARTESIAN_POINT('',(2.,39.400000000001,0.2));
#6482 = DIRECTION('',(-6.949987266548E-18,-0.707106781187,0.707106781187
    ));
#6483 = DIRECTION('',(-1.,4.914383125336E-18,-4.914383125336E-18));
#6484 = DEFINITIONAL_REPRESENTATION('',(#6485),#6489);
#6485 = LINE('',#6486,#6487);
#6486 = CARTESIAN_POINT('',(-6.933347799794E-33,0.282842712475));
#6487 = VECTOR('',#6488,1.);
#6488 = DIRECTION('',(-1.,0.));
#6489 = ( GEOMETRIC_REPRESENTATION_CONTEXT(2) 
PARAMETRIC_REPRESENTATION_CONTEXT() REPRESENTATION_CONTEXT('2D SPACE',''
  ) );
#6490 = ORIENTED_EDGE('',*,*,#6491,.F.);
#6491 = EDGE_CURVE('',#6492,#6464,#6494,.T.);
#6492 = VERTEX_POINT('',#6493);
#6493 = CARTESIAN_POINT('',(0.4,37.599999995297,-2.775557561563E-17));
#6494 = SURFACE_CURVE('',#6495,(#6500,#6511),.PCURVE_S1.);
#6495 = CIRCLE('',#6496,1.6);
#6496 = AXIS2_PLACEMENT_3D('',#6497,#6498,#6499);
#6497 = CARTESIAN_POINT('',(2.,37.599999995297,0.));
#6498 = DIRECTION('',(0.,0.,-1.));
#6499 = DIRECTION('',(-1.,0.,0.));
#6500 = PCURVE('',#4008,#6501);
#6501 = DEFINITIONAL_REPRESENTATION('',(#6502),#6510);
#6502 = ( BOUNDED_CURVE() B_SPLINE_CURVE(2,(#6503,#6504,#6505,#6506,
#6507,#6508,#6509),.UNSPECIFIED.,.T.,.F.) B_SPLINE_CURVE_WITH_KNOTS((1,2
    ,2,2,2,1),(-2.094395102393,0.,2.094395102393,4.188790204786,
6.28318530718,8.377580409573),.UNSPECIFIED.) CURVE() 
GEOMETRIC_REPRESENTATION_ITEM() RATIONAL_B_SPLINE_CURVE((1.,0.5,1.,0.5,
1.,0.5,1.)) REPRESENTATION_ITEM('') );
#6503 = CARTESIAN_POINT('',(-33.4,17.799999996229));
#6504 = CARTESIAN_POINT('',(-33.4,20.571281288339));
#6505 = CARTESIAN_POINT('',(-31.,19.185640642284));
#6506 = CARTESIAN_POINT('',(-28.6,17.799999996229));
#6507 = CARTESIAN_POINT('',(-31.,16.414359350174));
#6508 = CARTESIAN_POINT('',(-33.4,15.028718704119));
#6509 = CARTESIAN_POINT('',(-33.4,17.799999996229));
#6510 = ( GEOMETRIC_REPRESENTATION_CONTEXT(2) 
PARAMETRIC_REPRESENTATION_CONTEXT() REPRESENTATION_CONTEXT('2D SPACE',''
  ) );
#6511 = PCURVE('',#6512,#6517);
#6512 = CONICAL_SURFACE('',#6513,2.,0.785398163397);
#6513 = AXIS2_PLACEMENT_3D('',#6514,#6515,#6516);
#6514 = CARTESIAN_POINT('',(2.,37.599999995297,0.4));
#6515 = DIRECTION('',(0.,0.,1.));
#6516 = DIRECTION('',(-1.,0.,0.));
#6517 = DEFINITIONAL_REPRESENTATION('',(#6518),#6522);
#6518 = LINE('',#6519,#6520);
#6519 = CARTESIAN_POINT('',(6.28318530718,-0.4));
#6520 = VECTOR('',#6521,1.);
#6521 = DIRECTION('',(-1.,-0.));
#6522 = ( GEOMETRIC_REPRESENTATION_CONTEXT(2) 
PARAMETRIC_REPRESENTATION_CONTEXT() REPRESENTATION_CONTEXT('2D SPACE',''
  ) );
#6523 = ORIENTED_EDGE('',*,*,#6524,.F.);
#6524 = EDGE_CURVE('',#6525,#6492,#6527,.T.);
#6525 = VERTEX_POINT('',#6526);
#6526 = CARTESIAN_POINT('',(0.4,22.8,0.));
#6527 = SURFACE_CURVE('',#6528,(#6532,#6539),.PCURVE_S1.);
#6528 = LINE('',#6529,#6530);
#6529 = CARTESIAN_POINT('',(0.4,1.999999999999,0.));
#6530 = VECTOR('',#6531,1.);
#6531 = DIRECTION('',(0.,1.,0.));
#6532 = PCURVE('',#4008,#6533);
#6533 = DEFINITIONAL_REPRESENTATION('',(#6534),#6538);
#6534 = LINE('',#6535,#6536);
#6535 = CARTESIAN_POINT('',(-33.4,-17.79999999906));
#6536 = VECTOR('',#6537,1.);
#6537 = DIRECTION('',(0.,1.));
#6538 = ( GEOMETRIC_REPRESENTATION_CONTEXT(2) 
PARAMETRIC_REPRESENTATION_CONTEXT() REPRESENTATION_CONTEXT('2D SPACE',''
  ) );
#6539 = PCURVE('',#6540,#6545);
#6540 = PLANE('',#6541);
#6541 = AXIS2_PLACEMENT_3D('',#6542,#6543,#6544);
#6542 = CARTESIAN_POINT('',(0.2,1.999999999999,0.2));
#6543 = DIRECTION('',(0.707106781187,0.,0.707106781187));
#6544 = DIRECTION('',(0.,-1.,0.));
#6545 = DEFINITIONAL_REPRESENTATION('',(#6546),#6550);
#6546 = LINE('',#6547,#6548);
#6547 = CARTESIAN_POINT('',(0.,0.282842712475));
#6548 = VECTOR('',#6549,1.);
#6549 = DIRECTION('',(-1.,0.));
#6550 = ( GEOMETRIC_REPRESENTATION_CONTEXT(2) 
PARAMETRIC_REPRESENTATION_CONTEXT() REPRESENTATION_CONTEXT('2D SPACE',''
  ) );
#6551 = ORIENTED_EDGE('',*,*,#6552,.T.);
#6552 = EDGE_CURVE('',#6525,#6553,#6555,.T.);
#6553 = VERTEX_POINT('',#6554);
#6554 = CARTESIAN_POINT('',(6.661338147751E-16,22.8,0.));
#6555 = SURFACE_CURVE('',#6556,(#6560,#6567),.PCURVE_S1.);
#6556 = LINE('',#6557,#6558);
#6557 = CARTESIAN_POINT('',(0.4,22.8,0.));
#6558 = VECTOR('',#6559,1.);
#6559 = DIRECTION('',(-1.,2.22044604925E-16,0.));
#6560 = PCURVE('',#4008,#6561);
#6561 = DEFINITIONAL_REPRESENTATION('',(#6562),#6566);
#6562 = LINE('',#6563,#6564);
#6563 = CARTESIAN_POINT('',(-33.4,3.000000000932));
#6564 = VECTOR('',#6565,1.);
#6565 = DIRECTION('',(-1.,2.22044604925E-16));
#6566 = ( GEOMETRIC_REPRESENTATION_CONTEXT(2) 
PARAMETRIC_REPRESENTATION_CONTEXT() REPRESENTATION_CONTEXT('2D SPACE',''
  ) );
#6567 = PCURVE('',#6568,#6573);
#6568 = PLANE('',#6569);
#6569 = AXIS2_PLACEMENT_3D('',#6570,#6571,#6572);
#6570 = CARTESIAN_POINT('',(0.4,22.8,0.));
#6571 = DIRECTION('',(-2.22044604925E-16,-1.,0.));
#6572 = DIRECTION('',(-1.,2.22044604925E-16,0.));
#6573 = DEFINITIONAL_REPRESENTATION('',(#6574),#6578);
#6574 = LINE('',#6575,#6576);
#6575 = CARTESIAN_POINT('',(0.,0.));
#6576 = VECTOR('',#6577,1.);
#6577 = DIRECTION('',(1.,0.));
#6578 = ( GEOMETRIC_REPRESENTATION_CONTEXT(2) 
PARAMETRIC_REPRESENTATION_CONTEXT() REPRESENTATION_CONTEXT('2D SPACE',''
  ) );
#6579 = ORIENTED_EDGE('',*,*,#6580,.T.);
#6580 = EDGE_CURVE('',#6553,#6581,#6583,.T.);
#6581 = VERTEX_POINT('',#6582);
#6582 = CARTESIAN_POINT('',(-5.E-02,22.75,-2.775557561563E-17));
#6583 = SURFACE_CURVE('',#6584,(#6588,#6595),.PCURVE_S1.);
#6584 = LINE('',#6585,#6586);
#6585 = CARTESIAN_POINT('',(6.661338147751E-16,22.8,0.));
#6586 = VECTOR('',#6587,1.);
#6587 = DIRECTION('',(-0.707106781187,-0.707106781187,0.));
#6588 = PCURVE('',#4008,#6589);
#6589 = DEFINITIONAL_REPRESENTATION('',(#6590),#6594);
#6590 = LINE('',#6591,#6592);
#6591 = CARTESIAN_POINT('',(-33.8,3.000000000932));
#6592 = VECTOR('',#6593,1.);
#6593 = DIRECTION('',(-0.707106781187,-0.707106781187));
#6594 = ( GEOMETRIC_REPRESENTATION_CONTEXT(2) 
PARAMETRIC_REPRESENTATION_CONTEXT() REPRESENTATION_CONTEXT('2D SPACE',''
  ) );
#6595 = PCURVE('',#5128,#6596);
#6596 = DEFINITIONAL_REPRESENTATION('',(#6597),#6601);
#6597 = LINE('',#6598,#6599);
#6598 = CARTESIAN_POINT('',(0.,0.));
#6599 = VECTOR('',#6600,1.);
#6600 = DIRECTION('',(1.,0.));
#6601 = ( GEOMETRIC_REPRESENTATION_CONTEXT(2) 
PARAMETRIC_REPRESENTATION_CONTEXT() REPRESENTATION_CONTEXT('2D SPACE',''
  ) );
#6602 = ORIENTED_EDGE('',*,*,#6603,.T.);
#6603 = EDGE_CURVE('',#6581,#4099,#6604,.T.);
#6604 = SURFACE_CURVE('',#6605,(#6609,#6616),.PCURVE_S1.);
#6605 = LINE('',#6606,#6607);
#6606 = CARTESIAN_POINT('',(-5.E-02,22.5,0.));
#6607 = VECTOR('',#6608,1.);
#6608 = DIRECTION('',(-2.22044604925E-16,-1.,0.));
#6609 = PCURVE('',#4008,#6610);
#6610 = DEFINITIONAL_REPRESENTATION('',(#6611),#6615);
#6611 = LINE('',#6612,#6613);
#6612 = CARTESIAN_POINT('',(-33.85,2.700000000932));
#6613 = VECTOR('',#6614,1.);
#6614 = DIRECTION('',(-2.22044604925E-16,-1.));
#6615 = ( GEOMETRIC_REPRESENTATION_CONTEXT(2) 
PARAMETRIC_REPRESENTATION_CONTEXT() REPRESENTATION_CONTEXT('2D SPACE',''
  ) );
#6616 = PCURVE('',#4135,#6617);
#6617 = DEFINITIONAL_REPRESENTATION('',(#6618),#6622);
#6618 = LINE('',#6619,#6620);
#6619 = CARTESIAN_POINT('',(2.775557561562E-17,0.176776695297));
#6620 = VECTOR('',#6621,1.);
#6621 = DIRECTION('',(-1.,-3.697785493223E-32));
#6622 = ( GEOMETRIC_REPRESENTATION_CONTEXT(2) 
PARAMETRIC_REPRESENTATION_CONTEXT() REPRESENTATION_CONTEXT('2D SPACE',''
  ) );
#6623 = ORIENTED_EDGE('',*,*,#4098,.T.);
#6624 = ORIENTED_EDGE('',*,*,#6625,.T.);
#6625 = EDGE_CURVE('',#4076,#3967,#6626,.T.);
#6626 = SURFACE_CURVE('',#6627,(#6631,#6638),.PCURVE_S1.);
#6627 = LINE('',#6628,#6629);
#6628 = CARTESIAN_POINT('',(-6.661338147751E-16,16.8,0.));
#6629 = VECTOR('',#6630,1.);
#6630 = DIRECTION('',(1.,-2.22044604925E-16,0.));
#6631 = PCURVE('',#4008,#6632);
#6632 = DEFINITIONAL_REPRESENTATION('',(#6633),#6637);
#6633 = LINE('',#6634,#6635);
#6634 = CARTESIAN_POINT('',(-33.8,-2.999999999068));
#6635 = VECTOR('',#6636,1.);
#6636 = DIRECTION('',(1.,-2.22044604925E-16));
#6637 = ( GEOMETRIC_REPRESENTATION_CONTEXT(2) 
PARAMETRIC_REPRESENTATION_CONTEXT() REPRESENTATION_CONTEXT('2D SPACE',''
  ) );
#6638 = PCURVE('',#3982,#6639);
#6639 = DEFINITIONAL_REPRESENTATION('',(#6640),#6644);
#6640 = LINE('',#6641,#6642);
#6641 = CARTESIAN_POINT('',(0.,0.));
#6642 = VECTOR('',#6643,1.);
#6643 = DIRECTION('',(1.,0.));
#6644 = ( GEOMETRIC_REPRESENTATION_CONTEXT(2) 
PARAMETRIC_REPRESENTATION_CONTEXT() REPRESENTATION_CONTEXT('2D SPACE',''
  ) );
#6645 = FACE_BOUND('',#6646,.F.);
#6646 = EDGE_LOOP('',(#6647));
#6647 = ORIENTED_EDGE('',*,*,#6648,.T.);
#6648 = EDGE_CURVE('',#6649,#6649,#6651,.T.);
#6649 = VERTEX_POINT('',#6650);
#6650 = CARTESIAN_POINT('',(64.8,19.8,0.));
#6651 = SURFACE_CURVE('',#6652,(#6657,#6668),.PCURVE_S1.);
#6652 = CIRCLE('',#6653,5.);
#6653 = AXIS2_PLACEMENT_3D('',#6654,#6655,#6656);
#6654 = CARTESIAN_POINT('',(59.8,19.8,0.));
#6655 = DIRECTION('',(0.,0.,-1.));
#6656 = DIRECTION('',(1.,0.,0.));
#6657 = PCURVE('',#4008,#6658);
#6658 = DEFINITIONAL_REPRESENTATION('',(#6659),#6667);
#6659 = ( BOUNDED_CURVE() B_SPLINE_CURVE(2,(#6660,#6661,#6662,#6663,
#6664,#6665,#6666),.UNSPECIFIED.,.T.,.F.) B_SPLINE_CURVE_WITH_KNOTS((1,2
    ,2,2,2,1),(-2.094395102393,0.,2.094395102393,4.188790204786,
6.28318530718,8.377580409573),.UNSPECIFIED.) CURVE() 
GEOMETRIC_REPRESENTATION_ITEM() RATIONAL_B_SPLINE_CURVE((1.,0.5,1.,0.5,
1.,0.5,1.)) REPRESENTATION_ITEM('') );
#6660 = CARTESIAN_POINT('',(31.,9.320011429281E-10));
#6661 = CARTESIAN_POINT('',(31.,-8.660254036912));
#6662 = CARTESIAN_POINT('',(23.5,-4.33012701799));
#6663 = CARTESIAN_POINT('',(16.,9.319999182813E-10));
#6664 = CARTESIAN_POINT('',(23.5,4.330127019854));
#6665 = CARTESIAN_POINT('',(31.,8.660254038776));
#6666 = CARTESIAN_POINT('',(31.,9.320011429281E-10));
#6667 = ( GEOMETRIC_REPRESENTATION_CONTEXT(2) 
PARAMETRIC_REPRESENTATION_CONTEXT() REPRESENTATION_CONTEXT('2D SPACE',''
  ) );
#6668 = PCURVE('',#5278,#6669);
#6669 = DEFINITIONAL_REPRESENTATION('',(#6670),#6674);
#6670 = LINE('',#6671,#6672);
#6671 = CARTESIAN_POINT('',(-4.138911435803E-13,-1.));
#6672 = VECTOR('',#6673,1.);
#6673 = DIRECTION('',(1.,-0.));
#6674 = ( GEOMETRIC_REPRESENTATION_CONTEXT(2) 
PARAMETRIC_REPRESENTATION_CONTEXT() REPRESENTATION_CONTEXT('2D SPACE',''
  ) );
#6675 = ADVANCED_FACE('',(#6676),#3982,.F.);
#6676 = FACE_BOUND('',#6677,.F.);
#6677 = EDGE_LOOP('',(#6678,#6679,#6680));
#6678 = ORIENTED_EDGE('',*,*,#6625,.F.);
#6679 = ORIENTED_EDGE('',*,*,#4075,.T.);
#6680 = ORIENTED_EDGE('',*,*,#3966,.T.);
#6681 = ADVANCED_FACE('',(#6682),#4041,.F.);
#6682 = FACE_BOUND('',#6683,.F.);
#6683 = EDGE_LOOP('',(#6684,#6707,#6708,#6709));
#6684 = ORIENTED_EDGE('',*,*,#6685,.T.);
#6685 = EDGE_CURVE('',#6686,#5113,#6688,.T.);
#6686 = VERTEX_POINT('',#6687);
#6687 = CARTESIAN_POINT('',(-0.3,22.5,0.25));
#6688 = SURFACE_CURVE('',#6689,(#6693,#6700),.PCURVE_S1.);
#6689 = LINE('',#6690,#6691);
#6690 = CARTESIAN_POINT('',(-0.3,22.5,0.));
#6691 = VECTOR('',#6692,1.);
#6692 = DIRECTION('',(0.,0.,1.));
#6693 = PCURVE('',#4041,#6694);
#6694 = DEFINITIONAL_REPRESENTATION('',(#6695),#6699);
#6695 = LINE('',#6696,#6697);
#6696 = CARTESIAN_POINT('',(0.,0.));
#6697 = VECTOR('',#6698,1.);
#6698 = DIRECTION('',(0.,-1.));
#6699 = ( GEOMETRIC_REPRESENTATION_CONTEXT(2) 
PARAMETRIC_REPRESENTATION_CONTEXT() REPRESENTATION_CONTEXT('2D SPACE',''
  ) );
#6700 = PCURVE('',#5128,#6701);
#6701 = DEFINITIONAL_REPRESENTATION('',(#6702),#6706);
#6702 = LINE('',#6703,#6704);
#6703 = CARTESIAN_POINT('',(0.424264068712,0.));
#6704 = VECTOR('',#6705,1.);
#6705 = DIRECTION('',(0.,-1.));
#6706 = ( GEOMETRIC_REPRESENTATION_CONTEXT(2) 
PARAMETRIC_REPRESENTATION_CONTEXT() REPRESENTATION_CONTEXT('2D SPACE',''
  ) );
#6707 = ORIENTED_EDGE('',*,*,#5140,.T.);
#6708 = ORIENTED_EDGE('',*,*,#4023,.F.);
#6709 = ORIENTED_EDGE('',*,*,#6710,.F.);
#6710 = EDGE_CURVE('',#6686,#4024,#6711,.T.);
#6711 = SURFACE_CURVE('',#6712,(#6716,#6723),.PCURVE_S1.);
#6712 = LINE('',#6713,#6714);
#6713 = CARTESIAN_POINT('',(-0.3,22.5,0.25));
#6714 = VECTOR('',#6715,1.);
#6715 = DIRECTION('',(-2.22044604925E-16,-1.,0.));
#6716 = PCURVE('',#4041,#6717);
#6717 = DEFINITIONAL_REPRESENTATION('',(#6718),#6722);
#6718 = LINE('',#6719,#6720);
#6719 = CARTESIAN_POINT('',(0.,-0.25));
#6720 = VECTOR('',#6721,1.);
#6721 = DIRECTION('',(1.,0.));
#6722 = ( GEOMETRIC_REPRESENTATION_CONTEXT(2) 
PARAMETRIC_REPRESENTATION_CONTEXT() REPRESENTATION_CONTEXT('2D SPACE',''
  ) );
#6723 = PCURVE('',#4135,#6724);
#6724 = DEFINITIONAL_REPRESENTATION('',(#6725),#6729);
#6725 = LINE('',#6726,#6727);
#6726 = CARTESIAN_POINT('',(-2.775557561562E-17,-0.176776695297));
#6727 = VECTOR('',#6728,1.);
#6728 = DIRECTION('',(-1.,-3.697785493223E-32));
#6729 = ( GEOMETRIC_REPRESENTATION_CONTEXT(2) 
PARAMETRIC_REPRESENTATION_CONTEXT() REPRESENTATION_CONTEXT('2D SPACE',''
  ) );
#6730 = ADVANCED_FACE('',(#6731),#4135,.T.);
#6731 = FACE_BOUND('',#6732,.F.);
#6732 = EDGE_LOOP('',(#6733,#6754,#6755,#6756));
#6733 = ORIENTED_EDGE('',*,*,#6734,.F.);
#6734 = EDGE_CURVE('',#6686,#6581,#6735,.T.);
#6735 = SURFACE_CURVE('',#6736,(#6740,#6747),.PCURVE_S1.);
#6736 = LINE('',#6737,#6738);
#6737 = CARTESIAN_POINT('',(-0.116666666667,22.683333333333,
    6.666666666667E-02));
#6738 = VECTOR('',#6739,1.);
#6739 = DIRECTION('',(0.57735026919,0.57735026919,-0.57735026919));
#6740 = PCURVE('',#4135,#6741);
#6741 = DEFINITIONAL_REPRESENTATION('',(#6742),#6746);
#6742 = LINE('',#6743,#6744);
#6743 = CARTESIAN_POINT('',(0.183333333333,8.249579113819E-02));
#6744 = VECTOR('',#6745,1.);
#6745 = DIRECTION('',(0.57735026919,0.816496580928));
#6746 = ( GEOMETRIC_REPRESENTATION_CONTEXT(2) 
PARAMETRIC_REPRESENTATION_CONTEXT() REPRESENTATION_CONTEXT('2D SPACE',''
  ) );
#6747 = PCURVE('',#5128,#6748);
#6748 = DEFINITIONAL_REPRESENTATION('',(#6749),#6753);
#6749 = LINE('',#6750,#6751);
#6750 = CARTESIAN_POINT('',(0.164991582277,-6.666666666667E-02));
#6751 = VECTOR('',#6752,1.);
#6752 = DIRECTION('',(-0.816496580928,0.57735026919));
#6753 = ( GEOMETRIC_REPRESENTATION_CONTEXT(2) 
PARAMETRIC_REPRESENTATION_CONTEXT() REPRESENTATION_CONTEXT('2D SPACE',''
  ) );
#6754 = ORIENTED_EDGE('',*,*,#6710,.T.);
#6755 = ORIENTED_EDGE('',*,*,#4121,.T.);
#6756 = ORIENTED_EDGE('',*,*,#6603,.F.);
#6757 = ADVANCED_FACE('',(#6758),#4191,.F.);
#6758 = FACE_BOUND('',#6759,.F.);
#6759 = EDGE_LOOP('',(#6760,#6783,#6784,#6785));
#6760 = ORIENTED_EDGE('',*,*,#6761,.T.);
#6761 = EDGE_CURVE('',#6762,#5294,#6764,.T.);
#6762 = VERTEX_POINT('',#6763);
#6763 = CARTESIAN_POINT('',(18.,3.341387828271E-13,0.4));
#6764 = SURFACE_CURVE('',#6765,(#6769,#6776),.PCURVE_S1.);
#6765 = LINE('',#6766,#6767);
#6766 = CARTESIAN_POINT('',(65.6,6.679101716145E-13,0.4));
#6767 = VECTOR('',#6768,1.);
#6768 = DIRECTION('',(-1.,-0.,-0.));
#6769 = PCURVE('',#4191,#6770);
#6770 = DEFINITIONAL_REPRESENTATION('',(#6771),#6775);
#6771 = LINE('',#6772,#6773);
#6772 = CARTESIAN_POINT('',(63.6,-0.4));
#6773 = VECTOR('',#6774,1.);
#6774 = DIRECTION('',(-1.,0.));
#6775 = ( GEOMETRIC_REPRESENTATION_CONTEXT(2) 
PARAMETRIC_REPRESENTATION_CONTEXT() REPRESENTATION_CONTEXT('2D SPACE',''
  ) );
#6776 = PCURVE('',#5358,#6777);
#6777 = DEFINITIONAL_REPRESENTATION('',(#6778),#6782);
#6778 = LINE('',#6779,#6780);
#6779 = CARTESIAN_POINT('',(0.,-0.282842712475));
#6780 = VECTOR('',#6781,1.);
#6781 = DIRECTION('',(1.,0.));
#6782 = ( GEOMETRIC_REPRESENTATION_CONTEXT(2) 
PARAMETRIC_REPRESENTATION_CONTEXT() REPRESENTATION_CONTEXT('2D SPACE',''
  ) );
#6783 = ORIENTED_EDGE('',*,*,#5317,.T.);
#6784 = ORIENTED_EDGE('',*,*,#4175,.T.);
#6785 = ORIENTED_EDGE('',*,*,#6786,.F.);
#6786 = EDGE_CURVE('',#6762,#4176,#6787,.T.);
#6787 = SURFACE_CURVE('',#6788,(#6792,#6799),.PCURVE_S1.);
#6788 = LINE('',#6789,#6790);
#6789 = CARTESIAN_POINT('',(18.,3.673940397442E-16,0.));
#6790 = VECTOR('',#6791,1.);
#6791 = DIRECTION('',(0.,0.,1.));
#6792 = PCURVE('',#4191,#6793);
#6793 = DEFINITIONAL_REPRESENTATION('',(#6794),#6798);
#6794 = LINE('',#6795,#6796);
#6795 = CARTESIAN_POINT('',(16.,0.));
#6796 = VECTOR('',#6797,1.);
#6797 = DIRECTION('',(0.,-1.));
#6798 = ( GEOMETRIC_REPRESENTATION_CONTEXT(2) 
PARAMETRIC_REPRESENTATION_CONTEXT() REPRESENTATION_CONTEXT('2D SPACE',''
  ) );
#6799 = PCURVE('',#4219,#6800);
#6800 = DEFINITIONAL_REPRESENTATION('',(#6801),#6805);
#6801 = LINE('',#6802,#6803);
#6802 = CARTESIAN_POINT('',(0.,0.));
#6803 = VECTOR('',#6804,1.);
#6804 = DIRECTION('',(0.,-1.));
#6805 = ( GEOMETRIC_REPRESENTATION_CONTEXT(2) 
PARAMETRIC_REPRESENTATION_CONTEXT() REPRESENTATION_CONTEXT('2D SPACE',''
  ) );
#6806 = ADVANCED_FACE('',(#6807),#4219,.F.);
#6807 = FACE_BOUND('',#6808,.F.);
#6808 = EDGE_LOOP('',(#6809,#6832,#6853,#6854,#6875,#6876));
#6809 = ORIENTED_EDGE('',*,*,#6810,.F.);
#6810 = EDGE_CURVE('',#6811,#4204,#6813,.T.);
#6811 = VERTEX_POINT('',#6812);
#6812 = CARTESIAN_POINT('',(18.3,-0.3,0.25));
#6813 = SURFACE_CURVE('',#6814,(#6818,#6825),.PCURVE_S1.);
#6814 = LINE('',#6815,#6816);
#6815 = CARTESIAN_POINT('',(18.3,-0.3,0.));
#6816 = VECTOR('',#6817,1.);
#6817 = DIRECTION('',(0.,0.,1.));
#6818 = PCURVE('',#4219,#6819);
#6819 = DEFINITIONAL_REPRESENTATION('',(#6820),#6824);
#6820 = LINE('',#6821,#6822);
#6821 = CARTESIAN_POINT('',(0.424264068712,0.));
#6822 = VECTOR('',#6823,1.);
#6823 = DIRECTION('',(0.,-1.));
#6824 = ( GEOMETRIC_REPRESENTATION_CONTEXT(2) 
PARAMETRIC_REPRESENTATION_CONTEXT() REPRESENTATION_CONTEXT('2D SPACE',''
  ) );
#6825 = PCURVE('',#4247,#6826);
#6826 = DEFINITIONAL_REPRESENTATION('',(#6827),#6831);
#6827 = LINE('',#6828,#6829);
#6828 = CARTESIAN_POINT('',(0.,0.));
#6829 = VECTOR('',#6830,1.);
#6830 = DIRECTION('',(0.,-1.));
#6831 = ( GEOMETRIC_REPRESENTATION_CONTEXT(2) 
PARAMETRIC_REPRESENTATION_CONTEXT() REPRESENTATION_CONTEXT('2D SPACE',''
  ) );
#6832 = ORIENTED_EDGE('',*,*,#6833,.T.);
#6833 = EDGE_CURVE('',#6811,#5455,#6834,.T.);
#6834 = SURFACE_CURVE('',#6835,(#6839,#6846),.PCURVE_S1.);
#6835 = LINE('',#6836,#6837);
#6836 = CARTESIAN_POINT('',(18.116666666667,-0.116666666667,
    6.666666666667E-02));
#6837 = VECTOR('',#6838,1.);
#6838 = DIRECTION('',(-0.57735026919,0.57735026919,-0.57735026919));
#6839 = PCURVE('',#4219,#6840);
#6840 = DEFINITIONAL_REPRESENTATION('',(#6841),#6845);
#6841 = LINE('',#6842,#6843);
#6842 = CARTESIAN_POINT('',(0.164991582277,-6.666666666667E-02));
#6843 = VECTOR('',#6844,1.);
#6844 = DIRECTION('',(-0.816496580928,0.57735026919));
#6845 = ( GEOMETRIC_REPRESENTATION_CONTEXT(2) 
PARAMETRIC_REPRESENTATION_CONTEXT() REPRESENTATION_CONTEXT('2D SPACE',''
  ) );
#6846 = PCURVE('',#5493,#6847);
#6847 = DEFINITIONAL_REPRESENTATION('',(#6848),#6852);
#6848 = LINE('',#6849,#6850);
#6849 = CARTESIAN_POINT('',(0.183333333333,8.249579113819E-02));
#6850 = VECTOR('',#6851,1.);
#6851 = DIRECTION('',(0.57735026919,0.816496580928));
#6852 = ( GEOMETRIC_REPRESENTATION_CONTEXT(2) 
PARAMETRIC_REPRESENTATION_CONTEXT() REPRESENTATION_CONTEXT('2D SPACE',''
  ) );
#6853 = ORIENTED_EDGE('',*,*,#5454,.F.);
#6854 = ORIENTED_EDGE('',*,*,#6855,.T.);
#6855 = EDGE_CURVE('',#5427,#6762,#6856,.T.);
#6856 = SURFACE_CURVE('',#6857,(#6861,#6868),.PCURVE_S1.);
#6857 = LINE('',#6858,#6859);
#6858 = CARTESIAN_POINT('',(18.,3.673940397442E-16,0.));
#6859 = VECTOR('',#6860,1.);
#6860 = DIRECTION('',(0.,0.,1.));
#6861 = PCURVE('',#4219,#6862);
#6862 = DEFINITIONAL_REPRESENTATION('',(#6863),#6867);
#6863 = LINE('',#6864,#6865);
#6864 = CARTESIAN_POINT('',(0.,0.));
#6865 = VECTOR('',#6866,1.);
#6866 = DIRECTION('',(0.,-1.));
#6867 = ( GEOMETRIC_REPRESENTATION_CONTEXT(2) 
PARAMETRIC_REPRESENTATION_CONTEXT() REPRESENTATION_CONTEXT('2D SPACE',''
  ) );
#6868 = PCURVE('',#5442,#6869);
#6869 = DEFINITIONAL_REPRESENTATION('',(#6870),#6874);
#6870 = LINE('',#6871,#6872);
#6871 = CARTESIAN_POINT('',(0.4,0.));
#6872 = VECTOR('',#6873,1.);
#6873 = DIRECTION('',(0.,-1.));
#6874 = ( GEOMETRIC_REPRESENTATION_CONTEXT(2) 
PARAMETRIC_REPRESENTATION_CONTEXT() REPRESENTATION_CONTEXT('2D SPACE',''
  ) );
#6875 = ORIENTED_EDGE('',*,*,#6786,.T.);
#6876 = ORIENTED_EDGE('',*,*,#4203,.T.);
#6877 = ADVANCED_FACE('',(#6878),#5128,.F.);
#6878 = FACE_BOUND('',#6879,.F.);
#6879 = EDGE_LOOP('',(#6880,#6881,#6882,#6883,#6906,#6927));
#6880 = ORIENTED_EDGE('',*,*,#6685,.F.);
#6881 = ORIENTED_EDGE('',*,*,#6734,.T.);
#6882 = ORIENTED_EDGE('',*,*,#6580,.F.);
#6883 = ORIENTED_EDGE('',*,*,#6884,.T.);
#6884 = EDGE_CURVE('',#6553,#6885,#6887,.T.);
#6885 = VERTEX_POINT('',#6886);
#6886 = CARTESIAN_POINT('',(3.330669073875E-16,22.8,0.4));
#6887 = SURFACE_CURVE('',#6888,(#6892,#6899),.PCURVE_S1.);
#6888 = LINE('',#6889,#6890);
#6889 = CARTESIAN_POINT('',(6.661338147751E-16,22.8,0.));
#6890 = VECTOR('',#6891,1.);
#6891 = DIRECTION('',(0.,0.,1.));
#6892 = PCURVE('',#5128,#6893);
#6893 = DEFINITIONAL_REPRESENTATION('',(#6894),#6898);
#6894 = LINE('',#6895,#6896);
#6895 = CARTESIAN_POINT('',(0.,0.));
#6896 = VECTOR('',#6897,1.);
#6897 = DIRECTION('',(0.,-1.));
#6898 = ( GEOMETRIC_REPRESENTATION_CONTEXT(2) 
PARAMETRIC_REPRESENTATION_CONTEXT() REPRESENTATION_CONTEXT('2D SPACE',''
  ) );
#6899 = PCURVE('',#6568,#6900);
#6900 = DEFINITIONAL_REPRESENTATION('',(#6901),#6905);
#6901 = LINE('',#6902,#6903);
#6902 = CARTESIAN_POINT('',(0.4,0.));
#6903 = VECTOR('',#6904,1.);
#6904 = DIRECTION('',(0.,-1.));
#6905 = ( GEOMETRIC_REPRESENTATION_CONTEXT(2) 
PARAMETRIC_REPRESENTATION_CONTEXT() REPRESENTATION_CONTEXT('2D SPACE',''
  ) );
#6906 = ORIENTED_EDGE('',*,*,#6907,.T.);
#6907 = EDGE_CURVE('',#6885,#5085,#6908,.T.);
#6908 = SURFACE_CURVE('',#6909,(#6913,#6920),.PCURVE_S1.);
#6909 = LINE('',#6910,#6911);
#6910 = CARTESIAN_POINT('',(6.661338147751E-16,22.8,0.));
#6911 = VECTOR('',#6912,1.);
#6912 = DIRECTION('',(0.,0.,1.));
#6913 = PCURVE('',#5128,#6914);
#6914 = DEFINITIONAL_REPRESENTATION('',(#6915),#6919);
#6915 = LINE('',#6916,#6917);
#6916 = CARTESIAN_POINT('',(0.,0.));
#6917 = VECTOR('',#6918,1.);
#6918 = DIRECTION('',(0.,-1.));
#6919 = ( GEOMETRIC_REPRESENTATION_CONTEXT(2) 
PARAMETRIC_REPRESENTATION_CONTEXT() REPRESENTATION_CONTEXT('2D SPACE',''
  ) );
#6920 = PCURVE('',#5100,#6921);
#6921 = DEFINITIONAL_REPRESENTATION('',(#6922),#6926);
#6922 = LINE('',#6923,#6924);
#6923 = CARTESIAN_POINT('',(20.800000000001,0.));
#6924 = VECTOR('',#6925,1.);
#6925 = DIRECTION('',(0.,-1.));
#6926 = ( GEOMETRIC_REPRESENTATION_CONTEXT(2) 
PARAMETRIC_REPRESENTATION_CONTEXT() REPRESENTATION_CONTEXT('2D SPACE',''
  ) );
#6927 = ORIENTED_EDGE('',*,*,#5112,.T.);
#6928 = ADVANCED_FACE('',(#6929),#4247,.F.);
#6929 = FACE_BOUND('',#6930,.F.);
#6930 = EDGE_LOOP('',(#6931,#6932,#6933,#6956));
#6931 = ORIENTED_EDGE('',*,*,#6810,.T.);
#6932 = ORIENTED_EDGE('',*,*,#4231,.T.);
#6933 = ORIENTED_EDGE('',*,*,#6934,.F.);
#6934 = EDGE_CURVE('',#6935,#4232,#6937,.T.);
#6935 = VERTEX_POINT('',#6936);
#6936 = CARTESIAN_POINT('',(23.7,-0.3,0.25));
#6937 = SURFACE_CURVE('',#6938,(#6942,#6949),.PCURVE_S1.);
#6938 = LINE('',#6939,#6940);
#6939 = CARTESIAN_POINT('',(23.7,-0.3,0.));
#6940 = VECTOR('',#6941,1.);
#6941 = DIRECTION('',(0.,0.,1.));
#6942 = PCURVE('',#4247,#6943);
#6943 = DEFINITIONAL_REPRESENTATION('',(#6944),#6948);
#6944 = LINE('',#6945,#6946);
#6945 = CARTESIAN_POINT('',(5.4,0.));
#6946 = VECTOR('',#6947,1.);
#6947 = DIRECTION('',(0.,-1.));
#6948 = ( GEOMETRIC_REPRESENTATION_CONTEXT(2) 
PARAMETRIC_REPRESENTATION_CONTEXT() REPRESENTATION_CONTEXT('2D SPACE',''
  ) );
#6949 = PCURVE('',#4275,#6950);
#6950 = DEFINITIONAL_REPRESENTATION('',(#6951),#6955);
#6951 = LINE('',#6952,#6953);
#6952 = CARTESIAN_POINT('',(0.,0.));
#6953 = VECTOR('',#6954,1.);
#6954 = DIRECTION('',(0.,-1.));
#6955 = ( GEOMETRIC_REPRESENTATION_CONTEXT(2) 
PARAMETRIC_REPRESENTATION_CONTEXT() REPRESENTATION_CONTEXT('2D SPACE',''
  ) );
#6956 = ORIENTED_EDGE('',*,*,#6957,.F.);
#6957 = EDGE_CURVE('',#6811,#6935,#6958,.T.);
#6958 = SURFACE_CURVE('',#6959,(#6963,#6970),.PCURVE_S1.);
#6959 = LINE('',#6960,#6961);
#6960 = CARTESIAN_POINT('',(18.3,-0.3,0.25));
#6961 = VECTOR('',#6962,1.);
#6962 = DIRECTION('',(1.,-1.224646799147E-16,0.));
#6963 = PCURVE('',#4247,#6964);
#6964 = DEFINITIONAL_REPRESENTATION('',(#6965),#6969);
#6965 = LINE('',#6966,#6967);
#6966 = CARTESIAN_POINT('',(0.,-0.25));
#6967 = VECTOR('',#6968,1.);
#6968 = DIRECTION('',(1.,0.));
#6969 = ( GEOMETRIC_REPRESENTATION_CONTEXT(2) 
PARAMETRIC_REPRESENTATION_CONTEXT() REPRESENTATION_CONTEXT('2D SPACE',''
  ) );
#6970 = PCURVE('',#5493,#6971);
#6971 = DEFINITIONAL_REPRESENTATION('',(#6972),#6976);
#6972 = LINE('',#6973,#6974);
#6973 = CARTESIAN_POINT('',(-1.530808498934E-17,-0.176776695297));
#6974 = VECTOR('',#6975,1.);
#6975 = DIRECTION('',(-1.,6.162975822039E-33));
#6976 = ( GEOMETRIC_REPRESENTATION_CONTEXT(2) 
PARAMETRIC_REPRESENTATION_CONTEXT() REPRESENTATION_CONTEXT('2D SPACE',''
  ) );
#6977 = ADVANCED_FACE('',(#6978),#5100,.T.);
#6978 = FACE_BOUND('',#6979,.T.);
#6979 = EDGE_LOOP('',(#6980,#7003,#7004,#7005));
#6980 = ORIENTED_EDGE('',*,*,#6981,.F.);
#6981 = EDGE_CURVE('',#6885,#6982,#6984,.T.);
#6982 = VERTEX_POINT('',#6983);
#6983 = CARTESIAN_POINT('',(-2.775557561563E-17,37.599999995297,0.4));
#6984 = SURFACE_CURVE('',#6985,(#6989,#6996),.PCURVE_S1.);
#6985 = LINE('',#6986,#6987);
#6986 = CARTESIAN_POINT('',(0.,1.999999999999,0.4));
#6987 = VECTOR('',#6988,1.);
#6988 = DIRECTION('',(0.,1.,0.));
#6989 = PCURVE('',#5100,#6990);
#6990 = DEFINITIONAL_REPRESENTATION('',(#6991),#6995);
#6991 = LINE('',#6992,#6993);
#6992 = CARTESIAN_POINT('',(0.,-0.4));
#6993 = VECTOR('',#6994,1.);
#6994 = DIRECTION('',(1.,0.));
#6995 = ( GEOMETRIC_REPRESENTATION_CONTEXT(2) 
PARAMETRIC_REPRESENTATION_CONTEXT() REPRESENTATION_CONTEXT('2D SPACE',''
  ) );
#6996 = PCURVE('',#6540,#6997);
#6997 = DEFINITIONAL_REPRESENTATION('',(#6998),#7002);
#6998 = LINE('',#6999,#7000);
#6999 = CARTESIAN_POINT('',(0.,-0.282842712475));
#7000 = VECTOR('',#7001,1.);
#7001 = DIRECTION('',(-1.,0.));
#7002 = ( GEOMETRIC_REPRESENTATION_CONTEXT(2) 
PARAMETRIC_REPRESENTATION_CONTEXT() REPRESENTATION_CONTEXT('2D SPACE',''
  ) );
#7003 = ORIENTED_EDGE('',*,*,#6907,.T.);
#7004 = ORIENTED_EDGE('',*,*,#5084,.T.);
#7005 = ORIENTED_EDGE('',*,*,#7006,.F.);
#7006 = EDGE_CURVE('',#6982,#5056,#7007,.T.);
#7007 = SURFACE_CURVE('',#7008,(#7012,#7019),.PCURVE_S1.);
#7008 = LINE('',#7009,#7010);
#7009 = CARTESIAN_POINT('',(0.,37.599999995297,0.));
#7010 = VECTOR('',#7011,1.);
#7011 = DIRECTION('',(0.,0.,1.));
#7012 = PCURVE('',#5100,#7013);
#7013 = DEFINITIONAL_REPRESENTATION('',(#7014),#7018);
#7014 = LINE('',#7015,#7016);
#7015 = CARTESIAN_POINT('',(35.599999995298,0.));
#7016 = VECTOR('',#7017,1.);
#7017 = DIRECTION('',(0.,-1.));
#7018 = ( GEOMETRIC_REPRESENTATION_CONTEXT(2) 
PARAMETRIC_REPRESENTATION_CONTEXT() REPRESENTATION_CONTEXT('2D SPACE',''
  ) );
#7019 = PCURVE('',#5072,#7020);
#7020 = DEFINITIONAL_REPRESENTATION('',(#7021),#7025);
#7021 = LINE('',#7022,#7023);
#7022 = CARTESIAN_POINT('',(3.14159265359,0.));
#7023 = VECTOR('',#7024,1.);
#7024 = DIRECTION('',(-0.,-1.));
#7025 = ( GEOMETRIC_REPRESENTATION_CONTEXT(2) 
PARAMETRIC_REPRESENTATION_CONTEXT() REPRESENTATION_CONTEXT('2D SPACE',''
  ) );
#7026 = ADVANCED_FACE('',(#7027),#4275,.F.);
#7027 = FACE_BOUND('',#7028,.F.);
#7028 = EDGE_LOOP('',(#7029,#7030,#7031,#7054,#7075,#7076));
#7029 = ORIENTED_EDGE('',*,*,#6934,.T.);
#7030 = ORIENTED_EDGE('',*,*,#4259,.T.);
#7031 = ORIENTED_EDGE('',*,*,#7032,.F.);
#7032 = EDGE_CURVE('',#7033,#4260,#7035,.T.);
#7033 = VERTEX_POINT('',#7034);
#7034 = CARTESIAN_POINT('',(24.,3.337713887874E-13,0.4));
#7035 = SURFACE_CURVE('',#7036,(#7040,#7047),.PCURVE_S1.);
#7036 = LINE('',#7037,#7038);
#7037 = CARTESIAN_POINT('',(24.,-3.673940397442E-16,0.));
#7038 = VECTOR('',#7039,1.);
#7039 = DIRECTION('',(0.,0.,1.));
#7040 = PCURVE('',#4275,#7041);
#7041 = DEFINITIONAL_REPRESENTATION('',(#7042),#7046);
#7042 = LINE('',#7043,#7044);
#7043 = CARTESIAN_POINT('',(0.424264068712,0.));
#7044 = VECTOR('',#7045,1.);
#7045 = DIRECTION('',(0.,-1.));
#7046 = ( GEOMETRIC_REPRESENTATION_CONTEXT(2) 
PARAMETRIC_REPRESENTATION_CONTEXT() REPRESENTATION_CONTEXT('2D SPACE',''
  ) );
#7047 = PCURVE('',#4303,#7048);
#7048 = DEFINITIONAL_REPRESENTATION('',(#7049),#7053);
#7049 = LINE('',#7050,#7051);
#7050 = CARTESIAN_POINT('',(22.,0.));
#7051 = VECTOR('',#7052,1.);
#7052 = DIRECTION('',(0.,-1.));
#7053 = ( GEOMETRIC_REPRESENTATION_CONTEXT(2) 
PARAMETRIC_REPRESENTATION_CONTEXT() REPRESENTATION_CONTEXT('2D SPACE',''
  ) );
#7054 = ORIENTED_EDGE('',*,*,#7055,.F.);
#7055 = EDGE_CURVE('',#5506,#7033,#7056,.T.);
#7056 = SURFACE_CURVE('',#7057,(#7061,#7068),.PCURVE_S1.);
#7057 = LINE('',#7058,#7059);
#7058 = CARTESIAN_POINT('',(24.,-3.673940397442E-16,0.));
#7059 = VECTOR('',#7060,1.);
#7060 = DIRECTION('',(0.,0.,1.));
#7061 = PCURVE('',#4275,#7062);
#7062 = DEFINITIONAL_REPRESENTATION('',(#7063),#7067);
#7063 = LINE('',#7064,#7065);
#7064 = CARTESIAN_POINT('',(0.424264068712,0.));
#7065 = VECTOR('',#7066,1.);
#7066 = DIRECTION('',(0.,-1.));
#7067 = ( GEOMETRIC_REPRESENTATION_CONTEXT(2) 
PARAMETRIC_REPRESENTATION_CONTEXT() REPRESENTATION_CONTEXT('2D SPACE',''
  ) );
#7068 = PCURVE('',#5544,#7069);
#7069 = DEFINITIONAL_REPRESENTATION('',(#7070),#7074);
#7070 = LINE('',#7071,#7072);
#7071 = CARTESIAN_POINT('',(0.,0.));
#7072 = VECTOR('',#7073,1.);
#7073 = DIRECTION('',(0.,-1.));
#7074 = ( GEOMETRIC_REPRESENTATION_CONTEXT(2) 
PARAMETRIC_REPRESENTATION_CONTEXT() REPRESENTATION_CONTEXT('2D SPACE',''
  ) );
#7075 = ORIENTED_EDGE('',*,*,#5505,.F.);
#7076 = ORIENTED_EDGE('',*,*,#7077,.F.);
#7077 = EDGE_CURVE('',#6935,#5478,#7078,.T.);
#7078 = SURFACE_CURVE('',#7079,(#7083,#7090),.PCURVE_S1.);
#7079 = LINE('',#7080,#7081);
#7080 = CARTESIAN_POINT('',(22.883333333333,-1.116666666667,
    1.066666666667));
#7081 = VECTOR('',#7082,1.);
#7082 = DIRECTION('',(0.57735026919,0.57735026919,-0.57735026919));
#7083 = PCURVE('',#4275,#7084);
#7084 = DEFINITIONAL_REPRESENTATION('',(#7085),#7089);
#7085 = LINE('',#7086,#7087);
#7086 = CARTESIAN_POINT('',(-1.154941075938,-1.066666666667));
#7087 = VECTOR('',#7088,1.);
#7088 = DIRECTION('',(0.816496580928,0.57735026919));
#7089 = ( GEOMETRIC_REPRESENTATION_CONTEXT(2) 
PARAMETRIC_REPRESENTATION_CONTEXT() REPRESENTATION_CONTEXT('2D SPACE',''
  ) );
#7090 = PCURVE('',#5493,#7091);
#7091 = DEFINITIONAL_REPRESENTATION('',(#7092),#7096);
#7092 = LINE('',#7093,#7094);
#7093 = CARTESIAN_POINT('',(-4.583333333333,-1.331717771235));
#7094 = VECTOR('',#7095,1.);
#7095 = DIRECTION('',(-0.57735026919,0.816496580928));
#7096 = ( GEOMETRIC_REPRESENTATION_CONTEXT(2) 
PARAMETRIC_REPRESENTATION_CONTEXT() REPRESENTATION_CONTEXT('2D SPACE',''
  ) );
#7097 = ADVANCED_FACE('',(#7098),#5072,.T.);
#7098 = FACE_BOUND('',#7099,.T.);
#7099 = EDGE_LOOP('',(#7100,#7124,#7125,#7126));
#7100 = ORIENTED_EDGE('',*,*,#7101,.F.);
#7101 = EDGE_CURVE('',#6982,#7102,#7104,.T.);
#7102 = VERTEX_POINT('',#7103);
#7103 = CARTESIAN_POINT('',(2.,39.599999995297,0.4));
#7104 = SURFACE_CURVE('',#7105,(#7110,#7117),.PCURVE_S1.);
#7105 = CIRCLE('',#7106,2.);
#7106 = AXIS2_PLACEMENT_3D('',#7107,#7108,#7109);
#7107 = CARTESIAN_POINT('',(2.,37.599999995297,0.4));
#7108 = DIRECTION('',(0.,0.,-1.));
#7109 = DIRECTION('',(-1.,0.,0.));
#7110 = PCURVE('',#5072,#7111);
#7111 = DEFINITIONAL_REPRESENTATION('',(#7112),#7116);
#7112 = LINE('',#7113,#7114);
#7113 = CARTESIAN_POINT('',(3.14159265359,-0.4));
#7114 = VECTOR('',#7115,1.);
#7115 = DIRECTION('',(1.,-0.));
#7116 = ( GEOMETRIC_REPRESENTATION_CONTEXT(2) 
PARAMETRIC_REPRESENTATION_CONTEXT() REPRESENTATION_CONTEXT('2D SPACE',''
  ) );
#7117 = PCURVE('',#6512,#7118);
#7118 = DEFINITIONAL_REPRESENTATION('',(#7119),#7123);
#7119 = LINE('',#7120,#7121);
#7120 = CARTESIAN_POINT('',(6.28318530718,0.));
#7121 = VECTOR('',#7122,1.);
#7122 = DIRECTION('',(-1.,-0.));
#7123 = ( GEOMETRIC_REPRESENTATION_CONTEXT(2) 
PARAMETRIC_REPRESENTATION_CONTEXT() REPRESENTATION_CONTEXT('2D SPACE',''
  ) );
#7124 = ORIENTED_EDGE('',*,*,#7006,.T.);
#7125 = ORIENTED_EDGE('',*,*,#5055,.F.);
#7126 = ORIENTED_EDGE('',*,*,#7127,.F.);
#7127 = EDGE_CURVE('',#7102,#5028,#7128,.T.);
#7128 = SURFACE_CURVE('',#7129,(#7133,#7140),.PCURVE_S1.);
#7129 = LINE('',#7130,#7131);
#7130 = CARTESIAN_POINT('',(2.,39.599999997649,0.));
#7131 = VECTOR('',#7132,1.);
#7132 = DIRECTION('',(0.,0.,1.));
#7133 = PCURVE('',#5072,#7134);
#7134 = DEFINITIONAL_REPRESENTATION('',(#7135),#7139);
#7135 = LINE('',#7136,#7137);
#7136 = CARTESIAN_POINT('',(4.712388980385,0.));
#7137 = VECTOR('',#7138,1.);
#7138 = DIRECTION('',(-0.,-1.));
#7139 = ( GEOMETRIC_REPRESENTATION_CONTEXT(2) 
PARAMETRIC_REPRESENTATION_CONTEXT() REPRESENTATION_CONTEXT('2D SPACE',''
  ) );
#7140 = PCURVE('',#5043,#7141);
#7141 = DEFINITIONAL_REPRESENTATION('',(#7142),#7146);
#7142 = LINE('',#7143,#7144);
#7143 = CARTESIAN_POINT('',(0.,0.));
#7144 = VECTOR('',#7145,1.);
#7145 = DIRECTION('',(0.,-1.));
#7146 = ( GEOMETRIC_REPRESENTATION_CONTEXT(2) 
PARAMETRIC_REPRESENTATION_CONTEXT() REPRESENTATION_CONTEXT('2D SPACE',''
  ) );
#7147 = ADVANCED_FACE('',(#7148),#4303,.F.);
#7148 = FACE_BOUND('',#7149,.F.);
#7149 = EDGE_LOOP('',(#7150,#7173,#7194,#7195));
#7150 = ORIENTED_EDGE('',*,*,#7151,.F.);
#7151 = EDGE_CURVE('',#7152,#4288,#7154,.T.);
#7152 = VERTEX_POINT('',#7153);
#7153 = CARTESIAN_POINT('',(47.,3.341387828271E-13,0.4));
#7154 = SURFACE_CURVE('',#7155,(#7159,#7166),.PCURVE_S1.);
#7155 = LINE('',#7156,#7157);
#7156 = CARTESIAN_POINT('',(47.,3.673940397442E-16,0.));
#7157 = VECTOR('',#7158,1.);
#7158 = DIRECTION('',(0.,0.,1.));
#7159 = PCURVE('',#4303,#7160);
#7160 = DEFINITIONAL_REPRESENTATION('',(#7161),#7165);
#7161 = LINE('',#7162,#7163);
#7162 = CARTESIAN_POINT('',(45.,0.));
#7163 = VECTOR('',#7164,1.);
#7164 = DIRECTION('',(0.,-1.));
#7165 = ( GEOMETRIC_REPRESENTATION_CONTEXT(2) 
PARAMETRIC_REPRESENTATION_CONTEXT() REPRESENTATION_CONTEXT('2D SPACE',''
  ) );
#7166 = PCURVE('',#4331,#7167);
#7167 = DEFINITIONAL_REPRESENTATION('',(#7168),#7172);
#7168 = LINE('',#7169,#7170);
#7169 = CARTESIAN_POINT('',(0.,0.));
#7170 = VECTOR('',#7171,1.);
#7171 = DIRECTION('',(0.,-1.));
#7172 = ( GEOMETRIC_REPRESENTATION_CONTEXT(2) 
PARAMETRIC_REPRESENTATION_CONTEXT() REPRESENTATION_CONTEXT('2D SPACE',''
  ) );
#7173 = ORIENTED_EDGE('',*,*,#7174,.T.);
#7174 = EDGE_CURVE('',#7152,#7033,#7175,.T.);
#7175 = SURFACE_CURVE('',#7176,(#7180,#7187),.PCURVE_S1.);
#7176 = LINE('',#7177,#7178);
#7177 = CARTESIAN_POINT('',(65.6,6.679101716145E-13,0.4));
#7178 = VECTOR('',#7179,1.);
#7179 = DIRECTION('',(-1.,-0.,-0.));
#7180 = PCURVE('',#4303,#7181);
#7181 = DEFINITIONAL_REPRESENTATION('',(#7182),#7186);
#7182 = LINE('',#7183,#7184);
#7183 = CARTESIAN_POINT('',(63.6,-0.4));
#7184 = VECTOR('',#7185,1.);
#7185 = DIRECTION('',(-1.,0.));
#7186 = ( GEOMETRIC_REPRESENTATION_CONTEXT(2) 
PARAMETRIC_REPRESENTATION_CONTEXT() REPRESENTATION_CONTEXT('2D SPACE',''
  ) );
#7187 = PCURVE('',#5572,#7188);
#7188 = DEFINITIONAL_REPRESENTATION('',(#7189),#7193);
#7189 = LINE('',#7190,#7191);
#7190 = CARTESIAN_POINT('',(0.,-0.282842712475));
#7191 = VECTOR('',#7192,1.);
#7192 = DIRECTION('',(1.,0.));
#7193 = ( GEOMETRIC_REPRESENTATION_CONTEXT(2) 
PARAMETRIC_REPRESENTATION_CONTEXT() REPRESENTATION_CONTEXT('2D SPACE',''
  ) );
#7194 = ORIENTED_EDGE('',*,*,#7032,.T.);
#7195 = ORIENTED_EDGE('',*,*,#4287,.T.);
#7196 = ADVANCED_FACE('',(#7197),#5043,.T.);
#7197 = FACE_BOUND('',#7198,.T.);
#7198 = EDGE_LOOP('',(#7199,#7222,#7223,#7224));
#7199 = ORIENTED_EDGE('',*,*,#7200,.F.);
#7200 = EDGE_CURVE('',#7102,#7201,#7203,.T.);
#7201 = VERTEX_POINT('',#7202);
#7202 = CARTESIAN_POINT('',(8.6,39.600000000001,0.4));
#7203 = SURFACE_CURVE('',#7204,(#7208,#7215),.PCURVE_S1.);
#7204 = LINE('',#7205,#7206);
#7205 = CARTESIAN_POINT('',(2.,39.600000000001,0.4));
#7206 = VECTOR('',#7207,1.);
#7207 = DIRECTION('',(1.,0.,0.));
#7208 = PCURVE('',#5043,#7209);
#7209 = DEFINITIONAL_REPRESENTATION('',(#7210),#7214);
#7210 = LINE('',#7211,#7212);
#7211 = CARTESIAN_POINT('',(0.,-0.4));
#7212 = VECTOR('',#7213,1.);
#7213 = DIRECTION('',(1.,0.));
#7214 = ( GEOMETRIC_REPRESENTATION_CONTEXT(2) 
PARAMETRIC_REPRESENTATION_CONTEXT() REPRESENTATION_CONTEXT('2D SPACE',''
  ) );
#7215 = PCURVE('',#6479,#7216);
#7216 = DEFINITIONAL_REPRESENTATION('',(#7217),#7221);
#7217 = LINE('',#7218,#7219);
#7218 = CARTESIAN_POINT('',(7.125940794233E-33,-0.282842712475));
#7219 = VECTOR('',#7220,1.);
#7220 = DIRECTION('',(-1.,0.));
#7221 = ( GEOMETRIC_REPRESENTATION_CONTEXT(2) 
PARAMETRIC_REPRESENTATION_CONTEXT() REPRESENTATION_CONTEXT('2D SPACE',''
  ) );
#7222 = ORIENTED_EDGE('',*,*,#7127,.T.);
#7223 = ORIENTED_EDGE('',*,*,#5027,.T.);
#7224 = ORIENTED_EDGE('',*,*,#7225,.F.);
#7225 = EDGE_CURVE('',#7201,#5000,#7226,.T.);
#7226 = SURFACE_CURVE('',#7227,(#7231,#7238),.PCURVE_S1.);
#7227 = LINE('',#7228,#7229);
#7228 = CARTESIAN_POINT('',(8.6,39.600000000001,-0.5));
#7229 = VECTOR('',#7230,1.);
#7230 = DIRECTION('',(0.,-0.,1.));
#7231 = PCURVE('',#5043,#7232);
#7232 = DEFINITIONAL_REPRESENTATION('',(#7233),#7237);
#7233 = LINE('',#7234,#7235);
#7234 = CARTESIAN_POINT('',(6.6,0.5));
#7235 = VECTOR('',#7236,1.);
#7236 = DIRECTION('',(0.,-1.));
#7237 = ( GEOMETRIC_REPRESENTATION_CONTEXT(2) 
PARAMETRIC_REPRESENTATION_CONTEXT() REPRESENTATION_CONTEXT('2D SPACE',''
  ) );
#7238 = PCURVE('',#5015,#7239);
#7239 = DEFINITIONAL_REPRESENTATION('',(#7240),#7244);
#7240 = LINE('',#7241,#7242);
#7241 = CARTESIAN_POINT('',(4.000000000001,-0.5));
#7242 = VECTOR('',#7243,1.);
#7243 = DIRECTION('',(0.,-1.));
#7244 = ( GEOMETRIC_REPRESENTATION_CONTEXT(2) 
PARAMETRIC_REPRESENTATION_CONTEXT() REPRESENTATION_CONTEXT('2D SPACE',''
  ) );
#7245 = ADVANCED_FACE('',(#7246),#4331,.F.);
#7246 = FACE_BOUND('',#7247,.F.);
#7247 = EDGE_LOOP('',(#7248,#7271,#7292,#7293,#7314,#7315));
#7248 = ORIENTED_EDGE('',*,*,#7249,.F.);
#7249 = EDGE_CURVE('',#7250,#4316,#7252,.T.);
#7250 = VERTEX_POINT('',#7251);
#7251 = CARTESIAN_POINT('',(47.3,-0.3,0.25));
#7252 = SURFACE_CURVE('',#7253,(#7257,#7264),.PCURVE_S1.);
#7253 = LINE('',#7254,#7255);
#7254 = CARTESIAN_POINT('',(47.3,-0.3,0.));
#7255 = VECTOR('',#7256,1.);
#7256 = DIRECTION('',(0.,0.,1.));
#7257 = PCURVE('',#4331,#7258);
#7258 = DEFINITIONAL_REPRESENTATION('',(#7259),#7263);
#7259 = LINE('',#7260,#7261);
#7260 = CARTESIAN_POINT('',(0.424264068712,0.));
#7261 = VECTOR('',#7262,1.);
#7262 = DIRECTION('',(0.,-1.));
#7263 = ( GEOMETRIC_REPRESENTATION_CONTEXT(2) 
PARAMETRIC_REPRESENTATION_CONTEXT() REPRESENTATION_CONTEXT('2D SPACE',''
  ) );
#7264 = PCURVE('',#4359,#7265);
#7265 = DEFINITIONAL_REPRESENTATION('',(#7266),#7270);
#7266 = LINE('',#7267,#7268);
#7267 = CARTESIAN_POINT('',(0.,0.));
#7268 = VECTOR('',#7269,1.);
#7269 = DIRECTION('',(0.,-1.));
#7270 = ( GEOMETRIC_REPRESENTATION_CONTEXT(2) 
PARAMETRIC_REPRESENTATION_CONTEXT() REPRESENTATION_CONTEXT('2D SPACE',''
  ) );
#7271 = ORIENTED_EDGE('',*,*,#7272,.T.);
#7272 = EDGE_CURVE('',#7250,#5613,#7273,.T.);
#7273 = SURFACE_CURVE('',#7274,(#7278,#7285),.PCURVE_S1.);
#7274 = LINE('',#7275,#7276);
#7275 = CARTESIAN_POINT('',(47.116666666667,-0.116666666667,
    6.666666666667E-02));
#7276 = VECTOR('',#7277,1.);
#7277 = DIRECTION('',(-0.57735026919,0.57735026919,-0.57735026919));
#7278 = PCURVE('',#4331,#7279);
#7279 = DEFINITIONAL_REPRESENTATION('',(#7280),#7284);
#7280 = LINE('',#7281,#7282);
#7281 = CARTESIAN_POINT('',(0.164991582277,-6.666666666667E-02));
#7282 = VECTOR('',#7283,1.);
#7283 = DIRECTION('',(-0.816496580928,0.57735026919));
#7284 = ( GEOMETRIC_REPRESENTATION_CONTEXT(2) 
PARAMETRIC_REPRESENTATION_CONTEXT() REPRESENTATION_CONTEXT('2D SPACE',''
  ) );
#7285 = PCURVE('',#5651,#7286);
#7286 = DEFINITIONAL_REPRESENTATION('',(#7287),#7291);
#7287 = LINE('',#7288,#7289);
#7288 = CARTESIAN_POINT('',(0.183333333333,8.249579113819E-02));
#7289 = VECTOR('',#7290,1.);
#7290 = DIRECTION('',(0.57735026919,0.816496580928));
#7291 = ( GEOMETRIC_REPRESENTATION_CONTEXT(2) 
PARAMETRIC_REPRESENTATION_CONTEXT() REPRESENTATION_CONTEXT('2D SPACE',''
  ) );
#7292 = ORIENTED_EDGE('',*,*,#5612,.F.);
#7293 = ORIENTED_EDGE('',*,*,#7294,.T.);
#7294 = EDGE_CURVE('',#5585,#7152,#7295,.T.);
#7295 = SURFACE_CURVE('',#7296,(#7300,#7307),.PCURVE_S1.);
#7296 = LINE('',#7297,#7298);
#7297 = CARTESIAN_POINT('',(47.,3.673940397442E-16,0.));
#7298 = VECTOR('',#7299,1.);
#7299 = DIRECTION('',(0.,0.,1.));
#7300 = PCURVE('',#4331,#7301);
#7301 = DEFINITIONAL_REPRESENTATION('',(#7302),#7306);
#7302 = LINE('',#7303,#7304);
#7303 = CARTESIAN_POINT('',(0.,0.));
#7304 = VECTOR('',#7305,1.);
#7305 = DIRECTION('',(0.,-1.));
#7306 = ( GEOMETRIC_REPRESENTATION_CONTEXT(2) 
PARAMETRIC_REPRESENTATION_CONTEXT() REPRESENTATION_CONTEXT('2D SPACE',''
  ) );
#7307 = PCURVE('',#5600,#7308);
#7308 = DEFINITIONAL_REPRESENTATION('',(#7309),#7313);
#7309 = LINE('',#7310,#7311);
#7310 = CARTESIAN_POINT('',(0.4,0.));
#7311 = VECTOR('',#7312,1.);
#7312 = DIRECTION('',(0.,-1.));
#7313 = ( GEOMETRIC_REPRESENTATION_CONTEXT(2) 
PARAMETRIC_REPRESENTATION_CONTEXT() REPRESENTATION_CONTEXT('2D SPACE',''
  ) );
#7314 = ORIENTED_EDGE('',*,*,#7151,.T.);
#7315 = ORIENTED_EDGE('',*,*,#4315,.T.);
#7316 = ADVANCED_FACE('',(#7317),#5015,.F.);
#7317 = FACE_BOUND('',#7318,.F.);
#7318 = EDGE_LOOP('',(#7319,#7320,#7341,#7342,#7343));
#7319 = ORIENTED_EDGE('',*,*,#6440,.T.);
#7320 = ORIENTED_EDGE('',*,*,#7321,.T.);
#7321 = EDGE_CURVE('',#6413,#4967,#7322,.T.);
#7322 = SURFACE_CURVE('',#7323,(#7327,#7334),.PCURVE_S1.);
#7323 = LINE('',#7324,#7325);
#7324 = CARTESIAN_POINT('',(8.6,35.6,-1.));
#7325 = VECTOR('',#7326,1.);
#7326 = DIRECTION('',(0.,0.,1.));
#7327 = PCURVE('',#5015,#7328);
#7328 = DEFINITIONAL_REPRESENTATION('',(#7329),#7333);
#7329 = LINE('',#7330,#7331);
#7330 = CARTESIAN_POINT('',(0.,0.));
#7331 = VECTOR('',#7332,1.);
#7332 = DIRECTION('',(0.,-1.));
#7333 = ( GEOMETRIC_REPRESENTATION_CONTEXT(2) 
PARAMETRIC_REPRESENTATION_CONTEXT() REPRESENTATION_CONTEXT('2D SPACE',''
  ) );
#7334 = PCURVE('',#4987,#7335);
#7335 = DEFINITIONAL_REPRESENTATION('',(#7336),#7340);
#7336 = LINE('',#7337,#7338);
#7337 = CARTESIAN_POINT('',(6.28318530718,0.));
#7338 = VECTOR('',#7339,1.);
#7339 = DIRECTION('',(0.,-1.));
#7340 = ( GEOMETRIC_REPRESENTATION_CONTEXT(2) 
PARAMETRIC_REPRESENTATION_CONTEXT() REPRESENTATION_CONTEXT('2D SPACE',''
  ) );
#7341 = ORIENTED_EDGE('',*,*,#4999,.F.);
#7342 = ORIENTED_EDGE('',*,*,#7225,.F.);
#7343 = ORIENTED_EDGE('',*,*,#7344,.F.);
#7344 = EDGE_CURVE('',#6441,#7201,#7345,.T.);
#7345 = SURFACE_CURVE('',#7346,(#7350,#7357),.PCURVE_S1.);
#7346 = LINE('',#7347,#7348);
#7347 = CARTESIAN_POINT('',(8.6,38.150000000001,-1.05));
#7348 = VECTOR('',#7349,1.);
#7349 = DIRECTION('',(0.,0.707106781187,0.707106781187));
#7350 = PCURVE('',#5015,#7351);
#7351 = DEFINITIONAL_REPRESENTATION('',(#7352),#7356);
#7352 = LINE('',#7353,#7354);
#7353 = CARTESIAN_POINT('',(2.550000000001,5.E-02));
#7354 = VECTOR('',#7355,1.);
#7355 = DIRECTION('',(0.707106781187,-0.707106781187));
#7356 = ( GEOMETRIC_REPRESENTATION_CONTEXT(2) 
PARAMETRIC_REPRESENTATION_CONTEXT() REPRESENTATION_CONTEXT('2D SPACE',''
  ) );
#7357 = PCURVE('',#6479,#7358);
#7358 = DEFINITIONAL_REPRESENTATION('',(#7359),#7363);
#7359 = LINE('',#7360,#7361);
#7360 = CARTESIAN_POINT('',(-6.6,1.767766952966));
#7361 = VECTOR('',#7362,1.);
#7362 = DIRECTION('',(0.,-1.));
#7363 = ( GEOMETRIC_REPRESENTATION_CONTEXT(2) 
PARAMETRIC_REPRESENTATION_CONTEXT() REPRESENTATION_CONTEXT('2D SPACE',''
  ) );
#7364 = ADVANCED_FACE('',(#7365),#4359,.F.);
#7365 = FACE_BOUND('',#7366,.F.);
#7366 = EDGE_LOOP('',(#7367,#7368,#7369,#7392));
#7367 = ORIENTED_EDGE('',*,*,#7249,.T.);
#7368 = ORIENTED_EDGE('',*,*,#4343,.T.);
#7369 = ORIENTED_EDGE('',*,*,#7370,.F.);
#7370 = EDGE_CURVE('',#7371,#4344,#7373,.T.);
#7371 = VERTEX_POINT('',#7372);
#7372 = CARTESIAN_POINT('',(52.7,-0.3,0.25));
#7373 = SURFACE_CURVE('',#7374,(#7378,#7385),.PCURVE_S1.);
#7374 = LINE('',#7375,#7376);
#7375 = CARTESIAN_POINT('',(52.7,-0.3,0.));
#7376 = VECTOR('',#7377,1.);
#7377 = DIRECTION('',(0.,0.,1.));
#7378 = PCURVE('',#4359,#7379);
#7379 = DEFINITIONAL_REPRESENTATION('',(#7380),#7384);
#7380 = LINE('',#7381,#7382);
#7381 = CARTESIAN_POINT('',(5.4,0.));
#7382 = VECTOR('',#7383,1.);
#7383 = DIRECTION('',(0.,-1.));
#7384 = ( GEOMETRIC_REPRESENTATION_CONTEXT(2) 
PARAMETRIC_REPRESENTATION_CONTEXT() REPRESENTATION_CONTEXT('2D SPACE',''
  ) );
#7385 = PCURVE('',#4387,#7386);
#7386 = DEFINITIONAL_REPRESENTATION('',(#7387),#7391);
#7387 = LINE('',#7388,#7389);
#7388 = CARTESIAN_POINT('',(0.,0.));
#7389 = VECTOR('',#7390,1.);
#7390 = DIRECTION('',(0.,-1.));
#7391 = ( GEOMETRIC_REPRESENTATION_CONTEXT(2) 
PARAMETRIC_REPRESENTATION_CONTEXT() REPRESENTATION_CONTEXT('2D SPACE',''
  ) );
#7392 = ORIENTED_EDGE('',*,*,#7393,.F.);
#7393 = EDGE_CURVE('',#7250,#7371,#7394,.T.);
#7394 = SURFACE_CURVE('',#7395,(#7399,#7406),.PCURVE_S1.);
#7395 = LINE('',#7396,#7397);
#7396 = CARTESIAN_POINT('',(47.3,-0.3,0.25));
#7397 = VECTOR('',#7398,1.);
#7398 = DIRECTION('',(1.,-1.224646799147E-16,0.));
#7399 = PCURVE('',#4359,#7400);
#7400 = DEFINITIONAL_REPRESENTATION('',(#7401),#7405);
#7401 = LINE('',#7402,#7403);
#7402 = CARTESIAN_POINT('',(0.,-0.25));
#7403 = VECTOR('',#7404,1.);
#7404 = DIRECTION('',(1.,0.));
#7405 = ( GEOMETRIC_REPRESENTATION_CONTEXT(2) 
PARAMETRIC_REPRESENTATION_CONTEXT() REPRESENTATION_CONTEXT('2D SPACE',''
  ) );
#7406 = PCURVE('',#5651,#7407);
#7407 = DEFINITIONAL_REPRESENTATION('',(#7408),#7412);
#7408 = LINE('',#7409,#7410);
#7409 = CARTESIAN_POINT('',(-1.530808498934E-17,-0.176776695297));
#7410 = VECTOR('',#7411,1.);
#7411 = DIRECTION('',(-1.,6.162975822039E-33));
#7412 = ( GEOMETRIC_REPRESENTATION_CONTEXT(2) 
PARAMETRIC_REPRESENTATION_CONTEXT() REPRESENTATION_CONTEXT('2D SPACE',''
  ) );
#7413 = ADVANCED_FACE('',(#7414),#4987,.F.);
#7414 = FACE_BOUND('',#7415,.F.);
#7415 = EDGE_LOOP('',(#7416,#7417,#7438,#7439));
#7416 = ORIENTED_EDGE('',*,*,#6412,.F.);
#7417 = ORIENTED_EDGE('',*,*,#7418,.T.);
#7418 = EDGE_CURVE('',#6390,#4939,#7419,.T.);
#7419 = SURFACE_CURVE('',#7420,(#7424,#7431),.PCURVE_S1.);
#7420 = LINE('',#7421,#7422);
#7421 = CARTESIAN_POINT('',(9.6,34.6,-1.));
#7422 = VECTOR('',#7423,1.);
#7423 = DIRECTION('',(0.,0.,1.));
#7424 = PCURVE('',#4987,#7425);
#7425 = DEFINITIONAL_REPRESENTATION('',(#7426),#7430);
#7426 = LINE('',#7427,#7428);
#7427 = CARTESIAN_POINT('',(4.712388980385,0.));
#7428 = VECTOR('',#7429,1.);
#7429 = DIRECTION('',(0.,-1.));
#7430 = ( GEOMETRIC_REPRESENTATION_CONTEXT(2) 
PARAMETRIC_REPRESENTATION_CONTEXT() REPRESENTATION_CONTEXT('2D SPACE',''
  ) );
#7431 = PCURVE('',#4954,#7432);
#7432 = DEFINITIONAL_REPRESENTATION('',(#7433),#7437);
#7433 = LINE('',#7434,#7435);
#7434 = CARTESIAN_POINT('',(0.,0.));
#7435 = VECTOR('',#7436,1.);
#7436 = DIRECTION('',(0.,-1.));
#7437 = ( GEOMETRIC_REPRESENTATION_CONTEXT(2) 
PARAMETRIC_REPRESENTATION_CONTEXT() REPRESENTATION_CONTEXT('2D SPACE',''
  ) );
#7438 = ORIENTED_EDGE('',*,*,#4966,.T.);
#7439 = ORIENTED_EDGE('',*,*,#7321,.F.);
#7440 = ADVANCED_FACE('',(#7441),#4387,.F.);
#7441 = FACE_BOUND('',#7442,.F.);
#7442 = EDGE_LOOP('',(#7443,#7444,#7445,#7468,#7489,#7490));
#7443 = ORIENTED_EDGE('',*,*,#7370,.T.);
#7444 = ORIENTED_EDGE('',*,*,#4371,.T.);
#7445 = ORIENTED_EDGE('',*,*,#7446,.F.);
#7446 = EDGE_CURVE('',#7447,#4372,#7449,.T.);
#7447 = VERTEX_POINT('',#7448);
#7448 = CARTESIAN_POINT('',(53.,3.337713887874E-13,0.4));
#7449 = SURFACE_CURVE('',#7450,(#7454,#7461),.PCURVE_S1.);
#7450 = LINE('',#7451,#7452);
#7451 = CARTESIAN_POINT('',(53.,-3.673940397442E-16,0.));
#7452 = VECTOR('',#7453,1.);
#7453 = DIRECTION('',(0.,0.,1.));
#7454 = PCURVE('',#4387,#7455);
#7455 = DEFINITIONAL_REPRESENTATION('',(#7456),#7460);
#7456 = LINE('',#7457,#7458);
#7457 = CARTESIAN_POINT('',(0.424264068712,0.));
#7458 = VECTOR('',#7459,1.);
#7459 = DIRECTION('',(0.,-1.));
#7460 = ( GEOMETRIC_REPRESENTATION_CONTEXT(2) 
PARAMETRIC_REPRESENTATION_CONTEXT() REPRESENTATION_CONTEXT('2D SPACE',''
  ) );
#7461 = PCURVE('',#4415,#7462);
#7462 = DEFINITIONAL_REPRESENTATION('',(#7463),#7467);
#7463 = LINE('',#7464,#7465);
#7464 = CARTESIAN_POINT('',(51.,0.));
#7465 = VECTOR('',#7466,1.);
#7466 = DIRECTION('',(0.,-1.));
#7467 = ( GEOMETRIC_REPRESENTATION_CONTEXT(2) 
PARAMETRIC_REPRESENTATION_CONTEXT() REPRESENTATION_CONTEXT('2D SPACE',''
  ) );
#7468 = ORIENTED_EDGE('',*,*,#7469,.F.);
#7469 = EDGE_CURVE('',#5664,#7447,#7470,.T.);
#7470 = SURFACE_CURVE('',#7471,(#7475,#7482),.PCURVE_S1.);
#7471 = LINE('',#7472,#7473);
#7472 = CARTESIAN_POINT('',(53.,-3.673940397442E-16,0.));
#7473 = VECTOR('',#7474,1.);
#7474 = DIRECTION('',(0.,0.,1.));
#7475 = PCURVE('',#4387,#7476);
#7476 = DEFINITIONAL_REPRESENTATION('',(#7477),#7481);
#7477 = LINE('',#7478,#7479);
#7478 = CARTESIAN_POINT('',(0.424264068712,0.));
#7479 = VECTOR('',#7480,1.);
#7480 = DIRECTION('',(0.,-1.));
#7481 = ( GEOMETRIC_REPRESENTATION_CONTEXT(2) 
PARAMETRIC_REPRESENTATION_CONTEXT() REPRESENTATION_CONTEXT('2D SPACE',''
  ) );
#7482 = PCURVE('',#5702,#7483);
#7483 = DEFINITIONAL_REPRESENTATION('',(#7484),#7488);
#7484 = LINE('',#7485,#7486);
#7485 = CARTESIAN_POINT('',(0.,0.));
#7486 = VECTOR('',#7487,1.);
#7487 = DIRECTION('',(0.,-1.));
#7488 = ( GEOMETRIC_REPRESENTATION_CONTEXT(2) 
PARAMETRIC_REPRESENTATION_CONTEXT() REPRESENTATION_CONTEXT('2D SPACE',''
  ) );
#7489 = ORIENTED_EDGE('',*,*,#5663,.F.);
#7490 = ORIENTED_EDGE('',*,*,#7491,.F.);
#7491 = EDGE_CURVE('',#7371,#5636,#7492,.T.);
#7492 = SURFACE_CURVE('',#7493,(#7497,#7504),.PCURVE_S1.);
#7493 = LINE('',#7494,#7495);
#7494 = CARTESIAN_POINT('',(51.883333333333,-1.116666666667,
    1.066666666667));
#7495 = VECTOR('',#7496,1.);
#7496 = DIRECTION('',(0.57735026919,0.57735026919,-0.57735026919));
#7497 = PCURVE('',#4387,#7498);
#7498 = DEFINITIONAL_REPRESENTATION('',(#7499),#7503);
#7499 = LINE('',#7500,#7501);
#7500 = CARTESIAN_POINT('',(-1.154941075939,-1.066666666667));
#7501 = VECTOR('',#7502,1.);
#7502 = DIRECTION('',(0.816496580928,0.57735026919));
#7503 = ( GEOMETRIC_REPRESENTATION_CONTEXT(2) 
PARAMETRIC_REPRESENTATION_CONTEXT() REPRESENTATION_CONTEXT('2D SPACE',''
  ) );
#7504 = PCURVE('',#5651,#7505);
#7505 = DEFINITIONAL_REPRESENTATION('',(#7506),#7510);
#7506 = LINE('',#7507,#7508);
#7507 = CARTESIAN_POINT('',(-4.583333333333,-1.331717771235));
#7508 = VECTOR('',#7509,1.);
#7509 = DIRECTION('',(-0.57735026919,0.816496580928));
#7510 = ( GEOMETRIC_REPRESENTATION_CONTEXT(2) 
PARAMETRIC_REPRESENTATION_CONTEXT() REPRESENTATION_CONTEXT('2D SPACE',''
  ) );
#7511 = ADVANCED_FACE('',(#7512),#4954,.T.);
#7512 = FACE_BOUND('',#7513,.T.);
#7513 = EDGE_LOOP('',(#7514,#7515,#7516,#7517));
#7514 = ORIENTED_EDGE('',*,*,#6389,.T.);
#7515 = ORIENTED_EDGE('',*,*,#7418,.T.);
#7516 = ORIENTED_EDGE('',*,*,#4938,.F.);
#7517 = ORIENTED_EDGE('',*,*,#7518,.F.);
#7518 = EDGE_CURVE('',#6362,#4906,#7519,.T.);
#7519 = SURFACE_CURVE('',#7520,(#7524,#7531),.PCURVE_S1.);
#7520 = LINE('',#7521,#7522);
#7521 = CARTESIAN_POINT('',(15.6,34.6,-1.));
#7522 = VECTOR('',#7523,1.);
#7523 = DIRECTION('',(0.,0.,1.));
#7524 = PCURVE('',#4954,#7525);
#7525 = DEFINITIONAL_REPRESENTATION('',(#7526),#7530);
#7526 = LINE('',#7527,#7528);
#7527 = CARTESIAN_POINT('',(6.,0.));
#7528 = VECTOR('',#7529,1.);
#7529 = DIRECTION('',(0.,-1.));
#7530 = ( GEOMETRIC_REPRESENTATION_CONTEXT(2) 
PARAMETRIC_REPRESENTATION_CONTEXT() REPRESENTATION_CONTEXT('2D SPACE',''
  ) );
#7531 = PCURVE('',#4926,#7532);
#7532 = DEFINITIONAL_REPRESENTATION('',(#7533),#7537);
#7533 = LINE('',#7534,#7535);
#7534 = CARTESIAN_POINT('',(4.712388980385,0.));
#7535 = VECTOR('',#7536,1.);
#7536 = DIRECTION('',(0.,-1.));
#7537 = ( GEOMETRIC_REPRESENTATION_CONTEXT(2) 
PARAMETRIC_REPRESENTATION_CONTEXT() REPRESENTATION_CONTEXT('2D SPACE',''
  ) );
#7538 = ADVANCED_FACE('',(#7539),#4415,.F.);
#7539 = FACE_BOUND('',#7540,.F.);
#7540 = EDGE_LOOP('',(#7541,#7564,#7585,#7586));
#7541 = ORIENTED_EDGE('',*,*,#7542,.F.);
#7542 = EDGE_CURVE('',#7543,#4400,#7545,.T.);
#7543 = VERTEX_POINT('',#7544);
#7544 = CARTESIAN_POINT('',(65.6,-6.679101716145E-13,0.4));
#7545 = SURFACE_CURVE('',#7546,(#7550,#7557),.PCURVE_S1.);
#7546 = LINE('',#7547,#7548);
#7547 = CARTESIAN_POINT('',(65.6,0.,0.));
#7548 = VECTOR('',#7549,1.);
#7549 = DIRECTION('',(0.,0.,1.));
#7550 = PCURVE('',#4415,#7551);
#7551 = DEFINITIONAL_REPRESENTATION('',(#7552),#7556);
#7552 = LINE('',#7553,#7554);
#7553 = CARTESIAN_POINT('',(63.6,0.));
#7554 = VECTOR('',#7555,1.);
#7555 = DIRECTION('',(0.,-1.));
#7556 = ( GEOMETRIC_REPRESENTATION_CONTEXT(2) 
PARAMETRIC_REPRESENTATION_CONTEXT() REPRESENTATION_CONTEXT('2D SPACE',''
  ) );
#7557 = PCURVE('',#4444,#7558);
#7558 = DEFINITIONAL_REPRESENTATION('',(#7559),#7563);
#7559 = LINE('',#7560,#7561);
#7560 = CARTESIAN_POINT('',(1.570796326795,0.));
#7561 = VECTOR('',#7562,1.);
#7562 = DIRECTION('',(-0.,-1.));
#7563 = ( GEOMETRIC_REPRESENTATION_CONTEXT(2) 
PARAMETRIC_REPRESENTATION_CONTEXT() REPRESENTATION_CONTEXT('2D SPACE',''
  ) );
#7564 = ORIENTED_EDGE('',*,*,#7565,.T.);
#7565 = EDGE_CURVE('',#7543,#7447,#7566,.T.);
#7566 = SURFACE_CURVE('',#7567,(#7571,#7578),.PCURVE_S1.);
#7567 = LINE('',#7568,#7569);
#7568 = CARTESIAN_POINT('',(65.6,6.679101716145E-13,0.4));
#7569 = VECTOR('',#7570,1.);
#7570 = DIRECTION('',(-1.,-0.,-0.));
#7571 = PCURVE('',#4415,#7572);
#7572 = DEFINITIONAL_REPRESENTATION('',(#7573),#7577);
#7573 = LINE('',#7574,#7575);
#7574 = CARTESIAN_POINT('',(63.6,-0.4));
#7575 = VECTOR('',#7576,1.);
#7576 = DIRECTION('',(-1.,0.));
#7577 = ( GEOMETRIC_REPRESENTATION_CONTEXT(2) 
PARAMETRIC_REPRESENTATION_CONTEXT() REPRESENTATION_CONTEXT('2D SPACE',''
  ) );
#7578 = PCURVE('',#5730,#7579);
#7579 = DEFINITIONAL_REPRESENTATION('',(#7580),#7584);
#7580 = LINE('',#7581,#7582);
#7581 = CARTESIAN_POINT('',(0.,-0.282842712475));
#7582 = VECTOR('',#7583,1.);
#7583 = DIRECTION('',(1.,0.));
#7584 = ( GEOMETRIC_REPRESENTATION_CONTEXT(2) 
PARAMETRIC_REPRESENTATION_CONTEXT() REPRESENTATION_CONTEXT('2D SPACE',''
  ) );
#7585 = ORIENTED_EDGE('',*,*,#7446,.T.);
#7586 = ORIENTED_EDGE('',*,*,#4399,.T.);
#7587 = ADVANCED_FACE('',(#7588),#4926,.F.);
#7588 = FACE_BOUND('',#7589,.F.);
#7589 = EDGE_LOOP('',(#7590,#7591,#7612,#7613));
#7590 = ORIENTED_EDGE('',*,*,#6361,.F.);
#7591 = ORIENTED_EDGE('',*,*,#7592,.T.);
#7592 = EDGE_CURVE('',#6339,#4878,#7593,.T.);
#7593 = SURFACE_CURVE('',#7594,(#7598,#7605),.PCURVE_S1.);
#7594 = LINE('',#7595,#7596);
#7595 = CARTESIAN_POINT('',(16.6,35.6,-1.));
#7596 = VECTOR('',#7597,1.);
#7597 = DIRECTION('',(0.,0.,1.));
#7598 = PCURVE('',#4926,#7599);
#7599 = DEFINITIONAL_REPRESENTATION('',(#7600),#7604);
#7600 = LINE('',#7601,#7602);
#7601 = CARTESIAN_POINT('',(3.14159265359,0.));
#7602 = VECTOR('',#7603,1.);
#7603 = DIRECTION('',(0.,-1.));
#7604 = ( GEOMETRIC_REPRESENTATION_CONTEXT(2) 
PARAMETRIC_REPRESENTATION_CONTEXT() REPRESENTATION_CONTEXT('2D SPACE',''
  ) );
#7605 = PCURVE('',#4893,#7606);
#7606 = DEFINITIONAL_REPRESENTATION('',(#7607),#7611);
#7607 = LINE('',#7608,#7609);
#7608 = CARTESIAN_POINT('',(0.,0.));
#7609 = VECTOR('',#7610,1.);
#7610 = DIRECTION('',(0.,-1.));
#7611 = ( GEOMETRIC_REPRESENTATION_CONTEXT(2) 
PARAMETRIC_REPRESENTATION_CONTEXT() REPRESENTATION_CONTEXT('2D SPACE',''
  ) );
#7612 = ORIENTED_EDGE('',*,*,#4905,.T.);
#7613 = ORIENTED_EDGE('',*,*,#7518,.F.);
#7614 = ADVANCED_FACE('',(#7615),#4444,.T.);
#7615 = FACE_BOUND('',#7616,.T.);
#7616 = EDGE_LOOP('',(#7617,#7641,#7662,#7663));
#7617 = ORIENTED_EDGE('',*,*,#7618,.F.);
#7618 = EDGE_CURVE('',#7619,#7543,#7621,.T.);
#7619 = VERTEX_POINT('',#7620);
#7620 = CARTESIAN_POINT('',(67.6,1.999999999999,0.4));
#7621 = SURFACE_CURVE('',#7622,(#7627,#7634),.PCURVE_S1.);
#7622 = CIRCLE('',#7623,2.);
#7623 = AXIS2_PLACEMENT_3D('',#7624,#7625,#7626);
#7624 = CARTESIAN_POINT('',(65.6,1.999999999999,0.4));
#7625 = DIRECTION('',(0.,0.,-1.));
#7626 = DIRECTION('',(1.,0.,0.));
#7627 = PCURVE('',#4444,#7628);
#7628 = DEFINITIONAL_REPRESENTATION('',(#7629),#7633);
#7629 = LINE('',#7630,#7631);
#7630 = CARTESIAN_POINT('',(-4.138911435803E-13,-0.4));
#7631 = VECTOR('',#7632,1.);
#7632 = DIRECTION('',(1.,-0.));
#7633 = ( GEOMETRIC_REPRESENTATION_CONTEXT(2) 
PARAMETRIC_REPRESENTATION_CONTEXT() REPRESENTATION_CONTEXT('2D SPACE',''
  ) );
#7634 = PCURVE('',#5763,#7635);
#7635 = DEFINITIONAL_REPRESENTATION('',(#7636),#7640);
#7636 = LINE('',#7637,#7638);
#7637 = CARTESIAN_POINT('',(6.28318530718,0.));
#7638 = VECTOR('',#7639,1.);
#7639 = DIRECTION('',(-1.,-0.));
#7640 = ( GEOMETRIC_REPRESENTATION_CONTEXT(2) 
PARAMETRIC_REPRESENTATION_CONTEXT() REPRESENTATION_CONTEXT('2D SPACE',''
  ) );
#7641 = ORIENTED_EDGE('',*,*,#7642,.T.);
#7642 = EDGE_CURVE('',#7619,#4428,#7643,.T.);
#7643 = SURFACE_CURVE('',#7644,(#7648,#7655),.PCURVE_S1.);
#7644 = LINE('',#7645,#7646);
#7645 = CARTESIAN_POINT('',(67.6,1.999999999999,0.));
#7646 = VECTOR('',#7647,1.);
#7647 = DIRECTION('',(0.,0.,1.));
#7648 = PCURVE('',#4444,#7649);
#7649 = DEFINITIONAL_REPRESENTATION('',(#7650),#7654);
#7650 = LINE('',#7651,#7652);
#7651 = CARTESIAN_POINT('',(-4.138911435803E-13,0.));
#7652 = VECTOR('',#7653,1.);
#7653 = DIRECTION('',(-0.,-1.));
#7654 = ( GEOMETRIC_REPRESENTATION_CONTEXT(2) 
PARAMETRIC_REPRESENTATION_CONTEXT() REPRESENTATION_CONTEXT('2D SPACE',''
  ) );
#7655 = PCURVE('',#4472,#7656);
#7656 = DEFINITIONAL_REPRESENTATION('',(#7657),#7661);
#7657 = LINE('',#7658,#7659);
#7658 = CARTESIAN_POINT('',(0.,0.));
#7659 = VECTOR('',#7660,1.);
#7660 = DIRECTION('',(0.,-1.));
#7661 = ( GEOMETRIC_REPRESENTATION_CONTEXT(2) 
PARAMETRIC_REPRESENTATION_CONTEXT() REPRESENTATION_CONTEXT('2D SPACE',''
  ) );
#7662 = ORIENTED_EDGE('',*,*,#4427,.F.);
#7663 = ORIENTED_EDGE('',*,*,#7542,.F.);
#7664 = ADVANCED_FACE('',(#7665),#4893,.T.);
#7665 = FACE_BOUND('',#7666,.T.);
#7666 = EDGE_LOOP('',(#7667,#7668,#7669,#7670,#7693));
#7667 = ORIENTED_EDGE('',*,*,#6338,.T.);
#7668 = ORIENTED_EDGE('',*,*,#7592,.T.);
#7669 = ORIENTED_EDGE('',*,*,#4877,.F.);
#7670 = ORIENTED_EDGE('',*,*,#7671,.F.);
#7671 = EDGE_CURVE('',#7672,#4850,#7674,.T.);
#7672 = VERTEX_POINT('',#7673);
#7673 = CARTESIAN_POINT('',(16.6,39.600000000001,0.4));
#7674 = SURFACE_CURVE('',#7675,(#7679,#7686),.PCURVE_S1.);
#7675 = LINE('',#7676,#7677);
#7676 = CARTESIAN_POINT('',(16.6,39.600000000001,-0.5));
#7677 = VECTOR('',#7678,1.);
#7678 = DIRECTION('',(0.,-0.,1.));
#7679 = PCURVE('',#4893,#7680);
#7680 = DEFINITIONAL_REPRESENTATION('',(#7681),#7685);
#7681 = LINE('',#7682,#7683);
#7682 = CARTESIAN_POINT('',(4.000000000001,-0.5));
#7683 = VECTOR('',#7684,1.);
#7684 = DIRECTION('',(0.,-1.));
#7685 = ( GEOMETRIC_REPRESENTATION_CONTEXT(2) 
PARAMETRIC_REPRESENTATION_CONTEXT() REPRESENTATION_CONTEXT('2D SPACE',''
  ) );
#7686 = PCURVE('',#4865,#7687);
#7687 = DEFINITIONAL_REPRESENTATION('',(#7688),#7692);
#7688 = LINE('',#7689,#7690);
#7689 = CARTESIAN_POINT('',(14.6,0.5));
#7690 = VECTOR('',#7691,1.);
#7691 = DIRECTION('',(0.,-1.));
#7692 = ( GEOMETRIC_REPRESENTATION_CONTEXT(2) 
PARAMETRIC_REPRESENTATION_CONTEXT() REPRESENTATION_CONTEXT('2D SPACE',''
  ) );
#7693 = ORIENTED_EDGE('',*,*,#7694,.F.);
#7694 = EDGE_CURVE('',#6311,#7672,#7695,.T.);
#7695 = SURFACE_CURVE('',#7696,(#7700,#7707),.PCURVE_S1.);
#7696 = LINE('',#7697,#7698);
#7697 = CARTESIAN_POINT('',(16.6,38.150000000001,-1.05));
#7698 = VECTOR('',#7699,1.);
#7699 = DIRECTION('',(0.,0.707106781187,0.707106781187));
#7700 = PCURVE('',#4893,#7701);
#7701 = DEFINITIONAL_REPRESENTATION('',(#7702),#7706);
#7702 = LINE('',#7703,#7704);
#7703 = CARTESIAN_POINT('',(2.550000000001,5.E-02));
#7704 = VECTOR('',#7705,1.);
#7705 = DIRECTION('',(0.707106781187,-0.707106781187));
#7706 = ( GEOMETRIC_REPRESENTATION_CONTEXT(2) 
PARAMETRIC_REPRESENTATION_CONTEXT() REPRESENTATION_CONTEXT('2D SPACE',''
  ) );
#7707 = PCURVE('',#6326,#7708);
#7708 = DEFINITIONAL_REPRESENTATION('',(#7709),#7713);
#7709 = LINE('',#7710,#7711);
#7710 = CARTESIAN_POINT('',(-14.6,1.767766952966));
#7711 = VECTOR('',#7712,1.);
#7712 = DIRECTION('',(0.,-1.));
#7713 = ( GEOMETRIC_REPRESENTATION_CONTEXT(2) 
PARAMETRIC_REPRESENTATION_CONTEXT() REPRESENTATION_CONTEXT('2D SPACE',''
  ) );
#7714 = ADVANCED_FACE('',(#7715),#4472,.F.);
#7715 = FACE_BOUND('',#7716,.F.);
#7716 = EDGE_LOOP('',(#7717,#7740,#7741,#7742));
#7717 = ORIENTED_EDGE('',*,*,#7718,.T.);
#7718 = EDGE_CURVE('',#7719,#7619,#7721,.T.);
#7719 = VERTEX_POINT('',#7720);
#7720 = CARTESIAN_POINT('',(67.6,16.8,0.4));
#7721 = SURFACE_CURVE('',#7722,(#7726,#7733),.PCURVE_S1.);
#7722 = LINE('',#7723,#7724);
#7723 = CARTESIAN_POINT('',(67.6,37.599999995297,0.4));
#7724 = VECTOR('',#7725,1.);
#7725 = DIRECTION('',(-0.,-1.,-0.));
#7726 = PCURVE('',#4472,#7727);
#7727 = DEFINITIONAL_REPRESENTATION('',(#7728),#7732);
#7728 = LINE('',#7729,#7730);
#7729 = CARTESIAN_POINT('',(35.599999995298,-0.4));
#7730 = VECTOR('',#7731,1.);
#7731 = DIRECTION('',(-1.,0.));
#7732 = ( GEOMETRIC_REPRESENTATION_CONTEXT(2) 
PARAMETRIC_REPRESENTATION_CONTEXT() REPRESENTATION_CONTEXT('2D SPACE',''
  ) );
#7733 = PCURVE('',#5791,#7734);
#7734 = DEFINITIONAL_REPRESENTATION('',(#7735),#7739);
#7735 = LINE('',#7736,#7737);
#7736 = CARTESIAN_POINT('',(-1.386669559959E-32,-0.282842712475));
#7737 = VECTOR('',#7738,1.);
#7738 = DIRECTION('',(1.,0.));
#7739 = ( GEOMETRIC_REPRESENTATION_CONTEXT(2) 
PARAMETRIC_REPRESENTATION_CONTEXT() REPRESENTATION_CONTEXT('2D SPACE',''
  ) );
#7740 = ORIENTED_EDGE('',*,*,#7642,.T.);
#7741 = ORIENTED_EDGE('',*,*,#4456,.T.);
#7742 = ORIENTED_EDGE('',*,*,#7743,.F.);
#7743 = EDGE_CURVE('',#7719,#4457,#7744,.T.);
#7744 = SURFACE_CURVE('',#7745,(#7749,#7756),.PCURVE_S1.);
#7745 = LINE('',#7746,#7747);
#7746 = CARTESIAN_POINT('',(67.6,16.8,0.));
#7747 = VECTOR('',#7748,1.);
#7748 = DIRECTION('',(0.,0.,1.));
#7749 = PCURVE('',#4472,#7750);
#7750 = DEFINITIONAL_REPRESENTATION('',(#7751),#7755);
#7751 = LINE('',#7752,#7753);
#7752 = CARTESIAN_POINT('',(14.800000000001,0.));
#7753 = VECTOR('',#7754,1.);
#7754 = DIRECTION('',(0.,-1.));
#7755 = ( GEOMETRIC_REPRESENTATION_CONTEXT(2) 
PARAMETRIC_REPRESENTATION_CONTEXT() REPRESENTATION_CONTEXT('2D SPACE',''
  ) );
#7756 = PCURVE('',#4500,#7757);
#7757 = DEFINITIONAL_REPRESENTATION('',(#7758),#7762);
#7758 = LINE('',#7759,#7760);
#7759 = CARTESIAN_POINT('',(0.,0.));
#7760 = VECTOR('',#7761,1.);
#7761 = DIRECTION('',(0.,-1.));
#7762 = ( GEOMETRIC_REPRESENTATION_CONTEXT(2) 
PARAMETRIC_REPRESENTATION_CONTEXT() REPRESENTATION_CONTEXT('2D SPACE',''
  ) );
#7763 = ADVANCED_FACE('',(#7764),#4865,.T.);
#7764 = FACE_BOUND('',#7765,.T.);
#7765 = EDGE_LOOP('',(#7766,#7789,#7790,#7791));
#7766 = ORIENTED_EDGE('',*,*,#7767,.F.);
#7767 = EDGE_CURVE('',#7672,#7768,#7770,.T.);
#7768 = VERTEX_POINT('',#7769);
#7769 = CARTESIAN_POINT('',(18.,39.6,0.4));
#7770 = SURFACE_CURVE('',#7771,(#7775,#7782),.PCURVE_S1.);
#7771 = LINE('',#7772,#7773);
#7772 = CARTESIAN_POINT('',(2.,39.600000000001,0.4));
#7773 = VECTOR('',#7774,1.);
#7774 = DIRECTION('',(1.,0.,0.));
#7775 = PCURVE('',#4865,#7776);
#7776 = DEFINITIONAL_REPRESENTATION('',(#7777),#7781);
#7777 = LINE('',#7778,#7779);
#7778 = CARTESIAN_POINT('',(0.,-0.4));
#7779 = VECTOR('',#7780,1.);
#7780 = DIRECTION('',(1.,0.));
#7781 = ( GEOMETRIC_REPRESENTATION_CONTEXT(2) 
PARAMETRIC_REPRESENTATION_CONTEXT() REPRESENTATION_CONTEXT('2D SPACE',''
  ) );
#7782 = PCURVE('',#6326,#7783);
#7783 = DEFINITIONAL_REPRESENTATION('',(#7784),#7788);
#7784 = LINE('',#7785,#7786);
#7785 = CARTESIAN_POINT('',(7.125940794233E-33,-0.282842712475));
#7786 = VECTOR('',#7787,1.);
#7787 = DIRECTION('',(-1.,0.));
#7788 = ( GEOMETRIC_REPRESENTATION_CONTEXT(2) 
PARAMETRIC_REPRESENTATION_CONTEXT() REPRESENTATION_CONTEXT('2D SPACE',''
  ) );
#7789 = ORIENTED_EDGE('',*,*,#7671,.T.);
#7790 = ORIENTED_EDGE('',*,*,#4849,.T.);
#7791 = ORIENTED_EDGE('',*,*,#7792,.F.);
#7792 = EDGE_CURVE('',#7768,#4822,#7793,.T.);
#7793 = SURFACE_CURVE('',#7794,(#7798,#7805),.PCURVE_S1.);
#7794 = LINE('',#7795,#7796);
#7795 = CARTESIAN_POINT('',(18.,39.6,0.));
#7796 = VECTOR('',#7797,1.);
#7797 = DIRECTION('',(0.,0.,1.));
#7798 = PCURVE('',#4865,#7799);
#7799 = DEFINITIONAL_REPRESENTATION('',(#7800),#7804);
#7800 = LINE('',#7801,#7802);
#7801 = CARTESIAN_POINT('',(16.,0.));
#7802 = VECTOR('',#7803,1.);
#7803 = DIRECTION('',(0.,-1.));
#7804 = ( GEOMETRIC_REPRESENTATION_CONTEXT(2) 
PARAMETRIC_REPRESENTATION_CONTEXT() REPRESENTATION_CONTEXT('2D SPACE',''
  ) );
#7805 = PCURVE('',#4837,#7806);
#7806 = DEFINITIONAL_REPRESENTATION('',(#7807),#7811);
#7807 = LINE('',#7808,#7809);
#7808 = CARTESIAN_POINT('',(0.424264068712,0.));
#7809 = VECTOR('',#7810,1.);
#7810 = DIRECTION('',(0.,-1.));
#7811 = ( GEOMETRIC_REPRESENTATION_CONTEXT(2) 
PARAMETRIC_REPRESENTATION_CONTEXT() REPRESENTATION_CONTEXT('2D SPACE',''
  ) );
#7812 = ADVANCED_FACE('',(#7813),#4500,.F.);
#7813 = FACE_BOUND('',#7814,.F.);
#7814 = EDGE_LOOP('',(#7815,#7838,#7859,#7860,#7881,#7882));
#7815 = ORIENTED_EDGE('',*,*,#7816,.F.);
#7816 = EDGE_CURVE('',#7817,#4485,#7819,.T.);
#7817 = VERTEX_POINT('',#7818);
#7818 = CARTESIAN_POINT('',(67.9,17.1,0.25));
#7819 = SURFACE_CURVE('',#7820,(#7824,#7831),.PCURVE_S1.);
#7820 = LINE('',#7821,#7822);
#7821 = CARTESIAN_POINT('',(67.9,17.1,0.));
#7822 = VECTOR('',#7823,1.);
#7823 = DIRECTION('',(0.,0.,1.));
#7824 = PCURVE('',#4500,#7825);
#7825 = DEFINITIONAL_REPRESENTATION('',(#7826),#7830);
#7826 = LINE('',#7827,#7828);
#7827 = CARTESIAN_POINT('',(0.424264068712,0.));
#7828 = VECTOR('',#7829,1.);
#7829 = DIRECTION('',(0.,-1.));
#7830 = ( GEOMETRIC_REPRESENTATION_CONTEXT(2) 
PARAMETRIC_REPRESENTATION_CONTEXT() REPRESENTATION_CONTEXT('2D SPACE',''
  ) );
#7831 = PCURVE('',#4528,#7832);
#7832 = DEFINITIONAL_REPRESENTATION('',(#7833),#7837);
#7833 = LINE('',#7834,#7835);
#7834 = CARTESIAN_POINT('',(0.,0.));
#7835 = VECTOR('',#7836,1.);
#7836 = DIRECTION('',(0.,-1.));
#7837 = ( GEOMETRIC_REPRESENTATION_CONTEXT(2) 
PARAMETRIC_REPRESENTATION_CONTEXT() REPRESENTATION_CONTEXT('2D SPACE',''
  ) );
#7838 = ORIENTED_EDGE('',*,*,#7839,.T.);
#7839 = EDGE_CURVE('',#7817,#5832,#7840,.T.);
#7840 = SURFACE_CURVE('',#7841,(#7845,#7852),.PCURVE_S1.);
#7841 = LINE('',#7842,#7843);
#7842 = CARTESIAN_POINT('',(67.716666666667,16.916666666667,
    6.666666666667E-02));
#7843 = VECTOR('',#7844,1.);
#7844 = DIRECTION('',(-0.57735026919,-0.57735026919,-0.57735026919));
#7845 = PCURVE('',#4500,#7846);
#7846 = DEFINITIONAL_REPRESENTATION('',(#7847),#7851);
#7847 = LINE('',#7848,#7849);
#7848 = CARTESIAN_POINT('',(0.164991582277,-6.666666666667E-02));
#7849 = VECTOR('',#7850,1.);
#7850 = DIRECTION('',(-0.816496580928,0.57735026919));
#7851 = ( GEOMETRIC_REPRESENTATION_CONTEXT(2) 
PARAMETRIC_REPRESENTATION_CONTEXT() REPRESENTATION_CONTEXT('2D SPACE',''
  ) );
#7852 = PCURVE('',#5870,#7853);
#7853 = DEFINITIONAL_REPRESENTATION('',(#7854),#7858);
#7854 = LINE('',#7855,#7856);
#7855 = CARTESIAN_POINT('',(0.183333333333,8.24957911382E-02));
#7856 = VECTOR('',#7857,1.);
#7857 = DIRECTION('',(0.57735026919,0.816496580928));
#7858 = ( GEOMETRIC_REPRESENTATION_CONTEXT(2) 
PARAMETRIC_REPRESENTATION_CONTEXT() REPRESENTATION_CONTEXT('2D SPACE',''
  ) );
#7859 = ORIENTED_EDGE('',*,*,#5831,.F.);
#7860 = ORIENTED_EDGE('',*,*,#7861,.T.);
#7861 = EDGE_CURVE('',#5804,#7719,#7862,.T.);
#7862 = SURFACE_CURVE('',#7863,(#7867,#7874),.PCURVE_S1.);
#7863 = LINE('',#7864,#7865);
#7864 = CARTESIAN_POINT('',(67.6,16.8,0.));
#7865 = VECTOR('',#7866,1.);
#7866 = DIRECTION('',(0.,0.,1.));
#7867 = PCURVE('',#4500,#7868);
#7868 = DEFINITIONAL_REPRESENTATION('',(#7869),#7873);
#7869 = LINE('',#7870,#7871);
#7870 = CARTESIAN_POINT('',(0.,0.));
#7871 = VECTOR('',#7872,1.);
#7872 = DIRECTION('',(0.,-1.));
#7873 = ( GEOMETRIC_REPRESENTATION_CONTEXT(2) 
PARAMETRIC_REPRESENTATION_CONTEXT() REPRESENTATION_CONTEXT('2D SPACE',''
  ) );
#7874 = PCURVE('',#5819,#7875);
#7875 = DEFINITIONAL_REPRESENTATION('',(#7876),#7880);
#7876 = LINE('',#7877,#7878);
#7877 = CARTESIAN_POINT('',(0.4,0.));
#7878 = VECTOR('',#7879,1.);
#7879 = DIRECTION('',(0.,-1.));
#7880 = ( GEOMETRIC_REPRESENTATION_CONTEXT(2) 
PARAMETRIC_REPRESENTATION_CONTEXT() REPRESENTATION_CONTEXT('2D SPACE',''
  ) );
#7881 = ORIENTED_EDGE('',*,*,#7743,.T.);
#7882 = ORIENTED_EDGE('',*,*,#4484,.T.);
#7883 = ADVANCED_FACE('',(#7884),#4837,.F.);
#7884 = FACE_BOUND('',#7885,.F.);
#7885 = EDGE_LOOP('',(#7886,#7909,#7910,#7911,#7932,#7933));
#7886 = ORIENTED_EDGE('',*,*,#7887,.T.);
#7887 = EDGE_CURVE('',#7888,#4794,#7890,.T.);
#7888 = VERTEX_POINT('',#7889);
#7889 = CARTESIAN_POINT('',(18.3,39.9,0.25));
#7890 = SURFACE_CURVE('',#7891,(#7895,#7902),.PCURVE_S1.);
#7891 = LINE('',#7892,#7893);
#7892 = CARTESIAN_POINT('',(18.3,39.9,0.));
#7893 = VECTOR('',#7894,1.);
#7894 = DIRECTION('',(0.,0.,1.));
#7895 = PCURVE('',#4837,#7896);
#7896 = DEFINITIONAL_REPRESENTATION('',(#7897),#7901);
#7897 = LINE('',#7898,#7899);
#7898 = CARTESIAN_POINT('',(0.,0.));
#7899 = VECTOR('',#7900,1.);
#7900 = DIRECTION('',(0.,-1.));
#7901 = ( GEOMETRIC_REPRESENTATION_CONTEXT(2) 
PARAMETRIC_REPRESENTATION_CONTEXT() REPRESENTATION_CONTEXT('2D SPACE',''
  ) );
#7902 = PCURVE('',#4809,#7903);
#7903 = DEFINITIONAL_REPRESENTATION('',(#7904),#7908);
#7904 = LINE('',#7905,#7906);
#7905 = CARTESIAN_POINT('',(5.4,0.));
#7906 = VECTOR('',#7907,1.);
#7907 = DIRECTION('',(0.,-1.));
#7908 = ( GEOMETRIC_REPRESENTATION_CONTEXT(2) 
PARAMETRIC_REPRESENTATION_CONTEXT() REPRESENTATION_CONTEXT('2D SPACE',''
  ) );
#7909 = ORIENTED_EDGE('',*,*,#4821,.T.);
#7910 = ORIENTED_EDGE('',*,*,#7792,.F.);
#7911 = ORIENTED_EDGE('',*,*,#7912,.F.);
#7912 = EDGE_CURVE('',#6260,#7768,#7913,.T.);
#7913 = SURFACE_CURVE('',#7914,(#7918,#7925),.PCURVE_S1.);
#7914 = LINE('',#7915,#7916);
#7915 = CARTESIAN_POINT('',(18.,39.6,0.));
#7916 = VECTOR('',#7917,1.);
#7917 = DIRECTION('',(0.,0.,1.));
#7918 = PCURVE('',#4837,#7919);
#7919 = DEFINITIONAL_REPRESENTATION('',(#7920),#7924);
#7920 = LINE('',#7921,#7922);
#7921 = CARTESIAN_POINT('',(0.424264068712,0.));
#7922 = VECTOR('',#7923,1.);
#7923 = DIRECTION('',(0.,-1.));
#7924 = ( GEOMETRIC_REPRESENTATION_CONTEXT(2) 
PARAMETRIC_REPRESENTATION_CONTEXT() REPRESENTATION_CONTEXT('2D SPACE',''
  ) );
#7925 = PCURVE('',#6298,#7926);
#7926 = DEFINITIONAL_REPRESENTATION('',(#7927),#7931);
#7927 = LINE('',#7928,#7929);
#7928 = CARTESIAN_POINT('',(0.,0.));
#7929 = VECTOR('',#7930,1.);
#7930 = DIRECTION('',(0.,-1.));
#7931 = ( GEOMETRIC_REPRESENTATION_CONTEXT(2) 
PARAMETRIC_REPRESENTATION_CONTEXT() REPRESENTATION_CONTEXT('2D SPACE',''
  ) );
#7932 = ORIENTED_EDGE('',*,*,#6259,.F.);
#7933 = ORIENTED_EDGE('',*,*,#7934,.F.);
#7934 = EDGE_CURVE('',#7888,#6232,#7935,.T.);
#7935 = SURFACE_CURVE('',#7936,(#7940,#7947),.PCURVE_S1.);
#7936 = LINE('',#7937,#7938);
#7937 = CARTESIAN_POINT('',(19.116666666667,40.716666666667,
    1.066666666667));
#7938 = VECTOR('',#7939,1.);
#7939 = DIRECTION('',(-0.57735026919,-0.57735026919,-0.57735026919));
#7940 = PCURVE('',#4837,#7941);
#7941 = DEFINITIONAL_REPRESENTATION('',(#7942),#7946);
#7942 = LINE('',#7943,#7944);
#7943 = CARTESIAN_POINT('',(-1.154941075939,-1.066666666667));
#7944 = VECTOR('',#7945,1.);
#7945 = DIRECTION('',(0.816496580928,0.57735026919));
#7946 = ( GEOMETRIC_REPRESENTATION_CONTEXT(2) 
PARAMETRIC_REPRESENTATION_CONTEXT() REPRESENTATION_CONTEXT('2D SPACE',''
  ) );
#7947 = PCURVE('',#6247,#7948);
#7948 = DEFINITIONAL_REPRESENTATION('',(#7949),#7953);
#7949 = LINE('',#7950,#7951);
#7950 = CARTESIAN_POINT('',(-4.583333333333,-1.331717771235));
#7951 = VECTOR('',#7952,1.);
#7952 = DIRECTION('',(-0.57735026919,0.816496580928));
#7953 = ( GEOMETRIC_REPRESENTATION_CONTEXT(2) 
PARAMETRIC_REPRESENTATION_CONTEXT() REPRESENTATION_CONTEXT('2D SPACE',''
  ) );
#7954 = ADVANCED_FACE('',(#7955),#4528,.F.);
#7955 = FACE_BOUND('',#7956,.F.);
#7956 = EDGE_LOOP('',(#7957,#7958,#7959,#7982));
#7957 = ORIENTED_EDGE('',*,*,#7816,.T.);
#7958 = ORIENTED_EDGE('',*,*,#4512,.T.);
#7959 = ORIENTED_EDGE('',*,*,#7960,.F.);
#7960 = EDGE_CURVE('',#7961,#4513,#7963,.T.);
#7961 = VERTEX_POINT('',#7962);
#7962 = CARTESIAN_POINT('',(67.9,22.5,0.25));
#7963 = SURFACE_CURVE('',#7964,(#7968,#7975),.PCURVE_S1.);
#7964 = LINE('',#7965,#7966);
#7965 = CARTESIAN_POINT('',(67.9,22.5,0.));
#7966 = VECTOR('',#7967,1.);
#7967 = DIRECTION('',(0.,0.,1.));
#7968 = PCURVE('',#4528,#7969);
#7969 = DEFINITIONAL_REPRESENTATION('',(#7970),#7974);
#7970 = LINE('',#7971,#7972);
#7971 = CARTESIAN_POINT('',(5.4,0.));
#7972 = VECTOR('',#7973,1.);
#7973 = DIRECTION('',(0.,-1.));
#7974 = ( GEOMETRIC_REPRESENTATION_CONTEXT(2) 
PARAMETRIC_REPRESENTATION_CONTEXT() REPRESENTATION_CONTEXT('2D SPACE',''
  ) );
#7975 = PCURVE('',#4556,#7976);
#7976 = DEFINITIONAL_REPRESENTATION('',(#7977),#7981);
#7977 = LINE('',#7978,#7979);
#7978 = CARTESIAN_POINT('',(0.,0.));
#7979 = VECTOR('',#7980,1.);
#7980 = DIRECTION('',(0.,-1.));
#7981 = ( GEOMETRIC_REPRESENTATION_CONTEXT(2) 
PARAMETRIC_REPRESENTATION_CONTEXT() REPRESENTATION_CONTEXT('2D SPACE',''
  ) );
#7982 = ORIENTED_EDGE('',*,*,#7983,.F.);
#7983 = EDGE_CURVE('',#7817,#7961,#7984,.T.);
#7984 = SURFACE_CURVE('',#7985,(#7989,#7996),.PCURVE_S1.);
#7985 = LINE('',#7986,#7987);
#7986 = CARTESIAN_POINT('',(67.9,17.1,0.25));
#7987 = VECTOR('',#7988,1.);
#7988 = DIRECTION('',(-2.22044604925E-16,1.,0.));
#7989 = PCURVE('',#4528,#7990);
#7990 = DEFINITIONAL_REPRESENTATION('',(#7991),#7995);
#7991 = LINE('',#7992,#7993);
#7992 = CARTESIAN_POINT('',(0.,-0.25));
#7993 = VECTOR('',#7994,1.);
#7994 = DIRECTION('',(1.,0.));
#7995 = ( GEOMETRIC_REPRESENTATION_CONTEXT(2) 
PARAMETRIC_REPRESENTATION_CONTEXT() REPRESENTATION_CONTEXT('2D SPACE',''
  ) );
#7996 = PCURVE('',#5870,#7997);
#7997 = DEFINITIONAL_REPRESENTATION('',(#7998),#8002);
#7998 = LINE('',#7999,#8000);
#7999 = CARTESIAN_POINT('',(2.775557561562E-17,-0.176776695297));
#8000 = VECTOR('',#8001,1.);
#8001 = DIRECTION('',(-1.,3.697785493223E-32));
#8002 = ( GEOMETRIC_REPRESENTATION_CONTEXT(2) 
PARAMETRIC_REPRESENTATION_CONTEXT() REPRESENTATION_CONTEXT('2D SPACE',''
  ) );
#8003 = ADVANCED_FACE('',(#8004),#4809,.F.);
#8004 = FACE_BOUND('',#8005,.F.);
#8005 = EDGE_LOOP('',(#8006,#8029,#8030,#8031));
#8006 = ORIENTED_EDGE('',*,*,#8007,.T.);
#8007 = EDGE_CURVE('',#8008,#4766,#8010,.T.);
#8008 = VERTEX_POINT('',#8009);
#8009 = CARTESIAN_POINT('',(23.7,39.9,0.25));
#8010 = SURFACE_CURVE('',#8011,(#8015,#8022),.PCURVE_S1.);
#8011 = LINE('',#8012,#8013);
#8012 = CARTESIAN_POINT('',(23.7,39.9,0.));
#8013 = VECTOR('',#8014,1.);
#8014 = DIRECTION('',(0.,0.,1.));
#8015 = PCURVE('',#4809,#8016);
#8016 = DEFINITIONAL_REPRESENTATION('',(#8017),#8021);
#8017 = LINE('',#8018,#8019);
#8018 = CARTESIAN_POINT('',(0.,-0.));
#8019 = VECTOR('',#8020,1.);
#8020 = DIRECTION('',(0.,-1.));
#8021 = ( GEOMETRIC_REPRESENTATION_CONTEXT(2) 
PARAMETRIC_REPRESENTATION_CONTEXT() REPRESENTATION_CONTEXT('2D SPACE',''
  ) );
#8022 = PCURVE('',#4781,#8023);
#8023 = DEFINITIONAL_REPRESENTATION('',(#8024),#8028);
#8024 = LINE('',#8025,#8026);
#8025 = CARTESIAN_POINT('',(0.424264068712,0.));
#8026 = VECTOR('',#8027,1.);
#8027 = DIRECTION('',(0.,-1.));
#8028 = ( GEOMETRIC_REPRESENTATION_CONTEXT(2) 
PARAMETRIC_REPRESENTATION_CONTEXT() REPRESENTATION_CONTEXT('2D SPACE',''
  ) );
#8029 = ORIENTED_EDGE('',*,*,#4793,.T.);
#8030 = ORIENTED_EDGE('',*,*,#7887,.F.);
#8031 = ORIENTED_EDGE('',*,*,#8032,.F.);
#8032 = EDGE_CURVE('',#8008,#7888,#8033,.T.);
#8033 = SURFACE_CURVE('',#8034,(#8038,#8045),.PCURVE_S1.);
#8034 = LINE('',#8035,#8036);
#8035 = CARTESIAN_POINT('',(23.7,39.9,0.25));
#8036 = VECTOR('',#8037,1.);
#8037 = DIRECTION('',(-1.,0.,0.));
#8038 = PCURVE('',#4809,#8039);
#8039 = DEFINITIONAL_REPRESENTATION('',(#8040),#8044);
#8040 = LINE('',#8041,#8042);
#8041 = CARTESIAN_POINT('',(0.,-0.25));
#8042 = VECTOR('',#8043,1.);
#8043 = DIRECTION('',(1.,0.));
#8044 = ( GEOMETRIC_REPRESENTATION_CONTEXT(2) 
PARAMETRIC_REPRESENTATION_CONTEXT() REPRESENTATION_CONTEXT('2D SPACE',''
  ) );
#8045 = PCURVE('',#6247,#8046);
#8046 = DEFINITIONAL_REPRESENTATION('',(#8047),#8051);
#8047 = LINE('',#8048,#8049);
#8048 = CARTESIAN_POINT('',(0.,-0.176776695297));
#8049 = VECTOR('',#8050,1.);
#8050 = DIRECTION('',(-1.,-0.));
#8051 = ( GEOMETRIC_REPRESENTATION_CONTEXT(2) 
PARAMETRIC_REPRESENTATION_CONTEXT() REPRESENTATION_CONTEXT('2D SPACE',''
  ) );
#8052 = ADVANCED_FACE('',(#8053),#4556,.F.);
#8053 = FACE_BOUND('',#8054,.F.);
#8054 = EDGE_LOOP('',(#8055,#8056,#8057,#8080,#8101,#8102));
#8055 = ORIENTED_EDGE('',*,*,#7960,.T.);
#8056 = ORIENTED_EDGE('',*,*,#4540,.T.);
#8057 = ORIENTED_EDGE('',*,*,#8058,.F.);
#8058 = EDGE_CURVE('',#8059,#4541,#8061,.T.);
#8059 = VERTEX_POINT('',#8060);
#8060 = CARTESIAN_POINT('',(67.6,22.8,0.4));
#8061 = SURFACE_CURVE('',#8062,(#8066,#8073),.PCURVE_S1.);
#8062 = LINE('',#8063,#8064);
#8063 = CARTESIAN_POINT('',(67.6,22.8,0.));
#8064 = VECTOR('',#8065,1.);
#8065 = DIRECTION('',(0.,0.,1.));
#8066 = PCURVE('',#4556,#8067);
#8067 = DEFINITIONAL_REPRESENTATION('',(#8068),#8072);
#8068 = LINE('',#8069,#8070);
#8069 = CARTESIAN_POINT('',(0.424264068712,0.));
#8070 = VECTOR('',#8071,1.);
#8071 = DIRECTION('',(0.,-1.));
#8072 = ( GEOMETRIC_REPRESENTATION_CONTEXT(2) 
PARAMETRIC_REPRESENTATION_CONTEXT() REPRESENTATION_CONTEXT('2D SPACE',''
  ) );
#8073 = PCURVE('',#4584,#8074);
#8074 = DEFINITIONAL_REPRESENTATION('',(#8075),#8079);
#8075 = LINE('',#8076,#8077);
#8076 = CARTESIAN_POINT('',(20.800000000001,0.));
#8077 = VECTOR('',#8078,1.);
#8078 = DIRECTION('',(0.,-1.));
#8079 = ( GEOMETRIC_REPRESENTATION_CONTEXT(2) 
PARAMETRIC_REPRESENTATION_CONTEXT() REPRESENTATION_CONTEXT('2D SPACE',''
  ) );
#8080 = ORIENTED_EDGE('',*,*,#8081,.F.);
#8081 = EDGE_CURVE('',#5883,#8059,#8082,.T.);
#8082 = SURFACE_CURVE('',#8083,(#8087,#8094),.PCURVE_S1.);
#8083 = LINE('',#8084,#8085);
#8084 = CARTESIAN_POINT('',(67.6,22.8,0.));
#8085 = VECTOR('',#8086,1.);
#8086 = DIRECTION('',(0.,0.,1.));
#8087 = PCURVE('',#4556,#8088);
#8088 = DEFINITIONAL_REPRESENTATION('',(#8089),#8093);
#8089 = LINE('',#8090,#8091);
#8090 = CARTESIAN_POINT('',(0.424264068712,0.));
#8091 = VECTOR('',#8092,1.);
#8092 = DIRECTION('',(0.,-1.));
#8093 = ( GEOMETRIC_REPRESENTATION_CONTEXT(2) 
PARAMETRIC_REPRESENTATION_CONTEXT() REPRESENTATION_CONTEXT('2D SPACE',''
  ) );
#8094 = PCURVE('',#5921,#8095);
#8095 = DEFINITIONAL_REPRESENTATION('',(#8096),#8100);
#8096 = LINE('',#8097,#8098);
#8097 = CARTESIAN_POINT('',(0.,0.));
#8098 = VECTOR('',#8099,1.);
#8099 = DIRECTION('',(0.,-1.));
#8100 = ( GEOMETRIC_REPRESENTATION_CONTEXT(2) 
PARAMETRIC_REPRESENTATION_CONTEXT() REPRESENTATION_CONTEXT('2D SPACE',''
  ) );
#8101 = ORIENTED_EDGE('',*,*,#5882,.F.);
#8102 = ORIENTED_EDGE('',*,*,#8103,.F.);
#8103 = EDGE_CURVE('',#7961,#5855,#8104,.T.);
#8104 = SURFACE_CURVE('',#8105,(#8109,#8116),.PCURVE_S1.);
#8105 = LINE('',#8106,#8107);
#8106 = CARTESIAN_POINT('',(68.716666666667,21.683333333333,
    1.066666666667));
#8107 = VECTOR('',#8108,1.);
#8108 = DIRECTION('',(-0.57735026919,0.57735026919,-0.57735026919));
#8109 = PCURVE('',#4556,#8110);
#8110 = DEFINITIONAL_REPRESENTATION('',(#8111),#8115);
#8111 = LINE('',#8112,#8113);
#8112 = CARTESIAN_POINT('',(-1.154941075938,-1.066666666667));
#8113 = VECTOR('',#8114,1.);
#8114 = DIRECTION('',(0.816496580928,0.57735026919));
#8115 = ( GEOMETRIC_REPRESENTATION_CONTEXT(2) 
PARAMETRIC_REPRESENTATION_CONTEXT() REPRESENTATION_CONTEXT('2D SPACE',''
  ) );
#8116 = PCURVE('',#5870,#8117);
#8117 = DEFINITIONAL_REPRESENTATION('',(#8118),#8122);
#8118 = LINE('',#8119,#8120);
#8119 = CARTESIAN_POINT('',(-4.583333333333,-1.331717771235));
#8120 = VECTOR('',#8121,1.);
#8121 = DIRECTION('',(-0.57735026919,0.816496580928));
#8122 = ( GEOMETRIC_REPRESENTATION_CONTEXT(2) 
PARAMETRIC_REPRESENTATION_CONTEXT() REPRESENTATION_CONTEXT('2D SPACE',''
  ) );
#8123 = ADVANCED_FACE('',(#8124),#4781,.F.);
#8124 = FACE_BOUND('',#8125,.F.);
#8125 = EDGE_LOOP('',(#8126,#8127,#8148,#8149,#8172,#8193));
#8126 = ORIENTED_EDGE('',*,*,#8007,.F.);
#8127 = ORIENTED_EDGE('',*,*,#8128,.T.);
#8128 = EDGE_CURVE('',#8008,#6209,#8129,.T.);
#8129 = SURFACE_CURVE('',#8130,(#8134,#8141),.PCURVE_S1.);
#8130 = LINE('',#8131,#8132);
#8131 = CARTESIAN_POINT('',(23.883333333333,39.716666666667,
    6.666666666667E-02));
#8132 = VECTOR('',#8133,1.);
#8133 = DIRECTION('',(0.57735026919,-0.57735026919,-0.57735026919));
#8134 = PCURVE('',#4781,#8135);
#8135 = DEFINITIONAL_REPRESENTATION('',(#8136),#8140);
#8136 = LINE('',#8137,#8138);
#8137 = CARTESIAN_POINT('',(0.164991582277,-6.666666666667E-02));
#8138 = VECTOR('',#8139,1.);
#8139 = DIRECTION('',(-0.816496580928,0.57735026919));
#8140 = ( GEOMETRIC_REPRESENTATION_CONTEXT(2) 
PARAMETRIC_REPRESENTATION_CONTEXT() REPRESENTATION_CONTEXT('2D SPACE',''
  ) );
#8141 = PCURVE('',#6247,#8142);
#8142 = DEFINITIONAL_REPRESENTATION('',(#8143),#8147);
#8143 = LINE('',#8144,#8145);
#8144 = CARTESIAN_POINT('',(0.183333333333,8.249579113819E-02));
#8145 = VECTOR('',#8146,1.);
#8146 = DIRECTION('',(0.57735026919,0.816496580928));
#8147 = ( GEOMETRIC_REPRESENTATION_CONTEXT(2) 
PARAMETRIC_REPRESENTATION_CONTEXT() REPRESENTATION_CONTEXT('2D SPACE',''
  ) );
#8148 = ORIENTED_EDGE('',*,*,#6208,.F.);
#8149 = ORIENTED_EDGE('',*,*,#8150,.T.);
#8150 = EDGE_CURVE('',#6181,#8151,#8153,.T.);
#8151 = VERTEX_POINT('',#8152);
#8152 = CARTESIAN_POINT('',(24.,39.6,0.4));
#8153 = SURFACE_CURVE('',#8154,(#8158,#8165),.PCURVE_S1.);
#8154 = LINE('',#8155,#8156);
#8155 = CARTESIAN_POINT('',(24.,39.6,0.));
#8156 = VECTOR('',#8157,1.);
#8157 = DIRECTION('',(0.,0.,1.));
#8158 = PCURVE('',#4781,#8159);
#8159 = DEFINITIONAL_REPRESENTATION('',(#8160),#8164);
#8160 = LINE('',#8161,#8162);
#8161 = CARTESIAN_POINT('',(0.,0.));
#8162 = VECTOR('',#8163,1.);
#8163 = DIRECTION('',(0.,-1.));
#8164 = ( GEOMETRIC_REPRESENTATION_CONTEXT(2) 
PARAMETRIC_REPRESENTATION_CONTEXT() REPRESENTATION_CONTEXT('2D SPACE',''
  ) );
#8165 = PCURVE('',#6196,#8166);
#8166 = DEFINITIONAL_REPRESENTATION('',(#8167),#8171);
#8167 = LINE('',#8168,#8169);
#8168 = CARTESIAN_POINT('',(0.4,0.));
#8169 = VECTOR('',#8170,1.);
#8170 = DIRECTION('',(0.,-1.));
#8171 = ( GEOMETRIC_REPRESENTATION_CONTEXT(2) 
PARAMETRIC_REPRESENTATION_CONTEXT() REPRESENTATION_CONTEXT('2D SPACE',''
  ) );
#8172 = ORIENTED_EDGE('',*,*,#8173,.T.);
#8173 = EDGE_CURVE('',#8151,#4738,#8174,.T.);
#8174 = SURFACE_CURVE('',#8175,(#8179,#8186),.PCURVE_S1.);
#8175 = LINE('',#8176,#8177);
#8176 = CARTESIAN_POINT('',(24.,39.6,0.));
#8177 = VECTOR('',#8178,1.);
#8178 = DIRECTION('',(0.,0.,1.));
#8179 = PCURVE('',#4781,#8180);
#8180 = DEFINITIONAL_REPRESENTATION('',(#8181),#8185);
#8181 = LINE('',#8182,#8183);
#8182 = CARTESIAN_POINT('',(0.,0.));
#8183 = VECTOR('',#8184,1.);
#8184 = DIRECTION('',(0.,-1.));
#8185 = ( GEOMETRIC_REPRESENTATION_CONTEXT(2) 
PARAMETRIC_REPRESENTATION_CONTEXT() REPRESENTATION_CONTEXT('2D SPACE',''
  ) );
#8186 = PCURVE('',#4753,#8187);
#8187 = DEFINITIONAL_REPRESENTATION('',(#8188),#8192);
#8188 = LINE('',#8189,#8190);
#8189 = CARTESIAN_POINT('',(22.,0.));
#8190 = VECTOR('',#8191,1.);
#8191 = DIRECTION('',(0.,-1.));
#8192 = ( GEOMETRIC_REPRESENTATION_CONTEXT(2) 
PARAMETRIC_REPRESENTATION_CONTEXT() REPRESENTATION_CONTEXT('2D SPACE',''
  ) );
#8193 = ORIENTED_EDGE('',*,*,#4765,.T.);
#8194 = ADVANCED_FACE('',(#8195),#4584,.F.);
#8195 = FACE_BOUND('',#8196,.F.);
#8196 = EDGE_LOOP('',(#8197,#8220,#8221,#8222));
#8197 = ORIENTED_EDGE('',*,*,#8198,.T.);
#8198 = EDGE_CURVE('',#8199,#8059,#8201,.T.);
#8199 = VERTEX_POINT('',#8200);
#8200 = CARTESIAN_POINT('',(67.6,37.599999995297,0.4));
#8201 = SURFACE_CURVE('',#8202,(#8206,#8213),.PCURVE_S1.);
#8202 = LINE('',#8203,#8204);
#8203 = CARTESIAN_POINT('',(67.6,37.599999995297,0.4));
#8204 = VECTOR('',#8205,1.);
#8205 = DIRECTION('',(-0.,-1.,-0.));
#8206 = PCURVE('',#4584,#8207);
#8207 = DEFINITIONAL_REPRESENTATION('',(#8208),#8212);
#8208 = LINE('',#8209,#8210);
#8209 = CARTESIAN_POINT('',(35.599999995298,-0.4));
#8210 = VECTOR('',#8211,1.);
#8211 = DIRECTION('',(-1.,0.));
#8212 = ( GEOMETRIC_REPRESENTATION_CONTEXT(2) 
PARAMETRIC_REPRESENTATION_CONTEXT() REPRESENTATION_CONTEXT('2D SPACE',''
  ) );
#8213 = PCURVE('',#5949,#8214);
#8214 = DEFINITIONAL_REPRESENTATION('',(#8215),#8219);
#8215 = LINE('',#8216,#8217);
#8216 = CARTESIAN_POINT('',(-1.386669559959E-32,-0.282842712475));
#8217 = VECTOR('',#8218,1.);
#8218 = DIRECTION('',(1.,0.));
#8219 = ( GEOMETRIC_REPRESENTATION_CONTEXT(2) 
PARAMETRIC_REPRESENTATION_CONTEXT() REPRESENTATION_CONTEXT('2D SPACE',''
  ) );
#8220 = ORIENTED_EDGE('',*,*,#8058,.T.);
#8221 = ORIENTED_EDGE('',*,*,#4568,.T.);
#8222 = ORIENTED_EDGE('',*,*,#8223,.F.);
#8223 = EDGE_CURVE('',#8199,#4569,#8224,.T.);
#8224 = SURFACE_CURVE('',#8225,(#8229,#8236),.PCURVE_S1.);
#8225 = LINE('',#8226,#8227);
#8226 = CARTESIAN_POINT('',(67.6,37.599999995297,0.));
#8227 = VECTOR('',#8228,1.);
#8228 = DIRECTION('',(0.,0.,1.));
#8229 = PCURVE('',#4584,#8230);
#8230 = DEFINITIONAL_REPRESENTATION('',(#8231),#8235);
#8231 = LINE('',#8232,#8233);
#8232 = CARTESIAN_POINT('',(35.599999995298,0.));
#8233 = VECTOR('',#8234,1.);
#8234 = DIRECTION('',(0.,-1.));
#8235 = ( GEOMETRIC_REPRESENTATION_CONTEXT(2) 
PARAMETRIC_REPRESENTATION_CONTEXT() REPRESENTATION_CONTEXT('2D SPACE',''
  ) );
#8236 = PCURVE('',#4613,#8237);
#8237 = DEFINITIONAL_REPRESENTATION('',(#8238),#8242);
#8238 = LINE('',#8239,#8240);
#8239 = CARTESIAN_POINT('',(6.28318530718,0.));
#8240 = VECTOR('',#8241,1.);
#8241 = DIRECTION('',(-0.,-1.));
#8242 = ( GEOMETRIC_REPRESENTATION_CONTEXT(2) 
PARAMETRIC_REPRESENTATION_CONTEXT() REPRESENTATION_CONTEXT('2D SPACE',''
  ) );
#8243 = ADVANCED_FACE('',(#8244),#4753,.T.);
#8244 = FACE_BOUND('',#8245,.T.);
#8245 = EDGE_LOOP('',(#8246,#8269,#8270,#8271));
#8246 = ORIENTED_EDGE('',*,*,#8247,.F.);
#8247 = EDGE_CURVE('',#8151,#8248,#8250,.T.);
#8248 = VERTEX_POINT('',#8249);
#8249 = CARTESIAN_POINT('',(47.,39.6,0.4));
#8250 = SURFACE_CURVE('',#8251,(#8255,#8262),.PCURVE_S1.);
#8251 = LINE('',#8252,#8253);
#8252 = CARTESIAN_POINT('',(2.,39.600000000001,0.4));
#8253 = VECTOR('',#8254,1.);
#8254 = DIRECTION('',(1.,0.,0.));
#8255 = PCURVE('',#4753,#8256);
#8256 = DEFINITIONAL_REPRESENTATION('',(#8257),#8261);
#8257 = LINE('',#8258,#8259);
#8258 = CARTESIAN_POINT('',(0.,-0.4));
#8259 = VECTOR('',#8260,1.);
#8260 = DIRECTION('',(1.,0.));
#8261 = ( GEOMETRIC_REPRESENTATION_CONTEXT(2) 
PARAMETRIC_REPRESENTATION_CONTEXT() REPRESENTATION_CONTEXT('2D SPACE',''
  ) );
#8262 = PCURVE('',#6168,#8263);
#8263 = DEFINITIONAL_REPRESENTATION('',(#8264),#8268);
#8264 = LINE('',#8265,#8266);
#8265 = CARTESIAN_POINT('',(7.125940794233E-33,-0.282842712475));
#8266 = VECTOR('',#8267,1.);
#8267 = DIRECTION('',(-1.,0.));
#8268 = ( GEOMETRIC_REPRESENTATION_CONTEXT(2) 
PARAMETRIC_REPRESENTATION_CONTEXT() REPRESENTATION_CONTEXT('2D SPACE',''
  ) );
#8269 = ORIENTED_EDGE('',*,*,#8173,.T.);
#8270 = ORIENTED_EDGE('',*,*,#4737,.T.);
#8271 = ORIENTED_EDGE('',*,*,#8272,.F.);
#8272 = EDGE_CURVE('',#8248,#4710,#8273,.T.);
#8273 = SURFACE_CURVE('',#8274,(#8278,#8285),.PCURVE_S1.);
#8274 = LINE('',#8275,#8276);
#8275 = CARTESIAN_POINT('',(47.,39.6,0.));
#8276 = VECTOR('',#8277,1.);
#8277 = DIRECTION('',(0.,0.,1.));
#8278 = PCURVE('',#4753,#8279);
#8279 = DEFINITIONAL_REPRESENTATION('',(#8280),#8284);
#8280 = LINE('',#8281,#8282);
#8281 = CARTESIAN_POINT('',(45.,0.));
#8282 = VECTOR('',#8283,1.);
#8283 = DIRECTION('',(0.,-1.));
#8284 = ( GEOMETRIC_REPRESENTATION_CONTEXT(2) 
PARAMETRIC_REPRESENTATION_CONTEXT() REPRESENTATION_CONTEXT('2D SPACE',''
  ) );
#8285 = PCURVE('',#4725,#8286);
#8286 = DEFINITIONAL_REPRESENTATION('',(#8287),#8291);
#8287 = LINE('',#8288,#8289);
#8288 = CARTESIAN_POINT('',(0.424264068712,0.));
#8289 = VECTOR('',#8290,1.);
#8290 = DIRECTION('',(0.,-1.));
#8291 = ( GEOMETRIC_REPRESENTATION_CONTEXT(2) 
PARAMETRIC_REPRESENTATION_CONTEXT() REPRESENTATION_CONTEXT('2D SPACE',''
  ) );
#8292 = ADVANCED_FACE('',(#8293),#4613,.T.);
#8293 = FACE_BOUND('',#8294,.T.);
#8294 = EDGE_LOOP('',(#8295,#8319,#8340,#8341));
#8295 = ORIENTED_EDGE('',*,*,#8296,.F.);
#8296 = EDGE_CURVE('',#8297,#8199,#8299,.T.);
#8297 = VERTEX_POINT('',#8298);
#8298 = CARTESIAN_POINT('',(65.6,39.600000000001,0.4));
#8299 = SURFACE_CURVE('',#8300,(#8305,#8312),.PCURVE_S1.);
#8300 = CIRCLE('',#8301,2.);
#8301 = AXIS2_PLACEMENT_3D('',#8302,#8303,#8304);
#8302 = CARTESIAN_POINT('',(65.6,37.599999995297,0.4));
#8303 = DIRECTION('',(0.,0.,-1.));
#8304 = DIRECTION('',(0.,1.,0.));
#8305 = PCURVE('',#4613,#8306);
#8306 = DEFINITIONAL_REPRESENTATION('',(#8307),#8311);
#8307 = LINE('',#8308,#8309);
#8308 = CARTESIAN_POINT('',(4.712388980385,-0.4));
#8309 = VECTOR('',#8310,1.);
#8310 = DIRECTION('',(1.,-0.));
#8311 = ( GEOMETRIC_REPRESENTATION_CONTEXT(2) 
PARAMETRIC_REPRESENTATION_CONTEXT() REPRESENTATION_CONTEXT('2D SPACE',''
  ) );
#8312 = PCURVE('',#5982,#8313);
#8313 = DEFINITIONAL_REPRESENTATION('',(#8314),#8318);
#8314 = LINE('',#8315,#8316);
#8315 = CARTESIAN_POINT('',(6.28318530718,0.));
#8316 = VECTOR('',#8317,1.);
#8317 = DIRECTION('',(-1.,-0.));
#8318 = ( GEOMETRIC_REPRESENTATION_CONTEXT(2) 
PARAMETRIC_REPRESENTATION_CONTEXT() REPRESENTATION_CONTEXT('2D SPACE',''
  ) );
#8319 = ORIENTED_EDGE('',*,*,#8320,.T.);
#8320 = EDGE_CURVE('',#8297,#4597,#8321,.T.);
#8321 = SURFACE_CURVE('',#8322,(#8326,#8333),.PCURVE_S1.);
#8322 = LINE('',#8323,#8324);
#8323 = CARTESIAN_POINT('',(65.6,39.599999997649,0.));
#8324 = VECTOR('',#8325,1.);
#8325 = DIRECTION('',(0.,0.,1.));
#8326 = PCURVE('',#4613,#8327);
#8327 = DEFINITIONAL_REPRESENTATION('',(#8328),#8332);
#8328 = LINE('',#8329,#8330);
#8329 = CARTESIAN_POINT('',(4.712388980385,0.));
#8330 = VECTOR('',#8331,1.);
#8331 = DIRECTION('',(-0.,-1.));
#8332 = ( GEOMETRIC_REPRESENTATION_CONTEXT(2) 
PARAMETRIC_REPRESENTATION_CONTEXT() REPRESENTATION_CONTEXT('2D SPACE',''
  ) );
#8333 = PCURVE('',#4641,#8334);
#8334 = DEFINITIONAL_REPRESENTATION('',(#8335),#8339);
#8335 = LINE('',#8336,#8337);
#8336 = CARTESIAN_POINT('',(63.6,0.));
#8337 = VECTOR('',#8338,1.);
#8338 = DIRECTION('',(0.,-1.));
#8339 = ( GEOMETRIC_REPRESENTATION_CONTEXT(2) 
PARAMETRIC_REPRESENTATION_CONTEXT() REPRESENTATION_CONTEXT('2D SPACE',''
  ) );
#8340 = ORIENTED_EDGE('',*,*,#4596,.F.);
#8341 = ORIENTED_EDGE('',*,*,#8223,.F.);
#8342 = ADVANCED_FACE('',(#8343),#4725,.F.);
#8343 = FACE_BOUND('',#8344,.F.);
#8344 = EDGE_LOOP('',(#8345,#8368,#8369,#8370,#8391,#8392));
#8345 = ORIENTED_EDGE('',*,*,#8346,.T.);
#8346 = EDGE_CURVE('',#8347,#4682,#8349,.T.);
#8347 = VERTEX_POINT('',#8348);
#8348 = CARTESIAN_POINT('',(47.3,39.9,0.25));
#8349 = SURFACE_CURVE('',#8350,(#8354,#8361),.PCURVE_S1.);
#8350 = LINE('',#8351,#8352);
#8351 = CARTESIAN_POINT('',(47.3,39.9,0.));
#8352 = VECTOR('',#8353,1.);
#8353 = DIRECTION('',(0.,0.,1.));
#8354 = PCURVE('',#4725,#8355);
#8355 = DEFINITIONAL_REPRESENTATION('',(#8356),#8360);
#8356 = LINE('',#8357,#8358);
#8357 = CARTESIAN_POINT('',(0.,0.));
#8358 = VECTOR('',#8359,1.);
#8359 = DIRECTION('',(0.,-1.));
#8360 = ( GEOMETRIC_REPRESENTATION_CONTEXT(2) 
PARAMETRIC_REPRESENTATION_CONTEXT() REPRESENTATION_CONTEXT('2D SPACE',''
  ) );
#8361 = PCURVE('',#4697,#8362);
#8362 = DEFINITIONAL_REPRESENTATION('',(#8363),#8367);
#8363 = LINE('',#8364,#8365);
#8364 = CARTESIAN_POINT('',(5.4,0.));
#8365 = VECTOR('',#8366,1.);
#8366 = DIRECTION('',(0.,-1.));
#8367 = ( GEOMETRIC_REPRESENTATION_CONTEXT(2) 
PARAMETRIC_REPRESENTATION_CONTEXT() REPRESENTATION_CONTEXT('2D SPACE',''
  ) );
#8368 = ORIENTED_EDGE('',*,*,#4709,.T.);
#8369 = ORIENTED_EDGE('',*,*,#8272,.F.);
#8370 = ORIENTED_EDGE('',*,*,#8371,.F.);
#8371 = EDGE_CURVE('',#6102,#8248,#8372,.T.);
#8372 = SURFACE_CURVE('',#8373,(#8377,#8384),.PCURVE_S1.);
#8373 = LINE('',#8374,#8375);
#8374 = CARTESIAN_POINT('',(47.,39.6,0.));
#8375 = VECTOR('',#8376,1.);
#8376 = DIRECTION('',(0.,0.,1.));
#8377 = PCURVE('',#4725,#8378);
#8378 = DEFINITIONAL_REPRESENTATION('',(#8379),#8383);
#8379 = LINE('',#8380,#8381);
#8380 = CARTESIAN_POINT('',(0.424264068712,0.));
#8381 = VECTOR('',#8382,1.);
#8382 = DIRECTION('',(0.,-1.));
#8383 = ( GEOMETRIC_REPRESENTATION_CONTEXT(2) 
PARAMETRIC_REPRESENTATION_CONTEXT() REPRESENTATION_CONTEXT('2D SPACE',''
  ) );
#8384 = PCURVE('',#6140,#8385);
#8385 = DEFINITIONAL_REPRESENTATION('',(#8386),#8390);
#8386 = LINE('',#8387,#8388);
#8387 = CARTESIAN_POINT('',(0.,0.));
#8388 = VECTOR('',#8389,1.);
#8389 = DIRECTION('',(0.,-1.));
#8390 = ( GEOMETRIC_REPRESENTATION_CONTEXT(2) 
PARAMETRIC_REPRESENTATION_CONTEXT() REPRESENTATION_CONTEXT('2D SPACE',''
  ) );
#8391 = ORIENTED_EDGE('',*,*,#6101,.F.);
#8392 = ORIENTED_EDGE('',*,*,#8393,.F.);
#8393 = EDGE_CURVE('',#8347,#6074,#8394,.T.);
#8394 = SURFACE_CURVE('',#8395,(#8399,#8406),.PCURVE_S1.);
#8395 = LINE('',#8396,#8397);
#8396 = CARTESIAN_POINT('',(48.116666666667,40.716666666667,
    1.066666666667));
#8397 = VECTOR('',#8398,1.);
#8398 = DIRECTION('',(-0.57735026919,-0.57735026919,-0.57735026919));
#8399 = PCURVE('',#4725,#8400);
#8400 = DEFINITIONAL_REPRESENTATION('',(#8401),#8405);
#8401 = LINE('',#8402,#8403);
#8402 = CARTESIAN_POINT('',(-1.154941075939,-1.066666666667));
#8403 = VECTOR('',#8404,1.);
#8404 = DIRECTION('',(0.816496580928,0.57735026919));
#8405 = ( GEOMETRIC_REPRESENTATION_CONTEXT(2) 
PARAMETRIC_REPRESENTATION_CONTEXT() REPRESENTATION_CONTEXT('2D SPACE',''
  ) );
#8406 = PCURVE('',#6089,#8407);
#8407 = DEFINITIONAL_REPRESENTATION('',(#8408),#8412);
#8408 = LINE('',#8409,#8410);
#8409 = CARTESIAN_POINT('',(-4.583333333333,-1.331717771235));
#8410 = VECTOR('',#8411,1.);
#8411 = DIRECTION('',(-0.57735026919,0.816496580928));
#8412 = ( GEOMETRIC_REPRESENTATION_CONTEXT(2) 
PARAMETRIC_REPRESENTATION_CONTEXT() REPRESENTATION_CONTEXT('2D SPACE',''
  ) );
#8413 = ADVANCED_FACE('',(#8414),#4641,.T.);
#8414 = FACE_BOUND('',#8415,.T.);
#8415 = EDGE_LOOP('',(#8416,#8439,#8460,#8461));
#8416 = ORIENTED_EDGE('',*,*,#8417,.F.);
#8417 = EDGE_CURVE('',#8418,#8297,#8420,.T.);
#8418 = VERTEX_POINT('',#8419);
#8419 = CARTESIAN_POINT('',(53.,39.6,0.4));
#8420 = SURFACE_CURVE('',#8421,(#8425,#8432),.PCURVE_S1.);
#8421 = LINE('',#8422,#8423);
#8422 = CARTESIAN_POINT('',(2.,39.600000000001,0.4));
#8423 = VECTOR('',#8424,1.);
#8424 = DIRECTION('',(1.,0.,0.));
#8425 = PCURVE('',#4641,#8426);
#8426 = DEFINITIONAL_REPRESENTATION('',(#8427),#8431);
#8427 = LINE('',#8428,#8429);
#8428 = CARTESIAN_POINT('',(0.,-0.4));
#8429 = VECTOR('',#8430,1.);
#8430 = DIRECTION('',(1.,0.));
#8431 = ( GEOMETRIC_REPRESENTATION_CONTEXT(2) 
PARAMETRIC_REPRESENTATION_CONTEXT() REPRESENTATION_CONTEXT('2D SPACE',''
  ) );
#8432 = PCURVE('',#6010,#8433);
#8433 = DEFINITIONAL_REPRESENTATION('',(#8434),#8438);
#8434 = LINE('',#8435,#8436);
#8435 = CARTESIAN_POINT('',(7.125940794233E-33,-0.282842712475));
#8436 = VECTOR('',#8437,1.);
#8437 = DIRECTION('',(-1.,0.));
#8438 = ( GEOMETRIC_REPRESENTATION_CONTEXT(2) 
PARAMETRIC_REPRESENTATION_CONTEXT() REPRESENTATION_CONTEXT('2D SPACE',''
  ) );
#8439 = ORIENTED_EDGE('',*,*,#8440,.T.);
#8440 = EDGE_CURVE('',#8418,#4626,#8441,.T.);
#8441 = SURFACE_CURVE('',#8442,(#8446,#8453),.PCURVE_S1.);
#8442 = LINE('',#8443,#8444);
#8443 = CARTESIAN_POINT('',(53.,39.6,0.));
#8444 = VECTOR('',#8445,1.);
#8445 = DIRECTION('',(0.,0.,1.));
#8446 = PCURVE('',#4641,#8447);
#8447 = DEFINITIONAL_REPRESENTATION('',(#8448),#8452);
#8448 = LINE('',#8449,#8450);
#8449 = CARTESIAN_POINT('',(51.,0.));
#8450 = VECTOR('',#8451,1.);
#8451 = DIRECTION('',(0.,-1.));
#8452 = ( GEOMETRIC_REPRESENTATION_CONTEXT(2) 
PARAMETRIC_REPRESENTATION_CONTEXT() REPRESENTATION_CONTEXT('2D SPACE',''
  ) );
#8453 = PCURVE('',#4669,#8454);
#8454 = DEFINITIONAL_REPRESENTATION('',(#8455),#8459);
#8455 = LINE('',#8456,#8457);
#8456 = CARTESIAN_POINT('',(0.,0.));
#8457 = VECTOR('',#8458,1.);
#8458 = DIRECTION('',(0.,-1.));
#8459 = ( GEOMETRIC_REPRESENTATION_CONTEXT(2) 
PARAMETRIC_REPRESENTATION_CONTEXT() REPRESENTATION_CONTEXT('2D SPACE',''
  ) );
#8460 = ORIENTED_EDGE('',*,*,#4625,.T.);
#8461 = ORIENTED_EDGE('',*,*,#8320,.F.);
#8462 = ADVANCED_FACE('',(#8463),#4697,.F.);
#8463 = FACE_BOUND('',#8464,.F.);
#8464 = EDGE_LOOP('',(#8465,#8488,#8489,#8490));
#8465 = ORIENTED_EDGE('',*,*,#8466,.T.);
#8466 = EDGE_CURVE('',#8467,#4654,#8469,.T.);
#8467 = VERTEX_POINT('',#8468);
#8468 = CARTESIAN_POINT('',(52.7,39.9,0.25));
#8469 = SURFACE_CURVE('',#8470,(#8474,#8481),.PCURVE_S1.);
#8470 = LINE('',#8471,#8472);
#8471 = CARTESIAN_POINT('',(52.7,39.9,0.));
#8472 = VECTOR('',#8473,1.);
#8473 = DIRECTION('',(0.,0.,1.));
#8474 = PCURVE('',#4697,#8475);
#8475 = DEFINITIONAL_REPRESENTATION('',(#8476),#8480);
#8476 = LINE('',#8477,#8478);
#8477 = CARTESIAN_POINT('',(0.,-0.));
#8478 = VECTOR('',#8479,1.);
#8479 = DIRECTION('',(0.,-1.));
#8480 = ( GEOMETRIC_REPRESENTATION_CONTEXT(2) 
PARAMETRIC_REPRESENTATION_CONTEXT() REPRESENTATION_CONTEXT('2D SPACE',''
  ) );
#8481 = PCURVE('',#4669,#8482);
#8482 = DEFINITIONAL_REPRESENTATION('',(#8483),#8487);
#8483 = LINE('',#8484,#8485);
#8484 = CARTESIAN_POINT('',(0.424264068712,0.));
#8485 = VECTOR('',#8486,1.);
#8486 = DIRECTION('',(0.,-1.));
#8487 = ( GEOMETRIC_REPRESENTATION_CONTEXT(2) 
PARAMETRIC_REPRESENTATION_CONTEXT() REPRESENTATION_CONTEXT('2D SPACE',''
  ) );
#8488 = ORIENTED_EDGE('',*,*,#4681,.T.);
#8489 = ORIENTED_EDGE('',*,*,#8346,.F.);
#8490 = ORIENTED_EDGE('',*,*,#8491,.F.);
#8491 = EDGE_CURVE('',#8467,#8347,#8492,.T.);
#8492 = SURFACE_CURVE('',#8493,(#8497,#8504),.PCURVE_S1.);
#8493 = LINE('',#8494,#8495);
#8494 = CARTESIAN_POINT('',(52.7,39.9,0.25));
#8495 = VECTOR('',#8496,1.);
#8496 = DIRECTION('',(-1.,0.,0.));
#8497 = PCURVE('',#4697,#8498);
#8498 = DEFINITIONAL_REPRESENTATION('',(#8499),#8503);
#8499 = LINE('',#8500,#8501);
#8500 = CARTESIAN_POINT('',(0.,-0.25));
#8501 = VECTOR('',#8502,1.);
#8502 = DIRECTION('',(1.,0.));
#8503 = ( GEOMETRIC_REPRESENTATION_CONTEXT(2) 
PARAMETRIC_REPRESENTATION_CONTEXT() REPRESENTATION_CONTEXT('2D SPACE',''
  ) );
#8504 = PCURVE('',#6089,#8505);
#8505 = DEFINITIONAL_REPRESENTATION('',(#8506),#8510);
#8506 = LINE('',#8507,#8508);
#8507 = CARTESIAN_POINT('',(0.,-0.176776695297));
#8508 = VECTOR('',#8509,1.);
#8509 = DIRECTION('',(-1.,-0.));
#8510 = ( GEOMETRIC_REPRESENTATION_CONTEXT(2) 
PARAMETRIC_REPRESENTATION_CONTEXT() REPRESENTATION_CONTEXT('2D SPACE',''
  ) );
#8511 = ADVANCED_FACE('',(#8512),#4669,.F.);
#8512 = FACE_BOUND('',#8513,.F.);
#8513 = EDGE_LOOP('',(#8514,#8515,#8536,#8537,#8558,#8559));
#8514 = ORIENTED_EDGE('',*,*,#8466,.F.);
#8515 = ORIENTED_EDGE('',*,*,#8516,.T.);
#8516 = EDGE_CURVE('',#8467,#6051,#8517,.T.);
#8517 = SURFACE_CURVE('',#8518,(#8522,#8529),.PCURVE_S1.);
#8518 = LINE('',#8519,#8520);
#8519 = CARTESIAN_POINT('',(52.883333333333,39.716666666667,
    6.666666666667E-02));
#8520 = VECTOR('',#8521,1.);
#8521 = DIRECTION('',(0.57735026919,-0.57735026919,-0.57735026919));
#8522 = PCURVE('',#4669,#8523);
#8523 = DEFINITIONAL_REPRESENTATION('',(#8524),#8528);
#8524 = LINE('',#8525,#8526);
#8525 = CARTESIAN_POINT('',(0.164991582277,-6.666666666667E-02));
#8526 = VECTOR('',#8527,1.);
#8527 = DIRECTION('',(-0.816496580928,0.57735026919));
#8528 = ( GEOMETRIC_REPRESENTATION_CONTEXT(2) 
PARAMETRIC_REPRESENTATION_CONTEXT() REPRESENTATION_CONTEXT('2D SPACE',''
  ) );
#8529 = PCURVE('',#6089,#8530);
#8530 = DEFINITIONAL_REPRESENTATION('',(#8531),#8535);
#8531 = LINE('',#8532,#8533);
#8532 = CARTESIAN_POINT('',(0.183333333333,8.249579113819E-02));
#8533 = VECTOR('',#8534,1.);
#8534 = DIRECTION('',(0.57735026919,0.816496580928));
#8535 = ( GEOMETRIC_REPRESENTATION_CONTEXT(2) 
PARAMETRIC_REPRESENTATION_CONTEXT() REPRESENTATION_CONTEXT('2D SPACE',''
  ) );
#8536 = ORIENTED_EDGE('',*,*,#6050,.F.);
#8537 = ORIENTED_EDGE('',*,*,#8538,.T.);
#8538 = EDGE_CURVE('',#6023,#8418,#8539,.T.);
#8539 = SURFACE_CURVE('',#8540,(#8544,#8551),.PCURVE_S1.);
#8540 = LINE('',#8541,#8542);
#8541 = CARTESIAN_POINT('',(53.,39.6,0.));
#8542 = VECTOR('',#8543,1.);
#8543 = DIRECTION('',(0.,0.,1.));
#8544 = PCURVE('',#4669,#8545);
#8545 = DEFINITIONAL_REPRESENTATION('',(#8546),#8550);
#8546 = LINE('',#8547,#8548);
#8547 = CARTESIAN_POINT('',(0.,0.));
#8548 = VECTOR('',#8549,1.);
#8549 = DIRECTION('',(0.,-1.));
#8550 = ( GEOMETRIC_REPRESENTATION_CONTEXT(2) 
PARAMETRIC_REPRESENTATION_CONTEXT() REPRESENTATION_CONTEXT('2D SPACE',''
  ) );
#8551 = PCURVE('',#6038,#8552);
#8552 = DEFINITIONAL_REPRESENTATION('',(#8553),#8557);
#8553 = LINE('',#8554,#8555);
#8554 = CARTESIAN_POINT('',(0.4,0.));
#8555 = VECTOR('',#8556,1.);
#8556 = DIRECTION('',(0.,-1.));
#8557 = ( GEOMETRIC_REPRESENTATION_CONTEXT(2) 
PARAMETRIC_REPRESENTATION_CONTEXT() REPRESENTATION_CONTEXT('2D SPACE',''
  ) );
#8558 = ORIENTED_EDGE('',*,*,#8440,.T.);
#8559 = ORIENTED_EDGE('',*,*,#4653,.T.);
#8560 = ADVANCED_FACE('',(#8561),#5181,.T.);
#8561 = FACE_BOUND('',#8562,.T.);
#8562 = EDGE_LOOP('',(#8563,#8564,#8587,#8614));
#8563 = ORIENTED_EDGE('',*,*,#5164,.T.);
#8564 = ORIENTED_EDGE('',*,*,#8565,.T.);
#8565 = EDGE_CURVE('',#5165,#8566,#8568,.T.);
#8566 = VERTEX_POINT('',#8567);
#8567 = CARTESIAN_POINT('',(6.74,5.34,4.4));
#8568 = SEAM_CURVE('',#8569,(#8573,#8580),.PCURVE_S1.);
#8569 = LINE('',#8570,#8571);
#8570 = CARTESIAN_POINT('',(6.74,5.34,2.4));
#8571 = VECTOR('',#8572,1.);
#8572 = DIRECTION('',(0.,0.,1.));
#8573 = PCURVE('',#5181,#8574);
#8574 = DEFINITIONAL_REPRESENTATION('',(#8575),#8579);
#8575 = LINE('',#8576,#8577);
#8576 = CARTESIAN_POINT('',(-4.138911435803E-13,0.));
#8577 = VECTOR('',#8578,1.);
#8578 = DIRECTION('',(-0.,-1.));
#8579 = ( GEOMETRIC_REPRESENTATION_CONTEXT(2) 
PARAMETRIC_REPRESENTATION_CONTEXT() REPRESENTATION_CONTEXT('2D SPACE',''
  ) );
#8580 = PCURVE('',#5181,#8581);
#8581 = DEFINITIONAL_REPRESENTATION('',(#8582),#8586);
#8582 = LINE('',#8583,#8584);
#8583 = CARTESIAN_POINT('',(6.28318530718,0.));
#8584 = VECTOR('',#8585,1.);
#8585 = DIRECTION('',(-0.,-1.));
#8586 = ( GEOMETRIC_REPRESENTATION_CONTEXT(2) 
PARAMETRIC_REPRESENTATION_CONTEXT() REPRESENTATION_CONTEXT('2D SPACE',''
  ) );
#8587 = ORIENTED_EDGE('',*,*,#8588,.F.);
#8588 = EDGE_CURVE('',#8566,#8566,#8589,.T.);
#8589 = SURFACE_CURVE('',#8590,(#8595,#8602),.PCURVE_S1.);
#8590 = CIRCLE('',#8591,2.4);
#8591 = AXIS2_PLACEMENT_3D('',#8592,#8593,#8594);
#8592 = CARTESIAN_POINT('',(4.34,5.34,4.4));
#8593 = DIRECTION('',(0.,0.,1.));
#8594 = DIRECTION('',(1.,0.,-0.));
#8595 = PCURVE('',#5181,#8596);
#8596 = DEFINITIONAL_REPRESENTATION('',(#8597),#8601);
#8597 = LINE('',#8598,#8599);
#8598 = CARTESIAN_POINT('',(6.28318530718,-2.));
#8599 = VECTOR('',#8600,1.);
#8600 = DIRECTION('',(-1.,0.));
#8601 = ( GEOMETRIC_REPRESENTATION_CONTEXT(2) 
PARAMETRIC_REPRESENTATION_CONTEXT() REPRESENTATION_CONTEXT('2D SPACE',''
  ) );
#8602 = PCURVE('',#8603,#8608);
#8603 = PLANE('',#8604);
#8604 = AXIS2_PLACEMENT_3D('',#8605,#8606,#8607);
#8605 = CARTESIAN_POINT('',(4.34,5.34,4.4));
#8606 = DIRECTION('',(0.,0.,1.));
#8607 = DIRECTION('',(1.,0.,-0.));
#8608 = DEFINITIONAL_REPRESENTATION('',(#8609),#8613);
#8609 = CIRCLE('',#8610,2.4);
#8610 = AXIS2_PLACEMENT_2D('',#8611,#8612);
#8611 = CARTESIAN_POINT('',(0.,0.));
#8612 = DIRECTION('',(1.,0.));
#8613 = ( GEOMETRIC_REPRESENTATION_CONTEXT(2) 
PARAMETRIC_REPRESENTATION_CONTEXT() REPRESENTATION_CONTEXT('2D SPACE',''
  ) );
#8614 = ORIENTED_EDGE('',*,*,#8565,.F.);
#8615 = ADVANCED_FACE('',(#8616),#5212,.T.);
#8616 = FACE_BOUND('',#8617,.T.);
#8617 = EDGE_LOOP('',(#8618,#8619,#8642,#8669));
#8618 = ORIENTED_EDGE('',*,*,#5195,.T.);
#8619 = ORIENTED_EDGE('',*,*,#8620,.T.);
#8620 = EDGE_CURVE('',#5196,#8621,#8623,.T.);
#8621 = VERTEX_POINT('',#8622);
#8622 = CARTESIAN_POINT('',(52.92,5.34,4.4));
#8623 = SEAM_CURVE('',#8624,(#8628,#8635),.PCURVE_S1.);
#8624 = LINE('',#8625,#8626);
#8625 = CARTESIAN_POINT('',(52.92,5.34,2.4));
#8626 = VECTOR('',#8627,1.);
#8627 = DIRECTION('',(0.,0.,1.));
#8628 = PCURVE('',#5212,#8629);
#8629 = DEFINITIONAL_REPRESENTATION('',(#8630),#8634);
#8630 = LINE('',#8631,#8632);
#8631 = CARTESIAN_POINT('',(-4.138911435803E-13,0.));
#8632 = VECTOR('',#8633,1.);
#8633 = DIRECTION('',(-0.,-1.));
#8634 = ( GEOMETRIC_REPRESENTATION_CONTEXT(2) 
PARAMETRIC_REPRESENTATION_CONTEXT() REPRESENTATION_CONTEXT('2D SPACE',''
  ) );
#8635 = PCURVE('',#5212,#8636);
#8636 = DEFINITIONAL_REPRESENTATION('',(#8637),#8641);
#8637 = LINE('',#8638,#8639);
#8638 = CARTESIAN_POINT('',(6.28318530718,0.));
#8639 = VECTOR('',#8640,1.);
#8640 = DIRECTION('',(-0.,-1.));
#8641 = ( GEOMETRIC_REPRESENTATION_CONTEXT(2) 
PARAMETRIC_REPRESENTATION_CONTEXT() REPRESENTATION_CONTEXT('2D SPACE',''
  ) );
#8642 = ORIENTED_EDGE('',*,*,#8643,.F.);
#8643 = EDGE_CURVE('',#8621,#8621,#8644,.T.);
#8644 = SURFACE_CURVE('',#8645,(#8650,#8657),.PCURVE_S1.);
#8645 = CIRCLE('',#8646,2.4);
#8646 = AXIS2_PLACEMENT_3D('',#8647,#8648,#8649);
#8647 = CARTESIAN_POINT('',(50.52,5.34,4.4));
#8648 = DIRECTION('',(0.,0.,1.));
#8649 = DIRECTION('',(1.,0.,-0.));
#8650 = PCURVE('',#5212,#8651);
#8651 = DEFINITIONAL_REPRESENTATION('',(#8652),#8656);
#8652 = LINE('',#8653,#8654);
#8653 = CARTESIAN_POINT('',(6.28318530718,-2.));
#8654 = VECTOR('',#8655,1.);
#8655 = DIRECTION('',(-1.,0.));
#8656 = ( GEOMETRIC_REPRESENTATION_CONTEXT(2) 
PARAMETRIC_REPRESENTATION_CONTEXT() REPRESENTATION_CONTEXT('2D SPACE',''
  ) );
#8657 = PCURVE('',#8658,#8663);
#8658 = PLANE('',#8659);
#8659 = AXIS2_PLACEMENT_3D('',#8660,#8661,#8662);
#8660 = CARTESIAN_POINT('',(50.52,5.34,4.4));
#8661 = DIRECTION('',(0.,0.,1.));
#8662 = DIRECTION('',(1.,0.,-0.));
#8663 = DEFINITIONAL_REPRESENTATION('',(#8664),#8668);
#8664 = CIRCLE('',#8665,2.4);
#8665 = AXIS2_PLACEMENT_2D('',#8666,#8667);
#8666 = CARTESIAN_POINT('',(0.,0.));
#8667 = DIRECTION('',(1.,0.));
#8668 = ( GEOMETRIC_REPRESENTATION_CONTEXT(2) 
PARAMETRIC_REPRESENTATION_CONTEXT() REPRESENTATION_CONTEXT('2D SPACE',''
  ) );
#8669 = ORIENTED_EDGE('',*,*,#8620,.F.);
#8670 = ADVANCED_FACE('',(#8671),#5243,.T.);
#8671 = FACE_BOUND('',#8672,.T.);
#8672 = EDGE_LOOP('',(#8673,#8674,#8697,#8724));
#8673 = ORIENTED_EDGE('',*,*,#5226,.T.);
#8674 = ORIENTED_EDGE('',*,*,#8675,.T.);
#8675 = EDGE_CURVE('',#5227,#8676,#8678,.T.);
#8676 = VERTEX_POINT('',#8677);
#8677 = CARTESIAN_POINT('',(6.74,23.12,4.4));
#8678 = SEAM_CURVE('',#8679,(#8683,#8690),.PCURVE_S1.);
#8679 = LINE('',#8680,#8681);
#8680 = CARTESIAN_POINT('',(6.74,23.12,2.4));
#8681 = VECTOR('',#8682,1.);
#8682 = DIRECTION('',(0.,0.,1.));
#8683 = PCURVE('',#5243,#8684);
#8684 = DEFINITIONAL_REPRESENTATION('',(#8685),#8689);
#8685 = LINE('',#8686,#8687);
#8686 = CARTESIAN_POINT('',(-4.138911435803E-13,0.));
#8687 = VECTOR('',#8688,1.);
#8688 = DIRECTION('',(-0.,-1.));
#8689 = ( GEOMETRIC_REPRESENTATION_CONTEXT(2) 
PARAMETRIC_REPRESENTATION_CONTEXT() REPRESENTATION_CONTEXT('2D SPACE',''
  ) );
#8690 = PCURVE('',#5243,#8691);
#8691 = DEFINITIONAL_REPRESENTATION('',(#8692),#8696);
#8692 = LINE('',#8693,#8694);
#8693 = CARTESIAN_POINT('',(6.28318530718,0.));
#8694 = VECTOR('',#8695,1.);
#8695 = DIRECTION('',(-0.,-1.));
#8696 = ( GEOMETRIC_REPRESENTATION_CONTEXT(2) 
PARAMETRIC_REPRESENTATION_CONTEXT() REPRESENTATION_CONTEXT('2D SPACE',''
  ) );
#8697 = ORIENTED_EDGE('',*,*,#8698,.F.);
#8698 = EDGE_CURVE('',#8676,#8676,#8699,.T.);
#8699 = SURFACE_CURVE('',#8700,(#8705,#8712),.PCURVE_S1.);
#8700 = CIRCLE('',#8701,2.4);
#8701 = AXIS2_PLACEMENT_3D('',#8702,#8703,#8704);
#8702 = CARTESIAN_POINT('',(4.34,23.12,4.4));
#8703 = DIRECTION('',(0.,0.,1.));
#8704 = DIRECTION('',(1.,0.,-0.));
#8705 = PCURVE('',#5243,#8706);
#8706 = DEFINITIONAL_REPRESENTATION('',(#8707),#8711);
#8707 = LINE('',#8708,#8709);
#8708 = CARTESIAN_POINT('',(6.28318530718,-2.));
#8709 = VECTOR('',#8710,1.);
#8710 = DIRECTION('',(-1.,0.));
#8711 = ( GEOMETRIC_REPRESENTATION_CONTEXT(2) 
PARAMETRIC_REPRESENTATION_CONTEXT() REPRESENTATION_CONTEXT('2D SPACE',''
  ) );
#8712 = PCURVE('',#8713,#8718);
#8713 = PLANE('',#8714);
#8714 = AXIS2_PLACEMENT_3D('',#8715,#8716,#8717);
#8715 = CARTESIAN_POINT('',(4.34,23.12,4.4));
#8716 = DIRECTION('',(0.,0.,1.));
#8717 = DIRECTION('',(1.,0.,-0.));
#8718 = DEFINITIONAL_REPRESENTATION('',(#8719),#8723);
#8719 = CIRCLE('',#8720,2.4);
#8720 = AXIS2_PLACEMENT_2D('',#8721,#8722);
#8721 = CARTESIAN_POINT('',(0.,0.));
#8722 = DIRECTION('',(1.,0.));
#8723 = ( GEOMETRIC_REPRESENTATION_CONTEXT(2) 
PARAMETRIC_REPRESENTATION_CONTEXT() REPRESENTATION_CONTEXT('2D SPACE',''
  ) );
#8724 = ORIENTED_EDGE('',*,*,#8675,.F.);
#8725 = ADVANCED_FACE('',(#8726),#5278,.F.);
#8726 = FACE_BOUND('',#8727,.F.);
#8727 = EDGE_LOOP('',(#8728,#8749,#8750,#8751));
#8728 = ORIENTED_EDGE('',*,*,#8729,.T.);
#8729 = EDGE_CURVE('',#6649,#5258,#8730,.T.);
#8730 = SEAM_CURVE('',#8731,(#8735,#8742),.PCURVE_S1.);
#8731 = LINE('',#8732,#8733);
#8732 = CARTESIAN_POINT('',(64.8,19.8,-1.));
#8733 = VECTOR('',#8734,1.);
#8734 = DIRECTION('',(0.,0.,1.));
#8735 = PCURVE('',#5278,#8736);
#8736 = DEFINITIONAL_REPRESENTATION('',(#8737),#8741);
#8737 = LINE('',#8738,#8739);
#8738 = CARTESIAN_POINT('',(-4.138911435803E-13,0.));
#8739 = VECTOR('',#8740,1.);
#8740 = DIRECTION('',(-0.,-1.));
#8741 = ( GEOMETRIC_REPRESENTATION_CONTEXT(2) 
PARAMETRIC_REPRESENTATION_CONTEXT() REPRESENTATION_CONTEXT('2D SPACE',''
  ) );
#8742 = PCURVE('',#5278,#8743);
#8743 = DEFINITIONAL_REPRESENTATION('',(#8744),#8748);
#8744 = LINE('',#8745,#8746);
#8745 = CARTESIAN_POINT('',(6.28318530718,0.));
#8746 = VECTOR('',#8747,1.);
#8747 = DIRECTION('',(-0.,-1.));
#8748 = ( GEOMETRIC_REPRESENTATION_CONTEXT(2) 
PARAMETRIC_REPRESENTATION_CONTEXT() REPRESENTATION_CONTEXT('2D SPACE',''
  ) );
#8749 = ORIENTED_EDGE('',*,*,#5257,.T.);
#8750 = ORIENTED_EDGE('',*,*,#8729,.F.);
#8751 = ORIENTED_EDGE('',*,*,#6648,.F.);
#8752 = ADVANCED_FACE('',(#8753),#5358,.T.);
#8753 = FACE_BOUND('',#8754,.T.);
#8754 = EDGE_LOOP('',(#8755,#8776,#8777,#8778));
#8755 = ORIENTED_EDGE('',*,*,#8756,.T.);
#8756 = EDGE_CURVE('',#5404,#6762,#8757,.T.);
#8757 = SURFACE_CURVE('',#8758,(#8762,#8769),.PCURVE_S1.);
#8758 = LINE('',#8759,#8760);
#8759 = CARTESIAN_POINT('',(18.,0.300000000001,0.1));
#8760 = VECTOR('',#8761,1.);
#8761 = DIRECTION('',(-8.659560562349E-17,-0.707106781187,0.707106781187
    ));
#8762 = PCURVE('',#5358,#8763);
#8763 = DEFINITIONAL_REPRESENTATION('',(#8764),#8768);
#8764 = LINE('',#8765,#8766);
#8765 = CARTESIAN_POINT('',(47.6,0.141421356237));
#8766 = VECTOR('',#8767,1.);
#8767 = DIRECTION('',(8.659560562349E-17,-1.));
#8768 = ( GEOMETRIC_REPRESENTATION_CONTEXT(2) 
PARAMETRIC_REPRESENTATION_CONTEXT() REPRESENTATION_CONTEXT('2D SPACE',''
  ) );
#8769 = PCURVE('',#5442,#8770);
#8770 = DEFINITIONAL_REPRESENTATION('',(#8771),#8775);
#8771 = LINE('',#8772,#8773);
#8772 = CARTESIAN_POINT('',(9.9999999999E-02,-0.1));
#8773 = VECTOR('',#8774,1.);
#8774 = DIRECTION('',(0.707106781187,-0.707106781187));
#8775 = ( GEOMETRIC_REPRESENTATION_CONTEXT(2) 
PARAMETRIC_REPRESENTATION_CONTEXT() REPRESENTATION_CONTEXT('2D SPACE',''
  ) );
#8776 = ORIENTED_EDGE('',*,*,#6761,.T.);
#8777 = ORIENTED_EDGE('',*,*,#5343,.T.);
#8778 = ORIENTED_EDGE('',*,*,#5403,.F.);
#8779 = ADVANCED_FACE('',(#8780),#5442,.F.);
#8780 = FACE_BOUND('',#8781,.F.);
#8781 = EDGE_LOOP('',(#8782,#8783,#8784));
#8782 = ORIENTED_EDGE('',*,*,#5426,.F.);
#8783 = ORIENTED_EDGE('',*,*,#8756,.T.);
#8784 = ORIENTED_EDGE('',*,*,#6855,.F.);
#8785 = ADVANCED_FACE('',(#8786),#5493,.T.);
#8786 = FACE_BOUND('',#8787,.F.);
#8787 = EDGE_LOOP('',(#8788,#8789,#8790,#8791));
#8788 = ORIENTED_EDGE('',*,*,#6833,.F.);
#8789 = ORIENTED_EDGE('',*,*,#6957,.T.);
#8790 = ORIENTED_EDGE('',*,*,#7077,.T.);
#8791 = ORIENTED_EDGE('',*,*,#5477,.F.);
#8792 = ADVANCED_FACE('',(#8793),#5544,.F.);
#8793 = FACE_BOUND('',#8794,.F.);
#8794 = EDGE_LOOP('',(#8795,#8796,#8797));
#8795 = ORIENTED_EDGE('',*,*,#5528,.F.);
#8796 = ORIENTED_EDGE('',*,*,#7055,.T.);
#8797 = ORIENTED_EDGE('',*,*,#8798,.T.);
#8798 = EDGE_CURVE('',#7033,#5529,#8799,.T.);
#8799 = SURFACE_CURVE('',#8800,(#8804,#8811),.PCURVE_S1.);
#8800 = LINE('',#8801,#8802);
#8801 = CARTESIAN_POINT('',(24.,0.200000000001,0.2));
#8802 = VECTOR('',#8803,1.);
#8803 = DIRECTION('',(8.659560562349E-17,0.707106781187,-0.707106781187)
  );
#8804 = PCURVE('',#5544,#8805);
#8805 = DEFINITIONAL_REPRESENTATION('',(#8806),#8810);
#8806 = LINE('',#8807,#8808);
#8807 = CARTESIAN_POINT('',(0.200000000001,-0.2));
#8808 = VECTOR('',#8809,1.);
#8809 = DIRECTION('',(0.707106781187,0.707106781187));
#8810 = ( GEOMETRIC_REPRESENTATION_CONTEXT(2) 
PARAMETRIC_REPRESENTATION_CONTEXT() REPRESENTATION_CONTEXT('2D SPACE',''
  ) );
#8811 = PCURVE('',#5572,#8812);
#8812 = DEFINITIONAL_REPRESENTATION('',(#8813),#8817);
#8813 = LINE('',#8814,#8815);
#8814 = CARTESIAN_POINT('',(41.6,0.));
#8815 = VECTOR('',#8816,1.);
#8816 = DIRECTION('',(-8.659560562349E-17,1.));
#8817 = ( GEOMETRIC_REPRESENTATION_CONTEXT(2) 
PARAMETRIC_REPRESENTATION_CONTEXT() REPRESENTATION_CONTEXT('2D SPACE',''
  ) );
#8818 = ADVANCED_FACE('',(#8819),#5572,.T.);
#8819 = FACE_BOUND('',#8820,.T.);
#8820 = EDGE_LOOP('',(#8821,#8842,#8843,#8844));
#8821 = ORIENTED_EDGE('',*,*,#8822,.T.);
#8822 = EDGE_CURVE('',#5557,#7152,#8823,.T.);
#8823 = SURFACE_CURVE('',#8824,(#8828,#8835),.PCURVE_S1.);
#8824 = LINE('',#8825,#8826);
#8825 = CARTESIAN_POINT('',(47.,0.300000000001,0.1));
#8826 = VECTOR('',#8827,1.);
#8827 = DIRECTION('',(-8.659560562349E-17,-0.707106781187,0.707106781187
    ));
#8828 = PCURVE('',#5572,#8829);
#8829 = DEFINITIONAL_REPRESENTATION('',(#8830),#8834);
#8830 = LINE('',#8831,#8832);
#8831 = CARTESIAN_POINT('',(18.6,0.141421356237));
#8832 = VECTOR('',#8833,1.);
#8833 = DIRECTION('',(8.659560562349E-17,-1.));
#8834 = ( GEOMETRIC_REPRESENTATION_CONTEXT(2) 
PARAMETRIC_REPRESENTATION_CONTEXT() REPRESENTATION_CONTEXT('2D SPACE',''
  ) );
#8835 = PCURVE('',#5600,#8836);
#8836 = DEFINITIONAL_REPRESENTATION('',(#8837),#8841);
#8837 = LINE('',#8838,#8839);
#8838 = CARTESIAN_POINT('',(9.9999999999E-02,-0.1));
#8839 = VECTOR('',#8840,1.);
#8840 = DIRECTION('',(0.707106781187,-0.707106781187));
#8841 = ( GEOMETRIC_REPRESENTATION_CONTEXT(2) 
PARAMETRIC_REPRESENTATION_CONTEXT() REPRESENTATION_CONTEXT('2D SPACE',''
  ) );
#8842 = ORIENTED_EDGE('',*,*,#7174,.T.);
#8843 = ORIENTED_EDGE('',*,*,#8798,.T.);
#8844 = ORIENTED_EDGE('',*,*,#5556,.F.);
#8845 = ADVANCED_FACE('',(#8846),#5600,.F.);
#8846 = FACE_BOUND('',#8847,.F.);
#8847 = EDGE_LOOP('',(#8848,#8849,#8850));
#8848 = ORIENTED_EDGE('',*,*,#5584,.F.);
#8849 = ORIENTED_EDGE('',*,*,#8822,.T.);
#8850 = ORIENTED_EDGE('',*,*,#7294,.F.);
#8851 = ADVANCED_FACE('',(#8852),#5651,.T.);
#8852 = FACE_BOUND('',#8853,.F.);
#8853 = EDGE_LOOP('',(#8854,#8855,#8856,#8857));
#8854 = ORIENTED_EDGE('',*,*,#7272,.F.);
#8855 = ORIENTED_EDGE('',*,*,#7393,.T.);
#8856 = ORIENTED_EDGE('',*,*,#7491,.T.);
#8857 = ORIENTED_EDGE('',*,*,#5635,.F.);
#8858 = ADVANCED_FACE('',(#8859),#5702,.F.);
#8859 = FACE_BOUND('',#8860,.F.);
#8860 = EDGE_LOOP('',(#8861,#8862,#8863));
#8861 = ORIENTED_EDGE('',*,*,#5686,.F.);
#8862 = ORIENTED_EDGE('',*,*,#7469,.T.);
#8863 = ORIENTED_EDGE('',*,*,#8864,.T.);
#8864 = EDGE_CURVE('',#7447,#5687,#8865,.T.);
#8865 = SURFACE_CURVE('',#8866,(#8870,#8877),.PCURVE_S1.);
#8866 = LINE('',#8867,#8868);
#8867 = CARTESIAN_POINT('',(53.,0.200000000001,0.2));
#8868 = VECTOR('',#8869,1.);
#8869 = DIRECTION('',(8.659560562349E-17,0.707106781187,-0.707106781187)
  );
#8870 = PCURVE('',#5702,#8871);
#8871 = DEFINITIONAL_REPRESENTATION('',(#8872),#8876);
#8872 = LINE('',#8873,#8874);
#8873 = CARTESIAN_POINT('',(0.200000000001,-0.2));
#8874 = VECTOR('',#8875,1.);
#8875 = DIRECTION('',(0.707106781187,0.707106781187));
#8876 = ( GEOMETRIC_REPRESENTATION_CONTEXT(2) 
PARAMETRIC_REPRESENTATION_CONTEXT() REPRESENTATION_CONTEXT('2D SPACE',''
  ) );
#8877 = PCURVE('',#5730,#8878);
#8878 = DEFINITIONAL_REPRESENTATION('',(#8879),#8883);
#8879 = LINE('',#8880,#8881);
#8880 = CARTESIAN_POINT('',(12.6,0.));
#8881 = VECTOR('',#8882,1.);
#8882 = DIRECTION('',(-8.659560562349E-17,1.));
#8883 = ( GEOMETRIC_REPRESENTATION_CONTEXT(2) 
PARAMETRIC_REPRESENTATION_CONTEXT() REPRESENTATION_CONTEXT('2D SPACE',''
  ) );
#8884 = ADVANCED_FACE('',(#8885),#5730,.T.);
#8885 = FACE_BOUND('',#8886,.T.);
#8886 = EDGE_LOOP('',(#8887,#8907,#8908,#8909));
#8887 = ORIENTED_EDGE('',*,*,#8888,.F.);
#8888 = EDGE_CURVE('',#7543,#5715,#8889,.T.);
#8889 = SURFACE_CURVE('',#8890,(#8894,#8901),.PCURVE_S1.);
#8890 = LINE('',#8891,#8892);
#8891 = CARTESIAN_POINT('',(65.6,-6.679101716145E-13,0.4));
#8892 = VECTOR('',#8893,1.);
#8893 = DIRECTION('',(-4.329780281174E-17,0.707106781187,-0.707106781187
    ));
#8894 = PCURVE('',#5730,#8895);
#8895 = DEFINITIONAL_REPRESENTATION('',(#8896),#8900);
#8896 = LINE('',#8897,#8898);
#8897 = CARTESIAN_POINT('',(0.,-0.282842712476));
#8898 = VECTOR('',#8899,1.);
#8899 = DIRECTION('',(4.329780281174E-17,1.));
#8900 = ( GEOMETRIC_REPRESENTATION_CONTEXT(2) 
PARAMETRIC_REPRESENTATION_CONTEXT() REPRESENTATION_CONTEXT('2D SPACE',''
  ) );
#8901 = PCURVE('',#5763,#8902);
#8902 = DEFINITIONAL_REPRESENTATION('',(#8903),#8906);
#8903 = B_SPLINE_CURVE_WITH_KNOTS('',1,(#8904,#8905),.UNSPECIFIED.,.F.,
  .F.,(2,2),(0.,0.565685424949),.PIECEWISE_BEZIER_KNOTS.);
#8904 = CARTESIAN_POINT('',(4.712388980385,0.));
#8905 = CARTESIAN_POINT('',(4.712388980385,-0.4));
#8906 = ( GEOMETRIC_REPRESENTATION_CONTEXT(2) 
PARAMETRIC_REPRESENTATION_CONTEXT() REPRESENTATION_CONTEXT('2D SPACE',''
  ) );
#8907 = ORIENTED_EDGE('',*,*,#7565,.T.);
#8908 = ORIENTED_EDGE('',*,*,#8864,.T.);
#8909 = ORIENTED_EDGE('',*,*,#5714,.F.);
#8910 = ADVANCED_FACE('',(#8911),#5763,.T.);
#8911 = FACE_BOUND('',#8912,.T.);
#8912 = EDGE_LOOP('',(#8913,#8933,#8934,#8935));
#8913 = ORIENTED_EDGE('',*,*,#8914,.F.);
#8914 = EDGE_CURVE('',#7619,#5743,#8915,.T.);
#8915 = SURFACE_CURVE('',#8916,(#8920,#8926),.PCURVE_S1.);
#8916 = LINE('',#8917,#8918);
#8917 = CARTESIAN_POINT('',(67.4,1.999999999999,0.2));
#8918 = VECTOR('',#8919,1.);
#8919 = DIRECTION('',(-0.707106781187,0.,-0.707106781187));
#8920 = PCURVE('',#5763,#8921);
#8921 = DEFINITIONAL_REPRESENTATION('',(#8922),#8925);
#8922 = B_SPLINE_CURVE_WITH_KNOTS('',1,(#8923,#8924),.UNSPECIFIED.,.F.,
  .F.,(2,2),(-0.282842712475,0.282842712475),.PIECEWISE_BEZIER_KNOTS.);
#8923 = CARTESIAN_POINT('',(6.28318530718,0.));
#8924 = CARTESIAN_POINT('',(6.28318530718,-0.4));
#8925 = ( GEOMETRIC_REPRESENTATION_CONTEXT(2) 
PARAMETRIC_REPRESENTATION_CONTEXT() REPRESENTATION_CONTEXT('2D SPACE',''
  ) );
#8926 = PCURVE('',#5791,#8927);
#8927 = DEFINITIONAL_REPRESENTATION('',(#8928),#8932);
#8928 = LINE('',#8929,#8930);
#8929 = CARTESIAN_POINT('',(35.599999995298,5.887846720064E-17));
#8930 = VECTOR('',#8931,1.);
#8931 = DIRECTION('',(0.,1.));
#8932 = ( GEOMETRIC_REPRESENTATION_CONTEXT(2) 
PARAMETRIC_REPRESENTATION_CONTEXT() REPRESENTATION_CONTEXT('2D SPACE',''
  ) );
#8933 = ORIENTED_EDGE('',*,*,#7618,.T.);
#8934 = ORIENTED_EDGE('',*,*,#8888,.T.);
#8935 = ORIENTED_EDGE('',*,*,#5742,.F.);
#8936 = ADVANCED_FACE('',(#8937),#5791,.T.);
#8937 = FACE_BOUND('',#8938,.T.);
#8938 = EDGE_LOOP('',(#8939,#8960,#8961,#8962));
#8939 = ORIENTED_EDGE('',*,*,#8940,.T.);
#8940 = EDGE_CURVE('',#5776,#7719,#8941,.T.);
#8941 = SURFACE_CURVE('',#8942,(#8946,#8953),.PCURVE_S1.);
#8942 = LINE('',#8943,#8944);
#8943 = CARTESIAN_POINT('',(67.3,16.8,0.1));
#8944 = VECTOR('',#8945,1.);
#8945 = DIRECTION('',(0.707106781187,1.570092458683E-16,0.707106781187)
  );
#8946 = PCURVE('',#5791,#8947);
#8947 = DEFINITIONAL_REPRESENTATION('',(#8948),#8952);
#8948 = LINE('',#8949,#8950);
#8949 = CARTESIAN_POINT('',(20.799999995297,0.141421356237));
#8950 = VECTOR('',#8951,1.);
#8951 = DIRECTION('',(-1.570092458683E-16,-1.));
#8952 = ( GEOMETRIC_REPRESENTATION_CONTEXT(2) 
PARAMETRIC_REPRESENTATION_CONTEXT() REPRESENTATION_CONTEXT('2D SPACE',''
  ) );
#8953 = PCURVE('',#5819,#8954);
#8954 = DEFINITIONAL_REPRESENTATION('',(#8955),#8959);
#8955 = LINE('',#8956,#8957);
#8956 = CARTESIAN_POINT('',(9.999999999999E-02,-0.1));
#8957 = VECTOR('',#8958,1.);
#8958 = DIRECTION('',(0.707106781187,-0.707106781187));
#8959 = ( GEOMETRIC_REPRESENTATION_CONTEXT(2) 
PARAMETRIC_REPRESENTATION_CONTEXT() REPRESENTATION_CONTEXT('2D SPACE',''
  ) );
#8960 = ORIENTED_EDGE('',*,*,#7718,.T.);
#8961 = ORIENTED_EDGE('',*,*,#8914,.T.);
#8962 = ORIENTED_EDGE('',*,*,#5775,.F.);
#8963 = ADVANCED_FACE('',(#8964),#5819,.F.);
#8964 = FACE_BOUND('',#8965,.F.);
#8965 = EDGE_LOOP('',(#8966,#8967,#8968));
#8966 = ORIENTED_EDGE('',*,*,#5803,.F.);
#8967 = ORIENTED_EDGE('',*,*,#8940,.T.);
#8968 = ORIENTED_EDGE('',*,*,#7861,.F.);
#8969 = ADVANCED_FACE('',(#8970),#5870,.T.);
#8970 = FACE_BOUND('',#8971,.F.);
#8971 = EDGE_LOOP('',(#8972,#8973,#8974,#8975));
#8972 = ORIENTED_EDGE('',*,*,#7839,.F.);
#8973 = ORIENTED_EDGE('',*,*,#7983,.T.);
#8974 = ORIENTED_EDGE('',*,*,#8103,.T.);
#8975 = ORIENTED_EDGE('',*,*,#5854,.F.);
#8976 = ADVANCED_FACE('',(#8977),#5921,.F.);
#8977 = FACE_BOUND('',#8978,.F.);
#8978 = EDGE_LOOP('',(#8979,#8980,#8981));
#8979 = ORIENTED_EDGE('',*,*,#5905,.F.);
#8980 = ORIENTED_EDGE('',*,*,#8081,.T.);
#8981 = ORIENTED_EDGE('',*,*,#8982,.T.);
#8982 = EDGE_CURVE('',#8059,#5906,#8983,.T.);
#8983 = SURFACE_CURVE('',#8984,(#8988,#8995),.PCURVE_S1.);
#8984 = LINE('',#8985,#8986);
#8985 = CARTESIAN_POINT('',(67.4,22.8,0.2));
#8986 = VECTOR('',#8987,1.);
#8987 = DIRECTION('',(-0.707106781187,-1.570092458683E-16,
    -0.707106781187));
#8988 = PCURVE('',#5921,#8989);
#8989 = DEFINITIONAL_REPRESENTATION('',(#8990),#8994);
#8990 = LINE('',#8991,#8992);
#8991 = CARTESIAN_POINT('',(0.2,-0.2));
#8992 = VECTOR('',#8993,1.);
#8993 = DIRECTION('',(0.707106781187,0.707106781187));
#8994 = ( GEOMETRIC_REPRESENTATION_CONTEXT(2) 
PARAMETRIC_REPRESENTATION_CONTEXT() REPRESENTATION_CONTEXT('2D SPACE',''
  ) );
#8995 = PCURVE('',#5949,#8996);
#8996 = DEFINITIONAL_REPRESENTATION('',(#8997),#9001);
#8997 = LINE('',#8998,#8999);
#8998 = CARTESIAN_POINT('',(14.799999995297,1.962615573355E-17));
#8999 = VECTOR('',#9000,1.);
#9000 = DIRECTION('',(1.570092458683E-16,1.));
#9001 = ( GEOMETRIC_REPRESENTATION_CONTEXT(2) 
PARAMETRIC_REPRESENTATION_CONTEXT() REPRESENTATION_CONTEXT('2D SPACE',''
  ) );
#9002 = ADVANCED_FACE('',(#9003),#5949,.T.);
#9003 = FACE_BOUND('',#9004,.T.);
#9004 = EDGE_LOOP('',(#9005,#9025,#9026,#9027));
#9005 = ORIENTED_EDGE('',*,*,#9006,.F.);
#9006 = EDGE_CURVE('',#8199,#5934,#9007,.T.);
#9007 = SURFACE_CURVE('',#9008,(#9012,#9019),.PCURVE_S1.);
#9008 = LINE('',#9009,#9010);
#9009 = CARTESIAN_POINT('',(67.6,37.599999995297,0.4));
#9010 = VECTOR('',#9011,1.);
#9011 = DIRECTION('',(-0.707106781187,-4.329780281174E-17,
    -0.707106781187));
#9012 = PCURVE('',#5949,#9013);
#9013 = DEFINITIONAL_REPRESENTATION('',(#9014),#9018);
#9014 = LINE('',#9015,#9016);
#9015 = CARTESIAN_POINT('',(-1.386669559959E-32,-0.282842712475));
#9016 = VECTOR('',#9017,1.);
#9017 = DIRECTION('',(4.329780281174E-17,1.));
#9018 = ( GEOMETRIC_REPRESENTATION_CONTEXT(2) 
PARAMETRIC_REPRESENTATION_CONTEXT() REPRESENTATION_CONTEXT('2D SPACE',''
  ) );
#9019 = PCURVE('',#5982,#9020);
#9020 = DEFINITIONAL_REPRESENTATION('',(#9021),#9024);
#9021 = B_SPLINE_CURVE_WITH_KNOTS('',1,(#9022,#9023),.UNSPECIFIED.,.F.,
  .F.,(2,2),(0.,0.565685424949),.PIECEWISE_BEZIER_KNOTS.);
#9022 = CARTESIAN_POINT('',(4.712388980385,0.));
#9023 = CARTESIAN_POINT('',(4.712388980385,-0.4));
#9024 = ( GEOMETRIC_REPRESENTATION_CONTEXT(2) 
PARAMETRIC_REPRESENTATION_CONTEXT() REPRESENTATION_CONTEXT('2D SPACE',''
  ) );
#9025 = ORIENTED_EDGE('',*,*,#8198,.T.);
#9026 = ORIENTED_EDGE('',*,*,#8982,.T.);
#9027 = ORIENTED_EDGE('',*,*,#5933,.F.);
#9028 = ADVANCED_FACE('',(#9029),#5982,.T.);
#9029 = FACE_BOUND('',#9030,.T.);
#9030 = EDGE_LOOP('',(#9031,#9051,#9052,#9053));
#9031 = ORIENTED_EDGE('',*,*,#9032,.F.);
#9032 = EDGE_CURVE('',#8297,#5962,#9033,.T.);
#9033 = SURFACE_CURVE('',#9034,(#9038,#9044),.PCURVE_S1.);
#9034 = LINE('',#9035,#9036);
#9035 = CARTESIAN_POINT('',(65.6,39.400000000001,0.2));
#9036 = VECTOR('',#9037,1.);
#9037 = DIRECTION('',(-0.,-0.707106781187,-0.707106781187));
#9038 = PCURVE('',#5982,#9039);
#9039 = DEFINITIONAL_REPRESENTATION('',(#9040),#9043);
#9040 = B_SPLINE_CURVE_WITH_KNOTS('',1,(#9041,#9042),.UNSPECIFIED.,.F.,
  .F.,(2,2),(-0.282842712475,0.282842712475),.PIECEWISE_BEZIER_KNOTS.);
#9041 = CARTESIAN_POINT('',(6.28318530718,0.));
#9042 = CARTESIAN_POINT('',(6.28318530718,-0.4));
#9043 = ( GEOMETRIC_REPRESENTATION_CONTEXT(2) 
PARAMETRIC_REPRESENTATION_CONTEXT() REPRESENTATION_CONTEXT('2D SPACE',''
  ) );
#9044 = PCURVE('',#6010,#9045);
#9045 = DEFINITIONAL_REPRESENTATION('',(#9046),#9050);
#9046 = LINE('',#9047,#9048);
#9047 = CARTESIAN_POINT('',(-63.6,-2.15887713069E-16));
#9048 = VECTOR('',#9049,1.);
#9049 = DIRECTION('',(0.,1.));
#9050 = ( GEOMETRIC_REPRESENTATION_CONTEXT(2) 
PARAMETRIC_REPRESENTATION_CONTEXT() REPRESENTATION_CONTEXT('2D SPACE',''
  ) );
#9051 = ORIENTED_EDGE('',*,*,#8296,.T.);
#9052 = ORIENTED_EDGE('',*,*,#9006,.T.);
#9053 = ORIENTED_EDGE('',*,*,#5961,.F.);
#9054 = ADVANCED_FACE('',(#9055),#6010,.F.);
#9055 = FACE_BOUND('',#9056,.T.);
#9056 = EDGE_LOOP('',(#9057,#9058,#9079,#9080));
#9057 = ORIENTED_EDGE('',*,*,#5994,.F.);
#9058 = ORIENTED_EDGE('',*,*,#9059,.T.);
#9059 = EDGE_CURVE('',#5995,#8418,#9060,.T.);
#9060 = SURFACE_CURVE('',#9061,(#9065,#9072),.PCURVE_S1.);
#9061 = LINE('',#9062,#9063);
#9062 = CARTESIAN_POINT('',(53.,39.300000000001,9.999999999983E-02));
#9063 = VECTOR('',#9064,1.);
#9064 = DIRECTION('',(0.,0.707106781187,0.707106781187));
#9065 = PCURVE('',#6010,#9066);
#9066 = DEFINITIONAL_REPRESENTATION('',(#9067),#9071);
#9067 = LINE('',#9068,#9069);
#9068 = CARTESIAN_POINT('',(-51.,0.141421356237));
#9069 = VECTOR('',#9070,1.);
#9070 = DIRECTION('',(0.,-1.));
#9071 = ( GEOMETRIC_REPRESENTATION_CONTEXT(2) 
PARAMETRIC_REPRESENTATION_CONTEXT() REPRESENTATION_CONTEXT('2D SPACE',''
  ) );
#9072 = PCURVE('',#6038,#9073);
#9073 = DEFINITIONAL_REPRESENTATION('',(#9074),#9078);
#9074 = LINE('',#9075,#9076);
#9075 = CARTESIAN_POINT('',(0.100000000001,-9.999999999983E-02));
#9076 = VECTOR('',#9077,1.);
#9077 = DIRECTION('',(0.707106781187,-0.707106781187));
#9078 = ( GEOMETRIC_REPRESENTATION_CONTEXT(2) 
PARAMETRIC_REPRESENTATION_CONTEXT() REPRESENTATION_CONTEXT('2D SPACE',''
  ) );
#9079 = ORIENTED_EDGE('',*,*,#8417,.T.);
#9080 = ORIENTED_EDGE('',*,*,#9032,.T.);
#9081 = ADVANCED_FACE('',(#9082),#6038,.F.);
#9082 = FACE_BOUND('',#9083,.F.);
#9083 = EDGE_LOOP('',(#9084,#9085,#9086));
#9084 = ORIENTED_EDGE('',*,*,#6022,.F.);
#9085 = ORIENTED_EDGE('',*,*,#9059,.T.);
#9086 = ORIENTED_EDGE('',*,*,#8538,.F.);
#9087 = ADVANCED_FACE('',(#9088),#6089,.T.);
#9088 = FACE_BOUND('',#9089,.F.);
#9089 = EDGE_LOOP('',(#9090,#9091,#9092,#9093));
#9090 = ORIENTED_EDGE('',*,*,#8516,.F.);
#9091 = ORIENTED_EDGE('',*,*,#8491,.T.);
#9092 = ORIENTED_EDGE('',*,*,#8393,.T.);
#9093 = ORIENTED_EDGE('',*,*,#6073,.F.);
#9094 = ADVANCED_FACE('',(#9095),#6140,.F.);
#9095 = FACE_BOUND('',#9096,.F.);
#9096 = EDGE_LOOP('',(#9097,#9098,#9099));
#9097 = ORIENTED_EDGE('',*,*,#6124,.F.);
#9098 = ORIENTED_EDGE('',*,*,#8371,.T.);
#9099 = ORIENTED_EDGE('',*,*,#9100,.T.);
#9100 = EDGE_CURVE('',#8248,#6125,#9101,.T.);
#9101 = SURFACE_CURVE('',#9102,(#9106,#9113),.PCURVE_S1.);
#9102 = LINE('',#9103,#9104);
#9103 = CARTESIAN_POINT('',(47.,39.400000000001,0.2));
#9104 = VECTOR('',#9105,1.);
#9105 = DIRECTION('',(0.,-0.707106781187,-0.707106781187));
#9106 = PCURVE('',#6140,#9107);
#9107 = DEFINITIONAL_REPRESENTATION('',(#9108),#9112);
#9108 = LINE('',#9109,#9110);
#9109 = CARTESIAN_POINT('',(0.199999999999,-0.2));
#9110 = VECTOR('',#9111,1.);
#9111 = DIRECTION('',(0.707106781187,0.707106781187));
#9112 = ( GEOMETRIC_REPRESENTATION_CONTEXT(2) 
PARAMETRIC_REPRESENTATION_CONTEXT() REPRESENTATION_CONTEXT('2D SPACE',''
  ) );
#9113 = PCURVE('',#6168,#9114);
#9114 = DEFINITIONAL_REPRESENTATION('',(#9115),#9119);
#9115 = LINE('',#9116,#9117);
#9116 = CARTESIAN_POINT('',(-45.,-1.570092458684E-16));
#9117 = VECTOR('',#9118,1.);
#9118 = DIRECTION('',(0.,1.));
#9119 = ( GEOMETRIC_REPRESENTATION_CONTEXT(2) 
PARAMETRIC_REPRESENTATION_CONTEXT() REPRESENTATION_CONTEXT('2D SPACE',''
  ) );
#9120 = ADVANCED_FACE('',(#9121),#6168,.F.);
#9121 = FACE_BOUND('',#9122,.T.);
#9122 = EDGE_LOOP('',(#9123,#9124,#9145,#9146));
#9123 = ORIENTED_EDGE('',*,*,#6152,.F.);
#9124 = ORIENTED_EDGE('',*,*,#9125,.T.);
#9125 = EDGE_CURVE('',#6153,#8151,#9126,.T.);
#9126 = SURFACE_CURVE('',#9127,(#9131,#9138),.PCURVE_S1.);
#9127 = LINE('',#9128,#9129);
#9128 = CARTESIAN_POINT('',(24.,39.300000000001,9.999999999983E-02));
#9129 = VECTOR('',#9130,1.);
#9130 = DIRECTION('',(0.,0.707106781187,0.707106781187));
#9131 = PCURVE('',#6168,#9132);
#9132 = DEFINITIONAL_REPRESENTATION('',(#9133),#9137);
#9133 = LINE('',#9134,#9135);
#9134 = CARTESIAN_POINT('',(-22.,0.141421356237));
#9135 = VECTOR('',#9136,1.);
#9136 = DIRECTION('',(0.,-1.));
#9137 = ( GEOMETRIC_REPRESENTATION_CONTEXT(2) 
PARAMETRIC_REPRESENTATION_CONTEXT() REPRESENTATION_CONTEXT('2D SPACE',''
  ) );
#9138 = PCURVE('',#6196,#9139);
#9139 = DEFINITIONAL_REPRESENTATION('',(#9140),#9144);
#9140 = LINE('',#9141,#9142);
#9141 = CARTESIAN_POINT('',(0.100000000001,-9.999999999983E-02));
#9142 = VECTOR('',#9143,1.);
#9143 = DIRECTION('',(0.707106781187,-0.707106781187));
#9144 = ( GEOMETRIC_REPRESENTATION_CONTEXT(2) 
PARAMETRIC_REPRESENTATION_CONTEXT() REPRESENTATION_CONTEXT('2D SPACE',''
  ) );
#9145 = ORIENTED_EDGE('',*,*,#8247,.T.);
#9146 = ORIENTED_EDGE('',*,*,#9100,.T.);
#9147 = ADVANCED_FACE('',(#9148),#6196,.F.);
#9148 = FACE_BOUND('',#9149,.F.);
#9149 = EDGE_LOOP('',(#9150,#9151,#9152));
#9150 = ORIENTED_EDGE('',*,*,#6180,.F.);
#9151 = ORIENTED_EDGE('',*,*,#9125,.T.);
#9152 = ORIENTED_EDGE('',*,*,#8150,.F.);
#9153 = ADVANCED_FACE('',(#9154),#6247,.T.);
#9154 = FACE_BOUND('',#9155,.F.);
#9155 = EDGE_LOOP('',(#9156,#9157,#9158,#9159));
#9156 = ORIENTED_EDGE('',*,*,#8128,.F.);
#9157 = ORIENTED_EDGE('',*,*,#8032,.T.);
#9158 = ORIENTED_EDGE('',*,*,#7934,.T.);
#9159 = ORIENTED_EDGE('',*,*,#6231,.F.);
#9160 = ADVANCED_FACE('',(#9161),#6298,.F.);
#9161 = FACE_BOUND('',#9162,.F.);
#9162 = EDGE_LOOP('',(#9163,#9164,#9165));
#9163 = ORIENTED_EDGE('',*,*,#6282,.F.);
#9164 = ORIENTED_EDGE('',*,*,#7912,.T.);
#9165 = ORIENTED_EDGE('',*,*,#9166,.T.);
#9166 = EDGE_CURVE('',#7768,#6283,#9167,.T.);
#9167 = SURFACE_CURVE('',#9168,(#9172,#9179),.PCURVE_S1.);
#9168 = LINE('',#9169,#9170);
#9169 = CARTESIAN_POINT('',(18.,39.400000000001,0.2));
#9170 = VECTOR('',#9171,1.);
#9171 = DIRECTION('',(0.,-0.707106781187,-0.707106781187));
#9172 = PCURVE('',#6298,#9173);
#9173 = DEFINITIONAL_REPRESENTATION('',(#9174),#9178);
#9174 = LINE('',#9175,#9176);
#9175 = CARTESIAN_POINT('',(0.199999999999,-0.2));
#9176 = VECTOR('',#9177,1.);
#9177 = DIRECTION('',(0.707106781187,0.707106781187));
#9178 = ( GEOMETRIC_REPRESENTATION_CONTEXT(2) 
PARAMETRIC_REPRESENTATION_CONTEXT() REPRESENTATION_CONTEXT('2D SPACE',''
  ) );
#9179 = PCURVE('',#6326,#9180);
#9180 = DEFINITIONAL_REPRESENTATION('',(#9181),#9185);
#9181 = LINE('',#9182,#9183);
#9182 = CARTESIAN_POINT('',(-16.,-5.887846720064E-17));
#9183 = VECTOR('',#9184,1.);
#9184 = DIRECTION('',(0.,1.));
#9185 = ( GEOMETRIC_REPRESENTATION_CONTEXT(2) 
PARAMETRIC_REPRESENTATION_CONTEXT() REPRESENTATION_CONTEXT('2D SPACE',''
  ) );
#9186 = ADVANCED_FACE('',(#9187),#6326,.F.);
#9187 = FACE_BOUND('',#9188,.T.);
#9188 = EDGE_LOOP('',(#9189,#9190,#9191,#9192));
#9189 = ORIENTED_EDGE('',*,*,#6310,.F.);
#9190 = ORIENTED_EDGE('',*,*,#7694,.T.);
#9191 = ORIENTED_EDGE('',*,*,#7767,.T.);
#9192 = ORIENTED_EDGE('',*,*,#9166,.T.);
#9193 = ADVANCED_FACE('',(#9194),#6479,.F.);
#9194 = FACE_BOUND('',#9195,.T.);
#9195 = EDGE_LOOP('',(#9196,#9216,#9217,#9218));
#9196 = ORIENTED_EDGE('',*,*,#9197,.F.);
#9197 = EDGE_CURVE('',#7102,#6464,#9198,.T.);
#9198 = SURFACE_CURVE('',#9199,(#9203,#9210),.PCURVE_S1.);
#9199 = LINE('',#9200,#9201);
#9200 = CARTESIAN_POINT('',(2.,39.599999995297,0.4));
#9201 = VECTOR('',#9202,1.);
#9202 = DIRECTION('',(4.329780281174E-17,-0.707106781187,-0.707106781187
    ));
#9203 = PCURVE('',#6479,#9204);
#9204 = DEFINITIONAL_REPRESENTATION('',(#9205),#9209);
#9205 = LINE('',#9206,#9207);
#9206 = CARTESIAN_POINT('',(7.125940794233E-33,-0.282842709148));
#9207 = VECTOR('',#9208,1.);
#9208 = DIRECTION('',(-4.329780281174E-17,1.));
#9209 = ( GEOMETRIC_REPRESENTATION_CONTEXT(2) 
PARAMETRIC_REPRESENTATION_CONTEXT() REPRESENTATION_CONTEXT('2D SPACE',''
  ) );
#9210 = PCURVE('',#6512,#9211);
#9211 = DEFINITIONAL_REPRESENTATION('',(#9212),#9215);
#9212 = B_SPLINE_CURVE_WITH_KNOTS('',1,(#9213,#9214),.UNSPECIFIED.,.F.,
  .F.,(2,2),(0.,0.565685424949),.PIECEWISE_BEZIER_KNOTS.);
#9213 = CARTESIAN_POINT('',(4.712388980385,0.));
#9214 = CARTESIAN_POINT('',(4.712388980385,-0.4));
#9215 = ( GEOMETRIC_REPRESENTATION_CONTEXT(2) 
PARAMETRIC_REPRESENTATION_CONTEXT() REPRESENTATION_CONTEXT('2D SPACE',''
  ) );
#9216 = ORIENTED_EDGE('',*,*,#7200,.T.);
#9217 = ORIENTED_EDGE('',*,*,#7344,.F.);
#9218 = ORIENTED_EDGE('',*,*,#6463,.F.);
#9219 = ADVANCED_FACE('',(#9220),#6512,.T.);
#9220 = FACE_BOUND('',#9221,.T.);
#9221 = EDGE_LOOP('',(#9222,#9242,#9243,#9244));
#9222 = ORIENTED_EDGE('',*,*,#9223,.F.);
#9223 = EDGE_CURVE('',#6982,#6492,#9224,.T.);
#9224 = SURFACE_CURVE('',#9225,(#9229,#9235),.PCURVE_S1.);
#9225 = LINE('',#9226,#9227);
#9226 = CARTESIAN_POINT('',(0.2,37.599999995297,0.2));
#9227 = VECTOR('',#9228,1.);
#9228 = DIRECTION('',(0.707106781187,0.,-0.707106781187));
#9229 = PCURVE('',#6512,#9230);
#9230 = DEFINITIONAL_REPRESENTATION('',(#9231),#9234);
#9231 = B_SPLINE_CURVE_WITH_KNOTS('',1,(#9232,#9233),.UNSPECIFIED.,.F.,
  .F.,(2,2),(-0.282842712475,0.282842712475),.PIECEWISE_BEZIER_KNOTS.);
#9232 = CARTESIAN_POINT('',(6.28318530718,0.));
#9233 = CARTESIAN_POINT('',(6.28318530718,-0.4));
#9234 = ( GEOMETRIC_REPRESENTATION_CONTEXT(2) 
PARAMETRIC_REPRESENTATION_CONTEXT() REPRESENTATION_CONTEXT('2D SPACE',''
  ) );
#9235 = PCURVE('',#6540,#9236);
#9236 = DEFINITIONAL_REPRESENTATION('',(#9237),#9241);
#9237 = LINE('',#9238,#9239);
#9238 = CARTESIAN_POINT('',(-35.59999999529,0.));
#9239 = VECTOR('',#9240,1.);
#9240 = DIRECTION('',(0.,1.));
#9241 = ( GEOMETRIC_REPRESENTATION_CONTEXT(2) 
PARAMETRIC_REPRESENTATION_CONTEXT() REPRESENTATION_CONTEXT('2D SPACE',''
  ) );
#9242 = ORIENTED_EDGE('',*,*,#7101,.T.);
#9243 = ORIENTED_EDGE('',*,*,#9197,.T.);
#9244 = ORIENTED_EDGE('',*,*,#6491,.F.);
#9245 = ADVANCED_FACE('',(#9246),#6540,.F.);
#9246 = FACE_BOUND('',#9247,.T.);
#9247 = EDGE_LOOP('',(#9248,#9269,#9270,#9271));
#9248 = ORIENTED_EDGE('',*,*,#9249,.T.);
#9249 = EDGE_CURVE('',#6525,#6885,#9250,.T.);
#9250 = SURFACE_CURVE('',#9251,(#9255,#9262),.PCURVE_S1.);
#9251 = LINE('',#9252,#9253);
#9252 = CARTESIAN_POINT('',(0.3,22.8,0.1));
#9253 = VECTOR('',#9254,1.);
#9254 = DIRECTION('',(-0.707106781187,1.570092458683E-16,0.707106781187)
  );
#9255 = PCURVE('',#6540,#9256);
#9256 = DEFINITIONAL_REPRESENTATION('',(#9257),#9261);
#9257 = LINE('',#9258,#9259);
#9258 = CARTESIAN_POINT('',(-20.8,0.141421356237));
#9259 = VECTOR('',#9260,1.);
#9260 = DIRECTION('',(-1.570092458683E-16,-1.));
#9261 = ( GEOMETRIC_REPRESENTATION_CONTEXT(2) 
PARAMETRIC_REPRESENTATION_CONTEXT() REPRESENTATION_CONTEXT('2D SPACE',''
  ) );
#9262 = PCURVE('',#6568,#9263);
#9263 = DEFINITIONAL_REPRESENTATION('',(#9264),#9268);
#9264 = LINE('',#9265,#9266);
#9265 = CARTESIAN_POINT('',(0.1,-0.1));
#9266 = VECTOR('',#9267,1.);
#9267 = DIRECTION('',(0.707106781187,-0.707106781187));
#9268 = ( GEOMETRIC_REPRESENTATION_CONTEXT(2) 
PARAMETRIC_REPRESENTATION_CONTEXT() REPRESENTATION_CONTEXT('2D SPACE',''
  ) );
#9269 = ORIENTED_EDGE('',*,*,#6981,.T.);
#9270 = ORIENTED_EDGE('',*,*,#9223,.T.);
#9271 = ORIENTED_EDGE('',*,*,#6524,.F.);
#9272 = ADVANCED_FACE('',(#9273),#6568,.F.);
#9273 = FACE_BOUND('',#9274,.F.);
#9274 = EDGE_LOOP('',(#9275,#9276,#9277));
#9275 = ORIENTED_EDGE('',*,*,#6552,.F.);
#9276 = ORIENTED_EDGE('',*,*,#9249,.T.);
#9277 = ORIENTED_EDGE('',*,*,#6884,.F.);
#9278 = ADVANCED_FACE('',(#9279,#9282),#8603,.T.);
#9279 = FACE_BOUND('',#9280,.T.);
#9280 = EDGE_LOOP('',(#9281));
#9281 = ORIENTED_EDGE('',*,*,#8588,.T.);
#9282 = FACE_BOUND('',#9283,.T.);
#9283 = EDGE_LOOP('',(#9284,#9314,#9347,#9375,#9403,#9431,#9464,#9492,
    #9520,#9548,#9581,#9609));
#9284 = ORIENTED_EDGE('',*,*,#9285,.F.);
#9285 = EDGE_CURVE('',#9286,#9288,#9290,.T.);
#9286 = VERTEX_POINT('',#9287);
#9287 = CARTESIAN_POINT('',(5.472475165291,5.14,4.4));
#9288 = VERTEX_POINT('',#9289);
#9289 = CARTESIAN_POINT('',(5.69,5.14,4.4));
#9290 = SURFACE_CURVE('',#9291,(#9295,#9302),.PCURVE_S1.);
#9291 = LINE('',#9292,#9293);
#9292 = CARTESIAN_POINT('',(5.24,5.14,4.4));
#9293 = VECTOR('',#9294,1.);
#9294 = DIRECTION('',(1.,0.,0.));
#9295 = PCURVE('',#8603,#9296);
#9296 = DEFINITIONAL_REPRESENTATION('',(#9297),#9301);
#9297 = LINE('',#9298,#9299);
#9298 = CARTESIAN_POINT('',(0.9,-0.2));
#9299 = VECTOR('',#9300,1.);
#9300 = DIRECTION('',(1.,0.));
#9301 = ( GEOMETRIC_REPRESENTATION_CONTEXT(2) 
PARAMETRIC_REPRESENTATION_CONTEXT() REPRESENTATION_CONTEXT('2D SPACE',''
  ) );
#9302 = PCURVE('',#9303,#9308);
#9303 = PLANE('',#9304);
#9304 = AXIS2_PLACEMENT_3D('',#9305,#9306,#9307);
#9305 = CARTESIAN_POINT('',(5.453385354415,5.14,4.925620310423));
#9306 = DIRECTION('',(0.,-1.,0.));
#9307 = DIRECTION('',(1.,0.,0.));
#9308 = DEFINITIONAL_REPRESENTATION('',(#9309),#9313);
#9309 = LINE('',#9310,#9311);
#9310 = CARTESIAN_POINT('',(-0.213385354415,-0.525620310423));
#9311 = VECTOR('',#9312,1.);
#9312 = DIRECTION('',(1.,0.));
#9313 = ( GEOMETRIC_REPRESENTATION_CONTEXT(2) 
PARAMETRIC_REPRESENTATION_CONTEXT() REPRESENTATION_CONTEXT('2D SPACE',''
  ) );
#9314 = ORIENTED_EDGE('',*,*,#9315,.T.);
#9315 = EDGE_CURVE('',#9286,#9316,#9318,.T.);
#9316 = VERTEX_POINT('',#9317);
#9317 = CARTESIAN_POINT('',(3.946967498112,4.259247737703,4.4));
#9318 = SURFACE_CURVE('',#9319,(#9324,#9335),.PCURVE_S1.);
#9319 = CIRCLE('',#9320,1.15);
#9320 = AXIS2_PLACEMENT_3D('',#9321,#9322,#9323);
#9321 = CARTESIAN_POINT('',(4.34,5.34,4.4));
#9322 = DIRECTION('',(0.,0.,-1.));
#9323 = DIRECTION('',(1.,0.,0.));
#9324 = PCURVE('',#8603,#9325);
#9325 = DEFINITIONAL_REPRESENTATION('',(#9326),#9334);
#9326 = ( BOUNDED_CURVE() B_SPLINE_CURVE(2,(#9327,#9328,#9329,#9330,
#9331,#9332,#9333),.UNSPECIFIED.,.T.,.F.) B_SPLINE_CURVE_WITH_KNOTS((1,2
    ,2,2,2,1),(-2.094395102393,0.,2.094395102393,4.188790204786,
6.28318530718,8.377580409573),.UNSPECIFIED.) CURVE() 
GEOMETRIC_REPRESENTATION_ITEM() RATIONAL_B_SPLINE_CURVE((1.,0.5,1.,0.5,
1.,0.5,1.)) REPRESENTATION_ITEM('') );
#9327 = CARTESIAN_POINT('',(1.15,0.));
#9328 = CARTESIAN_POINT('',(1.15,-1.991858428704));
#9329 = CARTESIAN_POINT('',(-0.575,-0.995929214352));
#9330 = CARTESIAN_POINT('',(-2.3,-2.816687638039E-16));
#9331 = CARTESIAN_POINT('',(-0.575,0.995929214352));
#9332 = CARTESIAN_POINT('',(1.15,1.991858428704));
#9333 = CARTESIAN_POINT('',(1.15,0.));
#9334 = ( GEOMETRIC_REPRESENTATION_CONTEXT(2) 
PARAMETRIC_REPRESENTATION_CONTEXT() REPRESENTATION_CONTEXT('2D SPACE',''
  ) );
#9335 = PCURVE('',#9336,#9341);
#9336 = CYLINDRICAL_SURFACE('',#9337,1.15);
#9337 = AXIS2_PLACEMENT_3D('',#9338,#9339,#9340);
#9338 = CARTESIAN_POINT('',(4.34,5.34,2.4));
#9339 = DIRECTION('',(-0.,-0.,-1.));
#9340 = DIRECTION('',(1.,0.,-0.));
#9341 = DEFINITIONAL_REPRESENTATION('',(#9342),#9346);
#9342 = LINE('',#9343,#9344);
#9343 = CARTESIAN_POINT('',(-4.138911435803E-13,-2.));
#9344 = VECTOR('',#9345,1.);
#9345 = DIRECTION('',(1.,-0.));
#9346 = ( GEOMETRIC_REPRESENTATION_CONTEXT(2) 
PARAMETRIC_REPRESENTATION_CONTEXT() REPRESENTATION_CONTEXT('2D SPACE',''
  ) );
#9347 = ORIENTED_EDGE('',*,*,#9348,.T.);
#9348 = EDGE_CURVE('',#9316,#9349,#9351,.T.);
#9349 = VERTEX_POINT('',#9350);
#9350 = CARTESIAN_POINT('',(3.838205080757,4.070865704891,4.4));
#9351 = SURFACE_CURVE('',#9352,(#9356,#9363),.PCURVE_S1.);
#9352 = LINE('',#9353,#9354);
#9353 = CARTESIAN_POINT('',(4.063205080757,4.460577136594,4.4));
#9354 = VECTOR('',#9355,1.);
#9355 = DIRECTION('',(-0.5,-0.866025403784,0.));
#9356 = PCURVE('',#8603,#9357);
#9357 = DEFINITIONAL_REPRESENTATION('',(#9358),#9362);
#9358 = LINE('',#9359,#9360);
#9359 = CARTESIAN_POINT('',(-0.276794919243,-0.879422863406));
#9360 = VECTOR('',#9361,1.);
#9361 = DIRECTION('',(-0.5,-0.866025403784));
#9362 = ( GEOMETRIC_REPRESENTATION_CONTEXT(2) 
PARAMETRIC_REPRESENTATION_CONTEXT() REPRESENTATION_CONTEXT('2D SPACE',''
  ) );
#9363 = PCURVE('',#9364,#9369);
#9364 = PLANE('',#9365);
#9365 = AXIS2_PLACEMENT_3D('',#9366,#9367,#9368);
#9366 = CARTESIAN_POINT('',(3.956512403549,4.275779998875,4.925620310423
    ));
#9367 = DIRECTION('',(-0.866025403784,0.5,0.));
#9368 = DIRECTION('',(-0.5,-0.866025403784,0.));
#9369 = DEFINITIONAL_REPRESENTATION('',(#9370),#9374);
#9370 = LINE('',#9371,#9372);
#9371 = CARTESIAN_POINT('',(-0.213385354415,-0.525620310423));
#9372 = VECTOR('',#9373,1.);
#9373 = DIRECTION('',(1.,0.));
#9374 = ( GEOMETRIC_REPRESENTATION_CONTEXT(2) 
PARAMETRIC_REPRESENTATION_CONTEXT() REPRESENTATION_CONTEXT('2D SPACE',''
  ) );
#9375 = ORIENTED_EDGE('',*,*,#9376,.T.);
#9376 = EDGE_CURVE('',#9349,#9377,#9379,.T.);
#9377 = VERTEX_POINT('',#9378);
#9378 = CARTESIAN_POINT('',(3.491794919243,4.270865704891,4.4));
#9379 = SURFACE_CURVE('',#9380,(#9384,#9391),.PCURVE_S1.);
#9380 = LINE('',#9381,#9382);
#9381 = CARTESIAN_POINT('',(3.838205080757,4.070865704891,4.4));
#9382 = VECTOR('',#9383,1.);
#9383 = DIRECTION('',(-0.866025403784,0.5,0.));
#9384 = PCURVE('',#8603,#9385);
#9385 = DEFINITIONAL_REPRESENTATION('',(#9386),#9390);
#9386 = LINE('',#9387,#9388);
#9387 = CARTESIAN_POINT('',(-0.501794919243,-1.269134295109));
#9388 = VECTOR('',#9389,1.);
#9389 = DIRECTION('',(-0.866025403784,0.5));
#9390 = ( GEOMETRIC_REPRESENTATION_CONTEXT(2) 
PARAMETRIC_REPRESENTATION_CONTEXT() REPRESENTATION_CONTEXT('2D SPACE',''
  ) );
#9391 = PCURVE('',#9392,#9397);
#9392 = PLANE('',#9393);
#9393 = AXIS2_PLACEMENT_3D('',#9394,#9395,#9396);
#9394 = CARTESIAN_POINT('',(3.665,4.170865704891,4.4));
#9395 = DIRECTION('',(-0.5,-0.866025403784,0.));
#9396 = DIRECTION('',(0.,0.,1.));
#9397 = DEFINITIONAL_REPRESENTATION('',(#9398),#9402);
#9398 = LINE('',#9399,#9400);
#9399 = CARTESIAN_POINT('',(0.,-0.2));
#9400 = VECTOR('',#9401,1.);
#9401 = DIRECTION('',(0.,1.));
#9402 = ( GEOMETRIC_REPRESENTATION_CONTEXT(2) 
PARAMETRIC_REPRESENTATION_CONTEXT() REPRESENTATION_CONTEXT('2D SPACE',''
  ) );
#9403 = ORIENTED_EDGE('',*,*,#9404,.F.);
#9404 = EDGE_CURVE('',#9405,#9377,#9407,.T.);
#9405 = VERTEX_POINT('',#9406);
#9406 = CARTESIAN_POINT('',(3.600557336598,4.459247737703,4.4));
#9407 = SURFACE_CURVE('',#9408,(#9412,#9419),.PCURVE_S1.);
#9408 = LINE('',#9409,#9410);
#9409 = CARTESIAN_POINT('',(3.716794919243,4.660577136594,4.4));
#9410 = VECTOR('',#9411,1.);
#9411 = DIRECTION('',(-0.5,-0.866025403784,0.));
#9412 = PCURVE('',#8603,#9413);
#9413 = DEFINITIONAL_REPRESENTATION('',(#9414),#9418);
#9414 = LINE('',#9415,#9416);
#9415 = CARTESIAN_POINT('',(-0.623205080757,-0.679422863406));
#9416 = VECTOR('',#9417,1.);
#9417 = DIRECTION('',(-0.5,-0.866025403784));
#9418 = ( GEOMETRIC_REPRESENTATION_CONTEXT(2) 
PARAMETRIC_REPRESENTATION_CONTEXT() REPRESENTATION_CONTEXT('2D SPACE',''
  ) );
#9419 = PCURVE('',#9420,#9425);
#9420 = PLANE('',#9421);
#9421 = AXIS2_PLACEMENT_3D('',#9422,#9423,#9424);
#9422 = CARTESIAN_POINT('',(3.610102242036,4.475779998875,4.925620310423
    ));
#9423 = DIRECTION('',(-0.866025403784,0.5,0.));
#9424 = DIRECTION('',(-0.5,-0.866025403784,0.));
#9425 = DEFINITIONAL_REPRESENTATION('',(#9426),#9430);
#9426 = LINE('',#9427,#9428);
#9427 = CARTESIAN_POINT('',(-0.213385354415,-0.525620310423));
#9428 = VECTOR('',#9429,1.);
#9429 = DIRECTION('',(1.,0.));
#9430 = ( GEOMETRIC_REPRESENTATION_CONTEXT(2) 
PARAMETRIC_REPRESENTATION_CONTEXT() REPRESENTATION_CONTEXT('2D SPACE',''
  ) );
#9431 = ORIENTED_EDGE('',*,*,#9432,.T.);
#9432 = EDGE_CURVE('',#9405,#9433,#9435,.T.);
#9433 = VERTEX_POINT('',#9434);
#9434 = CARTESIAN_POINT('',(3.600557336598,6.220752262297,4.4));
#9435 = SURFACE_CURVE('',#9436,(#9441,#9452),.PCURVE_S1.);
#9436 = CIRCLE('',#9437,1.15);
#9437 = AXIS2_PLACEMENT_3D('',#9438,#9439,#9440);
#9438 = CARTESIAN_POINT('',(4.34,5.34,4.4));
#9439 = DIRECTION('',(0.,0.,-1.));
#9440 = DIRECTION('',(1.,0.,0.));
#9441 = PCURVE('',#8603,#9442);
#9442 = DEFINITIONAL_REPRESENTATION('',(#9443),#9451);
#9443 = ( BOUNDED_CURVE() B_SPLINE_CURVE(2,(#9444,#9445,#9446,#9447,
#9448,#9449,#9450),.UNSPECIFIED.,.T.,.F.) B_SPLINE_CURVE_WITH_KNOTS((1,2
    ,2,2,2,1),(-2.094395102393,0.,2.094395102393,4.188790204786,
6.28318530718,8.377580409573),.UNSPECIFIED.) CURVE() 
GEOMETRIC_REPRESENTATION_ITEM() RATIONAL_B_SPLINE_CURVE((1.,0.5,1.,0.5,
1.,0.5,1.)) REPRESENTATION_ITEM('') );
#9444 = CARTESIAN_POINT('',(1.15,0.));
#9445 = CARTESIAN_POINT('',(1.15,-1.991858428704));
#9446 = CARTESIAN_POINT('',(-0.575,-0.995929214352));
#9447 = CARTESIAN_POINT('',(-2.3,-2.816687638039E-16));
#9448 = CARTESIAN_POINT('',(-0.575,0.995929214352));
#9449 = CARTESIAN_POINT('',(1.15,1.991858428704));
#9450 = CARTESIAN_POINT('',(1.15,0.));
#9451 = ( GEOMETRIC_REPRESENTATION_CONTEXT(2) 
PARAMETRIC_REPRESENTATION_CONTEXT() REPRESENTATION_CONTEXT('2D SPACE',''
  ) );
#9452 = PCURVE('',#9453,#9458);
#9453 = CYLINDRICAL_SURFACE('',#9454,1.15);
#9454 = AXIS2_PLACEMENT_3D('',#9455,#9456,#9457);
#9455 = CARTESIAN_POINT('',(4.34,5.34,2.4));
#9456 = DIRECTION('',(-0.,-0.,-1.));
#9457 = DIRECTION('',(1.,0.,-0.));
#9458 = DEFINITIONAL_REPRESENTATION('',(#9459),#9463);
#9459 = LINE('',#9460,#9461);
#9460 = CARTESIAN_POINT('',(-4.138911435803E-13,-2.));
#9461 = VECTOR('',#9462,1.);
#9462 = DIRECTION('',(1.,-0.));
#9463 = ( GEOMETRIC_REPRESENTATION_CONTEXT(2) 
PARAMETRIC_REPRESENTATION_CONTEXT() REPRESENTATION_CONTEXT('2D SPACE',''
  ) );
#9464 = ORIENTED_EDGE('',*,*,#9465,.T.);
#9465 = EDGE_CURVE('',#9433,#9466,#9468,.T.);
#9466 = VERTEX_POINT('',#9467);
#9467 = CARTESIAN_POINT('',(3.491794919243,6.409134295109,4.4));
#9468 = SURFACE_CURVE('',#9469,(#9473,#9480),.PCURVE_S1.);
#9469 = LINE('',#9470,#9471);
#9470 = CARTESIAN_POINT('',(3.716794919243,6.019422863406,4.4));
#9471 = VECTOR('',#9472,1.);
#9472 = DIRECTION('',(-0.5,0.866025403784,0.));
#9473 = PCURVE('',#8603,#9474);
#9474 = DEFINITIONAL_REPRESENTATION('',(#9475),#9479);
#9475 = LINE('',#9476,#9477);
#9476 = CARTESIAN_POINT('',(-0.623205080757,0.679422863406));
#9477 = VECTOR('',#9478,1.);
#9478 = DIRECTION('',(-0.5,0.866025403784));
#9479 = ( GEOMETRIC_REPRESENTATION_CONTEXT(2) 
PARAMETRIC_REPRESENTATION_CONTEXT() REPRESENTATION_CONTEXT('2D SPACE',''
  ) );
#9480 = PCURVE('',#9481,#9486);
#9481 = PLANE('',#9482);
#9482 = AXIS2_PLACEMENT_3D('',#9483,#9484,#9485);
#9483 = CARTESIAN_POINT('',(3.610102242036,6.204220001125,4.925620310423
    ));
#9484 = DIRECTION('',(0.866025403784,0.5,0.));
#9485 = DIRECTION('',(-0.5,0.866025403784,0.));
#9486 = DEFINITIONAL_REPRESENTATION('',(#9487),#9491);
#9487 = LINE('',#9488,#9489);
#9488 = CARTESIAN_POINT('',(-0.213385354415,-0.525620310423));
#9489 = VECTOR('',#9490,1.);
#9490 = DIRECTION('',(1.,0.));
#9491 = ( GEOMETRIC_REPRESENTATION_CONTEXT(2) 
PARAMETRIC_REPRESENTATION_CONTEXT() REPRESENTATION_CONTEXT('2D SPACE',''
  ) );
#9492 = ORIENTED_EDGE('',*,*,#9493,.T.);
#9493 = EDGE_CURVE('',#9466,#9494,#9496,.T.);
#9494 = VERTEX_POINT('',#9495);
#9495 = CARTESIAN_POINT('',(3.838205080757,6.609134295109,4.4));
#9496 = SURFACE_CURVE('',#9497,(#9501,#9508),.PCURVE_S1.);
#9497 = LINE('',#9498,#9499);
#9498 = CARTESIAN_POINT('',(3.491794919243,6.409134295109,4.4));
#9499 = VECTOR('',#9500,1.);
#9500 = DIRECTION('',(0.866025403784,0.5,0.));
#9501 = PCURVE('',#8603,#9502);
#9502 = DEFINITIONAL_REPRESENTATION('',(#9503),#9507);
#9503 = LINE('',#9504,#9505);
#9504 = CARTESIAN_POINT('',(-0.848205080757,1.069134295109));
#9505 = VECTOR('',#9506,1.);
#9506 = DIRECTION('',(0.866025403784,0.5));
#9507 = ( GEOMETRIC_REPRESENTATION_CONTEXT(2) 
PARAMETRIC_REPRESENTATION_CONTEXT() REPRESENTATION_CONTEXT('2D SPACE',''
  ) );
#9508 = PCURVE('',#9509,#9514);
#9509 = PLANE('',#9510);
#9510 = AXIS2_PLACEMENT_3D('',#9511,#9512,#9513);
#9511 = CARTESIAN_POINT('',(3.665,6.509134295109,4.4));
#9512 = DIRECTION('',(-0.5,0.866025403784,0.));
#9513 = DIRECTION('',(0.,0.,1.));
#9514 = DEFINITIONAL_REPRESENTATION('',(#9515),#9519);
#9515 = LINE('',#9516,#9517);
#9516 = CARTESIAN_POINT('',(0.,-0.2));
#9517 = VECTOR('',#9518,1.);
#9518 = DIRECTION('',(0.,1.));
#9519 = ( GEOMETRIC_REPRESENTATION_CONTEXT(2) 
PARAMETRIC_REPRESENTATION_CONTEXT() REPRESENTATION_CONTEXT('2D SPACE',''
  ) );
#9520 = ORIENTED_EDGE('',*,*,#9521,.F.);
#9521 = EDGE_CURVE('',#9522,#9494,#9524,.T.);
#9522 = VERTEX_POINT('',#9523);
#9523 = CARTESIAN_POINT('',(3.946967498112,6.420752262297,4.4));
#9524 = SURFACE_CURVE('',#9525,(#9529,#9536),.PCURVE_S1.);
#9525 = LINE('',#9526,#9527);
#9526 = CARTESIAN_POINT('',(4.063205080757,6.219422863406,4.4));
#9527 = VECTOR('',#9528,1.);
#9528 = DIRECTION('',(-0.5,0.866025403784,0.));
#9529 = PCURVE('',#8603,#9530);
#9530 = DEFINITIONAL_REPRESENTATION('',(#9531),#9535);
#9531 = LINE('',#9532,#9533);
#9532 = CARTESIAN_POINT('',(-0.276794919243,0.879422863406));
#9533 = VECTOR('',#9534,1.);
#9534 = DIRECTION('',(-0.5,0.866025403784));
#9535 = ( GEOMETRIC_REPRESENTATION_CONTEXT(2) 
PARAMETRIC_REPRESENTATION_CONTEXT() REPRESENTATION_CONTEXT('2D SPACE',''
  ) );
#9536 = PCURVE('',#9537,#9542);
#9537 = PLANE('',#9538);
#9538 = AXIS2_PLACEMENT_3D('',#9539,#9540,#9541);
#9539 = CARTESIAN_POINT('',(3.956512403549,6.404220001125,4.925620310423
    ));
#9540 = DIRECTION('',(0.866025403784,0.5,0.));
#9541 = DIRECTION('',(-0.5,0.866025403784,0.));
#9542 = DEFINITIONAL_REPRESENTATION('',(#9543),#9547);
#9543 = LINE('',#9544,#9545);
#9544 = CARTESIAN_POINT('',(-0.213385354415,-0.525620310423));
#9545 = VECTOR('',#9546,1.);
#9546 = DIRECTION('',(1.,0.));
#9547 = ( GEOMETRIC_REPRESENTATION_CONTEXT(2) 
PARAMETRIC_REPRESENTATION_CONTEXT() REPRESENTATION_CONTEXT('2D SPACE',''
  ) );
#9548 = ORIENTED_EDGE('',*,*,#9549,.T.);
#9549 = EDGE_CURVE('',#9522,#9550,#9552,.T.);
#9550 = VERTEX_POINT('',#9551);
#9551 = CARTESIAN_POINT('',(5.472475165291,5.54,4.4));
#9552 = SURFACE_CURVE('',#9553,(#9558,#9569),.PCURVE_S1.);
#9553 = CIRCLE('',#9554,1.15);
#9554 = AXIS2_PLACEMENT_3D('',#9555,#9556,#9557);
#9555 = CARTESIAN_POINT('',(4.34,5.34,4.4));
#9556 = DIRECTION('',(0.,0.,-1.));
#9557 = DIRECTION('',(1.,0.,0.));
#9558 = PCURVE('',#8603,#9559);
#9559 = DEFINITIONAL_REPRESENTATION('',(#9560),#9568);
#9560 = ( BOUNDED_CURVE() B_SPLINE_CURVE(2,(#9561,#9562,#9563,#9564,
#9565,#9566,#9567),.UNSPECIFIED.,.T.,.F.) B_SPLINE_CURVE_WITH_KNOTS((1,2
    ,2,2,2,1),(-2.094395102393,0.,2.094395102393,4.188790204786,
6.28318530718,8.377580409573),.UNSPECIFIED.) CURVE() 
GEOMETRIC_REPRESENTATION_ITEM() RATIONAL_B_SPLINE_CURVE((1.,0.5,1.,0.5,
1.,0.5,1.)) REPRESENTATION_ITEM('') );
#9561 = CARTESIAN_POINT('',(1.15,0.));
#9562 = CARTESIAN_POINT('',(1.15,-1.991858428704));
#9563 = CARTESIAN_POINT('',(-0.575,-0.995929214352));
#9564 = CARTESIAN_POINT('',(-2.3,-2.816687638039E-16));
#9565 = CARTESIAN_POINT('',(-0.575,0.995929214352));
#9566 = CARTESIAN_POINT('',(1.15,1.991858428704));
#9567 = CARTESIAN_POINT('',(1.15,0.));
#9568 = ( GEOMETRIC_REPRESENTATION_CONTEXT(2) 
PARAMETRIC_REPRESENTATION_CONTEXT() REPRESENTATION_CONTEXT('2D SPACE',''
  ) );
#9569 = PCURVE('',#9570,#9575);
#9570 = CYLINDRICAL_SURFACE('',#9571,1.15);
#9571 = AXIS2_PLACEMENT_3D('',#9572,#9573,#9574);
#9572 = CARTESIAN_POINT('',(4.34,5.34,2.4));
#9573 = DIRECTION('',(-0.,-0.,-1.));
#9574 = DIRECTION('',(1.,0.,-0.));
#9575 = DEFINITIONAL_REPRESENTATION('',(#9576),#9580);
#9576 = LINE('',#9577,#9578);
#9577 = CARTESIAN_POINT('',(-4.138911435803E-13,-2.));
#9578 = VECTOR('',#9579,1.);
#9579 = DIRECTION('',(1.,-0.));
#9580 = ( GEOMETRIC_REPRESENTATION_CONTEXT(2) 
PARAMETRIC_REPRESENTATION_CONTEXT() REPRESENTATION_CONTEXT('2D SPACE',''
  ) );
#9581 = ORIENTED_EDGE('',*,*,#9582,.T.);
#9582 = EDGE_CURVE('',#9550,#9583,#9585,.T.);
#9583 = VERTEX_POINT('',#9584);
#9584 = CARTESIAN_POINT('',(5.69,5.54,4.4));
#9585 = SURFACE_CURVE('',#9586,(#9590,#9597),.PCURVE_S1.);
#9586 = LINE('',#9587,#9588);
#9587 = CARTESIAN_POINT('',(5.24,5.54,4.4));
#9588 = VECTOR('',#9589,1.);
#9589 = DIRECTION('',(1.,0.,0.));
#9590 = PCURVE('',#8603,#9591);
#9591 = DEFINITIONAL_REPRESENTATION('',(#9592),#9596);
#9592 = LINE('',#9593,#9594);
#9593 = CARTESIAN_POINT('',(0.9,0.2));
#9594 = VECTOR('',#9595,1.);
#9595 = DIRECTION('',(1.,0.));
#9596 = ( GEOMETRIC_REPRESENTATION_CONTEXT(2) 
PARAMETRIC_REPRESENTATION_CONTEXT() REPRESENTATION_CONTEXT('2D SPACE',''
  ) );
#9597 = PCURVE('',#9598,#9603);
#9598 = PLANE('',#9599);
#9599 = AXIS2_PLACEMENT_3D('',#9600,#9601,#9602);
#9600 = CARTESIAN_POINT('',(5.453385354415,5.54,4.925620310423));
#9601 = DIRECTION('',(0.,-1.,0.));
#9602 = DIRECTION('',(1.,0.,0.));
#9603 = DEFINITIONAL_REPRESENTATION('',(#9604),#9608);
#9604 = LINE('',#9605,#9606);
#9605 = CARTESIAN_POINT('',(-0.213385354415,-0.525620310423));
#9606 = VECTOR('',#9607,1.);
#9607 = DIRECTION('',(1.,0.));
#9608 = ( GEOMETRIC_REPRESENTATION_CONTEXT(2) 
PARAMETRIC_REPRESENTATION_CONTEXT() REPRESENTATION_CONTEXT('2D SPACE',''
  ) );
#9609 = ORIENTED_EDGE('',*,*,#9610,.T.);
#9610 = EDGE_CURVE('',#9583,#9288,#9611,.T.);
#9611 = SURFACE_CURVE('',#9612,(#9616,#9623),.PCURVE_S1.);
#9612 = LINE('',#9613,#9614);
#9613 = CARTESIAN_POINT('',(5.69,5.54,4.4));
#9614 = VECTOR('',#9615,1.);
#9615 = DIRECTION('',(0.,-1.,0.));
#9616 = PCURVE('',#8603,#9617);
#9617 = DEFINITIONAL_REPRESENTATION('',(#9618),#9622);
#9618 = LINE('',#9619,#9620);
#9619 = CARTESIAN_POINT('',(1.35,0.2));
#9620 = VECTOR('',#9621,1.);
#9621 = DIRECTION('',(0.,-1.));
#9622 = ( GEOMETRIC_REPRESENTATION_CONTEXT(2) 
PARAMETRIC_REPRESENTATION_CONTEXT() REPRESENTATION_CONTEXT('2D SPACE',''
  ) );
#9623 = PCURVE('',#9624,#9629);
#9624 = PLANE('',#9625);
#9625 = AXIS2_PLACEMENT_3D('',#9626,#9627,#9628);
#9626 = CARTESIAN_POINT('',(5.69,5.34,4.4));
#9627 = DIRECTION('',(1.,0.,0.));
#9628 = DIRECTION('',(0.,0.,1.));
#9629 = DEFINITIONAL_REPRESENTATION('',(#9630),#9634);
#9630 = LINE('',#9631,#9632);
#9631 = CARTESIAN_POINT('',(0.,-0.2));
#9632 = VECTOR('',#9633,1.);
#9633 = DIRECTION('',(0.,1.));
#9634 = ( GEOMETRIC_REPRESENTATION_CONTEXT(2) 
PARAMETRIC_REPRESENTATION_CONTEXT() REPRESENTATION_CONTEXT('2D SPACE',''
  ) );
#9635 = ADVANCED_FACE('',(#9636,#9639),#8658,.T.);
#9636 = FACE_BOUND('',#9637,.T.);
#9637 = EDGE_LOOP('',(#9638));
#9638 = ORIENTED_EDGE('',*,*,#8643,.T.);
#9639 = FACE_BOUND('',#9640,.T.);
#9640 = EDGE_LOOP('',(#9641,#9671,#9704,#9732,#9760,#9788,#9821,#9849,
    #9877,#9905,#9938,#9966));
#9641 = ORIENTED_EDGE('',*,*,#9642,.F.);
#9642 = EDGE_CURVE('',#9643,#9645,#9647,.T.);
#9643 = VERTEX_POINT('',#9644);
#9644 = CARTESIAN_POINT('',(51.652475165291,5.14,4.4));
#9645 = VERTEX_POINT('',#9646);
#9646 = CARTESIAN_POINT('',(51.87,5.14,4.4));
#9647 = SURFACE_CURVE('',#9648,(#9652,#9659),.PCURVE_S1.);
#9648 = LINE('',#9649,#9650);
#9649 = CARTESIAN_POINT('',(51.42,5.14,4.4));
#9650 = VECTOR('',#9651,1.);
#9651 = DIRECTION('',(1.,0.,0.));
#9652 = PCURVE('',#8658,#9653);
#9653 = DEFINITIONAL_REPRESENTATION('',(#9654),#9658);
#9654 = LINE('',#9655,#9656);
#9655 = CARTESIAN_POINT('',(0.9,-0.2));
#9656 = VECTOR('',#9657,1.);
#9657 = DIRECTION('',(1.,0.));
#9658 = ( GEOMETRIC_REPRESENTATION_CONTEXT(2) 
PARAMETRIC_REPRESENTATION_CONTEXT() REPRESENTATION_CONTEXT('2D SPACE',''
  ) );
#9659 = PCURVE('',#9660,#9665);
#9660 = PLANE('',#9661);
#9661 = AXIS2_PLACEMENT_3D('',#9662,#9663,#9664);
#9662 = CARTESIAN_POINT('',(51.633385354415,5.14,4.925620310423));
#9663 = DIRECTION('',(0.,-1.,0.));
#9664 = DIRECTION('',(1.,0.,0.));
#9665 = DEFINITIONAL_REPRESENTATION('',(#9666),#9670);
#9666 = LINE('',#9667,#9668);
#9667 = CARTESIAN_POINT('',(-0.213385354415,-0.525620310423));
#9668 = VECTOR('',#9669,1.);
#9669 = DIRECTION('',(1.,0.));
#9670 = ( GEOMETRIC_REPRESENTATION_CONTEXT(2) 
PARAMETRIC_REPRESENTATION_CONTEXT() REPRESENTATION_CONTEXT('2D SPACE',''
  ) );
#9671 = ORIENTED_EDGE('',*,*,#9672,.T.);
#9672 = EDGE_CURVE('',#9643,#9673,#9675,.T.);
#9673 = VERTEX_POINT('',#9674);
#9674 = CARTESIAN_POINT('',(50.126967498112,4.259247737703,4.4));
#9675 = SURFACE_CURVE('',#9676,(#9681,#9692),.PCURVE_S1.);
#9676 = CIRCLE('',#9677,1.15);
#9677 = AXIS2_PLACEMENT_3D('',#9678,#9679,#9680);
#9678 = CARTESIAN_POINT('',(50.52,5.34,4.4));
#9679 = DIRECTION('',(0.,0.,-1.));
#9680 = DIRECTION('',(1.,0.,0.));
#9681 = PCURVE('',#8658,#9682);
#9682 = DEFINITIONAL_REPRESENTATION('',(#9683),#9691);
#9683 = ( BOUNDED_CURVE() B_SPLINE_CURVE(2,(#9684,#9685,#9686,#9687,
#9688,#9689,#9690),.UNSPECIFIED.,.T.,.F.) B_SPLINE_CURVE_WITH_KNOTS((1,2
    ,2,2,2,1),(-2.094395102393,0.,2.094395102393,4.188790204786,
6.28318530718,8.377580409573),.UNSPECIFIED.) CURVE() 
GEOMETRIC_REPRESENTATION_ITEM() RATIONAL_B_SPLINE_CURVE((1.,0.5,1.,0.5,
1.,0.5,1.)) REPRESENTATION_ITEM('') );
#9684 = CARTESIAN_POINT('',(1.15,0.));
#9685 = CARTESIAN_POINT('',(1.15,-1.991858428704));
#9686 = CARTESIAN_POINT('',(-0.575,-0.995929214352));
#9687 = CARTESIAN_POINT('',(-2.3,-2.816687638039E-16));
#9688 = CARTESIAN_POINT('',(-0.575,0.995929214352));
#9689 = CARTESIAN_POINT('',(1.15,1.991858428704));
#9690 = CARTESIAN_POINT('',(1.15,0.));
#9691 = ( GEOMETRIC_REPRESENTATION_CONTEXT(2) 
PARAMETRIC_REPRESENTATION_CONTEXT() REPRESENTATION_CONTEXT('2D SPACE',''
  ) );
#9692 = PCURVE('',#9693,#9698);
#9693 = CYLINDRICAL_SURFACE('',#9694,1.15);
#9694 = AXIS2_PLACEMENT_3D('',#9695,#9696,#9697);
#9695 = CARTESIAN_POINT('',(50.52,5.34,2.4));
#9696 = DIRECTION('',(-0.,-0.,-1.));
#9697 = DIRECTION('',(1.,0.,-0.));
#9698 = DEFINITIONAL_REPRESENTATION('',(#9699),#9703);
#9699 = LINE('',#9700,#9701);
#9700 = CARTESIAN_POINT('',(-4.138911435803E-13,-2.));
#9701 = VECTOR('',#9702,1.);
#9702 = DIRECTION('',(1.,-0.));
#9703 = ( GEOMETRIC_REPRESENTATION_CONTEXT(2) 
PARAMETRIC_REPRESENTATION_CONTEXT() REPRESENTATION_CONTEXT('2D SPACE',''
  ) );
#9704 = ORIENTED_EDGE('',*,*,#9705,.T.);
#9705 = EDGE_CURVE('',#9673,#9706,#9708,.T.);
#9706 = VERTEX_POINT('',#9707);
#9707 = CARTESIAN_POINT('',(50.018205080757,4.070865704891,4.4));
#9708 = SURFACE_CURVE('',#9709,(#9713,#9720),.PCURVE_S1.);
#9709 = LINE('',#9710,#9711);
#9710 = CARTESIAN_POINT('',(50.243205080757,4.460577136594,4.4));
#9711 = VECTOR('',#9712,1.);
#9712 = DIRECTION('',(-0.5,-0.866025403784,0.));
#9713 = PCURVE('',#8658,#9714);
#9714 = DEFINITIONAL_REPRESENTATION('',(#9715),#9719);
#9715 = LINE('',#9716,#9717);
#9716 = CARTESIAN_POINT('',(-0.276794919243,-0.879422863406));
#9717 = VECTOR('',#9718,1.);
#9718 = DIRECTION('',(-0.5,-0.866025403784));
#9719 = ( GEOMETRIC_REPRESENTATION_CONTEXT(2) 
PARAMETRIC_REPRESENTATION_CONTEXT() REPRESENTATION_CONTEXT('2D SPACE',''
  ) );
#9720 = PCURVE('',#9721,#9726);
#9721 = PLANE('',#9722);
#9722 = AXIS2_PLACEMENT_3D('',#9723,#9724,#9725);
#9723 = CARTESIAN_POINT('',(50.136512403549,4.275779998875,
    4.925620310423));
#9724 = DIRECTION('',(-0.866025403784,0.5,0.));
#9725 = DIRECTION('',(-0.5,-0.866025403784,0.));
#9726 = DEFINITIONAL_REPRESENTATION('',(#9727),#9731);
#9727 = LINE('',#9728,#9729);
#9728 = CARTESIAN_POINT('',(-0.213385354415,-0.525620310423));
#9729 = VECTOR('',#9730,1.);
#9730 = DIRECTION('',(1.,0.));
#9731 = ( GEOMETRIC_REPRESENTATION_CONTEXT(2) 
PARAMETRIC_REPRESENTATION_CONTEXT() REPRESENTATION_CONTEXT('2D SPACE',''
  ) );
#9732 = ORIENTED_EDGE('',*,*,#9733,.T.);
#9733 = EDGE_CURVE('',#9706,#9734,#9736,.T.);
#9734 = VERTEX_POINT('',#9735);
#9735 = CARTESIAN_POINT('',(49.671794919243,4.270865704891,4.4));
#9736 = SURFACE_CURVE('',#9737,(#9741,#9748),.PCURVE_S1.);
#9737 = LINE('',#9738,#9739);
#9738 = CARTESIAN_POINT('',(50.018205080757,4.070865704891,4.4));
#9739 = VECTOR('',#9740,1.);
#9740 = DIRECTION('',(-0.866025403784,0.5,0.));
#9741 = PCURVE('',#8658,#9742);
#9742 = DEFINITIONAL_REPRESENTATION('',(#9743),#9747);
#9743 = LINE('',#9744,#9745);
#9744 = CARTESIAN_POINT('',(-0.501794919243,-1.269134295109));
#9745 = VECTOR('',#9746,1.);
#9746 = DIRECTION('',(-0.866025403784,0.5));
#9747 = ( GEOMETRIC_REPRESENTATION_CONTEXT(2) 
PARAMETRIC_REPRESENTATION_CONTEXT() REPRESENTATION_CONTEXT('2D SPACE',''
  ) );
#9748 = PCURVE('',#9749,#9754);
#9749 = PLANE('',#9750);
#9750 = AXIS2_PLACEMENT_3D('',#9751,#9752,#9753);
#9751 = CARTESIAN_POINT('',(49.845,4.170865704891,4.4));
#9752 = DIRECTION('',(-0.5,-0.866025403784,0.));
#9753 = DIRECTION('',(0.,0.,1.));
#9754 = DEFINITIONAL_REPRESENTATION('',(#9755),#9759);
#9755 = LINE('',#9756,#9757);
#9756 = CARTESIAN_POINT('',(0.,-0.2));
#9757 = VECTOR('',#9758,1.);
#9758 = DIRECTION('',(0.,1.));
#9759 = ( GEOMETRIC_REPRESENTATION_CONTEXT(2) 
PARAMETRIC_REPRESENTATION_CONTEXT() REPRESENTATION_CONTEXT('2D SPACE',''
  ) );
#9760 = ORIENTED_EDGE('',*,*,#9761,.F.);
#9761 = EDGE_CURVE('',#9762,#9734,#9764,.T.);
#9762 = VERTEX_POINT('',#9763);
#9763 = CARTESIAN_POINT('',(49.780557336598,4.459247737703,4.4));
#9764 = SURFACE_CURVE('',#9765,(#9769,#9776),.PCURVE_S1.);
#9765 = LINE('',#9766,#9767);
#9766 = CARTESIAN_POINT('',(49.896794919243,4.660577136594,4.4));
#9767 = VECTOR('',#9768,1.);
#9768 = DIRECTION('',(-0.5,-0.866025403784,0.));
#9769 = PCURVE('',#8658,#9770);
#9770 = DEFINITIONAL_REPRESENTATION('',(#9771),#9775);
#9771 = LINE('',#9772,#9773);
#9772 = CARTESIAN_POINT('',(-0.623205080757,-0.679422863406));
#9773 = VECTOR('',#9774,1.);
#9774 = DIRECTION('',(-0.5,-0.866025403784));
#9775 = ( GEOMETRIC_REPRESENTATION_CONTEXT(2) 
PARAMETRIC_REPRESENTATION_CONTEXT() REPRESENTATION_CONTEXT('2D SPACE',''
  ) );
#9776 = PCURVE('',#9777,#9782);
#9777 = PLANE('',#9778);
#9778 = AXIS2_PLACEMENT_3D('',#9779,#9780,#9781);
#9779 = CARTESIAN_POINT('',(49.790102242036,4.475779998875,
    4.925620310423));
#9780 = DIRECTION('',(-0.866025403784,0.5,0.));
#9781 = DIRECTION('',(-0.5,-0.866025403784,0.));
#9782 = DEFINITIONAL_REPRESENTATION('',(#9783),#9787);
#9783 = LINE('',#9784,#9785);
#9784 = CARTESIAN_POINT('',(-0.213385354415,-0.525620310423));
#9785 = VECTOR('',#9786,1.);
#9786 = DIRECTION('',(1.,0.));
#9787 = ( GEOMETRIC_REPRESENTATION_CONTEXT(2) 
PARAMETRIC_REPRESENTATION_CONTEXT() REPRESENTATION_CONTEXT('2D SPACE',''
  ) );
#9788 = ORIENTED_EDGE('',*,*,#9789,.T.);
#9789 = EDGE_CURVE('',#9762,#9790,#9792,.T.);
#9790 = VERTEX_POINT('',#9791);
#9791 = CARTESIAN_POINT('',(49.780557336598,6.220752262297,4.4));
#9792 = SURFACE_CURVE('',#9793,(#9798,#9809),.PCURVE_S1.);
#9793 = CIRCLE('',#9794,1.15);
#9794 = AXIS2_PLACEMENT_3D('',#9795,#9796,#9797);
#9795 = CARTESIAN_POINT('',(50.52,5.34,4.4));
#9796 = DIRECTION('',(0.,0.,-1.));
#9797 = DIRECTION('',(1.,0.,0.));
#9798 = PCURVE('',#8658,#9799);
#9799 = DEFINITIONAL_REPRESENTATION('',(#9800),#9808);
#9800 = ( BOUNDED_CURVE() B_SPLINE_CURVE(2,(#9801,#9802,#9803,#9804,
#9805,#9806,#9807),.UNSPECIFIED.,.T.,.F.) B_SPLINE_CURVE_WITH_KNOTS((1,2
    ,2,2,2,1),(-2.094395102393,0.,2.094395102393,4.188790204786,
6.28318530718,8.377580409573),.UNSPECIFIED.) CURVE() 
GEOMETRIC_REPRESENTATION_ITEM() RATIONAL_B_SPLINE_CURVE((1.,0.5,1.,0.5,
1.,0.5,1.)) REPRESENTATION_ITEM('') );
#9801 = CARTESIAN_POINT('',(1.15,0.));
#9802 = CARTESIAN_POINT('',(1.15,-1.991858428704));
#9803 = CARTESIAN_POINT('',(-0.575,-0.995929214352));
#9804 = CARTESIAN_POINT('',(-2.3,-2.816687638039E-16));
#9805 = CARTESIAN_POINT('',(-0.575,0.995929214352));
#9806 = CARTESIAN_POINT('',(1.15,1.991858428704));
#9807 = CARTESIAN_POINT('',(1.15,0.));
#9808 = ( GEOMETRIC_REPRESENTATION_CONTEXT(2) 
PARAMETRIC_REPRESENTATION_CONTEXT() REPRESENTATION_CONTEXT('2D SPACE',''
  ) );
#9809 = PCURVE('',#9810,#9815);
#9810 = CYLINDRICAL_SURFACE('',#9811,1.15);
#9811 = AXIS2_PLACEMENT_3D('',#9812,#9813,#9814);
#9812 = CARTESIAN_POINT('',(50.52,5.34,2.4));
#9813 = DIRECTION('',(-0.,-0.,-1.));
#9814 = DIRECTION('',(1.,0.,-0.));
#9815 = DEFINITIONAL_REPRESENTATION('',(#9816),#9820);
#9816 = LINE('',#9817,#9818);
#9817 = CARTESIAN_POINT('',(-4.138911435803E-13,-2.));
#9818 = VECTOR('',#9819,1.);
#9819 = DIRECTION('',(1.,-0.));
#9820 = ( GEOMETRIC_REPRESENTATION_CONTEXT(2) 
PARAMETRIC_REPRESENTATION_CONTEXT() REPRESENTATION_CONTEXT('2D SPACE',''
  ) );
#9821 = ORIENTED_EDGE('',*,*,#9822,.T.);
#9822 = EDGE_CURVE('',#9790,#9823,#9825,.T.);
#9823 = VERTEX_POINT('',#9824);
#9824 = CARTESIAN_POINT('',(49.671794919243,6.409134295109,4.4));
#9825 = SURFACE_CURVE('',#9826,(#9830,#9837),.PCURVE_S1.);
#9826 = LINE('',#9827,#9828);
#9827 = CARTESIAN_POINT('',(49.896794919243,6.019422863406,4.4));
#9828 = VECTOR('',#9829,1.);
#9829 = DIRECTION('',(-0.5,0.866025403784,0.));
#9830 = PCURVE('',#8658,#9831);
#9831 = DEFINITIONAL_REPRESENTATION('',(#9832),#9836);
#9832 = LINE('',#9833,#9834);
#9833 = CARTESIAN_POINT('',(-0.623205080757,0.679422863406));
#9834 = VECTOR('',#9835,1.);
#9835 = DIRECTION('',(-0.5,0.866025403784));
#9836 = ( GEOMETRIC_REPRESENTATION_CONTEXT(2) 
PARAMETRIC_REPRESENTATION_CONTEXT() REPRESENTATION_CONTEXT('2D SPACE',''
  ) );
#9837 = PCURVE('',#9838,#9843);
#9838 = PLANE('',#9839);
#9839 = AXIS2_PLACEMENT_3D('',#9840,#9841,#9842);
#9840 = CARTESIAN_POINT('',(49.790102242036,6.204220001125,
    4.925620310423));
#9841 = DIRECTION('',(0.866025403784,0.5,0.));
#9842 = DIRECTION('',(-0.5,0.866025403784,0.));
#9843 = DEFINITIONAL_REPRESENTATION('',(#9844),#9848);
#9844 = LINE('',#9845,#9846);
#9845 = CARTESIAN_POINT('',(-0.213385354415,-0.525620310423));
#9846 = VECTOR('',#9847,1.);
#9847 = DIRECTION('',(1.,0.));
#9848 = ( GEOMETRIC_REPRESENTATION_CONTEXT(2) 
PARAMETRIC_REPRESENTATION_CONTEXT() REPRESENTATION_CONTEXT('2D SPACE',''
  ) );
#9849 = ORIENTED_EDGE('',*,*,#9850,.T.);
#9850 = EDGE_CURVE('',#9823,#9851,#9853,.T.);
#9851 = VERTEX_POINT('',#9852);
#9852 = CARTESIAN_POINT('',(50.018205080757,6.609134295109,4.4));
#9853 = SURFACE_CURVE('',#9854,(#9858,#9865),.PCURVE_S1.);
#9854 = LINE('',#9855,#9856);
#9855 = CARTESIAN_POINT('',(49.671794919243,6.409134295109,4.4));
#9856 = VECTOR('',#9857,1.);
#9857 = DIRECTION('',(0.866025403784,0.5,0.));
#9858 = PCURVE('',#8658,#9859);
#9859 = DEFINITIONAL_REPRESENTATION('',(#9860),#9864);
#9860 = LINE('',#9861,#9862);
#9861 = CARTESIAN_POINT('',(-0.848205080757,1.069134295109));
#9862 = VECTOR('',#9863,1.);
#9863 = DIRECTION('',(0.866025403784,0.5));
#9864 = ( GEOMETRIC_REPRESENTATION_CONTEXT(2) 
PARAMETRIC_REPRESENTATION_CONTEXT() REPRESENTATION_CONTEXT('2D SPACE',''
  ) );
#9865 = PCURVE('',#9866,#9871);
#9866 = PLANE('',#9867);
#9867 = AXIS2_PLACEMENT_3D('',#9868,#9869,#9870);
#9868 = CARTESIAN_POINT('',(49.845,6.509134295109,4.4));
#9869 = DIRECTION('',(-0.5,0.866025403784,0.));
#9870 = DIRECTION('',(0.,0.,1.));
#9871 = DEFINITIONAL_REPRESENTATION('',(#9872),#9876);
#9872 = LINE('',#9873,#9874);
#9873 = CARTESIAN_POINT('',(0.,-0.2));
#9874 = VECTOR('',#9875,1.);
#9875 = DIRECTION('',(0.,1.));
#9876 = ( GEOMETRIC_REPRESENTATION_CONTEXT(2) 
PARAMETRIC_REPRESENTATION_CONTEXT() REPRESENTATION_CONTEXT('2D SPACE',''
  ) );
#9877 = ORIENTED_EDGE('',*,*,#9878,.F.);
#9878 = EDGE_CURVE('',#9879,#9851,#9881,.T.);
#9879 = VERTEX_POINT('',#9880);
#9880 = CARTESIAN_POINT('',(50.126967498112,6.420752262297,4.4));
#9881 = SURFACE_CURVE('',#9882,(#9886,#9893),.PCURVE_S1.);
#9882 = LINE('',#9883,#9884);
#9883 = CARTESIAN_POINT('',(50.243205080757,6.219422863406,4.4));
#9884 = VECTOR('',#9885,1.);
#9885 = DIRECTION('',(-0.5,0.866025403784,0.));
#9886 = PCURVE('',#8658,#9887);
#9887 = DEFINITIONAL_REPRESENTATION('',(#9888),#9892);
#9888 = LINE('',#9889,#9890);
#9889 = CARTESIAN_POINT('',(-0.276794919243,0.879422863406));
#9890 = VECTOR('',#9891,1.);
#9891 = DIRECTION('',(-0.5,0.866025403784));
#9892 = ( GEOMETRIC_REPRESENTATION_CONTEXT(2) 
PARAMETRIC_REPRESENTATION_CONTEXT() REPRESENTATION_CONTEXT('2D SPACE',''
  ) );
#9893 = PCURVE('',#9894,#9899);
#9894 = PLANE('',#9895);
#9895 = AXIS2_PLACEMENT_3D('',#9896,#9897,#9898);
#9896 = CARTESIAN_POINT('',(50.136512403549,6.404220001125,
    4.925620310423));
#9897 = DIRECTION('',(0.866025403784,0.5,0.));
#9898 = DIRECTION('',(-0.5,0.866025403784,0.));
#9899 = DEFINITIONAL_REPRESENTATION('',(#9900),#9904);
#9900 = LINE('',#9901,#9902);
#9901 = CARTESIAN_POINT('',(-0.213385354415,-0.525620310423));
#9902 = VECTOR('',#9903,1.);
#9903 = DIRECTION('',(1.,0.));
#9904 = ( GEOMETRIC_REPRESENTATION_CONTEXT(2) 
PARAMETRIC_REPRESENTATION_CONTEXT() REPRESENTATION_CONTEXT('2D SPACE',''
  ) );
#9905 = ORIENTED_EDGE('',*,*,#9906,.T.);
#9906 = EDGE_CURVE('',#9879,#9907,#9909,.T.);
#9907 = VERTEX_POINT('',#9908);
#9908 = CARTESIAN_POINT('',(51.652475165291,5.54,4.4));
#9909 = SURFACE_CURVE('',#9910,(#9915,#9926),.PCURVE_S1.);
#9910 = CIRCLE('',#9911,1.15);
#9911 = AXIS2_PLACEMENT_3D('',#9912,#9913,#9914);
#9912 = CARTESIAN_POINT('',(50.52,5.34,4.4));
#9913 = DIRECTION('',(0.,0.,-1.));
#9914 = DIRECTION('',(1.,0.,0.));
#9915 = PCURVE('',#8658,#9916);
#9916 = DEFINITIONAL_REPRESENTATION('',(#9917),#9925);
#9917 = ( BOUNDED_CURVE() B_SPLINE_CURVE(2,(#9918,#9919,#9920,#9921,
#9922,#9923,#9924),.UNSPECIFIED.,.T.,.F.) B_SPLINE_CURVE_WITH_KNOTS((1,2
    ,2,2,2,1),(-2.094395102393,0.,2.094395102393,4.188790204786,
6.28318530718,8.377580409573),.UNSPECIFIED.) CURVE() 
GEOMETRIC_REPRESENTATION_ITEM() RATIONAL_B_SPLINE_CURVE((1.,0.5,1.,0.5,
1.,0.5,1.)) REPRESENTATION_ITEM('') );
#9918 = CARTESIAN_POINT('',(1.15,0.));
#9919 = CARTESIAN_POINT('',(1.15,-1.991858428704));
#9920 = CARTESIAN_POINT('',(-0.575,-0.995929214352));
#9921 = CARTESIAN_POINT('',(-2.3,-2.816687638039E-16));
#9922 = CARTESIAN_POINT('',(-0.575,0.995929214352));
#9923 = CARTESIAN_POINT('',(1.15,1.991858428704));
#9924 = CARTESIAN_POINT('',(1.15,0.));
#9925 = ( GEOMETRIC_REPRESENTATION_CONTEXT(2) 
PARAMETRIC_REPRESENTATION_CONTEXT() REPRESENTATION_CONTEXT('2D SPACE',''
  ) );
#9926 = PCURVE('',#9927,#9932);
#9927 = CYLINDRICAL_SURFACE('',#9928,1.15);
#9928 = AXIS2_PLACEMENT_3D('',#9929,#9930,#9931);
#9929 = CARTESIAN_POINT('',(50.52,5.34,2.4));
#9930 = DIRECTION('',(-0.,-0.,-1.));
#9931 = DIRECTION('',(1.,0.,-0.));
#9932 = DEFINITIONAL_REPRESENTATION('',(#9933),#9937);
#9933 = LINE('',#9934,#9935);
#9934 = CARTESIAN_POINT('',(-4.138911435803E-13,-2.));
#9935 = VECTOR('',#9936,1.);
#9936 = DIRECTION('',(1.,-0.));
#9937 = ( GEOMETRIC_REPRESENTATION_CONTEXT(2) 
PARAMETRIC_REPRESENTATION_CONTEXT() REPRESENTATION_CONTEXT('2D SPACE',''
  ) );
#9938 = ORIENTED_EDGE('',*,*,#9939,.T.);
#9939 = EDGE_CURVE('',#9907,#9940,#9942,.T.);
#9940 = VERTEX_POINT('',#9941);
#9941 = CARTESIAN_POINT('',(51.87,5.54,4.4));
#9942 = SURFACE_CURVE('',#9943,(#9947,#9954),.PCURVE_S1.);
#9943 = LINE('',#9944,#9945);
#9944 = CARTESIAN_POINT('',(51.42,5.54,4.4));
#9945 = VECTOR('',#9946,1.);
#9946 = DIRECTION('',(1.,0.,0.));
#9947 = PCURVE('',#8658,#9948);
#9948 = DEFINITIONAL_REPRESENTATION('',(#9949),#9953);
#9949 = LINE('',#9950,#9951);
#9950 = CARTESIAN_POINT('',(0.9,0.2));
#9951 = VECTOR('',#9952,1.);
#9952 = DIRECTION('',(1.,0.));
#9953 = ( GEOMETRIC_REPRESENTATION_CONTEXT(2) 
PARAMETRIC_REPRESENTATION_CONTEXT() REPRESENTATION_CONTEXT('2D SPACE',''
  ) );
#9954 = PCURVE('',#9955,#9960);
#9955 = PLANE('',#9956);
#9956 = AXIS2_PLACEMENT_3D('',#9957,#9958,#9959);
#9957 = CARTESIAN_POINT('',(51.633385354415,5.54,4.925620310423));
#9958 = DIRECTION('',(0.,-1.,0.));
#9959 = DIRECTION('',(1.,0.,0.));
#9960 = DEFINITIONAL_REPRESENTATION('',(#9961),#9965);
#9961 = LINE('',#9962,#9963);
#9962 = CARTESIAN_POINT('',(-0.213385354415,-0.525620310423));
#9963 = VECTOR('',#9964,1.);
#9964 = DIRECTION('',(1.,0.));
#9965 = ( GEOMETRIC_REPRESENTATION_CONTEXT(2) 
PARAMETRIC_REPRESENTATION_CONTEXT() REPRESENTATION_CONTEXT('2D SPACE',''
  ) );
#9966 = ORIENTED_EDGE('',*,*,#9967,.T.);
#9967 = EDGE_CURVE('',#9940,#9645,#9968,.T.);
#9968 = SURFACE_CURVE('',#9969,(#9973,#9980),.PCURVE_S1.);
#9969 = LINE('',#9970,#9971);
#9970 = CARTESIAN_POINT('',(51.87,5.54,4.4));
#9971 = VECTOR('',#9972,1.);
#9972 = DIRECTION('',(0.,-1.,0.));
#9973 = PCURVE('',#8658,#9974);
#9974 = DEFINITIONAL_REPRESENTATION('',(#9975),#9979);
#9975 = LINE('',#9976,#9977);
#9976 = CARTESIAN_POINT('',(1.35,0.2));
#9977 = VECTOR('',#9978,1.);
#9978 = DIRECTION('',(0.,-1.));
#9979 = ( GEOMETRIC_REPRESENTATION_CONTEXT(2) 
PARAMETRIC_REPRESENTATION_CONTEXT() REPRESENTATION_CONTEXT('2D SPACE',''
  ) );
#9980 = PCURVE('',#9981,#9986);
#9981 = PLANE('',#9982);
#9982 = AXIS2_PLACEMENT_3D('',#9983,#9984,#9985);
#9983 = CARTESIAN_POINT('',(51.87,5.34,4.4));
#9984 = DIRECTION('',(1.,0.,0.));
#9985 = DIRECTION('',(0.,0.,1.));
#9986 = DEFINITIONAL_REPRESENTATION('',(#9987),#9991);
#9987 = LINE('',#9988,#9989);
#9988 = CARTESIAN_POINT('',(0.,-0.2));
#9989 = VECTOR('',#9990,1.);
#9990 = DIRECTION('',(0.,1.));
#9991 = ( GEOMETRIC_REPRESENTATION_CONTEXT(2) 
PARAMETRIC_REPRESENTATION_CONTEXT() REPRESENTATION_CONTEXT('2D SPACE',''
  ) );
#9992 = ADVANCED_FACE('',(#9993,#9996),#8713,.T.);
#9993 = FACE_BOUND('',#9994,.T.);
#9994 = EDGE_LOOP('',(#9995));
#9995 = ORIENTED_EDGE('',*,*,#8698,.T.);
#9996 = FACE_BOUND('',#9997,.T.);
#9997 = EDGE_LOOP('',(#9998,#10028,#10061,#10089,#10117,#10145,#10178,
    #10206,#10234,#10262,#10295,#10323));
#9998 = ORIENTED_EDGE('',*,*,#9999,.F.);
#9999 = EDGE_CURVE('',#10000,#10002,#10004,.T.);
#10000 = VERTEX_POINT('',#10001);
#10001 = CARTESIAN_POINT('',(5.472475165291,22.92,4.4));
#10002 = VERTEX_POINT('',#10003);
#10003 = CARTESIAN_POINT('',(5.69,22.92,4.4));
#10004 = SURFACE_CURVE('',#10005,(#10009,#10016),.PCURVE_S1.);
#10005 = LINE('',#10006,#10007);
#10006 = CARTESIAN_POINT('',(5.24,22.92,4.4));
#10007 = VECTOR('',#10008,1.);
#10008 = DIRECTION('',(1.,0.,0.));
#10009 = PCURVE('',#8713,#10010);
#10010 = DEFINITIONAL_REPRESENTATION('',(#10011),#10015);
#10011 = LINE('',#10012,#10013);
#10012 = CARTESIAN_POINT('',(0.9,-0.2));
#10013 = VECTOR('',#10014,1.);
#10014 = DIRECTION('',(1.,0.));
#10015 = ( GEOMETRIC_REPRESENTATION_CONTEXT(2) 
PARAMETRIC_REPRESENTATION_CONTEXT() REPRESENTATION_CONTEXT('2D SPACE',''
  ) );
#10016 = PCURVE('',#10017,#10022);
#10017 = PLANE('',#10018);
#10018 = AXIS2_PLACEMENT_3D('',#10019,#10020,#10021);
#10019 = CARTESIAN_POINT('',(5.453385354415,22.92,4.925620310423));
#10020 = DIRECTION('',(0.,-1.,0.));
#10021 = DIRECTION('',(1.,0.,0.));
#10022 = DEFINITIONAL_REPRESENTATION('',(#10023),#10027);
#10023 = LINE('',#10024,#10025);
#10024 = CARTESIAN_POINT('',(-0.213385354415,-0.525620310423));
#10025 = VECTOR('',#10026,1.);
#10026 = DIRECTION('',(1.,0.));
#10027 = ( GEOMETRIC_REPRESENTATION_CONTEXT(2) 
PARAMETRIC_REPRESENTATION_CONTEXT() REPRESENTATION_CONTEXT('2D SPACE',''
  ) );
#10028 = ORIENTED_EDGE('',*,*,#10029,.T.);
#10029 = EDGE_CURVE('',#10000,#10030,#10032,.T.);
#10030 = VERTEX_POINT('',#10031);
#10031 = CARTESIAN_POINT('',(3.946967498112,22.039247737703,4.4));
#10032 = SURFACE_CURVE('',#10033,(#10038,#10049),.PCURVE_S1.);
#10033 = CIRCLE('',#10034,1.15);
#10034 = AXIS2_PLACEMENT_3D('',#10035,#10036,#10037);
#10035 = CARTESIAN_POINT('',(4.34,23.12,4.4));
#10036 = DIRECTION('',(0.,0.,-1.));
#10037 = DIRECTION('',(1.,0.,0.));
#10038 = PCURVE('',#8713,#10039);
#10039 = DEFINITIONAL_REPRESENTATION('',(#10040),#10048);
#10040 = ( BOUNDED_CURVE() B_SPLINE_CURVE(2,(#10041,#10042,#10043,#10044
    ,#10045,#10046,#10047),.UNSPECIFIED.,.T.,.F.) 
B_SPLINE_CURVE_WITH_KNOTS((1,2,2,2,2,1),(-2.094395102393,0.,
    2.094395102393,4.188790204786,6.28318530718,8.377580409573),
.UNSPECIFIED.) CURVE() GEOMETRIC_REPRESENTATION_ITEM() 
RATIONAL_B_SPLINE_CURVE((1.,0.5,1.,0.5,1.,0.5,1.)) REPRESENTATION_ITEM(
  '') );
#10041 = CARTESIAN_POINT('',(1.15,0.));
#10042 = CARTESIAN_POINT('',(1.15,-1.991858428704));
#10043 = CARTESIAN_POINT('',(-0.575,-0.995929214352));
#10044 = CARTESIAN_POINT('',(-2.3,-2.816687638039E-16));
#10045 = CARTESIAN_POINT('',(-0.575,0.995929214352));
#10046 = CARTESIAN_POINT('',(1.15,1.991858428704));
#10047 = CARTESIAN_POINT('',(1.15,0.));
#10048 = ( GEOMETRIC_REPRESENTATION_CONTEXT(2) 
PARAMETRIC_REPRESENTATION_CONTEXT() REPRESENTATION_CONTEXT('2D SPACE',''
  ) );
#10049 = PCURVE('',#10050,#10055);
#10050 = CYLINDRICAL_SURFACE('',#10051,1.15);
#10051 = AXIS2_PLACEMENT_3D('',#10052,#10053,#10054);
#10052 = CARTESIAN_POINT('',(4.34,23.12,2.4));
#10053 = DIRECTION('',(-0.,-0.,-1.));
#10054 = DIRECTION('',(1.,0.,-0.));
#10055 = DEFINITIONAL_REPRESENTATION('',(#10056),#10060);
#10056 = LINE('',#10057,#10058);
#10057 = CARTESIAN_POINT('',(-4.138911435803E-13,-2.));
#10058 = VECTOR('',#10059,1.);
#10059 = DIRECTION('',(1.,-0.));
#10060 = ( GEOMETRIC_REPRESENTATION_CONTEXT(2) 
PARAMETRIC_REPRESENTATION_CONTEXT() REPRESENTATION_CONTEXT('2D SPACE',''
  ) );
#10061 = ORIENTED_EDGE('',*,*,#10062,.T.);
#10062 = EDGE_CURVE('',#10030,#10063,#10065,.T.);
#10063 = VERTEX_POINT('',#10064);
#10064 = CARTESIAN_POINT('',(3.838205080757,21.850865704891,4.4));
#10065 = SURFACE_CURVE('',#10066,(#10070,#10077),.PCURVE_S1.);
#10066 = LINE('',#10067,#10068);
#10067 = CARTESIAN_POINT('',(4.063205080757,22.240577136594,4.4));
#10068 = VECTOR('',#10069,1.);
#10069 = DIRECTION('',(-0.5,-0.866025403784,0.));
#10070 = PCURVE('',#8713,#10071);
#10071 = DEFINITIONAL_REPRESENTATION('',(#10072),#10076);
#10072 = LINE('',#10073,#10074);
#10073 = CARTESIAN_POINT('',(-0.276794919243,-0.879422863406));
#10074 = VECTOR('',#10075,1.);
#10075 = DIRECTION('',(-0.5,-0.866025403784));
#10076 = ( GEOMETRIC_REPRESENTATION_CONTEXT(2) 
PARAMETRIC_REPRESENTATION_CONTEXT() REPRESENTATION_CONTEXT('2D SPACE',''
  ) );
#10077 = PCURVE('',#10078,#10083);
#10078 = PLANE('',#10079);
#10079 = AXIS2_PLACEMENT_3D('',#10080,#10081,#10082);
#10080 = CARTESIAN_POINT('',(3.956512403549,22.055779998875,
    4.925620310423));
#10081 = DIRECTION('',(-0.866025403784,0.5,0.));
#10082 = DIRECTION('',(-0.5,-0.866025403784,0.));
#10083 = DEFINITIONAL_REPRESENTATION('',(#10084),#10088);
#10084 = LINE('',#10085,#10086);
#10085 = CARTESIAN_POINT('',(-0.213385354415,-0.525620310423));
#10086 = VECTOR('',#10087,1.);
#10087 = DIRECTION('',(1.,0.));
#10088 = ( GEOMETRIC_REPRESENTATION_CONTEXT(2) 
PARAMETRIC_REPRESENTATION_CONTEXT() REPRESENTATION_CONTEXT('2D SPACE',''
  ) );
#10089 = ORIENTED_EDGE('',*,*,#10090,.T.);
#10090 = EDGE_CURVE('',#10063,#10091,#10093,.T.);
#10091 = VERTEX_POINT('',#10092);
#10092 = CARTESIAN_POINT('',(3.491794919243,22.050865704891,4.4));
#10093 = SURFACE_CURVE('',#10094,(#10098,#10105),.PCURVE_S1.);
#10094 = LINE('',#10095,#10096);
#10095 = CARTESIAN_POINT('',(3.838205080757,21.850865704891,4.4));
#10096 = VECTOR('',#10097,1.);
#10097 = DIRECTION('',(-0.866025403784,0.5,0.));
#10098 = PCURVE('',#8713,#10099);
#10099 = DEFINITIONAL_REPRESENTATION('',(#10100),#10104);
#10100 = LINE('',#10101,#10102);
#10101 = CARTESIAN_POINT('',(-0.501794919243,-1.269134295109));
#10102 = VECTOR('',#10103,1.);
#10103 = DIRECTION('',(-0.866025403784,0.5));
#10104 = ( GEOMETRIC_REPRESENTATION_CONTEXT(2) 
PARAMETRIC_REPRESENTATION_CONTEXT() REPRESENTATION_CONTEXT('2D SPACE',''
  ) );
#10105 = PCURVE('',#10106,#10111);
#10106 = PLANE('',#10107);
#10107 = AXIS2_PLACEMENT_3D('',#10108,#10109,#10110);
#10108 = CARTESIAN_POINT('',(3.665,21.950865704891,4.4));
#10109 = DIRECTION('',(-0.5,-0.866025403784,0.));
#10110 = DIRECTION('',(0.,0.,1.));
#10111 = DEFINITIONAL_REPRESENTATION('',(#10112),#10116);
#10112 = LINE('',#10113,#10114);
#10113 = CARTESIAN_POINT('',(0.,-0.2));
#10114 = VECTOR('',#10115,1.);
#10115 = DIRECTION('',(0.,1.));
#10116 = ( GEOMETRIC_REPRESENTATION_CONTEXT(2) 
PARAMETRIC_REPRESENTATION_CONTEXT() REPRESENTATION_CONTEXT('2D SPACE',''
  ) );
#10117 = ORIENTED_EDGE('',*,*,#10118,.F.);
#10118 = EDGE_CURVE('',#10119,#10091,#10121,.T.);
#10119 = VERTEX_POINT('',#10120);
#10120 = CARTESIAN_POINT('',(3.600557336598,22.239247737703,4.4));
#10121 = SURFACE_CURVE('',#10122,(#10126,#10133),.PCURVE_S1.);
#10122 = LINE('',#10123,#10124);
#10123 = CARTESIAN_POINT('',(3.716794919243,22.440577136594,4.4));
#10124 = VECTOR('',#10125,1.);
#10125 = DIRECTION('',(-0.5,-0.866025403784,0.));
#10126 = PCURVE('',#8713,#10127);
#10127 = DEFINITIONAL_REPRESENTATION('',(#10128),#10132);
#10128 = LINE('',#10129,#10130);
#10129 = CARTESIAN_POINT('',(-0.623205080757,-0.679422863406));
#10130 = VECTOR('',#10131,1.);
#10131 = DIRECTION('',(-0.5,-0.866025403784));
#10132 = ( GEOMETRIC_REPRESENTATION_CONTEXT(2) 
PARAMETRIC_REPRESENTATION_CONTEXT() REPRESENTATION_CONTEXT('2D SPACE',''
  ) );
#10133 = PCURVE('',#10134,#10139);
#10134 = PLANE('',#10135);
#10135 = AXIS2_PLACEMENT_3D('',#10136,#10137,#10138);
#10136 = CARTESIAN_POINT('',(3.610102242036,22.255779998875,
    4.925620310423));
#10137 = DIRECTION('',(-0.866025403784,0.5,0.));
#10138 = DIRECTION('',(-0.5,-0.866025403784,0.));
#10139 = DEFINITIONAL_REPRESENTATION('',(#10140),#10144);
#10140 = LINE('',#10141,#10142);
#10141 = CARTESIAN_POINT('',(-0.213385354415,-0.525620310423));
#10142 = VECTOR('',#10143,1.);
#10143 = DIRECTION('',(1.,0.));
#10144 = ( GEOMETRIC_REPRESENTATION_CONTEXT(2) 
PARAMETRIC_REPRESENTATION_CONTEXT() REPRESENTATION_CONTEXT('2D SPACE',''
  ) );
#10145 = ORIENTED_EDGE('',*,*,#10146,.T.);
#10146 = EDGE_CURVE('',#10119,#10147,#10149,.T.);
#10147 = VERTEX_POINT('',#10148);
#10148 = CARTESIAN_POINT('',(3.600557336598,24.000752262297,4.4));
#10149 = SURFACE_CURVE('',#10150,(#10155,#10166),.PCURVE_S1.);
#10150 = CIRCLE('',#10151,1.15);
#10151 = AXIS2_PLACEMENT_3D('',#10152,#10153,#10154);
#10152 = CARTESIAN_POINT('',(4.34,23.12,4.4));
#10153 = DIRECTION('',(0.,0.,-1.));
#10154 = DIRECTION('',(1.,0.,0.));
#10155 = PCURVE('',#8713,#10156);
#10156 = DEFINITIONAL_REPRESENTATION('',(#10157),#10165);
#10157 = ( BOUNDED_CURVE() B_SPLINE_CURVE(2,(#10158,#10159,#10160,#10161
    ,#10162,#10163,#10164),.UNSPECIFIED.,.T.,.F.) 
B_SPLINE_CURVE_WITH_KNOTS((1,2,2,2,2,1),(-2.094395102393,0.,
    2.094395102393,4.188790204786,6.28318530718,8.377580409573),
.UNSPECIFIED.) CURVE() GEOMETRIC_REPRESENTATION_ITEM() 
RATIONAL_B_SPLINE_CURVE((1.,0.5,1.,0.5,1.,0.5,1.)) REPRESENTATION_ITEM(
  '') );
#10158 = CARTESIAN_POINT('',(1.15,0.));
#10159 = CARTESIAN_POINT('',(1.15,-1.991858428704));
#10160 = CARTESIAN_POINT('',(-0.575,-0.995929214352));
#10161 = CARTESIAN_POINT('',(-2.3,-2.816687638039E-16));
#10162 = CARTESIAN_POINT('',(-0.575,0.995929214352));
#10163 = CARTESIAN_POINT('',(1.15,1.991858428704));
#10164 = CARTESIAN_POINT('',(1.15,0.));
#10165 = ( GEOMETRIC_REPRESENTATION_CONTEXT(2) 
PARAMETRIC_REPRESENTATION_CONTEXT() REPRESENTATION_CONTEXT('2D SPACE',''
  ) );
#10166 = PCURVE('',#10167,#10172);
#10167 = CYLINDRICAL_SURFACE('',#10168,1.15);
#10168 = AXIS2_PLACEMENT_3D('',#10169,#10170,#10171);
#10169 = CARTESIAN_POINT('',(4.34,23.12,2.4));
#10170 = DIRECTION('',(-0.,-0.,-1.));
#10171 = DIRECTION('',(1.,0.,-0.));
#10172 = DEFINITIONAL_REPRESENTATION('',(#10173),#10177);
#10173 = LINE('',#10174,#10175);
#10174 = CARTESIAN_POINT('',(-4.138911435803E-13,-2.));
#10175 = VECTOR('',#10176,1.);
#10176 = DIRECTION('',(1.,-0.));
#10177 = ( GEOMETRIC_REPRESENTATION_CONTEXT(2) 
PARAMETRIC_REPRESENTATION_CONTEXT() REPRESENTATION_CONTEXT('2D SPACE',''
  ) );
#10178 = ORIENTED_EDGE('',*,*,#10179,.T.);
#10179 = EDGE_CURVE('',#10147,#10180,#10182,.T.);
#10180 = VERTEX_POINT('',#10181);
#10181 = CARTESIAN_POINT('',(3.491794919243,24.189134295109,4.4));
#10182 = SURFACE_CURVE('',#10183,(#10187,#10194),.PCURVE_S1.);
#10183 = LINE('',#10184,#10185);
#10184 = CARTESIAN_POINT('',(3.716794919243,23.799422863406,4.4));
#10185 = VECTOR('',#10186,1.);
#10186 = DIRECTION('',(-0.5,0.866025403784,0.));
#10187 = PCURVE('',#8713,#10188);
#10188 = DEFINITIONAL_REPRESENTATION('',(#10189),#10193);
#10189 = LINE('',#10190,#10191);
#10190 = CARTESIAN_POINT('',(-0.623205080757,0.679422863406));
#10191 = VECTOR('',#10192,1.);
#10192 = DIRECTION('',(-0.5,0.866025403784));
#10193 = ( GEOMETRIC_REPRESENTATION_CONTEXT(2) 
PARAMETRIC_REPRESENTATION_CONTEXT() REPRESENTATION_CONTEXT('2D SPACE',''
  ) );
#10194 = PCURVE('',#10195,#10200);
#10195 = PLANE('',#10196);
#10196 = AXIS2_PLACEMENT_3D('',#10197,#10198,#10199);
#10197 = CARTESIAN_POINT('',(3.610102242036,23.984220001125,
    4.925620310423));
#10198 = DIRECTION('',(0.866025403784,0.5,0.));
#10199 = DIRECTION('',(-0.5,0.866025403784,0.));
#10200 = DEFINITIONAL_REPRESENTATION('',(#10201),#10205);
#10201 = LINE('',#10202,#10203);
#10202 = CARTESIAN_POINT('',(-0.213385354415,-0.525620310423));
#10203 = VECTOR('',#10204,1.);
#10204 = DIRECTION('',(1.,0.));
#10205 = ( GEOMETRIC_REPRESENTATION_CONTEXT(2) 
PARAMETRIC_REPRESENTATION_CONTEXT() REPRESENTATION_CONTEXT('2D SPACE',''
  ) );
#10206 = ORIENTED_EDGE('',*,*,#10207,.T.);
#10207 = EDGE_CURVE('',#10180,#10208,#10210,.T.);
#10208 = VERTEX_POINT('',#10209);
#10209 = CARTESIAN_POINT('',(3.838205080757,24.389134295109,4.4));
#10210 = SURFACE_CURVE('',#10211,(#10215,#10222),.PCURVE_S1.);
#10211 = LINE('',#10212,#10213);
#10212 = CARTESIAN_POINT('',(3.491794919243,24.189134295109,4.4));
#10213 = VECTOR('',#10214,1.);
#10214 = DIRECTION('',(0.866025403784,0.5,0.));
#10215 = PCURVE('',#8713,#10216);
#10216 = DEFINITIONAL_REPRESENTATION('',(#10217),#10221);
#10217 = LINE('',#10218,#10219);
#10218 = CARTESIAN_POINT('',(-0.848205080757,1.069134295109));
#10219 = VECTOR('',#10220,1.);
#10220 = DIRECTION('',(0.866025403784,0.5));
#10221 = ( GEOMETRIC_REPRESENTATION_CONTEXT(2) 
PARAMETRIC_REPRESENTATION_CONTEXT() REPRESENTATION_CONTEXT('2D SPACE',''
  ) );
#10222 = PCURVE('',#10223,#10228);
#10223 = PLANE('',#10224);
#10224 = AXIS2_PLACEMENT_3D('',#10225,#10226,#10227);
#10225 = CARTESIAN_POINT('',(3.665,24.289134295109,4.4));
#10226 = DIRECTION('',(-0.5,0.866025403784,0.));
#10227 = DIRECTION('',(0.,0.,1.));
#10228 = DEFINITIONAL_REPRESENTATION('',(#10229),#10233);
#10229 = LINE('',#10230,#10231);
#10230 = CARTESIAN_POINT('',(0.,-0.2));
#10231 = VECTOR('',#10232,1.);
#10232 = DIRECTION('',(0.,1.));
#10233 = ( GEOMETRIC_REPRESENTATION_CONTEXT(2) 
PARAMETRIC_REPRESENTATION_CONTEXT() REPRESENTATION_CONTEXT('2D SPACE',''
  ) );
#10234 = ORIENTED_EDGE('',*,*,#10235,.F.);
#10235 = EDGE_CURVE('',#10236,#10208,#10238,.T.);
#10236 = VERTEX_POINT('',#10237);
#10237 = CARTESIAN_POINT('',(3.946967498112,24.200752262297,4.4));
#10238 = SURFACE_CURVE('',#10239,(#10243,#10250),.PCURVE_S1.);
#10239 = LINE('',#10240,#10241);
#10240 = CARTESIAN_POINT('',(4.063205080757,23.999422863406,4.4));
#10241 = VECTOR('',#10242,1.);
#10242 = DIRECTION('',(-0.5,0.866025403784,0.));
#10243 = PCURVE('',#8713,#10244);
#10244 = DEFINITIONAL_REPRESENTATION('',(#10245),#10249);
#10245 = LINE('',#10246,#10247);
#10246 = CARTESIAN_POINT('',(-0.276794919243,0.879422863406));
#10247 = VECTOR('',#10248,1.);
#10248 = DIRECTION('',(-0.5,0.866025403784));
#10249 = ( GEOMETRIC_REPRESENTATION_CONTEXT(2) 
PARAMETRIC_REPRESENTATION_CONTEXT() REPRESENTATION_CONTEXT('2D SPACE',''
  ) );
#10250 = PCURVE('',#10251,#10256);
#10251 = PLANE('',#10252);
#10252 = AXIS2_PLACEMENT_3D('',#10253,#10254,#10255);
#10253 = CARTESIAN_POINT('',(3.956512403549,24.184220001125,
    4.925620310423));
#10254 = DIRECTION('',(0.866025403784,0.5,0.));
#10255 = DIRECTION('',(-0.5,0.866025403784,0.));
#10256 = DEFINITIONAL_REPRESENTATION('',(#10257),#10261);
#10257 = LINE('',#10258,#10259);
#10258 = CARTESIAN_POINT('',(-0.213385354415,-0.525620310423));
#10259 = VECTOR('',#10260,1.);
#10260 = DIRECTION('',(1.,0.));
#10261 = ( GEOMETRIC_REPRESENTATION_CONTEXT(2) 
PARAMETRIC_REPRESENTATION_CONTEXT() REPRESENTATION_CONTEXT('2D SPACE',''
  ) );
#10262 = ORIENTED_EDGE('',*,*,#10263,.T.);
#10263 = EDGE_CURVE('',#10236,#10264,#10266,.T.);
#10264 = VERTEX_POINT('',#10265);
#10265 = CARTESIAN_POINT('',(5.472475165291,23.32,4.4));
#10266 = SURFACE_CURVE('',#10267,(#10272,#10283),.PCURVE_S1.);
#10267 = CIRCLE('',#10268,1.15);
#10268 = AXIS2_PLACEMENT_3D('',#10269,#10270,#10271);
#10269 = CARTESIAN_POINT('',(4.34,23.12,4.4));
#10270 = DIRECTION('',(0.,0.,-1.));
#10271 = DIRECTION('',(1.,0.,0.));
#10272 = PCURVE('',#8713,#10273);
#10273 = DEFINITIONAL_REPRESENTATION('',(#10274),#10282);
#10274 = ( BOUNDED_CURVE() B_SPLINE_CURVE(2,(#10275,#10276,#10277,#10278
    ,#10279,#10280,#10281),.UNSPECIFIED.,.T.,.F.) 
B_SPLINE_CURVE_WITH_KNOTS((1,2,2,2,2,1),(-2.094395102393,0.,
    2.094395102393,4.188790204786,6.28318530718,8.377580409573),
.UNSPECIFIED.) CURVE() GEOMETRIC_REPRESENTATION_ITEM() 
RATIONAL_B_SPLINE_CURVE((1.,0.5,1.,0.5,1.,0.5,1.)) REPRESENTATION_ITEM(
  '') );
#10275 = CARTESIAN_POINT('',(1.15,0.));
#10276 = CARTESIAN_POINT('',(1.15,-1.991858428704));
#10277 = CARTESIAN_POINT('',(-0.575,-0.995929214352));
#10278 = CARTESIAN_POINT('',(-2.3,-2.816687638039E-16));
#10279 = CARTESIAN_POINT('',(-0.575,0.995929214352));
#10280 = CARTESIAN_POINT('',(1.15,1.991858428704));
#10281 = CARTESIAN_POINT('',(1.15,0.));
#10282 = ( GEOMETRIC_REPRESENTATION_CONTEXT(2) 
PARAMETRIC_REPRESENTATION_CONTEXT() REPRESENTATION_CONTEXT('2D SPACE',''
  ) );
#10283 = PCURVE('',#10284,#10289);
#10284 = CYLINDRICAL_SURFACE('',#10285,1.15);
#10285 = AXIS2_PLACEMENT_3D('',#10286,#10287,#10288);
#10286 = CARTESIAN_POINT('',(4.34,23.12,2.4));
#10287 = DIRECTION('',(-0.,-0.,-1.));
#10288 = DIRECTION('',(1.,0.,-0.));
#10289 = DEFINITIONAL_REPRESENTATION('',(#10290),#10294);
#10290 = LINE('',#10291,#10292);
#10291 = CARTESIAN_POINT('',(-4.138911435803E-13,-2.));
#10292 = VECTOR('',#10293,1.);
#10293 = DIRECTION('',(1.,-0.));
#10294 = ( GEOMETRIC_REPRESENTATION_CONTEXT(2) 
PARAMETRIC_REPRESENTATION_CONTEXT() REPRESENTATION_CONTEXT('2D SPACE',''
  ) );
#10295 = ORIENTED_EDGE('',*,*,#10296,.T.);
#10296 = EDGE_CURVE('',#10264,#10297,#10299,.T.);
#10297 = VERTEX_POINT('',#10298);
#10298 = CARTESIAN_POINT('',(5.69,23.32,4.4));
#10299 = SURFACE_CURVE('',#10300,(#10304,#10311),.PCURVE_S1.);
#10300 = LINE('',#10301,#10302);
#10301 = CARTESIAN_POINT('',(5.24,23.32,4.4));
#10302 = VECTOR('',#10303,1.);
#10303 = DIRECTION('',(1.,0.,0.));
#10304 = PCURVE('',#8713,#10305);
#10305 = DEFINITIONAL_REPRESENTATION('',(#10306),#10310);
#10306 = LINE('',#10307,#10308);
#10307 = CARTESIAN_POINT('',(0.9,0.2));
#10308 = VECTOR('',#10309,1.);
#10309 = DIRECTION('',(1.,0.));
#10310 = ( GEOMETRIC_REPRESENTATION_CONTEXT(2) 
PARAMETRIC_REPRESENTATION_CONTEXT() REPRESENTATION_CONTEXT('2D SPACE',''
  ) );
#10311 = PCURVE('',#10312,#10317);
#10312 = PLANE('',#10313);
#10313 = AXIS2_PLACEMENT_3D('',#10314,#10315,#10316);
#10314 = CARTESIAN_POINT('',(5.453385354415,23.32,4.925620310423));
#10315 = DIRECTION('',(0.,-1.,0.));
#10316 = DIRECTION('',(1.,0.,0.));
#10317 = DEFINITIONAL_REPRESENTATION('',(#10318),#10322);
#10318 = LINE('',#10319,#10320);
#10319 = CARTESIAN_POINT('',(-0.213385354415,-0.525620310423));
#10320 = VECTOR('',#10321,1.);
#10321 = DIRECTION('',(1.,0.));
#10322 = ( GEOMETRIC_REPRESENTATION_CONTEXT(2) 
PARAMETRIC_REPRESENTATION_CONTEXT() REPRESENTATION_CONTEXT('2D SPACE',''
  ) );
#10323 = ORIENTED_EDGE('',*,*,#10324,.T.);
#10324 = EDGE_CURVE('',#10297,#10002,#10325,.T.);
#10325 = SURFACE_CURVE('',#10326,(#10330,#10337),.PCURVE_S1.);
#10326 = LINE('',#10327,#10328);
#10327 = CARTESIAN_POINT('',(5.69,23.32,4.4));
#10328 = VECTOR('',#10329,1.);
#10329 = DIRECTION('',(0.,-1.,0.));
#10330 = PCURVE('',#8713,#10331);
#10331 = DEFINITIONAL_REPRESENTATION('',(#10332),#10336);
#10332 = LINE('',#10333,#10334);
#10333 = CARTESIAN_POINT('',(1.35,0.2));
#10334 = VECTOR('',#10335,1.);
#10335 = DIRECTION('',(0.,-1.));
#10336 = ( GEOMETRIC_REPRESENTATION_CONTEXT(2) 
PARAMETRIC_REPRESENTATION_CONTEXT() REPRESENTATION_CONTEXT('2D SPACE',''
  ) );
#10337 = PCURVE('',#10338,#10343);
#10338 = PLANE('',#10339);
#10339 = AXIS2_PLACEMENT_3D('',#10340,#10341,#10342);
#10340 = CARTESIAN_POINT('',(5.69,23.12,4.4));
#10341 = DIRECTION('',(1.,0.,0.));
#10342 = DIRECTION('',(0.,0.,1.));
#10343 = DEFINITIONAL_REPRESENTATION('',(#10344),#10348);
#10344 = LINE('',#10345,#10346);
#10345 = CARTESIAN_POINT('',(0.,-0.2));
#10346 = VECTOR('',#10347,1.);
#10347 = DIRECTION('',(0.,1.));
#10348 = ( GEOMETRIC_REPRESENTATION_CONTEXT(2) 
PARAMETRIC_REPRESENTATION_CONTEXT() REPRESENTATION_CONTEXT('2D SPACE',''
  ) );
#10349 = ADVANCED_FACE('',(#10350),#9303,.T.);
#10350 = FACE_BOUND('',#10351,.T.);
#10351 = EDGE_LOOP('',(#10352,#10374,#10375,#10398,#10426));
#10352 = ORIENTED_EDGE('',*,*,#10353,.T.);
#10353 = EDGE_CURVE('',#10354,#9286,#10356,.T.);
#10354 = VERTEX_POINT('',#10355);
#10355 = CARTESIAN_POINT('',(5.472475165291,5.14,5.5));
#10356 = SURFACE_CURVE('',#10357,(#10361,#10368),.PCURVE_S1.);
#10357 = LINE('',#10358,#10359);
#10358 = CARTESIAN_POINT('',(5.472475165291,5.14,2.4));
#10359 = VECTOR('',#10360,1.);
#10360 = DIRECTION('',(-0.,-0.,-1.));
#10361 = PCURVE('',#9303,#10362);
#10362 = DEFINITIONAL_REPRESENTATION('',(#10363),#10367);
#10363 = LINE('',#10364,#10365);
#10364 = CARTESIAN_POINT('',(1.9089810876E-02,-2.525620310423));
#10365 = VECTOR('',#10366,1.);
#10366 = DIRECTION('',(0.,-1.));
#10367 = ( GEOMETRIC_REPRESENTATION_CONTEXT(2) 
PARAMETRIC_REPRESENTATION_CONTEXT() REPRESENTATION_CONTEXT('2D SPACE',''
  ) );
#10368 = PCURVE('',#9336,#10369);
#10369 = DEFINITIONAL_REPRESENTATION('',(#10370),#10373);
#10370 = B_SPLINE_CURVE_WITH_KNOTS('',1,(#10371,#10372),.UNSPECIFIED.,
  .F.,.F.,(2,2),(-3.1000006,-1.9999994),.PIECEWISE_BEZIER_KNOTS.);
#10371 = CARTESIAN_POINT('',(0.174801883374,-3.1000006));
#10372 = CARTESIAN_POINT('',(0.174801883374,-1.9999994));
#10373 = ( GEOMETRIC_REPRESENTATION_CONTEXT(2) 
PARAMETRIC_REPRESENTATION_CONTEXT() REPRESENTATION_CONTEXT('2D SPACE',''
  ) );
#10374 = ORIENTED_EDGE('',*,*,#9285,.T.);
#10375 = ORIENTED_EDGE('',*,*,#10376,.T.);
#10376 = EDGE_CURVE('',#9288,#10377,#10379,.T.);
#10377 = VERTEX_POINT('',#10378);
#10378 = CARTESIAN_POINT('',(5.69,5.14,5.3));
#10379 = SURFACE_CURVE('',#10380,(#10384,#10391),.PCURVE_S1.);
#10380 = LINE('',#10381,#10382);
#10381 = CARTESIAN_POINT('',(5.69,5.14,4.4));
#10382 = VECTOR('',#10383,1.);
#10383 = DIRECTION('',(0.,0.,1.));
#10384 = PCURVE('',#9303,#10385);
#10385 = DEFINITIONAL_REPRESENTATION('',(#10386),#10390);
#10386 = LINE('',#10387,#10388);
#10387 = CARTESIAN_POINT('',(0.236614645585,-0.525620310423));
#10388 = VECTOR('',#10389,1.);
#10389 = DIRECTION('',(0.,1.));
#10390 = ( GEOMETRIC_REPRESENTATION_CONTEXT(2) 
PARAMETRIC_REPRESENTATION_CONTEXT() REPRESENTATION_CONTEXT('2D SPACE',''
  ) );
#10391 = PCURVE('',#9624,#10392);
#10392 = DEFINITIONAL_REPRESENTATION('',(#10393),#10397);
#10393 = LINE('',#10394,#10395);
#10394 = CARTESIAN_POINT('',(0.,0.2));
#10395 = VECTOR('',#10396,1.);
#10396 = DIRECTION('',(1.,0.));
#10397 = ( GEOMETRIC_REPRESENTATION_CONTEXT(2) 
PARAMETRIC_REPRESENTATION_CONTEXT() REPRESENTATION_CONTEXT('2D SPACE',''
  ) );
#10398 = ORIENTED_EDGE('',*,*,#10399,.T.);
#10399 = EDGE_CURVE('',#10377,#10400,#10402,.T.);
#10400 = VERTEX_POINT('',#10401);
#10401 = CARTESIAN_POINT('',(5.49,5.14,5.5));
#10402 = SURFACE_CURVE('',#10403,(#10407,#10414),.PCURVE_S1.);
#10403 = LINE('',#10404,#10405);
#10404 = CARTESIAN_POINT('',(5.69,5.14,5.3));
#10405 = VECTOR('',#10406,1.);
#10406 = DIRECTION('',(-0.707106781187,0.,0.707106781187));
#10407 = PCURVE('',#9303,#10408);
#10408 = DEFINITIONAL_REPRESENTATION('',(#10409),#10413);
#10409 = LINE('',#10410,#10411);
#10410 = CARTESIAN_POINT('',(0.236614645585,0.374379689577));
#10411 = VECTOR('',#10412,1.);
#10412 = DIRECTION('',(-0.707106781187,0.707106781187));
#10413 = ( GEOMETRIC_REPRESENTATION_CONTEXT(2) 
PARAMETRIC_REPRESENTATION_CONTEXT() REPRESENTATION_CONTEXT('2D SPACE',''
  ) );
#10414 = PCURVE('',#10415,#10420);
#10415 = PLANE('',#10416);
#10416 = AXIS2_PLACEMENT_3D('',#10417,#10418,#10419);
#10417 = CARTESIAN_POINT('',(5.69,5.34,5.3));
#10418 = DIRECTION('',(0.707106781187,0.,0.707106781187));
#10419 = DIRECTION('',(-0.707106781187,0.,0.707106781187));
#10420 = DEFINITIONAL_REPRESENTATION('',(#10421),#10425);
#10421 = LINE('',#10422,#10423);
#10422 = CARTESIAN_POINT('',(0.,0.2));
#10423 = VECTOR('',#10424,1.);
#10424 = DIRECTION('',(1.,0.));
#10425 = ( GEOMETRIC_REPRESENTATION_CONTEXT(2) 
PARAMETRIC_REPRESENTATION_CONTEXT() REPRESENTATION_CONTEXT('2D SPACE',''
  ) );
#10426 = ORIENTED_EDGE('',*,*,#10427,.T.);
#10427 = EDGE_CURVE('',#10400,#10354,#10428,.T.);
#10428 = SURFACE_CURVE('',#10429,(#10433,#10440),.PCURVE_S1.);
#10429 = LINE('',#10430,#10431);
#10430 = CARTESIAN_POINT('',(5.49,5.14,5.5));
#10431 = VECTOR('',#10432,1.);
#10432 = DIRECTION('',(-1.,0.,0.));
#10433 = PCURVE('',#9303,#10434);
#10434 = DEFINITIONAL_REPRESENTATION('',(#10435),#10439);
#10435 = LINE('',#10436,#10437);
#10436 = CARTESIAN_POINT('',(3.6614645585E-02,0.574379689577));
#10437 = VECTOR('',#10438,1.);
#10438 = DIRECTION('',(-1.,0.));
#10439 = ( GEOMETRIC_REPRESENTATION_CONTEXT(2) 
PARAMETRIC_REPRESENTATION_CONTEXT() REPRESENTATION_CONTEXT('2D SPACE',''
  ) );
#10440 = PCURVE('',#10441,#10446);
#10441 = PLANE('',#10442);
#10442 = AXIS2_PLACEMENT_3D('',#10443,#10444,#10445);
#10443 = CARTESIAN_POINT('',(5.49,5.34,5.5));
#10444 = DIRECTION('',(0.,0.,1.));
#10445 = DIRECTION('',(-1.,0.,0.));
#10446 = DEFINITIONAL_REPRESENTATION('',(#10447),#10451);
#10447 = LINE('',#10448,#10449);
#10448 = CARTESIAN_POINT('',(0.,0.2));
#10449 = VECTOR('',#10450,1.);
#10450 = DIRECTION('',(1.,0.));
#10451 = ( GEOMETRIC_REPRESENTATION_CONTEXT(2) 
PARAMETRIC_REPRESENTATION_CONTEXT() REPRESENTATION_CONTEXT('2D SPACE',''
  ) );
#10452 = ADVANCED_FACE('',(#10453),#9624,.T.);
#10453 = FACE_BOUND('',#10454,.T.);
#10454 = EDGE_LOOP('',(#10455,#10456,#10479,#10500));
#10455 = ORIENTED_EDGE('',*,*,#9610,.F.);
#10456 = ORIENTED_EDGE('',*,*,#10457,.T.);
#10457 = EDGE_CURVE('',#9583,#10458,#10460,.T.);
#10458 = VERTEX_POINT('',#10459);
#10459 = CARTESIAN_POINT('',(5.69,5.54,5.3));
#10460 = SURFACE_CURVE('',#10461,(#10465,#10472),.PCURVE_S1.);
#10461 = LINE('',#10462,#10463);
#10462 = CARTESIAN_POINT('',(5.69,5.54,4.4));
#10463 = VECTOR('',#10464,1.);
#10464 = DIRECTION('',(0.,0.,1.));
#10465 = PCURVE('',#9624,#10466);
#10466 = DEFINITIONAL_REPRESENTATION('',(#10467),#10471);
#10467 = LINE('',#10468,#10469);
#10468 = CARTESIAN_POINT('',(0.,-0.2));
#10469 = VECTOR('',#10470,1.);
#10470 = DIRECTION('',(1.,0.));
#10471 = ( GEOMETRIC_REPRESENTATION_CONTEXT(2) 
PARAMETRIC_REPRESENTATION_CONTEXT() REPRESENTATION_CONTEXT('2D SPACE',''
  ) );
#10472 = PCURVE('',#9598,#10473);
#10473 = DEFINITIONAL_REPRESENTATION('',(#10474),#10478);
#10474 = LINE('',#10475,#10476);
#10475 = CARTESIAN_POINT('',(0.236614645585,-0.525620310423));
#10476 = VECTOR('',#10477,1.);
#10477 = DIRECTION('',(0.,1.));
#10478 = ( GEOMETRIC_REPRESENTATION_CONTEXT(2) 
PARAMETRIC_REPRESENTATION_CONTEXT() REPRESENTATION_CONTEXT('2D SPACE',''
  ) );
#10479 = ORIENTED_EDGE('',*,*,#10480,.T.);
#10480 = EDGE_CURVE('',#10458,#10377,#10481,.T.);
#10481 = SURFACE_CURVE('',#10482,(#10486,#10493),.PCURVE_S1.);
#10482 = LINE('',#10483,#10484);
#10483 = CARTESIAN_POINT('',(5.69,5.54,5.3));
#10484 = VECTOR('',#10485,1.);
#10485 = DIRECTION('',(0.,-1.,0.));
#10486 = PCURVE('',#9624,#10487);
#10487 = DEFINITIONAL_REPRESENTATION('',(#10488),#10492);
#10488 = LINE('',#10489,#10490);
#10489 = CARTESIAN_POINT('',(0.9,-0.2));
#10490 = VECTOR('',#10491,1.);
#10491 = DIRECTION('',(0.,1.));
#10492 = ( GEOMETRIC_REPRESENTATION_CONTEXT(2) 
PARAMETRIC_REPRESENTATION_CONTEXT() REPRESENTATION_CONTEXT('2D SPACE',''
  ) );
#10493 = PCURVE('',#10415,#10494);
#10494 = DEFINITIONAL_REPRESENTATION('',(#10495),#10499);
#10495 = LINE('',#10496,#10497);
#10496 = CARTESIAN_POINT('',(0.,-0.2));
#10497 = VECTOR('',#10498,1.);
#10498 = DIRECTION('',(0.,1.));
#10499 = ( GEOMETRIC_REPRESENTATION_CONTEXT(2) 
PARAMETRIC_REPRESENTATION_CONTEXT() REPRESENTATION_CONTEXT('2D SPACE',''
  ) );
#10500 = ORIENTED_EDGE('',*,*,#10376,.F.);
#10501 = ADVANCED_FACE('',(#10502),#9598,.F.);
#10502 = FACE_BOUND('',#10503,.F.);
#10503 = EDGE_LOOP('',(#10504,#10526,#10527,#10528,#10551));
#10504 = ORIENTED_EDGE('',*,*,#10505,.T.);
#10505 = EDGE_CURVE('',#10506,#9550,#10508,.T.);
#10506 = VERTEX_POINT('',#10507);
#10507 = CARTESIAN_POINT('',(5.472475165291,5.54,5.5));
#10508 = SURFACE_CURVE('',#10509,(#10513,#10520),.PCURVE_S1.);
#10509 = LINE('',#10510,#10511);
#10510 = CARTESIAN_POINT('',(5.472475165291,5.54,2.4));
#10511 = VECTOR('',#10512,1.);
#10512 = DIRECTION('',(-0.,-0.,-1.));
#10513 = PCURVE('',#9598,#10514);
#10514 = DEFINITIONAL_REPRESENTATION('',(#10515),#10519);
#10515 = LINE('',#10516,#10517);
#10516 = CARTESIAN_POINT('',(1.9089810876E-02,-2.525620310423));
#10517 = VECTOR('',#10518,1.);
#10518 = DIRECTION('',(0.,-1.));
#10519 = ( GEOMETRIC_REPRESENTATION_CONTEXT(2) 
PARAMETRIC_REPRESENTATION_CONTEXT() REPRESENTATION_CONTEXT('2D SPACE',''
  ) );
#10520 = PCURVE('',#9570,#10521);
#10521 = DEFINITIONAL_REPRESENTATION('',(#10522),#10525);
#10522 = B_SPLINE_CURVE_WITH_KNOTS('',1,(#10523,#10524),.UNSPECIFIED.,
  .F.,.F.,(2,2),(-3.1000006,-1.9999994),.PIECEWISE_BEZIER_KNOTS.);
#10523 = CARTESIAN_POINT('',(6.108383423806,-3.1000006));
#10524 = CARTESIAN_POINT('',(6.108383423806,-1.9999994));
#10525 = ( GEOMETRIC_REPRESENTATION_CONTEXT(2) 
PARAMETRIC_REPRESENTATION_CONTEXT() REPRESENTATION_CONTEXT('2D SPACE',''
  ) );
#10526 = ORIENTED_EDGE('',*,*,#9582,.T.);
#10527 = ORIENTED_EDGE('',*,*,#10457,.T.);
#10528 = ORIENTED_EDGE('',*,*,#10529,.T.);
#10529 = EDGE_CURVE('',#10458,#10530,#10532,.T.);
#10530 = VERTEX_POINT('',#10531);
#10531 = CARTESIAN_POINT('',(5.49,5.54,5.5));
#10532 = SURFACE_CURVE('',#10533,(#10537,#10544),.PCURVE_S1.);
#10533 = LINE('',#10534,#10535);
#10534 = CARTESIAN_POINT('',(5.69,5.54,5.3));
#10535 = VECTOR('',#10536,1.);
#10536 = DIRECTION('',(-0.707106781187,0.,0.707106781187));
#10537 = PCURVE('',#9598,#10538);
#10538 = DEFINITIONAL_REPRESENTATION('',(#10539),#10543);
#10539 = LINE('',#10540,#10541);
#10540 = CARTESIAN_POINT('',(0.236614645585,0.374379689577));
#10541 = VECTOR('',#10542,1.);
#10542 = DIRECTION('',(-0.707106781187,0.707106781187));
#10543 = ( GEOMETRIC_REPRESENTATION_CONTEXT(2) 
PARAMETRIC_REPRESENTATION_CONTEXT() REPRESENTATION_CONTEXT('2D SPACE',''
  ) );
#10544 = PCURVE('',#10415,#10545);
#10545 = DEFINITIONAL_REPRESENTATION('',(#10546),#10550);
#10546 = LINE('',#10547,#10548);
#10547 = CARTESIAN_POINT('',(0.,-0.2));
#10548 = VECTOR('',#10549,1.);
#10549 = DIRECTION('',(1.,0.));
#10550 = ( GEOMETRIC_REPRESENTATION_CONTEXT(2) 
PARAMETRIC_REPRESENTATION_CONTEXT() REPRESENTATION_CONTEXT('2D SPACE',''
  ) );
#10551 = ORIENTED_EDGE('',*,*,#10552,.T.);
#10552 = EDGE_CURVE('',#10530,#10506,#10553,.T.);
#10553 = SURFACE_CURVE('',#10554,(#10558,#10565),.PCURVE_S1.);
#10554 = LINE('',#10555,#10556);
#10555 = CARTESIAN_POINT('',(5.49,5.54,5.5));
#10556 = VECTOR('',#10557,1.);
#10557 = DIRECTION('',(-1.,0.,0.));
#10558 = PCURVE('',#9598,#10559);
#10559 = DEFINITIONAL_REPRESENTATION('',(#10560),#10564);
#10560 = LINE('',#10561,#10562);
#10561 = CARTESIAN_POINT('',(3.6614645585E-02,0.574379689577));
#10562 = VECTOR('',#10563,1.);
#10563 = DIRECTION('',(-1.,0.));
#10564 = ( GEOMETRIC_REPRESENTATION_CONTEXT(2) 
PARAMETRIC_REPRESENTATION_CONTEXT() REPRESENTATION_CONTEXT('2D SPACE',''
  ) );
#10565 = PCURVE('',#10566,#10571);
#10566 = PLANE('',#10567);
#10567 = AXIS2_PLACEMENT_3D('',#10568,#10569,#10570);
#10568 = CARTESIAN_POINT('',(5.49,5.34,5.5));
#10569 = DIRECTION('',(0.,0.,1.));
#10570 = DIRECTION('',(-1.,0.,0.));
#10571 = DEFINITIONAL_REPRESENTATION('',(#10572),#10576);
#10572 = LINE('',#10573,#10574);
#10573 = CARTESIAN_POINT('',(0.,-0.2));
#10574 = VECTOR('',#10575,1.);
#10575 = DIRECTION('',(1.,0.));
#10576 = ( GEOMETRIC_REPRESENTATION_CONTEXT(2) 
PARAMETRIC_REPRESENTATION_CONTEXT() REPRESENTATION_CONTEXT('2D SPACE',''
  ) );
#10577 = ADVANCED_FACE('',(#10578),#9570,.T.);
#10578 = FACE_BOUND('',#10579,.T.);
#10579 = EDGE_LOOP('',(#10580,#10608,#10609,#10610));
#10580 = ORIENTED_EDGE('',*,*,#10581,.F.);
#10581 = EDGE_CURVE('',#10506,#10582,#10584,.T.);
#10582 = VERTEX_POINT('',#10583);
#10583 = CARTESIAN_POINT('',(3.946967498112,6.420752262297,5.5));
#10584 = SURFACE_CURVE('',#10585,(#10590,#10597),.PCURVE_S1.);
#10585 = CIRCLE('',#10586,1.15);
#10586 = AXIS2_PLACEMENT_3D('',#10587,#10588,#10589);
#10587 = CARTESIAN_POINT('',(4.34,5.34,5.5));
#10588 = DIRECTION('',(0.,0.,1.));
#10589 = DIRECTION('',(1.,0.,-0.));
#10590 = PCURVE('',#9570,#10591);
#10591 = DEFINITIONAL_REPRESENTATION('',(#10592),#10596);
#10592 = LINE('',#10593,#10594);
#10593 = CARTESIAN_POINT('',(6.28318530718,-3.1));
#10594 = VECTOR('',#10595,1.);
#10595 = DIRECTION('',(-1.,0.));
#10596 = ( GEOMETRIC_REPRESENTATION_CONTEXT(2) 
PARAMETRIC_REPRESENTATION_CONTEXT() REPRESENTATION_CONTEXT('2D SPACE',''
  ) );
#10597 = PCURVE('',#10598,#10603);
#10598 = CONICAL_SURFACE('',#10599,1.15,0.302884868375);
#10599 = AXIS2_PLACEMENT_3D('',#10600,#10601,#10602);
#10600 = CARTESIAN_POINT('',(4.34,5.34,5.5));
#10601 = DIRECTION('',(-0.,-0.,-1.));
#10602 = DIRECTION('',(1.,0.,-0.));
#10603 = DEFINITIONAL_REPRESENTATION('',(#10604),#10607);
#10604 = B_SPLINE_CURVE_WITH_KNOTS('',1,(#10605,#10606),.UNSPECIFIED.,
  .F.,.F.,(2,2),(0.,6.28318530718),.PIECEWISE_BEZIER_KNOTS.);
#10605 = CARTESIAN_POINT('',(6.28318530718,0.));
#10606 = CARTESIAN_POINT('',(-4.138911435803E-13,0.));
#10607 = ( GEOMETRIC_REPRESENTATION_CONTEXT(2) 
PARAMETRIC_REPRESENTATION_CONTEXT() REPRESENTATION_CONTEXT('2D SPACE',''
  ) );
#10608 = ORIENTED_EDGE('',*,*,#10505,.T.);
#10609 = ORIENTED_EDGE('',*,*,#9549,.F.);
#10610 = ORIENTED_EDGE('',*,*,#10611,.F.);
#10611 = EDGE_CURVE('',#10582,#9522,#10612,.T.);
#10612 = SURFACE_CURVE('',#10613,(#10617,#10623),.PCURVE_S1.);
#10613 = LINE('',#10614,#10615);
#10614 = CARTESIAN_POINT('',(3.946967498112,6.420752262297,2.4));
#10615 = VECTOR('',#10616,1.);
#10616 = DIRECTION('',(-0.,-0.,-1.));
#10617 = PCURVE('',#9570,#10618);
#10618 = DEFINITIONAL_REPRESENTATION('',(#10619),#10622);
#10619 = B_SPLINE_CURVE_WITH_KNOTS('',1,(#10620,#10621),.UNSPECIFIED.,
  .F.,.F.,(2,2),(-3.1000006,-1.9999994),.PIECEWISE_BEZIER_KNOTS.);
#10620 = CARTESIAN_POINT('',(4.36359208816,-3.1000006));
#10621 = CARTESIAN_POINT('',(4.36359208816,-1.9999994));
#10622 = ( GEOMETRIC_REPRESENTATION_CONTEXT(2) 
PARAMETRIC_REPRESENTATION_CONTEXT() REPRESENTATION_CONTEXT('2D SPACE',''
  ) );
#10623 = PCURVE('',#9537,#10624);
#10624 = DEFINITIONAL_REPRESENTATION('',(#10625),#10629);
#10625 = LINE('',#10626,#10627);
#10626 = CARTESIAN_POINT('',(1.908981087545E-02,-2.525620310423));
#10627 = VECTOR('',#10628,1.);
#10628 = DIRECTION('',(0.,-1.));
#10629 = ( GEOMETRIC_REPRESENTATION_CONTEXT(2) 
PARAMETRIC_REPRESENTATION_CONTEXT() REPRESENTATION_CONTEXT('2D SPACE',''
  ) );
#10630 = ADVANCED_FACE('',(#10631),#9537,.T.);
#10631 = FACE_BOUND('',#10632,.T.);
#10632 = EDGE_LOOP('',(#10633,#10634,#10635,#10658,#10686));
#10633 = ORIENTED_EDGE('',*,*,#10611,.T.);
#10634 = ORIENTED_EDGE('',*,*,#9521,.T.);
#10635 = ORIENTED_EDGE('',*,*,#10636,.T.);
#10636 = EDGE_CURVE('',#9494,#10637,#10639,.T.);
#10637 = VERTEX_POINT('',#10638);
#10638 = CARTESIAN_POINT('',(3.838205080757,6.609134295109,5.3));
#10639 = SURFACE_CURVE('',#10640,(#10644,#10651),.PCURVE_S1.);
#10640 = LINE('',#10641,#10642);
#10641 = CARTESIAN_POINT('',(3.838205080757,6.609134295109,4.4));
#10642 = VECTOR('',#10643,1.);
#10643 = DIRECTION('',(0.,0.,1.));
#10644 = PCURVE('',#9537,#10645);
#10645 = DEFINITIONAL_REPRESENTATION('',(#10646),#10650);
#10646 = LINE('',#10647,#10648);
#10647 = CARTESIAN_POINT('',(0.236614645585,-0.525620310423));
#10648 = VECTOR('',#10649,1.);
#10649 = DIRECTION('',(0.,1.));
#10650 = ( GEOMETRIC_REPRESENTATION_CONTEXT(2) 
PARAMETRIC_REPRESENTATION_CONTEXT() REPRESENTATION_CONTEXT('2D SPACE',''
  ) );
#10651 = PCURVE('',#9509,#10652);
#10652 = DEFINITIONAL_REPRESENTATION('',(#10653),#10657);
#10653 = LINE('',#10654,#10655);
#10654 = CARTESIAN_POINT('',(0.,0.2));
#10655 = VECTOR('',#10656,1.);
#10656 = DIRECTION('',(1.,0.));
#10657 = ( GEOMETRIC_REPRESENTATION_CONTEXT(2) 
PARAMETRIC_REPRESENTATION_CONTEXT() REPRESENTATION_CONTEXT('2D SPACE',''
  ) );
#10658 = ORIENTED_EDGE('',*,*,#10659,.T.);
#10659 = EDGE_CURVE('',#10637,#10660,#10662,.T.);
#10660 = VERTEX_POINT('',#10661);
#10661 = CARTESIAN_POINT('',(3.938205080757,6.435929214352,5.5));
#10662 = SURFACE_CURVE('',#10663,(#10667,#10674),.PCURVE_S1.);
#10663 = LINE('',#10664,#10665);
#10664 = CARTESIAN_POINT('',(3.838205080757,6.609134295109,5.3));
#10665 = VECTOR('',#10666,1.);
#10666 = DIRECTION('',(0.353553390593,-0.612372435696,0.707106781187));
#10667 = PCURVE('',#9537,#10668);
#10668 = DEFINITIONAL_REPRESENTATION('',(#10669),#10673);
#10669 = LINE('',#10670,#10671);
#10670 = CARTESIAN_POINT('',(0.236614645585,0.374379689577));
#10671 = VECTOR('',#10672,1.);
#10672 = DIRECTION('',(-0.707106781186,0.707106781187));
#10673 = ( GEOMETRIC_REPRESENTATION_CONTEXT(2) 
PARAMETRIC_REPRESENTATION_CONTEXT() REPRESENTATION_CONTEXT('2D SPACE',''
  ) );
#10674 = PCURVE('',#10675,#10680);
#10675 = PLANE('',#10676);
#10676 = AXIS2_PLACEMENT_3D('',#10677,#10678,#10679);
#10677 = CARTESIAN_POINT('',(3.665,6.509134295109,5.3));
#10678 = DIRECTION('',(-0.353553390593,0.612372435696,0.707106781187));
#10679 = DIRECTION('',(0.353553390593,-0.612372435696,0.707106781186));
#10680 = DEFINITIONAL_REPRESENTATION('',(#10681),#10685);
#10681 = LINE('',#10682,#10683);
#10682 = CARTESIAN_POINT('',(-2.855162192653E-14,0.2));
#10683 = VECTOR('',#10684,1.);
#10684 = DIRECTION('',(1.,1.962615573354E-17));
#10685 = ( GEOMETRIC_REPRESENTATION_CONTEXT(2) 
PARAMETRIC_REPRESENTATION_CONTEXT() REPRESENTATION_CONTEXT('2D SPACE',''
  ) );
#10686 = ORIENTED_EDGE('',*,*,#10687,.T.);
#10687 = EDGE_CURVE('',#10660,#10582,#10688,.T.);
#10688 = SURFACE_CURVE('',#10689,(#10693,#10700),.PCURVE_S1.);
#10689 = LINE('',#10690,#10691);
#10690 = CARTESIAN_POINT('',(3.938205080757,6.435929214352,5.5));
#10691 = VECTOR('',#10692,1.);
#10692 = DIRECTION('',(0.5,-0.866025403784,0.));
#10693 = PCURVE('',#9537,#10694);
#10694 = DEFINITIONAL_REPRESENTATION('',(#10695),#10699);
#10695 = LINE('',#10696,#10697);
#10696 = CARTESIAN_POINT('',(3.66146455846E-02,0.574379689577));
#10697 = VECTOR('',#10698,1.);
#10698 = DIRECTION('',(-1.,0.));
#10699 = ( GEOMETRIC_REPRESENTATION_CONTEXT(2) 
PARAMETRIC_REPRESENTATION_CONTEXT() REPRESENTATION_CONTEXT('2D SPACE',''
  ) );
#10700 = PCURVE('',#10701,#10706);
#10701 = PLANE('',#10702);
#10702 = AXIS2_PLACEMENT_3D('',#10703,#10704,#10705);
#10703 = CARTESIAN_POINT('',(3.765,6.335929214352,5.5));
#10704 = DIRECTION('',(0.,0.,1.));
#10705 = DIRECTION('',(0.5,-0.866025403784,0.));
#10706 = DEFINITIONAL_REPRESENTATION('',(#10707),#10711);
#10707 = LINE('',#10708,#10709);
#10708 = CARTESIAN_POINT('',(1.003225280627E-13,0.2));
#10709 = VECTOR('',#10710,1.);
#10710 = DIRECTION('',(1.,0.));
#10711 = ( GEOMETRIC_REPRESENTATION_CONTEXT(2) 
PARAMETRIC_REPRESENTATION_CONTEXT() REPRESENTATION_CONTEXT('2D SPACE',''
  ) );
#10712 = ADVANCED_FACE('',(#10713),#9509,.T.);
#10713 = FACE_BOUND('',#10714,.T.);
#10714 = EDGE_LOOP('',(#10715,#10716,#10739,#10760));
#10715 = ORIENTED_EDGE('',*,*,#9493,.F.);
#10716 = ORIENTED_EDGE('',*,*,#10717,.T.);
#10717 = EDGE_CURVE('',#9466,#10718,#10720,.T.);
#10718 = VERTEX_POINT('',#10719);
#10719 = CARTESIAN_POINT('',(3.491794919243,6.409134295109,5.3));
#10720 = SURFACE_CURVE('',#10721,(#10725,#10732),.PCURVE_S1.);
#10721 = LINE('',#10722,#10723);
#10722 = CARTESIAN_POINT('',(3.491794919243,6.409134295109,4.4));
#10723 = VECTOR('',#10724,1.);
#10724 = DIRECTION('',(0.,0.,1.));
#10725 = PCURVE('',#9509,#10726);
#10726 = DEFINITIONAL_REPRESENTATION('',(#10727),#10731);
#10727 = LINE('',#10728,#10729);
#10728 = CARTESIAN_POINT('',(0.,-0.2));
#10729 = VECTOR('',#10730,1.);
#10730 = DIRECTION('',(1.,0.));
#10731 = ( GEOMETRIC_REPRESENTATION_CONTEXT(2) 
PARAMETRIC_REPRESENTATION_CONTEXT() REPRESENTATION_CONTEXT('2D SPACE',''
  ) );
#10732 = PCURVE('',#9481,#10733);
#10733 = DEFINITIONAL_REPRESENTATION('',(#10734),#10738);
#10734 = LINE('',#10735,#10736);
#10735 = CARTESIAN_POINT('',(0.236614645585,-0.525620310423));
#10736 = VECTOR('',#10737,1.);
#10737 = DIRECTION('',(0.,1.));
#10738 = ( GEOMETRIC_REPRESENTATION_CONTEXT(2) 
PARAMETRIC_REPRESENTATION_CONTEXT() REPRESENTATION_CONTEXT('2D SPACE',''
  ) );
#10739 = ORIENTED_EDGE('',*,*,#10740,.T.);
#10740 = EDGE_CURVE('',#10718,#10637,#10741,.T.);
#10741 = SURFACE_CURVE('',#10742,(#10746,#10753),.PCURVE_S1.);
#10742 = LINE('',#10743,#10744);
#10743 = CARTESIAN_POINT('',(3.491794919243,6.409134295109,5.3));
#10744 = VECTOR('',#10745,1.);
#10745 = DIRECTION('',(0.866025403784,0.5,0.));
#10746 = PCURVE('',#9509,#10747);
#10747 = DEFINITIONAL_REPRESENTATION('',(#10748),#10752);
#10748 = LINE('',#10749,#10750);
#10749 = CARTESIAN_POINT('',(0.9,-0.2));
#10750 = VECTOR('',#10751,1.);
#10751 = DIRECTION('',(0.,1.));
#10752 = ( GEOMETRIC_REPRESENTATION_CONTEXT(2) 
PARAMETRIC_REPRESENTATION_CONTEXT() REPRESENTATION_CONTEXT('2D SPACE',''
  ) );
#10753 = PCURVE('',#10675,#10754);
#10754 = DEFINITIONAL_REPRESENTATION('',(#10755),#10759);
#10755 = LINE('',#10756,#10757);
#10756 = CARTESIAN_POINT('',(2.807624060894E-14,-0.2));
#10757 = VECTOR('',#10758,1.);
#10758 = DIRECTION('',(-4.949374243779E-13,1.));
#10759 = ( GEOMETRIC_REPRESENTATION_CONTEXT(2) 
PARAMETRIC_REPRESENTATION_CONTEXT() REPRESENTATION_CONTEXT('2D SPACE',''
  ) );
#10760 = ORIENTED_EDGE('',*,*,#10636,.F.);
#10761 = ADVANCED_FACE('',(#10762),#9481,.F.);
#10762 = FACE_BOUND('',#10763,.F.);
#10763 = EDGE_LOOP('',(#10764,#10786,#10787,#10788,#10811));
#10764 = ORIENTED_EDGE('',*,*,#10765,.T.);
#10765 = EDGE_CURVE('',#10766,#9433,#10768,.T.);
#10766 = VERTEX_POINT('',#10767);
#10767 = CARTESIAN_POINT('',(3.600557336598,6.220752262297,5.5));
#10768 = SURFACE_CURVE('',#10769,(#10773,#10780),.PCURVE_S1.);
#10769 = LINE('',#10770,#10771);
#10770 = CARTESIAN_POINT('',(3.600557336598,6.220752262297,2.4));
#10771 = VECTOR('',#10772,1.);
#10772 = DIRECTION('',(-0.,-0.,-1.));
#10773 = PCURVE('',#9481,#10774);
#10774 = DEFINITIONAL_REPRESENTATION('',(#10775),#10779);
#10775 = LINE('',#10776,#10777);
#10776 = CARTESIAN_POINT('',(1.908981087595E-02,-2.525620310423));
#10777 = VECTOR('',#10778,1.);
#10778 = DIRECTION('',(0.,-1.));
#10779 = ( GEOMETRIC_REPRESENTATION_CONTEXT(2) 
PARAMETRIC_REPRESENTATION_CONTEXT() REPRESENTATION_CONTEXT('2D SPACE',''
  ) );
#10780 = PCURVE('',#9453,#10781);
#10781 = DEFINITIONAL_REPRESENTATION('',(#10782),#10785);
#10782 = B_SPLINE_CURVE_WITH_KNOTS('',1,(#10783,#10784),.UNSPECIFIED.,
  .F.,.F.,(2,2),(-3.1000006,-1.9999994),.PIECEWISE_BEZIER_KNOTS.);
#10783 = CARTESIAN_POINT('',(4.013988321413,-3.1000006));
#10784 = CARTESIAN_POINT('',(4.013988321413,-1.9999994));
#10785 = ( GEOMETRIC_REPRESENTATION_CONTEXT(2) 
PARAMETRIC_REPRESENTATION_CONTEXT() REPRESENTATION_CONTEXT('2D SPACE',''
  ) );
#10786 = ORIENTED_EDGE('',*,*,#9465,.T.);
#10787 = ORIENTED_EDGE('',*,*,#10717,.T.);
#10788 = ORIENTED_EDGE('',*,*,#10789,.T.);
#10789 = EDGE_CURVE('',#10718,#10790,#10792,.T.);
#10790 = VERTEX_POINT('',#10791);
#10791 = CARTESIAN_POINT('',(3.591794919243,6.235929214352,5.5));
#10792 = SURFACE_CURVE('',#10793,(#10797,#10804),.PCURVE_S1.);
#10793 = LINE('',#10794,#10795);
#10794 = CARTESIAN_POINT('',(3.491794919243,6.409134295109,5.3));
#10795 = VECTOR('',#10796,1.);
#10796 = DIRECTION('',(0.353553390593,-0.612372435696,0.707106781187));
#10797 = PCURVE('',#9481,#10798);
#10798 = DEFINITIONAL_REPRESENTATION('',(#10799),#10803);
#10799 = LINE('',#10800,#10801);
#10800 = CARTESIAN_POINT('',(0.236614645585,0.374379689577));
#10801 = VECTOR('',#10802,1.);
#10802 = DIRECTION('',(-0.707106781186,0.707106781187));
#10803 = ( GEOMETRIC_REPRESENTATION_CONTEXT(2) 
PARAMETRIC_REPRESENTATION_CONTEXT() REPRESENTATION_CONTEXT('2D SPACE',''
  ) );
#10804 = PCURVE('',#10675,#10805);
#10805 = DEFINITIONAL_REPRESENTATION('',(#10806),#10810);
#10806 = LINE('',#10807,#10808);
#10807 = CARTESIAN_POINT('',(2.807624060894E-14,-0.2));
#10808 = VECTOR('',#10809,1.);
#10809 = DIRECTION('',(1.,1.962615573354E-17));
#10810 = ( GEOMETRIC_REPRESENTATION_CONTEXT(2) 
PARAMETRIC_REPRESENTATION_CONTEXT() REPRESENTATION_CONTEXT('2D SPACE',''
  ) );
#10811 = ORIENTED_EDGE('',*,*,#10812,.T.);
#10812 = EDGE_CURVE('',#10790,#10766,#10813,.T.);
#10813 = SURFACE_CURVE('',#10814,(#10818,#10825),.PCURVE_S1.);
#10814 = LINE('',#10815,#10816);
#10815 = CARTESIAN_POINT('',(3.591794919243,6.235929214352,5.5));
#10816 = VECTOR('',#10817,1.);
#10817 = DIRECTION('',(0.5,-0.866025403784,0.));
#10818 = PCURVE('',#9481,#10819);
#10819 = DEFINITIONAL_REPRESENTATION('',(#10820),#10824);
#10820 = LINE('',#10821,#10822);
#10821 = CARTESIAN_POINT('',(3.66146455851E-02,0.574379689577));
#10822 = VECTOR('',#10823,1.);
#10823 = DIRECTION('',(-1.,0.));
#10824 = ( GEOMETRIC_REPRESENTATION_CONTEXT(2) 
PARAMETRIC_REPRESENTATION_CONTEXT() REPRESENTATION_CONTEXT('2D SPACE',''
  ) );
#10825 = PCURVE('',#10826,#10831);
#10826 = PLANE('',#10827);
#10827 = AXIS2_PLACEMENT_3D('',#10828,#10829,#10830);
#10828 = CARTESIAN_POINT('',(3.765,6.335929214352,5.5));
#10829 = DIRECTION('',(0.,0.,1.));
#10830 = DIRECTION('',(0.5,-0.866025403784,0.));
#10831 = DEFINITIONAL_REPRESENTATION('',(#10832),#10836);
#10832 = LINE('',#10833,#10834);
#10833 = CARTESIAN_POINT('',(-9.955924973326E-14,-0.2));
#10834 = VECTOR('',#10835,1.);
#10835 = DIRECTION('',(1.,0.));
#10836 = ( GEOMETRIC_REPRESENTATION_CONTEXT(2) 
PARAMETRIC_REPRESENTATION_CONTEXT() REPRESENTATION_CONTEXT('2D SPACE',''
  ) );
#10837 = ADVANCED_FACE('',(#10838),#9453,.T.);
#10838 = FACE_BOUND('',#10839,.T.);
#10839 = EDGE_LOOP('',(#10840,#10841,#10863,#10884));
#10840 = ORIENTED_EDGE('',*,*,#9432,.F.);
#10841 = ORIENTED_EDGE('',*,*,#10842,.F.);
#10842 = EDGE_CURVE('',#10843,#9405,#10845,.T.);
#10843 = VERTEX_POINT('',#10844);
#10844 = CARTESIAN_POINT('',(3.600557336598,4.459247737703,5.5));
#10845 = SURFACE_CURVE('',#10846,(#10850,#10856),.PCURVE_S1.);
#10846 = LINE('',#10847,#10848);
#10847 = CARTESIAN_POINT('',(3.600557336598,4.459247737703,2.4));
#10848 = VECTOR('',#10849,1.);
#10849 = DIRECTION('',(-0.,-0.,-1.));
#10850 = PCURVE('',#9453,#10851);
#10851 = DEFINITIONAL_REPRESENTATION('',(#10852),#10855);
#10852 = B_SPLINE_CURVE_WITH_KNOTS('',1,(#10853,#10854),.UNSPECIFIED.,
  .F.,.F.,(2,2),(-3.1000006,-1.9999994),.PIECEWISE_BEZIER_KNOTS.);
#10853 = CARTESIAN_POINT('',(2.269196985767,-3.1000006));
#10854 = CARTESIAN_POINT('',(2.269196985767,-1.9999994));
#10855 = ( GEOMETRIC_REPRESENTATION_CONTEXT(2) 
PARAMETRIC_REPRESENTATION_CONTEXT() REPRESENTATION_CONTEXT('2D SPACE',''
  ) );
#10856 = PCURVE('',#9420,#10857);
#10857 = DEFINITIONAL_REPRESENTATION('',(#10858),#10862);
#10858 = LINE('',#10859,#10860);
#10859 = CARTESIAN_POINT('',(1.908981087595E-02,-2.525620310423));
#10860 = VECTOR('',#10861,1.);
#10861 = DIRECTION('',(0.,-1.));
#10862 = ( GEOMETRIC_REPRESENTATION_CONTEXT(2) 
PARAMETRIC_REPRESENTATION_CONTEXT() REPRESENTATION_CONTEXT('2D SPACE',''
  ) );
#10863 = ORIENTED_EDGE('',*,*,#10864,.F.);
#10864 = EDGE_CURVE('',#10766,#10843,#10865,.T.);
#10865 = SURFACE_CURVE('',#10866,(#10871,#10878),.PCURVE_S1.);
#10866 = CIRCLE('',#10867,1.15);
#10867 = AXIS2_PLACEMENT_3D('',#10868,#10869,#10870);
#10868 = CARTESIAN_POINT('',(4.34,5.34,5.5));
#10869 = DIRECTION('',(0.,0.,1.));
#10870 = DIRECTION('',(1.,0.,-0.));
#10871 = PCURVE('',#9453,#10872);
#10872 = DEFINITIONAL_REPRESENTATION('',(#10873),#10877);
#10873 = LINE('',#10874,#10875);
#10874 = CARTESIAN_POINT('',(6.28318530718,-3.1));
#10875 = VECTOR('',#10876,1.);
#10876 = DIRECTION('',(-1.,0.));
#10877 = ( GEOMETRIC_REPRESENTATION_CONTEXT(2) 
PARAMETRIC_REPRESENTATION_CONTEXT() REPRESENTATION_CONTEXT('2D SPACE',''
  ) );
#10878 = PCURVE('',#10598,#10879);
#10879 = DEFINITIONAL_REPRESENTATION('',(#10880),#10883);
#10880 = B_SPLINE_CURVE_WITH_KNOTS('',1,(#10881,#10882),.UNSPECIFIED.,
  .F.,.F.,(2,2),(0.,6.28318530718),.PIECEWISE_BEZIER_KNOTS.);
#10881 = CARTESIAN_POINT('',(6.28318530718,0.));
#10882 = CARTESIAN_POINT('',(-4.138911435803E-13,0.));
#10883 = ( GEOMETRIC_REPRESENTATION_CONTEXT(2) 
PARAMETRIC_REPRESENTATION_CONTEXT() REPRESENTATION_CONTEXT('2D SPACE',''
  ) );
#10884 = ORIENTED_EDGE('',*,*,#10765,.T.);
#10885 = ADVANCED_FACE('',(#10886),#9420,.T.);
#10886 = FACE_BOUND('',#10887,.T.);
#10887 = EDGE_LOOP('',(#10888,#10889,#10890,#10913,#10941));
#10888 = ORIENTED_EDGE('',*,*,#10842,.T.);
#10889 = ORIENTED_EDGE('',*,*,#9404,.T.);
#10890 = ORIENTED_EDGE('',*,*,#10891,.T.);
#10891 = EDGE_CURVE('',#9377,#10892,#10894,.T.);
#10892 = VERTEX_POINT('',#10893);
#10893 = CARTESIAN_POINT('',(3.491794919243,4.270865704891,5.3));
#10894 = SURFACE_CURVE('',#10895,(#10899,#10906),.PCURVE_S1.);
#10895 = LINE('',#10896,#10897);
#10896 = CARTESIAN_POINT('',(3.491794919243,4.270865704891,4.4));
#10897 = VECTOR('',#10898,1.);
#10898 = DIRECTION('',(0.,0.,1.));
#10899 = PCURVE('',#9420,#10900);
#10900 = DEFINITIONAL_REPRESENTATION('',(#10901),#10905);
#10901 = LINE('',#10902,#10903);
#10902 = CARTESIAN_POINT('',(0.236614645585,-0.525620310423));
#10903 = VECTOR('',#10904,1.);
#10904 = DIRECTION('',(0.,1.));
#10905 = ( GEOMETRIC_REPRESENTATION_CONTEXT(2) 
PARAMETRIC_REPRESENTATION_CONTEXT() REPRESENTATION_CONTEXT('2D SPACE',''
  ) );
#10906 = PCURVE('',#9392,#10907);
#10907 = DEFINITIONAL_REPRESENTATION('',(#10908),#10912);
#10908 = LINE('',#10909,#10910);
#10909 = CARTESIAN_POINT('',(0.,0.2));
#10910 = VECTOR('',#10911,1.);
#10911 = DIRECTION('',(1.,0.));
#10912 = ( GEOMETRIC_REPRESENTATION_CONTEXT(2) 
PARAMETRIC_REPRESENTATION_CONTEXT() REPRESENTATION_CONTEXT('2D SPACE',''
  ) );
#10913 = ORIENTED_EDGE('',*,*,#10914,.T.);
#10914 = EDGE_CURVE('',#10892,#10915,#10917,.T.);
#10915 = VERTEX_POINT('',#10916);
#10916 = CARTESIAN_POINT('',(3.591794919243,4.444070785648,5.5));
#10917 = SURFACE_CURVE('',#10918,(#10922,#10929),.PCURVE_S1.);
#10918 = LINE('',#10919,#10920);
#10919 = CARTESIAN_POINT('',(3.491794919243,4.270865704891,5.3));
#10920 = VECTOR('',#10921,1.);
#10921 = DIRECTION('',(0.353553390593,0.612372435696,0.707106781187));
#10922 = PCURVE('',#9420,#10923);
#10923 = DEFINITIONAL_REPRESENTATION('',(#10924),#10928);
#10924 = LINE('',#10925,#10926);
#10925 = CARTESIAN_POINT('',(0.236614645585,0.374379689577));
#10926 = VECTOR('',#10927,1.);
#10927 = DIRECTION('',(-0.707106781186,0.707106781187));
#10928 = ( GEOMETRIC_REPRESENTATION_CONTEXT(2) 
PARAMETRIC_REPRESENTATION_CONTEXT() REPRESENTATION_CONTEXT('2D SPACE',''
  ) );
#10929 = PCURVE('',#10930,#10935);
#10930 = PLANE('',#10931);
#10931 = AXIS2_PLACEMENT_3D('',#10932,#10933,#10934);
#10932 = CARTESIAN_POINT('',(3.665,4.170865704891,5.3));
#10933 = DIRECTION('',(-0.353553390593,-0.612372435696,0.707106781187));
#10934 = DIRECTION('',(0.353553390593,0.612372435696,0.707106781186));
#10935 = DEFINITIONAL_REPRESENTATION('',(#10936),#10940);
#10936 = LINE('',#10937,#10938);
#10937 = CARTESIAN_POINT('',(2.855162192653E-14,0.2));
#10938 = VECTOR('',#10939,1.);
#10939 = DIRECTION('',(1.,-1.962615573354E-17));
#10940 = ( GEOMETRIC_REPRESENTATION_CONTEXT(2) 
PARAMETRIC_REPRESENTATION_CONTEXT() REPRESENTATION_CONTEXT('2D SPACE',''
  ) );
#10941 = ORIENTED_EDGE('',*,*,#10942,.T.);
#10942 = EDGE_CURVE('',#10915,#10843,#10943,.T.);
#10943 = SURFACE_CURVE('',#10944,(#10948,#10955),.PCURVE_S1.);
#10944 = LINE('',#10945,#10946);
#10945 = CARTESIAN_POINT('',(3.591794919243,4.444070785648,5.5));
#10946 = VECTOR('',#10947,1.);
#10947 = DIRECTION('',(0.5,0.866025403784,0.));
#10948 = PCURVE('',#9420,#10949);
#10949 = DEFINITIONAL_REPRESENTATION('',(#10950),#10954);
#10950 = LINE('',#10951,#10952);
#10951 = CARTESIAN_POINT('',(3.66146455851E-02,0.574379689577));
#10952 = VECTOR('',#10953,1.);
#10953 = DIRECTION('',(-1.,0.));
#10954 = ( GEOMETRIC_REPRESENTATION_CONTEXT(2) 
PARAMETRIC_REPRESENTATION_CONTEXT() REPRESENTATION_CONTEXT('2D SPACE',''
  ) );
#10955 = PCURVE('',#10956,#10961);
#10956 = PLANE('',#10957);
#10957 = AXIS2_PLACEMENT_3D('',#10958,#10959,#10960);
#10958 = CARTESIAN_POINT('',(3.765,4.344070785648,5.5));
#10959 = DIRECTION('',(0.,0.,1.));
#10960 = DIRECTION('',(0.5,0.866025403784,-0.));
#10961 = DEFINITIONAL_REPRESENTATION('',(#10962),#10966);
#10962 = LINE('',#10963,#10964);
#10963 = CARTESIAN_POINT('',(-1.003225280627E-13,0.2));
#10964 = VECTOR('',#10965,1.);
#10965 = DIRECTION('',(1.,0.));
#10966 = ( GEOMETRIC_REPRESENTATION_CONTEXT(2) 
PARAMETRIC_REPRESENTATION_CONTEXT() REPRESENTATION_CONTEXT('2D SPACE',''
  ) );
#10967 = ADVANCED_FACE('',(#10968),#9392,.T.);
#10968 = FACE_BOUND('',#10969,.T.);
#10969 = EDGE_LOOP('',(#10970,#10971,#10994,#11015));
#10970 = ORIENTED_EDGE('',*,*,#9376,.F.);
#10971 = ORIENTED_EDGE('',*,*,#10972,.T.);
#10972 = EDGE_CURVE('',#9349,#10973,#10975,.T.);
#10973 = VERTEX_POINT('',#10974);
#10974 = CARTESIAN_POINT('',(3.838205080757,4.070865704891,5.3));
#10975 = SURFACE_CURVE('',#10976,(#10980,#10987),.PCURVE_S1.);
#10976 = LINE('',#10977,#10978);
#10977 = CARTESIAN_POINT('',(3.838205080757,4.070865704891,4.4));
#10978 = VECTOR('',#10979,1.);
#10979 = DIRECTION('',(0.,0.,1.));
#10980 = PCURVE('',#9392,#10981);
#10981 = DEFINITIONAL_REPRESENTATION('',(#10982),#10986);
#10982 = LINE('',#10983,#10984);
#10983 = CARTESIAN_POINT('',(0.,-0.2));
#10984 = VECTOR('',#10985,1.);
#10985 = DIRECTION('',(1.,0.));
#10986 = ( GEOMETRIC_REPRESENTATION_CONTEXT(2) 
PARAMETRIC_REPRESENTATION_CONTEXT() REPRESENTATION_CONTEXT('2D SPACE',''
  ) );
#10987 = PCURVE('',#9364,#10988);
#10988 = DEFINITIONAL_REPRESENTATION('',(#10989),#10993);
#10989 = LINE('',#10990,#10991);
#10990 = CARTESIAN_POINT('',(0.236614645585,-0.525620310423));
#10991 = VECTOR('',#10992,1.);
#10992 = DIRECTION('',(0.,1.));
#10993 = ( GEOMETRIC_REPRESENTATION_CONTEXT(2) 
PARAMETRIC_REPRESENTATION_CONTEXT() REPRESENTATION_CONTEXT('2D SPACE',''
  ) );
#10994 = ORIENTED_EDGE('',*,*,#10995,.T.);
#10995 = EDGE_CURVE('',#10973,#10892,#10996,.T.);
#10996 = SURFACE_CURVE('',#10997,(#11001,#11008),.PCURVE_S1.);
#10997 = LINE('',#10998,#10999);
#10998 = CARTESIAN_POINT('',(3.838205080757,4.070865704891,5.3));
#10999 = VECTOR('',#11000,1.);
#11000 = DIRECTION('',(-0.866025403784,0.5,0.));
#11001 = PCURVE('',#9392,#11002);
#11002 = DEFINITIONAL_REPRESENTATION('',(#11003),#11007);
#11003 = LINE('',#11004,#11005);
#11004 = CARTESIAN_POINT('',(0.9,-0.2));
#11005 = VECTOR('',#11006,1.);
#11006 = DIRECTION('',(0.,1.));
#11007 = ( GEOMETRIC_REPRESENTATION_CONTEXT(2) 
PARAMETRIC_REPRESENTATION_CONTEXT() REPRESENTATION_CONTEXT('2D SPACE',''
  ) );
#11008 = PCURVE('',#10930,#11009);
#11009 = DEFINITIONAL_REPRESENTATION('',(#11010),#11014);
#11010 = LINE('',#11011,#11012);
#11011 = CARTESIAN_POINT('',(-2.807624060894E-14,-0.2));
#11012 = VECTOR('',#11013,1.);
#11013 = DIRECTION('',(4.949374243779E-13,1.));
#11014 = ( GEOMETRIC_REPRESENTATION_CONTEXT(2) 
PARAMETRIC_REPRESENTATION_CONTEXT() REPRESENTATION_CONTEXT('2D SPACE',''
  ) );
#11015 = ORIENTED_EDGE('',*,*,#10891,.F.);
#11016 = ADVANCED_FACE('',(#11017),#9364,.F.);
#11017 = FACE_BOUND('',#11018,.F.);
#11018 = EDGE_LOOP('',(#11019,#11041,#11042,#11043,#11066));
#11019 = ORIENTED_EDGE('',*,*,#11020,.T.);
#11020 = EDGE_CURVE('',#11021,#9316,#11023,.T.);
#11021 = VERTEX_POINT('',#11022);
#11022 = CARTESIAN_POINT('',(3.946967498112,4.259247737703,5.5));
#11023 = SURFACE_CURVE('',#11024,(#11028,#11035),.PCURVE_S1.);
#11024 = LINE('',#11025,#11026);
#11025 = CARTESIAN_POINT('',(3.946967498112,4.259247737703,2.4));
#11026 = VECTOR('',#11027,1.);
#11027 = DIRECTION('',(-0.,-0.,-1.));
#11028 = PCURVE('',#9364,#11029);
#11029 = DEFINITIONAL_REPRESENTATION('',(#11030),#11034);
#11030 = LINE('',#11031,#11032);
#11031 = CARTESIAN_POINT('',(1.908981087545E-02,-2.525620310423));
#11032 = VECTOR('',#11033,1.);
#11033 = DIRECTION('',(0.,-1.));
#11034 = ( GEOMETRIC_REPRESENTATION_CONTEXT(2) 
PARAMETRIC_REPRESENTATION_CONTEXT() REPRESENTATION_CONTEXT('2D SPACE',''
  ) );
#11035 = PCURVE('',#9336,#11036);
#11036 = DEFINITIONAL_REPRESENTATION('',(#11037),#11040);
#11037 = B_SPLINE_CURVE_WITH_KNOTS('',1,(#11038,#11039),.UNSPECIFIED.,
  .F.,.F.,(2,2),(-3.1000006,-1.9999994),.PIECEWISE_BEZIER_KNOTS.);
#11038 = CARTESIAN_POINT('',(1.91959321902,-3.1000006));
#11039 = CARTESIAN_POINT('',(1.91959321902,-1.9999994));
#11040 = ( GEOMETRIC_REPRESENTATION_CONTEXT(2) 
PARAMETRIC_REPRESENTATION_CONTEXT() REPRESENTATION_CONTEXT('2D SPACE',''
  ) );
#11041 = ORIENTED_EDGE('',*,*,#9348,.T.);
#11042 = ORIENTED_EDGE('',*,*,#10972,.T.);
#11043 = ORIENTED_EDGE('',*,*,#11044,.T.);
#11044 = EDGE_CURVE('',#10973,#11045,#11047,.T.);
#11045 = VERTEX_POINT('',#11046);
#11046 = CARTESIAN_POINT('',(3.938205080757,4.244070785648,5.5));
#11047 = SURFACE_CURVE('',#11048,(#11052,#11059),.PCURVE_S1.);
#11048 = LINE('',#11049,#11050);
#11049 = CARTESIAN_POINT('',(3.838205080757,4.070865704891,5.3));
#11050 = VECTOR('',#11051,1.);
#11051 = DIRECTION('',(0.353553390593,0.612372435696,0.707106781187));
#11052 = PCURVE('',#9364,#11053);
#11053 = DEFINITIONAL_REPRESENTATION('',(#11054),#11058);
#11054 = LINE('',#11055,#11056);
#11055 = CARTESIAN_POINT('',(0.236614645585,0.374379689577));
#11056 = VECTOR('',#11057,1.);
#11057 = DIRECTION('',(-0.707106781186,0.707106781187));
#11058 = ( GEOMETRIC_REPRESENTATION_CONTEXT(2) 
PARAMETRIC_REPRESENTATION_CONTEXT() REPRESENTATION_CONTEXT('2D SPACE',''
  ) );
#11059 = PCURVE('',#10930,#11060);
#11060 = DEFINITIONAL_REPRESENTATION('',(#11061),#11065);
#11061 = LINE('',#11062,#11063);
#11062 = CARTESIAN_POINT('',(-2.807624060894E-14,-0.2));
#11063 = VECTOR('',#11064,1.);
#11064 = DIRECTION('',(1.,-1.962615573354E-17));
#11065 = ( GEOMETRIC_REPRESENTATION_CONTEXT(2) 
PARAMETRIC_REPRESENTATION_CONTEXT() REPRESENTATION_CONTEXT('2D SPACE',''
  ) );
#11066 = ORIENTED_EDGE('',*,*,#11067,.T.);
#11067 = EDGE_CURVE('',#11045,#11021,#11068,.T.);
#11068 = SURFACE_CURVE('',#11069,(#11073,#11080),.PCURVE_S1.);
#11069 = LINE('',#11070,#11071);
#11070 = CARTESIAN_POINT('',(3.938205080757,4.244070785648,5.5));
#11071 = VECTOR('',#11072,1.);
#11072 = DIRECTION('',(0.5,0.866025403784,0.));
#11073 = PCURVE('',#9364,#11074);
#11074 = DEFINITIONAL_REPRESENTATION('',(#11075),#11079);
#11075 = LINE('',#11076,#11077);
#11076 = CARTESIAN_POINT('',(3.66146455846E-02,0.574379689577));
#11077 = VECTOR('',#11078,1.);
#11078 = DIRECTION('',(-1.,0.));
#11079 = ( GEOMETRIC_REPRESENTATION_CONTEXT(2) 
PARAMETRIC_REPRESENTATION_CONTEXT() REPRESENTATION_CONTEXT('2D SPACE',''
  ) );
#11080 = PCURVE('',#11081,#11086);
#11081 = PLANE('',#11082);
#11082 = AXIS2_PLACEMENT_3D('',#11083,#11084,#11085);
#11083 = CARTESIAN_POINT('',(3.765,4.344070785648,5.5));
#11084 = DIRECTION('',(0.,0.,1.));
#11085 = DIRECTION('',(0.5,0.866025403784,-0.));
#11086 = DEFINITIONAL_REPRESENTATION('',(#11087),#11091);
#11087 = LINE('',#11088,#11089);
#11088 = CARTESIAN_POINT('',(9.955924973326E-14,-0.2));
#11089 = VECTOR('',#11090,1.);
#11090 = DIRECTION('',(1.,0.));
#11091 = ( GEOMETRIC_REPRESENTATION_CONTEXT(2) 
PARAMETRIC_REPRESENTATION_CONTEXT() REPRESENTATION_CONTEXT('2D SPACE',''
  ) );
#11092 = ADVANCED_FACE('',(#11093),#9336,.T.);
#11093 = FACE_BOUND('',#11094,.T.);
#11094 = EDGE_LOOP('',(#11095,#11096,#11097,#11118));
#11095 = ORIENTED_EDGE('',*,*,#9315,.F.);
#11096 = ORIENTED_EDGE('',*,*,#10353,.F.);
#11097 = ORIENTED_EDGE('',*,*,#11098,.F.);
#11098 = EDGE_CURVE('',#11021,#10354,#11099,.T.);
#11099 = SURFACE_CURVE('',#11100,(#11105,#11112),.PCURVE_S1.);
#11100 = CIRCLE('',#11101,1.15);
#11101 = AXIS2_PLACEMENT_3D('',#11102,#11103,#11104);
#11102 = CARTESIAN_POINT('',(4.34,5.34,5.5));
#11103 = DIRECTION('',(0.,0.,1.));
#11104 = DIRECTION('',(1.,0.,-0.));
#11105 = PCURVE('',#9336,#11106);
#11106 = DEFINITIONAL_REPRESENTATION('',(#11107),#11111);
#11107 = LINE('',#11108,#11109);
#11108 = CARTESIAN_POINT('',(6.28318530718,-3.1));
#11109 = VECTOR('',#11110,1.);
#11110 = DIRECTION('',(-1.,0.));
#11111 = ( GEOMETRIC_REPRESENTATION_CONTEXT(2) 
PARAMETRIC_REPRESENTATION_CONTEXT() REPRESENTATION_CONTEXT('2D SPACE',''
  ) );
#11112 = PCURVE('',#10598,#11113);
#11113 = DEFINITIONAL_REPRESENTATION('',(#11114),#11117);
#11114 = B_SPLINE_CURVE_WITH_KNOTS('',1,(#11115,#11116),.UNSPECIFIED.,
  .F.,.F.,(2,2),(0.,6.28318530718),.PIECEWISE_BEZIER_KNOTS.);
#11115 = CARTESIAN_POINT('',(6.28318530718,0.));
#11116 = CARTESIAN_POINT('',(-4.138911435803E-13,0.));
#11117 = ( GEOMETRIC_REPRESENTATION_CONTEXT(2) 
PARAMETRIC_REPRESENTATION_CONTEXT() REPRESENTATION_CONTEXT('2D SPACE',''
  ) );
#11118 = ORIENTED_EDGE('',*,*,#11020,.T.);
#11119 = ADVANCED_FACE('',(#11120),#9660,.T.);
#11120 = FACE_BOUND('',#11121,.T.);
#11121 = EDGE_LOOP('',(#11122,#11144,#11145,#11168,#11196));
#11122 = ORIENTED_EDGE('',*,*,#11123,.T.);
#11123 = EDGE_CURVE('',#11124,#9643,#11126,.T.);
#11124 = VERTEX_POINT('',#11125);
#11125 = CARTESIAN_POINT('',(51.652475165291,5.14,5.5));
#11126 = SURFACE_CURVE('',#11127,(#11131,#11138),.PCURVE_S1.);
#11127 = LINE('',#11128,#11129);
#11128 = CARTESIAN_POINT('',(51.652475165291,5.14,2.4));
#11129 = VECTOR('',#11130,1.);
#11130 = DIRECTION('',(-0.,-0.,-1.));
#11131 = PCURVE('',#9660,#11132);
#11132 = DEFINITIONAL_REPRESENTATION('',(#11133),#11137);
#11133 = LINE('',#11134,#11135);
#11134 = CARTESIAN_POINT('',(1.9089810876E-02,-2.525620310423));
#11135 = VECTOR('',#11136,1.);
#11136 = DIRECTION('',(0.,-1.));
#11137 = ( GEOMETRIC_REPRESENTATION_CONTEXT(2) 
PARAMETRIC_REPRESENTATION_CONTEXT() REPRESENTATION_CONTEXT('2D SPACE',''
  ) );
#11138 = PCURVE('',#9693,#11139);
#11139 = DEFINITIONAL_REPRESENTATION('',(#11140),#11143);
#11140 = B_SPLINE_CURVE_WITH_KNOTS('',1,(#11141,#11142),.UNSPECIFIED.,
  .F.,.F.,(2,2),(-3.1000006,-1.9999994),.PIECEWISE_BEZIER_KNOTS.);
#11141 = CARTESIAN_POINT('',(0.174801883374,-3.1000006));
#11142 = CARTESIAN_POINT('',(0.174801883374,-1.9999994));
#11143 = ( GEOMETRIC_REPRESENTATION_CONTEXT(2) 
PARAMETRIC_REPRESENTATION_CONTEXT() REPRESENTATION_CONTEXT('2D SPACE',''
  ) );
#11144 = ORIENTED_EDGE('',*,*,#9642,.T.);
#11145 = ORIENTED_EDGE('',*,*,#11146,.T.);
#11146 = EDGE_CURVE('',#9645,#11147,#11149,.T.);
#11147 = VERTEX_POINT('',#11148);
#11148 = CARTESIAN_POINT('',(51.87,5.14,5.3));
#11149 = SURFACE_CURVE('',#11150,(#11154,#11161),.PCURVE_S1.);
#11150 = LINE('',#11151,#11152);
#11151 = CARTESIAN_POINT('',(51.87,5.14,4.4));
#11152 = VECTOR('',#11153,1.);
#11153 = DIRECTION('',(0.,0.,1.));
#11154 = PCURVE('',#9660,#11155);
#11155 = DEFINITIONAL_REPRESENTATION('',(#11156),#11160);
#11156 = LINE('',#11157,#11158);
#11157 = CARTESIAN_POINT('',(0.236614645585,-0.525620310423));
#11158 = VECTOR('',#11159,1.);
#11159 = DIRECTION('',(0.,1.));
#11160 = ( GEOMETRIC_REPRESENTATION_CONTEXT(2) 
PARAMETRIC_REPRESENTATION_CONTEXT() REPRESENTATION_CONTEXT('2D SPACE',''
  ) );
#11161 = PCURVE('',#9981,#11162);
#11162 = DEFINITIONAL_REPRESENTATION('',(#11163),#11167);
#11163 = LINE('',#11164,#11165);
#11164 = CARTESIAN_POINT('',(0.,0.2));
#11165 = VECTOR('',#11166,1.);
#11166 = DIRECTION('',(1.,0.));
#11167 = ( GEOMETRIC_REPRESENTATION_CONTEXT(2) 
PARAMETRIC_REPRESENTATION_CONTEXT() REPRESENTATION_CONTEXT('2D SPACE',''
  ) );
#11168 = ORIENTED_EDGE('',*,*,#11169,.T.);
#11169 = EDGE_CURVE('',#11147,#11170,#11172,.T.);
#11170 = VERTEX_POINT('',#11171);
#11171 = CARTESIAN_POINT('',(51.67,5.14,5.5));
#11172 = SURFACE_CURVE('',#11173,(#11177,#11184),.PCURVE_S1.);
#11173 = LINE('',#11174,#11175);
#11174 = CARTESIAN_POINT('',(51.87,5.14,5.3));
#11175 = VECTOR('',#11176,1.);
#11176 = DIRECTION('',(-0.707106781187,0.,0.707106781187));
#11177 = PCURVE('',#9660,#11178);
#11178 = DEFINITIONAL_REPRESENTATION('',(#11179),#11183);
#11179 = LINE('',#11180,#11181);
#11180 = CARTESIAN_POINT('',(0.236614645585,0.374379689577));
#11181 = VECTOR('',#11182,1.);
#11182 = DIRECTION('',(-0.707106781187,0.707106781187));
#11183 = ( GEOMETRIC_REPRESENTATION_CONTEXT(2) 
PARAMETRIC_REPRESENTATION_CONTEXT() REPRESENTATION_CONTEXT('2D SPACE',''
  ) );
#11184 = PCURVE('',#11185,#11190);
#11185 = PLANE('',#11186);
#11186 = AXIS2_PLACEMENT_3D('',#11187,#11188,#11189);
#11187 = CARTESIAN_POINT('',(51.87,5.34,5.3));
#11188 = DIRECTION('',(0.707106781187,0.,0.707106781187));
#11189 = DIRECTION('',(-0.707106781187,0.,0.707106781187));
#11190 = DEFINITIONAL_REPRESENTATION('',(#11191),#11195);
#11191 = LINE('',#11192,#11193);
#11192 = CARTESIAN_POINT('',(0.,0.2));
#11193 = VECTOR('',#11194,1.);
#11194 = DIRECTION('',(1.,0.));
#11195 = ( GEOMETRIC_REPRESENTATION_CONTEXT(2) 
PARAMETRIC_REPRESENTATION_CONTEXT() REPRESENTATION_CONTEXT('2D SPACE',''
  ) );
#11196 = ORIENTED_EDGE('',*,*,#11197,.T.);
#11197 = EDGE_CURVE('',#11170,#11124,#11198,.T.);
#11198 = SURFACE_CURVE('',#11199,(#11203,#11210),.PCURVE_S1.);
#11199 = LINE('',#11200,#11201);
#11200 = CARTESIAN_POINT('',(51.67,5.14,5.5));
#11201 = VECTOR('',#11202,1.);
#11202 = DIRECTION('',(-1.,0.,0.));
#11203 = PCURVE('',#9660,#11204);
#11204 = DEFINITIONAL_REPRESENTATION('',(#11205),#11209);
#11205 = LINE('',#11206,#11207);
#11206 = CARTESIAN_POINT('',(3.6614645585E-02,0.574379689577));
#11207 = VECTOR('',#11208,1.);
#11208 = DIRECTION('',(-1.,0.));
#11209 = ( GEOMETRIC_REPRESENTATION_CONTEXT(2) 
PARAMETRIC_REPRESENTATION_CONTEXT() REPRESENTATION_CONTEXT('2D SPACE',''
  ) );
#11210 = PCURVE('',#11211,#11216);
#11211 = PLANE('',#11212);
#11212 = AXIS2_PLACEMENT_3D('',#11213,#11214,#11215);
#11213 = CARTESIAN_POINT('',(51.67,5.34,5.5));
#11214 = DIRECTION('',(0.,0.,1.));
#11215 = DIRECTION('',(-1.,0.,0.));
#11216 = DEFINITIONAL_REPRESENTATION('',(#11217),#11221);
#11217 = LINE('',#11218,#11219);
#11218 = CARTESIAN_POINT('',(0.,0.2));
#11219 = VECTOR('',#11220,1.);
#11220 = DIRECTION('',(1.,0.));
#11221 = ( GEOMETRIC_REPRESENTATION_CONTEXT(2) 
PARAMETRIC_REPRESENTATION_CONTEXT() REPRESENTATION_CONTEXT('2D SPACE',''
  ) );
#11222 = ADVANCED_FACE('',(#11223),#9981,.T.);
#11223 = FACE_BOUND('',#11224,.T.);
#11224 = EDGE_LOOP('',(#11225,#11226,#11249,#11270));
#11225 = ORIENTED_EDGE('',*,*,#9967,.F.);
#11226 = ORIENTED_EDGE('',*,*,#11227,.T.);
#11227 = EDGE_CURVE('',#9940,#11228,#11230,.T.);
#11228 = VERTEX_POINT('',#11229);
#11229 = CARTESIAN_POINT('',(51.87,5.54,5.3));
#11230 = SURFACE_CURVE('',#11231,(#11235,#11242),.PCURVE_S1.);
#11231 = LINE('',#11232,#11233);
#11232 = CARTESIAN_POINT('',(51.87,5.54,4.4));
#11233 = VECTOR('',#11234,1.);
#11234 = DIRECTION('',(0.,0.,1.));
#11235 = PCURVE('',#9981,#11236);
#11236 = DEFINITIONAL_REPRESENTATION('',(#11237),#11241);
#11237 = LINE('',#11238,#11239);
#11238 = CARTESIAN_POINT('',(0.,-0.2));
#11239 = VECTOR('',#11240,1.);
#11240 = DIRECTION('',(1.,0.));
#11241 = ( GEOMETRIC_REPRESENTATION_CONTEXT(2) 
PARAMETRIC_REPRESENTATION_CONTEXT() REPRESENTATION_CONTEXT('2D SPACE',''
  ) );
#11242 = PCURVE('',#9955,#11243);
#11243 = DEFINITIONAL_REPRESENTATION('',(#11244),#11248);
#11244 = LINE('',#11245,#11246);
#11245 = CARTESIAN_POINT('',(0.236614645585,-0.525620310423));
#11246 = VECTOR('',#11247,1.);
#11247 = DIRECTION('',(0.,1.));
#11248 = ( GEOMETRIC_REPRESENTATION_CONTEXT(2) 
PARAMETRIC_REPRESENTATION_CONTEXT() REPRESENTATION_CONTEXT('2D SPACE',''
  ) );
#11249 = ORIENTED_EDGE('',*,*,#11250,.T.);
#11250 = EDGE_CURVE('',#11228,#11147,#11251,.T.);
#11251 = SURFACE_CURVE('',#11252,(#11256,#11263),.PCURVE_S1.);
#11252 = LINE('',#11253,#11254);
#11253 = CARTESIAN_POINT('',(51.87,5.54,5.3));
#11254 = VECTOR('',#11255,1.);
#11255 = DIRECTION('',(0.,-1.,0.));
#11256 = PCURVE('',#9981,#11257);
#11257 = DEFINITIONAL_REPRESENTATION('',(#11258),#11262);
#11258 = LINE('',#11259,#11260);
#11259 = CARTESIAN_POINT('',(0.9,-0.2));
#11260 = VECTOR('',#11261,1.);
#11261 = DIRECTION('',(0.,1.));
#11262 = ( GEOMETRIC_REPRESENTATION_CONTEXT(2) 
PARAMETRIC_REPRESENTATION_CONTEXT() REPRESENTATION_CONTEXT('2D SPACE',''
  ) );
#11263 = PCURVE('',#11185,#11264);
#11264 = DEFINITIONAL_REPRESENTATION('',(#11265),#11269);
#11265 = LINE('',#11266,#11267);
#11266 = CARTESIAN_POINT('',(0.,-0.2));
#11267 = VECTOR('',#11268,1.);
#11268 = DIRECTION('',(0.,1.));
#11269 = ( GEOMETRIC_REPRESENTATION_CONTEXT(2) 
PARAMETRIC_REPRESENTATION_CONTEXT() REPRESENTATION_CONTEXT('2D SPACE',''
  ) );
#11270 = ORIENTED_EDGE('',*,*,#11146,.F.);
#11271 = ADVANCED_FACE('',(#11272),#9955,.F.);
#11272 = FACE_BOUND('',#11273,.F.);
#11273 = EDGE_LOOP('',(#11274,#11296,#11297,#11298,#11321));
#11274 = ORIENTED_EDGE('',*,*,#11275,.T.);
#11275 = EDGE_CURVE('',#11276,#9907,#11278,.T.);
#11276 = VERTEX_POINT('',#11277);
#11277 = CARTESIAN_POINT('',(51.652475165291,5.54,5.5));
#11278 = SURFACE_CURVE('',#11279,(#11283,#11290),.PCURVE_S1.);
#11279 = LINE('',#11280,#11281);
#11280 = CARTESIAN_POINT('',(51.652475165291,5.54,2.4));
#11281 = VECTOR('',#11282,1.);
#11282 = DIRECTION('',(-0.,-0.,-1.));
#11283 = PCURVE('',#9955,#11284);
#11284 = DEFINITIONAL_REPRESENTATION('',(#11285),#11289);
#11285 = LINE('',#11286,#11287);
#11286 = CARTESIAN_POINT('',(1.9089810876E-02,-2.525620310423));
#11287 = VECTOR('',#11288,1.);
#11288 = DIRECTION('',(0.,-1.));
#11289 = ( GEOMETRIC_REPRESENTATION_CONTEXT(2) 
PARAMETRIC_REPRESENTATION_CONTEXT() REPRESENTATION_CONTEXT('2D SPACE',''
  ) );
#11290 = PCURVE('',#9927,#11291);
#11291 = DEFINITIONAL_REPRESENTATION('',(#11292),#11295);
#11292 = B_SPLINE_CURVE_WITH_KNOTS('',1,(#11293,#11294),.UNSPECIFIED.,
  .F.,.F.,(2,2),(-3.1000006,-1.9999994),.PIECEWISE_BEZIER_KNOTS.);
#11293 = CARTESIAN_POINT('',(6.108383423806,-3.1000006));
#11294 = CARTESIAN_POINT('',(6.108383423806,-1.9999994));
#11295 = ( GEOMETRIC_REPRESENTATION_CONTEXT(2) 
PARAMETRIC_REPRESENTATION_CONTEXT() REPRESENTATION_CONTEXT('2D SPACE',''
  ) );
#11296 = ORIENTED_EDGE('',*,*,#9939,.T.);
#11297 = ORIENTED_EDGE('',*,*,#11227,.T.);
#11298 = ORIENTED_EDGE('',*,*,#11299,.T.);
#11299 = EDGE_CURVE('',#11228,#11300,#11302,.T.);
#11300 = VERTEX_POINT('',#11301);
#11301 = CARTESIAN_POINT('',(51.67,5.54,5.5));
#11302 = SURFACE_CURVE('',#11303,(#11307,#11314),.PCURVE_S1.);
#11303 = LINE('',#11304,#11305);
#11304 = CARTESIAN_POINT('',(51.87,5.54,5.3));
#11305 = VECTOR('',#11306,1.);
#11306 = DIRECTION('',(-0.707106781187,0.,0.707106781187));
#11307 = PCURVE('',#9955,#11308);
#11308 = DEFINITIONAL_REPRESENTATION('',(#11309),#11313);
#11309 = LINE('',#11310,#11311);
#11310 = CARTESIAN_POINT('',(0.236614645585,0.374379689577));
#11311 = VECTOR('',#11312,1.);
#11312 = DIRECTION('',(-0.707106781187,0.707106781187));
#11313 = ( GEOMETRIC_REPRESENTATION_CONTEXT(2) 
PARAMETRIC_REPRESENTATION_CONTEXT() REPRESENTATION_CONTEXT('2D SPACE',''
  ) );
#11314 = PCURVE('',#11185,#11315);
#11315 = DEFINITIONAL_REPRESENTATION('',(#11316),#11320);
#11316 = LINE('',#11317,#11318);
#11317 = CARTESIAN_POINT('',(0.,-0.2));
#11318 = VECTOR('',#11319,1.);
#11319 = DIRECTION('',(1.,0.));
#11320 = ( GEOMETRIC_REPRESENTATION_CONTEXT(2) 
PARAMETRIC_REPRESENTATION_CONTEXT() REPRESENTATION_CONTEXT('2D SPACE',''
  ) );
#11321 = ORIENTED_EDGE('',*,*,#11322,.T.);
#11322 = EDGE_CURVE('',#11300,#11276,#11323,.T.);
#11323 = SURFACE_CURVE('',#11324,(#11328,#11335),.PCURVE_S1.);
#11324 = LINE('',#11325,#11326);
#11325 = CARTESIAN_POINT('',(51.67,5.54,5.5));
#11326 = VECTOR('',#11327,1.);
#11327 = DIRECTION('',(-1.,0.,0.));
#11328 = PCURVE('',#9955,#11329);
#11329 = DEFINITIONAL_REPRESENTATION('',(#11330),#11334);
#11330 = LINE('',#11331,#11332);
#11331 = CARTESIAN_POINT('',(3.6614645585E-02,0.574379689577));
#11332 = VECTOR('',#11333,1.);
#11333 = DIRECTION('',(-1.,0.));
#11334 = ( GEOMETRIC_REPRESENTATION_CONTEXT(2) 
PARAMETRIC_REPRESENTATION_CONTEXT() REPRESENTATION_CONTEXT('2D SPACE',''
  ) );
#11335 = PCURVE('',#11336,#11341);
#11336 = PLANE('',#11337);
#11337 = AXIS2_PLACEMENT_3D('',#11338,#11339,#11340);
#11338 = CARTESIAN_POINT('',(51.67,5.34,5.5));
#11339 = DIRECTION('',(0.,0.,1.));
#11340 = DIRECTION('',(-1.,0.,0.));
#11341 = DEFINITIONAL_REPRESENTATION('',(#11342),#11346);
#11342 = LINE('',#11343,#11344);
#11343 = CARTESIAN_POINT('',(0.,-0.2));
#11344 = VECTOR('',#11345,1.);
#11345 = DIRECTION('',(1.,0.));
#11346 = ( GEOMETRIC_REPRESENTATION_CONTEXT(2) 
PARAMETRIC_REPRESENTATION_CONTEXT() REPRESENTATION_CONTEXT('2D SPACE',''
  ) );
#11347 = ADVANCED_FACE('',(#11348),#9927,.T.);
#11348 = FACE_BOUND('',#11349,.T.);
#11349 = EDGE_LOOP('',(#11350,#11378,#11379,#11380));
#11350 = ORIENTED_EDGE('',*,*,#11351,.F.);
#11351 = EDGE_CURVE('',#11276,#11352,#11354,.T.);
#11352 = VERTEX_POINT('',#11353);
#11353 = CARTESIAN_POINT('',(50.126967498112,6.420752262297,5.5));
#11354 = SURFACE_CURVE('',#11355,(#11360,#11367),.PCURVE_S1.);
#11355 = CIRCLE('',#11356,1.15);
#11356 = AXIS2_PLACEMENT_3D('',#11357,#11358,#11359);
#11357 = CARTESIAN_POINT('',(50.52,5.34,5.5));
#11358 = DIRECTION('',(0.,0.,1.));
#11359 = DIRECTION('',(1.,0.,-0.));
#11360 = PCURVE('',#9927,#11361);
#11361 = DEFINITIONAL_REPRESENTATION('',(#11362),#11366);
#11362 = LINE('',#11363,#11364);
#11363 = CARTESIAN_POINT('',(6.28318530718,-3.1));
#11364 = VECTOR('',#11365,1.);
#11365 = DIRECTION('',(-1.,0.));
#11366 = ( GEOMETRIC_REPRESENTATION_CONTEXT(2) 
PARAMETRIC_REPRESENTATION_CONTEXT() REPRESENTATION_CONTEXT('2D SPACE',''
  ) );
#11367 = PCURVE('',#11368,#11373);
#11368 = CONICAL_SURFACE('',#11369,1.15,0.302884868375);
#11369 = AXIS2_PLACEMENT_3D('',#11370,#11371,#11372);
#11370 = CARTESIAN_POINT('',(50.52,5.34,5.5));
#11371 = DIRECTION('',(-0.,-0.,-1.));
#11372 = DIRECTION('',(1.,0.,-0.));
#11373 = DEFINITIONAL_REPRESENTATION('',(#11374),#11377);
#11374 = B_SPLINE_CURVE_WITH_KNOTS('',1,(#11375,#11376),.UNSPECIFIED.,
  .F.,.F.,(2,2),(0.,6.28318530718),.PIECEWISE_BEZIER_KNOTS.);
#11375 = CARTESIAN_POINT('',(6.28318530718,0.));
#11376 = CARTESIAN_POINT('',(-4.138911435803E-13,0.));
#11377 = ( GEOMETRIC_REPRESENTATION_CONTEXT(2) 
PARAMETRIC_REPRESENTATION_CONTEXT() REPRESENTATION_CONTEXT('2D SPACE',''
  ) );
#11378 = ORIENTED_EDGE('',*,*,#11275,.T.);
#11379 = ORIENTED_EDGE('',*,*,#9906,.F.);
#11380 = ORIENTED_EDGE('',*,*,#11381,.F.);
#11381 = EDGE_CURVE('',#11352,#9879,#11382,.T.);
#11382 = SURFACE_CURVE('',#11383,(#11387,#11393),.PCURVE_S1.);
#11383 = LINE('',#11384,#11385);
#11384 = CARTESIAN_POINT('',(50.126967498112,6.420752262297,2.4));
#11385 = VECTOR('',#11386,1.);
#11386 = DIRECTION('',(-0.,-0.,-1.));
#11387 = PCURVE('',#9927,#11388);
#11388 = DEFINITIONAL_REPRESENTATION('',(#11389),#11392);
#11389 = B_SPLINE_CURVE_WITH_KNOTS('',1,(#11390,#11391),.UNSPECIFIED.,
  .F.,.F.,(2,2),(-3.1000006,-1.9999994),.PIECEWISE_BEZIER_KNOTS.);
#11390 = CARTESIAN_POINT('',(4.36359208816,-3.1000006));
#11391 = CARTESIAN_POINT('',(4.36359208816,-1.9999994));
#11392 = ( GEOMETRIC_REPRESENTATION_CONTEXT(2) 
PARAMETRIC_REPRESENTATION_CONTEXT() REPRESENTATION_CONTEXT('2D SPACE',''
  ) );
#11393 = PCURVE('',#9894,#11394);
#11394 = DEFINITIONAL_REPRESENTATION('',(#11395),#11399);
#11395 = LINE('',#11396,#11397);
#11396 = CARTESIAN_POINT('',(1.908981087545E-02,-2.525620310423));
#11397 = VECTOR('',#11398,1.);
#11398 = DIRECTION('',(0.,-1.));
#11399 = ( GEOMETRIC_REPRESENTATION_CONTEXT(2) 
PARAMETRIC_REPRESENTATION_CONTEXT() REPRESENTATION_CONTEXT('2D SPACE',''
  ) );
#11400 = ADVANCED_FACE('',(#11401),#9894,.T.);
#11401 = FACE_BOUND('',#11402,.T.);
#11402 = EDGE_LOOP('',(#11403,#11404,#11405,#11428,#11456));
#11403 = ORIENTED_EDGE('',*,*,#11381,.T.);
#11404 = ORIENTED_EDGE('',*,*,#9878,.T.);
#11405 = ORIENTED_EDGE('',*,*,#11406,.T.);
#11406 = EDGE_CURVE('',#9851,#11407,#11409,.T.);
#11407 = VERTEX_POINT('',#11408);
#11408 = CARTESIAN_POINT('',(50.018205080757,6.609134295109,5.3));
#11409 = SURFACE_CURVE('',#11410,(#11414,#11421),.PCURVE_S1.);
#11410 = LINE('',#11411,#11412);
#11411 = CARTESIAN_POINT('',(50.018205080757,6.609134295109,4.4));
#11412 = VECTOR('',#11413,1.);
#11413 = DIRECTION('',(0.,0.,1.));
#11414 = PCURVE('',#9894,#11415);
#11415 = DEFINITIONAL_REPRESENTATION('',(#11416),#11420);
#11416 = LINE('',#11417,#11418);
#11417 = CARTESIAN_POINT('',(0.236614645585,-0.525620310423));
#11418 = VECTOR('',#11419,1.);
#11419 = DIRECTION('',(0.,1.));
#11420 = ( GEOMETRIC_REPRESENTATION_CONTEXT(2) 
PARAMETRIC_REPRESENTATION_CONTEXT() REPRESENTATION_CONTEXT('2D SPACE',''
  ) );
#11421 = PCURVE('',#9866,#11422);
#11422 = DEFINITIONAL_REPRESENTATION('',(#11423),#11427);
#11423 = LINE('',#11424,#11425);
#11424 = CARTESIAN_POINT('',(0.,0.2));
#11425 = VECTOR('',#11426,1.);
#11426 = DIRECTION('',(1.,0.));
#11427 = ( GEOMETRIC_REPRESENTATION_CONTEXT(2) 
PARAMETRIC_REPRESENTATION_CONTEXT() REPRESENTATION_CONTEXT('2D SPACE',''
  ) );
#11428 = ORIENTED_EDGE('',*,*,#11429,.T.);
#11429 = EDGE_CURVE('',#11407,#11430,#11432,.T.);
#11430 = VERTEX_POINT('',#11431);
#11431 = CARTESIAN_POINT('',(50.118205080757,6.435929214352,5.5));
#11432 = SURFACE_CURVE('',#11433,(#11437,#11444),.PCURVE_S1.);
#11433 = LINE('',#11434,#11435);
#11434 = CARTESIAN_POINT('',(50.018205080757,6.609134295109,5.3));
#11435 = VECTOR('',#11436,1.);
#11436 = DIRECTION('',(0.353553390593,-0.612372435696,0.707106781187));
#11437 = PCURVE('',#9894,#11438);
#11438 = DEFINITIONAL_REPRESENTATION('',(#11439),#11443);
#11439 = LINE('',#11440,#11441);
#11440 = CARTESIAN_POINT('',(0.236614645585,0.374379689577));
#11441 = VECTOR('',#11442,1.);
#11442 = DIRECTION('',(-0.707106781186,0.707106781187));
#11443 = ( GEOMETRIC_REPRESENTATION_CONTEXT(2) 
PARAMETRIC_REPRESENTATION_CONTEXT() REPRESENTATION_CONTEXT('2D SPACE',''
  ) );
#11444 = PCURVE('',#11445,#11450);
#11445 = PLANE('',#11446);
#11446 = AXIS2_PLACEMENT_3D('',#11447,#11448,#11449);
#11447 = CARTESIAN_POINT('',(49.845,6.509134295109,5.3));
#11448 = DIRECTION('',(-0.353553390593,0.612372435696,0.707106781187));
#11449 = DIRECTION('',(0.353553390593,-0.612372435696,0.707106781186));
#11450 = DEFINITIONAL_REPRESENTATION('',(#11451),#11455);
#11451 = LINE('',#11452,#11453);
#11452 = CARTESIAN_POINT('',(-2.948837260356E-14,0.2));
#11453 = VECTOR('',#11454,1.);
#11454 = DIRECTION('',(1.,1.962615573354E-17));
#11455 = ( GEOMETRIC_REPRESENTATION_CONTEXT(2) 
PARAMETRIC_REPRESENTATION_CONTEXT() REPRESENTATION_CONTEXT('2D SPACE',''
  ) );
#11456 = ORIENTED_EDGE('',*,*,#11457,.T.);
#11457 = EDGE_CURVE('',#11430,#11352,#11458,.T.);
#11458 = SURFACE_CURVE('',#11459,(#11463,#11470),.PCURVE_S1.);
#11459 = LINE('',#11460,#11461);
#11460 = CARTESIAN_POINT('',(50.118205080757,6.435929214352,5.5));
#11461 = VECTOR('',#11462,1.);
#11462 = DIRECTION('',(0.5,-0.866025403784,0.));
#11463 = PCURVE('',#9894,#11464);
#11464 = DEFINITIONAL_REPRESENTATION('',(#11465),#11469);
#11465 = LINE('',#11466,#11467);
#11466 = CARTESIAN_POINT('',(3.66146455846E-02,0.574379689577));
#11467 = VECTOR('',#11468,1.);
#11468 = DIRECTION('',(-1.,0.));
#11469 = ( GEOMETRIC_REPRESENTATION_CONTEXT(2) 
PARAMETRIC_REPRESENTATION_CONTEXT() REPRESENTATION_CONTEXT('2D SPACE',''
  ) );
#11470 = PCURVE('',#11471,#11476);
#11471 = PLANE('',#11472);
#11472 = AXIS2_PLACEMENT_3D('',#11473,#11474,#11475);
#11473 = CARTESIAN_POINT('',(49.945,6.335929214352,5.5));
#11474 = DIRECTION('',(0.,0.,1.));
#11475 = DIRECTION('',(0.5,-0.866025403784,0.));
#11476 = DEFINITIONAL_REPRESENTATION('',(#11477),#11481);
#11477 = LINE('',#11478,#11479);
#11478 = CARTESIAN_POINT('',(1.005445726676E-13,0.2));
#11479 = VECTOR('',#11480,1.);
#11480 = DIRECTION('',(1.,0.));
#11481 = ( GEOMETRIC_REPRESENTATION_CONTEXT(2) 
PARAMETRIC_REPRESENTATION_CONTEXT() REPRESENTATION_CONTEXT('2D SPACE',''
  ) );
#11482 = ADVANCED_FACE('',(#11483),#9866,.T.);
#11483 = FACE_BOUND('',#11484,.T.);
#11484 = EDGE_LOOP('',(#11485,#11486,#11509,#11530));
#11485 = ORIENTED_EDGE('',*,*,#9850,.F.);
#11486 = ORIENTED_EDGE('',*,*,#11487,.T.);
#11487 = EDGE_CURVE('',#9823,#11488,#11490,.T.);
#11488 = VERTEX_POINT('',#11489);
#11489 = CARTESIAN_POINT('',(49.671794919243,6.409134295109,5.3));
#11490 = SURFACE_CURVE('',#11491,(#11495,#11502),.PCURVE_S1.);
#11491 = LINE('',#11492,#11493);
#11492 = CARTESIAN_POINT('',(49.671794919243,6.409134295109,4.4));
#11493 = VECTOR('',#11494,1.);
#11494 = DIRECTION('',(0.,0.,1.));
#11495 = PCURVE('',#9866,#11496);
#11496 = DEFINITIONAL_REPRESENTATION('',(#11497),#11501);
#11497 = LINE('',#11498,#11499);
#11498 = CARTESIAN_POINT('',(0.,-0.2));
#11499 = VECTOR('',#11500,1.);
#11500 = DIRECTION('',(1.,0.));
#11501 = ( GEOMETRIC_REPRESENTATION_CONTEXT(2) 
PARAMETRIC_REPRESENTATION_CONTEXT() REPRESENTATION_CONTEXT('2D SPACE',''
  ) );
#11502 = PCURVE('',#9838,#11503);
#11503 = DEFINITIONAL_REPRESENTATION('',(#11504),#11508);
#11504 = LINE('',#11505,#11506);
#11505 = CARTESIAN_POINT('',(0.236614645585,-0.525620310423));
#11506 = VECTOR('',#11507,1.);
#11507 = DIRECTION('',(0.,1.));
#11508 = ( GEOMETRIC_REPRESENTATION_CONTEXT(2) 
PARAMETRIC_REPRESENTATION_CONTEXT() REPRESENTATION_CONTEXT('2D SPACE',''
  ) );
#11509 = ORIENTED_EDGE('',*,*,#11510,.T.);
#11510 = EDGE_CURVE('',#11488,#11407,#11511,.T.);
#11511 = SURFACE_CURVE('',#11512,(#11516,#11523),.PCURVE_S1.);
#11512 = LINE('',#11513,#11514);
#11513 = CARTESIAN_POINT('',(49.671794919243,6.409134295109,5.3));
#11514 = VECTOR('',#11515,1.);
#11515 = DIRECTION('',(0.866025403784,0.5,0.));
#11516 = PCURVE('',#9866,#11517);
#11517 = DEFINITIONAL_REPRESENTATION('',(#11518),#11522);
#11518 = LINE('',#11519,#11520);
#11519 = CARTESIAN_POINT('',(0.9,-0.2));
#11520 = VECTOR('',#11521,1.);
#11521 = DIRECTION('',(0.,1.));
#11522 = ( GEOMETRIC_REPRESENTATION_CONTEXT(2) 
PARAMETRIC_REPRESENTATION_CONTEXT() REPRESENTATION_CONTEXT('2D SPACE',''
  ) );
#11523 = PCURVE('',#11445,#11524);
#11524 = DEFINITIONAL_REPRESENTATION('',(#11525),#11529);
#11525 = LINE('',#11526,#11527);
#11526 = CARTESIAN_POINT('',(2.886033562008E-14,-0.2));
#11527 = VECTOR('',#11528,1.);
#11528 = DIRECTION('',(-4.949374243779E-13,1.));
#11529 = ( GEOMETRIC_REPRESENTATION_CONTEXT(2) 
PARAMETRIC_REPRESENTATION_CONTEXT() REPRESENTATION_CONTEXT('2D SPACE',''
  ) );
#11530 = ORIENTED_EDGE('',*,*,#11406,.F.);
#11531 = ADVANCED_FACE('',(#11532),#9838,.F.);
#11532 = FACE_BOUND('',#11533,.F.);
#11533 = EDGE_LOOP('',(#11534,#11556,#11557,#11558,#11581));
#11534 = ORIENTED_EDGE('',*,*,#11535,.T.);
#11535 = EDGE_CURVE('',#11536,#9790,#11538,.T.);
#11536 = VERTEX_POINT('',#11537);
#11537 = CARTESIAN_POINT('',(49.780557336598,6.220752262297,5.5));
#11538 = SURFACE_CURVE('',#11539,(#11543,#11550),.PCURVE_S1.);
#11539 = LINE('',#11540,#11541);
#11540 = CARTESIAN_POINT('',(49.780557336598,6.220752262297,2.4));
#11541 = VECTOR('',#11542,1.);
#11542 = DIRECTION('',(-0.,-0.,-1.));
#11543 = PCURVE('',#9838,#11544);
#11544 = DEFINITIONAL_REPRESENTATION('',(#11545),#11549);
#11545 = LINE('',#11546,#11547);
#11546 = CARTESIAN_POINT('',(1.908981087595E-02,-2.525620310423));
#11547 = VECTOR('',#11548,1.);
#11548 = DIRECTION('',(0.,-1.));
#11549 = ( GEOMETRIC_REPRESENTATION_CONTEXT(2) 
PARAMETRIC_REPRESENTATION_CONTEXT() REPRESENTATION_CONTEXT('2D SPACE',''
  ) );
#11550 = PCURVE('',#9810,#11551);
#11551 = DEFINITIONAL_REPRESENTATION('',(#11552),#11555);
#11552 = B_SPLINE_CURVE_WITH_KNOTS('',1,(#11553,#11554),.UNSPECIFIED.,
  .F.,.F.,(2,2),(-3.1000006,-1.9999994),.PIECEWISE_BEZIER_KNOTS.);
#11553 = CARTESIAN_POINT('',(4.013988321413,-3.1000006));
#11554 = CARTESIAN_POINT('',(4.013988321413,-1.9999994));
#11555 = ( GEOMETRIC_REPRESENTATION_CONTEXT(2) 
PARAMETRIC_REPRESENTATION_CONTEXT() REPRESENTATION_CONTEXT('2D SPACE',''
  ) );
#11556 = ORIENTED_EDGE('',*,*,#9822,.T.);
#11557 = ORIENTED_EDGE('',*,*,#11487,.T.);
#11558 = ORIENTED_EDGE('',*,*,#11559,.T.);
#11559 = EDGE_CURVE('',#11488,#11560,#11562,.T.);
#11560 = VERTEX_POINT('',#11561);
#11561 = CARTESIAN_POINT('',(49.771794919243,6.235929214352,5.5));
#11562 = SURFACE_CURVE('',#11563,(#11567,#11574),.PCURVE_S1.);
#11563 = LINE('',#11564,#11565);
#11564 = CARTESIAN_POINT('',(49.671794919243,6.409134295109,5.3));
#11565 = VECTOR('',#11566,1.);
#11566 = DIRECTION('',(0.353553390593,-0.612372435696,0.707106781187));
#11567 = PCURVE('',#9838,#11568);
#11568 = DEFINITIONAL_REPRESENTATION('',(#11569),#11573);
#11569 = LINE('',#11570,#11571);
#11570 = CARTESIAN_POINT('',(0.236614645585,0.374379689577));
#11571 = VECTOR('',#11572,1.);
#11572 = DIRECTION('',(-0.707106781186,0.707106781187));
#11573 = ( GEOMETRIC_REPRESENTATION_CONTEXT(2) 
PARAMETRIC_REPRESENTATION_CONTEXT() REPRESENTATION_CONTEXT('2D SPACE',''
  ) );
#11574 = PCURVE('',#11445,#11575);
#11575 = DEFINITIONAL_REPRESENTATION('',(#11576),#11580);
#11576 = LINE('',#11577,#11578);
#11577 = CARTESIAN_POINT('',(2.886033562008E-14,-0.2));
#11578 = VECTOR('',#11579,1.);
#11579 = DIRECTION('',(1.,1.962615573354E-17));
#11580 = ( GEOMETRIC_REPRESENTATION_CONTEXT(2) 
PARAMETRIC_REPRESENTATION_CONTEXT() REPRESENTATION_CONTEXT('2D SPACE',''
  ) );
#11581 = ORIENTED_EDGE('',*,*,#11582,.T.);
#11582 = EDGE_CURVE('',#11560,#11536,#11583,.T.);
#11583 = SURFACE_CURVE('',#11584,(#11588,#11595),.PCURVE_S1.);
#11584 = LINE('',#11585,#11586);
#11585 = CARTESIAN_POINT('',(49.771794919243,6.235929214352,5.5));
#11586 = VECTOR('',#11587,1.);
#11587 = DIRECTION('',(0.5,-0.866025403784,0.));
#11588 = PCURVE('',#9838,#11589);
#11589 = DEFINITIONAL_REPRESENTATION('',(#11590),#11594);
#11590 = LINE('',#11591,#11592);
#11591 = CARTESIAN_POINT('',(3.66146455851E-02,0.574379689577));
#11592 = VECTOR('',#11593,1.);
#11593 = DIRECTION('',(-1.,0.));
#11594 = ( GEOMETRIC_REPRESENTATION_CONTEXT(2) 
PARAMETRIC_REPRESENTATION_CONTEXT() REPRESENTATION_CONTEXT('2D SPACE',''
  ) );
#11595 = PCURVE('',#11596,#11601);
#11596 = PLANE('',#11597);
#11597 = AXIS2_PLACEMENT_3D('',#11598,#11599,#11600);
#11598 = CARTESIAN_POINT('',(49.945,6.335929214352,5.5));
#11599 = DIRECTION('',(0.,0.,1.));
#11600 = DIRECTION('',(0.5,-0.866025403784,0.));
#11601 = DEFINITIONAL_REPRESENTATION('',(#11602),#11606);
#11602 = LINE('',#11603,#11604);
#11603 = CARTESIAN_POINT('',(-9.978129433819E-14,-0.2));
#11604 = VECTOR('',#11605,1.);
#11605 = DIRECTION('',(1.,0.));
#11606 = ( GEOMETRIC_REPRESENTATION_CONTEXT(2) 
PARAMETRIC_REPRESENTATION_CONTEXT() REPRESENTATION_CONTEXT('2D SPACE',''
  ) );
#11607 = ADVANCED_FACE('',(#11608),#9810,.T.);
#11608 = FACE_BOUND('',#11609,.T.);
#11609 = EDGE_LOOP('',(#11610,#11611,#11633,#11654));
#11610 = ORIENTED_EDGE('',*,*,#9789,.F.);
#11611 = ORIENTED_EDGE('',*,*,#11612,.F.);
#11612 = EDGE_CURVE('',#11613,#9762,#11615,.T.);
#11613 = VERTEX_POINT('',#11614);
#11614 = CARTESIAN_POINT('',(49.780557336598,4.459247737703,5.5));
#11615 = SURFACE_CURVE('',#11616,(#11620,#11626),.PCURVE_S1.);
#11616 = LINE('',#11617,#11618);
#11617 = CARTESIAN_POINT('',(49.780557336598,4.459247737703,2.4));
#11618 = VECTOR('',#11619,1.);
#11619 = DIRECTION('',(-0.,-0.,-1.));
#11620 = PCURVE('',#9810,#11621);
#11621 = DEFINITIONAL_REPRESENTATION('',(#11622),#11625);
#11622 = B_SPLINE_CURVE_WITH_KNOTS('',1,(#11623,#11624),.UNSPECIFIED.,
  .F.,.F.,(2,2),(-3.1000006,-1.9999994),.PIECEWISE_BEZIER_KNOTS.);
#11623 = CARTESIAN_POINT('',(2.269196985767,-3.1000006));
#11624 = CARTESIAN_POINT('',(2.269196985767,-1.9999994));
#11625 = ( GEOMETRIC_REPRESENTATION_CONTEXT(2) 
PARAMETRIC_REPRESENTATION_CONTEXT() REPRESENTATION_CONTEXT('2D SPACE',''
  ) );
#11626 = PCURVE('',#9777,#11627);
#11627 = DEFINITIONAL_REPRESENTATION('',(#11628),#11632);
#11628 = LINE('',#11629,#11630);
#11629 = CARTESIAN_POINT('',(1.908981087595E-02,-2.525620310423));
#11630 = VECTOR('',#11631,1.);
#11631 = DIRECTION('',(0.,-1.));
#11632 = ( GEOMETRIC_REPRESENTATION_CONTEXT(2) 
PARAMETRIC_REPRESENTATION_CONTEXT() REPRESENTATION_CONTEXT('2D SPACE',''
  ) );
#11633 = ORIENTED_EDGE('',*,*,#11634,.F.);
#11634 = EDGE_CURVE('',#11536,#11613,#11635,.T.);
#11635 = SURFACE_CURVE('',#11636,(#11641,#11648),.PCURVE_S1.);
#11636 = CIRCLE('',#11637,1.15);
#11637 = AXIS2_PLACEMENT_3D('',#11638,#11639,#11640);
#11638 = CARTESIAN_POINT('',(50.52,5.34,5.5));
#11639 = DIRECTION('',(0.,0.,1.));
#11640 = DIRECTION('',(1.,0.,-0.));
#11641 = PCURVE('',#9810,#11642);
#11642 = DEFINITIONAL_REPRESENTATION('',(#11643),#11647);
#11643 = LINE('',#11644,#11645);
#11644 = CARTESIAN_POINT('',(6.28318530718,-3.1));
#11645 = VECTOR('',#11646,1.);
#11646 = DIRECTION('',(-1.,0.));
#11647 = ( GEOMETRIC_REPRESENTATION_CONTEXT(2) 
PARAMETRIC_REPRESENTATION_CONTEXT() REPRESENTATION_CONTEXT('2D SPACE',''
  ) );
#11648 = PCURVE('',#11368,#11649);
#11649 = DEFINITIONAL_REPRESENTATION('',(#11650),#11653);
#11650 = B_SPLINE_CURVE_WITH_KNOTS('',1,(#11651,#11652),.UNSPECIFIED.,
  .F.,.F.,(2,2),(0.,6.28318530718),.PIECEWISE_BEZIER_KNOTS.);
#11651 = CARTESIAN_POINT('',(6.28318530718,0.));
#11652 = CARTESIAN_POINT('',(-4.138911435803E-13,0.));
#11653 = ( GEOMETRIC_REPRESENTATION_CONTEXT(2) 
PARAMETRIC_REPRESENTATION_CONTEXT() REPRESENTATION_CONTEXT('2D SPACE',''
  ) );
#11654 = ORIENTED_EDGE('',*,*,#11535,.T.);
#11655 = ADVANCED_FACE('',(#11656),#9777,.T.);
#11656 = FACE_BOUND('',#11657,.T.);
#11657 = EDGE_LOOP('',(#11658,#11659,#11660,#11683,#11711));
#11658 = ORIENTED_EDGE('',*,*,#11612,.T.);
#11659 = ORIENTED_EDGE('',*,*,#9761,.T.);
#11660 = ORIENTED_EDGE('',*,*,#11661,.T.);
#11661 = EDGE_CURVE('',#9734,#11662,#11664,.T.);
#11662 = VERTEX_POINT('',#11663);
#11663 = CARTESIAN_POINT('',(49.671794919243,4.270865704891,5.3));
#11664 = SURFACE_CURVE('',#11665,(#11669,#11676),.PCURVE_S1.);
#11665 = LINE('',#11666,#11667);
#11666 = CARTESIAN_POINT('',(49.671794919243,4.270865704891,4.4));
#11667 = VECTOR('',#11668,1.);
#11668 = DIRECTION('',(0.,0.,1.));
#11669 = PCURVE('',#9777,#11670);
#11670 = DEFINITIONAL_REPRESENTATION('',(#11671),#11675);
#11671 = LINE('',#11672,#11673);
#11672 = CARTESIAN_POINT('',(0.236614645585,-0.525620310423));
#11673 = VECTOR('',#11674,1.);
#11674 = DIRECTION('',(0.,1.));
#11675 = ( GEOMETRIC_REPRESENTATION_CONTEXT(2) 
PARAMETRIC_REPRESENTATION_CONTEXT() REPRESENTATION_CONTEXT('2D SPACE',''
  ) );
#11676 = PCURVE('',#9749,#11677);
#11677 = DEFINITIONAL_REPRESENTATION('',(#11678),#11682);
#11678 = LINE('',#11679,#11680);
#11679 = CARTESIAN_POINT('',(0.,0.2));
#11680 = VECTOR('',#11681,1.);
#11681 = DIRECTION('',(1.,0.));
#11682 = ( GEOMETRIC_REPRESENTATION_CONTEXT(2) 
PARAMETRIC_REPRESENTATION_CONTEXT() REPRESENTATION_CONTEXT('2D SPACE',''
  ) );
#11683 = ORIENTED_EDGE('',*,*,#11684,.T.);
#11684 = EDGE_CURVE('',#11662,#11685,#11687,.T.);
#11685 = VERTEX_POINT('',#11686);
#11686 = CARTESIAN_POINT('',(49.771794919243,4.444070785648,5.5));
#11687 = SURFACE_CURVE('',#11688,(#11692,#11699),.PCURVE_S1.);
#11688 = LINE('',#11689,#11690);
#11689 = CARTESIAN_POINT('',(49.671794919243,4.270865704891,5.3));
#11690 = VECTOR('',#11691,1.);
#11691 = DIRECTION('',(0.353553390593,0.612372435696,0.707106781187));
#11692 = PCURVE('',#9777,#11693);
#11693 = DEFINITIONAL_REPRESENTATION('',(#11694),#11698);
#11694 = LINE('',#11695,#11696);
#11695 = CARTESIAN_POINT('',(0.236614645585,0.374379689577));
#11696 = VECTOR('',#11697,1.);
#11697 = DIRECTION('',(-0.707106781186,0.707106781187));
#11698 = ( GEOMETRIC_REPRESENTATION_CONTEXT(2) 
PARAMETRIC_REPRESENTATION_CONTEXT() REPRESENTATION_CONTEXT('2D SPACE',''
  ) );
#11699 = PCURVE('',#11700,#11705);
#11700 = PLANE('',#11701);
#11701 = AXIS2_PLACEMENT_3D('',#11702,#11703,#11704);
#11702 = CARTESIAN_POINT('',(49.845,4.170865704891,5.3));
#11703 = DIRECTION('',(-0.353553390593,-0.612372435696,0.707106781187));
#11704 = DIRECTION('',(0.353553390593,0.612372435696,0.707106781186));
#11705 = DEFINITIONAL_REPRESENTATION('',(#11706),#11710);
#11706 = LINE('',#11707,#11708);
#11707 = CARTESIAN_POINT('',(2.948837260356E-14,0.2));
#11708 = VECTOR('',#11709,1.);
#11709 = DIRECTION('',(1.,-1.962615573354E-17));
#11710 = ( GEOMETRIC_REPRESENTATION_CONTEXT(2) 
PARAMETRIC_REPRESENTATION_CONTEXT() REPRESENTATION_CONTEXT('2D SPACE',''
  ) );
#11711 = ORIENTED_EDGE('',*,*,#11712,.T.);
#11712 = EDGE_CURVE('',#11685,#11613,#11713,.T.);
#11713 = SURFACE_CURVE('',#11714,(#11718,#11725),.PCURVE_S1.);
#11714 = LINE('',#11715,#11716);
#11715 = CARTESIAN_POINT('',(49.771794919243,4.444070785648,5.5));
#11716 = VECTOR('',#11717,1.);
#11717 = DIRECTION('',(0.5,0.866025403784,0.));
#11718 = PCURVE('',#9777,#11719);
#11719 = DEFINITIONAL_REPRESENTATION('',(#11720),#11724);
#11720 = LINE('',#11721,#11722);
#11721 = CARTESIAN_POINT('',(3.66146455851E-02,0.574379689577));
#11722 = VECTOR('',#11723,1.);
#11723 = DIRECTION('',(-1.,0.));
#11724 = ( GEOMETRIC_REPRESENTATION_CONTEXT(2) 
PARAMETRIC_REPRESENTATION_CONTEXT() REPRESENTATION_CONTEXT('2D SPACE',''
  ) );
#11725 = PCURVE('',#11726,#11731);
#11726 = PLANE('',#11727);
#11727 = AXIS2_PLACEMENT_3D('',#11728,#11729,#11730);
#11728 = CARTESIAN_POINT('',(49.945,4.344070785648,5.5));
#11729 = DIRECTION('',(0.,0.,1.));
#11730 = DIRECTION('',(0.5,0.866025403784,-0.));
#11731 = DEFINITIONAL_REPRESENTATION('',(#11732),#11736);
#11732 = LINE('',#11733,#11734);
#11733 = CARTESIAN_POINT('',(-1.005445726676E-13,0.2));
#11734 = VECTOR('',#11735,1.);
#11735 = DIRECTION('',(1.,0.));
#11736 = ( GEOMETRIC_REPRESENTATION_CONTEXT(2) 
PARAMETRIC_REPRESENTATION_CONTEXT() REPRESENTATION_CONTEXT('2D SPACE',''
  ) );
#11737 = ADVANCED_FACE('',(#11738),#9749,.T.);
#11738 = FACE_BOUND('',#11739,.T.);
#11739 = EDGE_LOOP('',(#11740,#11741,#11764,#11785));
#11740 = ORIENTED_EDGE('',*,*,#9733,.F.);
#11741 = ORIENTED_EDGE('',*,*,#11742,.T.);
#11742 = EDGE_CURVE('',#9706,#11743,#11745,.T.);
#11743 = VERTEX_POINT('',#11744);
#11744 = CARTESIAN_POINT('',(50.018205080757,4.070865704891,5.3));
#11745 = SURFACE_CURVE('',#11746,(#11750,#11757),.PCURVE_S1.);
#11746 = LINE('',#11747,#11748);
#11747 = CARTESIAN_POINT('',(50.018205080757,4.070865704891,4.4));
#11748 = VECTOR('',#11749,1.);
#11749 = DIRECTION('',(0.,0.,1.));
#11750 = PCURVE('',#9749,#11751);
#11751 = DEFINITIONAL_REPRESENTATION('',(#11752),#11756);
#11752 = LINE('',#11753,#11754);
#11753 = CARTESIAN_POINT('',(0.,-0.2));
#11754 = VECTOR('',#11755,1.);
#11755 = DIRECTION('',(1.,0.));
#11756 = ( GEOMETRIC_REPRESENTATION_CONTEXT(2) 
PARAMETRIC_REPRESENTATION_CONTEXT() REPRESENTATION_CONTEXT('2D SPACE',''
  ) );
#11757 = PCURVE('',#9721,#11758);
#11758 = DEFINITIONAL_REPRESENTATION('',(#11759),#11763);
#11759 = LINE('',#11760,#11761);
#11760 = CARTESIAN_POINT('',(0.236614645585,-0.525620310423));
#11761 = VECTOR('',#11762,1.);
#11762 = DIRECTION('',(0.,1.));
#11763 = ( GEOMETRIC_REPRESENTATION_CONTEXT(2) 
PARAMETRIC_REPRESENTATION_CONTEXT() REPRESENTATION_CONTEXT('2D SPACE',''
  ) );
#11764 = ORIENTED_EDGE('',*,*,#11765,.T.);
#11765 = EDGE_CURVE('',#11743,#11662,#11766,.T.);
#11766 = SURFACE_CURVE('',#11767,(#11771,#11778),.PCURVE_S1.);
#11767 = LINE('',#11768,#11769);
#11768 = CARTESIAN_POINT('',(50.018205080757,4.070865704891,5.3));
#11769 = VECTOR('',#11770,1.);
#11770 = DIRECTION('',(-0.866025403784,0.5,0.));
#11771 = PCURVE('',#9749,#11772);
#11772 = DEFINITIONAL_REPRESENTATION('',(#11773),#11777);
#11773 = LINE('',#11774,#11775);
#11774 = CARTESIAN_POINT('',(0.9,-0.2));
#11775 = VECTOR('',#11776,1.);
#11776 = DIRECTION('',(0.,1.));
#11777 = ( GEOMETRIC_REPRESENTATION_CONTEXT(2) 
PARAMETRIC_REPRESENTATION_CONTEXT() REPRESENTATION_CONTEXT('2D SPACE',''
  ) );
#11778 = PCURVE('',#11700,#11779);
#11779 = DEFINITIONAL_REPRESENTATION('',(#11780),#11784);
#11780 = LINE('',#11781,#11782);
#11781 = CARTESIAN_POINT('',(-2.886033562008E-14,-0.2));
#11782 = VECTOR('',#11783,1.);
#11783 = DIRECTION('',(4.949374243779E-13,1.));
#11784 = ( GEOMETRIC_REPRESENTATION_CONTEXT(2) 
PARAMETRIC_REPRESENTATION_CONTEXT() REPRESENTATION_CONTEXT('2D SPACE',''
  ) );
#11785 = ORIENTED_EDGE('',*,*,#11661,.F.);
#11786 = ADVANCED_FACE('',(#11787),#9721,.F.);
#11787 = FACE_BOUND('',#11788,.F.);
#11788 = EDGE_LOOP('',(#11789,#11811,#11812,#11813,#11836));
#11789 = ORIENTED_EDGE('',*,*,#11790,.T.);
#11790 = EDGE_CURVE('',#11791,#9673,#11793,.T.);
#11791 = VERTEX_POINT('',#11792);
#11792 = CARTESIAN_POINT('',(50.126967498112,4.259247737703,5.5));
#11793 = SURFACE_CURVE('',#11794,(#11798,#11805),.PCURVE_S1.);
#11794 = LINE('',#11795,#11796);
#11795 = CARTESIAN_POINT('',(50.126967498112,4.259247737703,2.4));
#11796 = VECTOR('',#11797,1.);
#11797 = DIRECTION('',(-0.,-0.,-1.));
#11798 = PCURVE('',#9721,#11799);
#11799 = DEFINITIONAL_REPRESENTATION('',(#11800),#11804);
#11800 = LINE('',#11801,#11802);
#11801 = CARTESIAN_POINT('',(1.908981087545E-02,-2.525620310423));
#11802 = VECTOR('',#11803,1.);
#11803 = DIRECTION('',(0.,-1.));
#11804 = ( GEOMETRIC_REPRESENTATION_CONTEXT(2) 
PARAMETRIC_REPRESENTATION_CONTEXT() REPRESENTATION_CONTEXT('2D SPACE',''
  ) );
#11805 = PCURVE('',#9693,#11806);
#11806 = DEFINITIONAL_REPRESENTATION('',(#11807),#11810);
#11807 = B_SPLINE_CURVE_WITH_KNOTS('',1,(#11808,#11809),.UNSPECIFIED.,
  .F.,.F.,(2,2),(-3.1000006,-1.9999994),.PIECEWISE_BEZIER_KNOTS.);
#11808 = CARTESIAN_POINT('',(1.91959321902,-3.1000006));
#11809 = CARTESIAN_POINT('',(1.91959321902,-1.9999994));
#11810 = ( GEOMETRIC_REPRESENTATION_CONTEXT(2) 
PARAMETRIC_REPRESENTATION_CONTEXT() REPRESENTATION_CONTEXT('2D SPACE',''
  ) );
#11811 = ORIENTED_EDGE('',*,*,#9705,.T.);
#11812 = ORIENTED_EDGE('',*,*,#11742,.T.);
#11813 = ORIENTED_EDGE('',*,*,#11814,.T.);
#11814 = EDGE_CURVE('',#11743,#11815,#11817,.T.);
#11815 = VERTEX_POINT('',#11816);
#11816 = CARTESIAN_POINT('',(50.118205080757,4.244070785648,5.5));
#11817 = SURFACE_CURVE('',#11818,(#11822,#11829),.PCURVE_S1.);
#11818 = LINE('',#11819,#11820);
#11819 = CARTESIAN_POINT('',(50.018205080757,4.070865704891,5.3));
#11820 = VECTOR('',#11821,1.);
#11821 = DIRECTION('',(0.353553390593,0.612372435696,0.707106781187));
#11822 = PCURVE('',#9721,#11823);
#11823 = DEFINITIONAL_REPRESENTATION('',(#11824),#11828);
#11824 = LINE('',#11825,#11826);
#11825 = CARTESIAN_POINT('',(0.236614645585,0.374379689577));
#11826 = VECTOR('',#11827,1.);
#11827 = DIRECTION('',(-0.707106781186,0.707106781187));
#11828 = ( GEOMETRIC_REPRESENTATION_CONTEXT(2) 
PARAMETRIC_REPRESENTATION_CONTEXT() REPRESENTATION_CONTEXT('2D SPACE',''
  ) );
#11829 = PCURVE('',#11700,#11830);
#11830 = DEFINITIONAL_REPRESENTATION('',(#11831),#11835);
#11831 = LINE('',#11832,#11833);
#11832 = CARTESIAN_POINT('',(-2.886033562008E-14,-0.2));
#11833 = VECTOR('',#11834,1.);
#11834 = DIRECTION('',(1.,-1.962615573354E-17));
#11835 = ( GEOMETRIC_REPRESENTATION_CONTEXT(2) 
PARAMETRIC_REPRESENTATION_CONTEXT() REPRESENTATION_CONTEXT('2D SPACE',''
  ) );
#11836 = ORIENTED_EDGE('',*,*,#11837,.T.);
#11837 = EDGE_CURVE('',#11815,#11791,#11838,.T.);
#11838 = SURFACE_CURVE('',#11839,(#11843,#11850),.PCURVE_S1.);
#11839 = LINE('',#11840,#11841);
#11840 = CARTESIAN_POINT('',(50.118205080757,4.244070785648,5.5));
#11841 = VECTOR('',#11842,1.);
#11842 = DIRECTION('',(0.5,0.866025403784,0.));
#11843 = PCURVE('',#9721,#11844);
#11844 = DEFINITIONAL_REPRESENTATION('',(#11845),#11849);
#11845 = LINE('',#11846,#11847);
#11846 = CARTESIAN_POINT('',(3.66146455846E-02,0.574379689577));
#11847 = VECTOR('',#11848,1.);
#11848 = DIRECTION('',(-1.,0.));
#11849 = ( GEOMETRIC_REPRESENTATION_CONTEXT(2) 
PARAMETRIC_REPRESENTATION_CONTEXT() REPRESENTATION_CONTEXT('2D SPACE',''
  ) );
#11850 = PCURVE('',#11851,#11856);
#11851 = PLANE('',#11852);
#11852 = AXIS2_PLACEMENT_3D('',#11853,#11854,#11855);
#11853 = CARTESIAN_POINT('',(49.945,4.344070785648,5.5));
#11854 = DIRECTION('',(0.,0.,1.));
#11855 = DIRECTION('',(0.5,0.866025403784,-0.));
#11856 = DEFINITIONAL_REPRESENTATION('',(#11857),#11861);
#11857 = LINE('',#11858,#11859);
#11858 = CARTESIAN_POINT('',(9.978129433819E-14,-0.2));
#11859 = VECTOR('',#11860,1.);
#11860 = DIRECTION('',(1.,0.));
#11861 = ( GEOMETRIC_REPRESENTATION_CONTEXT(2) 
PARAMETRIC_REPRESENTATION_CONTEXT() REPRESENTATION_CONTEXT('2D SPACE',''
  ) );
#11862 = ADVANCED_FACE('',(#11863),#9693,.T.);
#11863 = FACE_BOUND('',#11864,.T.);
#11864 = EDGE_LOOP('',(#11865,#11866,#11867,#11888));
#11865 = ORIENTED_EDGE('',*,*,#9672,.F.);
#11866 = ORIENTED_EDGE('',*,*,#11123,.F.);
#11867 = ORIENTED_EDGE('',*,*,#11868,.F.);
#11868 = EDGE_CURVE('',#11791,#11124,#11869,.T.);
#11869 = SURFACE_CURVE('',#11870,(#11875,#11882),.PCURVE_S1.);
#11870 = CIRCLE('',#11871,1.15);
#11871 = AXIS2_PLACEMENT_3D('',#11872,#11873,#11874);
#11872 = CARTESIAN_POINT('',(50.52,5.34,5.5));
#11873 = DIRECTION('',(0.,0.,1.));
#11874 = DIRECTION('',(1.,0.,-0.));
#11875 = PCURVE('',#9693,#11876);
#11876 = DEFINITIONAL_REPRESENTATION('',(#11877),#11881);
#11877 = LINE('',#11878,#11879);
#11878 = CARTESIAN_POINT('',(6.28318530718,-3.1));
#11879 = VECTOR('',#11880,1.);
#11880 = DIRECTION('',(-1.,0.));
#11881 = ( GEOMETRIC_REPRESENTATION_CONTEXT(2) 
PARAMETRIC_REPRESENTATION_CONTEXT() REPRESENTATION_CONTEXT('2D SPACE',''
  ) );
#11882 = PCURVE('',#11368,#11883);
#11883 = DEFINITIONAL_REPRESENTATION('',(#11884),#11887);
#11884 = B_SPLINE_CURVE_WITH_KNOTS('',1,(#11885,#11886),.UNSPECIFIED.,
  .F.,.F.,(2,2),(0.,6.28318530718),.PIECEWISE_BEZIER_KNOTS.);
#11885 = CARTESIAN_POINT('',(6.28318530718,0.));
#11886 = CARTESIAN_POINT('',(-4.138911435803E-13,0.));
#11887 = ( GEOMETRIC_REPRESENTATION_CONTEXT(2) 
PARAMETRIC_REPRESENTATION_CONTEXT() REPRESENTATION_CONTEXT('2D SPACE',''
  ) );
#11888 = ORIENTED_EDGE('',*,*,#11790,.T.);
#11889 = ADVANCED_FACE('',(#11890),#10017,.T.);
#11890 = FACE_BOUND('',#11891,.T.);
#11891 = EDGE_LOOP('',(#11892,#11914,#11915,#11938,#11966));
#11892 = ORIENTED_EDGE('',*,*,#11893,.T.);
#11893 = EDGE_CURVE('',#11894,#10000,#11896,.T.);
#11894 = VERTEX_POINT('',#11895);
#11895 = CARTESIAN_POINT('',(5.472475165291,22.92,5.5));
#11896 = SURFACE_CURVE('',#11897,(#11901,#11908),.PCURVE_S1.);
#11897 = LINE('',#11898,#11899);
#11898 = CARTESIAN_POINT('',(5.472475165291,22.92,2.4));
#11899 = VECTOR('',#11900,1.);
#11900 = DIRECTION('',(-0.,-0.,-1.));
#11901 = PCURVE('',#10017,#11902);
#11902 = DEFINITIONAL_REPRESENTATION('',(#11903),#11907);
#11903 = LINE('',#11904,#11905);
#11904 = CARTESIAN_POINT('',(1.9089810876E-02,-2.525620310423));
#11905 = VECTOR('',#11906,1.);
#11906 = DIRECTION('',(0.,-1.));
#11907 = ( GEOMETRIC_REPRESENTATION_CONTEXT(2) 
PARAMETRIC_REPRESENTATION_CONTEXT() REPRESENTATION_CONTEXT('2D SPACE',''
  ) );
#11908 = PCURVE('',#10050,#11909);
#11909 = DEFINITIONAL_REPRESENTATION('',(#11910),#11913);
#11910 = B_SPLINE_CURVE_WITH_KNOTS('',1,(#11911,#11912),.UNSPECIFIED.,
  .F.,.F.,(2,2),(-3.1000006,-1.9999994),.PIECEWISE_BEZIER_KNOTS.);
#11911 = CARTESIAN_POINT('',(0.174801883374,-3.1000006));
#11912 = CARTESIAN_POINT('',(0.174801883374,-1.9999994));
#11913 = ( GEOMETRIC_REPRESENTATION_CONTEXT(2) 
PARAMETRIC_REPRESENTATION_CONTEXT() REPRESENTATION_CONTEXT('2D SPACE',''
  ) );
#11914 = ORIENTED_EDGE('',*,*,#9999,.T.);
#11915 = ORIENTED_EDGE('',*,*,#11916,.T.);
#11916 = EDGE_CURVE('',#10002,#11917,#11919,.T.);
#11917 = VERTEX_POINT('',#11918);
#11918 = CARTESIAN_POINT('',(5.69,22.92,5.3));
#11919 = SURFACE_CURVE('',#11920,(#11924,#11931),.PCURVE_S1.);
#11920 = LINE('',#11921,#11922);
#11921 = CARTESIAN_POINT('',(5.69,22.92,4.4));
#11922 = VECTOR('',#11923,1.);
#11923 = DIRECTION('',(0.,0.,1.));
#11924 = PCURVE('',#10017,#11925);
#11925 = DEFINITIONAL_REPRESENTATION('',(#11926),#11930);
#11926 = LINE('',#11927,#11928);
#11927 = CARTESIAN_POINT('',(0.236614645585,-0.525620310423));
#11928 = VECTOR('',#11929,1.);
#11929 = DIRECTION('',(0.,1.));
#11930 = ( GEOMETRIC_REPRESENTATION_CONTEXT(2) 
PARAMETRIC_REPRESENTATION_CONTEXT() REPRESENTATION_CONTEXT('2D SPACE',''
  ) );
#11931 = PCURVE('',#10338,#11932);
#11932 = DEFINITIONAL_REPRESENTATION('',(#11933),#11937);
#11933 = LINE('',#11934,#11935);
#11934 = CARTESIAN_POINT('',(0.,0.2));
#11935 = VECTOR('',#11936,1.);
#11936 = DIRECTION('',(1.,0.));
#11937 = ( GEOMETRIC_REPRESENTATION_CONTEXT(2) 
PARAMETRIC_REPRESENTATION_CONTEXT() REPRESENTATION_CONTEXT('2D SPACE',''
  ) );
#11938 = ORIENTED_EDGE('',*,*,#11939,.T.);
#11939 = EDGE_CURVE('',#11917,#11940,#11942,.T.);
#11940 = VERTEX_POINT('',#11941);
#11941 = CARTESIAN_POINT('',(5.49,22.92,5.5));
#11942 = SURFACE_CURVE('',#11943,(#11947,#11954),.PCURVE_S1.);
#11943 = LINE('',#11944,#11945);
#11944 = CARTESIAN_POINT('',(5.69,22.92,5.3));
#11945 = VECTOR('',#11946,1.);
#11946 = DIRECTION('',(-0.707106781187,0.,0.707106781187));
#11947 = PCURVE('',#10017,#11948);
#11948 = DEFINITIONAL_REPRESENTATION('',(#11949),#11953);
#11949 = LINE('',#11950,#11951);
#11950 = CARTESIAN_POINT('',(0.236614645585,0.374379689577));
#11951 = VECTOR('',#11952,1.);
#11952 = DIRECTION('',(-0.707106781187,0.707106781187));
#11953 = ( GEOMETRIC_REPRESENTATION_CONTEXT(2) 
PARAMETRIC_REPRESENTATION_CONTEXT() REPRESENTATION_CONTEXT('2D SPACE',''
  ) );
#11954 = PCURVE('',#11955,#11960);
#11955 = PLANE('',#11956);
#11956 = AXIS2_PLACEMENT_3D('',#11957,#11958,#11959);
#11957 = CARTESIAN_POINT('',(5.69,23.12,5.3));
#11958 = DIRECTION('',(0.707106781187,0.,0.707106781187));
#11959 = DIRECTION('',(-0.707106781187,0.,0.707106781187));
#11960 = DEFINITIONAL_REPRESENTATION('',(#11961),#11965);
#11961 = LINE('',#11962,#11963);
#11962 = CARTESIAN_POINT('',(0.,0.2));
#11963 = VECTOR('',#11964,1.);
#11964 = DIRECTION('',(1.,0.));
#11965 = ( GEOMETRIC_REPRESENTATION_CONTEXT(2) 
PARAMETRIC_REPRESENTATION_CONTEXT() REPRESENTATION_CONTEXT('2D SPACE',''
  ) );
#11966 = ORIENTED_EDGE('',*,*,#11967,.T.);
#11967 = EDGE_CURVE('',#11940,#11894,#11968,.T.);
#11968 = SURFACE_CURVE('',#11969,(#11973,#11980),.PCURVE_S1.);
#11969 = LINE('',#11970,#11971);
#11970 = CARTESIAN_POINT('',(5.49,22.92,5.5));
#11971 = VECTOR('',#11972,1.);
#11972 = DIRECTION('',(-1.,0.,0.));
#11973 = PCURVE('',#10017,#11974);
#11974 = DEFINITIONAL_REPRESENTATION('',(#11975),#11979);
#11975 = LINE('',#11976,#11977);
#11976 = CARTESIAN_POINT('',(3.6614645585E-02,0.574379689577));
#11977 = VECTOR('',#11978,1.);
#11978 = DIRECTION('',(-1.,0.));
#11979 = ( GEOMETRIC_REPRESENTATION_CONTEXT(2) 
PARAMETRIC_REPRESENTATION_CONTEXT() REPRESENTATION_CONTEXT('2D SPACE',''
  ) );
#11980 = PCURVE('',#11981,#11986);
#11981 = PLANE('',#11982);
#11982 = AXIS2_PLACEMENT_3D('',#11983,#11984,#11985);
#11983 = CARTESIAN_POINT('',(5.49,23.12,5.5));
#11984 = DIRECTION('',(0.,0.,1.));
#11985 = DIRECTION('',(-1.,0.,0.));
#11986 = DEFINITIONAL_REPRESENTATION('',(#11987),#11991);
#11987 = LINE('',#11988,#11989);
#11988 = CARTESIAN_POINT('',(0.,0.2));
#11989 = VECTOR('',#11990,1.);
#11990 = DIRECTION('',(1.,0.));
#11991 = ( GEOMETRIC_REPRESENTATION_CONTEXT(2) 
PARAMETRIC_REPRESENTATION_CONTEXT() REPRESENTATION_CONTEXT('2D SPACE',''
  ) );
#11992 = ADVANCED_FACE('',(#11993),#10338,.T.);
#11993 = FACE_BOUND('',#11994,.T.);
#11994 = EDGE_LOOP('',(#11995,#11996,#12019,#12040));
#11995 = ORIENTED_EDGE('',*,*,#10324,.F.);
#11996 = ORIENTED_EDGE('',*,*,#11997,.T.);
#11997 = EDGE_CURVE('',#10297,#11998,#12000,.T.);
#11998 = VERTEX_POINT('',#11999);
#11999 = CARTESIAN_POINT('',(5.69,23.32,5.3));
#12000 = SURFACE_CURVE('',#12001,(#12005,#12012),.PCURVE_S1.);
#12001 = LINE('',#12002,#12003);
#12002 = CARTESIAN_POINT('',(5.69,23.32,4.4));
#12003 = VECTOR('',#12004,1.);
#12004 = DIRECTION('',(0.,0.,1.));
#12005 = PCURVE('',#10338,#12006);
#12006 = DEFINITIONAL_REPRESENTATION('',(#12007),#12011);
#12007 = LINE('',#12008,#12009);
#12008 = CARTESIAN_POINT('',(0.,-0.2));
#12009 = VECTOR('',#12010,1.);
#12010 = DIRECTION('',(1.,0.));
#12011 = ( GEOMETRIC_REPRESENTATION_CONTEXT(2) 
PARAMETRIC_REPRESENTATION_CONTEXT() REPRESENTATION_CONTEXT('2D SPACE',''
  ) );
#12012 = PCURVE('',#10312,#12013);
#12013 = DEFINITIONAL_REPRESENTATION('',(#12014),#12018);
#12014 = LINE('',#12015,#12016);
#12015 = CARTESIAN_POINT('',(0.236614645585,-0.525620310423));
#12016 = VECTOR('',#12017,1.);
#12017 = DIRECTION('',(0.,1.));
#12018 = ( GEOMETRIC_REPRESENTATION_CONTEXT(2) 
PARAMETRIC_REPRESENTATION_CONTEXT() REPRESENTATION_CONTEXT('2D SPACE',''
  ) );
#12019 = ORIENTED_EDGE('',*,*,#12020,.T.);
#12020 = EDGE_CURVE('',#11998,#11917,#12021,.T.);
#12021 = SURFACE_CURVE('',#12022,(#12026,#12033),.PCURVE_S1.);
#12022 = LINE('',#12023,#12024);
#12023 = CARTESIAN_POINT('',(5.69,23.32,5.3));
#12024 = VECTOR('',#12025,1.);
#12025 = DIRECTION('',(0.,-1.,0.));
#12026 = PCURVE('',#10338,#12027);
#12027 = DEFINITIONAL_REPRESENTATION('',(#12028),#12032);
#12028 = LINE('',#12029,#12030);
#12029 = CARTESIAN_POINT('',(0.9,-0.2));
#12030 = VECTOR('',#12031,1.);
#12031 = DIRECTION('',(0.,1.));
#12032 = ( GEOMETRIC_REPRESENTATION_CONTEXT(2) 
PARAMETRIC_REPRESENTATION_CONTEXT() REPRESENTATION_CONTEXT('2D SPACE',''
  ) );
#12033 = PCURVE('',#11955,#12034);
#12034 = DEFINITIONAL_REPRESENTATION('',(#12035),#12039);
#12035 = LINE('',#12036,#12037);
#12036 = CARTESIAN_POINT('',(0.,-0.2));
#12037 = VECTOR('',#12038,1.);
#12038 = DIRECTION('',(0.,1.));
#12039 = ( GEOMETRIC_REPRESENTATION_CONTEXT(2) 
PARAMETRIC_REPRESENTATION_CONTEXT() REPRESENTATION_CONTEXT('2D SPACE',''
  ) );
#12040 = ORIENTED_EDGE('',*,*,#11916,.F.);
#12041 = ADVANCED_FACE('',(#12042),#10312,.F.);
#12042 = FACE_BOUND('',#12043,.F.);
#12043 = EDGE_LOOP('',(#12044,#12066,#12067,#12068,#12091));
#12044 = ORIENTED_EDGE('',*,*,#12045,.T.);
#12045 = EDGE_CURVE('',#12046,#10264,#12048,.T.);
#12046 = VERTEX_POINT('',#12047);
#12047 = CARTESIAN_POINT('',(5.472475165291,23.32,5.5));
#12048 = SURFACE_CURVE('',#12049,(#12053,#12060),.PCURVE_S1.);
#12049 = LINE('',#12050,#12051);
#12050 = CARTESIAN_POINT('',(5.472475165291,23.32,2.4));
#12051 = VECTOR('',#12052,1.);
#12052 = DIRECTION('',(-0.,-0.,-1.));
#12053 = PCURVE('',#10312,#12054);
#12054 = DEFINITIONAL_REPRESENTATION('',(#12055),#12059);
#12055 = LINE('',#12056,#12057);
#12056 = CARTESIAN_POINT('',(1.9089810876E-02,-2.525620310423));
#12057 = VECTOR('',#12058,1.);
#12058 = DIRECTION('',(0.,-1.));
#12059 = ( GEOMETRIC_REPRESENTATION_CONTEXT(2) 
PARAMETRIC_REPRESENTATION_CONTEXT() REPRESENTATION_CONTEXT('2D SPACE',''
  ) );
#12060 = PCURVE('',#10284,#12061);
#12061 = DEFINITIONAL_REPRESENTATION('',(#12062),#12065);
#12062 = B_SPLINE_CURVE_WITH_KNOTS('',1,(#12063,#12064),.UNSPECIFIED.,
  .F.,.F.,(2,2),(-3.1000006,-1.9999994),.PIECEWISE_BEZIER_KNOTS.);
#12063 = CARTESIAN_POINT('',(6.108383423806,-3.1000006));
#12064 = CARTESIAN_POINT('',(6.108383423806,-1.9999994));
#12065 = ( GEOMETRIC_REPRESENTATION_CONTEXT(2) 
PARAMETRIC_REPRESENTATION_CONTEXT() REPRESENTATION_CONTEXT('2D SPACE',''
  ) );
#12066 = ORIENTED_EDGE('',*,*,#10296,.T.);
#12067 = ORIENTED_EDGE('',*,*,#11997,.T.);
#12068 = ORIENTED_EDGE('',*,*,#12069,.T.);
#12069 = EDGE_CURVE('',#11998,#12070,#12072,.T.);
#12070 = VERTEX_POINT('',#12071);
#12071 = CARTESIAN_POINT('',(5.49,23.32,5.5));
#12072 = SURFACE_CURVE('',#12073,(#12077,#12084),.PCURVE_S1.);
#12073 = LINE('',#12074,#12075);
#12074 = CARTESIAN_POINT('',(5.69,23.32,5.3));
#12075 = VECTOR('',#12076,1.);
#12076 = DIRECTION('',(-0.707106781187,0.,0.707106781187));
#12077 = PCURVE('',#10312,#12078);
#12078 = DEFINITIONAL_REPRESENTATION('',(#12079),#12083);
#12079 = LINE('',#12080,#12081);
#12080 = CARTESIAN_POINT('',(0.236614645585,0.374379689577));
#12081 = VECTOR('',#12082,1.);
#12082 = DIRECTION('',(-0.707106781187,0.707106781187));
#12083 = ( GEOMETRIC_REPRESENTATION_CONTEXT(2) 
PARAMETRIC_REPRESENTATION_CONTEXT() REPRESENTATION_CONTEXT('2D SPACE',''
  ) );
#12084 = PCURVE('',#11955,#12085);
#12085 = DEFINITIONAL_REPRESENTATION('',(#12086),#12090);
#12086 = LINE('',#12087,#12088);
#12087 = CARTESIAN_POINT('',(0.,-0.2));
#12088 = VECTOR('',#12089,1.);
#12089 = DIRECTION('',(1.,0.));
#12090 = ( GEOMETRIC_REPRESENTATION_CONTEXT(2) 
PARAMETRIC_REPRESENTATION_CONTEXT() REPRESENTATION_CONTEXT('2D SPACE',''
  ) );
#12091 = ORIENTED_EDGE('',*,*,#12092,.T.);
#12092 = EDGE_CURVE('',#12070,#12046,#12093,.T.);
#12093 = SURFACE_CURVE('',#12094,(#12098,#12105),.PCURVE_S1.);
#12094 = LINE('',#12095,#12096);
#12095 = CARTESIAN_POINT('',(5.49,23.32,5.5));
#12096 = VECTOR('',#12097,1.);
#12097 = DIRECTION('',(-1.,0.,0.));
#12098 = PCURVE('',#10312,#12099);
#12099 = DEFINITIONAL_REPRESENTATION('',(#12100),#12104);
#12100 = LINE('',#12101,#12102);
#12101 = CARTESIAN_POINT('',(3.6614645585E-02,0.574379689577));
#12102 = VECTOR('',#12103,1.);
#12103 = DIRECTION('',(-1.,0.));
#12104 = ( GEOMETRIC_REPRESENTATION_CONTEXT(2) 
PARAMETRIC_REPRESENTATION_CONTEXT() REPRESENTATION_CONTEXT('2D SPACE',''
  ) );
#12105 = PCURVE('',#12106,#12111);
#12106 = PLANE('',#12107);
#12107 = AXIS2_PLACEMENT_3D('',#12108,#12109,#12110);
#12108 = CARTESIAN_POINT('',(5.49,23.12,5.5));
#12109 = DIRECTION('',(0.,0.,1.));
#12110 = DIRECTION('',(-1.,0.,0.));
#12111 = DEFINITIONAL_REPRESENTATION('',(#12112),#12116);
#12112 = LINE('',#12113,#12114);
#12113 = CARTESIAN_POINT('',(0.,-0.2));
#12114 = VECTOR('',#12115,1.);
#12115 = DIRECTION('',(1.,0.));
#12116 = ( GEOMETRIC_REPRESENTATION_CONTEXT(2) 
PARAMETRIC_REPRESENTATION_CONTEXT() REPRESENTATION_CONTEXT('2D SPACE',''
  ) );
#12117 = ADVANCED_FACE('',(#12118),#10284,.T.);
#12118 = FACE_BOUND('',#12119,.T.);
#12119 = EDGE_LOOP('',(#12120,#12148,#12149,#12150));
#12120 = ORIENTED_EDGE('',*,*,#12121,.F.);
#12121 = EDGE_CURVE('',#12046,#12122,#12124,.T.);
#12122 = VERTEX_POINT('',#12123);
#12123 = CARTESIAN_POINT('',(3.946967498112,24.200752262297,5.5));
#12124 = SURFACE_CURVE('',#12125,(#12130,#12137),.PCURVE_S1.);
#12125 = CIRCLE('',#12126,1.15);
#12126 = AXIS2_PLACEMENT_3D('',#12127,#12128,#12129);
#12127 = CARTESIAN_POINT('',(4.34,23.12,5.5));
#12128 = DIRECTION('',(0.,0.,1.));
#12129 = DIRECTION('',(1.,0.,-0.));
#12130 = PCURVE('',#10284,#12131);
#12131 = DEFINITIONAL_REPRESENTATION('',(#12132),#12136);
#12132 = LINE('',#12133,#12134);
#12133 = CARTESIAN_POINT('',(6.28318530718,-3.1));
#12134 = VECTOR('',#12135,1.);
#12135 = DIRECTION('',(-1.,0.));
#12136 = ( GEOMETRIC_REPRESENTATION_CONTEXT(2) 
PARAMETRIC_REPRESENTATION_CONTEXT() REPRESENTATION_CONTEXT('2D SPACE',''
  ) );
#12137 = PCURVE('',#12138,#12143);
#12138 = CONICAL_SURFACE('',#12139,1.15,0.302884868375);
#12139 = AXIS2_PLACEMENT_3D('',#12140,#12141,#12142);
#12140 = CARTESIAN_POINT('',(4.34,23.12,5.5));
#12141 = DIRECTION('',(-0.,-0.,-1.));
#12142 = DIRECTION('',(1.,0.,-0.));
#12143 = DEFINITIONAL_REPRESENTATION('',(#12144),#12147);
#12144 = B_SPLINE_CURVE_WITH_KNOTS('',1,(#12145,#12146),.UNSPECIFIED.,
  .F.,.F.,(2,2),(0.,6.28318530718),.PIECEWISE_BEZIER_KNOTS.);
#12145 = CARTESIAN_POINT('',(6.28318530718,0.));
#12146 = CARTESIAN_POINT('',(-4.138911435803E-13,0.));
#12147 = ( GEOMETRIC_REPRESENTATION_CONTEXT(2) 
PARAMETRIC_REPRESENTATION_CONTEXT() REPRESENTATION_CONTEXT('2D SPACE',''
  ) );
#12148 = ORIENTED_EDGE('',*,*,#12045,.T.);
#12149 = ORIENTED_EDGE('',*,*,#10263,.F.);
#12150 = ORIENTED_EDGE('',*,*,#12151,.F.);
#12151 = EDGE_CURVE('',#12122,#10236,#12152,.T.);
#12152 = SURFACE_CURVE('',#12153,(#12157,#12163),.PCURVE_S1.);
#12153 = LINE('',#12154,#12155);
#12154 = CARTESIAN_POINT('',(3.946967498112,24.200752262297,2.4));
#12155 = VECTOR('',#12156,1.);
#12156 = DIRECTION('',(-0.,-0.,-1.));
#12157 = PCURVE('',#10284,#12158);
#12158 = DEFINITIONAL_REPRESENTATION('',(#12159),#12162);
#12159 = B_SPLINE_CURVE_WITH_KNOTS('',1,(#12160,#12161),.UNSPECIFIED.,
  .F.,.F.,(2,2),(-3.1000006,-1.9999994),.PIECEWISE_BEZIER_KNOTS.);
#12160 = CARTESIAN_POINT('',(4.36359208816,-3.1000006));
#12161 = CARTESIAN_POINT('',(4.36359208816,-1.9999994));
#12162 = ( GEOMETRIC_REPRESENTATION_CONTEXT(2) 
PARAMETRIC_REPRESENTATION_CONTEXT() REPRESENTATION_CONTEXT('2D SPACE',''
  ) );
#12163 = PCURVE('',#10251,#12164);
#12164 = DEFINITIONAL_REPRESENTATION('',(#12165),#12169);
#12165 = LINE('',#12166,#12167);
#12166 = CARTESIAN_POINT('',(1.908981087545E-02,-2.525620310423));
#12167 = VECTOR('',#12168,1.);
#12168 = DIRECTION('',(0.,-1.));
#12169 = ( GEOMETRIC_REPRESENTATION_CONTEXT(2) 
PARAMETRIC_REPRESENTATION_CONTEXT() REPRESENTATION_CONTEXT('2D SPACE',''
  ) );
#12170 = ADVANCED_FACE('',(#12171),#10251,.T.);
#12171 = FACE_BOUND('',#12172,.T.);
#12172 = EDGE_LOOP('',(#12173,#12174,#12175,#12198,#12226));
#12173 = ORIENTED_EDGE('',*,*,#12151,.T.);
#12174 = ORIENTED_EDGE('',*,*,#10235,.T.);
#12175 = ORIENTED_EDGE('',*,*,#12176,.T.);
#12176 = EDGE_CURVE('',#10208,#12177,#12179,.T.);
#12177 = VERTEX_POINT('',#12178);
#12178 = CARTESIAN_POINT('',(3.838205080757,24.389134295109,5.3));
#12179 = SURFACE_CURVE('',#12180,(#12184,#12191),.PCURVE_S1.);
#12180 = LINE('',#12181,#12182);
#12181 = CARTESIAN_POINT('',(3.838205080757,24.389134295109,4.4));
#12182 = VECTOR('',#12183,1.);
#12183 = DIRECTION('',(0.,0.,1.));
#12184 = PCURVE('',#10251,#12185);
#12185 = DEFINITIONAL_REPRESENTATION('',(#12186),#12190);
#12186 = LINE('',#12187,#12188);
#12187 = CARTESIAN_POINT('',(0.236614645585,-0.525620310423));
#12188 = VECTOR('',#12189,1.);
#12189 = DIRECTION('',(0.,1.));
#12190 = ( GEOMETRIC_REPRESENTATION_CONTEXT(2) 
PARAMETRIC_REPRESENTATION_CONTEXT() REPRESENTATION_CONTEXT('2D SPACE',''
  ) );
#12191 = PCURVE('',#10223,#12192);
#12192 = DEFINITIONAL_REPRESENTATION('',(#12193),#12197);
#12193 = LINE('',#12194,#12195);
#12194 = CARTESIAN_POINT('',(0.,0.2));
#12195 = VECTOR('',#12196,1.);
#12196 = DIRECTION('',(1.,0.));
#12197 = ( GEOMETRIC_REPRESENTATION_CONTEXT(2) 
PARAMETRIC_REPRESENTATION_CONTEXT() REPRESENTATION_CONTEXT('2D SPACE',''
  ) );
#12198 = ORIENTED_EDGE('',*,*,#12199,.T.);
#12199 = EDGE_CURVE('',#12177,#12200,#12202,.T.);
#12200 = VERTEX_POINT('',#12201);
#12201 = CARTESIAN_POINT('',(3.938205080757,24.215929214352,5.5));
#12202 = SURFACE_CURVE('',#12203,(#12207,#12214),.PCURVE_S1.);
#12203 = LINE('',#12204,#12205);
#12204 = CARTESIAN_POINT('',(3.838205080757,24.389134295109,5.3));
#12205 = VECTOR('',#12206,1.);
#12206 = DIRECTION('',(0.353553390593,-0.612372435696,0.707106781187));
#12207 = PCURVE('',#10251,#12208);
#12208 = DEFINITIONAL_REPRESENTATION('',(#12209),#12213);
#12209 = LINE('',#12210,#12211);
#12210 = CARTESIAN_POINT('',(0.236614645585,0.374379689577));
#12211 = VECTOR('',#12212,1.);
#12212 = DIRECTION('',(-0.707106781186,0.707106781187));
#12213 = ( GEOMETRIC_REPRESENTATION_CONTEXT(2) 
PARAMETRIC_REPRESENTATION_CONTEXT() REPRESENTATION_CONTEXT('2D SPACE',''
  ) );
#12214 = PCURVE('',#12215,#12220);
#12215 = PLANE('',#12216);
#12216 = AXIS2_PLACEMENT_3D('',#12217,#12218,#12219);
#12217 = CARTESIAN_POINT('',(3.665,24.289134295109,5.3));
#12218 = DIRECTION('',(-0.353553390593,0.612372435696,0.707106781187));
#12219 = DIRECTION('',(0.353553390593,-0.612372435696,0.707106781186));
#12220 = DEFINITIONAL_REPRESENTATION('',(#12221),#12225);
#12221 = LINE('',#12222,#12223);
#12222 = CARTESIAN_POINT('',(-2.597021922394E-14,0.2));
#12223 = VECTOR('',#12224,1.);
#12224 = DIRECTION('',(1.,1.962615573354E-17));
#12225 = ( GEOMETRIC_REPRESENTATION_CONTEXT(2) 
PARAMETRIC_REPRESENTATION_CONTEXT() REPRESENTATION_CONTEXT('2D SPACE',''
  ) );
#12226 = ORIENTED_EDGE('',*,*,#12227,.T.);
#12227 = EDGE_CURVE('',#12200,#12122,#12228,.T.);
#12228 = SURFACE_CURVE('',#12229,(#12233,#12240),.PCURVE_S1.);
#12229 = LINE('',#12230,#12231);
#12230 = CARTESIAN_POINT('',(3.938205080757,24.215929214352,5.5));
#12231 = VECTOR('',#12232,1.);
#12232 = DIRECTION('',(0.5,-0.866025403784,0.));
#12233 = PCURVE('',#10251,#12234);
#12234 = DEFINITIONAL_REPRESENTATION('',(#12235),#12239);
#12235 = LINE('',#12236,#12237);
#12236 = CARTESIAN_POINT('',(3.66146455846E-02,0.574379689577));
#12237 = VECTOR('',#12238,1.);
#12238 = DIRECTION('',(-1.,0.));
#12239 = ( GEOMETRIC_REPRESENTATION_CONTEXT(2) 
PARAMETRIC_REPRESENTATION_CONTEXT() REPRESENTATION_CONTEXT('2D SPACE',''
  ) );
#12240 = PCURVE('',#12241,#12246);
#12241 = PLANE('',#12242);
#12242 = AXIS2_PLACEMENT_3D('',#12243,#12244,#12245);
#12243 = CARTESIAN_POINT('',(3.765,24.115929214352,5.5));
#12244 = DIRECTION('',(0.,0.,1.));
#12245 = DIRECTION('',(0.5,-0.866025403784,0.));
#12246 = DEFINITIONAL_REPRESENTATION('',(#12247),#12251);
#12247 = LINE('',#12248,#12249);
#12248 = CARTESIAN_POINT('',(1.018629625094E-13,0.2));
#12249 = VECTOR('',#12250,1.);
#12250 = DIRECTION('',(1.,0.));
#12251 = ( GEOMETRIC_REPRESENTATION_CONTEXT(2) 
PARAMETRIC_REPRESENTATION_CONTEXT() REPRESENTATION_CONTEXT('2D SPACE',''
  ) );
#12252 = ADVANCED_FACE('',(#12253),#10223,.T.);
#12253 = FACE_BOUND('',#12254,.T.);
#12254 = EDGE_LOOP('',(#12255,#12256,#12279,#12300));
#12255 = ORIENTED_EDGE('',*,*,#10207,.F.);
#12256 = ORIENTED_EDGE('',*,*,#12257,.T.);
#12257 = EDGE_CURVE('',#10180,#12258,#12260,.T.);
#12258 = VERTEX_POINT('',#12259);
#12259 = CARTESIAN_POINT('',(3.491794919243,24.189134295109,5.3));
#12260 = SURFACE_CURVE('',#12261,(#12265,#12272),.PCURVE_S1.);
#12261 = LINE('',#12262,#12263);
#12262 = CARTESIAN_POINT('',(3.491794919243,24.189134295109,4.4));
#12263 = VECTOR('',#12264,1.);
#12264 = DIRECTION('',(0.,0.,1.));
#12265 = PCURVE('',#10223,#12266);
#12266 = DEFINITIONAL_REPRESENTATION('',(#12267),#12271);
#12267 = LINE('',#12268,#12269);
#12268 = CARTESIAN_POINT('',(0.,-0.2));
#12269 = VECTOR('',#12270,1.);
#12270 = DIRECTION('',(1.,0.));
#12271 = ( GEOMETRIC_REPRESENTATION_CONTEXT(2) 
PARAMETRIC_REPRESENTATION_CONTEXT() REPRESENTATION_CONTEXT('2D SPACE',''
  ) );
#12272 = PCURVE('',#10195,#12273);
#12273 = DEFINITIONAL_REPRESENTATION('',(#12274),#12278);
#12274 = LINE('',#12275,#12276);
#12275 = CARTESIAN_POINT('',(0.236614645585,-0.525620310423));
#12276 = VECTOR('',#12277,1.);
#12277 = DIRECTION('',(0.,1.));
#12278 = ( GEOMETRIC_REPRESENTATION_CONTEXT(2) 
PARAMETRIC_REPRESENTATION_CONTEXT() REPRESENTATION_CONTEXT('2D SPACE',''
  ) );
#12279 = ORIENTED_EDGE('',*,*,#12280,.T.);
#12280 = EDGE_CURVE('',#12258,#12177,#12281,.T.);
#12281 = SURFACE_CURVE('',#12282,(#12286,#12293),.PCURVE_S1.);
#12282 = LINE('',#12283,#12284);
#12283 = CARTESIAN_POINT('',(3.491794919243,24.189134295109,5.3));
#12284 = VECTOR('',#12285,1.);
#12285 = DIRECTION('',(0.866025403784,0.5,0.));
#12286 = PCURVE('',#10223,#12287);
#12287 = DEFINITIONAL_REPRESENTATION('',(#12288),#12292);
#12288 = LINE('',#12289,#12290);
#12289 = CARTESIAN_POINT('',(0.9,-0.2));
#12290 = VECTOR('',#12291,1.);
#12291 = DIRECTION('',(0.,1.));
#12292 = ( GEOMETRIC_REPRESENTATION_CONTEXT(2) 
PARAMETRIC_REPRESENTATION_CONTEXT() REPRESENTATION_CONTEXT('2D SPACE',''
  ) );
#12293 = PCURVE('',#12215,#12294);
#12294 = DEFINITIONAL_REPRESENTATION('',(#12295),#12299);
#12295 = LINE('',#12296,#12297);
#12296 = CARTESIAN_POINT('',(2.909285565103E-14,-0.2));
#12297 = VECTOR('',#12298,1.);
#12298 = DIRECTION('',(-4.949374243779E-13,1.));
#12299 = ( GEOMETRIC_REPRESENTATION_CONTEXT(2) 
PARAMETRIC_REPRESENTATION_CONTEXT() REPRESENTATION_CONTEXT('2D SPACE',''
  ) );
#12300 = ORIENTED_EDGE('',*,*,#12176,.F.);
#12301 = ADVANCED_FACE('',(#12302),#10195,.F.);
#12302 = FACE_BOUND('',#12303,.F.);
#12303 = EDGE_LOOP('',(#12304,#12326,#12327,#12328,#12351));
#12304 = ORIENTED_EDGE('',*,*,#12305,.T.);
#12305 = EDGE_CURVE('',#12306,#10147,#12308,.T.);
#12306 = VERTEX_POINT('',#12307);
#12307 = CARTESIAN_POINT('',(3.600557336598,24.000752262297,5.5));
#12308 = SURFACE_CURVE('',#12309,(#12313,#12320),.PCURVE_S1.);
#12309 = LINE('',#12310,#12311);
#12310 = CARTESIAN_POINT('',(3.600557336598,24.000752262297,2.4));
#12311 = VECTOR('',#12312,1.);
#12312 = DIRECTION('',(-0.,-0.,-1.));
#12313 = PCURVE('',#10195,#12314);
#12314 = DEFINITIONAL_REPRESENTATION('',(#12315),#12319);
#12315 = LINE('',#12316,#12317);
#12316 = CARTESIAN_POINT('',(1.908981087595E-02,-2.525620310423));
#12317 = VECTOR('',#12318,1.);
#12318 = DIRECTION('',(0.,-1.));
#12319 = ( GEOMETRIC_REPRESENTATION_CONTEXT(2) 
PARAMETRIC_REPRESENTATION_CONTEXT() REPRESENTATION_CONTEXT('2D SPACE',''
  ) );
#12320 = PCURVE('',#10167,#12321);
#12321 = DEFINITIONAL_REPRESENTATION('',(#12322),#12325);
#12322 = B_SPLINE_CURVE_WITH_KNOTS('',1,(#12323,#12324),.UNSPECIFIED.,
  .F.,.F.,(2,2),(-3.1000006,-1.9999994),.PIECEWISE_BEZIER_KNOTS.);
#12323 = CARTESIAN_POINT('',(4.013988321413,-3.1000006));
#12324 = CARTESIAN_POINT('',(4.013988321413,-1.9999994));
#12325 = ( GEOMETRIC_REPRESENTATION_CONTEXT(2) 
PARAMETRIC_REPRESENTATION_CONTEXT() REPRESENTATION_CONTEXT('2D SPACE',''
  ) );
#12326 = ORIENTED_EDGE('',*,*,#10179,.T.);
#12327 = ORIENTED_EDGE('',*,*,#12257,.T.);
#12328 = ORIENTED_EDGE('',*,*,#12329,.T.);
#12329 = EDGE_CURVE('',#12258,#12330,#12332,.T.);
#12330 = VERTEX_POINT('',#12331);
#12331 = CARTESIAN_POINT('',(3.591794919243,24.015929214352,5.5));
#12332 = SURFACE_CURVE('',#12333,(#12337,#12344),.PCURVE_S1.);
#12333 = LINE('',#12334,#12335);
#12334 = CARTESIAN_POINT('',(3.491794919243,24.189134295109,5.3));
#12335 = VECTOR('',#12336,1.);
#12336 = DIRECTION('',(0.353553390593,-0.612372435696,0.707106781187));
#12337 = PCURVE('',#10195,#12338);
#12338 = DEFINITIONAL_REPRESENTATION('',(#12339),#12343);
#12339 = LINE('',#12340,#12341);
#12340 = CARTESIAN_POINT('',(0.236614645585,0.374379689577));
#12341 = VECTOR('',#12342,1.);
#12342 = DIRECTION('',(-0.707106781186,0.707106781187));
#12343 = ( GEOMETRIC_REPRESENTATION_CONTEXT(2) 
PARAMETRIC_REPRESENTATION_CONTEXT() REPRESENTATION_CONTEXT('2D SPACE',''
  ) );
#12344 = PCURVE('',#12215,#12345);
#12345 = DEFINITIONAL_REPRESENTATION('',(#12346),#12350);
#12346 = LINE('',#12347,#12348);
#12347 = CARTESIAN_POINT('',(2.909285565103E-14,-0.2));
#12348 = VECTOR('',#12349,1.);
#12349 = DIRECTION('',(1.,1.962615573354E-17));
#12350 = ( GEOMETRIC_REPRESENTATION_CONTEXT(2) 
PARAMETRIC_REPRESENTATION_CONTEXT() REPRESENTATION_CONTEXT('2D SPACE',''
  ) );
#12351 = ORIENTED_EDGE('',*,*,#12352,.T.);
#12352 = EDGE_CURVE('',#12330,#12306,#12353,.T.);
#12353 = SURFACE_CURVE('',#12354,(#12358,#12365),.PCURVE_S1.);
#12354 = LINE('',#12355,#12356);
#12355 = CARTESIAN_POINT('',(3.591794919243,24.015929214352,5.5));
#12356 = VECTOR('',#12357,1.);
#12357 = DIRECTION('',(0.5,-0.866025403784,0.));
#12358 = PCURVE('',#10195,#12359);
#12359 = DEFINITIONAL_REPRESENTATION('',(#12360),#12364);
#12360 = LINE('',#12361,#12362);
#12361 = CARTESIAN_POINT('',(3.66146455851E-02,0.574379689577));
#12362 = VECTOR('',#12363,1.);
#12363 = DIRECTION('',(-1.,0.));
#12364 = ( GEOMETRIC_REPRESENTATION_CONTEXT(2) 
PARAMETRIC_REPRESENTATION_CONTEXT() REPRESENTATION_CONTEXT('2D SPACE',''
  ) );
#12365 = PCURVE('',#12366,#12371);
#12366 = PLANE('',#12367);
#12367 = AXIS2_PLACEMENT_3D('',#12368,#12369,#12370);
#12368 = CARTESIAN_POINT('',(3.765,24.115929214352,5.5));
#12369 = DIRECTION('',(0.,0.,1.));
#12370 = DIRECTION('',(0.5,-0.866025403784,0.));
#12371 = DEFINITIONAL_REPRESENTATION('',(#12372),#12376);
#12372 = LINE('',#12373,#12374);
#12373 = CARTESIAN_POINT('',(-9.878209361602E-14,-0.2));
#12374 = VECTOR('',#12375,1.);
#12375 = DIRECTION('',(1.,0.));
#12376 = ( GEOMETRIC_REPRESENTATION_CONTEXT(2) 
PARAMETRIC_REPRESENTATION_CONTEXT() REPRESENTATION_CONTEXT('2D SPACE',''
  ) );
#12377 = ADVANCED_FACE('',(#12378),#10167,.T.);
#12378 = FACE_BOUND('',#12379,.T.);
#12379 = EDGE_LOOP('',(#12380,#12381,#12403,#12424));
#12380 = ORIENTED_EDGE('',*,*,#10146,.F.);
#12381 = ORIENTED_EDGE('',*,*,#12382,.F.);
#12382 = EDGE_CURVE('',#12383,#10119,#12385,.T.);
#12383 = VERTEX_POINT('',#12384);
#12384 = CARTESIAN_POINT('',(3.600557336598,22.239247737703,5.5));
#12385 = SURFACE_CURVE('',#12386,(#12390,#12396),.PCURVE_S1.);
#12386 = LINE('',#12387,#12388);
#12387 = CARTESIAN_POINT('',(3.600557336598,22.239247737703,2.4));
#12388 = VECTOR('',#12389,1.);
#12389 = DIRECTION('',(-0.,-0.,-1.));
#12390 = PCURVE('',#10167,#12391);
#12391 = DEFINITIONAL_REPRESENTATION('',(#12392),#12395);
#12392 = B_SPLINE_CURVE_WITH_KNOTS('',1,(#12393,#12394),.UNSPECIFIED.,
  .F.,.F.,(2,2),(-3.1000006,-1.9999994),.PIECEWISE_BEZIER_KNOTS.);
#12393 = CARTESIAN_POINT('',(2.269196985767,-3.1000006));
#12394 = CARTESIAN_POINT('',(2.269196985767,-1.9999994));
#12395 = ( GEOMETRIC_REPRESENTATION_CONTEXT(2) 
PARAMETRIC_REPRESENTATION_CONTEXT() REPRESENTATION_CONTEXT('2D SPACE',''
  ) );
#12396 = PCURVE('',#10134,#12397);
#12397 = DEFINITIONAL_REPRESENTATION('',(#12398),#12402);
#12398 = LINE('',#12399,#12400);
#12399 = CARTESIAN_POINT('',(1.908981087595E-02,-2.525620310423));
#12400 = VECTOR('',#12401,1.);
#12401 = DIRECTION('',(0.,-1.));
#12402 = ( GEOMETRIC_REPRESENTATION_CONTEXT(2) 
PARAMETRIC_REPRESENTATION_CONTEXT() REPRESENTATION_CONTEXT('2D SPACE',''
  ) );
#12403 = ORIENTED_EDGE('',*,*,#12404,.F.);
#12404 = EDGE_CURVE('',#12306,#12383,#12405,.T.);
#12405 = SURFACE_CURVE('',#12406,(#12411,#12418),.PCURVE_S1.);
#12406 = CIRCLE('',#12407,1.15);
#12407 = AXIS2_PLACEMENT_3D('',#12408,#12409,#12410);
#12408 = CARTESIAN_POINT('',(4.34,23.12,5.5));
#12409 = DIRECTION('',(0.,0.,1.));
#12410 = DIRECTION('',(1.,0.,-0.));
#12411 = PCURVE('',#10167,#12412);
#12412 = DEFINITIONAL_REPRESENTATION('',(#12413),#12417);
#12413 = LINE('',#12414,#12415);
#12414 = CARTESIAN_POINT('',(6.28318530718,-3.1));
#12415 = VECTOR('',#12416,1.);
#12416 = DIRECTION('',(-1.,0.));
#12417 = ( GEOMETRIC_REPRESENTATION_CONTEXT(2) 
PARAMETRIC_REPRESENTATION_CONTEXT() REPRESENTATION_CONTEXT('2D SPACE',''
  ) );
#12418 = PCURVE('',#12138,#12419);
#12419 = DEFINITIONAL_REPRESENTATION('',(#12420),#12423);
#12420 = B_SPLINE_CURVE_WITH_KNOTS('',1,(#12421,#12422),.UNSPECIFIED.,
  .F.,.F.,(2,2),(0.,6.28318530718),.PIECEWISE_BEZIER_KNOTS.);
#12421 = CARTESIAN_POINT('',(6.28318530718,0.));
#12422 = CARTESIAN_POINT('',(-4.138911435803E-13,0.));
#12423 = ( GEOMETRIC_REPRESENTATION_CONTEXT(2) 
PARAMETRIC_REPRESENTATION_CONTEXT() REPRESENTATION_CONTEXT('2D SPACE',''
  ) );
#12424 = ORIENTED_EDGE('',*,*,#12305,.T.);
#12425 = ADVANCED_FACE('',(#12426),#10134,.T.);
#12426 = FACE_BOUND('',#12427,.T.);
#12427 = EDGE_LOOP('',(#12428,#12429,#12430,#12453,#12481));
#12428 = ORIENTED_EDGE('',*,*,#12382,.T.);
#12429 = ORIENTED_EDGE('',*,*,#10118,.T.);
#12430 = ORIENTED_EDGE('',*,*,#12431,.T.);
#12431 = EDGE_CURVE('',#10091,#12432,#12434,.T.);
#12432 = VERTEX_POINT('',#12433);
#12433 = CARTESIAN_POINT('',(3.491794919243,22.050865704891,5.3));
#12434 = SURFACE_CURVE('',#12435,(#12439,#12446),.PCURVE_S1.);
#12435 = LINE('',#12436,#12437);
#12436 = CARTESIAN_POINT('',(3.491794919243,22.050865704891,4.4));
#12437 = VECTOR('',#12438,1.);
#12438 = DIRECTION('',(0.,0.,1.));
#12439 = PCURVE('',#10134,#12440);
#12440 = DEFINITIONAL_REPRESENTATION('',(#12441),#12445);
#12441 = LINE('',#12442,#12443);
#12442 = CARTESIAN_POINT('',(0.236614645585,-0.525620310423));
#12443 = VECTOR('',#12444,1.);
#12444 = DIRECTION('',(0.,1.));
#12445 = ( GEOMETRIC_REPRESENTATION_CONTEXT(2) 
PARAMETRIC_REPRESENTATION_CONTEXT() REPRESENTATION_CONTEXT('2D SPACE',''
  ) );
#12446 = PCURVE('',#10106,#12447);
#12447 = DEFINITIONAL_REPRESENTATION('',(#12448),#12452);
#12448 = LINE('',#12449,#12450);
#12449 = CARTESIAN_POINT('',(0.,0.2));
#12450 = VECTOR('',#12451,1.);
#12451 = DIRECTION('',(1.,0.));
#12452 = ( GEOMETRIC_REPRESENTATION_CONTEXT(2) 
PARAMETRIC_REPRESENTATION_CONTEXT() REPRESENTATION_CONTEXT('2D SPACE',''
  ) );
#12453 = ORIENTED_EDGE('',*,*,#12454,.T.);
#12454 = EDGE_CURVE('',#12432,#12455,#12457,.T.);
#12455 = VERTEX_POINT('',#12456);
#12456 = CARTESIAN_POINT('',(3.591794919243,22.224070785648,5.5));
#12457 = SURFACE_CURVE('',#12458,(#12462,#12469),.PCURVE_S1.);
#12458 = LINE('',#12459,#12460);
#12459 = CARTESIAN_POINT('',(3.491794919243,22.050865704891,5.3));
#12460 = VECTOR('',#12461,1.);
#12461 = DIRECTION('',(0.353553390593,0.612372435696,0.707106781187));
#12462 = PCURVE('',#10134,#12463);
#12463 = DEFINITIONAL_REPRESENTATION('',(#12464),#12468);
#12464 = LINE('',#12465,#12466);
#12465 = CARTESIAN_POINT('',(0.236614645585,0.374379689577));
#12466 = VECTOR('',#12467,1.);
#12467 = DIRECTION('',(-0.707106781186,0.707106781187));
#12468 = ( GEOMETRIC_REPRESENTATION_CONTEXT(2) 
PARAMETRIC_REPRESENTATION_CONTEXT() REPRESENTATION_CONTEXT('2D SPACE',''
  ) );
#12469 = PCURVE('',#12470,#12475);
#12470 = PLANE('',#12471);
#12471 = AXIS2_PLACEMENT_3D('',#12472,#12473,#12474);
#12472 = CARTESIAN_POINT('',(3.665,21.950865704891,5.3));
#12473 = DIRECTION('',(-0.353553390593,-0.612372435696,0.707106781187));
#12474 = DIRECTION('',(0.353553390593,0.612372435696,0.707106781186));
#12475 = DEFINITIONAL_REPRESENTATION('',(#12476),#12480);
#12476 = LINE('',#12477,#12478);
#12477 = CARTESIAN_POINT('',(2.597021922394E-14,0.2));
#12478 = VECTOR('',#12479,1.);
#12479 = DIRECTION('',(1.,-1.962615573354E-17));
#12480 = ( GEOMETRIC_REPRESENTATION_CONTEXT(2) 
PARAMETRIC_REPRESENTATION_CONTEXT() REPRESENTATION_CONTEXT('2D SPACE',''
  ) );
#12481 = ORIENTED_EDGE('',*,*,#12482,.T.);
#12482 = EDGE_CURVE('',#12455,#12383,#12483,.T.);
#12483 = SURFACE_CURVE('',#12484,(#12488,#12495),.PCURVE_S1.);
#12484 = LINE('',#12485,#12486);
#12485 = CARTESIAN_POINT('',(3.591794919243,22.224070785648,5.5));
#12486 = VECTOR('',#12487,1.);
#12487 = DIRECTION('',(0.5,0.866025403784,0.));
#12488 = PCURVE('',#10134,#12489);
#12489 = DEFINITIONAL_REPRESENTATION('',(#12490),#12494);
#12490 = LINE('',#12491,#12492);
#12491 = CARTESIAN_POINT('',(3.66146455851E-02,0.574379689577));
#12492 = VECTOR('',#12493,1.);
#12493 = DIRECTION('',(-1.,0.));
#12494 = ( GEOMETRIC_REPRESENTATION_CONTEXT(2) 
PARAMETRIC_REPRESENTATION_CONTEXT() REPRESENTATION_CONTEXT('2D SPACE',''
  ) );
#12495 = PCURVE('',#12496,#12501);
#12496 = PLANE('',#12497);
#12497 = AXIS2_PLACEMENT_3D('',#12498,#12499,#12500);
#12498 = CARTESIAN_POINT('',(3.765,22.124070785648,5.5));
#12499 = DIRECTION('',(0.,0.,1.));
#12500 = DIRECTION('',(0.5,0.866025403784,-0.));
#12501 = DEFINITIONAL_REPRESENTATION('',(#12502),#12506);
#12502 = LINE('',#12503,#12504);
#12503 = CARTESIAN_POINT('',(-1.018629625094E-13,0.2));
#12504 = VECTOR('',#12505,1.);
#12505 = DIRECTION('',(1.,0.));
#12506 = ( GEOMETRIC_REPRESENTATION_CONTEXT(2) 
PARAMETRIC_REPRESENTATION_CONTEXT() REPRESENTATION_CONTEXT('2D SPACE',''
  ) );
#12507 = ADVANCED_FACE('',(#12508),#10106,.T.);
#12508 = FACE_BOUND('',#12509,.T.);
#12509 = EDGE_LOOP('',(#12510,#12511,#12534,#12555));
#12510 = ORIENTED_EDGE('',*,*,#10090,.F.);
#12511 = ORIENTED_EDGE('',*,*,#12512,.T.);
#12512 = EDGE_CURVE('',#10063,#12513,#12515,.T.);
#12513 = VERTEX_POINT('',#12514);
#12514 = CARTESIAN_POINT('',(3.838205080757,21.850865704891,5.3));
#12515 = SURFACE_CURVE('',#12516,(#12520,#12527),.PCURVE_S1.);
#12516 = LINE('',#12517,#12518);
#12517 = CARTESIAN_POINT('',(3.838205080757,21.850865704891,4.4));
#12518 = VECTOR('',#12519,1.);
#12519 = DIRECTION('',(0.,0.,1.));
#12520 = PCURVE('',#10106,#12521);
#12521 = DEFINITIONAL_REPRESENTATION('',(#12522),#12526);
#12522 = LINE('',#12523,#12524);
#12523 = CARTESIAN_POINT('',(0.,-0.2));
#12524 = VECTOR('',#12525,1.);
#12525 = DIRECTION('',(1.,0.));
#12526 = ( GEOMETRIC_REPRESENTATION_CONTEXT(2) 
PARAMETRIC_REPRESENTATION_CONTEXT() REPRESENTATION_CONTEXT('2D SPACE',''
  ) );
#12527 = PCURVE('',#10078,#12528);
#12528 = DEFINITIONAL_REPRESENTATION('',(#12529),#12533);
#12529 = LINE('',#12530,#12531);
#12530 = CARTESIAN_POINT('',(0.236614645585,-0.525620310423));
#12531 = VECTOR('',#12532,1.);
#12532 = DIRECTION('',(0.,1.));
#12533 = ( GEOMETRIC_REPRESENTATION_CONTEXT(2) 
PARAMETRIC_REPRESENTATION_CONTEXT() REPRESENTATION_CONTEXT('2D SPACE',''
  ) );
#12534 = ORIENTED_EDGE('',*,*,#12535,.T.);
#12535 = EDGE_CURVE('',#12513,#12432,#12536,.T.);
#12536 = SURFACE_CURVE('',#12537,(#12541,#12548),.PCURVE_S1.);
#12537 = LINE('',#12538,#12539);
#12538 = CARTESIAN_POINT('',(3.838205080757,21.850865704891,5.3));
#12539 = VECTOR('',#12540,1.);
#12540 = DIRECTION('',(-0.866025403784,0.5,0.));
#12541 = PCURVE('',#10106,#12542);
#12542 = DEFINITIONAL_REPRESENTATION('',(#12543),#12547);
#12543 = LINE('',#12544,#12545);
#12544 = CARTESIAN_POINT('',(0.9,-0.2));
#12545 = VECTOR('',#12546,1.);
#12546 = DIRECTION('',(0.,1.));
#12547 = ( GEOMETRIC_REPRESENTATION_CONTEXT(2) 
PARAMETRIC_REPRESENTATION_CONTEXT() REPRESENTATION_CONTEXT('2D SPACE',''
  ) );
#12548 = PCURVE('',#12470,#12549);
#12549 = DEFINITIONAL_REPRESENTATION('',(#12550),#12554);
#12550 = LINE('',#12551,#12552);
#12551 = CARTESIAN_POINT('',(-2.909285565103E-14,-0.2));
#12552 = VECTOR('',#12553,1.);
#12553 = DIRECTION('',(4.949374243779E-13,1.));
#12554 = ( GEOMETRIC_REPRESENTATION_CONTEXT(2) 
PARAMETRIC_REPRESENTATION_CONTEXT() REPRESENTATION_CONTEXT('2D SPACE',''
  ) );
#12555 = ORIENTED_EDGE('',*,*,#12431,.F.);
#12556 = ADVANCED_FACE('',(#12557),#10078,.F.);
#12557 = FACE_BOUND('',#12558,.F.);
#12558 = EDGE_LOOP('',(#12559,#12581,#12582,#12583,#12606));
#12559 = ORIENTED_EDGE('',*,*,#12560,.T.);
#12560 = EDGE_CURVE('',#12561,#10030,#12563,.T.);
#12561 = VERTEX_POINT('',#12562);
#12562 = CARTESIAN_POINT('',(3.946967498112,22.039247737703,5.5));
#12563 = SURFACE_CURVE('',#12564,(#12568,#12575),.PCURVE_S1.);
#12564 = LINE('',#12565,#12566);
#12565 = CARTESIAN_POINT('',(3.946967498112,22.039247737703,2.4));
#12566 = VECTOR('',#12567,1.);
#12567 = DIRECTION('',(-0.,-0.,-1.));
#12568 = PCURVE('',#10078,#12569);
#12569 = DEFINITIONAL_REPRESENTATION('',(#12570),#12574);
#12570 = LINE('',#12571,#12572);
#12571 = CARTESIAN_POINT('',(1.908981087545E-02,-2.525620310423));
#12572 = VECTOR('',#12573,1.);
#12573 = DIRECTION('',(0.,-1.));
#12574 = ( GEOMETRIC_REPRESENTATION_CONTEXT(2) 
PARAMETRIC_REPRESENTATION_CONTEXT() REPRESENTATION_CONTEXT('2D SPACE',''
  ) );
#12575 = PCURVE('',#10050,#12576);
#12576 = DEFINITIONAL_REPRESENTATION('',(#12577),#12580);
#12577 = B_SPLINE_CURVE_WITH_KNOTS('',1,(#12578,#12579),.UNSPECIFIED.,
  .F.,.F.,(2,2),(-3.1000006,-1.9999994),.PIECEWISE_BEZIER_KNOTS.);
#12578 = CARTESIAN_POINT('',(1.91959321902,-3.1000006));
#12579 = CARTESIAN_POINT('',(1.91959321902,-1.9999994));
#12580 = ( GEOMETRIC_REPRESENTATION_CONTEXT(2) 
PARAMETRIC_REPRESENTATION_CONTEXT() REPRESENTATION_CONTEXT('2D SPACE',''
  ) );
#12581 = ORIENTED_EDGE('',*,*,#10062,.T.);
#12582 = ORIENTED_EDGE('',*,*,#12512,.T.);
#12583 = ORIENTED_EDGE('',*,*,#12584,.T.);
#12584 = EDGE_CURVE('',#12513,#12585,#12587,.T.);
#12585 = VERTEX_POINT('',#12586);
#12586 = CARTESIAN_POINT('',(3.938205080757,22.024070785648,5.5));
#12587 = SURFACE_CURVE('',#12588,(#12592,#12599),.PCURVE_S1.);
#12588 = LINE('',#12589,#12590);
#12589 = CARTESIAN_POINT('',(3.838205080757,21.850865704891,5.3));
#12590 = VECTOR('',#12591,1.);
#12591 = DIRECTION('',(0.353553390593,0.612372435696,0.707106781187));
#12592 = PCURVE('',#10078,#12593);
#12593 = DEFINITIONAL_REPRESENTATION('',(#12594),#12598);
#12594 = LINE('',#12595,#12596);
#12595 = CARTESIAN_POINT('',(0.236614645585,0.374379689577));
#12596 = VECTOR('',#12597,1.);
#12597 = DIRECTION('',(-0.707106781186,0.707106781187));
#12598 = ( GEOMETRIC_REPRESENTATION_CONTEXT(2) 
PARAMETRIC_REPRESENTATION_CONTEXT() REPRESENTATION_CONTEXT('2D SPACE',''
  ) );
#12599 = PCURVE('',#12470,#12600);
#12600 = DEFINITIONAL_REPRESENTATION('',(#12601),#12605);
#12601 = LINE('',#12602,#12603);
#12602 = CARTESIAN_POINT('',(-2.909285565103E-14,-0.2));
#12603 = VECTOR('',#12604,1.);
#12604 = DIRECTION('',(1.,-1.962615573354E-17));
#12605 = ( GEOMETRIC_REPRESENTATION_CONTEXT(2) 
PARAMETRIC_REPRESENTATION_CONTEXT() REPRESENTATION_CONTEXT('2D SPACE',''
  ) );
#12606 = ORIENTED_EDGE('',*,*,#12607,.T.);
#12607 = EDGE_CURVE('',#12585,#12561,#12608,.T.);
#12608 = SURFACE_CURVE('',#12609,(#12613,#12620),.PCURVE_S1.);
#12609 = LINE('',#12610,#12611);
#12610 = CARTESIAN_POINT('',(3.938205080757,22.024070785648,5.5));
#12611 = VECTOR('',#12612,1.);
#12612 = DIRECTION('',(0.5,0.866025403784,0.));
#12613 = PCURVE('',#10078,#12614);
#12614 = DEFINITIONAL_REPRESENTATION('',(#12615),#12619);
#12615 = LINE('',#12616,#12617);
#12616 = CARTESIAN_POINT('',(3.66146455846E-02,0.574379689577));
#12617 = VECTOR('',#12618,1.);
#12618 = DIRECTION('',(-1.,0.));
#12619 = ( GEOMETRIC_REPRESENTATION_CONTEXT(2) 
PARAMETRIC_REPRESENTATION_CONTEXT() REPRESENTATION_CONTEXT('2D SPACE',''
  ) );
#12620 = PCURVE('',#12621,#12626);
#12621 = PLANE('',#12622);
#12622 = AXIS2_PLACEMENT_3D('',#12623,#12624,#12625);
#12623 = CARTESIAN_POINT('',(3.765,22.124070785648,5.5));
#12624 = DIRECTION('',(0.,0.,1.));
#12625 = DIRECTION('',(0.5,0.866025403784,-0.));
#12626 = DEFINITIONAL_REPRESENTATION('',(#12627),#12631);
#12627 = LINE('',#12628,#12629);
#12628 = CARTESIAN_POINT('',(9.878209361602E-14,-0.2));
#12629 = VECTOR('',#12630,1.);
#12630 = DIRECTION('',(1.,0.));
#12631 = ( GEOMETRIC_REPRESENTATION_CONTEXT(2) 
PARAMETRIC_REPRESENTATION_CONTEXT() REPRESENTATION_CONTEXT('2D SPACE',''
  ) );
#12632 = ADVANCED_FACE('',(#12633),#10050,.T.);
#12633 = FACE_BOUND('',#12634,.T.);
#12634 = EDGE_LOOP('',(#12635,#12636,#12637,#12658));
#12635 = ORIENTED_EDGE('',*,*,#10029,.F.);
#12636 = ORIENTED_EDGE('',*,*,#11893,.F.);
#12637 = ORIENTED_EDGE('',*,*,#12638,.F.);
#12638 = EDGE_CURVE('',#12561,#11894,#12639,.T.);
#12639 = SURFACE_CURVE('',#12640,(#12645,#12652),.PCURVE_S1.);
#12640 = CIRCLE('',#12641,1.15);
#12641 = AXIS2_PLACEMENT_3D('',#12642,#12643,#12644);
#12642 = CARTESIAN_POINT('',(4.34,23.12,5.5));
#12643 = DIRECTION('',(0.,0.,1.));
#12644 = DIRECTION('',(1.,0.,-0.));
#12645 = PCURVE('',#10050,#12646);
#12646 = DEFINITIONAL_REPRESENTATION('',(#12647),#12651);
#12647 = LINE('',#12648,#12649);
#12648 = CARTESIAN_POINT('',(6.28318530718,-3.1));
#12649 = VECTOR('',#12650,1.);
#12650 = DIRECTION('',(-1.,0.));
#12651 = ( GEOMETRIC_REPRESENTATION_CONTEXT(2) 
PARAMETRIC_REPRESENTATION_CONTEXT() REPRESENTATION_CONTEXT('2D SPACE',''
  ) );
#12652 = PCURVE('',#12138,#12653);
#12653 = DEFINITIONAL_REPRESENTATION('',(#12654),#12657);
#12654 = B_SPLINE_CURVE_WITH_KNOTS('',1,(#12655,#12656),.UNSPECIFIED.,
  .F.,.F.,(2,2),(0.,6.28318530718),.PIECEWISE_BEZIER_KNOTS.);
#12655 = CARTESIAN_POINT('',(6.28318530718,0.));
#12656 = CARTESIAN_POINT('',(-4.138911435803E-13,0.));
#12657 = ( GEOMETRIC_REPRESENTATION_CONTEXT(2) 
PARAMETRIC_REPRESENTATION_CONTEXT() REPRESENTATION_CONTEXT('2D SPACE',''
  ) );
#12658 = ORIENTED_EDGE('',*,*,#12560,.T.);
#12659 = ADVANCED_FACE('',(#12660),#10441,.T.);
#12660 = FACE_BOUND('',#12661,.T.);
#12661 = EDGE_LOOP('',(#12662,#12685,#12707));
#12662 = ORIENTED_EDGE('',*,*,#12663,.T.);
#12663 = EDGE_CURVE('',#10400,#12664,#12666,.T.);
#12664 = VERTEX_POINT('',#12665);
#12665 = CARTESIAN_POINT('',(5.49,5.34,5.5));
#12666 = SURFACE_CURVE('',#12667,(#12671,#12678),.PCURVE_S1.);
#12667 = LINE('',#12668,#12669);
#12668 = CARTESIAN_POINT('',(5.49,5.14,5.5));
#12669 = VECTOR('',#12670,1.);
#12670 = DIRECTION('',(0.,1.,0.));
#12671 = PCURVE('',#10441,#12672);
#12672 = DEFINITIONAL_REPRESENTATION('',(#12673),#12677);
#12673 = LINE('',#12674,#12675);
#12674 = CARTESIAN_POINT('',(0.,0.2));
#12675 = VECTOR('',#12676,1.);
#12676 = DIRECTION('',(0.,-1.));
#12677 = ( GEOMETRIC_REPRESENTATION_CONTEXT(2) 
PARAMETRIC_REPRESENTATION_CONTEXT() REPRESENTATION_CONTEXT('2D SPACE',''
  ) );
#12678 = PCURVE('',#10415,#12679);
#12679 = DEFINITIONAL_REPRESENTATION('',(#12680),#12684);
#12680 = LINE('',#12681,#12682);
#12681 = CARTESIAN_POINT('',(0.282842712475,0.2));
#12682 = VECTOR('',#12683,1.);
#12683 = DIRECTION('',(0.,-1.));
#12684 = ( GEOMETRIC_REPRESENTATION_CONTEXT(2) 
PARAMETRIC_REPRESENTATION_CONTEXT() REPRESENTATION_CONTEXT('2D SPACE',''
  ) );
#12685 = ORIENTED_EDGE('',*,*,#12686,.F.);
#12686 = EDGE_CURVE('',#10354,#12664,#12687,.T.);
#12687 = SURFACE_CURVE('',#12688,(#12693,#12700),.PCURVE_S1.);
#12688 = CIRCLE('',#12689,1.15);
#12689 = AXIS2_PLACEMENT_3D('',#12690,#12691,#12692);
#12690 = CARTESIAN_POINT('',(4.34,5.34,5.5));
#12691 = DIRECTION('',(0.,0.,1.));
#12692 = DIRECTION('',(1.,0.,-0.));
#12693 = PCURVE('',#10441,#12694);
#12694 = DEFINITIONAL_REPRESENTATION('',(#12695),#12699);
#12695 = CIRCLE('',#12696,1.15);
#12696 = AXIS2_PLACEMENT_2D('',#12697,#12698);
#12697 = CARTESIAN_POINT('',(1.15,0.));
#12698 = DIRECTION('',(-1.,0.));
#12699 = ( GEOMETRIC_REPRESENTATION_CONTEXT(2) 
PARAMETRIC_REPRESENTATION_CONTEXT() REPRESENTATION_CONTEXT('2D SPACE',''
  ) );
#12700 = PCURVE('',#10598,#12701);
#12701 = DEFINITIONAL_REPRESENTATION('',(#12702),#12706);
#12702 = LINE('',#12703,#12704);
#12703 = CARTESIAN_POINT('',(6.28318530718,-4.418085036216E-15));
#12704 = VECTOR('',#12705,1.);
#12705 = DIRECTION('',(-1.,7.232822057302E-16));
#12706 = ( GEOMETRIC_REPRESENTATION_CONTEXT(2) 
PARAMETRIC_REPRESENTATION_CONTEXT() REPRESENTATION_CONTEXT('2D SPACE',''
  ) );
#12707 = ORIENTED_EDGE('',*,*,#10427,.F.);
#12708 = ADVANCED_FACE('',(#12709),#10415,.T.);
#12709 = FACE_BOUND('',#12710,.T.);
#12710 = EDGE_LOOP('',(#12711,#12712,#12713,#12734,#12735));
#12711 = ORIENTED_EDGE('',*,*,#10480,.F.);
#12712 = ORIENTED_EDGE('',*,*,#10529,.T.);
#12713 = ORIENTED_EDGE('',*,*,#12714,.F.);
#12714 = EDGE_CURVE('',#12664,#10530,#12715,.T.);
#12715 = SURFACE_CURVE('',#12716,(#12720,#12727),.PCURVE_S1.);
#12716 = LINE('',#12717,#12718);
#12717 = CARTESIAN_POINT('',(5.49,5.14,5.5));
#12718 = VECTOR('',#12719,1.);
#12719 = DIRECTION('',(0.,1.,0.));
#12720 = PCURVE('',#10415,#12721);
#12721 = DEFINITIONAL_REPRESENTATION('',(#12722),#12726);
#12722 = LINE('',#12723,#12724);
#12723 = CARTESIAN_POINT('',(0.282842712475,0.2));
#12724 = VECTOR('',#12725,1.);
#12725 = DIRECTION('',(0.,-1.));
#12726 = ( GEOMETRIC_REPRESENTATION_CONTEXT(2) 
PARAMETRIC_REPRESENTATION_CONTEXT() REPRESENTATION_CONTEXT('2D SPACE',''
  ) );
#12727 = PCURVE('',#10566,#12728);
#12728 = DEFINITIONAL_REPRESENTATION('',(#12729),#12733);
#12729 = LINE('',#12730,#12731);
#12730 = CARTESIAN_POINT('',(0.,0.2));
#12731 = VECTOR('',#12732,1.);
#12732 = DIRECTION('',(0.,-1.));
#12733 = ( GEOMETRIC_REPRESENTATION_CONTEXT(2) 
PARAMETRIC_REPRESENTATION_CONTEXT() REPRESENTATION_CONTEXT('2D SPACE',''
  ) );
#12734 = ORIENTED_EDGE('',*,*,#12663,.F.);
#12735 = ORIENTED_EDGE('',*,*,#10399,.F.);
#12736 = ADVANCED_FACE('',(#12737),#10566,.T.);
#12737 = FACE_BOUND('',#12738,.T.);
#12738 = EDGE_LOOP('',(#12739,#12740,#12741));
#12739 = ORIENTED_EDGE('',*,*,#12714,.T.);
#12740 = ORIENTED_EDGE('',*,*,#10552,.T.);
#12741 = ORIENTED_EDGE('',*,*,#12742,.F.);
#12742 = EDGE_CURVE('',#12664,#10506,#12743,.T.);
#12743 = SURFACE_CURVE('',#12744,(#12749,#12756),.PCURVE_S1.);
#12744 = CIRCLE('',#12745,1.15);
#12745 = AXIS2_PLACEMENT_3D('',#12746,#12747,#12748);
#12746 = CARTESIAN_POINT('',(4.34,5.34,5.5));
#12747 = DIRECTION('',(0.,0.,1.));
#12748 = DIRECTION('',(1.,0.,-0.));
#12749 = PCURVE('',#10566,#12750);
#12750 = DEFINITIONAL_REPRESENTATION('',(#12751),#12755);
#12751 = CIRCLE('',#12752,1.15);
#12752 = AXIS2_PLACEMENT_2D('',#12753,#12754);
#12753 = CARTESIAN_POINT('',(1.15,0.));
#12754 = DIRECTION('',(-1.,0.));
#12755 = ( GEOMETRIC_REPRESENTATION_CONTEXT(2) 
PARAMETRIC_REPRESENTATION_CONTEXT() REPRESENTATION_CONTEXT('2D SPACE',''
  ) );
#12756 = PCURVE('',#10598,#12757);
#12757 = DEFINITIONAL_REPRESENTATION('',(#12758),#12761);
#12758 = B_SPLINE_CURVE_WITH_KNOTS('',1,(#12759,#12760),.UNSPECIFIED.,
  .F.,.F.,(2,2),(0.,6.28318530718),.PIECEWISE_BEZIER_KNOTS.);
#12759 = CARTESIAN_POINT('',(6.28318530718,0.));
#12760 = CARTESIAN_POINT('',(-4.138911435803E-13,0.));
#12761 = ( GEOMETRIC_REPRESENTATION_CONTEXT(2) 
PARAMETRIC_REPRESENTATION_CONTEXT() REPRESENTATION_CONTEXT('2D SPACE',''
  ) );
#12762 = ADVANCED_FACE('',(#12763),#10598,.T.);
#12763 = FACE_BOUND('',#12764,.T.);
#12764 = EDGE_LOOP('',(#12765,#12766,#12767,#12790,#12817,#12818,#12819,
    #12820,#12843,#12864,#12865,#12888));
#12765 = ORIENTED_EDGE('',*,*,#11098,.T.);
#12766 = ORIENTED_EDGE('',*,*,#12686,.T.);
#12767 = ORIENTED_EDGE('',*,*,#12768,.T.);
#12768 = EDGE_CURVE('',#12664,#12769,#12771,.T.);
#12769 = VERTEX_POINT('',#12770);
#12770 = CARTESIAN_POINT('',(5.24,5.34,6.3));
#12771 = SEAM_CURVE('',#12772,(#12776,#12783),.PCURVE_S1.);
#12772 = LINE('',#12773,#12774);
#12773 = CARTESIAN_POINT('',(5.49,5.34,5.5));
#12774 = VECTOR('',#12775,1.);
#12775 = DIRECTION('',(-0.298274993136,7.305630312193E-17,0.954479978035
    ));
#12776 = PCURVE('',#10598,#12777);
#12777 = DEFINITIONAL_REPRESENTATION('',(#12778),#12782);
#12778 = LINE('',#12779,#12780);
#12779 = CARTESIAN_POINT('',(0.,0.));
#12780 = VECTOR('',#12781,1.);
#12781 = DIRECTION('',(-0.,-1.));
#12782 = ( GEOMETRIC_REPRESENTATION_CONTEXT(2) 
PARAMETRIC_REPRESENTATION_CONTEXT() REPRESENTATION_CONTEXT('2D SPACE',''
  ) );
#12783 = PCURVE('',#10598,#12784);
#12784 = DEFINITIONAL_REPRESENTATION('',(#12785),#12789);
#12785 = LINE('',#12786,#12787);
#12786 = CARTESIAN_POINT('',(6.283185307179,0.));
#12787 = VECTOR('',#12788,1.);
#12788 = DIRECTION('',(-0.,-1.));
#12789 = ( GEOMETRIC_REPRESENTATION_CONTEXT(2) 
PARAMETRIC_REPRESENTATION_CONTEXT() REPRESENTATION_CONTEXT('2D SPACE',''
  ) );
#12790 = ORIENTED_EDGE('',*,*,#12791,.F.);
#12791 = EDGE_CURVE('',#12769,#12769,#12792,.T.);
#12792 = SURFACE_CURVE('',#12793,(#12798,#12805),.PCURVE_S1.);
#12793 = CIRCLE('',#12794,0.9);
#12794 = AXIS2_PLACEMENT_3D('',#12795,#12796,#12797);
#12795 = CARTESIAN_POINT('',(4.34,5.34,6.3));
#12796 = DIRECTION('',(0.,0.,1.));
#12797 = DIRECTION('',(1.,0.,-0.));
#12798 = PCURVE('',#10598,#12799);
#12799 = DEFINITIONAL_REPRESENTATION('',(#12800),#12804);
#12800 = LINE('',#12801,#12802);
#12801 = CARTESIAN_POINT('',(6.28318530718,-0.8));
#12802 = VECTOR('',#12803,1.);
#12803 = DIRECTION('',(-1.,0.));
#12804 = ( GEOMETRIC_REPRESENTATION_CONTEXT(2) 
PARAMETRIC_REPRESENTATION_CONTEXT() REPRESENTATION_CONTEXT('2D SPACE',''
  ) );
#12805 = PCURVE('',#12806,#12811);
#12806 = PLANE('',#12807);
#12807 = AXIS2_PLACEMENT_3D('',#12808,#12809,#12810);
#12808 = CARTESIAN_POINT('',(4.34,5.34,6.3));
#12809 = DIRECTION('',(0.,0.,1.));
#12810 = DIRECTION('',(1.,0.,-0.));
#12811 = DEFINITIONAL_REPRESENTATION('',(#12812),#12816);
#12812 = CIRCLE('',#12813,0.9);
#12813 = AXIS2_PLACEMENT_2D('',#12814,#12815);
#12814 = CARTESIAN_POINT('',(0.,0.));
#12815 = DIRECTION('',(1.,0.));
#12816 = ( GEOMETRIC_REPRESENTATION_CONTEXT(2) 
PARAMETRIC_REPRESENTATION_CONTEXT() REPRESENTATION_CONTEXT('2D SPACE',''
  ) );
#12817 = ORIENTED_EDGE('',*,*,#12768,.F.);
#12818 = ORIENTED_EDGE('',*,*,#12742,.T.);
#12819 = ORIENTED_EDGE('',*,*,#10581,.T.);
#12820 = ORIENTED_EDGE('',*,*,#12821,.T.);
#12821 = EDGE_CURVE('',#10582,#12822,#12824,.T.);
#12822 = VERTEX_POINT('',#12823);
#12823 = CARTESIAN_POINT('',(3.764999995818,6.335929211938,5.5));
#12824 = SURFACE_CURVE('',#12825,(#12830,#12836),.PCURVE_S1.);
#12825 = CIRCLE('',#12826,1.15);
#12826 = AXIS2_PLACEMENT_3D('',#12827,#12828,#12829);
#12827 = CARTESIAN_POINT('',(4.34,5.34,5.5));
#12828 = DIRECTION('',(0.,0.,1.));
#12829 = DIRECTION('',(1.,0.,-0.));
#12830 = PCURVE('',#10598,#12831);
#12831 = DEFINITIONAL_REPRESENTATION('',(#12832),#12835);
#12832 = B_SPLINE_CURVE_WITH_KNOTS('',1,(#12833,#12834),.UNSPECIFIED.,
  .F.,.F.,(2,2),(0.,6.28318530718),.PIECEWISE_BEZIER_KNOTS.);
#12833 = CARTESIAN_POINT('',(6.28318530718,0.));
#12834 = CARTESIAN_POINT('',(-4.138911435803E-13,0.));
#12835 = ( GEOMETRIC_REPRESENTATION_CONTEXT(2) 
PARAMETRIC_REPRESENTATION_CONTEXT() REPRESENTATION_CONTEXT('2D SPACE',''
  ) );
#12836 = PCURVE('',#10701,#12837);
#12837 = DEFINITIONAL_REPRESENTATION('',(#12838),#12842);
#12838 = CIRCLE('',#12839,1.15);
#12839 = AXIS2_PLACEMENT_2D('',#12840,#12841);
#12840 = CARTESIAN_POINT('',(1.15,-2.004507670961E-13));
#12841 = DIRECTION('',(0.5,0.866025403784));
#12842 = ( GEOMETRIC_REPRESENTATION_CONTEXT(2) 
PARAMETRIC_REPRESENTATION_CONTEXT() REPRESENTATION_CONTEXT('2D SPACE',''
  ) );
#12843 = ORIENTED_EDGE('',*,*,#12844,.T.);
#12844 = EDGE_CURVE('',#12822,#10766,#12845,.T.);
#12845 = SURFACE_CURVE('',#12846,(#12851,#12857),.PCURVE_S1.);
#12846 = CIRCLE('',#12847,1.15);
#12847 = AXIS2_PLACEMENT_3D('',#12848,#12849,#12850);
#12848 = CARTESIAN_POINT('',(4.34,5.34,5.5));
#12849 = DIRECTION('',(0.,0.,1.));
#12850 = DIRECTION('',(1.,0.,-0.));
#12851 = PCURVE('',#10598,#12852);
#12852 = DEFINITIONAL_REPRESENTATION('',(#12853),#12856);
#12853 = B_SPLINE_CURVE_WITH_KNOTS('',1,(#12854,#12855),.UNSPECIFIED.,
  .F.,.F.,(2,2),(0.,6.28318530718),.PIECEWISE_BEZIER_KNOTS.);
#12854 = CARTESIAN_POINT('',(6.28318530718,0.));
#12855 = CARTESIAN_POINT('',(-4.138911435803E-13,0.));
#12856 = ( GEOMETRIC_REPRESENTATION_CONTEXT(2) 
PARAMETRIC_REPRESENTATION_CONTEXT() REPRESENTATION_CONTEXT('2D SPACE',''
  ) );
#12857 = PCURVE('',#10826,#12858);
#12858 = DEFINITIONAL_REPRESENTATION('',(#12859),#12863);
#12859 = CIRCLE('',#12860,1.15);
#12860 = AXIS2_PLACEMENT_2D('',#12861,#12862);
#12861 = CARTESIAN_POINT('',(1.15,-2.004507670961E-13));
#12862 = DIRECTION('',(0.5,0.866025403784));
#12863 = ( GEOMETRIC_REPRESENTATION_CONTEXT(2) 
PARAMETRIC_REPRESENTATION_CONTEXT() REPRESENTATION_CONTEXT('2D SPACE',''
  ) );
#12864 = ORIENTED_EDGE('',*,*,#10864,.T.);
#12865 = ORIENTED_EDGE('',*,*,#12866,.T.);
#12866 = EDGE_CURVE('',#10843,#12867,#12869,.T.);
#12867 = VERTEX_POINT('',#12868);
#12868 = CARTESIAN_POINT('',(3.764999995818,4.344070788062,5.5));
#12869 = SURFACE_CURVE('',#12870,(#12875,#12881),.PCURVE_S1.);
#12870 = CIRCLE('',#12871,1.15);
#12871 = AXIS2_PLACEMENT_3D('',#12872,#12873,#12874);
#12872 = CARTESIAN_POINT('',(4.34,5.34,5.5));
#12873 = DIRECTION('',(0.,0.,1.));
#12874 = DIRECTION('',(1.,0.,-0.));
#12875 = PCURVE('',#10598,#12876);
#12876 = DEFINITIONAL_REPRESENTATION('',(#12877),#12880);
#12877 = B_SPLINE_CURVE_WITH_KNOTS('',1,(#12878,#12879),.UNSPECIFIED.,
  .F.,.F.,(2,2),(0.,6.28318530718),.PIECEWISE_BEZIER_KNOTS.);
#12878 = CARTESIAN_POINT('',(6.28318530718,0.));
#12879 = CARTESIAN_POINT('',(-4.138911435803E-13,0.));
#12880 = ( GEOMETRIC_REPRESENTATION_CONTEXT(2) 
PARAMETRIC_REPRESENTATION_CONTEXT() REPRESENTATION_CONTEXT('2D SPACE',''
  ) );
#12881 = PCURVE('',#10956,#12882);
#12882 = DEFINITIONAL_REPRESENTATION('',(#12883),#12887);
#12883 = CIRCLE('',#12884,1.15);
#12884 = AXIS2_PLACEMENT_2D('',#12885,#12886);
#12885 = CARTESIAN_POINT('',(1.15,2.000066778862E-13));
#12886 = DIRECTION('',(0.5,-0.866025403784));
#12887 = ( GEOMETRIC_REPRESENTATION_CONTEXT(2) 
PARAMETRIC_REPRESENTATION_CONTEXT() REPRESENTATION_CONTEXT('2D SPACE',''
  ) );
#12888 = ORIENTED_EDGE('',*,*,#12889,.T.);
#12889 = EDGE_CURVE('',#12867,#11021,#12890,.T.);
#12890 = SURFACE_CURVE('',#12891,(#12896,#12902),.PCURVE_S1.);
#12891 = CIRCLE('',#12892,1.15);
#12892 = AXIS2_PLACEMENT_3D('',#12893,#12894,#12895);
#12893 = CARTESIAN_POINT('',(4.34,5.34,5.5));
#12894 = DIRECTION('',(0.,0.,1.));
#12895 = DIRECTION('',(1.,0.,-0.));
#12896 = PCURVE('',#10598,#12897);
#12897 = DEFINITIONAL_REPRESENTATION('',(#12898),#12901);
#12898 = B_SPLINE_CURVE_WITH_KNOTS('',1,(#12899,#12900),.UNSPECIFIED.,
  .F.,.F.,(2,2),(0.,6.28318530718),.PIECEWISE_BEZIER_KNOTS.);
#12899 = CARTESIAN_POINT('',(6.28318530718,0.));
#12900 = CARTESIAN_POINT('',(-4.138911435803E-13,0.));
#12901 = ( GEOMETRIC_REPRESENTATION_CONTEXT(2) 
PARAMETRIC_REPRESENTATION_CONTEXT() REPRESENTATION_CONTEXT('2D SPACE',''
  ) );
#12902 = PCURVE('',#11081,#12903);
#12903 = DEFINITIONAL_REPRESENTATION('',(#12904),#12908);
#12904 = CIRCLE('',#12905,1.15);
#12905 = AXIS2_PLACEMENT_2D('',#12906,#12907);
#12906 = CARTESIAN_POINT('',(1.15,2.000066778862E-13));
#12907 = DIRECTION('',(0.5,-0.866025403784));
#12908 = ( GEOMETRIC_REPRESENTATION_CONTEXT(2) 
PARAMETRIC_REPRESENTATION_CONTEXT() REPRESENTATION_CONTEXT('2D SPACE',''
  ) );
#12909 = ADVANCED_FACE('',(#12910),#10701,.T.);
#12910 = FACE_BOUND('',#12911,.T.);
#12911 = EDGE_LOOP('',(#12912,#12933,#12934));
#12912 = ORIENTED_EDGE('',*,*,#12913,.T.);
#12913 = EDGE_CURVE('',#10660,#12822,#12914,.T.);
#12914 = SURFACE_CURVE('',#12915,(#12919,#12926),.PCURVE_S1.);
#12915 = LINE('',#12916,#12917);
#12916 = CARTESIAN_POINT('',(3.938205080757,6.435929214352,5.5));
#12917 = VECTOR('',#12918,1.);
#12918 = DIRECTION('',(-0.866025403784,-0.5,0.));
#12919 = PCURVE('',#10701,#12920);
#12920 = DEFINITIONAL_REPRESENTATION('',(#12921),#12925);
#12921 = LINE('',#12922,#12923);
#12922 = CARTESIAN_POINT('',(1.003225280627E-13,0.2));
#12923 = VECTOR('',#12924,1.);
#12924 = DIRECTION('',(0.,-1.));
#12925 = ( GEOMETRIC_REPRESENTATION_CONTEXT(2) 
PARAMETRIC_REPRESENTATION_CONTEXT() REPRESENTATION_CONTEXT('2D SPACE',''
  ) );
#12926 = PCURVE('',#10675,#12927);
#12927 = DEFINITIONAL_REPRESENTATION('',(#12928),#12932);
#12928 = LINE('',#12929,#12930);
#12929 = CARTESIAN_POINT('',(0.282842712475,0.2));
#12930 = VECTOR('',#12931,1.);
#12931 = DIRECTION('',(4.949374243779E-13,-1.));
#12932 = ( GEOMETRIC_REPRESENTATION_CONTEXT(2) 
PARAMETRIC_REPRESENTATION_CONTEXT() REPRESENTATION_CONTEXT('2D SPACE',''
  ) );
#12933 = ORIENTED_EDGE('',*,*,#12821,.F.);
#12934 = ORIENTED_EDGE('',*,*,#10687,.F.);
#12935 = ADVANCED_FACE('',(#12936),#10675,.T.);
#12936 = FACE_BOUND('',#12937,.T.);
#12937 = EDGE_LOOP('',(#12938,#12939,#12940,#12961,#12962));
#12938 = ORIENTED_EDGE('',*,*,#10740,.F.);
#12939 = ORIENTED_EDGE('',*,*,#10789,.T.);
#12940 = ORIENTED_EDGE('',*,*,#12941,.F.);
#12941 = EDGE_CURVE('',#12822,#10790,#12942,.T.);
#12942 = SURFACE_CURVE('',#12943,(#12947,#12954),.PCURVE_S1.);
#12943 = LINE('',#12944,#12945);
#12944 = CARTESIAN_POINT('',(3.938205080757,6.435929214352,5.5));
#12945 = VECTOR('',#12946,1.);
#12946 = DIRECTION('',(-0.866025403784,-0.5,0.));
#12947 = PCURVE('',#10675,#12948);
#12948 = DEFINITIONAL_REPRESENTATION('',(#12949),#12953);
#12949 = LINE('',#12950,#12951);
#12950 = CARTESIAN_POINT('',(0.282842712475,0.2));
#12951 = VECTOR('',#12952,1.);
#12952 = DIRECTION('',(4.949374243779E-13,-1.));
#12953 = ( GEOMETRIC_REPRESENTATION_CONTEXT(2) 
PARAMETRIC_REPRESENTATION_CONTEXT() REPRESENTATION_CONTEXT('2D SPACE',''
  ) );
#12954 = PCURVE('',#10826,#12955);
#12955 = DEFINITIONAL_REPRESENTATION('',(#12956),#12960);
#12956 = LINE('',#12957,#12958);
#12957 = CARTESIAN_POINT('',(1.003225280627E-13,0.2));
#12958 = VECTOR('',#12959,1.);
#12959 = DIRECTION('',(0.,-1.));
#12960 = ( GEOMETRIC_REPRESENTATION_CONTEXT(2) 
PARAMETRIC_REPRESENTATION_CONTEXT() REPRESENTATION_CONTEXT('2D SPACE',''
  ) );
#12961 = ORIENTED_EDGE('',*,*,#12913,.F.);
#12962 = ORIENTED_EDGE('',*,*,#10659,.F.);
#12963 = ADVANCED_FACE('',(#12964),#10826,.T.);
#12964 = FACE_BOUND('',#12965,.T.);
#12965 = EDGE_LOOP('',(#12966,#12967,#12968));
#12966 = ORIENTED_EDGE('',*,*,#12941,.T.);
#12967 = ORIENTED_EDGE('',*,*,#10812,.T.);
#12968 = ORIENTED_EDGE('',*,*,#12844,.F.);
#12969 = ADVANCED_FACE('',(#12970),#10956,.T.);
#12970 = FACE_BOUND('',#12971,.T.);
#12971 = EDGE_LOOP('',(#12972,#12993,#12994));
#12972 = ORIENTED_EDGE('',*,*,#12973,.T.);
#12973 = EDGE_CURVE('',#10915,#12867,#12974,.T.);
#12974 = SURFACE_CURVE('',#12975,(#12979,#12986),.PCURVE_S1.);
#12975 = LINE('',#12976,#12977);
#12976 = CARTESIAN_POINT('',(3.591794919243,4.444070785648,5.5));
#12977 = VECTOR('',#12978,1.);
#12978 = DIRECTION('',(0.866025403784,-0.5,0.));
#12979 = PCURVE('',#10956,#12980);
#12980 = DEFINITIONAL_REPRESENTATION('',(#12981),#12985);
#12981 = LINE('',#12982,#12983);
#12982 = CARTESIAN_POINT('',(-1.003225280627E-13,0.2));
#12983 = VECTOR('',#12984,1.);
#12984 = DIRECTION('',(0.,-1.));
#12985 = ( GEOMETRIC_REPRESENTATION_CONTEXT(2) 
PARAMETRIC_REPRESENTATION_CONTEXT() REPRESENTATION_CONTEXT('2D SPACE',''
  ) );
#12986 = PCURVE('',#10930,#12987);
#12987 = DEFINITIONAL_REPRESENTATION('',(#12988),#12992);
#12988 = LINE('',#12989,#12990);
#12989 = CARTESIAN_POINT('',(0.282842712475,0.2));
#12990 = VECTOR('',#12991,1.);
#12991 = DIRECTION('',(-4.949374243779E-13,-1.));
#12992 = ( GEOMETRIC_REPRESENTATION_CONTEXT(2) 
PARAMETRIC_REPRESENTATION_CONTEXT() REPRESENTATION_CONTEXT('2D SPACE',''
  ) );
#12993 = ORIENTED_EDGE('',*,*,#12866,.F.);
#12994 = ORIENTED_EDGE('',*,*,#10942,.F.);
#12995 = ADVANCED_FACE('',(#12996),#10930,.T.);
#12996 = FACE_BOUND('',#12997,.T.);
#12997 = EDGE_LOOP('',(#12998,#12999,#13000,#13021,#13022));
#12998 = ORIENTED_EDGE('',*,*,#10995,.F.);
#12999 = ORIENTED_EDGE('',*,*,#11044,.T.);
#13000 = ORIENTED_EDGE('',*,*,#13001,.F.);
#13001 = EDGE_CURVE('',#12867,#11045,#13002,.T.);
#13002 = SURFACE_CURVE('',#13003,(#13007,#13014),.PCURVE_S1.);
#13003 = LINE('',#13004,#13005);
#13004 = CARTESIAN_POINT('',(3.591794919243,4.444070785648,5.5));
#13005 = VECTOR('',#13006,1.);
#13006 = DIRECTION('',(0.866025403784,-0.5,0.));
#13007 = PCURVE('',#10930,#13008);
#13008 = DEFINITIONAL_REPRESENTATION('',(#13009),#13013);
#13009 = LINE('',#13010,#13011);
#13010 = CARTESIAN_POINT('',(0.282842712475,0.2));
#13011 = VECTOR('',#13012,1.);
#13012 = DIRECTION('',(-4.949374243779E-13,-1.));
#13013 = ( GEOMETRIC_REPRESENTATION_CONTEXT(2) 
PARAMETRIC_REPRESENTATION_CONTEXT() REPRESENTATION_CONTEXT('2D SPACE',''
  ) );
#13014 = PCURVE('',#11081,#13015);
#13015 = DEFINITIONAL_REPRESENTATION('',(#13016),#13020);
#13016 = LINE('',#13017,#13018);
#13017 = CARTESIAN_POINT('',(-1.003225280627E-13,0.2));
#13018 = VECTOR('',#13019,1.);
#13019 = DIRECTION('',(0.,-1.));
#13020 = ( GEOMETRIC_REPRESENTATION_CONTEXT(2) 
PARAMETRIC_REPRESENTATION_CONTEXT() REPRESENTATION_CONTEXT('2D SPACE',''
  ) );
#13021 = ORIENTED_EDGE('',*,*,#12973,.F.);
#13022 = ORIENTED_EDGE('',*,*,#10914,.F.);
#13023 = ADVANCED_FACE('',(#13024),#11081,.T.);
#13024 = FACE_BOUND('',#13025,.T.);
#13025 = EDGE_LOOP('',(#13026,#13027,#13028));
#13026 = ORIENTED_EDGE('',*,*,#13001,.T.);
#13027 = ORIENTED_EDGE('',*,*,#11067,.T.);
#13028 = ORIENTED_EDGE('',*,*,#12889,.F.);
#13029 = ADVANCED_FACE('',(#13030),#11211,.T.);
#13030 = FACE_BOUND('',#13031,.T.);
#13031 = EDGE_LOOP('',(#13032,#13055,#13077));
#13032 = ORIENTED_EDGE('',*,*,#13033,.T.);
#13033 = EDGE_CURVE('',#11170,#13034,#13036,.T.);
#13034 = VERTEX_POINT('',#13035);
#13035 = CARTESIAN_POINT('',(51.67,5.34,5.5));
#13036 = SURFACE_CURVE('',#13037,(#13041,#13048),.PCURVE_S1.);
#13037 = LINE('',#13038,#13039);
#13038 = CARTESIAN_POINT('',(51.67,5.14,5.5));
#13039 = VECTOR('',#13040,1.);
#13040 = DIRECTION('',(0.,1.,0.));
#13041 = PCURVE('',#11211,#13042);
#13042 = DEFINITIONAL_REPRESENTATION('',(#13043),#13047);
#13043 = LINE('',#13044,#13045);
#13044 = CARTESIAN_POINT('',(0.,0.2));
#13045 = VECTOR('',#13046,1.);
#13046 = DIRECTION('',(0.,-1.));
#13047 = ( GEOMETRIC_REPRESENTATION_CONTEXT(2) 
PARAMETRIC_REPRESENTATION_CONTEXT() REPRESENTATION_CONTEXT('2D SPACE',''
  ) );
#13048 = PCURVE('',#11185,#13049);
#13049 = DEFINITIONAL_REPRESENTATION('',(#13050),#13054);
#13050 = LINE('',#13051,#13052);
#13051 = CARTESIAN_POINT('',(0.282842712475,0.2));
#13052 = VECTOR('',#13053,1.);
#13053 = DIRECTION('',(0.,-1.));
#13054 = ( GEOMETRIC_REPRESENTATION_CONTEXT(2) 
PARAMETRIC_REPRESENTATION_CONTEXT() REPRESENTATION_CONTEXT('2D SPACE',''
  ) );
#13055 = ORIENTED_EDGE('',*,*,#13056,.F.);
#13056 = EDGE_CURVE('',#11124,#13034,#13057,.T.);
#13057 = SURFACE_CURVE('',#13058,(#13063,#13070),.PCURVE_S1.);
#13058 = CIRCLE('',#13059,1.15);
#13059 = AXIS2_PLACEMENT_3D('',#13060,#13061,#13062);
#13060 = CARTESIAN_POINT('',(50.52,5.34,5.5));
#13061 = DIRECTION('',(0.,0.,1.));
#13062 = DIRECTION('',(1.,0.,-0.));
#13063 = PCURVE('',#11211,#13064);
#13064 = DEFINITIONAL_REPRESENTATION('',(#13065),#13069);
#13065 = CIRCLE('',#13066,1.15);
#13066 = AXIS2_PLACEMENT_2D('',#13067,#13068);
#13067 = CARTESIAN_POINT('',(1.15,0.));
#13068 = DIRECTION('',(-1.,0.));
#13069 = ( GEOMETRIC_REPRESENTATION_CONTEXT(2) 
PARAMETRIC_REPRESENTATION_CONTEXT() REPRESENTATION_CONTEXT('2D SPACE',''
  ) );
#13070 = PCURVE('',#11368,#13071);
#13071 = DEFINITIONAL_REPRESENTATION('',(#13072),#13076);
#13072 = LINE('',#13073,#13074);
#13073 = CARTESIAN_POINT('',(6.28318530718,-9.468325531293E-15));
#13074 = VECTOR('',#13075,1.);
#13075 = DIRECTION('',(-1.,1.44656441146E-15));
#13076 = ( GEOMETRIC_REPRESENTATION_CONTEXT(2) 
PARAMETRIC_REPRESENTATION_CONTEXT() REPRESENTATION_CONTEXT('2D SPACE',''
  ) );
#13077 = ORIENTED_EDGE('',*,*,#11197,.F.);
#13078 = ADVANCED_FACE('',(#13079),#11185,.T.);
#13079 = FACE_BOUND('',#13080,.T.);
#13080 = EDGE_LOOP('',(#13081,#13082,#13083,#13104,#13105));
#13081 = ORIENTED_EDGE('',*,*,#11250,.F.);
#13082 = ORIENTED_EDGE('',*,*,#11299,.T.);
#13083 = ORIENTED_EDGE('',*,*,#13084,.F.);
#13084 = EDGE_CURVE('',#13034,#11300,#13085,.T.);
#13085 = SURFACE_CURVE('',#13086,(#13090,#13097),.PCURVE_S1.);
#13086 = LINE('',#13087,#13088);
#13087 = CARTESIAN_POINT('',(51.67,5.14,5.5));
#13088 = VECTOR('',#13089,1.);
#13089 = DIRECTION('',(0.,1.,0.));
#13090 = PCURVE('',#11185,#13091);
#13091 = DEFINITIONAL_REPRESENTATION('',(#13092),#13096);
#13092 = LINE('',#13093,#13094);
#13093 = CARTESIAN_POINT('',(0.282842712475,0.2));
#13094 = VECTOR('',#13095,1.);
#13095 = DIRECTION('',(0.,-1.));
#13096 = ( GEOMETRIC_REPRESENTATION_CONTEXT(2) 
PARAMETRIC_REPRESENTATION_CONTEXT() REPRESENTATION_CONTEXT('2D SPACE',''
  ) );
#13097 = PCURVE('',#11336,#13098);
#13098 = DEFINITIONAL_REPRESENTATION('',(#13099),#13103);
#13099 = LINE('',#13100,#13101);
#13100 = CARTESIAN_POINT('',(0.,0.2));
#13101 = VECTOR('',#13102,1.);
#13102 = DIRECTION('',(0.,-1.));
#13103 = ( GEOMETRIC_REPRESENTATION_CONTEXT(2) 
PARAMETRIC_REPRESENTATION_CONTEXT() REPRESENTATION_CONTEXT('2D SPACE',''
  ) );
#13104 = ORIENTED_EDGE('',*,*,#13033,.F.);
#13105 = ORIENTED_EDGE('',*,*,#11169,.F.);
#13106 = ADVANCED_FACE('',(#13107),#11336,.T.);
#13107 = FACE_BOUND('',#13108,.T.);
#13108 = EDGE_LOOP('',(#13109,#13110,#13111));
#13109 = ORIENTED_EDGE('',*,*,#13084,.T.);
#13110 = ORIENTED_EDGE('',*,*,#11322,.T.);
#13111 = ORIENTED_EDGE('',*,*,#13112,.F.);
#13112 = EDGE_CURVE('',#13034,#11276,#13113,.T.);
#13113 = SURFACE_CURVE('',#13114,(#13119,#13126),.PCURVE_S1.);
#13114 = CIRCLE('',#13115,1.15);
#13115 = AXIS2_PLACEMENT_3D('',#13116,#13117,#13118);
#13116 = CARTESIAN_POINT('',(50.52,5.34,5.5));
#13117 = DIRECTION('',(0.,0.,1.));
#13118 = DIRECTION('',(1.,0.,-0.));
#13119 = PCURVE('',#11336,#13120);
#13120 = DEFINITIONAL_REPRESENTATION('',(#13121),#13125);
#13121 = CIRCLE('',#13122,1.15);
#13122 = AXIS2_PLACEMENT_2D('',#13123,#13124);
#13123 = CARTESIAN_POINT('',(1.15,0.));
#13124 = DIRECTION('',(-1.,0.));
#13125 = ( GEOMETRIC_REPRESENTATION_CONTEXT(2) 
PARAMETRIC_REPRESENTATION_CONTEXT() REPRESENTATION_CONTEXT('2D SPACE',''
  ) );
#13126 = PCURVE('',#11368,#13127);
#13127 = DEFINITIONAL_REPRESENTATION('',(#13128),#13131);
#13128 = B_SPLINE_CURVE_WITH_KNOTS('',1,(#13129,#13130),.UNSPECIFIED.,
  .F.,.F.,(2,2),(0.,6.28318530718),.PIECEWISE_BEZIER_KNOTS.);
#13129 = CARTESIAN_POINT('',(6.28318530718,0.));
#13130 = CARTESIAN_POINT('',(-4.138911435803E-13,0.));
#13131 = ( GEOMETRIC_REPRESENTATION_CONTEXT(2) 
PARAMETRIC_REPRESENTATION_CONTEXT() REPRESENTATION_CONTEXT('2D SPACE',''
  ) );
#13132 = ADVANCED_FACE('',(#13133),#11368,.T.);
#13133 = FACE_BOUND('',#13134,.T.);
#13134 = EDGE_LOOP('',(#13135,#13136,#13137,#13160,#13187,#13188,#13189,
    #13190,#13213,#13234,#13235,#13258));
#13135 = ORIENTED_EDGE('',*,*,#11868,.T.);
#13136 = ORIENTED_EDGE('',*,*,#13056,.T.);
#13137 = ORIENTED_EDGE('',*,*,#13138,.T.);
#13138 = EDGE_CURVE('',#13034,#13139,#13141,.T.);
#13139 = VERTEX_POINT('',#13140);
#13140 = CARTESIAN_POINT('',(51.42,5.34,6.3));
#13141 = SEAM_CURVE('',#13142,(#13146,#13153),.PCURVE_S1.);
#13142 = LINE('',#13143,#13144);
#13143 = CARTESIAN_POINT('',(51.67,5.34,5.5));
#13144 = VECTOR('',#13145,1.);
#13145 = DIRECTION('',(-0.298274993136,7.305630312193E-17,0.954479978035
    ));
#13146 = PCURVE('',#11368,#13147);
#13147 = DEFINITIONAL_REPRESENTATION('',(#13148),#13152);
#13148 = LINE('',#13149,#13150);
#13149 = CARTESIAN_POINT('',(0.,0.));
#13150 = VECTOR('',#13151,1.);
#13151 = DIRECTION('',(-0.,-1.));
#13152 = ( GEOMETRIC_REPRESENTATION_CONTEXT(2) 
PARAMETRIC_REPRESENTATION_CONTEXT() REPRESENTATION_CONTEXT('2D SPACE',''
  ) );
#13153 = PCURVE('',#11368,#13154);
#13154 = DEFINITIONAL_REPRESENTATION('',(#13155),#13159);
#13155 = LINE('',#13156,#13157);
#13156 = CARTESIAN_POINT('',(6.283185307179,0.));
#13157 = VECTOR('',#13158,1.);
#13158 = DIRECTION('',(-0.,-1.));
#13159 = ( GEOMETRIC_REPRESENTATION_CONTEXT(2) 
PARAMETRIC_REPRESENTATION_CONTEXT() REPRESENTATION_CONTEXT('2D SPACE',''
  ) );
#13160 = ORIENTED_EDGE('',*,*,#13161,.F.);
#13161 = EDGE_CURVE('',#13139,#13139,#13162,.T.);
#13162 = SURFACE_CURVE('',#13163,(#13168,#13175),.PCURVE_S1.);
#13163 = CIRCLE('',#13164,0.9);
#13164 = AXIS2_PLACEMENT_3D('',#13165,#13166,#13167);
#13165 = CARTESIAN_POINT('',(50.52,5.34,6.3));
#13166 = DIRECTION('',(0.,0.,1.));
#13167 = DIRECTION('',(1.,0.,-0.));
#13168 = PCURVE('',#11368,#13169);
#13169 = DEFINITIONAL_REPRESENTATION('',(#13170),#13174);
#13170 = LINE('',#13171,#13172);
#13171 = CARTESIAN_POINT('',(6.28318530718,-0.8));
#13172 = VECTOR('',#13173,1.);
#13173 = DIRECTION('',(-1.,0.));
#13174 = ( GEOMETRIC_REPRESENTATION_CONTEXT(2) 
PARAMETRIC_REPRESENTATION_CONTEXT() REPRESENTATION_CONTEXT('2D SPACE',''
  ) );
#13175 = PCURVE('',#13176,#13181);
#13176 = PLANE('',#13177);
#13177 = AXIS2_PLACEMENT_3D('',#13178,#13179,#13180);
#13178 = CARTESIAN_POINT('',(50.52,5.34,6.3));
#13179 = DIRECTION('',(0.,0.,1.));
#13180 = DIRECTION('',(1.,0.,-0.));
#13181 = DEFINITIONAL_REPRESENTATION('',(#13182),#13186);
#13182 = CIRCLE('',#13183,0.9);
#13183 = AXIS2_PLACEMENT_2D('',#13184,#13185);
#13184 = CARTESIAN_POINT('',(0.,0.));
#13185 = DIRECTION('',(1.,0.));
#13186 = ( GEOMETRIC_REPRESENTATION_CONTEXT(2) 
PARAMETRIC_REPRESENTATION_CONTEXT() REPRESENTATION_CONTEXT('2D SPACE',''
  ) );
#13187 = ORIENTED_EDGE('',*,*,#13138,.F.);
#13188 = ORIENTED_EDGE('',*,*,#13112,.T.);
#13189 = ORIENTED_EDGE('',*,*,#11351,.T.);
#13190 = ORIENTED_EDGE('',*,*,#13191,.T.);
#13191 = EDGE_CURVE('',#11352,#13192,#13194,.T.);
#13192 = VERTEX_POINT('',#13193);
#13193 = CARTESIAN_POINT('',(49.944999995818,6.335929211938,5.5));
#13194 = SURFACE_CURVE('',#13195,(#13200,#13206),.PCURVE_S1.);
#13195 = CIRCLE('',#13196,1.15);
#13196 = AXIS2_PLACEMENT_3D('',#13197,#13198,#13199);
#13197 = CARTESIAN_POINT('',(50.52,5.34,5.5));
#13198 = DIRECTION('',(0.,0.,1.));
#13199 = DIRECTION('',(1.,0.,-0.));
#13200 = PCURVE('',#11368,#13201);
#13201 = DEFINITIONAL_REPRESENTATION('',(#13202),#13205);
#13202 = B_SPLINE_CURVE_WITH_KNOTS('',1,(#13203,#13204),.UNSPECIFIED.,
  .F.,.F.,(2,2),(0.,6.28318530718),.PIECEWISE_BEZIER_KNOTS.);
#13203 = CARTESIAN_POINT('',(6.28318530718,0.));
#13204 = CARTESIAN_POINT('',(-4.138911435803E-13,0.));
#13205 = ( GEOMETRIC_REPRESENTATION_CONTEXT(2) 
PARAMETRIC_REPRESENTATION_CONTEXT() REPRESENTATION_CONTEXT('2D SPACE',''
  ) );
#13206 = PCURVE('',#11471,#13207);
#13207 = DEFINITIONAL_REPRESENTATION('',(#13208),#13212);
#13208 = CIRCLE('',#13209,1.15);
#13209 = AXIS2_PLACEMENT_2D('',#13210,#13211);
#13210 = CARTESIAN_POINT('',(1.15,-1.977307206857E-13));
#13211 = DIRECTION('',(0.5,0.866025403784));
#13212 = ( GEOMETRIC_REPRESENTATION_CONTEXT(2) 
PARAMETRIC_REPRESENTATION_CONTEXT() REPRESENTATION_CONTEXT('2D SPACE',''
  ) );
#13213 = ORIENTED_EDGE('',*,*,#13214,.T.);
#13214 = EDGE_CURVE('',#13192,#11536,#13215,.T.);
#13215 = SURFACE_CURVE('',#13216,(#13221,#13227),.PCURVE_S1.);
#13216 = CIRCLE('',#13217,1.15);
#13217 = AXIS2_PLACEMENT_3D('',#13218,#13219,#13220);
#13218 = CARTESIAN_POINT('',(50.52,5.34,5.5));
#13219 = DIRECTION('',(0.,0.,1.));
#13220 = DIRECTION('',(1.,0.,-0.));
#13221 = PCURVE('',#11368,#13222);
#13222 = DEFINITIONAL_REPRESENTATION('',(#13223),#13226);
#13223 = B_SPLINE_CURVE_WITH_KNOTS('',1,(#13224,#13225),.UNSPECIFIED.,
  .F.,.F.,(2,2),(0.,6.28318530718),.PIECEWISE_BEZIER_KNOTS.);
#13224 = CARTESIAN_POINT('',(6.28318530718,0.));
#13225 = CARTESIAN_POINT('',(-4.138911435803E-13,0.));
#13226 = ( GEOMETRIC_REPRESENTATION_CONTEXT(2) 
PARAMETRIC_REPRESENTATION_CONTEXT() REPRESENTATION_CONTEXT('2D SPACE',''
  ) );
#13227 = PCURVE('',#11596,#13228);
#13228 = DEFINITIONAL_REPRESENTATION('',(#13229),#13233);
#13229 = CIRCLE('',#13230,1.15);
#13230 = AXIS2_PLACEMENT_2D('',#13231,#13232);
#13231 = CARTESIAN_POINT('',(1.15,-1.977307206857E-13));
#13232 = DIRECTION('',(0.5,0.866025403784));
#13233 = ( GEOMETRIC_REPRESENTATION_CONTEXT(2) 
PARAMETRIC_REPRESENTATION_CONTEXT() REPRESENTATION_CONTEXT('2D SPACE',''
  ) );
#13234 = ORIENTED_EDGE('',*,*,#11634,.T.);
#13235 = ORIENTED_EDGE('',*,*,#13236,.T.);
#13236 = EDGE_CURVE('',#11613,#13237,#13239,.T.);
#13237 = VERTEX_POINT('',#13238);
#13238 = CARTESIAN_POINT('',(49.944999995818,4.344070788062,5.5));
#13239 = SURFACE_CURVE('',#13240,(#13245,#13251),.PCURVE_S1.);
#13240 = CIRCLE('',#13241,1.15);
#13241 = AXIS2_PLACEMENT_3D('',#13242,#13243,#13244);
#13242 = CARTESIAN_POINT('',(50.52,5.34,5.5));
#13243 = DIRECTION('',(0.,0.,1.));
#13244 = DIRECTION('',(1.,0.,-0.));
#13245 = PCURVE('',#11368,#13246);
#13246 = DEFINITIONAL_REPRESENTATION('',(#13247),#13250);
#13247 = B_SPLINE_CURVE_WITH_KNOTS('',1,(#13248,#13249),.UNSPECIFIED.,
  .F.,.F.,(2,2),(0.,6.28318530718),.PIECEWISE_BEZIER_KNOTS.);
#13248 = CARTESIAN_POINT('',(6.28318530718,0.));
#13249 = CARTESIAN_POINT('',(-4.138911435803E-13,0.));
#13250 = ( GEOMETRIC_REPRESENTATION_CONTEXT(2) 
PARAMETRIC_REPRESENTATION_CONTEXT() REPRESENTATION_CONTEXT('2D SPACE',''
  ) );
#13251 = PCURVE('',#11726,#13252);
#13252 = DEFINITIONAL_REPRESENTATION('',(#13253),#13257);
#13253 = CIRCLE('',#13254,1.15);
#13254 = AXIS2_PLACEMENT_2D('',#13255,#13256);
#13255 = CARTESIAN_POINT('',(1.15,1.972866314759E-13));
#13256 = DIRECTION('',(0.5,-0.866025403784));
#13257 = ( GEOMETRIC_REPRESENTATION_CONTEXT(2) 
PARAMETRIC_REPRESENTATION_CONTEXT() REPRESENTATION_CONTEXT('2D SPACE',''
  ) );
#13258 = ORIENTED_EDGE('',*,*,#13259,.T.);
#13259 = EDGE_CURVE('',#13237,#11791,#13260,.T.);
#13260 = SURFACE_CURVE('',#13261,(#13266,#13272),.PCURVE_S1.);
#13261 = CIRCLE('',#13262,1.15);
#13262 = AXIS2_PLACEMENT_3D('',#13263,#13264,#13265);
#13263 = CARTESIAN_POINT('',(50.52,5.34,5.5));
#13264 = DIRECTION('',(0.,0.,1.));
#13265 = DIRECTION('',(1.,0.,-0.));
#13266 = PCURVE('',#11368,#13267);
#13267 = DEFINITIONAL_REPRESENTATION('',(#13268),#13271);
#13268 = B_SPLINE_CURVE_WITH_KNOTS('',1,(#13269,#13270),.UNSPECIFIED.,
  .F.,.F.,(2,2),(0.,6.28318530718),.PIECEWISE_BEZIER_KNOTS.);
#13269 = CARTESIAN_POINT('',(6.28318530718,0.));
#13270 = CARTESIAN_POINT('',(-4.138911435803E-13,0.));
#13271 = ( GEOMETRIC_REPRESENTATION_CONTEXT(2) 
PARAMETRIC_REPRESENTATION_CONTEXT() REPRESENTATION_CONTEXT('2D SPACE',''
  ) );
#13272 = PCURVE('',#11851,#13273);
#13273 = DEFINITIONAL_REPRESENTATION('',(#13274),#13278);
#13274 = CIRCLE('',#13275,1.15);
#13275 = AXIS2_PLACEMENT_2D('',#13276,#13277);
#13276 = CARTESIAN_POINT('',(1.15,1.972866314759E-13));
#13277 = DIRECTION('',(0.5,-0.866025403784));
#13278 = ( GEOMETRIC_REPRESENTATION_CONTEXT(2) 
PARAMETRIC_REPRESENTATION_CONTEXT() REPRESENTATION_CONTEXT('2D SPACE',''
  ) );
#13279 = ADVANCED_FACE('',(#13280),#11471,.T.);
#13280 = FACE_BOUND('',#13281,.T.);
#13281 = EDGE_LOOP('',(#13282,#13303,#13304));
#13282 = ORIENTED_EDGE('',*,*,#13283,.T.);
#13283 = EDGE_CURVE('',#11430,#13192,#13284,.T.);
#13284 = SURFACE_CURVE('',#13285,(#13289,#13296),.PCURVE_S1.);
#13285 = LINE('',#13286,#13287);
#13286 = CARTESIAN_POINT('',(50.118205080757,6.435929214352,5.5));
#13287 = VECTOR('',#13288,1.);
#13288 = DIRECTION('',(-0.866025403784,-0.5,0.));
#13289 = PCURVE('',#11471,#13290);
#13290 = DEFINITIONAL_REPRESENTATION('',(#13291),#13295);
#13291 = LINE('',#13292,#13293);
#13292 = CARTESIAN_POINT('',(1.005445726676E-13,0.2));
#13293 = VECTOR('',#13294,1.);
#13294 = DIRECTION('',(0.,-1.));
#13295 = ( GEOMETRIC_REPRESENTATION_CONTEXT(2) 
PARAMETRIC_REPRESENTATION_CONTEXT() REPRESENTATION_CONTEXT('2D SPACE',''
  ) );
#13296 = PCURVE('',#11445,#13297);
#13297 = DEFINITIONAL_REPRESENTATION('',(#13298),#13302);
#13298 = LINE('',#13299,#13300);
#13299 = CARTESIAN_POINT('',(0.282842712475,0.2));
#13300 = VECTOR('',#13301,1.);
#13301 = DIRECTION('',(4.949374243779E-13,-1.));
#13302 = ( GEOMETRIC_REPRESENTATION_CONTEXT(2) 
PARAMETRIC_REPRESENTATION_CONTEXT() REPRESENTATION_CONTEXT('2D SPACE',''
  ) );
#13303 = ORIENTED_EDGE('',*,*,#13191,.F.);
#13304 = ORIENTED_EDGE('',*,*,#11457,.F.);
#13305 = ADVANCED_FACE('',(#13306),#11445,.T.);
#13306 = FACE_BOUND('',#13307,.T.);
#13307 = EDGE_LOOP('',(#13308,#13309,#13310,#13331,#13332));
#13308 = ORIENTED_EDGE('',*,*,#11510,.F.);
#13309 = ORIENTED_EDGE('',*,*,#11559,.T.);
#13310 = ORIENTED_EDGE('',*,*,#13311,.F.);
#13311 = EDGE_CURVE('',#13192,#11560,#13312,.T.);
#13312 = SURFACE_CURVE('',#13313,(#13317,#13324),.PCURVE_S1.);
#13313 = LINE('',#13314,#13315);
#13314 = CARTESIAN_POINT('',(50.118205080757,6.435929214352,5.5));
#13315 = VECTOR('',#13316,1.);
#13316 = DIRECTION('',(-0.866025403784,-0.5,0.));
#13317 = PCURVE('',#11445,#13318);
#13318 = DEFINITIONAL_REPRESENTATION('',(#13319),#13323);
#13319 = LINE('',#13320,#13321);
#13320 = CARTESIAN_POINT('',(0.282842712475,0.2));
#13321 = VECTOR('',#13322,1.);
#13322 = DIRECTION('',(4.949374243779E-13,-1.));
#13323 = ( GEOMETRIC_REPRESENTATION_CONTEXT(2) 
PARAMETRIC_REPRESENTATION_CONTEXT() REPRESENTATION_CONTEXT('2D SPACE',''
  ) );
#13324 = PCURVE('',#11596,#13325);
#13325 = DEFINITIONAL_REPRESENTATION('',(#13326),#13330);
#13326 = LINE('',#13327,#13328);
#13327 = CARTESIAN_POINT('',(1.005445726676E-13,0.2));
#13328 = VECTOR('',#13329,1.);
#13329 = DIRECTION('',(0.,-1.));
#13330 = ( GEOMETRIC_REPRESENTATION_CONTEXT(2) 
PARAMETRIC_REPRESENTATION_CONTEXT() REPRESENTATION_CONTEXT('2D SPACE',''
  ) );
#13331 = ORIENTED_EDGE('',*,*,#13283,.F.);
#13332 = ORIENTED_EDGE('',*,*,#11429,.F.);
#13333 = ADVANCED_FACE('',(#13334),#11596,.T.);
#13334 = FACE_BOUND('',#13335,.T.);
#13335 = EDGE_LOOP('',(#13336,#13337,#13338));
#13336 = ORIENTED_EDGE('',*,*,#13311,.T.);
#13337 = ORIENTED_EDGE('',*,*,#11582,.T.);
#13338 = ORIENTED_EDGE('',*,*,#13214,.F.);
#13339 = ADVANCED_FACE('',(#13340),#11726,.T.);
#13340 = FACE_BOUND('',#13341,.T.);
#13341 = EDGE_LOOP('',(#13342,#13363,#13364));
#13342 = ORIENTED_EDGE('',*,*,#13343,.T.);
#13343 = EDGE_CURVE('',#11685,#13237,#13344,.T.);
#13344 = SURFACE_CURVE('',#13345,(#13349,#13356),.PCURVE_S1.);
#13345 = LINE('',#13346,#13347);
#13346 = CARTESIAN_POINT('',(49.771794919243,4.444070785648,5.5));
#13347 = VECTOR('',#13348,1.);
#13348 = DIRECTION('',(0.866025403784,-0.5,0.));
#13349 = PCURVE('',#11726,#13350);
#13350 = DEFINITIONAL_REPRESENTATION('',(#13351),#13355);
#13351 = LINE('',#13352,#13353);
#13352 = CARTESIAN_POINT('',(-1.005445726676E-13,0.2));
#13353 = VECTOR('',#13354,1.);
#13354 = DIRECTION('',(0.,-1.));
#13355 = ( GEOMETRIC_REPRESENTATION_CONTEXT(2) 
PARAMETRIC_REPRESENTATION_CONTEXT() REPRESENTATION_CONTEXT('2D SPACE',''
  ) );
#13356 = PCURVE('',#11700,#13357);
#13357 = DEFINITIONAL_REPRESENTATION('',(#13358),#13362);
#13358 = LINE('',#13359,#13360);
#13359 = CARTESIAN_POINT('',(0.282842712475,0.2));
#13360 = VECTOR('',#13361,1.);
#13361 = DIRECTION('',(-4.949374243779E-13,-1.));
#13362 = ( GEOMETRIC_REPRESENTATION_CONTEXT(2) 
PARAMETRIC_REPRESENTATION_CONTEXT() REPRESENTATION_CONTEXT('2D SPACE',''
  ) );
#13363 = ORIENTED_EDGE('',*,*,#13236,.F.);
#13364 = ORIENTED_EDGE('',*,*,#11712,.F.);
#13365 = ADVANCED_FACE('',(#13366),#11700,.T.);
#13366 = FACE_BOUND('',#13367,.T.);
#13367 = EDGE_LOOP('',(#13368,#13369,#13370,#13391,#13392));
#13368 = ORIENTED_EDGE('',*,*,#11765,.F.);
#13369 = ORIENTED_EDGE('',*,*,#11814,.T.);
#13370 = ORIENTED_EDGE('',*,*,#13371,.F.);
#13371 = EDGE_CURVE('',#13237,#11815,#13372,.T.);
#13372 = SURFACE_CURVE('',#13373,(#13377,#13384),.PCURVE_S1.);
#13373 = LINE('',#13374,#13375);
#13374 = CARTESIAN_POINT('',(49.771794919243,4.444070785648,5.5));
#13375 = VECTOR('',#13376,1.);
#13376 = DIRECTION('',(0.866025403784,-0.5,0.));
#13377 = PCURVE('',#11700,#13378);
#13378 = DEFINITIONAL_REPRESENTATION('',(#13379),#13383);
#13379 = LINE('',#13380,#13381);
#13380 = CARTESIAN_POINT('',(0.282842712475,0.2));
#13381 = VECTOR('',#13382,1.);
#13382 = DIRECTION('',(-4.949374243779E-13,-1.));
#13383 = ( GEOMETRIC_REPRESENTATION_CONTEXT(2) 
PARAMETRIC_REPRESENTATION_CONTEXT() REPRESENTATION_CONTEXT('2D SPACE',''
  ) );
#13384 = PCURVE('',#11851,#13385);
#13385 = DEFINITIONAL_REPRESENTATION('',(#13386),#13390);
#13386 = LINE('',#13387,#13388);
#13387 = CARTESIAN_POINT('',(-1.005445726676E-13,0.2));
#13388 = VECTOR('',#13389,1.);
#13389 = DIRECTION('',(0.,-1.));
#13390 = ( GEOMETRIC_REPRESENTATION_CONTEXT(2) 
PARAMETRIC_REPRESENTATION_CONTEXT() REPRESENTATION_CONTEXT('2D SPACE',''
  ) );
#13391 = ORIENTED_EDGE('',*,*,#13343,.F.);
#13392 = ORIENTED_EDGE('',*,*,#11684,.F.);
#13393 = ADVANCED_FACE('',(#13394),#11851,.T.);
#13394 = FACE_BOUND('',#13395,.T.);
#13395 = EDGE_LOOP('',(#13396,#13397,#13398));
#13396 = ORIENTED_EDGE('',*,*,#13371,.T.);
#13397 = ORIENTED_EDGE('',*,*,#11837,.T.);
#13398 = ORIENTED_EDGE('',*,*,#13259,.F.);
#13399 = ADVANCED_FACE('',(#13400),#11981,.T.);
#13400 = FACE_BOUND('',#13401,.T.);
#13401 = EDGE_LOOP('',(#13402,#13425,#13447));
#13402 = ORIENTED_EDGE('',*,*,#13403,.T.);
#13403 = EDGE_CURVE('',#11940,#13404,#13406,.T.);
#13404 = VERTEX_POINT('',#13405);
#13405 = CARTESIAN_POINT('',(5.49,23.12,5.5));
#13406 = SURFACE_CURVE('',#13407,(#13411,#13418),.PCURVE_S1.);
#13407 = LINE('',#13408,#13409);
#13408 = CARTESIAN_POINT('',(5.49,22.92,5.5));
#13409 = VECTOR('',#13410,1.);
#13410 = DIRECTION('',(0.,1.,0.));
#13411 = PCURVE('',#11981,#13412);
#13412 = DEFINITIONAL_REPRESENTATION('',(#13413),#13417);
#13413 = LINE('',#13414,#13415);
#13414 = CARTESIAN_POINT('',(0.,0.2));
#13415 = VECTOR('',#13416,1.);
#13416 = DIRECTION('',(0.,-1.));
#13417 = ( GEOMETRIC_REPRESENTATION_CONTEXT(2) 
PARAMETRIC_REPRESENTATION_CONTEXT() REPRESENTATION_CONTEXT('2D SPACE',''
  ) );
#13418 = PCURVE('',#11955,#13419);
#13419 = DEFINITIONAL_REPRESENTATION('',(#13420),#13424);
#13420 = LINE('',#13421,#13422);
#13421 = CARTESIAN_POINT('',(0.282842712475,0.2));
#13422 = VECTOR('',#13423,1.);
#13423 = DIRECTION('',(0.,-1.));
#13424 = ( GEOMETRIC_REPRESENTATION_CONTEXT(2) 
PARAMETRIC_REPRESENTATION_CONTEXT() REPRESENTATION_CONTEXT('2D SPACE',''
  ) );
#13425 = ORIENTED_EDGE('',*,*,#13426,.F.);
#13426 = EDGE_CURVE('',#11894,#13404,#13427,.T.);
#13427 = SURFACE_CURVE('',#13428,(#13433,#13440),.PCURVE_S1.);
#13428 = CIRCLE('',#13429,1.15);
#13429 = AXIS2_PLACEMENT_3D('',#13430,#13431,#13432);
#13430 = CARTESIAN_POINT('',(4.34,23.12,5.5));
#13431 = DIRECTION('',(0.,0.,1.));
#13432 = DIRECTION('',(1.,0.,-0.));
#13433 = PCURVE('',#11981,#13434);
#13434 = DEFINITIONAL_REPRESENTATION('',(#13435),#13439);
#13435 = CIRCLE('',#13436,1.15);
#13436 = AXIS2_PLACEMENT_2D('',#13437,#13438);
#13437 = CARTESIAN_POINT('',(1.15,0.));
#13438 = DIRECTION('',(-1.,0.));
#13439 = ( GEOMETRIC_REPRESENTATION_CONTEXT(2) 
PARAMETRIC_REPRESENTATION_CONTEXT() REPRESENTATION_CONTEXT('2D SPACE',''
  ) );
#13440 = PCURVE('',#12138,#13441);
#13441 = DEFINITIONAL_REPRESENTATION('',(#13442),#13446);
#13442 = LINE('',#13443,#13444);
#13443 = CARTESIAN_POINT('',(6.28318530718,1.264310917723E-16));
#13444 = VECTOR('',#13445,1.);
#13445 = DIRECTION('',(-1.,0.));
#13446 = ( GEOMETRIC_REPRESENTATION_CONTEXT(2) 
PARAMETRIC_REPRESENTATION_CONTEXT() REPRESENTATION_CONTEXT('2D SPACE',''
  ) );
#13447 = ORIENTED_EDGE('',*,*,#11967,.F.);
#13448 = ADVANCED_FACE('',(#13449),#11955,.T.);
#13449 = FACE_BOUND('',#13450,.T.);
#13450 = EDGE_LOOP('',(#13451,#13452,#13453,#13474,#13475));
#13451 = ORIENTED_EDGE('',*,*,#12020,.F.);
#13452 = ORIENTED_EDGE('',*,*,#12069,.T.);
#13453 = ORIENTED_EDGE('',*,*,#13454,.F.);
#13454 = EDGE_CURVE('',#13404,#12070,#13455,.T.);
#13455 = SURFACE_CURVE('',#13456,(#13460,#13467),.PCURVE_S1.);
#13456 = LINE('',#13457,#13458);
#13457 = CARTESIAN_POINT('',(5.49,22.92,5.5));
#13458 = VECTOR('',#13459,1.);
#13459 = DIRECTION('',(0.,1.,0.));
#13460 = PCURVE('',#11955,#13461);
#13461 = DEFINITIONAL_REPRESENTATION('',(#13462),#13466);
#13462 = LINE('',#13463,#13464);
#13463 = CARTESIAN_POINT('',(0.282842712475,0.2));
#13464 = VECTOR('',#13465,1.);
#13465 = DIRECTION('',(0.,-1.));
#13466 = ( GEOMETRIC_REPRESENTATION_CONTEXT(2) 
PARAMETRIC_REPRESENTATION_CONTEXT() REPRESENTATION_CONTEXT('2D SPACE',''
  ) );
#13467 = PCURVE('',#12106,#13468);
#13468 = DEFINITIONAL_REPRESENTATION('',(#13469),#13473);
#13469 = LINE('',#13470,#13471);
#13470 = CARTESIAN_POINT('',(0.,0.2));
#13471 = VECTOR('',#13472,1.);
#13472 = DIRECTION('',(0.,-1.));
#13473 = ( GEOMETRIC_REPRESENTATION_CONTEXT(2) 
PARAMETRIC_REPRESENTATION_CONTEXT() REPRESENTATION_CONTEXT('2D SPACE',''
  ) );
#13474 = ORIENTED_EDGE('',*,*,#13403,.F.);
#13475 = ORIENTED_EDGE('',*,*,#11939,.F.);
#13476 = ADVANCED_FACE('',(#13477),#12106,.T.);
#13477 = FACE_BOUND('',#13478,.T.);
#13478 = EDGE_LOOP('',(#13479,#13480,#13481));
#13479 = ORIENTED_EDGE('',*,*,#13454,.T.);
#13480 = ORIENTED_EDGE('',*,*,#12092,.T.);
#13481 = ORIENTED_EDGE('',*,*,#13482,.F.);
#13482 = EDGE_CURVE('',#13404,#12046,#13483,.T.);
#13483 = SURFACE_CURVE('',#13484,(#13489,#13496),.PCURVE_S1.);
#13484 = CIRCLE('',#13485,1.15);
#13485 = AXIS2_PLACEMENT_3D('',#13486,#13487,#13488);
#13486 = CARTESIAN_POINT('',(4.34,23.12,5.5));
#13487 = DIRECTION('',(0.,0.,1.));
#13488 = DIRECTION('',(1.,0.,-0.));
#13489 = PCURVE('',#12106,#13490);
#13490 = DEFINITIONAL_REPRESENTATION('',(#13491),#13495);
#13491 = CIRCLE('',#13492,1.15);
#13492 = AXIS2_PLACEMENT_2D('',#13493,#13494);
#13493 = CARTESIAN_POINT('',(1.15,0.));
#13494 = DIRECTION('',(-1.,0.));
#13495 = ( GEOMETRIC_REPRESENTATION_CONTEXT(2) 
PARAMETRIC_REPRESENTATION_CONTEXT() REPRESENTATION_CONTEXT('2D SPACE',''
  ) );
#13496 = PCURVE('',#12138,#13497);
#13497 = DEFINITIONAL_REPRESENTATION('',(#13498),#13501);
#13498 = B_SPLINE_CURVE_WITH_KNOTS('',1,(#13499,#13500),.UNSPECIFIED.,
  .F.,.F.,(2,2),(0.,6.28318530718),.PIECEWISE_BEZIER_KNOTS.);
#13499 = CARTESIAN_POINT('',(6.28318530718,0.));
#13500 = CARTESIAN_POINT('',(-4.138911435803E-13,0.));
#13501 = ( GEOMETRIC_REPRESENTATION_CONTEXT(2) 
PARAMETRIC_REPRESENTATION_CONTEXT() REPRESENTATION_CONTEXT('2D SPACE',''
  ) );
#13502 = ADVANCED_FACE('',(#13503),#12138,.T.);
#13503 = FACE_BOUND('',#13504,.T.);
#13504 = EDGE_LOOP('',(#13505,#13506,#13507,#13530,#13557,#13558,#13559,
    #13560,#13583,#13604,#13605,#13628));
#13505 = ORIENTED_EDGE('',*,*,#12638,.T.);
#13506 = ORIENTED_EDGE('',*,*,#13426,.T.);
#13507 = ORIENTED_EDGE('',*,*,#13508,.T.);
#13508 = EDGE_CURVE('',#13404,#13509,#13511,.T.);
#13509 = VERTEX_POINT('',#13510);
#13510 = CARTESIAN_POINT('',(5.24,23.12,6.3));
#13511 = SEAM_CURVE('',#13512,(#13516,#13523),.PCURVE_S1.);
#13512 = LINE('',#13513,#13514);
#13513 = CARTESIAN_POINT('',(5.49,23.12,5.5));
#13514 = VECTOR('',#13515,1.);
#13515 = DIRECTION('',(-0.298274993136,7.305630312193E-17,0.954479978035
    ));
#13516 = PCURVE('',#12138,#13517);
#13517 = DEFINITIONAL_REPRESENTATION('',(#13518),#13522);
#13518 = LINE('',#13519,#13520);
#13519 = CARTESIAN_POINT('',(0.,0.));
#13520 = VECTOR('',#13521,1.);
#13521 = DIRECTION('',(-0.,-1.));
#13522 = ( GEOMETRIC_REPRESENTATION_CONTEXT(2) 
PARAMETRIC_REPRESENTATION_CONTEXT() REPRESENTATION_CONTEXT('2D SPACE',''
  ) );
#13523 = PCURVE('',#12138,#13524);
#13524 = DEFINITIONAL_REPRESENTATION('',(#13525),#13529);
#13525 = LINE('',#13526,#13527);
#13526 = CARTESIAN_POINT('',(6.283185307179,0.));
#13527 = VECTOR('',#13528,1.);
#13528 = DIRECTION('',(-0.,-1.));
#13529 = ( GEOMETRIC_REPRESENTATION_CONTEXT(2) 
PARAMETRIC_REPRESENTATION_CONTEXT() REPRESENTATION_CONTEXT('2D SPACE',''
  ) );
#13530 = ORIENTED_EDGE('',*,*,#13531,.F.);
#13531 = EDGE_CURVE('',#13509,#13509,#13532,.T.);
#13532 = SURFACE_CURVE('',#13533,(#13538,#13545),.PCURVE_S1.);
#13533 = CIRCLE('',#13534,0.9);
#13534 = AXIS2_PLACEMENT_3D('',#13535,#13536,#13537);
#13535 = CARTESIAN_POINT('',(4.34,23.12,6.3));
#13536 = DIRECTION('',(0.,0.,1.));
#13537 = DIRECTION('',(1.,0.,-0.));
#13538 = PCURVE('',#12138,#13539);
#13539 = DEFINITIONAL_REPRESENTATION('',(#13540),#13544);
#13540 = LINE('',#13541,#13542);
#13541 = CARTESIAN_POINT('',(6.28318530718,-0.8));
#13542 = VECTOR('',#13543,1.);
#13543 = DIRECTION('',(-1.,0.));
#13544 = ( GEOMETRIC_REPRESENTATION_CONTEXT(2) 
PARAMETRIC_REPRESENTATION_CONTEXT() REPRESENTATION_CONTEXT('2D SPACE',''
  ) );
#13545 = PCURVE('',#13546,#13551);
#13546 = PLANE('',#13547);
#13547 = AXIS2_PLACEMENT_3D('',#13548,#13549,#13550);
#13548 = CARTESIAN_POINT('',(4.34,23.12,6.3));
#13549 = DIRECTION('',(0.,0.,1.));
#13550 = DIRECTION('',(1.,0.,-0.));
#13551 = DEFINITIONAL_REPRESENTATION('',(#13552),#13556);
#13552 = CIRCLE('',#13553,0.9);
#13553 = AXIS2_PLACEMENT_2D('',#13554,#13555);
#13554 = CARTESIAN_POINT('',(0.,0.));
#13555 = DIRECTION('',(1.,0.));
#13556 = ( GEOMETRIC_REPRESENTATION_CONTEXT(2) 
PARAMETRIC_REPRESENTATION_CONTEXT() REPRESENTATION_CONTEXT('2D SPACE',''
  ) );
#13557 = ORIENTED_EDGE('',*,*,#13508,.F.);
#13558 = ORIENTED_EDGE('',*,*,#13482,.T.);
#13559 = ORIENTED_EDGE('',*,*,#12121,.T.);
#13560 = ORIENTED_EDGE('',*,*,#13561,.T.);
#13561 = EDGE_CURVE('',#12122,#13562,#13564,.T.);
#13562 = VERTEX_POINT('',#13563);
#13563 = CARTESIAN_POINT('',(3.764999995818,24.115929211938,5.5));
#13564 = SURFACE_CURVE('',#13565,(#13570,#13576),.PCURVE_S1.);
#13565 = CIRCLE('',#13566,1.15);
#13566 = AXIS2_PLACEMENT_3D('',#13567,#13568,#13569);
#13567 = CARTESIAN_POINT('',(4.34,23.12,5.5));
#13568 = DIRECTION('',(0.,0.,1.));
#13569 = DIRECTION('',(1.,0.,-0.));
#13570 = PCURVE('',#12138,#13571);
#13571 = DEFINITIONAL_REPRESENTATION('',(#13572),#13575);
#13572 = B_SPLINE_CURVE_WITH_KNOTS('',1,(#13573,#13574),.UNSPECIFIED.,
  .F.,.F.,(2,2),(0.,6.28318530718),.PIECEWISE_BEZIER_KNOTS.);
#13573 = CARTESIAN_POINT('',(6.28318530718,0.));
#13574 = CARTESIAN_POINT('',(-4.138911435803E-13,0.));
#13575 = ( GEOMETRIC_REPRESENTATION_CONTEXT(2) 
PARAMETRIC_REPRESENTATION_CONTEXT() REPRESENTATION_CONTEXT('2D SPACE',''
  ) );
#13576 = PCURVE('',#12241,#13577);
#13577 = DEFINITIONAL_REPRESENTATION('',(#13578),#13582);
#13578 = CIRCLE('',#13579,1.15);
#13579 = AXIS2_PLACEMENT_2D('',#13580,#13581);
#13580 = CARTESIAN_POINT('',(1.15,-2.000066778862E-13));
#13581 = DIRECTION('',(0.5,0.866025403784));
#13582 = ( GEOMETRIC_REPRESENTATION_CONTEXT(2) 
PARAMETRIC_REPRESENTATION_CONTEXT() REPRESENTATION_CONTEXT('2D SPACE',''
  ) );
#13583 = ORIENTED_EDGE('',*,*,#13584,.T.);
#13584 = EDGE_CURVE('',#13562,#12306,#13585,.T.);
#13585 = SURFACE_CURVE('',#13586,(#13591,#13597),.PCURVE_S1.);
#13586 = CIRCLE('',#13587,1.15);
#13587 = AXIS2_PLACEMENT_3D('',#13588,#13589,#13590);
#13588 = CARTESIAN_POINT('',(4.34,23.12,5.5));
#13589 = DIRECTION('',(0.,0.,1.));
#13590 = DIRECTION('',(1.,0.,-0.));
#13591 = PCURVE('',#12138,#13592);
#13592 = DEFINITIONAL_REPRESENTATION('',(#13593),#13596);
#13593 = B_SPLINE_CURVE_WITH_KNOTS('',1,(#13594,#13595),.UNSPECIFIED.,
  .F.,.F.,(2,2),(0.,6.28318530718),.PIECEWISE_BEZIER_KNOTS.);
#13594 = CARTESIAN_POINT('',(6.28318530718,0.));
#13595 = CARTESIAN_POINT('',(-4.138911435803E-13,0.));
#13596 = ( GEOMETRIC_REPRESENTATION_CONTEXT(2) 
PARAMETRIC_REPRESENTATION_CONTEXT() REPRESENTATION_CONTEXT('2D SPACE',''
  ) );
#13597 = PCURVE('',#12366,#13598);
#13598 = DEFINITIONAL_REPRESENTATION('',(#13599),#13603);
#13599 = CIRCLE('',#13600,1.15);
#13600 = AXIS2_PLACEMENT_2D('',#13601,#13602);
#13601 = CARTESIAN_POINT('',(1.15,-2.000066778862E-13));
#13602 = DIRECTION('',(0.5,0.866025403784));
#13603 = ( GEOMETRIC_REPRESENTATION_CONTEXT(2) 
PARAMETRIC_REPRESENTATION_CONTEXT() REPRESENTATION_CONTEXT('2D SPACE',''
  ) );
#13604 = ORIENTED_EDGE('',*,*,#12404,.T.);
#13605 = ORIENTED_EDGE('',*,*,#13606,.T.);
#13606 = EDGE_CURVE('',#12383,#13607,#13609,.T.);
#13607 = VERTEX_POINT('',#13608);
#13608 = CARTESIAN_POINT('',(3.764999995818,22.124070788062,5.5));
#13609 = SURFACE_CURVE('',#13610,(#13615,#13621),.PCURVE_S1.);
#13610 = CIRCLE('',#13611,1.15);
#13611 = AXIS2_PLACEMENT_3D('',#13612,#13613,#13614);
#13612 = CARTESIAN_POINT('',(4.34,23.12,5.5));
#13613 = DIRECTION('',(0.,0.,1.));
#13614 = DIRECTION('',(1.,0.,-0.));
#13615 = PCURVE('',#12138,#13616);
#13616 = DEFINITIONAL_REPRESENTATION('',(#13617),#13620);
#13617 = B_SPLINE_CURVE_WITH_KNOTS('',1,(#13618,#13619),.UNSPECIFIED.,
  .F.,.F.,(2,2),(0.,6.28318530718),.PIECEWISE_BEZIER_KNOTS.);
#13618 = CARTESIAN_POINT('',(6.28318530718,0.));
#13619 = CARTESIAN_POINT('',(-4.138911435803E-13,0.));
#13620 = ( GEOMETRIC_REPRESENTATION_CONTEXT(2) 
PARAMETRIC_REPRESENTATION_CONTEXT() REPRESENTATION_CONTEXT('2D SPACE',''
  ) );
#13621 = PCURVE('',#12496,#13622);
#13622 = DEFINITIONAL_REPRESENTATION('',(#13623),#13627);
#13623 = CIRCLE('',#13624,1.15);
#13624 = AXIS2_PLACEMENT_2D('',#13625,#13626);
#13625 = CARTESIAN_POINT('',(1.15,2.000066778862E-13));
#13626 = DIRECTION('',(0.5,-0.866025403784));
#13627 = ( GEOMETRIC_REPRESENTATION_CONTEXT(2) 
PARAMETRIC_REPRESENTATION_CONTEXT() REPRESENTATION_CONTEXT('2D SPACE',''
  ) );
#13628 = ORIENTED_EDGE('',*,*,#13629,.T.);
#13629 = EDGE_CURVE('',#13607,#12561,#13630,.T.);
#13630 = SURFACE_CURVE('',#13631,(#13636,#13642),.PCURVE_S1.);
#13631 = CIRCLE('',#13632,1.15);
#13632 = AXIS2_PLACEMENT_3D('',#13633,#13634,#13635);
#13633 = CARTESIAN_POINT('',(4.34,23.12,5.5));
#13634 = DIRECTION('',(0.,0.,1.));
#13635 = DIRECTION('',(1.,0.,-0.));
#13636 = PCURVE('',#12138,#13637);
#13637 = DEFINITIONAL_REPRESENTATION('',(#13638),#13641);
#13638 = B_SPLINE_CURVE_WITH_KNOTS('',1,(#13639,#13640),.UNSPECIFIED.,
  .F.,.F.,(2,2),(0.,6.28318530718),.PIECEWISE_BEZIER_KNOTS.);
#13639 = CARTESIAN_POINT('',(6.28318530718,0.));
#13640 = CARTESIAN_POINT('',(-4.138911435803E-13,0.));
#13641 = ( GEOMETRIC_REPRESENTATION_CONTEXT(2) 
PARAMETRIC_REPRESENTATION_CONTEXT() REPRESENTATION_CONTEXT('2D SPACE',''
  ) );
#13642 = PCURVE('',#12621,#13643);
#13643 = DEFINITIONAL_REPRESENTATION('',(#13644),#13648);
#13644 = CIRCLE('',#13645,1.15);
#13645 = AXIS2_PLACEMENT_2D('',#13646,#13647);
#13646 = CARTESIAN_POINT('',(1.15,2.000066778862E-13));
#13647 = DIRECTION('',(0.5,-0.866025403784));
#13648 = ( GEOMETRIC_REPRESENTATION_CONTEXT(2) 
PARAMETRIC_REPRESENTATION_CONTEXT() REPRESENTATION_CONTEXT('2D SPACE',''
  ) );
#13649 = ADVANCED_FACE('',(#13650),#12241,.T.);
#13650 = FACE_BOUND('',#13651,.T.);
#13651 = EDGE_LOOP('',(#13652,#13673,#13674));
#13652 = ORIENTED_EDGE('',*,*,#13653,.T.);
#13653 = EDGE_CURVE('',#12200,#13562,#13654,.T.);
#13654 = SURFACE_CURVE('',#13655,(#13659,#13666),.PCURVE_S1.);
#13655 = LINE('',#13656,#13657);
#13656 = CARTESIAN_POINT('',(3.938205080757,24.215929214352,5.5));
#13657 = VECTOR('',#13658,1.);
#13658 = DIRECTION('',(-0.866025403784,-0.5,0.));
#13659 = PCURVE('',#12241,#13660);
#13660 = DEFINITIONAL_REPRESENTATION('',(#13661),#13665);
#13661 = LINE('',#13662,#13663);
#13662 = CARTESIAN_POINT('',(1.018629625094E-13,0.2));
#13663 = VECTOR('',#13664,1.);
#13664 = DIRECTION('',(0.,-1.));
#13665 = ( GEOMETRIC_REPRESENTATION_CONTEXT(2) 
PARAMETRIC_REPRESENTATION_CONTEXT() REPRESENTATION_CONTEXT('2D SPACE',''
  ) );
#13666 = PCURVE('',#12215,#13667);
#13667 = DEFINITIONAL_REPRESENTATION('',(#13668),#13672);
#13668 = LINE('',#13669,#13670);
#13669 = CARTESIAN_POINT('',(0.282842712475,0.2));
#13670 = VECTOR('',#13671,1.);
#13671 = DIRECTION('',(4.949374243779E-13,-1.));
#13672 = ( GEOMETRIC_REPRESENTATION_CONTEXT(2) 
PARAMETRIC_REPRESENTATION_CONTEXT() REPRESENTATION_CONTEXT('2D SPACE',''
  ) );
#13673 = ORIENTED_EDGE('',*,*,#13561,.F.);
#13674 = ORIENTED_EDGE('',*,*,#12227,.F.);
#13675 = ADVANCED_FACE('',(#13676),#12215,.T.);
#13676 = FACE_BOUND('',#13677,.T.);
#13677 = EDGE_LOOP('',(#13678,#13679,#13680,#13701,#13702));
#13678 = ORIENTED_EDGE('',*,*,#12280,.F.);
#13679 = ORIENTED_EDGE('',*,*,#12329,.T.);
#13680 = ORIENTED_EDGE('',*,*,#13681,.F.);
#13681 = EDGE_CURVE('',#13562,#12330,#13682,.T.);
#13682 = SURFACE_CURVE('',#13683,(#13687,#13694),.PCURVE_S1.);
#13683 = LINE('',#13684,#13685);
#13684 = CARTESIAN_POINT('',(3.938205080757,24.215929214352,5.5));
#13685 = VECTOR('',#13686,1.);
#13686 = DIRECTION('',(-0.866025403784,-0.5,0.));
#13687 = PCURVE('',#12215,#13688);
#13688 = DEFINITIONAL_REPRESENTATION('',(#13689),#13693);
#13689 = LINE('',#13690,#13691);
#13690 = CARTESIAN_POINT('',(0.282842712475,0.2));
#13691 = VECTOR('',#13692,1.);
#13692 = DIRECTION('',(4.949374243779E-13,-1.));
#13693 = ( GEOMETRIC_REPRESENTATION_CONTEXT(2) 
PARAMETRIC_REPRESENTATION_CONTEXT() REPRESENTATION_CONTEXT('2D SPACE',''
  ) );
#13694 = PCURVE('',#12366,#13695);
#13695 = DEFINITIONAL_REPRESENTATION('',(#13696),#13700);
#13696 = LINE('',#13697,#13698);
#13697 = CARTESIAN_POINT('',(1.018629625094E-13,0.2));
#13698 = VECTOR('',#13699,1.);
#13699 = DIRECTION('',(0.,-1.));
#13700 = ( GEOMETRIC_REPRESENTATION_CONTEXT(2) 
PARAMETRIC_REPRESENTATION_CONTEXT() REPRESENTATION_CONTEXT('2D SPACE',''
  ) );
#13701 = ORIENTED_EDGE('',*,*,#13653,.F.);
#13702 = ORIENTED_EDGE('',*,*,#12199,.F.);
#13703 = ADVANCED_FACE('',(#13704),#12366,.T.);
#13704 = FACE_BOUND('',#13705,.T.);
#13705 = EDGE_LOOP('',(#13706,#13707,#13708));
#13706 = ORIENTED_EDGE('',*,*,#13681,.T.);
#13707 = ORIENTED_EDGE('',*,*,#12352,.T.);
#13708 = ORIENTED_EDGE('',*,*,#13584,.F.);
#13709 = ADVANCED_FACE('',(#13710),#12496,.T.);
#13710 = FACE_BOUND('',#13711,.T.);
#13711 = EDGE_LOOP('',(#13712,#13733,#13734));
#13712 = ORIENTED_EDGE('',*,*,#13713,.T.);
#13713 = EDGE_CURVE('',#12455,#13607,#13714,.T.);
#13714 = SURFACE_CURVE('',#13715,(#13719,#13726),.PCURVE_S1.);
#13715 = LINE('',#13716,#13717);
#13716 = CARTESIAN_POINT('',(3.591794919243,22.224070785648,5.5));
#13717 = VECTOR('',#13718,1.);
#13718 = DIRECTION('',(0.866025403784,-0.5,0.));
#13719 = PCURVE('',#12496,#13720);
#13720 = DEFINITIONAL_REPRESENTATION('',(#13721),#13725);
#13721 = LINE('',#13722,#13723);
#13722 = CARTESIAN_POINT('',(-1.018629625094E-13,0.2));
#13723 = VECTOR('',#13724,1.);
#13724 = DIRECTION('',(0.,-1.));
#13725 = ( GEOMETRIC_REPRESENTATION_CONTEXT(2) 
PARAMETRIC_REPRESENTATION_CONTEXT() REPRESENTATION_CONTEXT('2D SPACE',''
  ) );
#13726 = PCURVE('',#12470,#13727);
#13727 = DEFINITIONAL_REPRESENTATION('',(#13728),#13732);
#13728 = LINE('',#13729,#13730);
#13729 = CARTESIAN_POINT('',(0.282842712475,0.2));
#13730 = VECTOR('',#13731,1.);
#13731 = DIRECTION('',(-4.949374243779E-13,-1.));
#13732 = ( GEOMETRIC_REPRESENTATION_CONTEXT(2) 
PARAMETRIC_REPRESENTATION_CONTEXT() REPRESENTATION_CONTEXT('2D SPACE',''
  ) );
#13733 = ORIENTED_EDGE('',*,*,#13606,.F.);
#13734 = ORIENTED_EDGE('',*,*,#12482,.F.);
#13735 = ADVANCED_FACE('',(#13736),#12470,.T.);
#13736 = FACE_BOUND('',#13737,.T.);
#13737 = EDGE_LOOP('',(#13738,#13739,#13740,#13761,#13762));
#13738 = ORIENTED_EDGE('',*,*,#12535,.F.);
#13739 = ORIENTED_EDGE('',*,*,#12584,.T.);
#13740 = ORIENTED_EDGE('',*,*,#13741,.F.);
#13741 = EDGE_CURVE('',#13607,#12585,#13742,.T.);
#13742 = SURFACE_CURVE('',#13743,(#13747,#13754),.PCURVE_S1.);
#13743 = LINE('',#13744,#13745);
#13744 = CARTESIAN_POINT('',(3.591794919243,22.224070785648,5.5));
#13745 = VECTOR('',#13746,1.);
#13746 = DIRECTION('',(0.866025403784,-0.5,0.));
#13747 = PCURVE('',#12470,#13748);
#13748 = DEFINITIONAL_REPRESENTATION('',(#13749),#13753);
#13749 = LINE('',#13750,#13751);
#13750 = CARTESIAN_POINT('',(0.282842712475,0.2));
#13751 = VECTOR('',#13752,1.);
#13752 = DIRECTION('',(-4.949374243779E-13,-1.));
#13753 = ( GEOMETRIC_REPRESENTATION_CONTEXT(2) 
PARAMETRIC_REPRESENTATION_CONTEXT() REPRESENTATION_CONTEXT('2D SPACE',''
  ) );
#13754 = PCURVE('',#12621,#13755);
#13755 = DEFINITIONAL_REPRESENTATION('',(#13756),#13760);
#13756 = LINE('',#13757,#13758);
#13757 = CARTESIAN_POINT('',(-1.018629625094E-13,0.2));
#13758 = VECTOR('',#13759,1.);
#13759 = DIRECTION('',(0.,-1.));
#13760 = ( GEOMETRIC_REPRESENTATION_CONTEXT(2) 
PARAMETRIC_REPRESENTATION_CONTEXT() REPRESENTATION_CONTEXT('2D SPACE',''
  ) );
#13761 = ORIENTED_EDGE('',*,*,#13713,.F.);
#13762 = ORIENTED_EDGE('',*,*,#12454,.F.);
#13763 = ADVANCED_FACE('',(#13764),#12621,.T.);
#13764 = FACE_BOUND('',#13765,.T.);
#13765 = EDGE_LOOP('',(#13766,#13767,#13768));
#13766 = ORIENTED_EDGE('',*,*,#13741,.T.);
#13767 = ORIENTED_EDGE('',*,*,#12607,.T.);
#13768 = ORIENTED_EDGE('',*,*,#13629,.F.);
#13769 = ADVANCED_FACE('',(#13770),#12806,.T.);
#13770 = FACE_BOUND('',#13771,.T.);
#13771 = EDGE_LOOP('',(#13772));
#13772 = ORIENTED_EDGE('',*,*,#12791,.T.);
#13773 = ADVANCED_FACE('',(#13774),#13176,.T.);
#13774 = FACE_BOUND('',#13775,.T.);
#13775 = EDGE_LOOP('',(#13776));
#13776 = ORIENTED_EDGE('',*,*,#13161,.T.);
#13777 = ADVANCED_FACE('',(#13778),#13546,.T.);
#13778 = FACE_BOUND('',#13779,.T.);
#13779 = EDGE_LOOP('',(#13780));
#13780 = ORIENTED_EDGE('',*,*,#13531,.T.);
#13781 = ( GEOMETRIC_REPRESENTATION_CONTEXT(3) 
GLOBAL_UNCERTAINTY_ASSIGNED_CONTEXT((#13785)) 
GLOBAL_UNIT_ASSIGNED_CONTEXT((#13782,#13783,#13784)) 
REPRESENTATION_CONTEXT('Context #1',
  '3D Context with UNIT and UNCERTAINTY') );
#13782 = ( LENGTH_UNIT() NAMED_UNIT(*) SI_UNIT(.MILLI.,.METRE.) );
#13783 = ( NAMED_UNIT(*) PLANE_ANGLE_UNIT() SI_UNIT($,.RADIAN.) );
#13784 = ( NAMED_UNIT(*) SI_UNIT($,.STERADIAN.) SOLID_ANGLE_UNIT() );
#13785 = UNCERTAINTY_MEASURE_WITH_UNIT(LENGTH_MEASURE(1.E-07),#13782,
  'distance_accuracy_value','confusion accuracy');
#13786 = CONTEXT_DEPENDENT_SHAPE_REPRESENTATION(#13787,#13789);
#13787 = ( REPRESENTATION_RELATIONSHIP('','',#3811,#10) 
REPRESENTATION_RELATIONSHIP_WITH_TRANSFORMATION(#13788) 
SHAPE_REPRESENTATION_RELATIONSHIP() );
#13788 = ITEM_DEFINED_TRANSFORMATION('','',#11,#19);
#13789 = PRODUCT_DEFINITION_SHAPE('Placement','Placement of an item',
  #13790);
#13790 = NEXT_ASSEMBLY_USAGE_OCCURRENCE('2','midplate','',#5,#3806,$);
#13791 = PRODUCT_RELATED_PRODUCT_CATEGORY('part',$,(#3808));
#13792 = SHAPE_DEFINITION_REPRESENTATION(#13793,#13799);
#13793 = PRODUCT_DEFINITION_SHAPE('','',#13794);
#13794 = PRODUCT_DEFINITION('design','',#13795,#13798);
#13795 = PRODUCT_DEFINITION_FORMATION('','',#13796);
#13796 = PRODUCT('faceplate','faceplate','',(#13797));
#13797 = PRODUCT_CONTEXT('',#2,'mechanical');
#13798 = PRODUCT_DEFINITION_CONTEXT('part definition',#2,'design');
#13799 = ADVANCED_BREP_SHAPE_REPRESENTATION('',(#11,#13800),#19688);
#13800 = MANIFOLD_SOLID_BREP('',#13801);
#13801 = CLOSED_SHELL('',(#13802,#14295,#14369,#14423,#14477,#14530,
    #14583,#14637,#14691,#14723,#14798,#14851,#14904,#14937,#14990,
    #15066,#15115,#15142,#15218,#15268,#15318,#15367,#15416,#15466,
    #15516,#15543,#15620,#15674,#15728,#15761,#15816,#15822,#17101,
    #17146,#17172,#17198,#17205,#17230,#17344,#17393,#17442,#17519,
    #17568,#17617,#17666,#17720,#17769,#17818,#17867,#17921,#17970,
    #18019,#18068,#18122,#18171,#18220,#18269,#18323,#18410,#18459,
    #18508,#18585,#18634,#18683,#18732,#18819,#18868,#18917,#18966,
    #19015,#19097,#19146,#19195,#19244,#19293,#19342,#19391,#19418,
    #19499,#19527,#19610,#19643,#19671));
#13802 = ADVANCED_FACE('',(#13803,#14054,#14178,#14209),#13817,.T.);
#13803 = FACE_BOUND('',#13804,.T.);
#13804 = EDGE_LOOP('',(#13805,#13840,#13873,#13901,#13934,#13962,#13995,
    #14023));
#13805 = ORIENTED_EDGE('',*,*,#13806,.F.);
#13806 = EDGE_CURVE('',#13807,#13809,#13811,.T.);
#13807 = VERTEX_POINT('',#13808);
#13808 = CARTESIAN_POINT('',(0.4,4.,2.4));
#13809 = VERTEX_POINT('',#13810);
#13810 = CARTESIAN_POINT('',(0.4,40.799999996905,2.4));
#13811 = SURFACE_CURVE('',#13812,(#13816,#13828),.PCURVE_S1.);
#13812 = LINE('',#13813,#13814);
#13813 = CARTESIAN_POINT('',(0.4,4.,2.4));
#13814 = VECTOR('',#13815,1.);
#13815 = DIRECTION('',(0.,1.,0.));
#13816 = PCURVE('',#13817,#13822);
#13817 = PLANE('',#13818);
#13818 = AXIS2_PLACEMENT_3D('',#13819,#13820,#13821);
#13819 = CARTESIAN_POINT('',(36.4,22.399999999332,2.4));
#13820 = DIRECTION('',(0.,0.,1.));
#13821 = DIRECTION('',(1.,0.,-0.));
#13822 = DEFINITIONAL_REPRESENTATION('',(#13823),#13827);
#13823 = LINE('',#13824,#13825);
#13824 = CARTESIAN_POINT('',(-36.,-18.39999999933));
#13825 = VECTOR('',#13826,1.);
#13826 = DIRECTION('',(0.,1.));
#13827 = ( GEOMETRIC_REPRESENTATION_CONTEXT(2) 
PARAMETRIC_REPRESENTATION_CONTEXT() REPRESENTATION_CONTEXT('2D SPACE',''
  ) );
#13828 = PCURVE('',#13829,#13834);
#13829 = PLANE('',#13830);
#13830 = AXIS2_PLACEMENT_3D('',#13831,#13832,#13833);
#13831 = CARTESIAN_POINT('',(0.2,4.,2.2));
#13832 = DIRECTION('',(-0.707106781187,-3.474993633274E-18,
    0.707106781187));
#13833 = DIRECTION('',(-2.457191562668E-18,1.,2.457191562668E-18));
#13834 = DEFINITIONAL_REPRESENTATION('',(#13835),#13839);
#13835 = LINE('',#13836,#13837);
#13836 = CARTESIAN_POINT('',(-3.851859888774E-34,-0.282842712475));
#13837 = VECTOR('',#13838,1.);
#13838 = DIRECTION('',(1.,0.));
#13839 = ( GEOMETRIC_REPRESENTATION_CONTEXT(2) 
PARAMETRIC_REPRESENTATION_CONTEXT() REPRESENTATION_CONTEXT('2D SPACE',''
  ) );
#13840 = ORIENTED_EDGE('',*,*,#13841,.F.);
#13841 = EDGE_CURVE('',#13842,#13807,#13844,.T.);
#13842 = VERTEX_POINT('',#13843);
#13843 = CARTESIAN_POINT('',(4.,0.4,2.4));
#13844 = SURFACE_CURVE('',#13845,(#13850,#13861),.PCURVE_S1.);
#13845 = CIRCLE('',#13846,3.6);
#13846 = AXIS2_PLACEMENT_3D('',#13847,#13848,#13849);
#13847 = CARTESIAN_POINT('',(4.,4.,2.4));
#13848 = DIRECTION('',(-0.,-0.,-1.));
#13849 = DIRECTION('',(0.,-1.,0.));
#13850 = PCURVE('',#13817,#13851);
#13851 = DEFINITIONAL_REPRESENTATION('',(#13852),#13860);
#13852 = ( BOUNDED_CURVE() B_SPLINE_CURVE(2,(#13853,#13854,#13855,#13856
    ,#13857,#13858,#13859),.UNSPECIFIED.,.T.,.F.) 
B_SPLINE_CURVE_WITH_KNOTS((1,2,2,2,2,1),(-2.094395102393,0.,
    2.094395102393,4.188790204786,6.28318530718,8.377580409573),
.UNSPECIFIED.) CURVE() GEOMETRIC_REPRESENTATION_ITEM() 
RATIONAL_B_SPLINE_CURVE((1.,0.5,1.,0.5,1.,0.5,1.)) REPRESENTATION_ITEM(
  '') );
#13853 = CARTESIAN_POINT('',(-32.4,-21.99999999933));
#13854 = CARTESIAN_POINT('',(-38.63538290724,-21.99999999933));
#13855 = CARTESIAN_POINT('',(-35.51769145362,-16.59999999933));
#13856 = CARTESIAN_POINT('',(-32.4,-11.19999999933));
#13857 = CARTESIAN_POINT('',(-29.28230854637,-16.59999999933));
#13858 = CARTESIAN_POINT('',(-26.16461709275,-21.99999999933));
#13859 = CARTESIAN_POINT('',(-32.4,-21.99999999933));
#13860 = ( GEOMETRIC_REPRESENTATION_CONTEXT(2) 
PARAMETRIC_REPRESENTATION_CONTEXT() REPRESENTATION_CONTEXT('2D SPACE',''
  ) );
#13861 = PCURVE('',#13862,#13867);
#13862 = CONICAL_SURFACE('',#13863,4.,0.785398163397);
#13863 = AXIS2_PLACEMENT_3D('',#13864,#13865,#13866);
#13864 = CARTESIAN_POINT('',(4.,4.,2.));
#13865 = DIRECTION('',(-0.,-0.,-1.));
#13866 = DIRECTION('',(0.,-1.,0.));
#13867 = DEFINITIONAL_REPRESENTATION('',(#13868),#13872);
#13868 = LINE('',#13869,#13870);
#13869 = CARTESIAN_POINT('',(0.,-0.4));
#13870 = VECTOR('',#13871,1.);
#13871 = DIRECTION('',(1.,0.));
#13872 = ( GEOMETRIC_REPRESENTATION_CONTEXT(2) 
PARAMETRIC_REPRESENTATION_CONTEXT() REPRESENTATION_CONTEXT('2D SPACE',''
  ) );
#13873 = ORIENTED_EDGE('',*,*,#13874,.F.);
#13874 = EDGE_CURVE('',#13875,#13842,#13877,.T.);
#13875 = VERTEX_POINT('',#13876);
#13876 = CARTESIAN_POINT('',(68.8,0.4,2.4));
#13877 = SURFACE_CURVE('',#13878,(#13882,#13889),.PCURVE_S1.);
#13878 = LINE('',#13879,#13880);
#13879 = CARTESIAN_POINT('',(68.8,0.4,2.4));
#13880 = VECTOR('',#13881,1.);
#13881 = DIRECTION('',(-1.,-0.,-0.));
#13882 = PCURVE('',#13817,#13883);
#13883 = DEFINITIONAL_REPRESENTATION('',(#13884),#13888);
#13884 = LINE('',#13885,#13886);
#13885 = CARTESIAN_POINT('',(32.4,-21.99999999933));
#13886 = VECTOR('',#13887,1.);
#13887 = DIRECTION('',(-1.,0.));
#13888 = ( GEOMETRIC_REPRESENTATION_CONTEXT(2) 
PARAMETRIC_REPRESENTATION_CONTEXT() REPRESENTATION_CONTEXT('2D SPACE',''
  ) );
#13889 = PCURVE('',#13890,#13895);
#13890 = PLANE('',#13891);
#13891 = AXIS2_PLACEMENT_3D('',#13892,#13893,#13894);
#13892 = CARTESIAN_POINT('',(68.8,0.2,2.2));
#13893 = DIRECTION('',(3.474993633274E-18,0.707106781187,-0.707106781187
    ));
#13894 = DIRECTION('',(1.,-2.457191562668E-18,2.457191562668E-18));
#13895 = DEFINITIONAL_REPRESENTATION('',(#13896),#13900);
#13896 = LINE('',#13897,#13898);
#13897 = CARTESIAN_POINT('',(-3.851859888774E-34,-0.282842712475));
#13898 = VECTOR('',#13899,1.);
#13899 = DIRECTION('',(-1.,0.));
#13900 = ( GEOMETRIC_REPRESENTATION_CONTEXT(2) 
PARAMETRIC_REPRESENTATION_CONTEXT() REPRESENTATION_CONTEXT('2D SPACE',''
  ) );
#13901 = ORIENTED_EDGE('',*,*,#13902,.F.);
#13902 = EDGE_CURVE('',#13903,#13875,#13905,.T.);
#13903 = VERTEX_POINT('',#13904);
#13904 = CARTESIAN_POINT('',(72.4,4.,2.4));
#13905 = SURFACE_CURVE('',#13906,(#13911,#13922),.PCURVE_S1.);
#13906 = CIRCLE('',#13907,3.6);
#13907 = AXIS2_PLACEMENT_3D('',#13908,#13909,#13910);
#13908 = CARTESIAN_POINT('',(68.8,4.,2.4));
#13909 = DIRECTION('',(0.,0.,-1.));
#13910 = DIRECTION('',(1.,0.,0.));
#13911 = PCURVE('',#13817,#13912);
#13912 = DEFINITIONAL_REPRESENTATION('',(#13913),#13921);
#13913 = ( BOUNDED_CURVE() B_SPLINE_CURVE(2,(#13914,#13915,#13916,#13917
    ,#13918,#13919,#13920),.UNSPECIFIED.,.T.,.F.) 
B_SPLINE_CURVE_WITH_KNOTS((1,2,2,2,2,1),(-2.094395102393,0.,
    2.094395102393,4.188790204786,6.28318530718,8.377580409573),
.UNSPECIFIED.) CURVE() GEOMETRIC_REPRESENTATION_ITEM() 
RATIONAL_B_SPLINE_CURVE((1.,0.5,1.,0.5,1.,0.5,1.)) REPRESENTATION_ITEM(
  '') );
#13914 = CARTESIAN_POINT('',(36.,-18.39999999933));
#13915 = CARTESIAN_POINT('',(36.,-24.63538290658));
#13916 = CARTESIAN_POINT('',(30.6,-21.51769145295));
#13917 = CARTESIAN_POINT('',(25.2,-18.39999999933));
#13918 = CARTESIAN_POINT('',(30.6,-15.2823085457));
#13919 = CARTESIAN_POINT('',(36.,-12.16461709208));
#13920 = CARTESIAN_POINT('',(36.,-18.39999999933));
#13921 = ( GEOMETRIC_REPRESENTATION_CONTEXT(2) 
PARAMETRIC_REPRESENTATION_CONTEXT() REPRESENTATION_CONTEXT('2D SPACE',''
  ) );
#13922 = PCURVE('',#13923,#13928);
#13923 = CONICAL_SURFACE('',#13924,4.,0.785398163397);
#13924 = AXIS2_PLACEMENT_3D('',#13925,#13926,#13927);
#13925 = CARTESIAN_POINT('',(68.8,4.,2.));
#13926 = DIRECTION('',(-0.,-0.,-1.));
#13927 = DIRECTION('',(1.,0.,0.));
#13928 = DEFINITIONAL_REPRESENTATION('',(#13929),#13933);
#13929 = LINE('',#13930,#13931);
#13930 = CARTESIAN_POINT('',(0.,-0.4));
#13931 = VECTOR('',#13932,1.);
#13932 = DIRECTION('',(1.,0.));
#13933 = ( GEOMETRIC_REPRESENTATION_CONTEXT(2) 
PARAMETRIC_REPRESENTATION_CONTEXT() REPRESENTATION_CONTEXT('2D SPACE',''
  ) );
#13934 = ORIENTED_EDGE('',*,*,#13935,.F.);
#13935 = EDGE_CURVE('',#13936,#13903,#13938,.T.);
#13936 = VERTEX_POINT('',#13937);
#13937 = CARTESIAN_POINT('',(72.4,40.799999996905,2.4));
#13938 = SURFACE_CURVE('',#13939,(#13943,#13950),.PCURVE_S1.);
#13939 = LINE('',#13940,#13941);
#13940 = CARTESIAN_POINT('',(72.4,40.799999996905,2.4));
#13941 = VECTOR('',#13942,1.);
#13942 = DIRECTION('',(-0.,-1.,-0.));
#13943 = PCURVE('',#13817,#13944);
#13944 = DEFINITIONAL_REPRESENTATION('',(#13945),#13949);
#13945 = LINE('',#13946,#13947);
#13946 = CARTESIAN_POINT('',(36.,18.399999997573));
#13947 = VECTOR('',#13948,1.);
#13948 = DIRECTION('',(0.,-1.));
#13949 = ( GEOMETRIC_REPRESENTATION_CONTEXT(2) 
PARAMETRIC_REPRESENTATION_CONTEXT() REPRESENTATION_CONTEXT('2D SPACE',''
  ) );
#13950 = PCURVE('',#13951,#13956);
#13951 = PLANE('',#13952);
#13952 = AXIS2_PLACEMENT_3D('',#13953,#13954,#13955);
#13953 = CARTESIAN_POINT('',(72.6,40.799999996905,2.2));
#13954 = DIRECTION('',(-0.707106781187,0.,-0.707106781187));
#13955 = DIRECTION('',(0.,1.,0.));
#13956 = DEFINITIONAL_REPRESENTATION('',(#13957),#13961);
#13957 = LINE('',#13958,#13959);
#13958 = CARTESIAN_POINT('',(0.,-0.282842712475));
#13959 = VECTOR('',#13960,1.);
#13960 = DIRECTION('',(-1.,0.));
#13961 = ( GEOMETRIC_REPRESENTATION_CONTEXT(2) 
PARAMETRIC_REPRESENTATION_CONTEXT() REPRESENTATION_CONTEXT('2D SPACE',''
  ) );
#13962 = ORIENTED_EDGE('',*,*,#13963,.F.);
#13963 = EDGE_CURVE('',#13964,#13936,#13966,.T.);
#13964 = VERTEX_POINT('',#13965);
#13965 = CARTESIAN_POINT('',(68.8,44.4,2.4));
#13966 = SURFACE_CURVE('',#13967,(#13972,#13983),.PCURVE_S1.);
#13967 = CIRCLE('',#13968,3.6);
#13968 = AXIS2_PLACEMENT_3D('',#13969,#13970,#13971);
#13969 = CARTESIAN_POINT('',(68.8,40.799999996905,2.4));
#13970 = DIRECTION('',(0.,0.,-1.));
#13971 = DIRECTION('',(0.,1.,0.));
#13972 = PCURVE('',#13817,#13973);
#13973 = DEFINITIONAL_REPRESENTATION('',(#13974),#13982);
#13974 = ( BOUNDED_CURVE() B_SPLINE_CURVE(2,(#13975,#13976,#13977,#13978
    ,#13979,#13980,#13981),.UNSPECIFIED.,.T.,.F.) 
B_SPLINE_CURVE_WITH_KNOTS((1,2,2,2,2,1),(-2.094395102393,0.,
    2.094395102393,4.188790204786,6.28318530718,8.377580409573),
.UNSPECIFIED.) CURVE() GEOMETRIC_REPRESENTATION_ITEM() 
RATIONAL_B_SPLINE_CURVE((1.,0.5,1.,0.5,1.,0.5,1.)) REPRESENTATION_ITEM(
  '') );
#13975 = CARTESIAN_POINT('',(32.4,21.999999997573));
#13976 = CARTESIAN_POINT('',(38.635382907248,21.999999997573));
#13977 = CARTESIAN_POINT('',(35.517691453624,16.599999997573));
#13978 = CARTESIAN_POINT('',(32.4,11.199999997573));
#13979 = CARTESIAN_POINT('',(29.282308546376,16.599999997573));
#13980 = CARTESIAN_POINT('',(26.164617092752,21.999999997573));
#13981 = CARTESIAN_POINT('',(32.4,21.999999997573));
#13982 = ( GEOMETRIC_REPRESENTATION_CONTEXT(2) 
PARAMETRIC_REPRESENTATION_CONTEXT() REPRESENTATION_CONTEXT('2D SPACE',''
  ) );
#13983 = PCURVE('',#13984,#13989);
#13984 = CONICAL_SURFACE('',#13985,4.,0.785398163397);
#13985 = AXIS2_PLACEMENT_3D('',#13986,#13987,#13988);
#13986 = CARTESIAN_POINT('',(68.8,40.799999996905,2.));
#13987 = DIRECTION('',(-0.,-0.,-1.));
#13988 = DIRECTION('',(0.,1.,-0.));
#13989 = DEFINITIONAL_REPRESENTATION('',(#13990),#13994);
#13990 = LINE('',#13991,#13992);
#13991 = CARTESIAN_POINT('',(0.,-0.4));
#13992 = VECTOR('',#13993,1.);
#13993 = DIRECTION('',(1.,0.));
#13994 = ( GEOMETRIC_REPRESENTATION_CONTEXT(2) 
PARAMETRIC_REPRESENTATION_CONTEXT() REPRESENTATION_CONTEXT('2D SPACE',''
  ) );
#13995 = ORIENTED_EDGE('',*,*,#13996,.F.);
#13996 = EDGE_CURVE('',#13997,#13964,#13999,.T.);
#13997 = VERTEX_POINT('',#13998);
#13998 = CARTESIAN_POINT('',(4.,44.399999996905,2.4));
#13999 = SURFACE_CURVE('',#14000,(#14004,#14011),.PCURVE_S1.);
#14000 = LINE('',#14001,#14002);
#14001 = CARTESIAN_POINT('',(4.,44.4,2.4));
#14002 = VECTOR('',#14003,1.);
#14003 = DIRECTION('',(1.,0.,0.));
#14004 = PCURVE('',#13817,#14005);
#14005 = DEFINITIONAL_REPRESENTATION('',(#14006),#14010);
#14006 = LINE('',#14007,#14008);
#14007 = CARTESIAN_POINT('',(-32.4,22.000000000668));
#14008 = VECTOR('',#14009,1.);
#14009 = DIRECTION('',(1.,0.));
#14010 = ( GEOMETRIC_REPRESENTATION_CONTEXT(2) 
PARAMETRIC_REPRESENTATION_CONTEXT() REPRESENTATION_CONTEXT('2D SPACE',''
  ) );
#14011 = PCURVE('',#14012,#14017);
#14012 = PLANE('',#14013);
#14013 = AXIS2_PLACEMENT_3D('',#14014,#14015,#14016);
#14014 = CARTESIAN_POINT('',(4.,44.6,2.2));
#14015 = DIRECTION('',(0.,0.707106781187,0.707106781187));
#14016 = DIRECTION('',(1.,0.,-0.));
#14017 = DEFINITIONAL_REPRESENTATION('',(#14018),#14022);
#14018 = LINE('',#14019,#14020);
#14019 = CARTESIAN_POINT('',(0.,-0.282842712475));
#14020 = VECTOR('',#14021,1.);
#14021 = DIRECTION('',(1.,0.));
#14022 = ( GEOMETRIC_REPRESENTATION_CONTEXT(2) 
PARAMETRIC_REPRESENTATION_CONTEXT() REPRESENTATION_CONTEXT('2D SPACE',''
  ) );
#14023 = ORIENTED_EDGE('',*,*,#14024,.F.);
#14024 = EDGE_CURVE('',#13809,#13997,#14025,.T.);
#14025 = SURFACE_CURVE('',#14026,(#14031,#14042),.PCURVE_S1.);
#14026 = CIRCLE('',#14027,3.6);
#14027 = AXIS2_PLACEMENT_3D('',#14028,#14029,#14030);
#14028 = CARTESIAN_POINT('',(4.,40.799999996905,2.4));
#14029 = DIRECTION('',(0.,0.,-1.));
#14030 = DIRECTION('',(-1.,0.,0.));
#14031 = PCURVE('',#13817,#14032);
#14032 = DEFINITIONAL_REPRESENTATION('',(#14033),#14041);
#14033 = ( BOUNDED_CURVE() B_SPLINE_CURVE(2,(#14034,#14035,#14036,#14037
    ,#14038,#14039,#14040),.UNSPECIFIED.,.T.,.F.) 
B_SPLINE_CURVE_WITH_KNOTS((1,2,2,2,2,1),(-2.094395102393,0.,
    2.094395102393,4.188790204786,6.28318530718,8.377580409573),
.UNSPECIFIED.) CURVE() GEOMETRIC_REPRESENTATION_ITEM() 
RATIONAL_B_SPLINE_CURVE((1.,0.5,1.,0.5,1.,0.5,1.)) REPRESENTATION_ITEM(
  '') );
#14034 = CARTESIAN_POINT('',(-36.,18.399999997573));
#14035 = CARTESIAN_POINT('',(-36.,24.635382904821));
#14036 = CARTESIAN_POINT('',(-30.6,21.517691451197));
#14037 = CARTESIAN_POINT('',(-25.2,18.399999997573));
#14038 = CARTESIAN_POINT('',(-30.6,15.282308543949));
#14039 = CARTESIAN_POINT('',(-36.,12.164617090325));
#14040 = CARTESIAN_POINT('',(-36.,18.399999997573));
#14041 = ( GEOMETRIC_REPRESENTATION_CONTEXT(2) 
PARAMETRIC_REPRESENTATION_CONTEXT() REPRESENTATION_CONTEXT('2D SPACE',''
  ) );
#14042 = PCURVE('',#14043,#14048);
#14043 = CONICAL_SURFACE('',#14044,4.,0.785398163397);
#14044 = AXIS2_PLACEMENT_3D('',#14045,#14046,#14047);
#14045 = CARTESIAN_POINT('',(4.,40.799999996905,2.));
#14046 = DIRECTION('',(-0.,-0.,-1.));
#14047 = DIRECTION('',(-1.,0.,0.));
#14048 = DEFINITIONAL_REPRESENTATION('',(#14049),#14053);
#14049 = LINE('',#14050,#14051);
#14050 = CARTESIAN_POINT('',(0.,-0.4));
#14051 = VECTOR('',#14052,1.);
#14052 = DIRECTION('',(1.,0.));
#14053 = ( GEOMETRIC_REPRESENTATION_CONTEXT(2) 
PARAMETRIC_REPRESENTATION_CONTEXT() REPRESENTATION_CONTEXT('2D SPACE',''
  ) );
#14054 = FACE_BOUND('',#14055,.T.);
#14055 = EDGE_LOOP('',(#14056,#14091,#14119,#14152));
#14056 = ORIENTED_EDGE('',*,*,#14057,.T.);
#14057 = EDGE_CURVE('',#14058,#14060,#14062,.T.);
#14058 = VERTEX_POINT('',#14059);
#14059 = CARTESIAN_POINT('',(42.63378267244,26.694305431477,2.4));
#14060 = VERTEX_POINT('',#14061);
#14061 = CARTESIAN_POINT('',(42.24621732756,20.105694568523,2.4));
#14062 = SURFACE_CURVE('',#14063,(#14068,#14079),.PCURVE_S1.);
#14063 = CIRCLE('',#14064,3.3);
#14064 = AXIS2_PLACEMENT_3D('',#14065,#14066,#14067);
#14065 = CARTESIAN_POINT('',(42.44,23.4,2.4));
#14066 = DIRECTION('',(0.,0.,-1.));
#14067 = DIRECTION('',(5.872202195147E-02,0.998274373175,0.));
#14068 = PCURVE('',#13817,#14069);
#14069 = DEFINITIONAL_REPRESENTATION('',(#14070),#14078);
#14070 = ( BOUNDED_CURVE() B_SPLINE_CURVE(2,(#14071,#14072,#14073,#14074
    ,#14075,#14076,#14077),.UNSPECIFIED.,.T.,.F.) 
B_SPLINE_CURVE_WITH_KNOTS((1,2,2,2,2,1),(-2.094395102393,0.,
    2.094395102393,4.188790204786,6.28318530718,8.377580409573),
.UNSPECIFIED.) CURVE() GEOMETRIC_REPRESENTATION_ITEM() 
RATIONAL_B_SPLINE_CURVE((1.,0.5,1.,0.5,1.,0.5,1.)) REPRESENTATION_ITEM(
  '') );
#14071 = CARTESIAN_POINT('',(6.23378267244,4.294305432145));
#14072 = CARTESIAN_POINT('',(11.939687055409,3.958663997853));
#14073 = CARTESIAN_POINT('',(8.796060855265,-0.814973432217));
#14074 = CARTESIAN_POINT('',(5.65243465512,-5.588610862287));
#14075 = CARTESIAN_POINT('',(3.090156472296,-0.479331997925));
#14076 = CARTESIAN_POINT('',(0.527878289471,4.629946866438));
#14077 = CARTESIAN_POINT('',(6.23378267244,4.294305432145));
#14078 = ( GEOMETRIC_REPRESENTATION_CONTEXT(2) 
PARAMETRIC_REPRESENTATION_CONTEXT() REPRESENTATION_CONTEXT('2D SPACE',''
  ) );
#14079 = PCURVE('',#14080,#14085);
#14080 = CONICAL_SURFACE('',#14081,2.5,0.785398163397);
#14081 = AXIS2_PLACEMENT_3D('',#14082,#14083,#14084);
#14082 = CARTESIAN_POINT('',(42.44,23.4,1.6));
#14083 = DIRECTION('',(0.,0.,1.));
#14084 = DIRECTION('',(5.872202195147E-02,0.998274373175,-0.));
#14085 = DEFINITIONAL_REPRESENTATION('',(#14086),#14090);
#14086 = LINE('',#14087,#14088);
#14087 = CARTESIAN_POINT('',(6.28318530718,0.8));
#14088 = VECTOR('',#14089,1.);
#14089 = DIRECTION('',(-1.,0.));
#14090 = ( GEOMETRIC_REPRESENTATION_CONTEXT(2) 
PARAMETRIC_REPRESENTATION_CONTEXT() REPRESENTATION_CONTEXT('2D SPACE',''
  ) );
#14091 = ORIENTED_EDGE('',*,*,#14092,.T.);
#14092 = EDGE_CURVE('',#14060,#14093,#14095,.T.);
#14093 = VERTEX_POINT('',#14094);
#14094 = CARTESIAN_POINT('',(39.35621732756,20.275694568523,2.4));
#14095 = SURFACE_CURVE('',#14096,(#14100,#14107),.PCURVE_S1.);
#14096 = LINE('',#14097,#14098);
#14097 = CARTESIAN_POINT('',(42.24621732756,20.105694568523,2.4));
#14098 = VECTOR('',#14099,1.);
#14099 = DIRECTION('',(-0.998274373175,5.872202195147E-02,-0.));
#14100 = PCURVE('',#13817,#14101);
#14101 = DEFINITIONAL_REPRESENTATION('',(#14102),#14106);
#14102 = LINE('',#14103,#14104);
#14103 = CARTESIAN_POINT('',(5.84621732756,-2.294305430809));
#14104 = VECTOR('',#14105,1.);
#14105 = DIRECTION('',(-0.998274373175,5.872202195147E-02));
#14106 = ( GEOMETRIC_REPRESENTATION_CONTEXT(2) 
PARAMETRIC_REPRESENTATION_CONTEXT() REPRESENTATION_CONTEXT('2D SPACE',''
  ) );
#14107 = PCURVE('',#14108,#14113);
#14108 = PLANE('',#14109);
#14109 = AXIS2_PLACEMENT_3D('',#14110,#14111,#14112);
#14110 = CARTESIAN_POINT('',(42.269706136341,20.505004317793,2.));
#14111 = DIRECTION('',(-4.152273992685E-02,-0.705886578757,
    -0.707106781187));
#14112 = DIRECTION('',(0.998274373175,-5.872202195146E-02,
    8.434225540199E-15));
#14113 = DEFINITIONAL_REPRESENTATION('',(#14114),#14118);
#14114 = LINE('',#14115,#14116);
#14115 = CARTESIAN_POINT('',(-4.114229790186E-13,0.565685424949));
#14116 = VECTOR('',#14117,1.);
#14117 = DIRECTION('',(-1.,6.938893903906E-18));
#14118 = ( GEOMETRIC_REPRESENTATION_CONTEXT(2) 
PARAMETRIC_REPRESENTATION_CONTEXT() REPRESENTATION_CONTEXT('2D SPACE',''
  ) );
#14119 = ORIENTED_EDGE('',*,*,#14120,.T.);
#14120 = EDGE_CURVE('',#14093,#14121,#14123,.T.);
#14121 = VERTEX_POINT('',#14122);
#14122 = CARTESIAN_POINT('',(39.74378267244,26.864305431477,2.4));
#14123 = SURFACE_CURVE('',#14124,(#14129,#14140),.PCURVE_S1.);
#14124 = CIRCLE('',#14125,3.3);
#14125 = AXIS2_PLACEMENT_3D('',#14126,#14127,#14128);
#14126 = CARTESIAN_POINT('',(39.55,23.57,2.4));
#14127 = DIRECTION('',(-0.,0.,-1.));
#14128 = DIRECTION('',(-5.872202195147E-02,-0.998274373175,0.));
#14129 = PCURVE('',#13817,#14130);
#14130 = DEFINITIONAL_REPRESENTATION('',(#14131),#14139);
#14131 = ( BOUNDED_CURVE() B_SPLINE_CURVE(2,(#14132,#14133,#14134,#14135
    ,#14136,#14137,#14138),.UNSPECIFIED.,.T.,.F.) 
B_SPLINE_CURVE_WITH_KNOTS((1,2,2,2,2,1),(-2.094395102393,0.,
    2.094395102393,4.188790204786,6.28318530718,8.377580409573),
.UNSPECIFIED.) CURVE() GEOMETRIC_REPRESENTATION_ITEM() 
RATIONAL_B_SPLINE_CURVE((1.,0.5,1.,0.5,1.,0.5,1.)) REPRESENTATION_ITEM(
  '') );
#14132 = CARTESIAN_POINT('',(2.95621732756,-2.124305430809));
#14133 = CARTESIAN_POINT('',(-2.749687055409,-1.788663996517));
#14134 = CARTESIAN_POINT('',(0.393939144735,2.984973433553));
#14135 = CARTESIAN_POINT('',(3.53756534488,7.758610863623));
#14136 = CARTESIAN_POINT('',(6.099843527704,2.649331999261));
#14137 = CARTESIAN_POINT('',(8.662121710529,-2.459946865102));
#14138 = CARTESIAN_POINT('',(2.95621732756,-2.124305430809));
#14139 = ( GEOMETRIC_REPRESENTATION_CONTEXT(2) 
PARAMETRIC_REPRESENTATION_CONTEXT() REPRESENTATION_CONTEXT('2D SPACE',''
  ) );
#14140 = PCURVE('',#14141,#14146);
#14141 = CONICAL_SURFACE('',#14142,2.5,0.785398163397);
#14142 = AXIS2_PLACEMENT_3D('',#14143,#14144,#14145);
#14143 = CARTESIAN_POINT('',(39.55,23.57,1.6));
#14144 = DIRECTION('',(0.,0.,1.));
#14145 = DIRECTION('',(-5.872202195147E-02,-0.998274373175,0.));
#14146 = DEFINITIONAL_REPRESENTATION('',(#14147),#14151);
#14147 = LINE('',#14148,#14149);
#14148 = CARTESIAN_POINT('',(6.28318530718,0.8));
#14149 = VECTOR('',#14150,1.);
#14150 = DIRECTION('',(-1.,0.));
#14151 = ( GEOMETRIC_REPRESENTATION_CONTEXT(2) 
PARAMETRIC_REPRESENTATION_CONTEXT() REPRESENTATION_CONTEXT('2D SPACE',''
  ) );
#14152 = ORIENTED_EDGE('',*,*,#14153,.T.);
#14153 = EDGE_CURVE('',#14121,#14058,#14154,.T.);
#14154 = SURFACE_CURVE('',#14155,(#14159,#14166),.PCURVE_S1.);
#14155 = LINE('',#14156,#14157);
#14156 = CARTESIAN_POINT('',(39.74378267244,26.864305431477,2.4));
#14157 = VECTOR('',#14158,1.);
#14158 = DIRECTION('',(0.998274373175,-5.872202195147E-02,-0.));
#14159 = PCURVE('',#13817,#14160);
#14160 = DEFINITIONAL_REPRESENTATION('',(#14161),#14165);
#14161 = LINE('',#14162,#14163);
#14162 = CARTESIAN_POINT('',(3.34378267244,4.464305432145));
#14163 = VECTOR('',#14164,1.);
#14164 = DIRECTION('',(0.998274373175,-5.872202195147E-02));
#14165 = ( GEOMETRIC_REPRESENTATION_CONTEXT(2) 
PARAMETRIC_REPRESENTATION_CONTEXT() REPRESENTATION_CONTEXT('2D SPACE',''
  ) );
#14166 = PCURVE('',#14167,#14172);
#14167 = PLANE('',#14168);
#14168 = AXIS2_PLACEMENT_3D('',#14169,#14170,#14171);
#14169 = CARTESIAN_POINT('',(39.720293863659,26.464995682207,2.));
#14170 = DIRECTION('',(4.152273992685E-02,0.705886578757,-0.707106781187
    ));
#14171 = DIRECTION('',(-0.998274373175,5.872202195146E-02,
    8.434225540199E-15));
#14172 = DEFINITIONAL_REPRESENTATION('',(#14173),#14177);
#14173 = LINE('',#14174,#14175);
#14174 = CARTESIAN_POINT('',(-4.043279600019E-13,0.565685424949));
#14175 = VECTOR('',#14176,1.);
#14176 = DIRECTION('',(-1.,6.938893903906E-18));
#14177 = ( GEOMETRIC_REPRESENTATION_CONTEXT(2) 
PARAMETRIC_REPRESENTATION_CONTEXT() REPRESENTATION_CONTEXT('2D SPACE',''
  ) );
#14178 = FACE_BOUND('',#14179,.T.);
#14179 = EDGE_LOOP('',(#14180));
#14180 = ORIENTED_EDGE('',*,*,#14181,.F.);
#14181 = EDGE_CURVE('',#14182,#14182,#14184,.T.);
#14182 = VERTEX_POINT('',#14183);
#14183 = CARTESIAN_POINT('',(33.13,22.42,2.4));
#14184 = SURFACE_CURVE('',#14185,(#14190,#14197),.PCURVE_S1.);
#14185 = CIRCLE('',#14186,6.4);
#14186 = AXIS2_PLACEMENT_3D('',#14187,#14188,#14189);
#14187 = CARTESIAN_POINT('',(26.73,22.42,2.4));
#14188 = DIRECTION('',(0.,0.,1.));
#14189 = DIRECTION('',(1.,0.,-0.));
#14190 = PCURVE('',#13817,#14191);
#14191 = DEFINITIONAL_REPRESENTATION('',(#14192),#14196);
#14192 = CIRCLE('',#14193,6.4);
#14193 = AXIS2_PLACEMENT_2D('',#14194,#14195);
#14194 = CARTESIAN_POINT('',(-9.67,2.0000000668E-02));
#14195 = DIRECTION('',(1.,0.));
#14196 = ( GEOMETRIC_REPRESENTATION_CONTEXT(2) 
PARAMETRIC_REPRESENTATION_CONTEXT() REPRESENTATION_CONTEXT('2D SPACE',''
  ) );
#14197 = PCURVE('',#14198,#14203);
#14198 = CONICAL_SURFACE('',#14199,6.,0.785398163397);
#14199 = AXIS2_PLACEMENT_3D('',#14200,#14201,#14202);
#14200 = CARTESIAN_POINT('',(26.73,22.42,2.));
#14201 = DIRECTION('',(0.,0.,1.));
#14202 = DIRECTION('',(1.,0.,-0.));
#14203 = DEFINITIONAL_REPRESENTATION('',(#14204),#14208);
#14204 = LINE('',#14205,#14206);
#14205 = CARTESIAN_POINT('',(0.,0.4));
#14206 = VECTOR('',#14207,1.);
#14207 = DIRECTION('',(1.,0.));
#14208 = ( GEOMETRIC_REPRESENTATION_CONTEXT(2) 
PARAMETRIC_REPRESENTATION_CONTEXT() REPRESENTATION_CONTEXT('2D SPACE',''
  ) );
#14209 = FACE_BOUND('',#14210,.T.);
#14210 = EDGE_LOOP('',(#14211,#14241,#14269));
#14211 = ORIENTED_EDGE('',*,*,#14212,.F.);
#14212 = EDGE_CURVE('',#14213,#14215,#14217,.T.);
#14213 = VERTEX_POINT('',#14214);
#14214 = CARTESIAN_POINT('',(5.,22.4,2.4));
#14215 = VERTEX_POINT('',#14216);
#14216 = CARTESIAN_POINT('',(10.,19.9,2.4));
#14217 = SURFACE_CURVE('',#14218,(#14222,#14229),.PCURVE_S1.);
#14218 = LINE('',#14219,#14220);
#14219 = CARTESIAN_POINT('',(5.,22.4,2.4));
#14220 = VECTOR('',#14221,1.);
#14221 = DIRECTION('',(0.894427191,-0.4472135955,0.));
#14222 = PCURVE('',#13817,#14223);
#14223 = DEFINITIONAL_REPRESENTATION('',(#14224),#14228);
#14224 = LINE('',#14225,#14226);
#14225 = CARTESIAN_POINT('',(-31.4,6.679989894565E-10));
#14226 = VECTOR('',#14227,1.);
#14227 = DIRECTION('',(0.894427191,-0.4472135955));
#14228 = ( GEOMETRIC_REPRESENTATION_CONTEXT(2) 
PARAMETRIC_REPRESENTATION_CONTEXT() REPRESENTATION_CONTEXT('2D SPACE',''
  ) );
#14229 = PCURVE('',#14230,#14235);
#14230 = PLANE('',#14231);
#14231 = AXIS2_PLACEMENT_3D('',#14232,#14233,#14234);
#14232 = CARTESIAN_POINT('',(5.,22.4,2.4));
#14233 = DIRECTION('',(-0.4472135955,-0.894427191,0.));
#14234 = DIRECTION('',(0.894427191,-0.4472135955,0.));
#14235 = DEFINITIONAL_REPRESENTATION('',(#14236),#14240);
#14236 = LINE('',#14237,#14238);
#14237 = CARTESIAN_POINT('',(0.,0.));
#14238 = VECTOR('',#14239,1.);
#14239 = DIRECTION('',(1.,0.));
#14240 = ( GEOMETRIC_REPRESENTATION_CONTEXT(2) 
PARAMETRIC_REPRESENTATION_CONTEXT() REPRESENTATION_CONTEXT('2D SPACE',''
  ) );
#14241 = ORIENTED_EDGE('',*,*,#14242,.F.);
#14242 = EDGE_CURVE('',#14243,#14213,#14245,.T.);
#14243 = VERTEX_POINT('',#14244);
#14244 = CARTESIAN_POINT('',(10.,24.9,2.4));
#14245 = SURFACE_CURVE('',#14246,(#14250,#14257),.PCURVE_S1.);
#14246 = LINE('',#14247,#14248);
#14247 = CARTESIAN_POINT('',(10.,24.9,2.4));
#14248 = VECTOR('',#14249,1.);
#14249 = DIRECTION('',(-0.894427191,-0.4472135955,0.));
#14250 = PCURVE('',#13817,#14251);
#14251 = DEFINITIONAL_REPRESENTATION('',(#14252),#14256);
#14252 = LINE('',#14253,#14254);
#14253 = CARTESIAN_POINT('',(-26.4,2.500000000668));
#14254 = VECTOR('',#14255,1.);
#14255 = DIRECTION('',(-0.894427191,-0.4472135955));
#14256 = ( GEOMETRIC_REPRESENTATION_CONTEXT(2) 
PARAMETRIC_REPRESENTATION_CONTEXT() REPRESENTATION_CONTEXT('2D SPACE',''
  ) );
#14257 = PCURVE('',#14258,#14263);
#14258 = PLANE('',#14259);
#14259 = AXIS2_PLACEMENT_3D('',#14260,#14261,#14262);
#14260 = CARTESIAN_POINT('',(10.,24.9,2.4));
#14261 = DIRECTION('',(-0.4472135955,0.894427191,0.));
#14262 = DIRECTION('',(-0.894427191,-0.4472135955,0.));
#14263 = DEFINITIONAL_REPRESENTATION('',(#14264),#14268);
#14264 = LINE('',#14265,#14266);
#14265 = CARTESIAN_POINT('',(0.,0.));
#14266 = VECTOR('',#14267,1.);
#14267 = DIRECTION('',(1.,0.));
#14268 = ( GEOMETRIC_REPRESENTATION_CONTEXT(2) 
PARAMETRIC_REPRESENTATION_CONTEXT() REPRESENTATION_CONTEXT('2D SPACE',''
  ) );
#14269 = ORIENTED_EDGE('',*,*,#14270,.F.);
#14270 = EDGE_CURVE('',#14215,#14243,#14271,.T.);
#14271 = SURFACE_CURVE('',#14272,(#14276,#14283),.PCURVE_S1.);
#14272 = LINE('',#14273,#14274);
#14273 = CARTESIAN_POINT('',(10.,19.9,2.4));
#14274 = VECTOR('',#14275,1.);
#14275 = DIRECTION('',(0.,1.,0.));
#14276 = PCURVE('',#13817,#14277);
#14277 = DEFINITIONAL_REPRESENTATION('',(#14278),#14282);
#14278 = LINE('',#14279,#14280);
#14279 = CARTESIAN_POINT('',(-26.4,-2.499999999332));
#14280 = VECTOR('',#14281,1.);
#14281 = DIRECTION('',(0.,1.));
#14282 = ( GEOMETRIC_REPRESENTATION_CONTEXT(2) 
PARAMETRIC_REPRESENTATION_CONTEXT() REPRESENTATION_CONTEXT('2D SPACE',''
  ) );
#14283 = PCURVE('',#14284,#14289);
#14284 = PLANE('',#14285);
#14285 = AXIS2_PLACEMENT_3D('',#14286,#14287,#14288);
#14286 = CARTESIAN_POINT('',(10.,19.9,2.4));
#14287 = DIRECTION('',(1.,0.,0.));
#14288 = DIRECTION('',(-0.,1.,0.));
#14289 = DEFINITIONAL_REPRESENTATION('',(#14290),#14294);
#14290 = LINE('',#14291,#14292);
#14291 = CARTESIAN_POINT('',(0.,0.));
#14292 = VECTOR('',#14293,1.);
#14293 = DIRECTION('',(1.,0.));
#14294 = ( GEOMETRIC_REPRESENTATION_CONTEXT(2) 
PARAMETRIC_REPRESENTATION_CONTEXT() REPRESENTATION_CONTEXT('2D SPACE',''
  ) );
#14295 = ADVANCED_FACE('',(#14296),#13829,.T.);
#14296 = FACE_BOUND('',#14297,.T.);
#14297 = EDGE_LOOP('',(#14298,#14320,#14321,#14343));
#14298 = ORIENTED_EDGE('',*,*,#14299,.F.);
#14299 = EDGE_CURVE('',#13807,#14300,#14302,.T.);
#14300 = VERTEX_POINT('',#14301);
#14301 = CARTESIAN_POINT('',(-1.110223024625E-16,4.,2.));
#14302 = SURFACE_CURVE('',#14303,(#14307,#14314),.PCURVE_S1.);
#14303 = LINE('',#14304,#14305);
#14304 = CARTESIAN_POINT('',(0.2,4.,2.2));
#14305 = VECTOR('',#14306,1.);
#14306 = DIRECTION('',(-0.707106781187,0.,-0.707106781187));
#14307 = PCURVE('',#13829,#14308);
#14308 = DEFINITIONAL_REPRESENTATION('',(#14309),#14313);
#14309 = LINE('',#14310,#14311);
#14310 = CARTESIAN_POINT('',(0.,0.));
#14311 = VECTOR('',#14312,1.);
#14312 = DIRECTION('',(0.,1.));
#14313 = ( GEOMETRIC_REPRESENTATION_CONTEXT(2) 
PARAMETRIC_REPRESENTATION_CONTEXT() REPRESENTATION_CONTEXT('2D SPACE',''
  ) );
#14314 = PCURVE('',#13862,#14315);
#14315 = DEFINITIONAL_REPRESENTATION('',(#14316),#14319);
#14316 = B_SPLINE_CURVE_WITH_KNOTS('',1,(#14317,#14318),.UNSPECIFIED.,
  .F.,.F.,(2,2),(-0.282842712475,0.282842712475),
  .PIECEWISE_BEZIER_KNOTS.);
#14317 = CARTESIAN_POINT('',(1.570796326795,-0.4));
#14318 = CARTESIAN_POINT('',(1.570796326795,-7.850462293419E-17));
#14319 = ( GEOMETRIC_REPRESENTATION_CONTEXT(2) 
PARAMETRIC_REPRESENTATION_CONTEXT() REPRESENTATION_CONTEXT('2D SPACE',''
  ) );
#14320 = ORIENTED_EDGE('',*,*,#13806,.T.);
#14321 = ORIENTED_EDGE('',*,*,#14322,.T.);
#14322 = EDGE_CURVE('',#13809,#14323,#14325,.T.);
#14323 = VERTEX_POINT('',#14324);
#14324 = CARTESIAN_POINT('',(-1.942890293094E-16,40.799999996905,2.));
#14325 = SURFACE_CURVE('',#14326,(#14330,#14337),.PCURVE_S1.);
#14326 = LINE('',#14327,#14328);
#14327 = CARTESIAN_POINT('',(0.2,40.799999996905,2.2));
#14328 = VECTOR('',#14329,1.);
#14329 = DIRECTION('',(-0.707106781187,0.,-0.707106781187));
#14330 = PCURVE('',#13829,#14331);
#14331 = DEFINITIONAL_REPRESENTATION('',(#14332),#14336);
#14332 = LINE('',#14333,#14334);
#14333 = CARTESIAN_POINT('',(36.799999996905,5.887846720064E-17));
#14334 = VECTOR('',#14335,1.);
#14335 = DIRECTION('',(0.,1.));
#14336 = ( GEOMETRIC_REPRESENTATION_CONTEXT(2) 
PARAMETRIC_REPRESENTATION_CONTEXT() REPRESENTATION_CONTEXT('2D SPACE',''
  ) );
#14337 = PCURVE('',#14043,#14338);
#14338 = DEFINITIONAL_REPRESENTATION('',(#14339),#14342);
#14339 = B_SPLINE_CURVE_WITH_KNOTS('',1,(#14340,#14341),.UNSPECIFIED.,
  .F.,.F.,(2,2),(-0.282842712475,0.282842712475),
  .PIECEWISE_BEZIER_KNOTS.);
#14340 = CARTESIAN_POINT('',(0.,-0.4));
#14341 = CARTESIAN_POINT('',(0.,-7.850462293419E-17));
#14342 = ( GEOMETRIC_REPRESENTATION_CONTEXT(2) 
PARAMETRIC_REPRESENTATION_CONTEXT() REPRESENTATION_CONTEXT('2D SPACE',''
  ) );
#14343 = ORIENTED_EDGE('',*,*,#14344,.F.);
#14344 = EDGE_CURVE('',#14300,#14323,#14345,.T.);
#14345 = SURFACE_CURVE('',#14346,(#14350,#14357),.PCURVE_S1.);
#14346 = LINE('',#14347,#14348);
#14347 = CARTESIAN_POINT('',(0.,4.,2.));
#14348 = VECTOR('',#14349,1.);
#14349 = DIRECTION('',(0.,1.,0.));
#14350 = PCURVE('',#13829,#14351);
#14351 = DEFINITIONAL_REPRESENTATION('',(#14352),#14356);
#14352 = LINE('',#14353,#14354);
#14353 = CARTESIAN_POINT('',(-1.925929944387E-34,0.282842712475));
#14354 = VECTOR('',#14355,1.);
#14355 = DIRECTION('',(1.,0.));
#14356 = ( GEOMETRIC_REPRESENTATION_CONTEXT(2) 
PARAMETRIC_REPRESENTATION_CONTEXT() REPRESENTATION_CONTEXT('2D SPACE',''
  ) );
#14357 = PCURVE('',#14358,#14363);
#14358 = PLANE('',#14359);
#14359 = AXIS2_PLACEMENT_3D('',#14360,#14361,#14362);
#14360 = CARTESIAN_POINT('',(0.,4.,0.));
#14361 = DIRECTION('',(-1.,0.,0.));
#14362 = DIRECTION('',(0.,1.,0.));
#14363 = DEFINITIONAL_REPRESENTATION('',(#14364),#14368);
#14364 = LINE('',#14365,#14366);
#14365 = CARTESIAN_POINT('',(0.,-2.));
#14366 = VECTOR('',#14367,1.);
#14367 = DIRECTION('',(1.,0.));
#14368 = ( GEOMETRIC_REPRESENTATION_CONTEXT(2) 
PARAMETRIC_REPRESENTATION_CONTEXT() REPRESENTATION_CONTEXT('2D SPACE',''
  ) );
#14369 = ADVANCED_FACE('',(#14370),#13862,.T.);
#14370 = FACE_BOUND('',#14371,.T.);
#14371 = EDGE_LOOP('',(#14372,#14394,#14395,#14396));
#14372 = ORIENTED_EDGE('',*,*,#14373,.F.);
#14373 = EDGE_CURVE('',#13842,#14374,#14376,.T.);
#14374 = VERTEX_POINT('',#14375);
#14375 = CARTESIAN_POINT('',(4.,2.132183318793E-13,2.));
#14376 = SURFACE_CURVE('',#14377,(#14381,#14387),.PCURVE_S1.);
#14377 = LINE('',#14378,#14379);
#14378 = CARTESIAN_POINT('',(4.,0.2,2.2));
#14379 = VECTOR('',#14380,1.);
#14380 = DIRECTION('',(-0.,-0.707106781187,-0.707106781187));
#14381 = PCURVE('',#13862,#14382);
#14382 = DEFINITIONAL_REPRESENTATION('',(#14383),#14386);
#14383 = B_SPLINE_CURVE_WITH_KNOTS('',1,(#14384,#14385),.UNSPECIFIED.,
  .F.,.F.,(2,2),(-0.282842712475,0.282842712475),
  .PIECEWISE_BEZIER_KNOTS.);
#14384 = CARTESIAN_POINT('',(0.,-0.4));
#14385 = CARTESIAN_POINT('',(0.,-7.850462293419E-17));
#14386 = ( GEOMETRIC_REPRESENTATION_CONTEXT(2) 
PARAMETRIC_REPRESENTATION_CONTEXT() REPRESENTATION_CONTEXT('2D SPACE',''
  ) );
#14387 = PCURVE('',#13890,#14388);
#14388 = DEFINITIONAL_REPRESENTATION('',(#14389),#14393);
#14389 = LINE('',#14390,#14391);
#14390 = CARTESIAN_POINT('',(-64.8,-1.177569344013E-16));
#14391 = VECTOR('',#14392,1.);
#14392 = DIRECTION('',(0.,1.));
#14393 = ( GEOMETRIC_REPRESENTATION_CONTEXT(2) 
PARAMETRIC_REPRESENTATION_CONTEXT() REPRESENTATION_CONTEXT('2D SPACE',''
  ) );
#14394 = ORIENTED_EDGE('',*,*,#13841,.T.);
#14395 = ORIENTED_EDGE('',*,*,#14299,.T.);
#14396 = ORIENTED_EDGE('',*,*,#14397,.F.);
#14397 = EDGE_CURVE('',#14374,#14300,#14398,.T.);
#14398 = SURFACE_CURVE('',#14399,(#14404,#14411),.PCURVE_S1.);
#14399 = CIRCLE('',#14400,4.);
#14400 = AXIS2_PLACEMENT_3D('',#14401,#14402,#14403);
#14401 = CARTESIAN_POINT('',(4.,4.,2.));
#14402 = DIRECTION('',(-0.,-0.,-1.));
#14403 = DIRECTION('',(0.,-1.,0.));
#14404 = PCURVE('',#13862,#14405);
#14405 = DEFINITIONAL_REPRESENTATION('',(#14406),#14410);
#14406 = LINE('',#14407,#14408);
#14407 = CARTESIAN_POINT('',(0.,0.));
#14408 = VECTOR('',#14409,1.);
#14409 = DIRECTION('',(1.,0.));
#14410 = ( GEOMETRIC_REPRESENTATION_CONTEXT(2) 
PARAMETRIC_REPRESENTATION_CONTEXT() REPRESENTATION_CONTEXT('2D SPACE',''
  ) );
#14411 = PCURVE('',#14412,#14417);
#14412 = CYLINDRICAL_SURFACE('',#14413,4.);
#14413 = AXIS2_PLACEMENT_3D('',#14414,#14415,#14416);
#14414 = CARTESIAN_POINT('',(4.,4.,0.));
#14415 = DIRECTION('',(-0.,-0.,-1.));
#14416 = DIRECTION('',(1.,0.,0.));
#14417 = DEFINITIONAL_REPRESENTATION('',(#14418),#14422);
#14418 = LINE('',#14419,#14420);
#14419 = CARTESIAN_POINT('',(1.570796326795,-2.));
#14420 = VECTOR('',#14421,1.);
#14421 = DIRECTION('',(1.,-0.));
#14422 = ( GEOMETRIC_REPRESENTATION_CONTEXT(2) 
PARAMETRIC_REPRESENTATION_CONTEXT() REPRESENTATION_CONTEXT('2D SPACE',''
  ) );
#14423 = ADVANCED_FACE('',(#14424),#14043,.T.);
#14424 = FACE_BOUND('',#14425,.T.);
#14425 = EDGE_LOOP('',(#14426,#14427,#14428,#14450));
#14426 = ORIENTED_EDGE('',*,*,#14322,.F.);
#14427 = ORIENTED_EDGE('',*,*,#14024,.T.);
#14428 = ORIENTED_EDGE('',*,*,#14429,.T.);
#14429 = EDGE_CURVE('',#13997,#14430,#14432,.T.);
#14430 = VERTEX_POINT('',#14431);
#14431 = CARTESIAN_POINT('',(4.,44.799999996905,2.));
#14432 = SURFACE_CURVE('',#14433,(#14437,#14443),.PCURVE_S1.);
#14433 = LINE('',#14434,#14435);
#14434 = CARTESIAN_POINT('',(4.,44.799999996905,2.));
#14435 = VECTOR('',#14436,1.);
#14436 = DIRECTION('',(-4.329780281174E-17,0.707106781187,
    -0.707106781187));
#14437 = PCURVE('',#14043,#14438);
#14438 = DEFINITIONAL_REPRESENTATION('',(#14439),#14442);
#14439 = B_SPLINE_CURVE_WITH_KNOTS('',1,(#14440,#14441),.UNSPECIFIED.,
  .F.,.F.,(2,2),(-0.565685424949,0.),.PIECEWISE_BEZIER_KNOTS.);
#14440 = CARTESIAN_POINT('',(1.570796326795,-0.4));
#14441 = CARTESIAN_POINT('',(1.570796326795,0.));
#14442 = ( GEOMETRIC_REPRESENTATION_CONTEXT(2) 
PARAMETRIC_REPRESENTATION_CONTEXT() REPRESENTATION_CONTEXT('2D SPACE',''
  ) );
#14443 = PCURVE('',#14012,#14444);
#14444 = DEFINITIONAL_REPRESENTATION('',(#14445),#14449);
#14445 = LINE('',#14446,#14447);
#14446 = CARTESIAN_POINT('',(0.,0.282842710286));
#14447 = VECTOR('',#14448,1.);
#14448 = DIRECTION('',(-4.329780281174E-17,1.));
#14449 = ( GEOMETRIC_REPRESENTATION_CONTEXT(2) 
PARAMETRIC_REPRESENTATION_CONTEXT() REPRESENTATION_CONTEXT('2D SPACE',''
  ) );
#14450 = ORIENTED_EDGE('',*,*,#14451,.F.);
#14451 = EDGE_CURVE('',#14323,#14430,#14452,.T.);
#14452 = SURFACE_CURVE('',#14453,(#14458,#14465),.PCURVE_S1.);
#14453 = CIRCLE('',#14454,4.);
#14454 = AXIS2_PLACEMENT_3D('',#14455,#14456,#14457);
#14455 = CARTESIAN_POINT('',(4.,40.799999996905,2.));
#14456 = DIRECTION('',(0.,0.,-1.));
#14457 = DIRECTION('',(-1.,0.,0.));
#14458 = PCURVE('',#14043,#14459);
#14459 = DEFINITIONAL_REPRESENTATION('',(#14460),#14464);
#14460 = LINE('',#14461,#14462);
#14461 = CARTESIAN_POINT('',(0.,0.));
#14462 = VECTOR('',#14463,1.);
#14463 = DIRECTION('',(1.,0.));
#14464 = ( GEOMETRIC_REPRESENTATION_CONTEXT(2) 
PARAMETRIC_REPRESENTATION_CONTEXT() REPRESENTATION_CONTEXT('2D SPACE',''
  ) );
#14465 = PCURVE('',#14466,#14471);
#14466 = CYLINDRICAL_SURFACE('',#14467,4.);
#14467 = AXIS2_PLACEMENT_3D('',#14468,#14469,#14470);
#14468 = CARTESIAN_POINT('',(4.,40.799999996905,0.));
#14469 = DIRECTION('',(-0.,-0.,-1.));
#14470 = DIRECTION('',(1.,0.,0.));
#14471 = DEFINITIONAL_REPRESENTATION('',(#14472),#14476);
#14472 = LINE('',#14473,#14474);
#14473 = CARTESIAN_POINT('',(3.14159265359,-2.));
#14474 = VECTOR('',#14475,1.);
#14475 = DIRECTION('',(1.,-0.));
#14476 = ( GEOMETRIC_REPRESENTATION_CONTEXT(2) 
PARAMETRIC_REPRESENTATION_CONTEXT() REPRESENTATION_CONTEXT('2D SPACE',''
  ) );
#14477 = ADVANCED_FACE('',(#14478),#13890,.F.);
#14478 = FACE_BOUND('',#14479,.T.);
#14479 = EDGE_LOOP('',(#14480,#14502,#14503,#14504));
#14480 = ORIENTED_EDGE('',*,*,#14481,.F.);
#14481 = EDGE_CURVE('',#13875,#14482,#14484,.T.);
#14482 = VERTEX_POINT('',#14483);
#14483 = CARTESIAN_POINT('',(68.8,-2.13162820728E-13,2.));
#14484 = SURFACE_CURVE('',#14485,(#14489,#14496),.PCURVE_S1.);
#14485 = LINE('',#14486,#14487);
#14486 = CARTESIAN_POINT('',(68.8,-2.13162820728E-13,2.));
#14487 = VECTOR('',#14488,1.);
#14488 = DIRECTION('',(4.329780281174E-17,-0.707106781187,
    -0.707106781187));
#14489 = PCURVE('',#13890,#14490);
#14490 = DEFINITIONAL_REPRESENTATION('',(#14491),#14495);
#14491 = LINE('',#14492,#14493);
#14492 = CARTESIAN_POINT('',(-1.925929944387E-34,0.282842712475));
#14493 = VECTOR('',#14494,1.);
#14494 = DIRECTION('',(4.329780281174E-17,1.));
#14495 = ( GEOMETRIC_REPRESENTATION_CONTEXT(2) 
PARAMETRIC_REPRESENTATION_CONTEXT() REPRESENTATION_CONTEXT('2D SPACE',''
  ) );
#14496 = PCURVE('',#13923,#14497);
#14497 = DEFINITIONAL_REPRESENTATION('',(#14498),#14501);
#14498 = B_SPLINE_CURVE_WITH_KNOTS('',1,(#14499,#14500),.UNSPECIFIED.,
  .F.,.F.,(2,2),(-0.565685424949,0.),.PIECEWISE_BEZIER_KNOTS.);
#14499 = CARTESIAN_POINT('',(1.570796326795,-0.4));
#14500 = CARTESIAN_POINT('',(1.570796326795,0.));
#14501 = ( GEOMETRIC_REPRESENTATION_CONTEXT(2) 
PARAMETRIC_REPRESENTATION_CONTEXT() REPRESENTATION_CONTEXT('2D SPACE',''
  ) );
#14502 = ORIENTED_EDGE('',*,*,#13874,.T.);
#14503 = ORIENTED_EDGE('',*,*,#14373,.T.);
#14504 = ORIENTED_EDGE('',*,*,#14505,.F.);
#14505 = EDGE_CURVE('',#14482,#14374,#14506,.T.);
#14506 = SURFACE_CURVE('',#14507,(#14511,#14518),.PCURVE_S1.);
#14507 = LINE('',#14508,#14509);
#14508 = CARTESIAN_POINT('',(68.8,2.13162820728E-13,2.));
#14509 = VECTOR('',#14510,1.);
#14510 = DIRECTION('',(-1.,-0.,-0.));
#14511 = PCURVE('',#13890,#14512);
#14512 = DEFINITIONAL_REPRESENTATION('',(#14513),#14517);
#14513 = LINE('',#14514,#14515);
#14514 = CARTESIAN_POINT('',(-1.925929944387E-34,0.282842712474));
#14515 = VECTOR('',#14516,1.);
#14516 = DIRECTION('',(-1.,0.));
#14517 = ( GEOMETRIC_REPRESENTATION_CONTEXT(2) 
PARAMETRIC_REPRESENTATION_CONTEXT() REPRESENTATION_CONTEXT('2D SPACE',''
  ) );
#14518 = PCURVE('',#14519,#14524);
#14519 = PLANE('',#14520);
#14520 = AXIS2_PLACEMENT_3D('',#14521,#14522,#14523);
#14521 = CARTESIAN_POINT('',(4.,2.13162820728E-13,0.));
#14522 = DIRECTION('',(0.,1.,0.));
#14523 = DIRECTION('',(1.,0.,0.));
#14524 = DEFINITIONAL_REPRESENTATION('',(#14525),#14529);
#14525 = LINE('',#14526,#14527);
#14526 = CARTESIAN_POINT('',(64.8,-2.));
#14527 = VECTOR('',#14528,1.);
#14528 = DIRECTION('',(-1.,0.));
#14529 = ( GEOMETRIC_REPRESENTATION_CONTEXT(2) 
PARAMETRIC_REPRESENTATION_CONTEXT() REPRESENTATION_CONTEXT('2D SPACE',''
  ) );
#14530 = ADVANCED_FACE('',(#14531),#14012,.T.);
#14531 = FACE_BOUND('',#14532,.T.);
#14532 = EDGE_LOOP('',(#14533,#14534,#14535,#14557));
#14533 = ORIENTED_EDGE('',*,*,#14429,.F.);
#14534 = ORIENTED_EDGE('',*,*,#13996,.T.);
#14535 = ORIENTED_EDGE('',*,*,#14536,.T.);
#14536 = EDGE_CURVE('',#13964,#14537,#14539,.T.);
#14537 = VERTEX_POINT('',#14538);
#14538 = CARTESIAN_POINT('',(68.8,44.8,2.));
#14539 = SURFACE_CURVE('',#14540,(#14544,#14551),.PCURVE_S1.);
#14540 = LINE('',#14541,#14542);
#14541 = CARTESIAN_POINT('',(68.8,44.6,2.2));
#14542 = VECTOR('',#14543,1.);
#14543 = DIRECTION('',(-0.,0.707106781187,-0.707106781187));
#14544 = PCURVE('',#14012,#14545);
#14545 = DEFINITIONAL_REPRESENTATION('',(#14546),#14550);
#14546 = LINE('',#14547,#14548);
#14547 = CARTESIAN_POINT('',(64.8,0.));
#14548 = VECTOR('',#14549,1.);
#14549 = DIRECTION('',(0.,1.));
#14550 = ( GEOMETRIC_REPRESENTATION_CONTEXT(2) 
PARAMETRIC_REPRESENTATION_CONTEXT() REPRESENTATION_CONTEXT('2D SPACE',''
  ) );
#14551 = PCURVE('',#13984,#14552);
#14552 = DEFINITIONAL_REPRESENTATION('',(#14553),#14556);
#14553 = B_SPLINE_CURVE_WITH_KNOTS('',1,(#14554,#14555),.UNSPECIFIED.,
  .F.,.F.,(2,2),(-0.282842712475,0.282842712475),
  .PIECEWISE_BEZIER_KNOTS.);
#14554 = CARTESIAN_POINT('',(0.,-0.4));
#14555 = CARTESIAN_POINT('',(0.,1.648597081618E-15));
#14556 = ( GEOMETRIC_REPRESENTATION_CONTEXT(2) 
PARAMETRIC_REPRESENTATION_CONTEXT() REPRESENTATION_CONTEXT('2D SPACE',''
  ) );
#14557 = ORIENTED_EDGE('',*,*,#14558,.F.);
#14558 = EDGE_CURVE('',#14430,#14537,#14559,.T.);
#14559 = SURFACE_CURVE('',#14560,(#14564,#14571),.PCURVE_S1.);
#14560 = LINE('',#14561,#14562);
#14561 = CARTESIAN_POINT('',(4.,44.8,2.));
#14562 = VECTOR('',#14563,1.);
#14563 = DIRECTION('',(1.,0.,0.));
#14564 = PCURVE('',#14012,#14565);
#14565 = DEFINITIONAL_REPRESENTATION('',(#14566),#14570);
#14566 = LINE('',#14567,#14568);
#14567 = CARTESIAN_POINT('',(0.,0.282842712475));
#14568 = VECTOR('',#14569,1.);
#14569 = DIRECTION('',(1.,0.));
#14570 = ( GEOMETRIC_REPRESENTATION_CONTEXT(2) 
PARAMETRIC_REPRESENTATION_CONTEXT() REPRESENTATION_CONTEXT('2D SPACE',''
  ) );
#14571 = PCURVE('',#14572,#14577);
#14572 = PLANE('',#14573);
#14573 = AXIS2_PLACEMENT_3D('',#14574,#14575,#14576);
#14574 = CARTESIAN_POINT('',(4.,44.8,0.));
#14575 = DIRECTION('',(0.,1.,0.));
#14576 = DIRECTION('',(1.,0.,0.));
#14577 = DEFINITIONAL_REPRESENTATION('',(#14578),#14582);
#14578 = LINE('',#14579,#14580);
#14579 = CARTESIAN_POINT('',(0.,-2.));
#14580 = VECTOR('',#14581,1.);
#14581 = DIRECTION('',(1.,0.));
#14582 = ( GEOMETRIC_REPRESENTATION_CONTEXT(2) 
PARAMETRIC_REPRESENTATION_CONTEXT() REPRESENTATION_CONTEXT('2D SPACE',''
  ) );
#14583 = ADVANCED_FACE('',(#14584),#13923,.T.);
#14584 = FACE_BOUND('',#14585,.T.);
#14585 = EDGE_LOOP('',(#14586,#14608,#14609,#14610));
#14586 = ORIENTED_EDGE('',*,*,#14587,.F.);
#14587 = EDGE_CURVE('',#13903,#14588,#14590,.T.);
#14588 = VERTEX_POINT('',#14589);
#14589 = CARTESIAN_POINT('',(72.8,4.,2.));
#14590 = SURFACE_CURVE('',#14591,(#14595,#14601),.PCURVE_S1.);
#14591 = LINE('',#14592,#14593);
#14592 = CARTESIAN_POINT('',(72.6,4.,2.2));
#14593 = VECTOR('',#14594,1.);
#14594 = DIRECTION('',(0.707106781187,0.,-0.707106781187));
#14595 = PCURVE('',#13923,#14596);
#14596 = DEFINITIONAL_REPRESENTATION('',(#14597),#14600);
#14597 = B_SPLINE_CURVE_WITH_KNOTS('',1,(#14598,#14599),.UNSPECIFIED.,
  .F.,.F.,(2,2),(-0.282842712475,0.282842712475),
  .PIECEWISE_BEZIER_KNOTS.);
#14598 = CARTESIAN_POINT('',(0.,-0.4));
#14599 = CARTESIAN_POINT('',(0.,4.160745015512E-15));
#14600 = ( GEOMETRIC_REPRESENTATION_CONTEXT(2) 
PARAMETRIC_REPRESENTATION_CONTEXT() REPRESENTATION_CONTEXT('2D SPACE',''
  ) );
#14601 = PCURVE('',#13951,#14602);
#14602 = DEFINITIONAL_REPRESENTATION('',(#14603),#14607);
#14603 = LINE('',#14604,#14605);
#14604 = CARTESIAN_POINT('',(-36.7999999969,0.));
#14605 = VECTOR('',#14606,1.);
#14606 = DIRECTION('',(0.,1.));
#14607 = ( GEOMETRIC_REPRESENTATION_CONTEXT(2) 
PARAMETRIC_REPRESENTATION_CONTEXT() REPRESENTATION_CONTEXT('2D SPACE',''
  ) );
#14608 = ORIENTED_EDGE('',*,*,#13902,.T.);
#14609 = ORIENTED_EDGE('',*,*,#14481,.T.);
#14610 = ORIENTED_EDGE('',*,*,#14611,.F.);
#14611 = EDGE_CURVE('',#14588,#14482,#14612,.T.);
#14612 = SURFACE_CURVE('',#14613,(#14618,#14625),.PCURVE_S1.);
#14613 = CIRCLE('',#14614,4.);
#14614 = AXIS2_PLACEMENT_3D('',#14615,#14616,#14617);
#14615 = CARTESIAN_POINT('',(68.8,4.,2.));
#14616 = DIRECTION('',(0.,0.,-1.));
#14617 = DIRECTION('',(1.,0.,0.));
#14618 = PCURVE('',#13923,#14619);
#14619 = DEFINITIONAL_REPRESENTATION('',(#14620),#14624);
#14620 = LINE('',#14621,#14622);
#14621 = CARTESIAN_POINT('',(0.,0.));
#14622 = VECTOR('',#14623,1.);
#14623 = DIRECTION('',(1.,0.));
#14624 = ( GEOMETRIC_REPRESENTATION_CONTEXT(2) 
PARAMETRIC_REPRESENTATION_CONTEXT() REPRESENTATION_CONTEXT('2D SPACE',''
  ) );
#14625 = PCURVE('',#14626,#14631);
#14626 = CYLINDRICAL_SURFACE('',#14627,4.);
#14627 = AXIS2_PLACEMENT_3D('',#14628,#14629,#14630);
#14628 = CARTESIAN_POINT('',(68.8,4.,0.));
#14629 = DIRECTION('',(-0.,-0.,-1.));
#14630 = DIRECTION('',(1.,0.,0.));
#14631 = DEFINITIONAL_REPRESENTATION('',(#14632),#14636);
#14632 = LINE('',#14633,#14634);
#14633 = CARTESIAN_POINT('',(-4.138911435803E-13,-2.));
#14634 = VECTOR('',#14635,1.);
#14635 = DIRECTION('',(1.,-0.));
#14636 = ( GEOMETRIC_REPRESENTATION_CONTEXT(2) 
PARAMETRIC_REPRESENTATION_CONTEXT() REPRESENTATION_CONTEXT('2D SPACE',''
  ) );
#14637 = ADVANCED_FACE('',(#14638),#13984,.T.);
#14638 = FACE_BOUND('',#14639,.T.);
#14639 = EDGE_LOOP('',(#14640,#14641,#14642,#14664));
#14640 = ORIENTED_EDGE('',*,*,#14536,.F.);
#14641 = ORIENTED_EDGE('',*,*,#13963,.T.);
#14642 = ORIENTED_EDGE('',*,*,#14643,.T.);
#14643 = EDGE_CURVE('',#13936,#14644,#14646,.T.);
#14644 = VERTEX_POINT('',#14645);
#14645 = CARTESIAN_POINT('',(72.8,40.799999996905,2.));
#14646 = SURFACE_CURVE('',#14647,(#14651,#14657),.PCURVE_S1.);
#14647 = LINE('',#14648,#14649);
#14648 = CARTESIAN_POINT('',(72.8,40.799999996905,2.));
#14649 = VECTOR('',#14650,1.);
#14650 = DIRECTION('',(0.707106781187,4.329780281174E-17,-0.707106781187
    ));
#14651 = PCURVE('',#13984,#14652);
#14652 = DEFINITIONAL_REPRESENTATION('',(#14653),#14656);
#14653 = B_SPLINE_CURVE_WITH_KNOTS('',1,(#14654,#14655),.UNSPECIFIED.,
  .F.,.F.,(2,2),(-0.565685424949,0.),.PIECEWISE_BEZIER_KNOTS.);
#14654 = CARTESIAN_POINT('',(1.570796326795,-0.4));
#14655 = CARTESIAN_POINT('',(1.570796326795,0.));
#14656 = ( GEOMETRIC_REPRESENTATION_CONTEXT(2) 
PARAMETRIC_REPRESENTATION_CONTEXT() REPRESENTATION_CONTEXT('2D SPACE',''
  ) );
#14657 = PCURVE('',#13951,#14658);
#14658 = DEFINITIONAL_REPRESENTATION('',(#14659),#14663);
#14659 = LINE('',#14660,#14661);
#14660 = CARTESIAN_POINT('',(0.,0.282842712475));
#14661 = VECTOR('',#14662,1.);
#14662 = DIRECTION('',(4.329780281174E-17,1.));
#14663 = ( GEOMETRIC_REPRESENTATION_CONTEXT(2) 
PARAMETRIC_REPRESENTATION_CONTEXT() REPRESENTATION_CONTEXT('2D SPACE',''
  ) );
#14664 = ORIENTED_EDGE('',*,*,#14665,.F.);
#14665 = EDGE_CURVE('',#14537,#14644,#14666,.T.);
#14666 = SURFACE_CURVE('',#14667,(#14672,#14679),.PCURVE_S1.);
#14667 = CIRCLE('',#14668,4.);
#14668 = AXIS2_PLACEMENT_3D('',#14669,#14670,#14671);
#14669 = CARTESIAN_POINT('',(68.8,40.799999996905,2.));
#14670 = DIRECTION('',(0.,0.,-1.));
#14671 = DIRECTION('',(0.,1.,0.));
#14672 = PCURVE('',#13984,#14673);
#14673 = DEFINITIONAL_REPRESENTATION('',(#14674),#14678);
#14674 = LINE('',#14675,#14676);
#14675 = CARTESIAN_POINT('',(0.,0.));
#14676 = VECTOR('',#14677,1.);
#14677 = DIRECTION('',(1.,0.));
#14678 = ( GEOMETRIC_REPRESENTATION_CONTEXT(2) 
PARAMETRIC_REPRESENTATION_CONTEXT() REPRESENTATION_CONTEXT('2D SPACE',''
  ) );
#14679 = PCURVE('',#14680,#14685);
#14680 = CYLINDRICAL_SURFACE('',#14681,4.);
#14681 = AXIS2_PLACEMENT_3D('',#14682,#14683,#14684);
#14682 = CARTESIAN_POINT('',(68.8,40.799999996905,0.));
#14683 = DIRECTION('',(-0.,-0.,-1.));
#14684 = DIRECTION('',(1.,0.,0.));
#14685 = DEFINITIONAL_REPRESENTATION('',(#14686),#14690);
#14686 = LINE('',#14687,#14688);
#14687 = CARTESIAN_POINT('',(4.712388980385,-2.));
#14688 = VECTOR('',#14689,1.);
#14689 = DIRECTION('',(1.,-0.));
#14690 = ( GEOMETRIC_REPRESENTATION_CONTEXT(2) 
PARAMETRIC_REPRESENTATION_CONTEXT() REPRESENTATION_CONTEXT('2D SPACE',''
  ) );
#14691 = ADVANCED_FACE('',(#14692),#13951,.F.);
#14692 = FACE_BOUND('',#14693,.T.);
#14693 = EDGE_LOOP('',(#14694,#14695,#14696,#14697));
#14694 = ORIENTED_EDGE('',*,*,#14643,.F.);
#14695 = ORIENTED_EDGE('',*,*,#13935,.T.);
#14696 = ORIENTED_EDGE('',*,*,#14587,.T.);
#14697 = ORIENTED_EDGE('',*,*,#14698,.F.);
#14698 = EDGE_CURVE('',#14644,#14588,#14699,.T.);
#14699 = SURFACE_CURVE('',#14700,(#14704,#14711),.PCURVE_S1.);
#14700 = LINE('',#14701,#14702);
#14701 = CARTESIAN_POINT('',(72.8,40.799999996905,2.));
#14702 = VECTOR('',#14703,1.);
#14703 = DIRECTION('',(-0.,-1.,-0.));
#14704 = PCURVE('',#13951,#14705);
#14705 = DEFINITIONAL_REPRESENTATION('',(#14706),#14710);
#14706 = LINE('',#14707,#14708);
#14707 = CARTESIAN_POINT('',(0.,0.282842712475));
#14708 = VECTOR('',#14709,1.);
#14709 = DIRECTION('',(-1.,0.));
#14710 = ( GEOMETRIC_REPRESENTATION_CONTEXT(2) 
PARAMETRIC_REPRESENTATION_CONTEXT() REPRESENTATION_CONTEXT('2D SPACE',''
  ) );
#14711 = PCURVE('',#14712,#14717);
#14712 = PLANE('',#14713);
#14713 = AXIS2_PLACEMENT_3D('',#14714,#14715,#14716);
#14714 = CARTESIAN_POINT('',(72.8,4.,0.));
#14715 = DIRECTION('',(-1.,0.,0.));
#14716 = DIRECTION('',(0.,1.,0.));
#14717 = DEFINITIONAL_REPRESENTATION('',(#14718),#14722);
#14718 = LINE('',#14719,#14720);
#14719 = CARTESIAN_POINT('',(36.799999996905,-2.));
#14720 = VECTOR('',#14721,1.);
#14721 = DIRECTION('',(-1.,0.));
#14722 = ( GEOMETRIC_REPRESENTATION_CONTEXT(2) 
PARAMETRIC_REPRESENTATION_CONTEXT() REPRESENTATION_CONTEXT('2D SPACE',''
  ) );
#14723 = ADVANCED_FACE('',(#14724),#14080,.F.);
#14724 = FACE_BOUND('',#14725,.F.);
#14725 = EDGE_LOOP('',(#14726,#14727,#14749,#14778));
#14726 = ORIENTED_EDGE('',*,*,#14057,.T.);
#14727 = ORIENTED_EDGE('',*,*,#14728,.F.);
#14728 = EDGE_CURVE('',#14729,#14060,#14731,.T.);
#14729 = VERTEX_POINT('',#14730);
#14730 = CARTESIAN_POINT('',(42.293194945121,20.904314067063,1.6));
#14731 = SURFACE_CURVE('',#14732,(#14736,#14742),.PCURVE_S1.);
#14732 = LINE('',#14733,#14734);
#14733 = CARTESIAN_POINT('',(42.293194945121,20.904314067063,1.6));
#14734 = VECTOR('',#14735,1.);
#14735 = DIRECTION('',(-4.152273992685E-02,-0.705886578757,
    0.707106781187));
#14736 = PCURVE('',#14080,#14737);
#14737 = DEFINITIONAL_REPRESENTATION('',(#14738),#14741);
#14738 = B_SPLINE_CURVE_WITH_KNOTS('',1,(#14739,#14740),.UNSPECIFIED.,
  .F.,.F.,(2,2),(0.,1.131370849898),.PIECEWISE_BEZIER_KNOTS.);
#14739 = CARTESIAN_POINT('',(3.14159265359,0.));
#14740 = CARTESIAN_POINT('',(3.14159265359,0.8));
#14741 = ( GEOMETRIC_REPRESENTATION_CONTEXT(2) 
PARAMETRIC_REPRESENTATION_CONTEXT() REPRESENTATION_CONTEXT('2D SPACE',''
  ) );
#14742 = PCURVE('',#14108,#14743);
#14743 = DEFINITIONAL_REPRESENTATION('',(#14744),#14748);
#14744 = LINE('',#14745,#14746);
#14745 = CARTESIAN_POINT('',(-5.832917482351E-13,-0.565685424949));
#14746 = VECTOR('',#14747,1.);
#14747 = DIRECTION('',(1.193134683089E-14,1.));
#14748 = ( GEOMETRIC_REPRESENTATION_CONTEXT(2) 
PARAMETRIC_REPRESENTATION_CONTEXT() REPRESENTATION_CONTEXT('2D SPACE',''
  ) );
#14749 = ORIENTED_EDGE('',*,*,#14750,.F.);
#14750 = EDGE_CURVE('',#14751,#14729,#14753,.T.);
#14751 = VERTEX_POINT('',#14752);
#14752 = CARTESIAN_POINT('',(42.586805054879,25.895685932937,1.6));
#14753 = SURFACE_CURVE('',#14754,(#14759,#14766),.PCURVE_S1.);
#14754 = CIRCLE('',#14755,2.5);
#14755 = AXIS2_PLACEMENT_3D('',#14756,#14757,#14758);
#14756 = CARTESIAN_POINT('',(42.44,23.4,1.6));
#14757 = DIRECTION('',(0.,0.,-1.));
#14758 = DIRECTION('',(5.872202195147E-02,0.998274373175,0.));
#14759 = PCURVE('',#14080,#14760);
#14760 = DEFINITIONAL_REPRESENTATION('',(#14761),#14765);
#14761 = LINE('',#14762,#14763);
#14762 = CARTESIAN_POINT('',(6.28318530718,0.));
#14763 = VECTOR('',#14764,1.);
#14764 = DIRECTION('',(-1.,0.));
#14765 = ( GEOMETRIC_REPRESENTATION_CONTEXT(2) 
PARAMETRIC_REPRESENTATION_CONTEXT() REPRESENTATION_CONTEXT('2D SPACE',''
  ) );
#14766 = PCURVE('',#14767,#14772);
#14767 = CYLINDRICAL_SURFACE('',#14768,2.5);
#14768 = AXIS2_PLACEMENT_3D('',#14769,#14770,#14771);
#14769 = CARTESIAN_POINT('',(42.44,23.4,2.4));
#14770 = DIRECTION('',(-0.,-0.,1.));
#14771 = DIRECTION('',(-0.998274373175,5.872202195147E-02,0.));
#14772 = DEFINITIONAL_REPRESENTATION('',(#14773),#14777);
#14773 = LINE('',#14774,#14775);
#14774 = CARTESIAN_POINT('',(4.712388980385,-0.8));
#14775 = VECTOR('',#14776,1.);
#14776 = DIRECTION('',(-1.,0.));
#14777 = ( GEOMETRIC_REPRESENTATION_CONTEXT(2) 
PARAMETRIC_REPRESENTATION_CONTEXT() REPRESENTATION_CONTEXT('2D SPACE',''
  ) );
#14778 = ORIENTED_EDGE('',*,*,#14779,.T.);
#14779 = EDGE_CURVE('',#14751,#14058,#14780,.T.);
#14780 = SURFACE_CURVE('',#14781,(#14785,#14791),.PCURVE_S1.);
#14781 = LINE('',#14782,#14783);
#14782 = CARTESIAN_POINT('',(42.586805054879,25.895685932937,1.6));
#14783 = VECTOR('',#14784,1.);
#14784 = DIRECTION('',(4.152273992685E-02,0.705886578757,0.707106781187)
  );
#14785 = PCURVE('',#14080,#14786);
#14786 = DEFINITIONAL_REPRESENTATION('',(#14787),#14790);
#14787 = B_SPLINE_CURVE_WITH_KNOTS('',1,(#14788,#14789),.UNSPECIFIED.,
  .F.,.F.,(2,2),(0.,1.131370849898),.PIECEWISE_BEZIER_KNOTS.);
#14788 = CARTESIAN_POINT('',(6.28318530718,0.));
#14789 = CARTESIAN_POINT('',(6.28318530718,0.8));
#14790 = ( GEOMETRIC_REPRESENTATION_CONTEXT(2) 
PARAMETRIC_REPRESENTATION_CONTEXT() REPRESENTATION_CONTEXT('2D SPACE',''
  ) );
#14791 = PCURVE('',#14167,#14792);
#14792 = DEFINITIONAL_REPRESENTATION('',(#14793),#14797);
#14793 = LINE('',#14794,#14795);
#14794 = CARTESIAN_POINT('',(-2.894995682208,-0.565685424949));
#14795 = VECTOR('',#14796,1.);
#14796 = DIRECTION('',(1.193134683089E-14,1.));
#14797 = ( GEOMETRIC_REPRESENTATION_CONTEXT(2) 
PARAMETRIC_REPRESENTATION_CONTEXT() REPRESENTATION_CONTEXT('2D SPACE',''
  ) );
#14798 = ADVANCED_FACE('',(#14799),#14167,.F.);
#14799 = FACE_BOUND('',#14800,.T.);
#14800 = EDGE_LOOP('',(#14801,#14823,#14849,#14850));
#14801 = ORIENTED_EDGE('',*,*,#14802,.F.);
#14802 = EDGE_CURVE('',#14803,#14121,#14805,.T.);
#14803 = VERTEX_POINT('',#14804);
#14804 = CARTESIAN_POINT('',(39.696805054879,26.065685932937,1.6));
#14805 = SURFACE_CURVE('',#14806,(#14810,#14817),.PCURVE_S1.);
#14806 = LINE('',#14807,#14808);
#14807 = CARTESIAN_POINT('',(39.696805054879,26.065685932937,1.6));
#14808 = VECTOR('',#14809,1.);
#14809 = DIRECTION('',(4.152273992685E-02,0.705886578757,0.707106781187)
  );
#14810 = PCURVE('',#14167,#14811);
#14811 = DEFINITIONAL_REPRESENTATION('',(#14812),#14816);
#14812 = LINE('',#14813,#14814);
#14813 = CARTESIAN_POINT('',(-5.832917482351E-13,-0.565685424949));
#14814 = VECTOR('',#14815,1.);
#14815 = DIRECTION('',(1.193134683089E-14,1.));
#14816 = ( GEOMETRIC_REPRESENTATION_CONTEXT(2) 
PARAMETRIC_REPRESENTATION_CONTEXT() REPRESENTATION_CONTEXT('2D SPACE',''
  ) );
#14817 = PCURVE('',#14141,#14818);
#14818 = DEFINITIONAL_REPRESENTATION('',(#14819),#14822);
#14819 = B_SPLINE_CURVE_WITH_KNOTS('',1,(#14820,#14821),.UNSPECIFIED.,
  .F.,.F.,(2,2),(0.,1.131370849898),.PIECEWISE_BEZIER_KNOTS.);
#14820 = CARTESIAN_POINT('',(3.14159265359,0.));
#14821 = CARTESIAN_POINT('',(3.14159265359,0.8));
#14822 = ( GEOMETRIC_REPRESENTATION_CONTEXT(2) 
PARAMETRIC_REPRESENTATION_CONTEXT() REPRESENTATION_CONTEXT('2D SPACE',''
  ) );
#14823 = ORIENTED_EDGE('',*,*,#14824,.T.);
#14824 = EDGE_CURVE('',#14803,#14751,#14825,.T.);
#14825 = SURFACE_CURVE('',#14826,(#14830,#14837),.PCURVE_S1.);
#14826 = LINE('',#14827,#14828);
#14827 = CARTESIAN_POINT('',(39.696805054879,26.065685932937,1.6));
#14828 = VECTOR('',#14829,1.);
#14829 = DIRECTION('',(0.998274373175,-5.872202195147E-02,-0.));
#14830 = PCURVE('',#14167,#14831);
#14831 = DEFINITIONAL_REPRESENTATION('',(#14832),#14836);
#14832 = LINE('',#14833,#14834);
#14833 = CARTESIAN_POINT('',(-5.832917482351E-13,-0.565685424949));
#14834 = VECTOR('',#14835,1.);
#14835 = DIRECTION('',(-1.,6.938893903906E-18));
#14836 = ( GEOMETRIC_REPRESENTATION_CONTEXT(2) 
PARAMETRIC_REPRESENTATION_CONTEXT() REPRESENTATION_CONTEXT('2D SPACE',''
  ) );
#14837 = PCURVE('',#14838,#14843);
#14838 = PLANE('',#14839);
#14839 = AXIS2_PLACEMENT_3D('',#14840,#14841,#14842);
#14840 = CARTESIAN_POINT('',(42.586805054879,25.895685932937,2.4));
#14841 = DIRECTION('',(5.872202195147E-02,0.998274373175,-0.));
#14842 = DIRECTION('',(-0.998274373175,5.872202195147E-02,0.));
#14843 = DEFINITIONAL_REPRESENTATION('',(#14844),#14848);
#14844 = LINE('',#14845,#14846);
#14845 = CARTESIAN_POINT('',(2.894995682207,-0.8));
#14846 = VECTOR('',#14847,1.);
#14847 = DIRECTION('',(-1.,0.));
#14848 = ( GEOMETRIC_REPRESENTATION_CONTEXT(2) 
PARAMETRIC_REPRESENTATION_CONTEXT() REPRESENTATION_CONTEXT('2D SPACE',''
  ) );
#14849 = ORIENTED_EDGE('',*,*,#14779,.T.);
#14850 = ORIENTED_EDGE('',*,*,#14153,.F.);
#14851 = ADVANCED_FACE('',(#14852),#14108,.F.);
#14852 = FACE_BOUND('',#14853,.T.);
#14853 = EDGE_LOOP('',(#14854,#14855,#14883,#14903));
#14854 = ORIENTED_EDGE('',*,*,#14728,.F.);
#14855 = ORIENTED_EDGE('',*,*,#14856,.T.);
#14856 = EDGE_CURVE('',#14729,#14857,#14859,.T.);
#14857 = VERTEX_POINT('',#14858);
#14858 = CARTESIAN_POINT('',(39.403194945121,21.074314067063,1.6));
#14859 = SURFACE_CURVE('',#14860,(#14864,#14871),.PCURVE_S1.);
#14860 = LINE('',#14861,#14862);
#14861 = CARTESIAN_POINT('',(42.293194945121,20.904314067063,1.6));
#14862 = VECTOR('',#14863,1.);
#14863 = DIRECTION('',(-0.998274373175,5.872202195147E-02,-0.));
#14864 = PCURVE('',#14108,#14865);
#14865 = DEFINITIONAL_REPRESENTATION('',(#14866),#14870);
#14866 = LINE('',#14867,#14868);
#14867 = CARTESIAN_POINT('',(-5.832917482351E-13,-0.565685424949));
#14868 = VECTOR('',#14869,1.);
#14869 = DIRECTION('',(-1.,6.938893903906E-18));
#14870 = ( GEOMETRIC_REPRESENTATION_CONTEXT(2) 
PARAMETRIC_REPRESENTATION_CONTEXT() REPRESENTATION_CONTEXT('2D SPACE',''
  ) );
#14871 = PCURVE('',#14872,#14877);
#14872 = PLANE('',#14873);
#14873 = AXIS2_PLACEMENT_3D('',#14874,#14875,#14876);
#14874 = CARTESIAN_POINT('',(39.403194945121,21.074314067063,2.4));
#14875 = DIRECTION('',(-5.872202195147E-02,-0.998274373175,0.));
#14876 = DIRECTION('',(0.998274373175,-5.872202195147E-02,0.));
#14877 = DEFINITIONAL_REPRESENTATION('',(#14878),#14882);
#14878 = LINE('',#14879,#14880);
#14879 = CARTESIAN_POINT('',(2.894995682207,-0.8));
#14880 = VECTOR('',#14881,1.);
#14881 = DIRECTION('',(-1.,0.));
#14882 = ( GEOMETRIC_REPRESENTATION_CONTEXT(2) 
PARAMETRIC_REPRESENTATION_CONTEXT() REPRESENTATION_CONTEXT('2D SPACE',''
  ) );
#14883 = ORIENTED_EDGE('',*,*,#14884,.T.);
#14884 = EDGE_CURVE('',#14857,#14093,#14885,.T.);
#14885 = SURFACE_CURVE('',#14886,(#14890,#14897),.PCURVE_S1.);
#14886 = LINE('',#14887,#14888);
#14887 = CARTESIAN_POINT('',(39.379706136341,20.675004317793,2.));
#14888 = VECTOR('',#14889,1.);
#14889 = DIRECTION('',(-4.152273992685E-02,-0.705886578757,
    0.707106781187));
#14890 = PCURVE('',#14108,#14891);
#14891 = DEFINITIONAL_REPRESENTATION('',(#14892),#14896);
#14892 = LINE('',#14893,#14894);
#14893 = CARTESIAN_POINT('',(-2.894995682207,-3.17390411704E-15));
#14894 = VECTOR('',#14895,1.);
#14895 = DIRECTION('',(1.193134683089E-14,1.));
#14896 = ( GEOMETRIC_REPRESENTATION_CONTEXT(2) 
PARAMETRIC_REPRESENTATION_CONTEXT() REPRESENTATION_CONTEXT('2D SPACE',''
  ) );
#14897 = PCURVE('',#14141,#14898);
#14898 = DEFINITIONAL_REPRESENTATION('',(#14899),#14902);
#14899 = B_SPLINE_CURVE_WITH_KNOTS('',1,(#14900,#14901),.UNSPECIFIED.,
  .F.,.F.,(2,2),(-0.565685424949,0.565685424949),
  .PIECEWISE_BEZIER_KNOTS.);
#14900 = CARTESIAN_POINT('',(6.28318530718,0.));
#14901 = CARTESIAN_POINT('',(6.28318530718,0.8));
#14902 = ( GEOMETRIC_REPRESENTATION_CONTEXT(2) 
PARAMETRIC_REPRESENTATION_CONTEXT() REPRESENTATION_CONTEXT('2D SPACE',''
  ) );
#14903 = ORIENTED_EDGE('',*,*,#14092,.F.);
#14904 = ADVANCED_FACE('',(#14905),#14141,.F.);
#14905 = FACE_BOUND('',#14906,.F.);
#14906 = EDGE_LOOP('',(#14907,#14908,#14909,#14936));
#14907 = ORIENTED_EDGE('',*,*,#14120,.T.);
#14908 = ORIENTED_EDGE('',*,*,#14802,.F.);
#14909 = ORIENTED_EDGE('',*,*,#14910,.F.);
#14910 = EDGE_CURVE('',#14857,#14803,#14911,.T.);
#14911 = SURFACE_CURVE('',#14912,(#14917,#14924),.PCURVE_S1.);
#14912 = CIRCLE('',#14913,2.5);
#14913 = AXIS2_PLACEMENT_3D('',#14914,#14915,#14916);
#14914 = CARTESIAN_POINT('',(39.55,23.57,1.6));
#14915 = DIRECTION('',(-0.,0.,-1.));
#14916 = DIRECTION('',(-5.872202195147E-02,-0.998274373175,0.));
#14917 = PCURVE('',#14141,#14918);
#14918 = DEFINITIONAL_REPRESENTATION('',(#14919),#14923);
#14919 = LINE('',#14920,#14921);
#14920 = CARTESIAN_POINT('',(6.28318530718,0.));
#14921 = VECTOR('',#14922,1.);
#14922 = DIRECTION('',(-1.,0.));
#14923 = ( GEOMETRIC_REPRESENTATION_CONTEXT(2) 
PARAMETRIC_REPRESENTATION_CONTEXT() REPRESENTATION_CONTEXT('2D SPACE',''
  ) );
#14924 = PCURVE('',#14925,#14930);
#14925 = CYLINDRICAL_SURFACE('',#14926,2.5);
#14926 = AXIS2_PLACEMENT_3D('',#14927,#14928,#14929);
#14927 = CARTESIAN_POINT('',(39.55,23.57,2.4));
#14928 = DIRECTION('',(-0.,0.,1.));
#14929 = DIRECTION('',(0.998274373175,-5.872202195147E-02,0.));
#14930 = DEFINITIONAL_REPRESENTATION('',(#14931),#14935);
#14931 = LINE('',#14932,#14933);
#14932 = CARTESIAN_POINT('',(4.712388980385,-0.8));
#14933 = VECTOR('',#14934,1.);
#14934 = DIRECTION('',(-1.,0.));
#14935 = ( GEOMETRIC_REPRESENTATION_CONTEXT(2) 
PARAMETRIC_REPRESENTATION_CONTEXT() REPRESENTATION_CONTEXT('2D SPACE',''
  ) );
#14936 = ORIENTED_EDGE('',*,*,#14884,.T.);
#14937 = ADVANCED_FACE('',(#14938),#14198,.F.);
#14938 = FACE_BOUND('',#14939,.F.);
#14939 = EDGE_LOOP('',(#14940,#14961,#14988,#14989));
#14940 = ORIENTED_EDGE('',*,*,#14941,.F.);
#14941 = EDGE_CURVE('',#14942,#14182,#14944,.T.);
#14942 = VERTEX_POINT('',#14943);
#14943 = CARTESIAN_POINT('',(32.73,22.42,2.));
#14944 = SEAM_CURVE('',#14945,(#14949,#14955),.PCURVE_S1.);
#14945 = LINE('',#14946,#14947);
#14946 = CARTESIAN_POINT('',(32.73,22.42,2.));
#14947 = VECTOR('',#14948,1.);
#14948 = DIRECTION('',(0.707106781187,0.,0.707106781187));
#14949 = PCURVE('',#14198,#14950);
#14950 = DEFINITIONAL_REPRESENTATION('',(#14951),#14954);
#14951 = B_SPLINE_CURVE_WITH_KNOTS('',1,(#14952,#14953),.UNSPECIFIED.,
  .F.,.F.,(2,2),(0.,0.565685424949),.PIECEWISE_BEZIER_KNOTS.);
#14952 = CARTESIAN_POINT('',(0.,0.));
#14953 = CARTESIAN_POINT('',(0.,0.4));
#14954 = ( GEOMETRIC_REPRESENTATION_CONTEXT(2) 
PARAMETRIC_REPRESENTATION_CONTEXT() REPRESENTATION_CONTEXT('2D SPACE',''
  ) );
#14955 = PCURVE('',#14198,#14956);
#14956 = DEFINITIONAL_REPRESENTATION('',(#14957),#14960);
#14957 = B_SPLINE_CURVE_WITH_KNOTS('',1,(#14958,#14959),.UNSPECIFIED.,
  .F.,.F.,(2,2),(0.,0.565685424949),.PIECEWISE_BEZIER_KNOTS.);
#14958 = CARTESIAN_POINT('',(6.28318530718,0.));
#14959 = CARTESIAN_POINT('',(6.28318530718,0.4));
#14960 = ( GEOMETRIC_REPRESENTATION_CONTEXT(2) 
PARAMETRIC_REPRESENTATION_CONTEXT() REPRESENTATION_CONTEXT('2D SPACE',''
  ) );
#14961 = ORIENTED_EDGE('',*,*,#14962,.T.);
#14962 = EDGE_CURVE('',#14942,#14942,#14963,.T.);
#14963 = SURFACE_CURVE('',#14964,(#14969,#14976),.PCURVE_S1.);
#14964 = CIRCLE('',#14965,6.);
#14965 = AXIS2_PLACEMENT_3D('',#14966,#14967,#14968);
#14966 = CARTESIAN_POINT('',(26.73,22.42,2.));
#14967 = DIRECTION('',(0.,0.,1.));
#14968 = DIRECTION('',(1.,0.,-0.));
#14969 = PCURVE('',#14198,#14970);
#14970 = DEFINITIONAL_REPRESENTATION('',(#14971),#14975);
#14971 = LINE('',#14972,#14973);
#14972 = CARTESIAN_POINT('',(0.,0.));
#14973 = VECTOR('',#14974,1.);
#14974 = DIRECTION('',(1.,0.));
#14975 = ( GEOMETRIC_REPRESENTATION_CONTEXT(2) 
PARAMETRIC_REPRESENTATION_CONTEXT() REPRESENTATION_CONTEXT('2D SPACE',''
  ) );
#14976 = PCURVE('',#14977,#14982);
#14977 = CYLINDRICAL_SURFACE('',#14978,6.);
#14978 = AXIS2_PLACEMENT_3D('',#14979,#14980,#14981);
#14979 = CARTESIAN_POINT('',(26.73,22.42,2.4));
#14980 = DIRECTION('',(0.,0.,1.));
#14981 = DIRECTION('',(1.,0.,-0.));
#14982 = DEFINITIONAL_REPRESENTATION('',(#14983),#14987);
#14983 = LINE('',#14984,#14985);
#14984 = CARTESIAN_POINT('',(0.,-0.4));
#14985 = VECTOR('',#14986,1.);
#14986 = DIRECTION('',(1.,0.));
#14987 = ( GEOMETRIC_REPRESENTATION_CONTEXT(2) 
PARAMETRIC_REPRESENTATION_CONTEXT() REPRESENTATION_CONTEXT('2D SPACE',''
  ) );
#14988 = ORIENTED_EDGE('',*,*,#14941,.T.);
#14989 = ORIENTED_EDGE('',*,*,#14181,.F.);
#14990 = ADVANCED_FACE('',(#14991),#14230,.F.);
#14991 = FACE_BOUND('',#14992,.F.);
#14992 = EDGE_LOOP('',(#14993,#15016,#15044,#15065));
#14993 = ORIENTED_EDGE('',*,*,#14994,.T.);
#14994 = EDGE_CURVE('',#14213,#14995,#14997,.T.);
#14995 = VERTEX_POINT('',#14996);
#14996 = CARTESIAN_POINT('',(5.,22.4,2.));
#14997 = SURFACE_CURVE('',#14998,(#15002,#15009),.PCURVE_S1.);
#14998 = LINE('',#14999,#15000);
#14999 = CARTESIAN_POINT('',(5.,22.4,2.4));
#15000 = VECTOR('',#15001,1.);
#15001 = DIRECTION('',(-0.,-0.,-1.));
#15002 = PCURVE('',#14230,#15003);
#15003 = DEFINITIONAL_REPRESENTATION('',(#15004),#15008);
#15004 = LINE('',#15005,#15006);
#15005 = CARTESIAN_POINT('',(0.,0.));
#15006 = VECTOR('',#15007,1.);
#15007 = DIRECTION('',(0.,-1.));
#15008 = ( GEOMETRIC_REPRESENTATION_CONTEXT(2) 
PARAMETRIC_REPRESENTATION_CONTEXT() REPRESENTATION_CONTEXT('2D SPACE',''
  ) );
#15009 = PCURVE('',#14258,#15010);
#15010 = DEFINITIONAL_REPRESENTATION('',(#15011),#15015);
#15011 = LINE('',#15012,#15013);
#15012 = CARTESIAN_POINT('',(5.590169943749,0.));
#15013 = VECTOR('',#15014,1.);
#15014 = DIRECTION('',(0.,-1.));
#15015 = ( GEOMETRIC_REPRESENTATION_CONTEXT(2) 
PARAMETRIC_REPRESENTATION_CONTEXT() REPRESENTATION_CONTEXT('2D SPACE',''
  ) );
#15016 = ORIENTED_EDGE('',*,*,#15017,.T.);
#15017 = EDGE_CURVE('',#14995,#15018,#15020,.T.);
#15018 = VERTEX_POINT('',#15019);
#15019 = CARTESIAN_POINT('',(10.,19.9,2.));
#15020 = SURFACE_CURVE('',#15021,(#15025,#15032),.PCURVE_S1.);
#15021 = LINE('',#15022,#15023);
#15022 = CARTESIAN_POINT('',(5.,22.4,2.));
#15023 = VECTOR('',#15024,1.);
#15024 = DIRECTION('',(0.894427191,-0.4472135955,0.));
#15025 = PCURVE('',#14230,#15026);
#15026 = DEFINITIONAL_REPRESENTATION('',(#15027),#15031);
#15027 = LINE('',#15028,#15029);
#15028 = CARTESIAN_POINT('',(0.,-0.4));
#15029 = VECTOR('',#15030,1.);
#15030 = DIRECTION('',(1.,0.));
#15031 = ( GEOMETRIC_REPRESENTATION_CONTEXT(2) 
PARAMETRIC_REPRESENTATION_CONTEXT() REPRESENTATION_CONTEXT('2D SPACE',''
  ) );
#15032 = PCURVE('',#15033,#15038);
#15033 = PLANE('',#15034);
#15034 = AXIS2_PLACEMENT_3D('',#15035,#15036,#15037);
#15035 = CARTESIAN_POINT('',(8.272542485937,22.4,2.));
#15036 = DIRECTION('',(0.,0.,1.));
#15037 = DIRECTION('',(1.,0.,-0.));
#15038 = DEFINITIONAL_REPRESENTATION('',(#15039),#15043);
#15039 = LINE('',#15040,#15041);
#15040 = CARTESIAN_POINT('',(-3.272542485937,0.));
#15041 = VECTOR('',#15042,1.);
#15042 = DIRECTION('',(0.894427191,-0.4472135955));
#15043 = ( GEOMETRIC_REPRESENTATION_CONTEXT(2) 
PARAMETRIC_REPRESENTATION_CONTEXT() REPRESENTATION_CONTEXT('2D SPACE',''
  ) );
#15044 = ORIENTED_EDGE('',*,*,#15045,.F.);
#15045 = EDGE_CURVE('',#14215,#15018,#15046,.T.);
#15046 = SURFACE_CURVE('',#15047,(#15051,#15058),.PCURVE_S1.);
#15047 = LINE('',#15048,#15049);
#15048 = CARTESIAN_POINT('',(10.,19.9,2.4));
#15049 = VECTOR('',#15050,1.);
#15050 = DIRECTION('',(-0.,-0.,-1.));
#15051 = PCURVE('',#14230,#15052);
#15052 = DEFINITIONAL_REPRESENTATION('',(#15053),#15057);
#15053 = LINE('',#15054,#15055);
#15054 = CARTESIAN_POINT('',(5.590169943749,0.));
#15055 = VECTOR('',#15056,1.);
#15056 = DIRECTION('',(0.,-1.));
#15057 = ( GEOMETRIC_REPRESENTATION_CONTEXT(2) 
PARAMETRIC_REPRESENTATION_CONTEXT() REPRESENTATION_CONTEXT('2D SPACE',''
  ) );
#15058 = PCURVE('',#14284,#15059);
#15059 = DEFINITIONAL_REPRESENTATION('',(#15060),#15064);
#15060 = LINE('',#15061,#15062);
#15061 = CARTESIAN_POINT('',(0.,0.));
#15062 = VECTOR('',#15063,1.);
#15063 = DIRECTION('',(0.,-1.));
#15064 = ( GEOMETRIC_REPRESENTATION_CONTEXT(2) 
PARAMETRIC_REPRESENTATION_CONTEXT() REPRESENTATION_CONTEXT('2D SPACE',''
  ) );
#15065 = ORIENTED_EDGE('',*,*,#14212,.F.);
#15066 = ADVANCED_FACE('',(#15067),#14284,.F.);
#15067 = FACE_BOUND('',#15068,.F.);
#15068 = EDGE_LOOP('',(#15069,#15070,#15093,#15114));
#15069 = ORIENTED_EDGE('',*,*,#15045,.T.);
#15070 = ORIENTED_EDGE('',*,*,#15071,.T.);
#15071 = EDGE_CURVE('',#15018,#15072,#15074,.T.);
#15072 = VERTEX_POINT('',#15073);
#15073 = CARTESIAN_POINT('',(10.,24.9,2.));
#15074 = SURFACE_CURVE('',#15075,(#15079,#15086),.PCURVE_S1.);
#15075 = LINE('',#15076,#15077);
#15076 = CARTESIAN_POINT('',(10.,19.9,2.));
#15077 = VECTOR('',#15078,1.);
#15078 = DIRECTION('',(0.,1.,0.));
#15079 = PCURVE('',#14284,#15080);
#15080 = DEFINITIONAL_REPRESENTATION('',(#15081),#15085);
#15081 = LINE('',#15082,#15083);
#15082 = CARTESIAN_POINT('',(0.,-0.4));
#15083 = VECTOR('',#15084,1.);
#15084 = DIRECTION('',(1.,0.));
#15085 = ( GEOMETRIC_REPRESENTATION_CONTEXT(2) 
PARAMETRIC_REPRESENTATION_CONTEXT() REPRESENTATION_CONTEXT('2D SPACE',''
  ) );
#15086 = PCURVE('',#15033,#15087);
#15087 = DEFINITIONAL_REPRESENTATION('',(#15088),#15092);
#15088 = LINE('',#15089,#15090);
#15089 = CARTESIAN_POINT('',(1.727457514063,-2.5));
#15090 = VECTOR('',#15091,1.);
#15091 = DIRECTION('',(0.,1.));
#15092 = ( GEOMETRIC_REPRESENTATION_CONTEXT(2) 
PARAMETRIC_REPRESENTATION_CONTEXT() REPRESENTATION_CONTEXT('2D SPACE',''
  ) );
#15093 = ORIENTED_EDGE('',*,*,#15094,.F.);
#15094 = EDGE_CURVE('',#14243,#15072,#15095,.T.);
#15095 = SURFACE_CURVE('',#15096,(#15100,#15107),.PCURVE_S1.);
#15096 = LINE('',#15097,#15098);
#15097 = CARTESIAN_POINT('',(10.,24.9,2.4));
#15098 = VECTOR('',#15099,1.);
#15099 = DIRECTION('',(-0.,-0.,-1.));
#15100 = PCURVE('',#14284,#15101);
#15101 = DEFINITIONAL_REPRESENTATION('',(#15102),#15106);
#15102 = LINE('',#15103,#15104);
#15103 = CARTESIAN_POINT('',(5.,0.));
#15104 = VECTOR('',#15105,1.);
#15105 = DIRECTION('',(0.,-1.));
#15106 = ( GEOMETRIC_REPRESENTATION_CONTEXT(2) 
PARAMETRIC_REPRESENTATION_CONTEXT() REPRESENTATION_CONTEXT('2D SPACE',''
  ) );
#15107 = PCURVE('',#14258,#15108);
#15108 = DEFINITIONAL_REPRESENTATION('',(#15109),#15113);
#15109 = LINE('',#15110,#15111);
#15110 = CARTESIAN_POINT('',(0.,0.));
#15111 = VECTOR('',#15112,1.);
#15112 = DIRECTION('',(0.,-1.));
#15113 = ( GEOMETRIC_REPRESENTATION_CONTEXT(2) 
PARAMETRIC_REPRESENTATION_CONTEXT() REPRESENTATION_CONTEXT('2D SPACE',''
  ) );
#15114 = ORIENTED_EDGE('',*,*,#14270,.F.);
#15115 = ADVANCED_FACE('',(#15116),#14258,.F.);
#15116 = FACE_BOUND('',#15117,.F.);
#15117 = EDGE_LOOP('',(#15118,#15119,#15140,#15141));
#15118 = ORIENTED_EDGE('',*,*,#15094,.T.);
#15119 = ORIENTED_EDGE('',*,*,#15120,.T.);
#15120 = EDGE_CURVE('',#15072,#14995,#15121,.T.);
#15121 = SURFACE_CURVE('',#15122,(#15126,#15133),.PCURVE_S1.);
#15122 = LINE('',#15123,#15124);
#15123 = CARTESIAN_POINT('',(10.,24.9,2.));
#15124 = VECTOR('',#15125,1.);
#15125 = DIRECTION('',(-0.894427191,-0.4472135955,0.));
#15126 = PCURVE('',#14258,#15127);
#15127 = DEFINITIONAL_REPRESENTATION('',(#15128),#15132);
#15128 = LINE('',#15129,#15130);
#15129 = CARTESIAN_POINT('',(-0.,-0.4));
#15130 = VECTOR('',#15131,1.);
#15131 = DIRECTION('',(1.,0.));
#15132 = ( GEOMETRIC_REPRESENTATION_CONTEXT(2) 
PARAMETRIC_REPRESENTATION_CONTEXT() REPRESENTATION_CONTEXT('2D SPACE',''
  ) );
#15133 = PCURVE('',#15033,#15134);
#15134 = DEFINITIONAL_REPRESENTATION('',(#15135),#15139);
#15135 = LINE('',#15136,#15137);
#15136 = CARTESIAN_POINT('',(1.727457514063,2.5));
#15137 = VECTOR('',#15138,1.);
#15138 = DIRECTION('',(-0.894427191,-0.4472135955));
#15139 = ( GEOMETRIC_REPRESENTATION_CONTEXT(2) 
PARAMETRIC_REPRESENTATION_CONTEXT() REPRESENTATION_CONTEXT('2D SPACE',''
  ) );
#15140 = ORIENTED_EDGE('',*,*,#14994,.F.);
#15141 = ORIENTED_EDGE('',*,*,#14242,.F.);
#15142 = ADVANCED_FACE('',(#15143),#14358,.T.);
#15143 = FACE_BOUND('',#15144,.T.);
#15144 = EDGE_LOOP('',(#15145,#15168,#15169,#15192));
#15145 = ORIENTED_EDGE('',*,*,#15146,.T.);
#15146 = EDGE_CURVE('',#15147,#14300,#15149,.T.);
#15147 = VERTEX_POINT('',#15148);
#15148 = CARTESIAN_POINT('',(0.,4.,0.));
#15149 = SURFACE_CURVE('',#15150,(#15154,#15161),.PCURVE_S1.);
#15150 = LINE('',#15151,#15152);
#15151 = CARTESIAN_POINT('',(0.,4.,0.));
#15152 = VECTOR('',#15153,1.);
#15153 = DIRECTION('',(0.,0.,1.));
#15154 = PCURVE('',#14358,#15155);
#15155 = DEFINITIONAL_REPRESENTATION('',(#15156),#15160);
#15156 = LINE('',#15157,#15158);
#15157 = CARTESIAN_POINT('',(0.,0.));
#15158 = VECTOR('',#15159,1.);
#15159 = DIRECTION('',(0.,-1.));
#15160 = ( GEOMETRIC_REPRESENTATION_CONTEXT(2) 
PARAMETRIC_REPRESENTATION_CONTEXT() REPRESENTATION_CONTEXT('2D SPACE',''
  ) );
#15161 = PCURVE('',#14412,#15162);
#15162 = DEFINITIONAL_REPRESENTATION('',(#15163),#15167);
#15163 = LINE('',#15164,#15165);
#15164 = CARTESIAN_POINT('',(3.14159265359,0.));
#15165 = VECTOR('',#15166,1.);
#15166 = DIRECTION('',(-0.,-1.));
#15167 = ( GEOMETRIC_REPRESENTATION_CONTEXT(2) 
PARAMETRIC_REPRESENTATION_CONTEXT() REPRESENTATION_CONTEXT('2D SPACE',''
  ) );
#15168 = ORIENTED_EDGE('',*,*,#14344,.T.);
#15169 = ORIENTED_EDGE('',*,*,#15170,.F.);
#15170 = EDGE_CURVE('',#15171,#14323,#15173,.T.);
#15171 = VERTEX_POINT('',#15172);
#15172 = CARTESIAN_POINT('',(0.,40.799999996905,0.));
#15173 = SURFACE_CURVE('',#15174,(#15178,#15185),.PCURVE_S1.);
#15174 = LINE('',#15175,#15176);
#15175 = CARTESIAN_POINT('',(0.,40.799999996905,0.));
#15176 = VECTOR('',#15177,1.);
#15177 = DIRECTION('',(0.,0.,1.));
#15178 = PCURVE('',#14358,#15179);
#15179 = DEFINITIONAL_REPRESENTATION('',(#15180),#15184);
#15180 = LINE('',#15181,#15182);
#15181 = CARTESIAN_POINT('',(36.799999996905,0.));
#15182 = VECTOR('',#15183,1.);
#15183 = DIRECTION('',(0.,-1.));
#15184 = ( GEOMETRIC_REPRESENTATION_CONTEXT(2) 
PARAMETRIC_REPRESENTATION_CONTEXT() REPRESENTATION_CONTEXT('2D SPACE',''
  ) );
#15185 = PCURVE('',#14466,#15186);
#15186 = DEFINITIONAL_REPRESENTATION('',(#15187),#15191);
#15187 = LINE('',#15188,#15189);
#15188 = CARTESIAN_POINT('',(3.14159265359,0.));
#15189 = VECTOR('',#15190,1.);
#15190 = DIRECTION('',(-0.,-1.));
#15191 = ( GEOMETRIC_REPRESENTATION_CONTEXT(2) 
PARAMETRIC_REPRESENTATION_CONTEXT() REPRESENTATION_CONTEXT('2D SPACE',''
  ) );
#15192 = ORIENTED_EDGE('',*,*,#15193,.F.);
#15193 = EDGE_CURVE('',#15147,#15171,#15194,.T.);
#15194 = SURFACE_CURVE('',#15195,(#15199,#15206),.PCURVE_S1.);
#15195 = LINE('',#15196,#15197);
#15196 = CARTESIAN_POINT('',(0.,22.4,0.));
#15197 = VECTOR('',#15198,1.);
#15198 = DIRECTION('',(0.,1.,0.));
#15199 = PCURVE('',#14358,#15200);
#15200 = DEFINITIONAL_REPRESENTATION('',(#15201),#15205);
#15201 = LINE('',#15202,#15203);
#15202 = CARTESIAN_POINT('',(18.4,0.));
#15203 = VECTOR('',#15204,1.);
#15204 = DIRECTION('',(1.,0.));
#15205 = ( GEOMETRIC_REPRESENTATION_CONTEXT(2) 
PARAMETRIC_REPRESENTATION_CONTEXT() REPRESENTATION_CONTEXT('2D SPACE',''
  ) );
#15206 = PCURVE('',#15207,#15212);
#15207 = PLANE('',#15208);
#15208 = AXIS2_PLACEMENT_3D('',#15209,#15210,#15211);
#15209 = CARTESIAN_POINT('',(36.4,22.399999999332,0.));
#15210 = DIRECTION('',(0.,0.,1.));
#15211 = DIRECTION('',(1.,0.,-0.));
#15212 = DEFINITIONAL_REPRESENTATION('',(#15213),#15217);
#15213 = LINE('',#15214,#15215);
#15214 = CARTESIAN_POINT('',(-36.4,6.679989894565E-10));
#15215 = VECTOR('',#15216,1.);
#15216 = DIRECTION('',(0.,1.));
#15217 = ( GEOMETRIC_REPRESENTATION_CONTEXT(2) 
PARAMETRIC_REPRESENTATION_CONTEXT() REPRESENTATION_CONTEXT('2D SPACE',''
  ) );
#15218 = ADVANCED_FACE('',(#15219),#14412,.T.);
#15219 = FACE_BOUND('',#15220,.T.);
#15220 = EDGE_LOOP('',(#15221,#15245,#15266,#15267));
#15221 = ORIENTED_EDGE('',*,*,#15222,.T.);
#15222 = EDGE_CURVE('',#15147,#15223,#15225,.T.);
#15223 = VERTEX_POINT('',#15224);
#15224 = CARTESIAN_POINT('',(4.,0.,0.));
#15225 = SURFACE_CURVE('',#15226,(#15231,#15238),.PCURVE_S1.);
#15226 = CIRCLE('',#15227,4.);
#15227 = AXIS2_PLACEMENT_3D('',#15228,#15229,#15230);
#15228 = CARTESIAN_POINT('',(4.,4.,0.));
#15229 = DIRECTION('',(0.,0.,1.));
#15230 = DIRECTION('',(1.,0.,-0.));
#15231 = PCURVE('',#14412,#15232);
#15232 = DEFINITIONAL_REPRESENTATION('',(#15233),#15237);
#15233 = LINE('',#15234,#15235);
#15234 = CARTESIAN_POINT('',(6.28318530718,0.));
#15235 = VECTOR('',#15236,1.);
#15236 = DIRECTION('',(-1.,0.));
#15237 = ( GEOMETRIC_REPRESENTATION_CONTEXT(2) 
PARAMETRIC_REPRESENTATION_CONTEXT() REPRESENTATION_CONTEXT('2D SPACE',''
  ) );
#15238 = PCURVE('',#15207,#15239);
#15239 = DEFINITIONAL_REPRESENTATION('',(#15240),#15244);
#15240 = CIRCLE('',#15241,4.);
#15241 = AXIS2_PLACEMENT_2D('',#15242,#15243);
#15242 = CARTESIAN_POINT('',(-32.4,-18.39999999933));
#15243 = DIRECTION('',(1.,0.));
#15244 = ( GEOMETRIC_REPRESENTATION_CONTEXT(2) 
PARAMETRIC_REPRESENTATION_CONTEXT() REPRESENTATION_CONTEXT('2D SPACE',''
  ) );
#15245 = ORIENTED_EDGE('',*,*,#15246,.T.);
#15246 = EDGE_CURVE('',#15223,#14374,#15247,.T.);
#15247 = SURFACE_CURVE('',#15248,(#15252,#15259),.PCURVE_S1.);
#15248 = LINE('',#15249,#15250);
#15249 = CARTESIAN_POINT('',(4.,0.,0.));
#15250 = VECTOR('',#15251,1.);
#15251 = DIRECTION('',(0.,0.,1.));
#15252 = PCURVE('',#14412,#15253);
#15253 = DEFINITIONAL_REPRESENTATION('',(#15254),#15258);
#15254 = LINE('',#15255,#15256);
#15255 = CARTESIAN_POINT('',(1.570796326795,0.));
#15256 = VECTOR('',#15257,1.);
#15257 = DIRECTION('',(-0.,-1.));
#15258 = ( GEOMETRIC_REPRESENTATION_CONTEXT(2) 
PARAMETRIC_REPRESENTATION_CONTEXT() REPRESENTATION_CONTEXT('2D SPACE',''
  ) );
#15259 = PCURVE('',#14519,#15260);
#15260 = DEFINITIONAL_REPRESENTATION('',(#15261),#15265);
#15261 = LINE('',#15262,#15263);
#15262 = CARTESIAN_POINT('',(0.,0.));
#15263 = VECTOR('',#15264,1.);
#15264 = DIRECTION('',(0.,-1.));
#15265 = ( GEOMETRIC_REPRESENTATION_CONTEXT(2) 
PARAMETRIC_REPRESENTATION_CONTEXT() REPRESENTATION_CONTEXT('2D SPACE',''
  ) );
#15266 = ORIENTED_EDGE('',*,*,#14397,.T.);
#15267 = ORIENTED_EDGE('',*,*,#15146,.F.);
#15268 = ADVANCED_FACE('',(#15269),#14466,.T.);
#15269 = FACE_BOUND('',#15270,.T.);
#15270 = EDGE_LOOP('',(#15271,#15295,#15296,#15297));
#15271 = ORIENTED_EDGE('',*,*,#15272,.T.);
#15272 = EDGE_CURVE('',#15273,#15171,#15275,.T.);
#15273 = VERTEX_POINT('',#15274);
#15274 = CARTESIAN_POINT('',(4.,44.799999998452,0.));
#15275 = SURFACE_CURVE('',#15276,(#15281,#15288),.PCURVE_S1.);
#15276 = CIRCLE('',#15277,4.);
#15277 = AXIS2_PLACEMENT_3D('',#15278,#15279,#15280);
#15278 = CARTESIAN_POINT('',(4.,40.799999996905,0.));
#15279 = DIRECTION('',(0.,0.,1.));
#15280 = DIRECTION('',(1.,0.,-0.));
#15281 = PCURVE('',#14466,#15282);
#15282 = DEFINITIONAL_REPRESENTATION('',(#15283),#15287);
#15283 = LINE('',#15284,#15285);
#15284 = CARTESIAN_POINT('',(6.28318530718,0.));
#15285 = VECTOR('',#15286,1.);
#15286 = DIRECTION('',(-1.,0.));
#15287 = ( GEOMETRIC_REPRESENTATION_CONTEXT(2) 
PARAMETRIC_REPRESENTATION_CONTEXT() REPRESENTATION_CONTEXT('2D SPACE',''
  ) );
#15288 = PCURVE('',#15207,#15289);
#15289 = DEFINITIONAL_REPRESENTATION('',(#15290),#15294);
#15290 = CIRCLE('',#15291,4.);
#15291 = AXIS2_PLACEMENT_2D('',#15292,#15293);
#15292 = CARTESIAN_POINT('',(-32.4,18.399999997573));
#15293 = DIRECTION('',(1.,0.));
#15294 = ( GEOMETRIC_REPRESENTATION_CONTEXT(2) 
PARAMETRIC_REPRESENTATION_CONTEXT() REPRESENTATION_CONTEXT('2D SPACE',''
  ) );
#15295 = ORIENTED_EDGE('',*,*,#15170,.T.);
#15296 = ORIENTED_EDGE('',*,*,#14451,.T.);
#15297 = ORIENTED_EDGE('',*,*,#15298,.F.);
#15298 = EDGE_CURVE('',#15273,#14430,#15299,.T.);
#15299 = SURFACE_CURVE('',#15300,(#15304,#15311),.PCURVE_S1.);
#15300 = LINE('',#15301,#15302);
#15301 = CARTESIAN_POINT('',(4.,44.799999998452,0.));
#15302 = VECTOR('',#15303,1.);
#15303 = DIRECTION('',(0.,0.,1.));
#15304 = PCURVE('',#14466,#15305);
#15305 = DEFINITIONAL_REPRESENTATION('',(#15306),#15310);
#15306 = LINE('',#15307,#15308);
#15307 = CARTESIAN_POINT('',(4.712388980385,0.));
#15308 = VECTOR('',#15309,1.);
#15309 = DIRECTION('',(-0.,-1.));
#15310 = ( GEOMETRIC_REPRESENTATION_CONTEXT(2) 
PARAMETRIC_REPRESENTATION_CONTEXT() REPRESENTATION_CONTEXT('2D SPACE',''
  ) );
#15311 = PCURVE('',#14572,#15312);
#15312 = DEFINITIONAL_REPRESENTATION('',(#15313),#15317);
#15313 = LINE('',#15314,#15315);
#15314 = CARTESIAN_POINT('',(0.,0.));
#15315 = VECTOR('',#15316,1.);
#15316 = DIRECTION('',(0.,-1.));
#15317 = ( GEOMETRIC_REPRESENTATION_CONTEXT(2) 
PARAMETRIC_REPRESENTATION_CONTEXT() REPRESENTATION_CONTEXT('2D SPACE',''
  ) );
#15318 = ADVANCED_FACE('',(#15319),#14519,.F.);
#15319 = FACE_BOUND('',#15320,.F.);
#15320 = EDGE_LOOP('',(#15321,#15322,#15323,#15346));
#15321 = ORIENTED_EDGE('',*,*,#15246,.T.);
#15322 = ORIENTED_EDGE('',*,*,#14505,.F.);
#15323 = ORIENTED_EDGE('',*,*,#15324,.F.);
#15324 = EDGE_CURVE('',#15325,#14482,#15327,.T.);
#15325 = VERTEX_POINT('',#15326);
#15326 = CARTESIAN_POINT('',(68.8,0.,0.));
#15327 = SURFACE_CURVE('',#15328,(#15332,#15339),.PCURVE_S1.);
#15328 = LINE('',#15329,#15330);
#15329 = CARTESIAN_POINT('',(68.8,0.,0.));
#15330 = VECTOR('',#15331,1.);
#15331 = DIRECTION('',(0.,0.,1.));
#15332 = PCURVE('',#14519,#15333);
#15333 = DEFINITIONAL_REPRESENTATION('',(#15334),#15338);
#15334 = LINE('',#15335,#15336);
#15335 = CARTESIAN_POINT('',(64.8,0.));
#15336 = VECTOR('',#15337,1.);
#15337 = DIRECTION('',(0.,-1.));
#15338 = ( GEOMETRIC_REPRESENTATION_CONTEXT(2) 
PARAMETRIC_REPRESENTATION_CONTEXT() REPRESENTATION_CONTEXT('2D SPACE',''
  ) );
#15339 = PCURVE('',#14626,#15340);
#15340 = DEFINITIONAL_REPRESENTATION('',(#15341),#15345);
#15341 = LINE('',#15342,#15343);
#15342 = CARTESIAN_POINT('',(1.570796326795,0.));
#15343 = VECTOR('',#15344,1.);
#15344 = DIRECTION('',(-0.,-1.));
#15345 = ( GEOMETRIC_REPRESENTATION_CONTEXT(2) 
PARAMETRIC_REPRESENTATION_CONTEXT() REPRESENTATION_CONTEXT('2D SPACE',''
  ) );
#15346 = ORIENTED_EDGE('',*,*,#15347,.F.);
#15347 = EDGE_CURVE('',#15223,#15325,#15348,.T.);
#15348 = SURFACE_CURVE('',#15349,(#15353,#15360),.PCURVE_S1.);
#15349 = LINE('',#15350,#15351);
#15350 = CARTESIAN_POINT('',(36.4,2.13162820728E-13,0.));
#15351 = VECTOR('',#15352,1.);
#15352 = DIRECTION('',(1.,0.,0.));
#15353 = PCURVE('',#14519,#15354);
#15354 = DEFINITIONAL_REPRESENTATION('',(#15355),#15359);
#15355 = LINE('',#15356,#15357);
#15356 = CARTESIAN_POINT('',(32.4,0.));
#15357 = VECTOR('',#15358,1.);
#15358 = DIRECTION('',(1.,0.));
#15359 = ( GEOMETRIC_REPRESENTATION_CONTEXT(2) 
PARAMETRIC_REPRESENTATION_CONTEXT() REPRESENTATION_CONTEXT('2D SPACE',''
  ) );
#15360 = PCURVE('',#15207,#15361);
#15361 = DEFINITIONAL_REPRESENTATION('',(#15362),#15366);
#15362 = LINE('',#15363,#15364);
#15363 = CARTESIAN_POINT('',(0.,-22.39999999933));
#15364 = VECTOR('',#15365,1.);
#15365 = DIRECTION('',(1.,0.));
#15366 = ( GEOMETRIC_REPRESENTATION_CONTEXT(2) 
PARAMETRIC_REPRESENTATION_CONTEXT() REPRESENTATION_CONTEXT('2D SPACE',''
  ) );
#15367 = ADVANCED_FACE('',(#15368),#14572,.T.);
#15368 = FACE_BOUND('',#15369,.T.);
#15369 = EDGE_LOOP('',(#15370,#15371,#15372,#15395));
#15370 = ORIENTED_EDGE('',*,*,#15298,.T.);
#15371 = ORIENTED_EDGE('',*,*,#14558,.T.);
#15372 = ORIENTED_EDGE('',*,*,#15373,.F.);
#15373 = EDGE_CURVE('',#15374,#14537,#15376,.T.);
#15374 = VERTEX_POINT('',#15375);
#15375 = CARTESIAN_POINT('',(68.8,44.799999998452,0.));
#15376 = SURFACE_CURVE('',#15377,(#15381,#15388),.PCURVE_S1.);
#15377 = LINE('',#15378,#15379);
#15378 = CARTESIAN_POINT('',(68.8,44.799999998452,0.));
#15379 = VECTOR('',#15380,1.);
#15380 = DIRECTION('',(0.,0.,1.));
#15381 = PCURVE('',#14572,#15382);
#15382 = DEFINITIONAL_REPRESENTATION('',(#15383),#15387);
#15383 = LINE('',#15384,#15385);
#15384 = CARTESIAN_POINT('',(64.8,0.));
#15385 = VECTOR('',#15386,1.);
#15386 = DIRECTION('',(0.,-1.));
#15387 = ( GEOMETRIC_REPRESENTATION_CONTEXT(2) 
PARAMETRIC_REPRESENTATION_CONTEXT() REPRESENTATION_CONTEXT('2D SPACE',''
  ) );
#15388 = PCURVE('',#14680,#15389);
#15389 = DEFINITIONAL_REPRESENTATION('',(#15390),#15394);
#15390 = LINE('',#15391,#15392);
#15391 = CARTESIAN_POINT('',(4.712388980385,0.));
#15392 = VECTOR('',#15393,1.);
#15393 = DIRECTION('',(-0.,-1.));
#15394 = ( GEOMETRIC_REPRESENTATION_CONTEXT(2) 
PARAMETRIC_REPRESENTATION_CONTEXT() REPRESENTATION_CONTEXT('2D SPACE',''
  ) );
#15395 = ORIENTED_EDGE('',*,*,#15396,.F.);
#15396 = EDGE_CURVE('',#15273,#15374,#15397,.T.);
#15397 = SURFACE_CURVE('',#15398,(#15402,#15409),.PCURVE_S1.);
#15398 = LINE('',#15399,#15400);
#15399 = CARTESIAN_POINT('',(36.4,44.8,0.));
#15400 = VECTOR('',#15401,1.);
#15401 = DIRECTION('',(1.,0.,0.));
#15402 = PCURVE('',#14572,#15403);
#15403 = DEFINITIONAL_REPRESENTATION('',(#15404),#15408);
#15404 = LINE('',#15405,#15406);
#15405 = CARTESIAN_POINT('',(32.4,0.));
#15406 = VECTOR('',#15407,1.);
#15407 = DIRECTION('',(1.,0.));
#15408 = ( GEOMETRIC_REPRESENTATION_CONTEXT(2) 
PARAMETRIC_REPRESENTATION_CONTEXT() REPRESENTATION_CONTEXT('2D SPACE',''
  ) );
#15409 = PCURVE('',#15207,#15410);
#15410 = DEFINITIONAL_REPRESENTATION('',(#15411),#15415);
#15411 = LINE('',#15412,#15413);
#15412 = CARTESIAN_POINT('',(0.,22.400000000668));
#15413 = VECTOR('',#15414,1.);
#15414 = DIRECTION('',(1.,0.));
#15415 = ( GEOMETRIC_REPRESENTATION_CONTEXT(2) 
PARAMETRIC_REPRESENTATION_CONTEXT() REPRESENTATION_CONTEXT('2D SPACE',''
  ) );
#15416 = ADVANCED_FACE('',(#15417),#14626,.T.);
#15417 = FACE_BOUND('',#15418,.T.);
#15418 = EDGE_LOOP('',(#15419,#15443,#15464,#15465));
#15419 = ORIENTED_EDGE('',*,*,#15420,.T.);
#15420 = EDGE_CURVE('',#15325,#15421,#15423,.T.);
#15421 = VERTEX_POINT('',#15422);
#15422 = CARTESIAN_POINT('',(72.8,4.,0.));
#15423 = SURFACE_CURVE('',#15424,(#15429,#15436),.PCURVE_S1.);
#15424 = CIRCLE('',#15425,4.);
#15425 = AXIS2_PLACEMENT_3D('',#15426,#15427,#15428);
#15426 = CARTESIAN_POINT('',(68.8,4.,0.));
#15427 = DIRECTION('',(0.,0.,1.));
#15428 = DIRECTION('',(1.,0.,-0.));
#15429 = PCURVE('',#14626,#15430);
#15430 = DEFINITIONAL_REPRESENTATION('',(#15431),#15435);
#15431 = LINE('',#15432,#15433);
#15432 = CARTESIAN_POINT('',(6.28318530718,0.));
#15433 = VECTOR('',#15434,1.);
#15434 = DIRECTION('',(-1.,0.));
#15435 = ( GEOMETRIC_REPRESENTATION_CONTEXT(2) 
PARAMETRIC_REPRESENTATION_CONTEXT() REPRESENTATION_CONTEXT('2D SPACE',''
  ) );
#15436 = PCURVE('',#15207,#15437);
#15437 = DEFINITIONAL_REPRESENTATION('',(#15438),#15442);
#15438 = CIRCLE('',#15439,4.);
#15439 = AXIS2_PLACEMENT_2D('',#15440,#15441);
#15440 = CARTESIAN_POINT('',(32.4,-18.39999999933));
#15441 = DIRECTION('',(1.,0.));
#15442 = ( GEOMETRIC_REPRESENTATION_CONTEXT(2) 
PARAMETRIC_REPRESENTATION_CONTEXT() REPRESENTATION_CONTEXT('2D SPACE',''
  ) );
#15443 = ORIENTED_EDGE('',*,*,#15444,.T.);
#15444 = EDGE_CURVE('',#15421,#14588,#15445,.T.);
#15445 = SURFACE_CURVE('',#15446,(#15450,#15457),.PCURVE_S1.);
#15446 = LINE('',#15447,#15448);
#15447 = CARTESIAN_POINT('',(72.8,4.,0.));
#15448 = VECTOR('',#15449,1.);
#15449 = DIRECTION('',(0.,0.,1.));
#15450 = PCURVE('',#14626,#15451);
#15451 = DEFINITIONAL_REPRESENTATION('',(#15452),#15456);
#15452 = LINE('',#15453,#15454);
#15453 = CARTESIAN_POINT('',(-4.138911435803E-13,0.));
#15454 = VECTOR('',#15455,1.);
#15455 = DIRECTION('',(-0.,-1.));
#15456 = ( GEOMETRIC_REPRESENTATION_CONTEXT(2) 
PARAMETRIC_REPRESENTATION_CONTEXT() REPRESENTATION_CONTEXT('2D SPACE',''
  ) );
#15457 = PCURVE('',#14712,#15458);
#15458 = DEFINITIONAL_REPRESENTATION('',(#15459),#15463);
#15459 = LINE('',#15460,#15461);
#15460 = CARTESIAN_POINT('',(0.,0.));
#15461 = VECTOR('',#15462,1.);
#15462 = DIRECTION('',(0.,-1.));
#15463 = ( GEOMETRIC_REPRESENTATION_CONTEXT(2) 
PARAMETRIC_REPRESENTATION_CONTEXT() REPRESENTATION_CONTEXT('2D SPACE',''
  ) );
#15464 = ORIENTED_EDGE('',*,*,#14611,.T.);
#15465 = ORIENTED_EDGE('',*,*,#15324,.F.);
#15466 = ADVANCED_FACE('',(#15467),#14680,.T.);
#15467 = FACE_BOUND('',#15468,.T.);
#15468 = EDGE_LOOP('',(#15469,#15493,#15494,#15495));
#15469 = ORIENTED_EDGE('',*,*,#15470,.T.);
#15470 = EDGE_CURVE('',#15471,#15374,#15473,.T.);
#15471 = VERTEX_POINT('',#15472);
#15472 = CARTESIAN_POINT('',(72.8,40.799999996905,0.));
#15473 = SURFACE_CURVE('',#15474,(#15479,#15486),.PCURVE_S1.);
#15474 = CIRCLE('',#15475,4.);
#15475 = AXIS2_PLACEMENT_3D('',#15476,#15477,#15478);
#15476 = CARTESIAN_POINT('',(68.8,40.799999996905,0.));
#15477 = DIRECTION('',(0.,0.,1.));
#15478 = DIRECTION('',(1.,0.,-0.));
#15479 = PCURVE('',#14680,#15480);
#15480 = DEFINITIONAL_REPRESENTATION('',(#15481),#15485);
#15481 = LINE('',#15482,#15483);
#15482 = CARTESIAN_POINT('',(6.28318530718,0.));
#15483 = VECTOR('',#15484,1.);
#15484 = DIRECTION('',(-1.,0.));
#15485 = ( GEOMETRIC_REPRESENTATION_CONTEXT(2) 
PARAMETRIC_REPRESENTATION_CONTEXT() REPRESENTATION_CONTEXT('2D SPACE',''
  ) );
#15486 = PCURVE('',#15207,#15487);
#15487 = DEFINITIONAL_REPRESENTATION('',(#15488),#15492);
#15488 = CIRCLE('',#15489,4.);
#15489 = AXIS2_PLACEMENT_2D('',#15490,#15491);
#15490 = CARTESIAN_POINT('',(32.4,18.399999997573));
#15491 = DIRECTION('',(1.,0.));
#15492 = ( GEOMETRIC_REPRESENTATION_CONTEXT(2) 
PARAMETRIC_REPRESENTATION_CONTEXT() REPRESENTATION_CONTEXT('2D SPACE',''
  ) );
#15493 = ORIENTED_EDGE('',*,*,#15373,.T.);
#15494 = ORIENTED_EDGE('',*,*,#14665,.T.);
#15495 = ORIENTED_EDGE('',*,*,#15496,.F.);
#15496 = EDGE_CURVE('',#15471,#14644,#15497,.T.);
#15497 = SURFACE_CURVE('',#15498,(#15502,#15509),.PCURVE_S1.);
#15498 = LINE('',#15499,#15500);
#15499 = CARTESIAN_POINT('',(72.8,40.799999996905,0.));
#15500 = VECTOR('',#15501,1.);
#15501 = DIRECTION('',(0.,0.,1.));
#15502 = PCURVE('',#14680,#15503);
#15503 = DEFINITIONAL_REPRESENTATION('',(#15504),#15508);
#15504 = LINE('',#15505,#15506);
#15505 = CARTESIAN_POINT('',(6.28318530718,0.));
#15506 = VECTOR('',#15507,1.);
#15507 = DIRECTION('',(-0.,-1.));
#15508 = ( GEOMETRIC_REPRESENTATION_CONTEXT(2) 
PARAMETRIC_REPRESENTATION_CONTEXT() REPRESENTATION_CONTEXT('2D SPACE',''
  ) );
#15509 = PCURVE('',#14712,#15510);
#15510 = DEFINITIONAL_REPRESENTATION('',(#15511),#15515);
#15511 = LINE('',#15512,#15513);
#15512 = CARTESIAN_POINT('',(36.799999996905,0.));
#15513 = VECTOR('',#15514,1.);
#15514 = DIRECTION('',(0.,-1.));
#15515 = ( GEOMETRIC_REPRESENTATION_CONTEXT(2) 
PARAMETRIC_REPRESENTATION_CONTEXT() REPRESENTATION_CONTEXT('2D SPACE',''
  ) );
#15516 = ADVANCED_FACE('',(#15517),#14712,.F.);
#15517 = FACE_BOUND('',#15518,.F.);
#15518 = EDGE_LOOP('',(#15519,#15520,#15521,#15522));
#15519 = ORIENTED_EDGE('',*,*,#15444,.T.);
#15520 = ORIENTED_EDGE('',*,*,#14698,.F.);
#15521 = ORIENTED_EDGE('',*,*,#15496,.F.);
#15522 = ORIENTED_EDGE('',*,*,#15523,.F.);
#15523 = EDGE_CURVE('',#15421,#15471,#15524,.T.);
#15524 = SURFACE_CURVE('',#15525,(#15529,#15536),.PCURVE_S1.);
#15525 = LINE('',#15526,#15527);
#15526 = CARTESIAN_POINT('',(72.8,22.4,0.));
#15527 = VECTOR('',#15528,1.);
#15528 = DIRECTION('',(0.,1.,0.));
#15529 = PCURVE('',#14712,#15530);
#15530 = DEFINITIONAL_REPRESENTATION('',(#15531),#15535);
#15531 = LINE('',#15532,#15533);
#15532 = CARTESIAN_POINT('',(18.4,0.));
#15533 = VECTOR('',#15534,1.);
#15534 = DIRECTION('',(1.,0.));
#15535 = ( GEOMETRIC_REPRESENTATION_CONTEXT(2) 
PARAMETRIC_REPRESENTATION_CONTEXT() REPRESENTATION_CONTEXT('2D SPACE',''
  ) );
#15536 = PCURVE('',#15207,#15537);
#15537 = DEFINITIONAL_REPRESENTATION('',(#15538),#15542);
#15538 = LINE('',#15539,#15540);
#15539 = CARTESIAN_POINT('',(36.4,6.679989894565E-10));
#15540 = VECTOR('',#15541,1.);
#15541 = DIRECTION('',(0.,1.));
#15542 = ( GEOMETRIC_REPRESENTATION_CONTEXT(2) 
PARAMETRIC_REPRESENTATION_CONTEXT() REPRESENTATION_CONTEXT('2D SPACE',''
  ) );
#15543 = ADVANCED_FACE('',(#15544),#14767,.F.);
#15544 = FACE_BOUND('',#15545,.F.);
#15545 = EDGE_LOOP('',(#15546,#15577,#15598,#15599));
#15546 = ORIENTED_EDGE('',*,*,#15547,.T.);
#15547 = EDGE_CURVE('',#15548,#15550,#15552,.T.);
#15548 = VERTEX_POINT('',#15549);
#15549 = CARTESIAN_POINT('',(42.293194945121,20.904314067063,0.4));
#15550 = VERTEX_POINT('',#15551);
#15551 = CARTESIAN_POINT('',(42.586805054879,25.895685932937,0.4));
#15552 = SURFACE_CURVE('',#15553,(#15558,#15565),.PCURVE_S1.);
#15553 = CIRCLE('',#15554,2.5);
#15554 = AXIS2_PLACEMENT_3D('',#15555,#15556,#15557);
#15555 = CARTESIAN_POINT('',(42.44,23.4,0.4));
#15556 = DIRECTION('',(0.,0.,1.));
#15557 = DIRECTION('',(-5.872202195147E-02,-0.998274373175,0.));
#15558 = PCURVE('',#14767,#15559);
#15559 = DEFINITIONAL_REPRESENTATION('',(#15560),#15564);
#15560 = LINE('',#15561,#15562);
#15561 = CARTESIAN_POINT('',(1.570796326795,-2.));
#15562 = VECTOR('',#15563,1.);
#15563 = DIRECTION('',(1.,-0.));
#15564 = ( GEOMETRIC_REPRESENTATION_CONTEXT(2) 
PARAMETRIC_REPRESENTATION_CONTEXT() REPRESENTATION_CONTEXT('2D SPACE',''
  ) );
#15565 = PCURVE('',#15566,#15571);
#15566 = CONICAL_SURFACE('',#15567,2.5,0.785398163397);
#15567 = AXIS2_PLACEMENT_3D('',#15568,#15569,#15570);
#15568 = CARTESIAN_POINT('',(42.44,23.4,0.4));
#15569 = DIRECTION('',(-0.,-0.,-1.));
#15570 = DIRECTION('',(-5.872202195147E-02,-0.998274373175,0.));
#15571 = DEFINITIONAL_REPRESENTATION('',(#15572),#15576);
#15572 = LINE('',#15573,#15574);
#15573 = CARTESIAN_POINT('',(6.28318530718,0.));
#15574 = VECTOR('',#15575,1.);
#15575 = DIRECTION('',(-1.,0.));
#15576 = ( GEOMETRIC_REPRESENTATION_CONTEXT(2) 
PARAMETRIC_REPRESENTATION_CONTEXT() REPRESENTATION_CONTEXT('2D SPACE',''
  ) );
#15577 = ORIENTED_EDGE('',*,*,#15578,.F.);
#15578 = EDGE_CURVE('',#14751,#15550,#15579,.T.);
#15579 = SURFACE_CURVE('',#15580,(#15584,#15591),.PCURVE_S1.);
#15580 = LINE('',#15581,#15582);
#15581 = CARTESIAN_POINT('',(42.586805054879,25.895685932937,2.4));
#15582 = VECTOR('',#15583,1.);
#15583 = DIRECTION('',(-0.,-0.,-1.));
#15584 = PCURVE('',#14767,#15585);
#15585 = DEFINITIONAL_REPRESENTATION('',(#15586),#15590);
#15586 = LINE('',#15587,#15588);
#15587 = CARTESIAN_POINT('',(4.712388980385,0.));
#15588 = VECTOR('',#15589,1.);
#15589 = DIRECTION('',(-0.,-1.));
#15590 = ( GEOMETRIC_REPRESENTATION_CONTEXT(2) 
PARAMETRIC_REPRESENTATION_CONTEXT() REPRESENTATION_CONTEXT('2D SPACE',''
  ) );
#15591 = PCURVE('',#14838,#15592);
#15592 = DEFINITIONAL_REPRESENTATION('',(#15593),#15597);
#15593 = LINE('',#15594,#15595);
#15594 = CARTESIAN_POINT('',(0.,0.));
#15595 = VECTOR('',#15596,1.);
#15596 = DIRECTION('',(0.,-1.));
#15597 = ( GEOMETRIC_REPRESENTATION_CONTEXT(2) 
PARAMETRIC_REPRESENTATION_CONTEXT() REPRESENTATION_CONTEXT('2D SPACE',''
  ) );
#15598 = ORIENTED_EDGE('',*,*,#14750,.T.);
#15599 = ORIENTED_EDGE('',*,*,#15600,.T.);
#15600 = EDGE_CURVE('',#14729,#15548,#15601,.T.);
#15601 = SURFACE_CURVE('',#15602,(#15606,#15613),.PCURVE_S1.);
#15602 = LINE('',#15603,#15604);
#15603 = CARTESIAN_POINT('',(42.293194945121,20.904314067063,2.4));
#15604 = VECTOR('',#15605,1.);
#15605 = DIRECTION('',(-0.,-0.,-1.));
#15606 = PCURVE('',#14767,#15607);
#15607 = DEFINITIONAL_REPRESENTATION('',(#15608),#15612);
#15608 = LINE('',#15609,#15610);
#15609 = CARTESIAN_POINT('',(1.570796326795,0.));
#15610 = VECTOR('',#15611,1.);
#15611 = DIRECTION('',(-0.,-1.));
#15612 = ( GEOMETRIC_REPRESENTATION_CONTEXT(2) 
PARAMETRIC_REPRESENTATION_CONTEXT() REPRESENTATION_CONTEXT('2D SPACE',''
  ) );
#15613 = PCURVE('',#14872,#15614);
#15614 = DEFINITIONAL_REPRESENTATION('',(#15615),#15619);
#15615 = LINE('',#15616,#15617);
#15616 = CARTESIAN_POINT('',(2.894995682207,0.));
#15617 = VECTOR('',#15618,1.);
#15618 = DIRECTION('',(0.,-1.));
#15619 = ( GEOMETRIC_REPRESENTATION_CONTEXT(2) 
PARAMETRIC_REPRESENTATION_CONTEXT() REPRESENTATION_CONTEXT('2D SPACE',''
  ) );
#15620 = ADVANCED_FACE('',(#15621),#14838,.F.);
#15621 = FACE_BOUND('',#15622,.F.);
#15622 = EDGE_LOOP('',(#15623,#15646,#15647,#15648));
#15623 = ORIENTED_EDGE('',*,*,#15624,.F.);
#15624 = EDGE_CURVE('',#14803,#15625,#15627,.T.);
#15625 = VERTEX_POINT('',#15626);
#15626 = CARTESIAN_POINT('',(39.696805054879,26.065685932937,0.4));
#15627 = SURFACE_CURVE('',#15628,(#15632,#15639),.PCURVE_S1.);
#15628 = LINE('',#15629,#15630);
#15629 = CARTESIAN_POINT('',(39.696805054879,26.065685932937,2.4));
#15630 = VECTOR('',#15631,1.);
#15631 = DIRECTION('',(-0.,-0.,-1.));
#15632 = PCURVE('',#14838,#15633);
#15633 = DEFINITIONAL_REPRESENTATION('',(#15634),#15638);
#15634 = LINE('',#15635,#15636);
#15635 = CARTESIAN_POINT('',(2.894995682207,0.));
#15636 = VECTOR('',#15637,1.);
#15637 = DIRECTION('',(0.,-1.));
#15638 = ( GEOMETRIC_REPRESENTATION_CONTEXT(2) 
PARAMETRIC_REPRESENTATION_CONTEXT() REPRESENTATION_CONTEXT('2D SPACE',''
  ) );
#15639 = PCURVE('',#14925,#15640);
#15640 = DEFINITIONAL_REPRESENTATION('',(#15641),#15645);
#15641 = LINE('',#15642,#15643);
#15642 = CARTESIAN_POINT('',(1.570796326795,0.));
#15643 = VECTOR('',#15644,1.);
#15644 = DIRECTION('',(-0.,-1.));
#15645 = ( GEOMETRIC_REPRESENTATION_CONTEXT(2) 
PARAMETRIC_REPRESENTATION_CONTEXT() REPRESENTATION_CONTEXT('2D SPACE',''
  ) );
#15646 = ORIENTED_EDGE('',*,*,#14824,.T.);
#15647 = ORIENTED_EDGE('',*,*,#15578,.T.);
#15648 = ORIENTED_EDGE('',*,*,#15649,.T.);
#15649 = EDGE_CURVE('',#15550,#15625,#15650,.T.);
#15650 = SURFACE_CURVE('',#15651,(#15655,#15662),.PCURVE_S1.);
#15651 = LINE('',#15652,#15653);
#15652 = CARTESIAN_POINT('',(42.586805054879,25.895685932937,0.4));
#15653 = VECTOR('',#15654,1.);
#15654 = DIRECTION('',(-0.998274373175,5.872202195147E-02,0.));
#15655 = PCURVE('',#14838,#15656);
#15656 = DEFINITIONAL_REPRESENTATION('',(#15657),#15661);
#15657 = LINE('',#15658,#15659);
#15658 = CARTESIAN_POINT('',(0.,-2.));
#15659 = VECTOR('',#15660,1.);
#15660 = DIRECTION('',(1.,0.));
#15661 = ( GEOMETRIC_REPRESENTATION_CONTEXT(2) 
PARAMETRIC_REPRESENTATION_CONTEXT() REPRESENTATION_CONTEXT('2D SPACE',''
  ) );
#15662 = PCURVE('',#15663,#15668);
#15663 = PLANE('',#15664);
#15664 = AXIS2_PLACEMENT_3D('',#15665,#15666,#15667);
#15665 = CARTESIAN_POINT('',(42.598549459269,26.095340807572,0.2));
#15666 = DIRECTION('',(-4.152273992685E-02,-0.705886578757,
    -0.707106781187));
#15667 = DIRECTION('',(-0.998274373175,5.872202195146E-02,
    -8.420347752391E-15));
#15668 = DEFINITIONAL_REPRESENTATION('',(#15669),#15673);
#15669 = LINE('',#15670,#15671);
#15670 = CARTESIAN_POINT('',(-2.95287752583E-13,-0.282842712475));
#15671 = VECTOR('',#15672,1.);
#15672 = DIRECTION('',(1.,1.387778780782E-17));
#15673 = ( GEOMETRIC_REPRESENTATION_CONTEXT(2) 
PARAMETRIC_REPRESENTATION_CONTEXT() REPRESENTATION_CONTEXT('2D SPACE',''
  ) );
#15674 = ADVANCED_FACE('',(#15675),#14872,.F.);
#15675 = FACE_BOUND('',#15676,.F.);
#15676 = EDGE_LOOP('',(#15677,#15678,#15679,#15702));
#15677 = ORIENTED_EDGE('',*,*,#15600,.F.);
#15678 = ORIENTED_EDGE('',*,*,#14856,.T.);
#15679 = ORIENTED_EDGE('',*,*,#15680,.T.);
#15680 = EDGE_CURVE('',#14857,#15681,#15683,.T.);
#15681 = VERTEX_POINT('',#15682);
#15682 = CARTESIAN_POINT('',(39.403194945121,21.074314067063,0.4));
#15683 = SURFACE_CURVE('',#15684,(#15688,#15695),.PCURVE_S1.);
#15684 = LINE('',#15685,#15686);
#15685 = CARTESIAN_POINT('',(39.403194945121,21.074314067063,2.4));
#15686 = VECTOR('',#15687,1.);
#15687 = DIRECTION('',(-0.,-0.,-1.));
#15688 = PCURVE('',#14872,#15689);
#15689 = DEFINITIONAL_REPRESENTATION('',(#15690),#15694);
#15690 = LINE('',#15691,#15692);
#15691 = CARTESIAN_POINT('',(0.,0.));
#15692 = VECTOR('',#15693,1.);
#15693 = DIRECTION('',(0.,-1.));
#15694 = ( GEOMETRIC_REPRESENTATION_CONTEXT(2) 
PARAMETRIC_REPRESENTATION_CONTEXT() REPRESENTATION_CONTEXT('2D SPACE',''
  ) );
#15695 = PCURVE('',#14925,#15696);
#15696 = DEFINITIONAL_REPRESENTATION('',(#15697),#15701);
#15697 = LINE('',#15698,#15699);
#15698 = CARTESIAN_POINT('',(4.712388980385,0.));
#15699 = VECTOR('',#15700,1.);
#15700 = DIRECTION('',(-0.,-1.));
#15701 = ( GEOMETRIC_REPRESENTATION_CONTEXT(2) 
PARAMETRIC_REPRESENTATION_CONTEXT() REPRESENTATION_CONTEXT('2D SPACE',''
  ) );
#15702 = ORIENTED_EDGE('',*,*,#15703,.T.);
#15703 = EDGE_CURVE('',#15681,#15548,#15704,.T.);
#15704 = SURFACE_CURVE('',#15705,(#15709,#15716),.PCURVE_S1.);
#15705 = LINE('',#15706,#15707);
#15706 = CARTESIAN_POINT('',(39.403194945121,21.074314067063,0.4));
#15707 = VECTOR('',#15708,1.);
#15708 = DIRECTION('',(0.998274373175,-5.872202195147E-02,0.));
#15709 = PCURVE('',#14872,#15710);
#15710 = DEFINITIONAL_REPRESENTATION('',(#15711),#15715);
#15711 = LINE('',#15712,#15713);
#15712 = CARTESIAN_POINT('',(0.,-2.));
#15713 = VECTOR('',#15714,1.);
#15714 = DIRECTION('',(1.,0.));
#15715 = ( GEOMETRIC_REPRESENTATION_CONTEXT(2) 
PARAMETRIC_REPRESENTATION_CONTEXT() REPRESENTATION_CONTEXT('2D SPACE',''
  ) );
#15716 = PCURVE('',#15717,#15722);
#15717 = PLANE('',#15718);
#15718 = AXIS2_PLACEMENT_3D('',#15719,#15720,#15721);
#15719 = CARTESIAN_POINT('',(39.391450540731,20.874659192428,0.2));
#15720 = DIRECTION('',(4.152273992685E-02,0.705886578757,-0.707106781187
    ));
#15721 = DIRECTION('',(0.998274373175,-5.872202195146E-02,
    -8.420347752391E-15));
#15722 = DEFINITIONAL_REPRESENTATION('',(#15723),#15727);
#15723 = LINE('',#15724,#15725);
#15724 = CARTESIAN_POINT('',(-2.95287752583E-13,-0.282842712475));
#15725 = VECTOR('',#15726,1.);
#15726 = DIRECTION('',(1.,1.387778780782E-17));
#15727 = ( GEOMETRIC_REPRESENTATION_CONTEXT(2) 
PARAMETRIC_REPRESENTATION_CONTEXT() REPRESENTATION_CONTEXT('2D SPACE',''
  ) );
#15728 = ADVANCED_FACE('',(#15729),#14925,.F.);
#15729 = FACE_BOUND('',#15730,.F.);
#15730 = EDGE_LOOP('',(#15731,#15758,#15759,#15760));
#15731 = ORIENTED_EDGE('',*,*,#15732,.T.);
#15732 = EDGE_CURVE('',#15625,#15681,#15733,.T.);
#15733 = SURFACE_CURVE('',#15734,(#15739,#15746),.PCURVE_S1.);
#15734 = CIRCLE('',#15735,2.5);
#15735 = AXIS2_PLACEMENT_3D('',#15736,#15737,#15738);
#15736 = CARTESIAN_POINT('',(39.55,23.57,0.4));
#15737 = DIRECTION('',(0.,0.,1.));
#15738 = DIRECTION('',(5.872202195147E-02,0.998274373175,-0.));
#15739 = PCURVE('',#14925,#15740);
#15740 = DEFINITIONAL_REPRESENTATION('',(#15741),#15745);
#15741 = LINE('',#15742,#15743);
#15742 = CARTESIAN_POINT('',(1.570796326795,-2.));
#15743 = VECTOR('',#15744,1.);
#15744 = DIRECTION('',(1.,-0.));
#15745 = ( GEOMETRIC_REPRESENTATION_CONTEXT(2) 
PARAMETRIC_REPRESENTATION_CONTEXT() REPRESENTATION_CONTEXT('2D SPACE',''
  ) );
#15746 = PCURVE('',#15747,#15752);
#15747 = CONICAL_SURFACE('',#15748,2.5,0.785398163397);
#15748 = AXIS2_PLACEMENT_3D('',#15749,#15750,#15751);
#15749 = CARTESIAN_POINT('',(39.55,23.57,0.4));
#15750 = DIRECTION('',(-0.,-0.,-1.));
#15751 = DIRECTION('',(5.872202195147E-02,0.998274373175,-0.));
#15752 = DEFINITIONAL_REPRESENTATION('',(#15753),#15757);
#15753 = LINE('',#15754,#15755);
#15754 = CARTESIAN_POINT('',(6.28318530718,0.));
#15755 = VECTOR('',#15756,1.);
#15756 = DIRECTION('',(-1.,0.));
#15757 = ( GEOMETRIC_REPRESENTATION_CONTEXT(2) 
PARAMETRIC_REPRESENTATION_CONTEXT() REPRESENTATION_CONTEXT('2D SPACE',''
  ) );
#15758 = ORIENTED_EDGE('',*,*,#15680,.F.);
#15759 = ORIENTED_EDGE('',*,*,#14910,.T.);
#15760 = ORIENTED_EDGE('',*,*,#15624,.T.);
#15761 = ADVANCED_FACE('',(#15762),#14977,.F.);
#15762 = FACE_BOUND('',#15763,.F.);
#15763 = EDGE_LOOP('',(#15764,#15787,#15788,#15789));
#15764 = ORIENTED_EDGE('',*,*,#15765,.F.);
#15765 = EDGE_CURVE('',#14942,#15766,#15768,.T.);
#15766 = VERTEX_POINT('',#15767);
#15767 = CARTESIAN_POINT('',(32.73,22.42,0.4));
#15768 = SEAM_CURVE('',#15769,(#15773,#15780),.PCURVE_S1.);
#15769 = LINE('',#15770,#15771);
#15770 = CARTESIAN_POINT('',(32.73,22.42,2.4));
#15771 = VECTOR('',#15772,1.);
#15772 = DIRECTION('',(-0.,-0.,-1.));
#15773 = PCURVE('',#14977,#15774);
#15774 = DEFINITIONAL_REPRESENTATION('',(#15775),#15779);
#15775 = LINE('',#15776,#15777);
#15776 = CARTESIAN_POINT('',(6.28318530718,0.));
#15777 = VECTOR('',#15778,1.);
#15778 = DIRECTION('',(0.,-1.));
#15779 = ( GEOMETRIC_REPRESENTATION_CONTEXT(2) 
PARAMETRIC_REPRESENTATION_CONTEXT() REPRESENTATION_CONTEXT('2D SPACE',''
  ) );
#15780 = PCURVE('',#14977,#15781);
#15781 = DEFINITIONAL_REPRESENTATION('',(#15782),#15786);
#15782 = LINE('',#15783,#15784);
#15783 = CARTESIAN_POINT('',(0.,0.));
#15784 = VECTOR('',#15785,1.);
#15785 = DIRECTION('',(0.,-1.));
#15786 = ( GEOMETRIC_REPRESENTATION_CONTEXT(2) 
PARAMETRIC_REPRESENTATION_CONTEXT() REPRESENTATION_CONTEXT('2D SPACE',''
  ) );
#15787 = ORIENTED_EDGE('',*,*,#14962,.F.);
#15788 = ORIENTED_EDGE('',*,*,#15765,.T.);
#15789 = ORIENTED_EDGE('',*,*,#15790,.T.);
#15790 = EDGE_CURVE('',#15766,#15766,#15791,.T.);
#15791 = SURFACE_CURVE('',#15792,(#15797,#15804),.PCURVE_S1.);
#15792 = CIRCLE('',#15793,6.);
#15793 = AXIS2_PLACEMENT_3D('',#15794,#15795,#15796);
#15794 = CARTESIAN_POINT('',(26.73,22.42,0.4));
#15795 = DIRECTION('',(0.,0.,1.));
#15796 = DIRECTION('',(1.,0.,-0.));
#15797 = PCURVE('',#14977,#15798);
#15798 = DEFINITIONAL_REPRESENTATION('',(#15799),#15803);
#15799 = LINE('',#15800,#15801);
#15800 = CARTESIAN_POINT('',(0.,-2.));
#15801 = VECTOR('',#15802,1.);
#15802 = DIRECTION('',(1.,0.));
#15803 = ( GEOMETRIC_REPRESENTATION_CONTEXT(2) 
PARAMETRIC_REPRESENTATION_CONTEXT() REPRESENTATION_CONTEXT('2D SPACE',''
  ) );
#15804 = PCURVE('',#15805,#15810);
#15805 = CONICAL_SURFACE('',#15806,6.,0.785398163397);
#15806 = AXIS2_PLACEMENT_3D('',#15807,#15808,#15809);
#15807 = CARTESIAN_POINT('',(26.73,22.42,0.4));
#15808 = DIRECTION('',(-0.,-0.,-1.));
#15809 = DIRECTION('',(1.,0.,0.));
#15810 = DEFINITIONAL_REPRESENTATION('',(#15811),#15815);
#15811 = LINE('',#15812,#15813);
#15812 = CARTESIAN_POINT('',(6.28318530718,1.7763568394E-15));
#15813 = VECTOR('',#15814,1.);
#15814 = DIRECTION('',(-1.,0.));
#15815 = ( GEOMETRIC_REPRESENTATION_CONTEXT(2) 
PARAMETRIC_REPRESENTATION_CONTEXT() REPRESENTATION_CONTEXT('2D SPACE',''
  ) );
#15816 = ADVANCED_FACE('',(#15817),#15033,.T.);
#15817 = FACE_BOUND('',#15818,.T.);
#15818 = EDGE_LOOP('',(#15819,#15820,#15821));
#15819 = ORIENTED_EDGE('',*,*,#15017,.T.);
#15820 = ORIENTED_EDGE('',*,*,#15071,.T.);
#15821 = ORIENTED_EDGE('',*,*,#15120,.T.);
#15822 = ADVANCED_FACE('',(#15823,#15919,#15945,#15955),#15207,.F.);
#15823 = FACE_BOUND('',#15824,.F.);
#15824 = EDGE_LOOP('',(#15825,#15851,#15874,#15898));
#15825 = ORIENTED_EDGE('',*,*,#15826,.F.);
#15826 = EDGE_CURVE('',#15827,#15829,#15831,.T.);
#15827 = VERTEX_POINT('',#15828);
#15828 = CARTESIAN_POINT('',(42.269706136341,20.505004317793,
    -7.771561172376E-16));
#15829 = VERTEX_POINT('',#15830);
#15830 = CARTESIAN_POINT('',(42.610293863659,26.294995682207,
    -7.771561172376E-16));
#15831 = SURFACE_CURVE('',#15832,(#15837,#15844),.PCURVE_S1.);
#15832 = CIRCLE('',#15833,2.9);
#15833 = AXIS2_PLACEMENT_3D('',#15834,#15835,#15836);
#15834 = CARTESIAN_POINT('',(42.44,23.4,0.));
#15835 = DIRECTION('',(0.,0.,1.));
#15836 = DIRECTION('',(-5.872202195147E-02,-0.998274373175,0.));
#15837 = PCURVE('',#15207,#15838);
#15838 = DEFINITIONAL_REPRESENTATION('',(#15839),#15843);
#15839 = CIRCLE('',#15840,2.9);
#15840 = AXIS2_PLACEMENT_2D('',#15841,#15842);
#15841 = CARTESIAN_POINT('',(6.04,1.000000000668));
#15842 = DIRECTION('',(-5.872202195147E-02,-0.998274373175));
#15843 = ( GEOMETRIC_REPRESENTATION_CONTEXT(2) 
PARAMETRIC_REPRESENTATION_CONTEXT() REPRESENTATION_CONTEXT('2D SPACE',''
  ) );
#15844 = PCURVE('',#15566,#15845);
#15845 = DEFINITIONAL_REPRESENTATION('',(#15846),#15850);
#15846 = LINE('',#15847,#15848);
#15847 = CARTESIAN_POINT('',(6.28318530718,0.4));
#15848 = VECTOR('',#15849,1.);
#15849 = DIRECTION('',(-1.,0.));
#15850 = ( GEOMETRIC_REPRESENTATION_CONTEXT(2) 
PARAMETRIC_REPRESENTATION_CONTEXT() REPRESENTATION_CONTEXT('2D SPACE',''
  ) );
#15851 = ORIENTED_EDGE('',*,*,#15852,.F.);
#15852 = EDGE_CURVE('',#15853,#15827,#15855,.T.);
#15853 = VERTEX_POINT('',#15854);
#15854 = CARTESIAN_POINT('',(39.379706136341,20.675004317793,
    -7.771561172376E-16));
#15855 = SURFACE_CURVE('',#15856,(#15860,#15867),.PCURVE_S1.);
#15856 = LINE('',#15857,#15858);
#15857 = CARTESIAN_POINT('',(39.379706136341,20.675004317793,0.));
#15858 = VECTOR('',#15859,1.);
#15859 = DIRECTION('',(0.998274373175,-5.872202195147E-02,0.));
#15860 = PCURVE('',#15207,#15861);
#15861 = DEFINITIONAL_REPRESENTATION('',(#15862),#15866);
#15862 = LINE('',#15863,#15864);
#15863 = CARTESIAN_POINT('',(2.979706136341,-1.724995681539));
#15864 = VECTOR('',#15865,1.);
#15865 = DIRECTION('',(0.998274373175,-5.872202195147E-02));
#15866 = ( GEOMETRIC_REPRESENTATION_CONTEXT(2) 
PARAMETRIC_REPRESENTATION_CONTEXT() REPRESENTATION_CONTEXT('2D SPACE',''
  ) );
#15867 = PCURVE('',#15717,#15868);
#15868 = DEFINITIONAL_REPRESENTATION('',(#15869),#15873);
#15869 = LINE('',#15870,#15871);
#15870 = CARTESIAN_POINT('',(2.950795857659E-13,0.282842712475));
#15871 = VECTOR('',#15872,1.);
#15872 = DIRECTION('',(1.,1.387778780782E-17));
#15873 = ( GEOMETRIC_REPRESENTATION_CONTEXT(2) 
PARAMETRIC_REPRESENTATION_CONTEXT() REPRESENTATION_CONTEXT('2D SPACE',''
  ) );
#15874 = ORIENTED_EDGE('',*,*,#15875,.F.);
#15875 = EDGE_CURVE('',#15876,#15853,#15878,.T.);
#15876 = VERTEX_POINT('',#15877);
#15877 = CARTESIAN_POINT('',(39.720293863659,26.464995682207,
    6.938893903907E-16));
#15878 = SURFACE_CURVE('',#15879,(#15884,#15891),.PCURVE_S1.);
#15879 = CIRCLE('',#15880,2.9);
#15880 = AXIS2_PLACEMENT_3D('',#15881,#15882,#15883);
#15881 = CARTESIAN_POINT('',(39.55,23.57,0.));
#15882 = DIRECTION('',(0.,0.,1.));
#15883 = DIRECTION('',(5.872202195147E-02,0.998274373175,-0.));
#15884 = PCURVE('',#15207,#15885);
#15885 = DEFINITIONAL_REPRESENTATION('',(#15886),#15890);
#15886 = CIRCLE('',#15887,2.9);
#15887 = AXIS2_PLACEMENT_2D('',#15888,#15889);
#15888 = CARTESIAN_POINT('',(3.15,1.170000000668));
#15889 = DIRECTION('',(5.872202195147E-02,0.998274373175));
#15890 = ( GEOMETRIC_REPRESENTATION_CONTEXT(2) 
PARAMETRIC_REPRESENTATION_CONTEXT() REPRESENTATION_CONTEXT('2D SPACE',''
  ) );
#15891 = PCURVE('',#15747,#15892);
#15892 = DEFINITIONAL_REPRESENTATION('',(#15893),#15897);
#15893 = LINE('',#15894,#15895);
#15894 = CARTESIAN_POINT('',(6.28318530718,0.4));
#15895 = VECTOR('',#15896,1.);
#15896 = DIRECTION('',(-1.,0.));
#15897 = ( GEOMETRIC_REPRESENTATION_CONTEXT(2) 
PARAMETRIC_REPRESENTATION_CONTEXT() REPRESENTATION_CONTEXT('2D SPACE',''
  ) );
#15898 = ORIENTED_EDGE('',*,*,#15899,.F.);
#15899 = EDGE_CURVE('',#15829,#15876,#15900,.T.);
#15900 = SURFACE_CURVE('',#15901,(#15905,#15912),.PCURVE_S1.);
#15901 = LINE('',#15902,#15903);
#15902 = CARTESIAN_POINT('',(42.610293863659,26.294995682207,0.));
#15903 = VECTOR('',#15904,1.);
#15904 = DIRECTION('',(-0.998274373175,5.872202195147E-02,0.));
#15905 = PCURVE('',#15207,#15906);
#15906 = DEFINITIONAL_REPRESENTATION('',(#15907),#15911);
#15907 = LINE('',#15908,#15909);
#15908 = CARTESIAN_POINT('',(6.210293863659,3.894995682875));
#15909 = VECTOR('',#15910,1.);
#15910 = DIRECTION('',(-0.998274373175,5.872202195147E-02));
#15911 = ( GEOMETRIC_REPRESENTATION_CONTEXT(2) 
PARAMETRIC_REPRESENTATION_CONTEXT() REPRESENTATION_CONTEXT('2D SPACE',''
  ) );
#15912 = PCURVE('',#15663,#15913);
#15913 = DEFINITIONAL_REPRESENTATION('',(#15914),#15918);
#15914 = LINE('',#15915,#15916);
#15915 = CARTESIAN_POINT('',(2.950795857659E-13,0.282842712475));
#15916 = VECTOR('',#15917,1.);
#15917 = DIRECTION('',(1.,1.387778780782E-17));
#15918 = ( GEOMETRIC_REPRESENTATION_CONTEXT(2) 
PARAMETRIC_REPRESENTATION_CONTEXT() REPRESENTATION_CONTEXT('2D SPACE',''
  ) );
#15919 = FACE_BOUND('',#15920,.F.);
#15920 = EDGE_LOOP('',(#15921));
#15921 = ORIENTED_EDGE('',*,*,#15922,.F.);
#15922 = EDGE_CURVE('',#15923,#15923,#15925,.T.);
#15923 = VERTEX_POINT('',#15924);
#15924 = CARTESIAN_POINT('',(33.13,22.42,-7.771561172376E-16));
#15925 = SURFACE_CURVE('',#15926,(#15931,#15938),.PCURVE_S1.);
#15926 = CIRCLE('',#15927,6.4);
#15927 = AXIS2_PLACEMENT_3D('',#15928,#15929,#15930);
#15928 = CARTESIAN_POINT('',(26.73,22.42,0.));
#15929 = DIRECTION('',(0.,0.,1.));
#15930 = DIRECTION('',(1.,0.,-0.));
#15931 = PCURVE('',#15207,#15932);
#15932 = DEFINITIONAL_REPRESENTATION('',(#15933),#15937);
#15933 = CIRCLE('',#15934,6.4);
#15934 = AXIS2_PLACEMENT_2D('',#15935,#15936);
#15935 = CARTESIAN_POINT('',(-9.67,2.0000000668E-02));
#15936 = DIRECTION('',(1.,0.));
#15937 = ( GEOMETRIC_REPRESENTATION_CONTEXT(2) 
PARAMETRIC_REPRESENTATION_CONTEXT() REPRESENTATION_CONTEXT('2D SPACE',''
  ) );
#15938 = PCURVE('',#15805,#15939);
#15939 = DEFINITIONAL_REPRESENTATION('',(#15940),#15944);
#15940 = LINE('',#15941,#15942);
#15941 = CARTESIAN_POINT('',(6.28318530718,0.4));
#15942 = VECTOR('',#15943,1.);
#15943 = DIRECTION('',(-1.,0.));
#15944 = ( GEOMETRIC_REPRESENTATION_CONTEXT(2) 
PARAMETRIC_REPRESENTATION_CONTEXT() REPRESENTATION_CONTEXT('2D SPACE',''
  ) );
#15945 = FACE_BOUND('',#15946,.F.);
#15946 = EDGE_LOOP('',(#15947,#15948,#15949,#15950,#15951,#15952,#15953,
    #15954));
#15947 = ORIENTED_EDGE('',*,*,#15193,.F.);
#15948 = ORIENTED_EDGE('',*,*,#15222,.T.);
#15949 = ORIENTED_EDGE('',*,*,#15347,.T.);
#15950 = ORIENTED_EDGE('',*,*,#15420,.T.);
#15951 = ORIENTED_EDGE('',*,*,#15523,.T.);
#15952 = ORIENTED_EDGE('',*,*,#15470,.T.);
#15953 = ORIENTED_EDGE('',*,*,#15396,.F.);
#15954 = ORIENTED_EDGE('',*,*,#15272,.T.);
#15955 = FACE_BOUND('',#15956,.F.);
#15956 = EDGE_LOOP('',(#15957,#15988,#16016,#16044,#16072,#16105,#16133,
    #16166,#16194,#16227,#16255,#16288,#16316,#16344,#16372,#16401,
    #16429,#16457,#16485,#16513,#16541,#16569,#16597,#16625,#16653,
    #16682,#16710,#16738,#16766,#16794,#16822,#16851,#16879,#16907,
    #16935,#16963,#16991,#17019,#17047,#17075));
#15957 = ORIENTED_EDGE('',*,*,#15958,.F.);
#15958 = EDGE_CURVE('',#15959,#15961,#15963,.T.);
#15959 = VERTEX_POINT('',#15960);
#15960 = CARTESIAN_POINT('',(2.55,3.999999999999,0.));
#15961 = VERTEX_POINT('',#15962);
#15962 = CARTESIAN_POINT('',(4.,2.55,0.));
#15963 = SURFACE_CURVE('',#15964,(#15969,#15976),.PCURVE_S1.);
#15964 = CIRCLE('',#15965,1.45);
#15965 = AXIS2_PLACEMENT_3D('',#15966,#15967,#15968);
#15966 = CARTESIAN_POINT('',(4.,3.999999999999,0.));
#15967 = DIRECTION('',(0.,0.,1.));
#15968 = DIRECTION('',(1.,0.,-0.));
#15969 = PCURVE('',#15207,#15970);
#15970 = DEFINITIONAL_REPRESENTATION('',(#15971),#15975);
#15971 = CIRCLE('',#15972,1.45);
#15972 = AXIS2_PLACEMENT_2D('',#15973,#15974);
#15973 = CARTESIAN_POINT('',(-32.4,-18.39999999933));
#15974 = DIRECTION('',(1.,0.));
#15975 = ( GEOMETRIC_REPRESENTATION_CONTEXT(2) 
PARAMETRIC_REPRESENTATION_CONTEXT() REPRESENTATION_CONTEXT('2D SPACE',''
  ) );
#15976 = PCURVE('',#15977,#15982);
#15977 = CYLINDRICAL_SURFACE('',#15978,1.45);
#15978 = AXIS2_PLACEMENT_3D('',#15979,#15980,#15981);
#15979 = CARTESIAN_POINT('',(4.,3.999999999999,0.));
#15980 = DIRECTION('',(0.,0.,1.));
#15981 = DIRECTION('',(1.,0.,-0.));
#15982 = DEFINITIONAL_REPRESENTATION('',(#15983),#15987);
#15983 = LINE('',#15984,#15985);
#15984 = CARTESIAN_POINT('',(0.,0.));
#15985 = VECTOR('',#15986,1.);
#15986 = DIRECTION('',(1.,0.));
#15987 = ( GEOMETRIC_REPRESENTATION_CONTEXT(2) 
PARAMETRIC_REPRESENTATION_CONTEXT() REPRESENTATION_CONTEXT('2D SPACE',''
  ) );
#15988 = ORIENTED_EDGE('',*,*,#15989,.T.);
#15989 = EDGE_CURVE('',#15959,#15990,#15992,.T.);
#15990 = VERTEX_POINT('',#15991);
#15991 = CARTESIAN_POINT('',(2.55,8.86,0.));
#15992 = SURFACE_CURVE('',#15993,(#15997,#16004),.PCURVE_S1.);
#15993 = LINE('',#15994,#15995);
#15994 = CARTESIAN_POINT('',(2.55,22.400000000001,0.));
#15995 = VECTOR('',#15996,1.);
#15996 = DIRECTION('',(0.,1.,0.));
#15997 = PCURVE('',#15207,#15998);
#15998 = DEFINITIONAL_REPRESENTATION('',(#15999),#16003);
#15999 = LINE('',#16000,#16001);
#16000 = CARTESIAN_POINT('',(-33.85,6.690008547139E-10));
#16001 = VECTOR('',#16002,1.);
#16002 = DIRECTION('',(0.,1.));
#16003 = ( GEOMETRIC_REPRESENTATION_CONTEXT(2) 
PARAMETRIC_REPRESENTATION_CONTEXT() REPRESENTATION_CONTEXT('2D SPACE',''
  ) );
#16004 = PCURVE('',#16005,#16010);
#16005 = PLANE('',#16006);
#16006 = AXIS2_PLACEMENT_3D('',#16007,#16008,#16009);
#16007 = CARTESIAN_POINT('',(2.55,3.999999999999,0.));
#16008 = DIRECTION('',(1.,0.,0.));
#16009 = DIRECTION('',(-0.,1.,0.));
#16010 = DEFINITIONAL_REPRESENTATION('',(#16011),#16015);
#16011 = LINE('',#16012,#16013);
#16012 = CARTESIAN_POINT('',(18.400000000002,0.));
#16013 = VECTOR('',#16014,1.);
#16014 = DIRECTION('',(1.,0.));
#16015 = ( GEOMETRIC_REPRESENTATION_CONTEXT(2) 
PARAMETRIC_REPRESENTATION_CONTEXT() REPRESENTATION_CONTEXT('2D SPACE',''
  ) );
#16016 = ORIENTED_EDGE('',*,*,#16017,.T.);
#16017 = EDGE_CURVE('',#15990,#16018,#16020,.T.);
#16018 = VERTEX_POINT('',#16019);
#16019 = CARTESIAN_POINT('',(4.55,8.86,0.));
#16020 = SURFACE_CURVE('',#16021,(#16025,#16032),.PCURVE_S1.);
#16021 = LINE('',#16022,#16023);
#16022 = CARTESIAN_POINT('',(3.275,8.86,0.));
#16023 = VECTOR('',#16024,1.);
#16024 = DIRECTION('',(1.,0.,0.));
#16025 = PCURVE('',#15207,#16026);
#16026 = DEFINITIONAL_REPRESENTATION('',(#16027),#16031);
#16027 = LINE('',#16028,#16029);
#16028 = CARTESIAN_POINT('',(-33.125,-13.53999999933));
#16029 = VECTOR('',#16030,1.);
#16030 = DIRECTION('',(1.,0.));
#16031 = ( GEOMETRIC_REPRESENTATION_CONTEXT(2) 
PARAMETRIC_REPRESENTATION_CONTEXT() REPRESENTATION_CONTEXT('2D SPACE',''
  ) );
#16032 = PCURVE('',#16033,#16038);
#16033 = PLANE('',#16034);
#16034 = AXIS2_PLACEMENT_3D('',#16035,#16036,#16037);
#16035 = CARTESIAN_POINT('',(1.5,8.86,0.));
#16036 = DIRECTION('',(0.,-1.,0.));
#16037 = DIRECTION('',(1.,0.,0.));
#16038 = DEFINITIONAL_REPRESENTATION('',(#16039),#16043);
#16039 = LINE('',#16040,#16041);
#16040 = CARTESIAN_POINT('',(1.775,0.));
#16041 = VECTOR('',#16042,1.);
#16042 = DIRECTION('',(1.,0.));
#16043 = ( GEOMETRIC_REPRESENTATION_CONTEXT(2) 
PARAMETRIC_REPRESENTATION_CONTEXT() REPRESENTATION_CONTEXT('2D SPACE',''
  ) );
#16044 = ORIENTED_EDGE('',*,*,#16045,.F.);
#16045 = EDGE_CURVE('',#16046,#16018,#16048,.T.);
#16046 = VERTEX_POINT('',#16047);
#16047 = CARTESIAN_POINT('',(4.55,5.299999999997,0.));
#16048 = SURFACE_CURVE('',#16049,(#16053,#16060),.PCURVE_S1.);
#16049 = LINE('',#16050,#16051);
#16050 = CARTESIAN_POINT('',(4.55,22.400000000003,0.));
#16051 = VECTOR('',#16052,1.);
#16052 = DIRECTION('',(0.,1.,0.));
#16053 = PCURVE('',#15207,#16054);
#16054 = DEFINITIONAL_REPRESENTATION('',(#16055),#16059);
#16055 = LINE('',#16056,#16057);
#16056 = CARTESIAN_POINT('',(-31.85,6.710010325151E-10));
#16057 = VECTOR('',#16058,1.);
#16058 = DIRECTION('',(0.,1.));
#16059 = ( GEOMETRIC_REPRESENTATION_CONTEXT(2) 
PARAMETRIC_REPRESENTATION_CONTEXT() REPRESENTATION_CONTEXT('2D SPACE',''
  ) );
#16060 = PCURVE('',#16061,#16066);
#16061 = PLANE('',#16062);
#16062 = AXIS2_PLACEMENT_3D('',#16063,#16064,#16065);
#16063 = CARTESIAN_POINT('',(4.55,5.299999999997,0.));
#16064 = DIRECTION('',(1.,0.,0.));
#16065 = DIRECTION('',(-0.,1.,0.));
#16066 = DEFINITIONAL_REPRESENTATION('',(#16067),#16071);
#16067 = LINE('',#16068,#16069);
#16068 = CARTESIAN_POINT('',(17.100000000006,0.));
#16069 = VECTOR('',#16070,1.);
#16070 = DIRECTION('',(1.,0.));
#16071 = ( GEOMETRIC_REPRESENTATION_CONTEXT(2) 
PARAMETRIC_REPRESENTATION_CONTEXT() REPRESENTATION_CONTEXT('2D SPACE',''
  ) );
#16072 = ORIENTED_EDGE('',*,*,#16073,.F.);
#16073 = EDGE_CURVE('',#16074,#16046,#16076,.T.);
#16074 = VERTEX_POINT('',#16075);
#16075 = CARTESIAN_POINT('',(5.3,4.55,0.));
#16076 = SURFACE_CURVE('',#16077,(#16082,#16093),.PCURVE_S1.);
#16077 = CIRCLE('',#16078,0.75);
#16078 = AXIS2_PLACEMENT_3D('',#16079,#16080,#16081);
#16079 = CARTESIAN_POINT('',(5.3,5.299999999997,0.));
#16080 = DIRECTION('',(0.,0.,-1.));
#16081 = DIRECTION('',(-1.,0.,0.));
#16082 = PCURVE('',#15207,#16083);
#16083 = DEFINITIONAL_REPRESENTATION('',(#16084),#16092);
#16084 = ( BOUNDED_CURVE() B_SPLINE_CURVE(2,(#16085,#16086,#16087,#16088
    ,#16089,#16090,#16091),.UNSPECIFIED.,.T.,.F.) 
B_SPLINE_CURVE_WITH_KNOTS((1,2,2,2,2,1),(-2.094395102393,0.,
    2.094395102393,4.188790204786,6.28318530718,8.377580409573),
.UNSPECIFIED.) CURVE() GEOMETRIC_REPRESENTATION_ITEM() 
RATIONAL_B_SPLINE_CURVE((1.,0.5,1.,0.5,1.,0.5,1.)) REPRESENTATION_ITEM(
  '') );
#16085 = CARTESIAN_POINT('',(-31.85,-17.09999999933));
#16086 = CARTESIAN_POINT('',(-31.85,-15.80096189365));
#16087 = CARTESIAN_POINT('',(-30.725,-16.45048094649));
#16088 = CARTESIAN_POINT('',(-29.6,-17.09999999933));
#16089 = CARTESIAN_POINT('',(-30.725,-17.74951905217));
#16090 = CARTESIAN_POINT('',(-31.85,-18.39903810501));
#16091 = CARTESIAN_POINT('',(-31.85,-17.09999999933));
#16092 = ( GEOMETRIC_REPRESENTATION_CONTEXT(2) 
PARAMETRIC_REPRESENTATION_CONTEXT() REPRESENTATION_CONTEXT('2D SPACE',''
  ) );
#16093 = PCURVE('',#16094,#16099);
#16094 = CYLINDRICAL_SURFACE('',#16095,0.75);
#16095 = AXIS2_PLACEMENT_3D('',#16096,#16097,#16098);
#16096 = CARTESIAN_POINT('',(5.3,5.299999999997,0.));
#16097 = DIRECTION('',(-0.,-0.,1.));
#16098 = DIRECTION('',(-1.,0.,0.));
#16099 = DEFINITIONAL_REPRESENTATION('',(#16100),#16104);
#16100 = LINE('',#16101,#16102);
#16101 = CARTESIAN_POINT('',(6.28318530718,0.));
#16102 = VECTOR('',#16103,1.);
#16103 = DIRECTION('',(-1.,0.));
#16104 = ( GEOMETRIC_REPRESENTATION_CONTEXT(2) 
PARAMETRIC_REPRESENTATION_CONTEXT() REPRESENTATION_CONTEXT('2D SPACE',''
  ) );
#16105 = ORIENTED_EDGE('',*,*,#16106,.T.);
#16106 = EDGE_CURVE('',#16074,#16107,#16109,.T.);
#16107 = VERTEX_POINT('',#16108);
#16108 = CARTESIAN_POINT('',(67.5,4.55,0.));
#16109 = SURFACE_CURVE('',#16110,(#16114,#16121),.PCURVE_S1.);
#16110 = LINE('',#16111,#16112);
#16111 = CARTESIAN_POINT('',(36.4,4.550000000003,0.));
#16112 = VECTOR('',#16113,1.);
#16113 = DIRECTION('',(1.,0.,0.));
#16114 = PCURVE('',#15207,#16115);
#16115 = DEFINITIONAL_REPRESENTATION('',(#16116),#16120);
#16116 = LINE('',#16117,#16118);
#16117 = CARTESIAN_POINT('',(0.,-17.84999999932));
#16118 = VECTOR('',#16119,1.);
#16119 = DIRECTION('',(1.,0.));
#16120 = ( GEOMETRIC_REPRESENTATION_CONTEXT(2) 
PARAMETRIC_REPRESENTATION_CONTEXT() REPRESENTATION_CONTEXT('2D SPACE',''
  ) );
#16121 = PCURVE('',#16122,#16127);
#16122 = PLANE('',#16123);
#16123 = AXIS2_PLACEMENT_3D('',#16124,#16125,#16126);
#16124 = CARTESIAN_POINT('',(5.3,4.550000000003,0.));
#16125 = DIRECTION('',(0.,-1.,0.));
#16126 = DIRECTION('',(1.,0.,0.));
#16127 = DEFINITIONAL_REPRESENTATION('',(#16128),#16132);
#16128 = LINE('',#16129,#16130);
#16129 = CARTESIAN_POINT('',(31.1,0.));
#16130 = VECTOR('',#16131,1.);
#16131 = DIRECTION('',(1.,0.));
#16132 = ( GEOMETRIC_REPRESENTATION_CONTEXT(2) 
PARAMETRIC_REPRESENTATION_CONTEXT() REPRESENTATION_CONTEXT('2D SPACE',''
  ) );
#16133 = ORIENTED_EDGE('',*,*,#16134,.F.);
#16134 = EDGE_CURVE('',#16135,#16107,#16137,.T.);
#16135 = VERTEX_POINT('',#16136);
#16136 = CARTESIAN_POINT('',(68.25,5.299999999997,0.));
#16137 = SURFACE_CURVE('',#16138,(#16143,#16154),.PCURVE_S1.);
#16138 = CIRCLE('',#16139,0.75);
#16139 = AXIS2_PLACEMENT_3D('',#16140,#16141,#16142);
#16140 = CARTESIAN_POINT('',(67.5,5.299999999997,0.));
#16141 = DIRECTION('',(0.,0.,-1.));
#16142 = DIRECTION('',(-1.,0.,0.));
#16143 = PCURVE('',#15207,#16144);
#16144 = DEFINITIONAL_REPRESENTATION('',(#16145),#16153);
#16145 = ( BOUNDED_CURVE() B_SPLINE_CURVE(2,(#16146,#16147,#16148,#16149
    ,#16150,#16151,#16152),.UNSPECIFIED.,.T.,.F.) 
B_SPLINE_CURVE_WITH_KNOTS((1,2,2,2,2,1),(-2.094395102393,0.,
    2.094395102393,4.188790204786,6.28318530718,8.377580409573),
.UNSPECIFIED.) CURVE() GEOMETRIC_REPRESENTATION_ITEM() 
RATIONAL_B_SPLINE_CURVE((1.,0.5,1.,0.5,1.,0.5,1.)) REPRESENTATION_ITEM(
  '') );
#16146 = CARTESIAN_POINT('',(30.35,-17.09999999933));
#16147 = CARTESIAN_POINT('',(30.35,-15.80096189365));
#16148 = CARTESIAN_POINT('',(31.475,-16.45048094649));
#16149 = CARTESIAN_POINT('',(32.6,-17.09999999933));
#16150 = CARTESIAN_POINT('',(31.475,-17.74951905217));
#16151 = CARTESIAN_POINT('',(30.35,-18.39903810501));
#16152 = CARTESIAN_POINT('',(30.35,-17.09999999933));
#16153 = ( GEOMETRIC_REPRESENTATION_CONTEXT(2) 
PARAMETRIC_REPRESENTATION_CONTEXT() REPRESENTATION_CONTEXT('2D SPACE',''
  ) );
#16154 = PCURVE('',#16155,#16160);
#16155 = CYLINDRICAL_SURFACE('',#16156,0.75);
#16156 = AXIS2_PLACEMENT_3D('',#16157,#16158,#16159);
#16157 = CARTESIAN_POINT('',(67.5,5.299999999997,0.));
#16158 = DIRECTION('',(-0.,-0.,1.));
#16159 = DIRECTION('',(-1.,0.,0.));
#16160 = DEFINITIONAL_REPRESENTATION('',(#16161),#16165);
#16161 = LINE('',#16162,#16163);
#16162 = CARTESIAN_POINT('',(6.28318530718,0.));
#16163 = VECTOR('',#16164,1.);
#16164 = DIRECTION('',(-1.,0.));
#16165 = ( GEOMETRIC_REPRESENTATION_CONTEXT(2) 
PARAMETRIC_REPRESENTATION_CONTEXT() REPRESENTATION_CONTEXT('2D SPACE',''
  ) );
#16166 = ORIENTED_EDGE('',*,*,#16167,.T.);
#16167 = EDGE_CURVE('',#16135,#16168,#16170,.T.);
#16168 = VERTEX_POINT('',#16169);
#16169 = CARTESIAN_POINT('',(68.25,39.499999993862,0.));
#16170 = SURFACE_CURVE('',#16171,(#16175,#16182),.PCURVE_S1.);
#16171 = LINE('',#16172,#16173);
#16172 = CARTESIAN_POINT('',(68.25,22.400000000003,0.));
#16173 = VECTOR('',#16174,1.);
#16174 = DIRECTION('',(0.,1.,0.));
#16175 = PCURVE('',#15207,#16176);
#16176 = DEFINITIONAL_REPRESENTATION('',(#16177),#16181);
#16177 = LINE('',#16178,#16179);
#16178 = CARTESIAN_POINT('',(31.85,6.710010325151E-10));
#16179 = VECTOR('',#16180,1.);
#16180 = DIRECTION('',(0.,1.));
#16181 = ( GEOMETRIC_REPRESENTATION_CONTEXT(2) 
PARAMETRIC_REPRESENTATION_CONTEXT() REPRESENTATION_CONTEXT('2D SPACE',''
  ) );
#16182 = PCURVE('',#16183,#16188);
#16183 = PLANE('',#16184);
#16184 = AXIS2_PLACEMENT_3D('',#16185,#16186,#16187);
#16185 = CARTESIAN_POINT('',(68.25,5.299999999997,0.));
#16186 = DIRECTION('',(1.,0.,0.));
#16187 = DIRECTION('',(-0.,1.,0.));
#16188 = DEFINITIONAL_REPRESENTATION('',(#16189),#16193);
#16189 = LINE('',#16190,#16191);
#16190 = CARTESIAN_POINT('',(17.100000000006,0.));
#16191 = VECTOR('',#16192,1.);
#16192 = DIRECTION('',(1.,0.));
#16193 = ( GEOMETRIC_REPRESENTATION_CONTEXT(2) 
PARAMETRIC_REPRESENTATION_CONTEXT() REPRESENTATION_CONTEXT('2D SPACE',''
  ) );
#16194 = ORIENTED_EDGE('',*,*,#16195,.F.);
#16195 = EDGE_CURVE('',#16196,#16168,#16198,.T.);
#16196 = VERTEX_POINT('',#16197);
#16197 = CARTESIAN_POINT('',(67.5,40.249999996933,0.));
#16198 = SURFACE_CURVE('',#16199,(#16204,#16215),.PCURVE_S1.);
#16199 = CIRCLE('',#16200,0.75);
#16200 = AXIS2_PLACEMENT_3D('',#16201,#16202,#16203);
#16201 = CARTESIAN_POINT('',(67.5,39.499999993862,0.));
#16202 = DIRECTION('',(0.,0.,-1.));
#16203 = DIRECTION('',(-1.,0.,0.));
#16204 = PCURVE('',#15207,#16205);
#16205 = DEFINITIONAL_REPRESENTATION('',(#16206),#16214);
#16206 = ( BOUNDED_CURVE() B_SPLINE_CURVE(2,(#16207,#16208,#16209,#16210
    ,#16211,#16212,#16213),.UNSPECIFIED.,.T.,.F.) 
B_SPLINE_CURVE_WITH_KNOTS((1,2,2,2,2,1),(-2.094395102393,0.,
    2.094395102393,4.188790204786,6.28318530718,8.377580409573),
.UNSPECIFIED.) CURVE() GEOMETRIC_REPRESENTATION_ITEM() 
RATIONAL_B_SPLINE_CURVE((1.,0.5,1.,0.5,1.,0.5,1.)) REPRESENTATION_ITEM(
  '') );
#16207 = CARTESIAN_POINT('',(30.35,17.09999999453));
#16208 = CARTESIAN_POINT('',(30.35,18.399038100207));
#16209 = CARTESIAN_POINT('',(31.475,17.749519047368));
#16210 = CARTESIAN_POINT('',(32.6,17.09999999453));
#16211 = CARTESIAN_POINT('',(31.475,16.450480941692));
#16212 = CARTESIAN_POINT('',(30.35,15.800961888853));
#16213 = CARTESIAN_POINT('',(30.35,17.09999999453));
#16214 = ( GEOMETRIC_REPRESENTATION_CONTEXT(2) 
PARAMETRIC_REPRESENTATION_CONTEXT() REPRESENTATION_CONTEXT('2D SPACE',''
  ) );
#16215 = PCURVE('',#16216,#16221);
#16216 = CYLINDRICAL_SURFACE('',#16217,0.75);
#16217 = AXIS2_PLACEMENT_3D('',#16218,#16219,#16220);
#16218 = CARTESIAN_POINT('',(67.5,39.499999993862,0.));
#16219 = DIRECTION('',(-0.,-0.,1.));
#16220 = DIRECTION('',(-1.,0.,0.));
#16221 = DEFINITIONAL_REPRESENTATION('',(#16222),#16226);
#16222 = LINE('',#16223,#16224);
#16223 = CARTESIAN_POINT('',(6.28318530718,0.));
#16224 = VECTOR('',#16225,1.);
#16225 = DIRECTION('',(-1.,0.));
#16226 = ( GEOMETRIC_REPRESENTATION_CONTEXT(2) 
PARAMETRIC_REPRESENTATION_CONTEXT() REPRESENTATION_CONTEXT('2D SPACE',''
  ) );
#16227 = ORIENTED_EDGE('',*,*,#16228,.F.);
#16228 = EDGE_CURVE('',#16229,#16196,#16231,.T.);
#16229 = VERTEX_POINT('',#16230);
#16230 = CARTESIAN_POINT('',(5.3,40.249999996933,0.));
#16231 = SURFACE_CURVE('',#16232,(#16236,#16243),.PCURVE_S1.);
#16232 = LINE('',#16233,#16234);
#16233 = CARTESIAN_POINT('',(36.4,40.250000000003,0.));
#16234 = VECTOR('',#16235,1.);
#16235 = DIRECTION('',(1.,0.,0.));
#16236 = PCURVE('',#15207,#16237);
#16237 = DEFINITIONAL_REPRESENTATION('',(#16238),#16242);
#16238 = LINE('',#16239,#16240);
#16239 = CARTESIAN_POINT('',(0.,17.850000000671));
#16240 = VECTOR('',#16241,1.);
#16241 = DIRECTION('',(1.,0.));
#16242 = ( GEOMETRIC_REPRESENTATION_CONTEXT(2) 
PARAMETRIC_REPRESENTATION_CONTEXT() REPRESENTATION_CONTEXT('2D SPACE',''
  ) );
#16243 = PCURVE('',#16244,#16249);
#16244 = PLANE('',#16245);
#16245 = AXIS2_PLACEMENT_3D('',#16246,#16247,#16248);
#16246 = CARTESIAN_POINT('',(5.3,40.250000000003,0.));
#16247 = DIRECTION('',(0.,-1.,0.));
#16248 = DIRECTION('',(1.,0.,0.));
#16249 = DEFINITIONAL_REPRESENTATION('',(#16250),#16254);
#16250 = LINE('',#16251,#16252);
#16251 = CARTESIAN_POINT('',(31.1,0.));
#16252 = VECTOR('',#16253,1.);
#16253 = DIRECTION('',(1.,0.));
#16254 = ( GEOMETRIC_REPRESENTATION_CONTEXT(2) 
PARAMETRIC_REPRESENTATION_CONTEXT() REPRESENTATION_CONTEXT('2D SPACE',''
  ) );
#16255 = ORIENTED_EDGE('',*,*,#16256,.F.);
#16256 = EDGE_CURVE('',#16257,#16229,#16259,.T.);
#16257 = VERTEX_POINT('',#16258);
#16258 = CARTESIAN_POINT('',(4.55,39.499999993862,0.));
#16259 = SURFACE_CURVE('',#16260,(#16265,#16276),.PCURVE_S1.);
#16260 = CIRCLE('',#16261,0.75);
#16261 = AXIS2_PLACEMENT_3D('',#16262,#16263,#16264);
#16262 = CARTESIAN_POINT('',(5.3,39.499999993862,0.));
#16263 = DIRECTION('',(0.,0.,-1.));
#16264 = DIRECTION('',(-1.,0.,0.));
#16265 = PCURVE('',#15207,#16266);
#16266 = DEFINITIONAL_REPRESENTATION('',(#16267),#16275);
#16267 = ( BOUNDED_CURVE() B_SPLINE_CURVE(2,(#16268,#16269,#16270,#16271
    ,#16272,#16273,#16274),.UNSPECIFIED.,.T.,.F.) 
B_SPLINE_CURVE_WITH_KNOTS((1,2,2,2,2,1),(-2.094395102393,0.,
    2.094395102393,4.188790204786,6.28318530718,8.377580409573),
.UNSPECIFIED.) CURVE() GEOMETRIC_REPRESENTATION_ITEM() 
RATIONAL_B_SPLINE_CURVE((1.,0.5,1.,0.5,1.,0.5,1.)) REPRESENTATION_ITEM(
  '') );
#16268 = CARTESIAN_POINT('',(-31.85,17.09999999453));
#16269 = CARTESIAN_POINT('',(-31.85,18.399038100207));
#16270 = CARTESIAN_POINT('',(-30.725,17.749519047368));
#16271 = CARTESIAN_POINT('',(-29.6,17.09999999453));
#16272 = CARTESIAN_POINT('',(-30.725,16.450480941692));
#16273 = CARTESIAN_POINT('',(-31.85,15.800961888853));
#16274 = CARTESIAN_POINT('',(-31.85,17.09999999453));
#16275 = ( GEOMETRIC_REPRESENTATION_CONTEXT(2) 
PARAMETRIC_REPRESENTATION_CONTEXT() REPRESENTATION_CONTEXT('2D SPACE',''
  ) );
#16276 = PCURVE('',#16277,#16282);
#16277 = CYLINDRICAL_SURFACE('',#16278,0.75);
#16278 = AXIS2_PLACEMENT_3D('',#16279,#16280,#16281);
#16279 = CARTESIAN_POINT('',(5.3,39.499999993862,0.));
#16280 = DIRECTION('',(-0.,-0.,1.));
#16281 = DIRECTION('',(-1.,0.,0.));
#16282 = DEFINITIONAL_REPRESENTATION('',(#16283),#16287);
#16283 = LINE('',#16284,#16285);
#16284 = CARTESIAN_POINT('',(6.28318530718,0.));
#16285 = VECTOR('',#16286,1.);
#16286 = DIRECTION('',(-1.,0.));
#16287 = ( GEOMETRIC_REPRESENTATION_CONTEXT(2) 
PARAMETRIC_REPRESENTATION_CONTEXT() REPRESENTATION_CONTEXT('2D SPACE',''
  ) );
#16288 = ORIENTED_EDGE('',*,*,#16289,.F.);
#16289 = EDGE_CURVE('',#16290,#16257,#16292,.T.);
#16290 = VERTEX_POINT('',#16291);
#16291 = CARTESIAN_POINT('',(4.55,24.86,0.));
#16292 = SURFACE_CURVE('',#16293,(#16297,#16304),.PCURVE_S1.);
#16293 = LINE('',#16294,#16295);
#16294 = CARTESIAN_POINT('',(4.55,22.400000000003,0.));
#16295 = VECTOR('',#16296,1.);
#16296 = DIRECTION('',(0.,1.,0.));
#16297 = PCURVE('',#15207,#16298);
#16298 = DEFINITIONAL_REPRESENTATION('',(#16299),#16303);
#16299 = LINE('',#16300,#16301);
#16300 = CARTESIAN_POINT('',(-31.85,6.710010325151E-10));
#16301 = VECTOR('',#16302,1.);
#16302 = DIRECTION('',(0.,1.));
#16303 = ( GEOMETRIC_REPRESENTATION_CONTEXT(2) 
PARAMETRIC_REPRESENTATION_CONTEXT() REPRESENTATION_CONTEXT('2D SPACE',''
  ) );
#16304 = PCURVE('',#16305,#16310);
#16305 = PLANE('',#16306);
#16306 = AXIS2_PLACEMENT_3D('',#16307,#16308,#16309);
#16307 = CARTESIAN_POINT('',(4.55,5.299999999997,0.));
#16308 = DIRECTION('',(1.,0.,0.));
#16309 = DIRECTION('',(-0.,1.,0.));
#16310 = DEFINITIONAL_REPRESENTATION('',(#16311),#16315);
#16311 = LINE('',#16312,#16313);
#16312 = CARTESIAN_POINT('',(17.100000000006,0.));
#16313 = VECTOR('',#16314,1.);
#16314 = DIRECTION('',(1.,0.));
#16315 = ( GEOMETRIC_REPRESENTATION_CONTEXT(2) 
PARAMETRIC_REPRESENTATION_CONTEXT() REPRESENTATION_CONTEXT('2D SPACE',''
  ) );
#16316 = ORIENTED_EDGE('',*,*,#16317,.F.);
#16317 = EDGE_CURVE('',#16318,#16290,#16320,.T.);
#16318 = VERTEX_POINT('',#16319);
#16319 = CARTESIAN_POINT('',(2.55,24.86,0.));
#16320 = SURFACE_CURVE('',#16321,(#16325,#16332),.PCURVE_S1.);
#16321 = LINE('',#16322,#16323);
#16322 = CARTESIAN_POINT('',(3.275,24.86,0.));
#16323 = VECTOR('',#16324,1.);
#16324 = DIRECTION('',(1.,0.,0.));
#16325 = PCURVE('',#15207,#16326);
#16326 = DEFINITIONAL_REPRESENTATION('',(#16327),#16331);
#16327 = LINE('',#16328,#16329);
#16328 = CARTESIAN_POINT('',(-33.125,2.460000000668));
#16329 = VECTOR('',#16330,1.);
#16330 = DIRECTION('',(1.,0.));
#16331 = ( GEOMETRIC_REPRESENTATION_CONTEXT(2) 
PARAMETRIC_REPRESENTATION_CONTEXT() REPRESENTATION_CONTEXT('2D SPACE',''
  ) );
#16332 = PCURVE('',#16333,#16338);
#16333 = PLANE('',#16334);
#16334 = AXIS2_PLACEMENT_3D('',#16335,#16336,#16337);
#16335 = CARTESIAN_POINT('',(1.5,24.86,0.));
#16336 = DIRECTION('',(0.,-1.,0.));
#16337 = DIRECTION('',(1.,0.,0.));
#16338 = DEFINITIONAL_REPRESENTATION('',(#16339),#16343);
#16339 = LINE('',#16340,#16341);
#16340 = CARTESIAN_POINT('',(1.775,0.));
#16341 = VECTOR('',#16342,1.);
#16342 = DIRECTION('',(1.,0.));
#16343 = ( GEOMETRIC_REPRESENTATION_CONTEXT(2) 
PARAMETRIC_REPRESENTATION_CONTEXT() REPRESENTATION_CONTEXT('2D SPACE',''
  ) );
#16344 = ORIENTED_EDGE('',*,*,#16345,.T.);
#16345 = EDGE_CURVE('',#16318,#16346,#16348,.T.);
#16346 = VERTEX_POINT('',#16347);
#16347 = CARTESIAN_POINT('',(2.55,40.799999993499,0.));
#16348 = SURFACE_CURVE('',#16349,(#16353,#16360),.PCURVE_S1.);
#16349 = LINE('',#16350,#16351);
#16350 = CARTESIAN_POINT('',(2.55,22.400000000001,0.));
#16351 = VECTOR('',#16352,1.);
#16352 = DIRECTION('',(0.,1.,0.));
#16353 = PCURVE('',#15207,#16354);
#16354 = DEFINITIONAL_REPRESENTATION('',(#16355),#16359);
#16355 = LINE('',#16356,#16357);
#16356 = CARTESIAN_POINT('',(-33.85,6.690008547139E-10));
#16357 = VECTOR('',#16358,1.);
#16358 = DIRECTION('',(0.,1.));
#16359 = ( GEOMETRIC_REPRESENTATION_CONTEXT(2) 
PARAMETRIC_REPRESENTATION_CONTEXT() REPRESENTATION_CONTEXT('2D SPACE',''
  ) );
#16360 = PCURVE('',#16361,#16366);
#16361 = PLANE('',#16362);
#16362 = AXIS2_PLACEMENT_3D('',#16363,#16364,#16365);
#16363 = CARTESIAN_POINT('',(2.55,3.999999999999,0.));
#16364 = DIRECTION('',(1.,0.,0.));
#16365 = DIRECTION('',(-0.,1.,0.));
#16366 = DEFINITIONAL_REPRESENTATION('',(#16367),#16371);
#16367 = LINE('',#16368,#16369);
#16368 = CARTESIAN_POINT('',(18.400000000002,0.));
#16369 = VECTOR('',#16370,1.);
#16370 = DIRECTION('',(1.,0.));
#16371 = ( GEOMETRIC_REPRESENTATION_CONTEXT(2) 
PARAMETRIC_REPRESENTATION_CONTEXT() REPRESENTATION_CONTEXT('2D SPACE',''
  ) );
#16372 = ORIENTED_EDGE('',*,*,#16373,.F.);
#16373 = EDGE_CURVE('',#16374,#16346,#16376,.T.);
#16374 = VERTEX_POINT('',#16375);
#16375 = CARTESIAN_POINT('',(4.,42.24999999675,0.));
#16376 = SURFACE_CURVE('',#16377,(#16382,#16389),.PCURVE_S1.);
#16377 = CIRCLE('',#16378,1.45);
#16378 = AXIS2_PLACEMENT_3D('',#16379,#16380,#16381);
#16379 = CARTESIAN_POINT('',(4.,40.799999993499,0.));
#16380 = DIRECTION('',(0.,0.,1.));
#16381 = DIRECTION('',(1.,0.,-0.));
#16382 = PCURVE('',#15207,#16383);
#16383 = DEFINITIONAL_REPRESENTATION('',(#16384),#16388);
#16384 = CIRCLE('',#16385,1.45);
#16385 = AXIS2_PLACEMENT_2D('',#16386,#16387);
#16386 = CARTESIAN_POINT('',(-32.4,18.399999994167));
#16387 = DIRECTION('',(1.,0.));
#16388 = ( GEOMETRIC_REPRESENTATION_CONTEXT(2) 
PARAMETRIC_REPRESENTATION_CONTEXT() REPRESENTATION_CONTEXT('2D SPACE',''
  ) );
#16389 = PCURVE('',#16390,#16395);
#16390 = CYLINDRICAL_SURFACE('',#16391,1.45);
#16391 = AXIS2_PLACEMENT_3D('',#16392,#16393,#16394);
#16392 = CARTESIAN_POINT('',(4.,40.799999993499,0.));
#16393 = DIRECTION('',(0.,0.,1.));
#16394 = DIRECTION('',(1.,0.,-0.));
#16395 = DEFINITIONAL_REPRESENTATION('',(#16396),#16400);
#16396 = LINE('',#16397,#16398);
#16397 = CARTESIAN_POINT('',(0.,0.));
#16398 = VECTOR('',#16399,1.);
#16399 = DIRECTION('',(1.,0.));
#16400 = ( GEOMETRIC_REPRESENTATION_CONTEXT(2) 
PARAMETRIC_REPRESENTATION_CONTEXT() REPRESENTATION_CONTEXT('2D SPACE',''
  ) );
#16401 = ORIENTED_EDGE('',*,*,#16402,.T.);
#16402 = EDGE_CURVE('',#16374,#16403,#16405,.T.);
#16403 = VERTEX_POINT('',#16404);
#16404 = CARTESIAN_POINT('',(16.4,42.25,0.));
#16405 = SURFACE_CURVE('',#16406,(#16410,#16417),.PCURVE_S1.);
#16406 = LINE('',#16407,#16408);
#16407 = CARTESIAN_POINT('',(36.4,42.250000000001,0.));
#16408 = VECTOR('',#16409,1.);
#16409 = DIRECTION('',(1.,0.,0.));
#16410 = PCURVE('',#15207,#16411);
#16411 = DEFINITIONAL_REPRESENTATION('',(#16412),#16416);
#16412 = LINE('',#16413,#16414);
#16413 = CARTESIAN_POINT('',(0.,19.850000000669));
#16414 = VECTOR('',#16415,1.);
#16415 = DIRECTION('',(1.,0.));
#16416 = ( GEOMETRIC_REPRESENTATION_CONTEXT(2) 
PARAMETRIC_REPRESENTATION_CONTEXT() REPRESENTATION_CONTEXT('2D SPACE',''
  ) );
#16417 = PCURVE('',#16418,#16423);
#16418 = PLANE('',#16419);
#16419 = AXIS2_PLACEMENT_3D('',#16420,#16421,#16422);
#16420 = CARTESIAN_POINT('',(4.,42.250000000001,0.));
#16421 = DIRECTION('',(0.,-1.,0.));
#16422 = DIRECTION('',(1.,0.,0.));
#16423 = DEFINITIONAL_REPRESENTATION('',(#16424),#16428);
#16424 = LINE('',#16425,#16426);
#16425 = CARTESIAN_POINT('',(32.4,0.));
#16426 = VECTOR('',#16427,1.);
#16427 = DIRECTION('',(1.,0.));
#16428 = ( GEOMETRIC_REPRESENTATION_CONTEXT(2) 
PARAMETRIC_REPRESENTATION_CONTEXT() REPRESENTATION_CONTEXT('2D SPACE',''
  ) );
#16429 = ORIENTED_EDGE('',*,*,#16430,.F.);
#16430 = EDGE_CURVE('',#16431,#16403,#16433,.T.);
#16431 = VERTEX_POINT('',#16432);
#16432 = CARTESIAN_POINT('',(16.65,42.5,0.));
#16433 = SURFACE_CURVE('',#16434,(#16438,#16445),.PCURVE_S1.);
#16434 = LINE('',#16435,#16436);
#16435 = CARTESIAN_POINT('',(16.65,42.5,0.));
#16436 = VECTOR('',#16437,1.);
#16437 = DIRECTION('',(-0.707106781187,-0.707106781187,0.));
#16438 = PCURVE('',#15207,#16439);
#16439 = DEFINITIONAL_REPRESENTATION('',(#16440),#16444);
#16440 = LINE('',#16441,#16442);
#16441 = CARTESIAN_POINT('',(-19.75,20.100000000668));
#16442 = VECTOR('',#16443,1.);
#16443 = DIRECTION('',(-0.707106781187,-0.707106781187));
#16444 = ( GEOMETRIC_REPRESENTATION_CONTEXT(2) 
PARAMETRIC_REPRESENTATION_CONTEXT() REPRESENTATION_CONTEXT('2D SPACE',''
  ) );
#16445 = PCURVE('',#16446,#16451);
#16446 = PLANE('',#16447);
#16447 = AXIS2_PLACEMENT_3D('',#16448,#16449,#16450);
#16448 = CARTESIAN_POINT('',(16.65,42.5,0.));
#16449 = DIRECTION('',(-0.707106781187,0.707106781187,0.));
#16450 = DIRECTION('',(-0.707106781187,-0.707106781187,0.));
#16451 = DEFINITIONAL_REPRESENTATION('',(#16452),#16456);
#16452 = LINE('',#16453,#16454);
#16453 = CARTESIAN_POINT('',(0.,0.));
#16454 = VECTOR('',#16455,1.);
#16455 = DIRECTION('',(1.,0.));
#16456 = ( GEOMETRIC_REPRESENTATION_CONTEXT(2) 
PARAMETRIC_REPRESENTATION_CONTEXT() REPRESENTATION_CONTEXT('2D SPACE',''
  ) );
#16457 = ORIENTED_EDGE('',*,*,#16458,.F.);
#16458 = EDGE_CURVE('',#16459,#16431,#16461,.T.);
#16459 = VERTEX_POINT('',#16460);
#16460 = CARTESIAN_POINT('',(22.15,42.5,0.));
#16461 = SURFACE_CURVE('',#16462,(#16466,#16473),.PCURVE_S1.);
#16462 = LINE('',#16463,#16464);
#16463 = CARTESIAN_POINT('',(22.15,42.5,0.));
#16464 = VECTOR('',#16465,1.);
#16465 = DIRECTION('',(-1.,0.,0.));
#16466 = PCURVE('',#15207,#16467);
#16467 = DEFINITIONAL_REPRESENTATION('',(#16468),#16472);
#16468 = LINE('',#16469,#16470);
#16469 = CARTESIAN_POINT('',(-14.25,20.100000000668));
#16470 = VECTOR('',#16471,1.);
#16471 = DIRECTION('',(-1.,0.));
#16472 = ( GEOMETRIC_REPRESENTATION_CONTEXT(2) 
PARAMETRIC_REPRESENTATION_CONTEXT() REPRESENTATION_CONTEXT('2D SPACE',''
  ) );
#16473 = PCURVE('',#16474,#16479);
#16474 = PLANE('',#16475);
#16475 = AXIS2_PLACEMENT_3D('',#16476,#16477,#16478);
#16476 = CARTESIAN_POINT('',(22.15,42.5,0.));
#16477 = DIRECTION('',(0.,1.,-0.));
#16478 = DIRECTION('',(-1.,0.,0.));
#16479 = DEFINITIONAL_REPRESENTATION('',(#16480),#16484);
#16480 = LINE('',#16481,#16482);
#16481 = CARTESIAN_POINT('',(0.,0.));
#16482 = VECTOR('',#16483,1.);
#16483 = DIRECTION('',(1.,0.));
#16484 = ( GEOMETRIC_REPRESENTATION_CONTEXT(2) 
PARAMETRIC_REPRESENTATION_CONTEXT() REPRESENTATION_CONTEXT('2D SPACE',''
  ) );
#16485 = ORIENTED_EDGE('',*,*,#16486,.F.);
#16486 = EDGE_CURVE('',#16487,#16459,#16489,.T.);
#16487 = VERTEX_POINT('',#16488);
#16488 = CARTESIAN_POINT('',(22.4,42.25,0.));
#16489 = SURFACE_CURVE('',#16490,(#16494,#16501),.PCURVE_S1.);
#16490 = LINE('',#16491,#16492);
#16491 = CARTESIAN_POINT('',(22.4,42.25,0.));
#16492 = VECTOR('',#16493,1.);
#16493 = DIRECTION('',(-0.707106781187,0.707106781187,0.));
#16494 = PCURVE('',#15207,#16495);
#16495 = DEFINITIONAL_REPRESENTATION('',(#16496),#16500);
#16496 = LINE('',#16497,#16498);
#16497 = CARTESIAN_POINT('',(-14.,19.850000000668));
#16498 = VECTOR('',#16499,1.);
#16499 = DIRECTION('',(-0.707106781187,0.707106781187));
#16500 = ( GEOMETRIC_REPRESENTATION_CONTEXT(2) 
PARAMETRIC_REPRESENTATION_CONTEXT() REPRESENTATION_CONTEXT('2D SPACE',''
  ) );
#16501 = PCURVE('',#16502,#16507);
#16502 = PLANE('',#16503);
#16503 = AXIS2_PLACEMENT_3D('',#16504,#16505,#16506);
#16504 = CARTESIAN_POINT('',(22.4,42.25,0.));
#16505 = DIRECTION('',(0.707106781187,0.707106781187,-0.));
#16506 = DIRECTION('',(-0.707106781187,0.707106781187,0.));
#16507 = DEFINITIONAL_REPRESENTATION('',(#16508),#16512);
#16508 = LINE('',#16509,#16510);
#16509 = CARTESIAN_POINT('',(0.,0.));
#16510 = VECTOR('',#16511,1.);
#16511 = DIRECTION('',(1.,0.));
#16512 = ( GEOMETRIC_REPRESENTATION_CONTEXT(2) 
PARAMETRIC_REPRESENTATION_CONTEXT() REPRESENTATION_CONTEXT('2D SPACE',''
  ) );
#16513 = ORIENTED_EDGE('',*,*,#16514,.T.);
#16514 = EDGE_CURVE('',#16487,#16515,#16517,.T.);
#16515 = VERTEX_POINT('',#16516);
#16516 = CARTESIAN_POINT('',(49.4,42.25,0.));
#16517 = SURFACE_CURVE('',#16518,(#16522,#16529),.PCURVE_S1.);
#16518 = LINE('',#16519,#16520);
#16519 = CARTESIAN_POINT('',(36.4,42.250000000001,0.));
#16520 = VECTOR('',#16521,1.);
#16521 = DIRECTION('',(1.,0.,0.));
#16522 = PCURVE('',#15207,#16523);
#16523 = DEFINITIONAL_REPRESENTATION('',(#16524),#16528);
#16524 = LINE('',#16525,#16526);
#16525 = CARTESIAN_POINT('',(0.,19.850000000669));
#16526 = VECTOR('',#16527,1.);
#16527 = DIRECTION('',(1.,0.));
#16528 = ( GEOMETRIC_REPRESENTATION_CONTEXT(2) 
PARAMETRIC_REPRESENTATION_CONTEXT() REPRESENTATION_CONTEXT('2D SPACE',''
  ) );
#16529 = PCURVE('',#16530,#16535);
#16530 = PLANE('',#16531);
#16531 = AXIS2_PLACEMENT_3D('',#16532,#16533,#16534);
#16532 = CARTESIAN_POINT('',(4.,42.250000000001,0.));
#16533 = DIRECTION('',(0.,-1.,0.));
#16534 = DIRECTION('',(1.,0.,0.));
#16535 = DEFINITIONAL_REPRESENTATION('',(#16536),#16540);
#16536 = LINE('',#16537,#16538);
#16537 = CARTESIAN_POINT('',(32.4,0.));
#16538 = VECTOR('',#16539,1.);
#16539 = DIRECTION('',(1.,0.));
#16540 = ( GEOMETRIC_REPRESENTATION_CONTEXT(2) 
PARAMETRIC_REPRESENTATION_CONTEXT() REPRESENTATION_CONTEXT('2D SPACE',''
  ) );
#16541 = ORIENTED_EDGE('',*,*,#16542,.F.);
#16542 = EDGE_CURVE('',#16543,#16515,#16545,.T.);
#16543 = VERTEX_POINT('',#16544);
#16544 = CARTESIAN_POINT('',(49.65,42.5,0.));
#16545 = SURFACE_CURVE('',#16546,(#16550,#16557),.PCURVE_S1.);
#16546 = LINE('',#16547,#16548);
#16547 = CARTESIAN_POINT('',(49.65,42.5,0.));
#16548 = VECTOR('',#16549,1.);
#16549 = DIRECTION('',(-0.707106781187,-0.707106781187,0.));
#16550 = PCURVE('',#15207,#16551);
#16551 = DEFINITIONAL_REPRESENTATION('',(#16552),#16556);
#16552 = LINE('',#16553,#16554);
#16553 = CARTESIAN_POINT('',(13.25,20.100000000668));
#16554 = VECTOR('',#16555,1.);
#16555 = DIRECTION('',(-0.707106781187,-0.707106781187));
#16556 = ( GEOMETRIC_REPRESENTATION_CONTEXT(2) 
PARAMETRIC_REPRESENTATION_CONTEXT() REPRESENTATION_CONTEXT('2D SPACE',''
  ) );
#16557 = PCURVE('',#16558,#16563);
#16558 = PLANE('',#16559);
#16559 = AXIS2_PLACEMENT_3D('',#16560,#16561,#16562);
#16560 = CARTESIAN_POINT('',(49.65,42.5,0.));
#16561 = DIRECTION('',(-0.707106781187,0.707106781187,0.));
#16562 = DIRECTION('',(-0.707106781187,-0.707106781187,0.));
#16563 = DEFINITIONAL_REPRESENTATION('',(#16564),#16568);
#16564 = LINE('',#16565,#16566);
#16565 = CARTESIAN_POINT('',(0.,0.));
#16566 = VECTOR('',#16567,1.);
#16567 = DIRECTION('',(1.,0.));
#16568 = ( GEOMETRIC_REPRESENTATION_CONTEXT(2) 
PARAMETRIC_REPRESENTATION_CONTEXT() REPRESENTATION_CONTEXT('2D SPACE',''
  ) );
#16569 = ORIENTED_EDGE('',*,*,#16570,.F.);
#16570 = EDGE_CURVE('',#16571,#16543,#16573,.T.);
#16571 = VERTEX_POINT('',#16572);
#16572 = CARTESIAN_POINT('',(55.15,42.5,0.));
#16573 = SURFACE_CURVE('',#16574,(#16578,#16585),.PCURVE_S1.);
#16574 = LINE('',#16575,#16576);
#16575 = CARTESIAN_POINT('',(55.15,42.5,0.));
#16576 = VECTOR('',#16577,1.);
#16577 = DIRECTION('',(-1.,0.,0.));
#16578 = PCURVE('',#15207,#16579);
#16579 = DEFINITIONAL_REPRESENTATION('',(#16580),#16584);
#16580 = LINE('',#16581,#16582);
#16581 = CARTESIAN_POINT('',(18.75,20.100000000668));
#16582 = VECTOR('',#16583,1.);
#16583 = DIRECTION('',(-1.,0.));
#16584 = ( GEOMETRIC_REPRESENTATION_CONTEXT(2) 
PARAMETRIC_REPRESENTATION_CONTEXT() REPRESENTATION_CONTEXT('2D SPACE',''
  ) );
#16585 = PCURVE('',#16586,#16591);
#16586 = PLANE('',#16587);
#16587 = AXIS2_PLACEMENT_3D('',#16588,#16589,#16590);
#16588 = CARTESIAN_POINT('',(55.15,42.5,0.));
#16589 = DIRECTION('',(0.,1.,-0.));
#16590 = DIRECTION('',(-1.,0.,0.));
#16591 = DEFINITIONAL_REPRESENTATION('',(#16592),#16596);
#16592 = LINE('',#16593,#16594);
#16593 = CARTESIAN_POINT('',(0.,0.));
#16594 = VECTOR('',#16595,1.);
#16595 = DIRECTION('',(1.,0.));
#16596 = ( GEOMETRIC_REPRESENTATION_CONTEXT(2) 
PARAMETRIC_REPRESENTATION_CONTEXT() REPRESENTATION_CONTEXT('2D SPACE',''
  ) );
#16597 = ORIENTED_EDGE('',*,*,#16598,.F.);
#16598 = EDGE_CURVE('',#16599,#16571,#16601,.T.);
#16599 = VERTEX_POINT('',#16600);
#16600 = CARTESIAN_POINT('',(55.4,42.25,0.));
#16601 = SURFACE_CURVE('',#16602,(#16606,#16613),.PCURVE_S1.);
#16602 = LINE('',#16603,#16604);
#16603 = CARTESIAN_POINT('',(55.4,42.25,0.));
#16604 = VECTOR('',#16605,1.);
#16605 = DIRECTION('',(-0.707106781187,0.707106781187,0.));
#16606 = PCURVE('',#15207,#16607);
#16607 = DEFINITIONAL_REPRESENTATION('',(#16608),#16612);
#16608 = LINE('',#16609,#16610);
#16609 = CARTESIAN_POINT('',(19.,19.850000000668));
#16610 = VECTOR('',#16611,1.);
#16611 = DIRECTION('',(-0.707106781187,0.707106781187));
#16612 = ( GEOMETRIC_REPRESENTATION_CONTEXT(2) 
PARAMETRIC_REPRESENTATION_CONTEXT() REPRESENTATION_CONTEXT('2D SPACE',''
  ) );
#16613 = PCURVE('',#16614,#16619);
#16614 = PLANE('',#16615);
#16615 = AXIS2_PLACEMENT_3D('',#16616,#16617,#16618);
#16616 = CARTESIAN_POINT('',(55.4,42.25,0.));
#16617 = DIRECTION('',(0.707106781187,0.707106781187,-0.));
#16618 = DIRECTION('',(-0.707106781187,0.707106781187,0.));
#16619 = DEFINITIONAL_REPRESENTATION('',(#16620),#16624);
#16620 = LINE('',#16621,#16622);
#16621 = CARTESIAN_POINT('',(0.,0.));
#16622 = VECTOR('',#16623,1.);
#16623 = DIRECTION('',(1.,0.));
#16624 = ( GEOMETRIC_REPRESENTATION_CONTEXT(2) 
PARAMETRIC_REPRESENTATION_CONTEXT() REPRESENTATION_CONTEXT('2D SPACE',''
  ) );
#16625 = ORIENTED_EDGE('',*,*,#16626,.T.);
#16626 = EDGE_CURVE('',#16599,#16627,#16629,.T.);
#16627 = VERTEX_POINT('',#16628);
#16628 = CARTESIAN_POINT('',(68.8,42.24999999675,0.));
#16629 = SURFACE_CURVE('',#16630,(#16634,#16641),.PCURVE_S1.);
#16630 = LINE('',#16631,#16632);
#16631 = CARTESIAN_POINT('',(36.4,42.250000000001,0.));
#16632 = VECTOR('',#16633,1.);
#16633 = DIRECTION('',(1.,0.,0.));
#16634 = PCURVE('',#15207,#16635);
#16635 = DEFINITIONAL_REPRESENTATION('',(#16636),#16640);
#16636 = LINE('',#16637,#16638);
#16637 = CARTESIAN_POINT('',(0.,19.850000000669));
#16638 = VECTOR('',#16639,1.);
#16639 = DIRECTION('',(1.,0.));
#16640 = ( GEOMETRIC_REPRESENTATION_CONTEXT(2) 
PARAMETRIC_REPRESENTATION_CONTEXT() REPRESENTATION_CONTEXT('2D SPACE',''
  ) );
#16641 = PCURVE('',#16642,#16647);
#16642 = PLANE('',#16643);
#16643 = AXIS2_PLACEMENT_3D('',#16644,#16645,#16646);
#16644 = CARTESIAN_POINT('',(4.,42.250000000001,0.));
#16645 = DIRECTION('',(0.,-1.,0.));
#16646 = DIRECTION('',(1.,0.,0.));
#16647 = DEFINITIONAL_REPRESENTATION('',(#16648),#16652);
#16648 = LINE('',#16649,#16650);
#16649 = CARTESIAN_POINT('',(32.4,0.));
#16650 = VECTOR('',#16651,1.);
#16651 = DIRECTION('',(1.,0.));
#16652 = ( GEOMETRIC_REPRESENTATION_CONTEXT(2) 
PARAMETRIC_REPRESENTATION_CONTEXT() REPRESENTATION_CONTEXT('2D SPACE',''
  ) );
#16653 = ORIENTED_EDGE('',*,*,#16654,.F.);
#16654 = EDGE_CURVE('',#16655,#16627,#16657,.T.);
#16655 = VERTEX_POINT('',#16656);
#16656 = CARTESIAN_POINT('',(70.25,40.799999993499,0.));
#16657 = SURFACE_CURVE('',#16658,(#16663,#16670),.PCURVE_S1.);
#16658 = CIRCLE('',#16659,1.45);
#16659 = AXIS2_PLACEMENT_3D('',#16660,#16661,#16662);
#16660 = CARTESIAN_POINT('',(68.8,40.799999993499,0.));
#16661 = DIRECTION('',(0.,0.,1.));
#16662 = DIRECTION('',(1.,0.,-0.));
#16663 = PCURVE('',#15207,#16664);
#16664 = DEFINITIONAL_REPRESENTATION('',(#16665),#16669);
#16665 = CIRCLE('',#16666,1.45);
#16666 = AXIS2_PLACEMENT_2D('',#16667,#16668);
#16667 = CARTESIAN_POINT('',(32.4,18.399999994167));
#16668 = DIRECTION('',(1.,0.));
#16669 = ( GEOMETRIC_REPRESENTATION_CONTEXT(2) 
PARAMETRIC_REPRESENTATION_CONTEXT() REPRESENTATION_CONTEXT('2D SPACE',''
  ) );
#16670 = PCURVE('',#16671,#16676);
#16671 = CYLINDRICAL_SURFACE('',#16672,1.45);
#16672 = AXIS2_PLACEMENT_3D('',#16673,#16674,#16675);
#16673 = CARTESIAN_POINT('',(68.8,40.799999993499,0.));
#16674 = DIRECTION('',(0.,0.,1.));
#16675 = DIRECTION('',(1.,0.,-0.));
#16676 = DEFINITIONAL_REPRESENTATION('',(#16677),#16681);
#16677 = LINE('',#16678,#16679);
#16678 = CARTESIAN_POINT('',(0.,0.));
#16679 = VECTOR('',#16680,1.);
#16680 = DIRECTION('',(1.,0.));
#16681 = ( GEOMETRIC_REPRESENTATION_CONTEXT(2) 
PARAMETRIC_REPRESENTATION_CONTEXT() REPRESENTATION_CONTEXT('2D SPACE',''
  ) );
#16682 = ORIENTED_EDGE('',*,*,#16683,.F.);
#16683 = EDGE_CURVE('',#16684,#16655,#16686,.T.);
#16684 = VERTEX_POINT('',#16685);
#16685 = CARTESIAN_POINT('',(70.25,25.4,0.));
#16686 = SURFACE_CURVE('',#16687,(#16691,#16698),.PCURVE_S1.);
#16687 = LINE('',#16688,#16689);
#16688 = CARTESIAN_POINT('',(70.25,22.400000000001,0.));
#16689 = VECTOR('',#16690,1.);
#16690 = DIRECTION('',(0.,1.,0.));
#16691 = PCURVE('',#15207,#16692);
#16692 = DEFINITIONAL_REPRESENTATION('',(#16693),#16697);
#16693 = LINE('',#16694,#16695);
#16694 = CARTESIAN_POINT('',(33.85,6.690008547139E-10));
#16695 = VECTOR('',#16696,1.);
#16696 = DIRECTION('',(0.,1.));
#16697 = ( GEOMETRIC_REPRESENTATION_CONTEXT(2) 
PARAMETRIC_REPRESENTATION_CONTEXT() REPRESENTATION_CONTEXT('2D SPACE',''
  ) );
#16698 = PCURVE('',#16699,#16704);
#16699 = PLANE('',#16700);
#16700 = AXIS2_PLACEMENT_3D('',#16701,#16702,#16703);
#16701 = CARTESIAN_POINT('',(70.25,3.999999999999,0.));
#16702 = DIRECTION('',(1.,0.,0.));
#16703 = DIRECTION('',(-0.,1.,0.));
#16704 = DEFINITIONAL_REPRESENTATION('',(#16705),#16709);
#16705 = LINE('',#16706,#16707);
#16706 = CARTESIAN_POINT('',(18.400000000002,0.));
#16707 = VECTOR('',#16708,1.);
#16708 = DIRECTION('',(1.,0.));
#16709 = ( GEOMETRIC_REPRESENTATION_CONTEXT(2) 
PARAMETRIC_REPRESENTATION_CONTEXT() REPRESENTATION_CONTEXT('2D SPACE',''
  ) );
#16710 = ORIENTED_EDGE('',*,*,#16711,.T.);
#16711 = EDGE_CURVE('',#16684,#16712,#16714,.T.);
#16712 = VERTEX_POINT('',#16713);
#16713 = CARTESIAN_POINT('',(70.5,25.15,0.));
#16714 = SURFACE_CURVE('',#16715,(#16719,#16726),.PCURVE_S1.);
#16715 = LINE('',#16716,#16717);
#16716 = CARTESIAN_POINT('',(70.25,25.4,0.));
#16717 = VECTOR('',#16718,1.);
#16718 = DIRECTION('',(0.707106781187,-0.707106781187,0.));
#16719 = PCURVE('',#15207,#16720);
#16720 = DEFINITIONAL_REPRESENTATION('',(#16721),#16725);
#16721 = LINE('',#16722,#16723);
#16722 = CARTESIAN_POINT('',(33.85,3.000000000668));
#16723 = VECTOR('',#16724,1.);
#16724 = DIRECTION('',(0.707106781187,-0.707106781187));
#16725 = ( GEOMETRIC_REPRESENTATION_CONTEXT(2) 
PARAMETRIC_REPRESENTATION_CONTEXT() REPRESENTATION_CONTEXT('2D SPACE',''
  ) );
#16726 = PCURVE('',#16727,#16732);
#16727 = PLANE('',#16728);
#16728 = AXIS2_PLACEMENT_3D('',#16729,#16730,#16731);
#16729 = CARTESIAN_POINT('',(70.25,25.4,0.));
#16730 = DIRECTION('',(-0.707106781187,-0.707106781187,0.));
#16731 = DIRECTION('',(0.707106781187,-0.707106781187,0.));
#16732 = DEFINITIONAL_REPRESENTATION('',(#16733),#16737);
#16733 = LINE('',#16734,#16735);
#16734 = CARTESIAN_POINT('',(0.,0.));
#16735 = VECTOR('',#16736,1.);
#16736 = DIRECTION('',(1.,0.));
#16737 = ( GEOMETRIC_REPRESENTATION_CONTEXT(2) 
PARAMETRIC_REPRESENTATION_CONTEXT() REPRESENTATION_CONTEXT('2D SPACE',''
  ) );
#16738 = ORIENTED_EDGE('',*,*,#16739,.T.);
#16739 = EDGE_CURVE('',#16712,#16740,#16742,.T.);
#16740 = VERTEX_POINT('',#16741);
#16741 = CARTESIAN_POINT('',(70.5,19.65,0.));
#16742 = SURFACE_CURVE('',#16743,(#16747,#16754),.PCURVE_S1.);
#16743 = LINE('',#16744,#16745);
#16744 = CARTESIAN_POINT('',(70.5,25.15,0.));
#16745 = VECTOR('',#16746,1.);
#16746 = DIRECTION('',(0.,-1.,0.));
#16747 = PCURVE('',#15207,#16748);
#16748 = DEFINITIONAL_REPRESENTATION('',(#16749),#16753);
#16749 = LINE('',#16750,#16751);
#16750 = CARTESIAN_POINT('',(34.1,2.750000000668));
#16751 = VECTOR('',#16752,1.);
#16752 = DIRECTION('',(0.,-1.));
#16753 = ( GEOMETRIC_REPRESENTATION_CONTEXT(2) 
PARAMETRIC_REPRESENTATION_CONTEXT() REPRESENTATION_CONTEXT('2D SPACE',''
  ) );
#16754 = PCURVE('',#16755,#16760);
#16755 = PLANE('',#16756);
#16756 = AXIS2_PLACEMENT_3D('',#16757,#16758,#16759);
#16757 = CARTESIAN_POINT('',(70.5,25.15,0.));
#16758 = DIRECTION('',(-1.,0.,0.));
#16759 = DIRECTION('',(0.,-1.,0.));
#16760 = DEFINITIONAL_REPRESENTATION('',(#16761),#16765);
#16761 = LINE('',#16762,#16763);
#16762 = CARTESIAN_POINT('',(0.,0.));
#16763 = VECTOR('',#16764,1.);
#16764 = DIRECTION('',(1.,0.));
#16765 = ( GEOMETRIC_REPRESENTATION_CONTEXT(2) 
PARAMETRIC_REPRESENTATION_CONTEXT() REPRESENTATION_CONTEXT('2D SPACE',''
  ) );
#16766 = ORIENTED_EDGE('',*,*,#16767,.T.);
#16767 = EDGE_CURVE('',#16740,#16768,#16770,.T.);
#16768 = VERTEX_POINT('',#16769);
#16769 = CARTESIAN_POINT('',(70.25,19.4,0.));
#16770 = SURFACE_CURVE('',#16771,(#16775,#16782),.PCURVE_S1.);
#16771 = LINE('',#16772,#16773);
#16772 = CARTESIAN_POINT('',(70.5,19.65,0.));
#16773 = VECTOR('',#16774,1.);
#16774 = DIRECTION('',(-0.707106781187,-0.707106781187,0.));
#16775 = PCURVE('',#15207,#16776);
#16776 = DEFINITIONAL_REPRESENTATION('',(#16777),#16781);
#16777 = LINE('',#16778,#16779);
#16778 = CARTESIAN_POINT('',(34.1,-2.749999999332));
#16779 = VECTOR('',#16780,1.);
#16780 = DIRECTION('',(-0.707106781187,-0.707106781187));
#16781 = ( GEOMETRIC_REPRESENTATION_CONTEXT(2) 
PARAMETRIC_REPRESENTATION_CONTEXT() REPRESENTATION_CONTEXT('2D SPACE',''
  ) );
#16782 = PCURVE('',#16783,#16788);
#16783 = PLANE('',#16784);
#16784 = AXIS2_PLACEMENT_3D('',#16785,#16786,#16787);
#16785 = CARTESIAN_POINT('',(70.5,19.65,0.));
#16786 = DIRECTION('',(-0.707106781187,0.707106781187,0.));
#16787 = DIRECTION('',(-0.707106781187,-0.707106781187,0.));
#16788 = DEFINITIONAL_REPRESENTATION('',(#16789),#16793);
#16789 = LINE('',#16790,#16791);
#16790 = CARTESIAN_POINT('',(0.,0.));
#16791 = VECTOR('',#16792,1.);
#16792 = DIRECTION('',(1.,0.));
#16793 = ( GEOMETRIC_REPRESENTATION_CONTEXT(2) 
PARAMETRIC_REPRESENTATION_CONTEXT() REPRESENTATION_CONTEXT('2D SPACE',''
  ) );
#16794 = ORIENTED_EDGE('',*,*,#16795,.F.);
#16795 = EDGE_CURVE('',#16796,#16768,#16798,.T.);
#16796 = VERTEX_POINT('',#16797);
#16797 = CARTESIAN_POINT('',(70.25,3.999999999999,0.));
#16798 = SURFACE_CURVE('',#16799,(#16803,#16810),.PCURVE_S1.);
#16799 = LINE('',#16800,#16801);
#16800 = CARTESIAN_POINT('',(70.25,22.400000000001,0.));
#16801 = VECTOR('',#16802,1.);
#16802 = DIRECTION('',(0.,1.,0.));
#16803 = PCURVE('',#15207,#16804);
#16804 = DEFINITIONAL_REPRESENTATION('',(#16805),#16809);
#16805 = LINE('',#16806,#16807);
#16806 = CARTESIAN_POINT('',(33.85,6.690008547139E-10));
#16807 = VECTOR('',#16808,1.);
#16808 = DIRECTION('',(0.,1.));
#16809 = ( GEOMETRIC_REPRESENTATION_CONTEXT(2) 
PARAMETRIC_REPRESENTATION_CONTEXT() REPRESENTATION_CONTEXT('2D SPACE',''
  ) );
#16810 = PCURVE('',#16811,#16816);
#16811 = PLANE('',#16812);
#16812 = AXIS2_PLACEMENT_3D('',#16813,#16814,#16815);
#16813 = CARTESIAN_POINT('',(70.25,3.999999999999,0.));
#16814 = DIRECTION('',(1.,0.,0.));
#16815 = DIRECTION('',(-0.,1.,0.));
#16816 = DEFINITIONAL_REPRESENTATION('',(#16817),#16821);
#16817 = LINE('',#16818,#16819);
#16818 = CARTESIAN_POINT('',(18.400000000002,0.));
#16819 = VECTOR('',#16820,1.);
#16820 = DIRECTION('',(1.,0.));
#16821 = ( GEOMETRIC_REPRESENTATION_CONTEXT(2) 
PARAMETRIC_REPRESENTATION_CONTEXT() REPRESENTATION_CONTEXT('2D SPACE',''
  ) );
#16822 = ORIENTED_EDGE('',*,*,#16823,.F.);
#16823 = EDGE_CURVE('',#16824,#16796,#16826,.T.);
#16824 = VERTEX_POINT('',#16825);
#16825 = CARTESIAN_POINT('',(68.8,2.55,0.));
#16826 = SURFACE_CURVE('',#16827,(#16832,#16839),.PCURVE_S1.);
#16827 = CIRCLE('',#16828,1.45);
#16828 = AXIS2_PLACEMENT_3D('',#16829,#16830,#16831);
#16829 = CARTESIAN_POINT('',(68.8,3.999999999999,0.));
#16830 = DIRECTION('',(0.,0.,1.));
#16831 = DIRECTION('',(1.,0.,-0.));
#16832 = PCURVE('',#15207,#16833);
#16833 = DEFINITIONAL_REPRESENTATION('',(#16834),#16838);
#16834 = CIRCLE('',#16835,1.45);
#16835 = AXIS2_PLACEMENT_2D('',#16836,#16837);
#16836 = CARTESIAN_POINT('',(32.4,-18.39999999933));
#16837 = DIRECTION('',(1.,0.));
#16838 = ( GEOMETRIC_REPRESENTATION_CONTEXT(2) 
PARAMETRIC_REPRESENTATION_CONTEXT() REPRESENTATION_CONTEXT('2D SPACE',''
  ) );
#16839 = PCURVE('',#16840,#16845);
#16840 = CYLINDRICAL_SURFACE('',#16841,1.45);
#16841 = AXIS2_PLACEMENT_3D('',#16842,#16843,#16844);
#16842 = CARTESIAN_POINT('',(68.8,3.999999999999,0.));
#16843 = DIRECTION('',(0.,0.,1.));
#16844 = DIRECTION('',(1.,0.,-0.));
#16845 = DEFINITIONAL_REPRESENTATION('',(#16846),#16850);
#16846 = LINE('',#16847,#16848);
#16847 = CARTESIAN_POINT('',(0.,0.));
#16848 = VECTOR('',#16849,1.);
#16849 = DIRECTION('',(1.,0.));
#16850 = ( GEOMETRIC_REPRESENTATION_CONTEXT(2) 
PARAMETRIC_REPRESENTATION_CONTEXT() REPRESENTATION_CONTEXT('2D SPACE',''
  ) );
#16851 = ORIENTED_EDGE('',*,*,#16852,.F.);
#16852 = EDGE_CURVE('',#16853,#16824,#16855,.T.);
#16853 = VERTEX_POINT('',#16854);
#16854 = CARTESIAN_POINT('',(55.4,2.55,0.));
#16855 = SURFACE_CURVE('',#16856,(#16860,#16867),.PCURVE_S1.);
#16856 = LINE('',#16857,#16858);
#16857 = CARTESIAN_POINT('',(36.4,2.550000000001,0.));
#16858 = VECTOR('',#16859,1.);
#16859 = DIRECTION('',(1.,0.,0.));
#16860 = PCURVE('',#15207,#16861);
#16861 = DEFINITIONAL_REPRESENTATION('',(#16862),#16866);
#16862 = LINE('',#16863,#16864);
#16863 = CARTESIAN_POINT('',(0.,-19.84999999933));
#16864 = VECTOR('',#16865,1.);
#16865 = DIRECTION('',(1.,0.));
#16866 = ( GEOMETRIC_REPRESENTATION_CONTEXT(2) 
PARAMETRIC_REPRESENTATION_CONTEXT() REPRESENTATION_CONTEXT('2D SPACE',''
  ) );
#16867 = PCURVE('',#16868,#16873);
#16868 = PLANE('',#16869);
#16869 = AXIS2_PLACEMENT_3D('',#16870,#16871,#16872);
#16870 = CARTESIAN_POINT('',(4.,2.550000000001,0.));
#16871 = DIRECTION('',(0.,-1.,0.));
#16872 = DIRECTION('',(1.,0.,0.));
#16873 = DEFINITIONAL_REPRESENTATION('',(#16874),#16878);
#16874 = LINE('',#16875,#16876);
#16875 = CARTESIAN_POINT('',(32.4,0.));
#16876 = VECTOR('',#16877,1.);
#16877 = DIRECTION('',(1.,0.));
#16878 = ( GEOMETRIC_REPRESENTATION_CONTEXT(2) 
PARAMETRIC_REPRESENTATION_CONTEXT() REPRESENTATION_CONTEXT('2D SPACE',''
  ) );
#16879 = ORIENTED_EDGE('',*,*,#16880,.T.);
#16880 = EDGE_CURVE('',#16853,#16881,#16883,.T.);
#16881 = VERTEX_POINT('',#16882);
#16882 = CARTESIAN_POINT('',(55.15,2.3,0.));
#16883 = SURFACE_CURVE('',#16884,(#16888,#16895),.PCURVE_S1.);
#16884 = LINE('',#16885,#16886);
#16885 = CARTESIAN_POINT('',(55.4,2.55,0.));
#16886 = VECTOR('',#16887,1.);
#16887 = DIRECTION('',(-0.707106781187,-0.707106781187,0.));
#16888 = PCURVE('',#15207,#16889);
#16889 = DEFINITIONAL_REPRESENTATION('',(#16890),#16894);
#16890 = LINE('',#16891,#16892);
#16891 = CARTESIAN_POINT('',(19.,-19.84999999933));
#16892 = VECTOR('',#16893,1.);
#16893 = DIRECTION('',(-0.707106781187,-0.707106781187));
#16894 = ( GEOMETRIC_REPRESENTATION_CONTEXT(2) 
PARAMETRIC_REPRESENTATION_CONTEXT() REPRESENTATION_CONTEXT('2D SPACE',''
  ) );
#16895 = PCURVE('',#16896,#16901);
#16896 = PLANE('',#16897);
#16897 = AXIS2_PLACEMENT_3D('',#16898,#16899,#16900);
#16898 = CARTESIAN_POINT('',(55.4,2.55,0.));
#16899 = DIRECTION('',(-0.707106781187,0.707106781187,0.));
#16900 = DIRECTION('',(-0.707106781187,-0.707106781187,0.));
#16901 = DEFINITIONAL_REPRESENTATION('',(#16902),#16906);
#16902 = LINE('',#16903,#16904);
#16903 = CARTESIAN_POINT('',(0.,0.));
#16904 = VECTOR('',#16905,1.);
#16905 = DIRECTION('',(1.,0.));
#16906 = ( GEOMETRIC_REPRESENTATION_CONTEXT(2) 
PARAMETRIC_REPRESENTATION_CONTEXT() REPRESENTATION_CONTEXT('2D SPACE',''
  ) );
#16907 = ORIENTED_EDGE('',*,*,#16908,.T.);
#16908 = EDGE_CURVE('',#16881,#16909,#16911,.T.);
#16909 = VERTEX_POINT('',#16910);
#16910 = CARTESIAN_POINT('',(49.65,2.3,0.));
#16911 = SURFACE_CURVE('',#16912,(#16916,#16923),.PCURVE_S1.);
#16912 = LINE('',#16913,#16914);
#16913 = CARTESIAN_POINT('',(55.15,2.3,0.));
#16914 = VECTOR('',#16915,1.);
#16915 = DIRECTION('',(-1.,0.,0.));
#16916 = PCURVE('',#15207,#16917);
#16917 = DEFINITIONAL_REPRESENTATION('',(#16918),#16922);
#16918 = LINE('',#16919,#16920);
#16919 = CARTESIAN_POINT('',(18.75,-20.09999999933));
#16920 = VECTOR('',#16921,1.);
#16921 = DIRECTION('',(-1.,0.));
#16922 = ( GEOMETRIC_REPRESENTATION_CONTEXT(2) 
PARAMETRIC_REPRESENTATION_CONTEXT() REPRESENTATION_CONTEXT('2D SPACE',''
  ) );
#16923 = PCURVE('',#16924,#16929);
#16924 = PLANE('',#16925);
#16925 = AXIS2_PLACEMENT_3D('',#16926,#16927,#16928);
#16926 = CARTESIAN_POINT('',(55.15,2.3,0.));
#16927 = DIRECTION('',(0.,1.,-0.));
#16928 = DIRECTION('',(-1.,0.,0.));
#16929 = DEFINITIONAL_REPRESENTATION('',(#16930),#16934);
#16930 = LINE('',#16931,#16932);
#16931 = CARTESIAN_POINT('',(0.,0.));
#16932 = VECTOR('',#16933,1.);
#16933 = DIRECTION('',(1.,0.));
#16934 = ( GEOMETRIC_REPRESENTATION_CONTEXT(2) 
PARAMETRIC_REPRESENTATION_CONTEXT() REPRESENTATION_CONTEXT('2D SPACE',''
  ) );
#16935 = ORIENTED_EDGE('',*,*,#16936,.T.);
#16936 = EDGE_CURVE('',#16909,#16937,#16939,.T.);
#16937 = VERTEX_POINT('',#16938);
#16938 = CARTESIAN_POINT('',(49.4,2.55,0.));
#16939 = SURFACE_CURVE('',#16940,(#16944,#16951),.PCURVE_S1.);
#16940 = LINE('',#16941,#16942);
#16941 = CARTESIAN_POINT('',(49.65,2.3,0.));
#16942 = VECTOR('',#16943,1.);
#16943 = DIRECTION('',(-0.707106781187,0.707106781187,0.));
#16944 = PCURVE('',#15207,#16945);
#16945 = DEFINITIONAL_REPRESENTATION('',(#16946),#16950);
#16946 = LINE('',#16947,#16948);
#16947 = CARTESIAN_POINT('',(13.25,-20.09999999933));
#16948 = VECTOR('',#16949,1.);
#16949 = DIRECTION('',(-0.707106781187,0.707106781187));
#16950 = ( GEOMETRIC_REPRESENTATION_CONTEXT(2) 
PARAMETRIC_REPRESENTATION_CONTEXT() REPRESENTATION_CONTEXT('2D SPACE',''
  ) );
#16951 = PCURVE('',#16952,#16957);
#16952 = PLANE('',#16953);
#16953 = AXIS2_PLACEMENT_3D('',#16954,#16955,#16956);
#16954 = CARTESIAN_POINT('',(49.65,2.3,0.));
#16955 = DIRECTION('',(0.707106781187,0.707106781187,-0.));
#16956 = DIRECTION('',(-0.707106781187,0.707106781187,0.));
#16957 = DEFINITIONAL_REPRESENTATION('',(#16958),#16962);
#16958 = LINE('',#16959,#16960);
#16959 = CARTESIAN_POINT('',(0.,0.));
#16960 = VECTOR('',#16961,1.);
#16961 = DIRECTION('',(1.,0.));
#16962 = ( GEOMETRIC_REPRESENTATION_CONTEXT(2) 
PARAMETRIC_REPRESENTATION_CONTEXT() REPRESENTATION_CONTEXT('2D SPACE',''
  ) );
#16963 = ORIENTED_EDGE('',*,*,#16964,.F.);
#16964 = EDGE_CURVE('',#16965,#16937,#16967,.T.);
#16965 = VERTEX_POINT('',#16966);
#16966 = CARTESIAN_POINT('',(22.4,2.55,0.));
#16967 = SURFACE_CURVE('',#16968,(#16972,#16979),.PCURVE_S1.);
#16968 = LINE('',#16969,#16970);
#16969 = CARTESIAN_POINT('',(36.4,2.550000000001,0.));
#16970 = VECTOR('',#16971,1.);
#16971 = DIRECTION('',(1.,0.,0.));
#16972 = PCURVE('',#15207,#16973);
#16973 = DEFINITIONAL_REPRESENTATION('',(#16974),#16978);
#16974 = LINE('',#16975,#16976);
#16975 = CARTESIAN_POINT('',(0.,-19.84999999933));
#16976 = VECTOR('',#16977,1.);
#16977 = DIRECTION('',(1.,0.));
#16978 = ( GEOMETRIC_REPRESENTATION_CONTEXT(2) 
PARAMETRIC_REPRESENTATION_CONTEXT() REPRESENTATION_CONTEXT('2D SPACE',''
  ) );
#16979 = PCURVE('',#16980,#16985);
#16980 = PLANE('',#16981);
#16981 = AXIS2_PLACEMENT_3D('',#16982,#16983,#16984);
#16982 = CARTESIAN_POINT('',(4.,2.550000000001,0.));
#16983 = DIRECTION('',(0.,-1.,0.));
#16984 = DIRECTION('',(1.,0.,0.));
#16985 = DEFINITIONAL_REPRESENTATION('',(#16986),#16990);
#16986 = LINE('',#16987,#16988);
#16987 = CARTESIAN_POINT('',(32.4,0.));
#16988 = VECTOR('',#16989,1.);
#16989 = DIRECTION('',(1.,0.));
#16990 = ( GEOMETRIC_REPRESENTATION_CONTEXT(2) 
PARAMETRIC_REPRESENTATION_CONTEXT() REPRESENTATION_CONTEXT('2D SPACE',''
  ) );
#16991 = ORIENTED_EDGE('',*,*,#16992,.T.);
#16992 = EDGE_CURVE('',#16965,#16993,#16995,.T.);
#16993 = VERTEX_POINT('',#16994);
#16994 = CARTESIAN_POINT('',(22.15,2.3,0.));
#16995 = SURFACE_CURVE('',#16996,(#17000,#17007),.PCURVE_S1.);
#16996 = LINE('',#16997,#16998);
#16997 = CARTESIAN_POINT('',(22.4,2.55,0.));
#16998 = VECTOR('',#16999,1.);
#16999 = DIRECTION('',(-0.707106781187,-0.707106781187,0.));
#17000 = PCURVE('',#15207,#17001);
#17001 = DEFINITIONAL_REPRESENTATION('',(#17002),#17006);
#17002 = LINE('',#17003,#17004);
#17003 = CARTESIAN_POINT('',(-14.,-19.84999999933));
#17004 = VECTOR('',#17005,1.);
#17005 = DIRECTION('',(-0.707106781187,-0.707106781187));
#17006 = ( GEOMETRIC_REPRESENTATION_CONTEXT(2) 
PARAMETRIC_REPRESENTATION_CONTEXT() REPRESENTATION_CONTEXT('2D SPACE',''
  ) );
#17007 = PCURVE('',#17008,#17013);
#17008 = PLANE('',#17009);
#17009 = AXIS2_PLACEMENT_3D('',#17010,#17011,#17012);
#17010 = CARTESIAN_POINT('',(22.4,2.55,0.));
#17011 = DIRECTION('',(-0.707106781187,0.707106781187,0.));
#17012 = DIRECTION('',(-0.707106781187,-0.707106781187,0.));
#17013 = DEFINITIONAL_REPRESENTATION('',(#17014),#17018);
#17014 = LINE('',#17015,#17016);
#17015 = CARTESIAN_POINT('',(0.,0.));
#17016 = VECTOR('',#17017,1.);
#17017 = DIRECTION('',(1.,0.));
#17018 = ( GEOMETRIC_REPRESENTATION_CONTEXT(2) 
PARAMETRIC_REPRESENTATION_CONTEXT() REPRESENTATION_CONTEXT('2D SPACE',''
  ) );
#17019 = ORIENTED_EDGE('',*,*,#17020,.T.);
#17020 = EDGE_CURVE('',#16993,#17021,#17023,.T.);
#17021 = VERTEX_POINT('',#17022);
#17022 = CARTESIAN_POINT('',(16.65,2.3,0.));
#17023 = SURFACE_CURVE('',#17024,(#17028,#17035),.PCURVE_S1.);
#17024 = LINE('',#17025,#17026);
#17025 = CARTESIAN_POINT('',(22.15,2.3,0.));
#17026 = VECTOR('',#17027,1.);
#17027 = DIRECTION('',(-1.,0.,0.));
#17028 = PCURVE('',#15207,#17029);
#17029 = DEFINITIONAL_REPRESENTATION('',(#17030),#17034);
#17030 = LINE('',#17031,#17032);
#17031 = CARTESIAN_POINT('',(-14.25,-20.09999999933));
#17032 = VECTOR('',#17033,1.);
#17033 = DIRECTION('',(-1.,0.));
#17034 = ( GEOMETRIC_REPRESENTATION_CONTEXT(2) 
PARAMETRIC_REPRESENTATION_CONTEXT() REPRESENTATION_CONTEXT('2D SPACE',''
  ) );
#17035 = PCURVE('',#17036,#17041);
#17036 = PLANE('',#17037);
#17037 = AXIS2_PLACEMENT_3D('',#17038,#17039,#17040);
#17038 = CARTESIAN_POINT('',(22.15,2.3,0.));
#17039 = DIRECTION('',(0.,1.,-0.));
#17040 = DIRECTION('',(-1.,0.,0.));
#17041 = DEFINITIONAL_REPRESENTATION('',(#17042),#17046);
#17042 = LINE('',#17043,#17044);
#17043 = CARTESIAN_POINT('',(0.,0.));
#17044 = VECTOR('',#17045,1.);
#17045 = DIRECTION('',(1.,0.));
#17046 = ( GEOMETRIC_REPRESENTATION_CONTEXT(2) 
PARAMETRIC_REPRESENTATION_CONTEXT() REPRESENTATION_CONTEXT('2D SPACE',''
  ) );
#17047 = ORIENTED_EDGE('',*,*,#17048,.T.);
#17048 = EDGE_CURVE('',#17021,#17049,#17051,.T.);
#17049 = VERTEX_POINT('',#17050);
#17050 = CARTESIAN_POINT('',(16.4,2.55,0.));
#17051 = SURFACE_CURVE('',#17052,(#17056,#17063),.PCURVE_S1.);
#17052 = LINE('',#17053,#17054);
#17053 = CARTESIAN_POINT('',(16.65,2.3,0.));
#17054 = VECTOR('',#17055,1.);
#17055 = DIRECTION('',(-0.707106781187,0.707106781187,0.));
#17056 = PCURVE('',#15207,#17057);
#17057 = DEFINITIONAL_REPRESENTATION('',(#17058),#17062);
#17058 = LINE('',#17059,#17060);
#17059 = CARTESIAN_POINT('',(-19.75,-20.09999999933));
#17060 = VECTOR('',#17061,1.);
#17061 = DIRECTION('',(-0.707106781187,0.707106781187));
#17062 = ( GEOMETRIC_REPRESENTATION_CONTEXT(2) 
PARAMETRIC_REPRESENTATION_CONTEXT() REPRESENTATION_CONTEXT('2D SPACE',''
  ) );
#17063 = PCURVE('',#17064,#17069);
#17064 = PLANE('',#17065);
#17065 = AXIS2_PLACEMENT_3D('',#17066,#17067,#17068);
#17066 = CARTESIAN_POINT('',(16.65,2.3,0.));
#17067 = DIRECTION('',(0.707106781187,0.707106781187,-0.));
#17068 = DIRECTION('',(-0.707106781187,0.707106781187,0.));
#17069 = DEFINITIONAL_REPRESENTATION('',(#17070),#17074);
#17070 = LINE('',#17071,#17072);
#17071 = CARTESIAN_POINT('',(0.,0.));
#17072 = VECTOR('',#17073,1.);
#17073 = DIRECTION('',(1.,0.));
#17074 = ( GEOMETRIC_REPRESENTATION_CONTEXT(2) 
PARAMETRIC_REPRESENTATION_CONTEXT() REPRESENTATION_CONTEXT('2D SPACE',''
  ) );
#17075 = ORIENTED_EDGE('',*,*,#17076,.F.);
#17076 = EDGE_CURVE('',#15961,#17049,#17077,.T.);
#17077 = SURFACE_CURVE('',#17078,(#17082,#17089),.PCURVE_S1.);
#17078 = LINE('',#17079,#17080);
#17079 = CARTESIAN_POINT('',(36.4,2.550000000001,0.));
#17080 = VECTOR('',#17081,1.);
#17081 = DIRECTION('',(1.,0.,0.));
#17082 = PCURVE('',#15207,#17083);
#17083 = DEFINITIONAL_REPRESENTATION('',(#17084),#17088);
#17084 = LINE('',#17085,#17086);
#17085 = CARTESIAN_POINT('',(0.,-19.84999999933));
#17086 = VECTOR('',#17087,1.);
#17087 = DIRECTION('',(1.,0.));
#17088 = ( GEOMETRIC_REPRESENTATION_CONTEXT(2) 
PARAMETRIC_REPRESENTATION_CONTEXT() REPRESENTATION_CONTEXT('2D SPACE',''
  ) );
#17089 = PCURVE('',#17090,#17095);
#17090 = PLANE('',#17091);
#17091 = AXIS2_PLACEMENT_3D('',#17092,#17093,#17094);
#17092 = CARTESIAN_POINT('',(4.,2.550000000001,0.));
#17093 = DIRECTION('',(0.,-1.,0.));
#17094 = DIRECTION('',(1.,0.,0.));
#17095 = DEFINITIONAL_REPRESENTATION('',(#17096),#17100);
#17096 = LINE('',#17097,#17098);
#17097 = CARTESIAN_POINT('',(32.4,0.));
#17098 = VECTOR('',#17099,1.);
#17099 = DIRECTION('',(1.,0.));
#17100 = ( GEOMETRIC_REPRESENTATION_CONTEXT(2) 
PARAMETRIC_REPRESENTATION_CONTEXT() REPRESENTATION_CONTEXT('2D SPACE',''
  ) );
#17101 = ADVANCED_FACE('',(#17102),#15566,.F.);
#17102 = FACE_BOUND('',#17103,.F.);
#17103 = EDGE_LOOP('',(#17104,#17105,#17125,#17126));
#17104 = ORIENTED_EDGE('',*,*,#15826,.T.);
#17105 = ORIENTED_EDGE('',*,*,#17106,.F.);
#17106 = EDGE_CURVE('',#15550,#15829,#17107,.T.);
#17107 = SURFACE_CURVE('',#17108,(#17112,#17118),.PCURVE_S1.);
#17108 = LINE('',#17109,#17110);
#17109 = CARTESIAN_POINT('',(42.586805054879,25.895685932937,0.4));
#17110 = VECTOR('',#17111,1.);
#17111 = DIRECTION('',(4.152273992685E-02,0.705886578757,-0.707106781187
    ));
#17112 = PCURVE('',#15566,#17113);
#17113 = DEFINITIONAL_REPRESENTATION('',(#17114),#17117);
#17114 = B_SPLINE_CURVE_WITH_KNOTS('',1,(#17115,#17116),.UNSPECIFIED.,
  .F.,.F.,(2,2),(0.,0.565685424949),.PIECEWISE_BEZIER_KNOTS.);
#17115 = CARTESIAN_POINT('',(3.14159265359,0.));
#17116 = CARTESIAN_POINT('',(3.14159265359,0.4));
#17117 = ( GEOMETRIC_REPRESENTATION_CONTEXT(2) 
PARAMETRIC_REPRESENTATION_CONTEXT() REPRESENTATION_CONTEXT('2D SPACE',''
  ) );
#17118 = PCURVE('',#15663,#17119);
#17119 = DEFINITIONAL_REPRESENTATION('',(#17120),#17124);
#17120 = LINE('',#17121,#17122);
#17121 = CARTESIAN_POINT('',(-2.95287752583E-13,-0.282842712475));
#17122 = VECTOR('',#17123,1.);
#17123 = DIRECTION('',(1.190765596522E-14,1.));
#17124 = ( GEOMETRIC_REPRESENTATION_CONTEXT(2) 
PARAMETRIC_REPRESENTATION_CONTEXT() REPRESENTATION_CONTEXT('2D SPACE',''
  ) );
#17125 = ORIENTED_EDGE('',*,*,#15547,.F.);
#17126 = ORIENTED_EDGE('',*,*,#17127,.T.);
#17127 = EDGE_CURVE('',#15548,#15827,#17128,.T.);
#17128 = SURFACE_CURVE('',#17129,(#17133,#17139),.PCURVE_S1.);
#17129 = LINE('',#17130,#17131);
#17130 = CARTESIAN_POINT('',(42.293194945121,20.904314067063,0.4));
#17131 = VECTOR('',#17132,1.);
#17132 = DIRECTION('',(-4.152273992685E-02,-0.705886578757,
    -0.707106781187));
#17133 = PCURVE('',#15566,#17134);
#17134 = DEFINITIONAL_REPRESENTATION('',(#17135),#17138);
#17135 = B_SPLINE_CURVE_WITH_KNOTS('',1,(#17136,#17137),.UNSPECIFIED.,
  .F.,.F.,(2,2),(0.,0.565685424949),.PIECEWISE_BEZIER_KNOTS.);
#17136 = CARTESIAN_POINT('',(6.28318530718,0.));
#17137 = CARTESIAN_POINT('',(6.28318530718,0.4));
#17138 = ( GEOMETRIC_REPRESENTATION_CONTEXT(2) 
PARAMETRIC_REPRESENTATION_CONTEXT() REPRESENTATION_CONTEXT('2D SPACE',''
  ) );
#17139 = PCURVE('',#15717,#17140);
#17140 = DEFINITIONAL_REPRESENTATION('',(#17141),#17145);
#17141 = LINE('',#17142,#17143);
#17142 = CARTESIAN_POINT('',(2.894995682207,-0.282842712475));
#17143 = VECTOR('',#17144,1.);
#17144 = DIRECTION('',(1.190765596522E-14,1.));
#17145 = ( GEOMETRIC_REPRESENTATION_CONTEXT(2) 
PARAMETRIC_REPRESENTATION_CONTEXT() REPRESENTATION_CONTEXT('2D SPACE',''
  ) );
#17146 = ADVANCED_FACE('',(#17147),#15663,.T.);
#17147 = FACE_BOUND('',#17148,.T.);
#17148 = EDGE_LOOP('',(#17149,#17150,#17151,#17171));
#17149 = ORIENTED_EDGE('',*,*,#17106,.F.);
#17150 = ORIENTED_EDGE('',*,*,#15649,.T.);
#17151 = ORIENTED_EDGE('',*,*,#17152,.T.);
#17152 = EDGE_CURVE('',#15625,#15876,#17153,.T.);
#17153 = SURFACE_CURVE('',#17154,(#17158,#17165),.PCURVE_S1.);
#17154 = LINE('',#17155,#17156);
#17155 = CARTESIAN_POINT('',(39.708549459269,26.265340807572,0.2));
#17156 = VECTOR('',#17157,1.);
#17157 = DIRECTION('',(4.152273992685E-02,0.705886578757,-0.707106781187
    ));
#17158 = PCURVE('',#15663,#17159);
#17159 = DEFINITIONAL_REPRESENTATION('',(#17160),#17164);
#17160 = LINE('',#17161,#17162);
#17161 = CARTESIAN_POINT('',(2.894995682207,-4.600336689556E-16));
#17162 = VECTOR('',#17163,1.);
#17163 = DIRECTION('',(1.190765596522E-14,1.));
#17164 = ( GEOMETRIC_REPRESENTATION_CONTEXT(2) 
PARAMETRIC_REPRESENTATION_CONTEXT() REPRESENTATION_CONTEXT('2D SPACE',''
  ) );
#17165 = PCURVE('',#15747,#17166);
#17166 = DEFINITIONAL_REPRESENTATION('',(#17167),#17170);
#17167 = B_SPLINE_CURVE_WITH_KNOTS('',1,(#17168,#17169),.UNSPECIFIED.,
  .F.,.F.,(2,2),(-0.282842712475,0.282842712475),
  .PIECEWISE_BEZIER_KNOTS.);
#17168 = CARTESIAN_POINT('',(6.28318530718,0.));
#17169 = CARTESIAN_POINT('',(6.28318530718,0.4));
#17170 = ( GEOMETRIC_REPRESENTATION_CONTEXT(2) 
PARAMETRIC_REPRESENTATION_CONTEXT() REPRESENTATION_CONTEXT('2D SPACE',''
  ) );
#17171 = ORIENTED_EDGE('',*,*,#15899,.F.);
#17172 = ADVANCED_FACE('',(#17173),#15717,.T.);
#17173 = FACE_BOUND('',#17174,.T.);
#17174 = EDGE_LOOP('',(#17175,#17195,#17196,#17197));
#17175 = ORIENTED_EDGE('',*,*,#17176,.F.);
#17176 = EDGE_CURVE('',#15681,#15853,#17177,.T.);
#17177 = SURFACE_CURVE('',#17178,(#17182,#17189),.PCURVE_S1.);
#17178 = LINE('',#17179,#17180);
#17179 = CARTESIAN_POINT('',(39.403194945121,21.074314067063,0.4));
#17180 = VECTOR('',#17181,1.);
#17181 = DIRECTION('',(-4.152273992685E-02,-0.705886578757,
    -0.707106781187));
#17182 = PCURVE('',#15717,#17183);
#17183 = DEFINITIONAL_REPRESENTATION('',(#17184),#17188);
#17184 = LINE('',#17185,#17186);
#17185 = CARTESIAN_POINT('',(-2.95287752583E-13,-0.282842712475));
#17186 = VECTOR('',#17187,1.);
#17187 = DIRECTION('',(1.190765596522E-14,1.));
#17188 = ( GEOMETRIC_REPRESENTATION_CONTEXT(2) 
PARAMETRIC_REPRESENTATION_CONTEXT() REPRESENTATION_CONTEXT('2D SPACE',''
  ) );
#17189 = PCURVE('',#15747,#17190);
#17190 = DEFINITIONAL_REPRESENTATION('',(#17191),#17194);
#17191 = B_SPLINE_CURVE_WITH_KNOTS('',1,(#17192,#17193),.UNSPECIFIED.,
  .F.,.F.,(2,2),(0.,0.565685424949),.PIECEWISE_BEZIER_KNOTS.);
#17192 = CARTESIAN_POINT('',(3.14159265359,0.));
#17193 = CARTESIAN_POINT('',(3.14159265359,0.4));
#17194 = ( GEOMETRIC_REPRESENTATION_CONTEXT(2) 
PARAMETRIC_REPRESENTATION_CONTEXT() REPRESENTATION_CONTEXT('2D SPACE',''
  ) );
#17195 = ORIENTED_EDGE('',*,*,#15703,.T.);
#17196 = ORIENTED_EDGE('',*,*,#17127,.T.);
#17197 = ORIENTED_EDGE('',*,*,#15852,.F.);
#17198 = ADVANCED_FACE('',(#17199),#15747,.F.);
#17199 = FACE_BOUND('',#17200,.F.);
#17200 = EDGE_LOOP('',(#17201,#17202,#17203,#17204));
#17201 = ORIENTED_EDGE('',*,*,#15875,.T.);
#17202 = ORIENTED_EDGE('',*,*,#17176,.F.);
#17203 = ORIENTED_EDGE('',*,*,#15732,.F.);
#17204 = ORIENTED_EDGE('',*,*,#17152,.T.);
#17205 = ADVANCED_FACE('',(#17206),#15805,.F.);
#17206 = FACE_BOUND('',#17207,.F.);
#17207 = EDGE_LOOP('',(#17208,#17227,#17228,#17229));
#17208 = ORIENTED_EDGE('',*,*,#17209,.F.);
#17209 = EDGE_CURVE('',#15923,#15766,#17210,.T.);
#17210 = SEAM_CURVE('',#17211,(#17215,#17221),.PCURVE_S1.);
#17211 = LINE('',#17212,#17213);
#17212 = CARTESIAN_POINT('',(32.73,22.42,0.4));
#17213 = VECTOR('',#17214,1.);
#17214 = DIRECTION('',(-0.707106781187,0.,0.707106781187));
#17215 = PCURVE('',#15805,#17216);
#17216 = DEFINITIONAL_REPRESENTATION('',(#17217),#17220);
#17217 = B_SPLINE_CURVE_WITH_KNOTS('',1,(#17218,#17219),.UNSPECIFIED.,
  .F.,.F.,(2,2),(-0.565685424949,0.),.PIECEWISE_BEZIER_KNOTS.);
#17218 = CARTESIAN_POINT('',(6.28318530718,0.4));
#17219 = CARTESIAN_POINT('',(6.28318530718,0.));
#17220 = ( GEOMETRIC_REPRESENTATION_CONTEXT(2) 
PARAMETRIC_REPRESENTATION_CONTEXT() REPRESENTATION_CONTEXT('2D SPACE',''
  ) );
#17221 = PCURVE('',#15805,#17222);
#17222 = DEFINITIONAL_REPRESENTATION('',(#17223),#17226);
#17223 = B_SPLINE_CURVE_WITH_KNOTS('',1,(#17224,#17225),.UNSPECIFIED.,
  .F.,.F.,(2,2),(-0.565685424949,0.),.PIECEWISE_BEZIER_KNOTS.);
#17224 = CARTESIAN_POINT('',(-4.138911435803E-13,0.4));
#17225 = CARTESIAN_POINT('',(-4.138911435803E-13,0.));
#17226 = ( GEOMETRIC_REPRESENTATION_CONTEXT(2) 
PARAMETRIC_REPRESENTATION_CONTEXT() REPRESENTATION_CONTEXT('2D SPACE',''
  ) );
#17227 = ORIENTED_EDGE('',*,*,#15922,.T.);
#17228 = ORIENTED_EDGE('',*,*,#17209,.T.);
#17229 = ORIENTED_EDGE('',*,*,#15790,.F.);
#17230 = ADVANCED_FACE('',(#17231),#15977,.T.);
#17231 = FACE_BOUND('',#17232,.T.);
#17232 = EDGE_LOOP('',(#17233,#17234,#17257,#17290,#17323));
#17233 = ORIENTED_EDGE('',*,*,#15958,.F.);
#17234 = ORIENTED_EDGE('',*,*,#17235,.T.);
#17235 = EDGE_CURVE('',#15959,#17236,#17238,.T.);
#17236 = VERTEX_POINT('',#17237);
#17237 = CARTESIAN_POINT('',(2.55,3.999999999999,-3.5));
#17238 = SURFACE_CURVE('',#17239,(#17243,#17250),.PCURVE_S1.);
#17239 = LINE('',#17240,#17241);
#17240 = CARTESIAN_POINT('',(2.55,3.999999999999,0.));
#17241 = VECTOR('',#17242,1.);
#17242 = DIRECTION('',(-0.,-0.,-1.));
#17243 = PCURVE('',#15977,#17244);
#17244 = DEFINITIONAL_REPRESENTATION('',(#17245),#17249);
#17245 = LINE('',#17246,#17247);
#17246 = CARTESIAN_POINT('',(3.14159265359,0.));
#17247 = VECTOR('',#17248,1.);
#17248 = DIRECTION('',(0.,-1.));
#17249 = ( GEOMETRIC_REPRESENTATION_CONTEXT(2) 
PARAMETRIC_REPRESENTATION_CONTEXT() REPRESENTATION_CONTEXT('2D SPACE',''
  ) );
#17250 = PCURVE('',#16005,#17251);
#17251 = DEFINITIONAL_REPRESENTATION('',(#17252),#17256);
#17252 = LINE('',#17253,#17254);
#17253 = CARTESIAN_POINT('',(0.,0.));
#17254 = VECTOR('',#17255,1.);
#17255 = DIRECTION('',(0.,-1.));
#17256 = ( GEOMETRIC_REPRESENTATION_CONTEXT(2) 
PARAMETRIC_REPRESENTATION_CONTEXT() REPRESENTATION_CONTEXT('2D SPACE',''
  ) );
#17257 = ORIENTED_EDGE('',*,*,#17258,.F.);
#17258 = EDGE_CURVE('',#17259,#17236,#17261,.T.);
#17259 = VERTEX_POINT('',#17260);
#17260 = CARTESIAN_POINT('',(2.974695167279,2.974695167279,
    -3.924695167279));
#17261 = SURFACE_CURVE('',#17262,(#17267,#17278),.PCURVE_S1.);
#17262 = ELLIPSE('',#17263,2.050609665441,1.45);
#17263 = AXIS2_PLACEMENT_3D('',#17264,#17265,#17266);
#17264 = CARTESIAN_POINT('',(4.,3.999999999999,-4.95));
#17265 = DIRECTION('',(-0.707106781187,0.,-0.707106781187));
#17266 = DIRECTION('',(-0.707106781187,0.,0.707106781187));
#17267 = PCURVE('',#15977,#17268);
#17268 = DEFINITIONAL_REPRESENTATION('',(#17269),#17277);
#17269 = B_SPLINE_CURVE_WITH_KNOTS('',6,(#17270,#17271,#17272,#17273,
    #17274,#17275,#17276),.UNSPECIFIED.,.F.,.F.,(7,7),(5.497787143783,
    6.28318530718),.PIECEWISE_BEZIER_KNOTS.);
#17270 = CARTESIAN_POINT('',(3.92699081375,-3.924695173915));
#17271 = CARTESIAN_POINT('',(3.79609112039,-3.790483102273));
#17272 = CARTESIAN_POINT('',(3.66519142703,-3.677352948598));
#17273 = CARTESIAN_POINT('',(3.53429173367,-3.589443904152));
#17274 = CARTESIAN_POINT('',(3.40339204031,-3.529814251266));
#17275 = CARTESIAN_POINT('',(3.27249234695,-3.5));
#17276 = CARTESIAN_POINT('',(3.14159265359,-3.5));
#17277 = ( GEOMETRIC_REPRESENTATION_CONTEXT(2) 
PARAMETRIC_REPRESENTATION_CONTEXT() REPRESENTATION_CONTEXT('2D SPACE',''
  ) );
#17278 = PCURVE('',#17279,#17284);
#17279 = PLANE('',#17280);
#17280 = AXIS2_PLACEMENT_3D('',#17281,#17282,#17283);
#17281 = CARTESIAN_POINT('',(3.05,45.8,-4.));
#17282 = DIRECTION('',(-0.707106781187,-0.,-0.707106781187));
#17283 = DIRECTION('',(-0.707106781187,0.,0.707106781187));
#17284 = DEFINITIONAL_REPRESENTATION('',(#17285),#17289);
#17285 = ELLIPSE('',#17286,2.050609665441,1.45);
#17286 = AXIS2_PLACEMENT_2D('',#17287,#17288);
#17287 = CARTESIAN_POINT('',(-1.343502884254,-41.8));
#17288 = DIRECTION('',(1.,0.));
#17289 = ( GEOMETRIC_REPRESENTATION_CONTEXT(2) 
PARAMETRIC_REPRESENTATION_CONTEXT() REPRESENTATION_CONTEXT('2D SPACE',''
  ) );
#17290 = ORIENTED_EDGE('',*,*,#17291,.F.);
#17291 = EDGE_CURVE('',#17292,#17259,#17294,.T.);
#17292 = VERTEX_POINT('',#17293);
#17293 = CARTESIAN_POINT('',(4.,2.55,-3.5));
#17294 = SURFACE_CURVE('',#17295,(#17300,#17311),.PCURVE_S1.);
#17295 = ELLIPSE('',#17296,2.050609665441,1.45);
#17296 = AXIS2_PLACEMENT_3D('',#17297,#17298,#17299);
#17297 = CARTESIAN_POINT('',(4.,3.999999999999,-4.949999999999));
#17298 = DIRECTION('',(0.,-0.707106781187,-0.707106781187));
#17299 = DIRECTION('',(0.,-0.707106781187,0.707106781187));
#17300 = PCURVE('',#15977,#17301);
#17301 = DEFINITIONAL_REPRESENTATION('',(#17302),#17310);
#17302 = B_SPLINE_CURVE_WITH_KNOTS('',6,(#17303,#17304,#17305,#17306,
    #17307,#17308,#17309),.UNSPECIFIED.,.F.,.F.,(7,7),(0.,0.785398163398
    ),.PIECEWISE_BEZIER_KNOTS.);
#17303 = CARTESIAN_POINT('',(4.712388980385,-3.499999999999));
#17304 = CARTESIAN_POINT('',(4.581489287024,-3.499999999999));
#17305 = CARTESIAN_POINT('',(4.450589593664,-3.529814251264));
#17306 = CARTESIAN_POINT('',(4.319689900304,-3.589443904151));
#17307 = CARTESIAN_POINT('',(4.188790206943,-3.677352948597));
#17308 = CARTESIAN_POINT('',(4.057890513583,-3.790483102272));
#17309 = CARTESIAN_POINT('',(3.926990820223,-3.924695173915));
#17310 = ( GEOMETRIC_REPRESENTATION_CONTEXT(2) 
PARAMETRIC_REPRESENTATION_CONTEXT() REPRESENTATION_CONTEXT('2D SPACE',''
  ) );
#17311 = PCURVE('',#17312,#17317);
#17312 = PLANE('',#17313);
#17313 = AXIS2_PLACEMENT_3D('',#17314,#17315,#17316);
#17314 = CARTESIAN_POINT('',(-1.,3.05,-4.));
#17315 = DIRECTION('',(0.,-0.707106781187,-0.707106781187));
#17316 = DIRECTION('',(0.,-0.707106781187,0.707106781187));
#17317 = DEFINITIONAL_REPRESENTATION('',(#17318),#17322);
#17318 = ELLIPSE('',#17319,2.050609665441,1.45);
#17319 = AXIS2_PLACEMENT_2D('',#17320,#17321);
#17320 = CARTESIAN_POINT('',(-1.343502884253,-5.));
#17321 = DIRECTION('',(1.,0.));
#17322 = ( GEOMETRIC_REPRESENTATION_CONTEXT(2) 
PARAMETRIC_REPRESENTATION_CONTEXT() REPRESENTATION_CONTEXT('2D SPACE',''
  ) );
#17323 = ORIENTED_EDGE('',*,*,#17324,.F.);
#17324 = EDGE_CURVE('',#15961,#17292,#17325,.T.);
#17325 = SURFACE_CURVE('',#17326,(#17330,#17337),.PCURVE_S1.);
#17326 = LINE('',#17327,#17328);
#17327 = CARTESIAN_POINT('',(4.,2.55,0.));
#17328 = VECTOR('',#17329,1.);
#17329 = DIRECTION('',(-0.,-0.,-1.));
#17330 = PCURVE('',#15977,#17331);
#17331 = DEFINITIONAL_REPRESENTATION('',(#17332),#17336);
#17332 = LINE('',#17333,#17334);
#17333 = CARTESIAN_POINT('',(4.712388980385,0.));
#17334 = VECTOR('',#17335,1.);
#17335 = DIRECTION('',(0.,-1.));
#17336 = ( GEOMETRIC_REPRESENTATION_CONTEXT(2) 
PARAMETRIC_REPRESENTATION_CONTEXT() REPRESENTATION_CONTEXT('2D SPACE',''
  ) );
#17337 = PCURVE('',#17090,#17338);
#17338 = DEFINITIONAL_REPRESENTATION('',(#17339),#17343);
#17339 = LINE('',#17340,#17341);
#17340 = CARTESIAN_POINT('',(0.,0.));
#17341 = VECTOR('',#17342,1.);
#17342 = DIRECTION('',(0.,-1.));
#17343 = ( GEOMETRIC_REPRESENTATION_CONTEXT(2) 
PARAMETRIC_REPRESENTATION_CONTEXT() REPRESENTATION_CONTEXT('2D SPACE',''
  ) );
#17344 = ADVANCED_FACE('',(#17345),#16005,.F.);
#17345 = FACE_BOUND('',#17346,.F.);
#17346 = EDGE_LOOP('',(#17347,#17348,#17349,#17372));
#17347 = ORIENTED_EDGE('',*,*,#15989,.F.);
#17348 = ORIENTED_EDGE('',*,*,#17235,.T.);
#17349 = ORIENTED_EDGE('',*,*,#17350,.T.);
#17350 = EDGE_CURVE('',#17236,#17351,#17353,.T.);
#17351 = VERTEX_POINT('',#17352);
#17352 = CARTESIAN_POINT('',(2.55,8.86,-3.5));
#17353 = SURFACE_CURVE('',#17354,(#17358,#17365),.PCURVE_S1.);
#17354 = LINE('',#17355,#17356);
#17355 = CARTESIAN_POINT('',(2.55,24.899999999999,-3.5));
#17356 = VECTOR('',#17357,1.);
#17357 = DIRECTION('',(0.,1.,0.));
#17358 = PCURVE('',#16005,#17359);
#17359 = DEFINITIONAL_REPRESENTATION('',(#17360),#17364);
#17360 = LINE('',#17361,#17362);
#17361 = CARTESIAN_POINT('',(20.9,-3.5));
#17362 = VECTOR('',#17363,1.);
#17363 = DIRECTION('',(1.,0.));
#17364 = ( GEOMETRIC_REPRESENTATION_CONTEXT(2) 
PARAMETRIC_REPRESENTATION_CONTEXT() REPRESENTATION_CONTEXT('2D SPACE',''
  ) );
#17365 = PCURVE('',#17279,#17366);
#17366 = DEFINITIONAL_REPRESENTATION('',(#17367),#17371);
#17367 = LINE('',#17368,#17369);
#17368 = CARTESIAN_POINT('',(0.707106781187,-20.9));
#17369 = VECTOR('',#17370,1.);
#17370 = DIRECTION('',(0.,1.));
#17371 = ( GEOMETRIC_REPRESENTATION_CONTEXT(2) 
PARAMETRIC_REPRESENTATION_CONTEXT() REPRESENTATION_CONTEXT('2D SPACE',''
  ) );
#17372 = ORIENTED_EDGE('',*,*,#17373,.F.);
#17373 = EDGE_CURVE('',#15990,#17351,#17374,.T.);
#17374 = SURFACE_CURVE('',#17375,(#17379,#17386),.PCURVE_S1.);
#17375 = LINE('',#17376,#17377);
#17376 = CARTESIAN_POINT('',(2.55,8.86,0.));
#17377 = VECTOR('',#17378,1.);
#17378 = DIRECTION('',(0.,0.,-1.));
#17379 = PCURVE('',#16005,#17380);
#17380 = DEFINITIONAL_REPRESENTATION('',(#17381),#17385);
#17381 = LINE('',#17382,#17383);
#17382 = CARTESIAN_POINT('',(4.860000000001,0.));
#17383 = VECTOR('',#17384,1.);
#17384 = DIRECTION('',(0.,-1.));
#17385 = ( GEOMETRIC_REPRESENTATION_CONTEXT(2) 
PARAMETRIC_REPRESENTATION_CONTEXT() REPRESENTATION_CONTEXT('2D SPACE',''
  ) );
#17386 = PCURVE('',#16033,#17387);
#17387 = DEFINITIONAL_REPRESENTATION('',(#17388),#17392);
#17388 = LINE('',#17389,#17390);
#17389 = CARTESIAN_POINT('',(1.05,0.));
#17390 = VECTOR('',#17391,1.);
#17391 = DIRECTION('',(0.,-1.));
#17392 = ( GEOMETRIC_REPRESENTATION_CONTEXT(2) 
PARAMETRIC_REPRESENTATION_CONTEXT() REPRESENTATION_CONTEXT('2D SPACE',''
  ) );
#17393 = ADVANCED_FACE('',(#17394),#17090,.T.);
#17394 = FACE_BOUND('',#17395,.T.);
#17395 = EDGE_LOOP('',(#17396,#17397,#17398,#17421));
#17396 = ORIENTED_EDGE('',*,*,#17076,.F.);
#17397 = ORIENTED_EDGE('',*,*,#17324,.T.);
#17398 = ORIENTED_EDGE('',*,*,#17399,.T.);
#17399 = EDGE_CURVE('',#17292,#17400,#17402,.T.);
#17400 = VERTEX_POINT('',#17401);
#17401 = CARTESIAN_POINT('',(16.4,2.55,-3.5));
#17402 = SURFACE_CURVE('',#17403,(#17407,#17414),.PCURVE_S1.);
#17403 = LINE('',#17404,#17405);
#17404 = CARTESIAN_POINT('',(1.5,2.550000000001,-3.500000000001));
#17405 = VECTOR('',#17406,1.);
#17406 = DIRECTION('',(1.,0.,0.));
#17407 = PCURVE('',#17090,#17408);
#17408 = DEFINITIONAL_REPRESENTATION('',(#17409),#17413);
#17409 = LINE('',#17410,#17411);
#17410 = CARTESIAN_POINT('',(-2.5,-3.500000000001));
#17411 = VECTOR('',#17412,1.);
#17412 = DIRECTION('',(1.,0.));
#17413 = ( GEOMETRIC_REPRESENTATION_CONTEXT(2) 
PARAMETRIC_REPRESENTATION_CONTEXT() REPRESENTATION_CONTEXT('2D SPACE',''
  ) );
#17414 = PCURVE('',#17312,#17415);
#17415 = DEFINITIONAL_REPRESENTATION('',(#17416),#17420);
#17416 = LINE('',#17417,#17418);
#17417 = CARTESIAN_POINT('',(0.707106781185,-2.5));
#17418 = VECTOR('',#17419,1.);
#17419 = DIRECTION('',(0.,-1.));
#17420 = ( GEOMETRIC_REPRESENTATION_CONTEXT(2) 
PARAMETRIC_REPRESENTATION_CONTEXT() REPRESENTATION_CONTEXT('2D SPACE',''
  ) );
#17421 = ORIENTED_EDGE('',*,*,#17422,.F.);
#17422 = EDGE_CURVE('',#17049,#17400,#17423,.T.);
#17423 = SURFACE_CURVE('',#17424,(#17428,#17435),.PCURVE_S1.);
#17424 = LINE('',#17425,#17426);
#17425 = CARTESIAN_POINT('',(16.4,2.55,0.));
#17426 = VECTOR('',#17427,1.);
#17427 = DIRECTION('',(-0.,-0.,-1.));
#17428 = PCURVE('',#17090,#17429);
#17429 = DEFINITIONAL_REPRESENTATION('',(#17430),#17434);
#17430 = LINE('',#17431,#17432);
#17431 = CARTESIAN_POINT('',(12.4,0.));
#17432 = VECTOR('',#17433,1.);
#17433 = DIRECTION('',(0.,-1.));
#17434 = ( GEOMETRIC_REPRESENTATION_CONTEXT(2) 
PARAMETRIC_REPRESENTATION_CONTEXT() REPRESENTATION_CONTEXT('2D SPACE',''
  ) );
#17435 = PCURVE('',#17064,#17436);
#17436 = DEFINITIONAL_REPRESENTATION('',(#17437),#17441);
#17437 = LINE('',#17438,#17439);
#17438 = CARTESIAN_POINT('',(0.353553390593,0.));
#17439 = VECTOR('',#17440,1.);
#17440 = DIRECTION('',(0.,-1.));
#17441 = ( GEOMETRIC_REPRESENTATION_CONTEXT(2) 
PARAMETRIC_REPRESENTATION_CONTEXT() REPRESENTATION_CONTEXT('2D SPACE',''
  ) );
#17442 = ADVANCED_FACE('',(#17443),#16033,.F.);
#17443 = FACE_BOUND('',#17444,.F.);
#17444 = EDGE_LOOP('',(#17445,#17446,#17447,#17470,#17498));
#17445 = ORIENTED_EDGE('',*,*,#16017,.F.);
#17446 = ORIENTED_EDGE('',*,*,#17373,.T.);
#17447 = ORIENTED_EDGE('',*,*,#17448,.T.);
#17448 = EDGE_CURVE('',#17351,#17449,#17451,.T.);
#17449 = VERTEX_POINT('',#17450);
#17450 = CARTESIAN_POINT('',(3.05,8.86,-4.));
#17451 = SURFACE_CURVE('',#17452,(#17456,#17463),.PCURVE_S1.);
#17452 = LINE('',#17453,#17454);
#17453 = CARTESIAN_POINT('',(1.6625,8.86,-2.6125));
#17454 = VECTOR('',#17455,1.);
#17455 = DIRECTION('',(0.707106781187,0.,-0.707106781187));
#17456 = PCURVE('',#16033,#17457);
#17457 = DEFINITIONAL_REPRESENTATION('',(#17458),#17462);
#17458 = LINE('',#17459,#17460);
#17459 = CARTESIAN_POINT('',(0.1625,-2.6125));
#17460 = VECTOR('',#17461,1.);
#17461 = DIRECTION('',(0.707106781187,-0.707106781187));
#17462 = ( GEOMETRIC_REPRESENTATION_CONTEXT(2) 
PARAMETRIC_REPRESENTATION_CONTEXT() REPRESENTATION_CONTEXT('2D SPACE',''
  ) );
#17463 = PCURVE('',#17279,#17464);
#17464 = DEFINITIONAL_REPRESENTATION('',(#17465),#17469);
#17465 = LINE('',#17466,#17467);
#17466 = CARTESIAN_POINT('',(1.962221317793,-36.94));
#17467 = VECTOR('',#17468,1.);
#17468 = DIRECTION('',(-1.,0.));
#17469 = ( GEOMETRIC_REPRESENTATION_CONTEXT(2) 
PARAMETRIC_REPRESENTATION_CONTEXT() REPRESENTATION_CONTEXT('2D SPACE',''
  ) );
#17470 = ORIENTED_EDGE('',*,*,#17471,.T.);
#17471 = EDGE_CURVE('',#17449,#17472,#17474,.T.);
#17472 = VERTEX_POINT('',#17473);
#17473 = CARTESIAN_POINT('',(4.55,8.86,-4.));
#17474 = SURFACE_CURVE('',#17475,(#17479,#17486),.PCURVE_S1.);
#17475 = LINE('',#17476,#17477);
#17476 = CARTESIAN_POINT('',(18.95,8.86,-4.));
#17477 = VECTOR('',#17478,1.);
#17478 = DIRECTION('',(1.,0.,-0.));
#17479 = PCURVE('',#16033,#17480);
#17480 = DEFINITIONAL_REPRESENTATION('',(#17481),#17485);
#17481 = LINE('',#17482,#17483);
#17482 = CARTESIAN_POINT('',(17.45,-4.));
#17483 = VECTOR('',#17484,1.);
#17484 = DIRECTION('',(1.,0.));
#17485 = ( GEOMETRIC_REPRESENTATION_CONTEXT(2) 
PARAMETRIC_REPRESENTATION_CONTEXT() REPRESENTATION_CONTEXT('2D SPACE',''
  ) );
#17486 = PCURVE('',#17487,#17492);
#17487 = PLANE('',#17488);
#17488 = AXIS2_PLACEMENT_3D('',#17489,#17490,#17491);
#17489 = CARTESIAN_POINT('',(36.4,22.399999998735,-4.));
#17490 = DIRECTION('',(0.,0.,1.));
#17491 = DIRECTION('',(1.,0.,-0.));
#17492 = DEFINITIONAL_REPRESENTATION('',(#17493),#17497);
#17493 = LINE('',#17494,#17495);
#17494 = CARTESIAN_POINT('',(-17.45,-13.53999999873));
#17495 = VECTOR('',#17496,1.);
#17496 = DIRECTION('',(1.,0.));
#17497 = ( GEOMETRIC_REPRESENTATION_CONTEXT(2) 
PARAMETRIC_REPRESENTATION_CONTEXT() REPRESENTATION_CONTEXT('2D SPACE',''
  ) );
#17498 = ORIENTED_EDGE('',*,*,#17499,.F.);
#17499 = EDGE_CURVE('',#16018,#17472,#17500,.T.);
#17500 = SURFACE_CURVE('',#17501,(#17505,#17512),.PCURVE_S1.);
#17501 = LINE('',#17502,#17503);
#17502 = CARTESIAN_POINT('',(4.55,8.86,0.));
#17503 = VECTOR('',#17504,1.);
#17504 = DIRECTION('',(0.,0.,-1.));
#17505 = PCURVE('',#16033,#17506);
#17506 = DEFINITIONAL_REPRESENTATION('',(#17507),#17511);
#17507 = LINE('',#17508,#17509);
#17508 = CARTESIAN_POINT('',(3.05,0.));
#17509 = VECTOR('',#17510,1.);
#17510 = DIRECTION('',(0.,-1.));
#17511 = ( GEOMETRIC_REPRESENTATION_CONTEXT(2) 
PARAMETRIC_REPRESENTATION_CONTEXT() REPRESENTATION_CONTEXT('2D SPACE',''
  ) );
#17512 = PCURVE('',#16061,#17513);
#17513 = DEFINITIONAL_REPRESENTATION('',(#17514),#17518);
#17514 = LINE('',#17515,#17516);
#17515 = CARTESIAN_POINT('',(3.560000000003,0.));
#17516 = VECTOR('',#17517,1.);
#17517 = DIRECTION('',(0.,-1.));
#17518 = ( GEOMETRIC_REPRESENTATION_CONTEXT(2) 
PARAMETRIC_REPRESENTATION_CONTEXT() REPRESENTATION_CONTEXT('2D SPACE',''
  ) );
#17519 = ADVANCED_FACE('',(#17520),#17064,.F.);
#17520 = FACE_BOUND('',#17521,.F.);
#17521 = EDGE_LOOP('',(#17522,#17523,#17546,#17567));
#17522 = ORIENTED_EDGE('',*,*,#17048,.F.);
#17523 = ORIENTED_EDGE('',*,*,#17524,.T.);
#17524 = EDGE_CURVE('',#17021,#17525,#17527,.T.);
#17525 = VERTEX_POINT('',#17526);
#17526 = CARTESIAN_POINT('',(16.65,2.3,-3.25));
#17527 = SURFACE_CURVE('',#17528,(#17532,#17539),.PCURVE_S1.);
#17528 = LINE('',#17529,#17530);
#17529 = CARTESIAN_POINT('',(16.65,2.3,0.));
#17530 = VECTOR('',#17531,1.);
#17531 = DIRECTION('',(-0.,-0.,-1.));
#17532 = PCURVE('',#17064,#17533);
#17533 = DEFINITIONAL_REPRESENTATION('',(#17534),#17538);
#17534 = LINE('',#17535,#17536);
#17535 = CARTESIAN_POINT('',(0.,0.));
#17536 = VECTOR('',#17537,1.);
#17537 = DIRECTION('',(0.,-1.));
#17538 = ( GEOMETRIC_REPRESENTATION_CONTEXT(2) 
PARAMETRIC_REPRESENTATION_CONTEXT() REPRESENTATION_CONTEXT('2D SPACE',''
  ) );
#17539 = PCURVE('',#17036,#17540);
#17540 = DEFINITIONAL_REPRESENTATION('',(#17541),#17545);
#17541 = LINE('',#17542,#17543);
#17542 = CARTESIAN_POINT('',(5.5,0.));
#17543 = VECTOR('',#17544,1.);
#17544 = DIRECTION('',(0.,-1.));
#17545 = ( GEOMETRIC_REPRESENTATION_CONTEXT(2) 
PARAMETRIC_REPRESENTATION_CONTEXT() REPRESENTATION_CONTEXT('2D SPACE',''
  ) );
#17546 = ORIENTED_EDGE('',*,*,#17547,.T.);
#17547 = EDGE_CURVE('',#17525,#17400,#17548,.T.);
#17548 = SURFACE_CURVE('',#17549,(#17553,#17560),.PCURVE_S1.);
#17549 = LINE('',#17550,#17551);
#17550 = CARTESIAN_POINT('',(14.,4.95,-5.9));
#17551 = VECTOR('',#17552,1.);
#17552 = DIRECTION('',(-0.57735026919,0.57735026919,-0.57735026919));
#17553 = PCURVE('',#17064,#17554);
#17554 = DEFINITIONAL_REPRESENTATION('',(#17555),#17559);
#17555 = LINE('',#17556,#17557);
#17556 = CARTESIAN_POINT('',(3.747665940289,-5.9));
#17557 = VECTOR('',#17558,1.);
#17558 = DIRECTION('',(0.816496580928,-0.57735026919));
#17559 = ( GEOMETRIC_REPRESENTATION_CONTEXT(2) 
PARAMETRIC_REPRESENTATION_CONTEXT() REPRESENTATION_CONTEXT('2D SPACE',''
  ) );
#17560 = PCURVE('',#17312,#17561);
#17561 = DEFINITIONAL_REPRESENTATION('',(#17562),#17566);
#17562 = LINE('',#17563,#17564);
#17563 = CARTESIAN_POINT('',(-2.687005768509,-15.));
#17564 = VECTOR('',#17565,1.);
#17565 = DIRECTION('',(-0.816496580928,0.57735026919));
#17566 = ( GEOMETRIC_REPRESENTATION_CONTEXT(2) 
PARAMETRIC_REPRESENTATION_CONTEXT() REPRESENTATION_CONTEXT('2D SPACE',''
  ) );
#17567 = ORIENTED_EDGE('',*,*,#17422,.F.);
#17568 = ADVANCED_FACE('',(#17569),#16061,.T.);
#17569 = FACE_BOUND('',#17570,.T.);
#17570 = EDGE_LOOP('',(#17571,#17572,#17595,#17616));
#17571 = ORIENTED_EDGE('',*,*,#16045,.F.);
#17572 = ORIENTED_EDGE('',*,*,#17573,.T.);
#17573 = EDGE_CURVE('',#16046,#17574,#17576,.T.);
#17574 = VERTEX_POINT('',#17575);
#17575 = CARTESIAN_POINT('',(4.55,5.299999999997,-4.));
#17576 = SURFACE_CURVE('',#17577,(#17581,#17588),.PCURVE_S1.);
#17577 = LINE('',#17578,#17579);
#17578 = CARTESIAN_POINT('',(4.55,5.299999999997,0.));
#17579 = VECTOR('',#17580,1.);
#17580 = DIRECTION('',(-0.,-0.,-1.));
#17581 = PCURVE('',#16061,#17582);
#17582 = DEFINITIONAL_REPRESENTATION('',(#17583),#17587);
#17583 = LINE('',#17584,#17585);
#17584 = CARTESIAN_POINT('',(0.,0.));
#17585 = VECTOR('',#17586,1.);
#17586 = DIRECTION('',(0.,-1.));
#17587 = ( GEOMETRIC_REPRESENTATION_CONTEXT(2) 
PARAMETRIC_REPRESENTATION_CONTEXT() REPRESENTATION_CONTEXT('2D SPACE',''
  ) );
#17588 = PCURVE('',#16094,#17589);
#17589 = DEFINITIONAL_REPRESENTATION('',(#17590),#17594);
#17590 = LINE('',#17591,#17592);
#17591 = CARTESIAN_POINT('',(-4.138911435803E-13,0.));
#17592 = VECTOR('',#17593,1.);
#17593 = DIRECTION('',(-0.,-1.));
#17594 = ( GEOMETRIC_REPRESENTATION_CONTEXT(2) 
PARAMETRIC_REPRESENTATION_CONTEXT() REPRESENTATION_CONTEXT('2D SPACE',''
  ) );
#17595 = ORIENTED_EDGE('',*,*,#17596,.T.);
#17596 = EDGE_CURVE('',#17574,#17472,#17597,.T.);
#17597 = SURFACE_CURVE('',#17598,(#17602,#17609),.PCURVE_S1.);
#17598 = LINE('',#17599,#17600);
#17599 = CARTESIAN_POINT('',(4.55,22.400000000003,-4.));
#17600 = VECTOR('',#17601,1.);
#17601 = DIRECTION('',(0.,1.,0.));
#17602 = PCURVE('',#16061,#17603);
#17603 = DEFINITIONAL_REPRESENTATION('',(#17604),#17608);
#17604 = LINE('',#17605,#17606);
#17605 = CARTESIAN_POINT('',(17.100000000006,-4.));
#17606 = VECTOR('',#17607,1.);
#17607 = DIRECTION('',(1.,0.));
#17608 = ( GEOMETRIC_REPRESENTATION_CONTEXT(2) 
PARAMETRIC_REPRESENTATION_CONTEXT() REPRESENTATION_CONTEXT('2D SPACE',''
  ) );
#17609 = PCURVE('',#17487,#17610);
#17610 = DEFINITIONAL_REPRESENTATION('',(#17611),#17615);
#17611 = LINE('',#17612,#17613);
#17612 = CARTESIAN_POINT('',(-31.85,1.267999039101E-09));
#17613 = VECTOR('',#17614,1.);
#17614 = DIRECTION('',(0.,1.));
#17615 = ( GEOMETRIC_REPRESENTATION_CONTEXT(2) 
PARAMETRIC_REPRESENTATION_CONTEXT() REPRESENTATION_CONTEXT('2D SPACE',''
  ) );
#17616 = ORIENTED_EDGE('',*,*,#17499,.F.);
#17617 = ADVANCED_FACE('',(#17618),#17036,.F.);
#17618 = FACE_BOUND('',#17619,.F.);
#17619 = EDGE_LOOP('',(#17620,#17621,#17644,#17665));
#17620 = ORIENTED_EDGE('',*,*,#17020,.F.);
#17621 = ORIENTED_EDGE('',*,*,#17622,.T.);
#17622 = EDGE_CURVE('',#16993,#17623,#17625,.T.);
#17623 = VERTEX_POINT('',#17624);
#17624 = CARTESIAN_POINT('',(22.15,2.3,-3.25));
#17625 = SURFACE_CURVE('',#17626,(#17630,#17637),.PCURVE_S1.);
#17626 = LINE('',#17627,#17628);
#17627 = CARTESIAN_POINT('',(22.15,2.3,0.));
#17628 = VECTOR('',#17629,1.);
#17629 = DIRECTION('',(-0.,-0.,-1.));
#17630 = PCURVE('',#17036,#17631);
#17631 = DEFINITIONAL_REPRESENTATION('',(#17632),#17636);
#17632 = LINE('',#17633,#17634);
#17633 = CARTESIAN_POINT('',(0.,0.));
#17634 = VECTOR('',#17635,1.);
#17635 = DIRECTION('',(0.,-1.));
#17636 = ( GEOMETRIC_REPRESENTATION_CONTEXT(2) 
PARAMETRIC_REPRESENTATION_CONTEXT() REPRESENTATION_CONTEXT('2D SPACE',''
  ) );
#17637 = PCURVE('',#17008,#17638);
#17638 = DEFINITIONAL_REPRESENTATION('',(#17639),#17643);
#17639 = LINE('',#17640,#17641);
#17640 = CARTESIAN_POINT('',(0.353553390593,0.));
#17641 = VECTOR('',#17642,1.);
#17642 = DIRECTION('',(0.,-1.));
#17643 = ( GEOMETRIC_REPRESENTATION_CONTEXT(2) 
PARAMETRIC_REPRESENTATION_CONTEXT() REPRESENTATION_CONTEXT('2D SPACE',''
  ) );
#17644 = ORIENTED_EDGE('',*,*,#17645,.T.);
#17645 = EDGE_CURVE('',#17623,#17525,#17646,.T.);
#17646 = SURFACE_CURVE('',#17647,(#17651,#17658),.PCURVE_S1.);
#17647 = LINE('',#17648,#17649);
#17648 = CARTESIAN_POINT('',(10.575,2.3,-3.25));
#17649 = VECTOR('',#17650,1.);
#17650 = DIRECTION('',(-1.,0.,-0.));
#17651 = PCURVE('',#17036,#17652);
#17652 = DEFINITIONAL_REPRESENTATION('',(#17653),#17657);
#17653 = LINE('',#17654,#17655);
#17654 = CARTESIAN_POINT('',(11.575,-3.25));
#17655 = VECTOR('',#17656,1.);
#17656 = DIRECTION('',(1.,0.));
#17657 = ( GEOMETRIC_REPRESENTATION_CONTEXT(2) 
PARAMETRIC_REPRESENTATION_CONTEXT() REPRESENTATION_CONTEXT('2D SPACE',''
  ) );
#17658 = PCURVE('',#17312,#17659);
#17659 = DEFINITIONAL_REPRESENTATION('',(#17660),#17664);
#17660 = LINE('',#17661,#17662);
#17661 = CARTESIAN_POINT('',(1.06066017178,-11.575));
#17662 = VECTOR('',#17663,1.);
#17663 = DIRECTION('',(0.,1.));
#17664 = ( GEOMETRIC_REPRESENTATION_CONTEXT(2) 
PARAMETRIC_REPRESENTATION_CONTEXT() REPRESENTATION_CONTEXT('2D SPACE',''
  ) );
#17665 = ORIENTED_EDGE('',*,*,#17524,.F.);
#17666 = ADVANCED_FACE('',(#17667),#16094,.F.);
#17667 = FACE_BOUND('',#17668,.F.);
#17668 = EDGE_LOOP('',(#17669,#17670,#17671,#17699));
#17669 = ORIENTED_EDGE('',*,*,#16073,.T.);
#17670 = ORIENTED_EDGE('',*,*,#17573,.T.);
#17671 = ORIENTED_EDGE('',*,*,#17672,.F.);
#17672 = EDGE_CURVE('',#17673,#17574,#17675,.T.);
#17673 = VERTEX_POINT('',#17674);
#17674 = CARTESIAN_POINT('',(5.3,4.55,-4.));
#17675 = SURFACE_CURVE('',#17676,(#17681,#17688),.PCURVE_S1.);
#17676 = CIRCLE('',#17677,0.75);
#17677 = AXIS2_PLACEMENT_3D('',#17678,#17679,#17680);
#17678 = CARTESIAN_POINT('',(5.3,5.299999999997,-4.));
#17679 = DIRECTION('',(0.,0.,-1.));
#17680 = DIRECTION('',(-1.,0.,0.));
#17681 = PCURVE('',#16094,#17682);
#17682 = DEFINITIONAL_REPRESENTATION('',(#17683),#17687);
#17683 = LINE('',#17684,#17685);
#17684 = CARTESIAN_POINT('',(6.28318530718,-4.));
#17685 = VECTOR('',#17686,1.);
#17686 = DIRECTION('',(-1.,0.));
#17687 = ( GEOMETRIC_REPRESENTATION_CONTEXT(2) 
PARAMETRIC_REPRESENTATION_CONTEXT() REPRESENTATION_CONTEXT('2D SPACE',''
  ) );
#17688 = PCURVE('',#17487,#17689);
#17689 = DEFINITIONAL_REPRESENTATION('',(#17690),#17698);
#17690 = ( BOUNDED_CURVE() B_SPLINE_CURVE(2,(#17691,#17692,#17693,#17694
    ,#17695,#17696,#17697),.UNSPECIFIED.,.T.,.F.) 
B_SPLINE_CURVE_WITH_KNOTS((1,2,2,2,2,1),(-2.094395102393,0.,
    2.094395102393,4.188790204786,6.28318530718,8.377580409573),
.UNSPECIFIED.) CURVE() GEOMETRIC_REPRESENTATION_ITEM() 
RATIONAL_B_SPLINE_CURVE((1.,0.5,1.,0.5,1.,0.5,1.)) REPRESENTATION_ITEM(
  '') );
#17691 = CARTESIAN_POINT('',(-31.85,-17.09999999873));
#17692 = CARTESIAN_POINT('',(-31.85,-15.80096189306));
#17693 = CARTESIAN_POINT('',(-30.725,-16.4504809459));
#17694 = CARTESIAN_POINT('',(-29.6,-17.09999999873));
#17695 = CARTESIAN_POINT('',(-30.725,-17.74951905157));
#17696 = CARTESIAN_POINT('',(-31.85,-18.39903810441));
#17697 = CARTESIAN_POINT('',(-31.85,-17.09999999873));
#17698 = ( GEOMETRIC_REPRESENTATION_CONTEXT(2) 
PARAMETRIC_REPRESENTATION_CONTEXT() REPRESENTATION_CONTEXT('2D SPACE',''
  ) );
#17699 = ORIENTED_EDGE('',*,*,#17700,.F.);
#17700 = EDGE_CURVE('',#16074,#17673,#17701,.T.);
#17701 = SURFACE_CURVE('',#17702,(#17706,#17713),.PCURVE_S1.);
#17702 = LINE('',#17703,#17704);
#17703 = CARTESIAN_POINT('',(5.3,4.55,0.));
#17704 = VECTOR('',#17705,1.);
#17705 = DIRECTION('',(-0.,-0.,-1.));
#17706 = PCURVE('',#16094,#17707);
#17707 = DEFINITIONAL_REPRESENTATION('',(#17708),#17712);
#17708 = LINE('',#17709,#17710);
#17709 = CARTESIAN_POINT('',(1.570796326795,0.));
#17710 = VECTOR('',#17711,1.);
#17711 = DIRECTION('',(-0.,-1.));
#17712 = ( GEOMETRIC_REPRESENTATION_CONTEXT(2) 
PARAMETRIC_REPRESENTATION_CONTEXT() REPRESENTATION_CONTEXT('2D SPACE',''
  ) );
#17713 = PCURVE('',#16122,#17714);
#17714 = DEFINITIONAL_REPRESENTATION('',(#17715),#17719);
#17715 = LINE('',#17716,#17717);
#17716 = CARTESIAN_POINT('',(0.,0.));
#17717 = VECTOR('',#17718,1.);
#17718 = DIRECTION('',(0.,-1.));
#17719 = ( GEOMETRIC_REPRESENTATION_CONTEXT(2) 
PARAMETRIC_REPRESENTATION_CONTEXT() REPRESENTATION_CONTEXT('2D SPACE',''
  ) );
#17720 = ADVANCED_FACE('',(#17721),#17008,.F.);
#17721 = FACE_BOUND('',#17722,.F.);
#17722 = EDGE_LOOP('',(#17723,#17724,#17747,#17768));
#17723 = ORIENTED_EDGE('',*,*,#16992,.F.);
#17724 = ORIENTED_EDGE('',*,*,#17725,.T.);
#17725 = EDGE_CURVE('',#16965,#17726,#17728,.T.);
#17726 = VERTEX_POINT('',#17727);
#17727 = CARTESIAN_POINT('',(22.4,2.55,-3.5));
#17728 = SURFACE_CURVE('',#17729,(#17733,#17740),.PCURVE_S1.);
#17729 = LINE('',#17730,#17731);
#17730 = CARTESIAN_POINT('',(22.4,2.55,0.));
#17731 = VECTOR('',#17732,1.);
#17732 = DIRECTION('',(-0.,-0.,-1.));
#17733 = PCURVE('',#17008,#17734);
#17734 = DEFINITIONAL_REPRESENTATION('',(#17735),#17739);
#17735 = LINE('',#17736,#17737);
#17736 = CARTESIAN_POINT('',(0.,0.));
#17737 = VECTOR('',#17738,1.);
#17738 = DIRECTION('',(0.,-1.));
#17739 = ( GEOMETRIC_REPRESENTATION_CONTEXT(2) 
PARAMETRIC_REPRESENTATION_CONTEXT() REPRESENTATION_CONTEXT('2D SPACE',''
  ) );
#17740 = PCURVE('',#16980,#17741);
#17741 = DEFINITIONAL_REPRESENTATION('',(#17742),#17746);
#17742 = LINE('',#17743,#17744);
#17743 = CARTESIAN_POINT('',(18.4,0.));
#17744 = VECTOR('',#17745,1.);
#17745 = DIRECTION('',(0.,-1.));
#17746 = ( GEOMETRIC_REPRESENTATION_CONTEXT(2) 
PARAMETRIC_REPRESENTATION_CONTEXT() REPRESENTATION_CONTEXT('2D SPACE',''
  ) );
#17747 = ORIENTED_EDGE('',*,*,#17748,.T.);
#17748 = EDGE_CURVE('',#17726,#17623,#17749,.T.);
#17749 = SURFACE_CURVE('',#17750,(#17754,#17761),.PCURVE_S1.);
#17750 = LINE('',#17751,#17752);
#17751 = CARTESIAN_POINT('',(18.083333333333,-1.766666666667,
    0.816666666667));
#17752 = VECTOR('',#17753,1.);
#17753 = DIRECTION('',(-0.57735026919,-0.57735026919,0.57735026919));
#17754 = PCURVE('',#17008,#17755);
#17755 = DEFINITIONAL_REPRESENTATION('',(#17756),#17760);
#17756 = LINE('',#17757,#17758);
#17757 = CARTESIAN_POINT('',(6.104688544244,0.816666666667));
#17758 = VECTOR('',#17759,1.);
#17759 = DIRECTION('',(0.816496580928,0.57735026919));
#17760 = ( GEOMETRIC_REPRESENTATION_CONTEXT(2) 
PARAMETRIC_REPRESENTATION_CONTEXT() REPRESENTATION_CONTEXT('2D SPACE',''
  ) );
#17761 = PCURVE('',#17312,#17762);
#17762 = DEFINITIONAL_REPRESENTATION('',(#17763),#17767);
#17763 = LINE('',#17764,#17765);
#17764 = CARTESIAN_POINT('',(6.811795325431,-19.08333333333));
#17765 = VECTOR('',#17766,1.);
#17766 = DIRECTION('',(0.816496580928,0.57735026919));
#17767 = ( GEOMETRIC_REPRESENTATION_CONTEXT(2) 
PARAMETRIC_REPRESENTATION_CONTEXT() REPRESENTATION_CONTEXT('2D SPACE',''
  ) );
#17768 = ORIENTED_EDGE('',*,*,#17622,.F.);
#17769 = ADVANCED_FACE('',(#17770),#16122,.F.);
#17770 = FACE_BOUND('',#17771,.F.);
#17771 = EDGE_LOOP('',(#17772,#17773,#17796,#17817));
#17772 = ORIENTED_EDGE('',*,*,#17700,.T.);
#17773 = ORIENTED_EDGE('',*,*,#17774,.T.);
#17774 = EDGE_CURVE('',#17673,#17775,#17777,.T.);
#17775 = VERTEX_POINT('',#17776);
#17776 = CARTESIAN_POINT('',(67.5,4.55,-4.));
#17777 = SURFACE_CURVE('',#17778,(#17782,#17789),.PCURVE_S1.);
#17778 = LINE('',#17779,#17780);
#17779 = CARTESIAN_POINT('',(36.4,4.550000000003,-4.));
#17780 = VECTOR('',#17781,1.);
#17781 = DIRECTION('',(1.,0.,0.));
#17782 = PCURVE('',#16122,#17783);
#17783 = DEFINITIONAL_REPRESENTATION('',(#17784),#17788);
#17784 = LINE('',#17785,#17786);
#17785 = CARTESIAN_POINT('',(31.1,-4.));
#17786 = VECTOR('',#17787,1.);
#17787 = DIRECTION('',(1.,0.));
#17788 = ( GEOMETRIC_REPRESENTATION_CONTEXT(2) 
PARAMETRIC_REPRESENTATION_CONTEXT() REPRESENTATION_CONTEXT('2D SPACE',''
  ) );
#17789 = PCURVE('',#17487,#17790);
#17790 = DEFINITIONAL_REPRESENTATION('',(#17791),#17795);
#17791 = LINE('',#17792,#17793);
#17792 = CARTESIAN_POINT('',(0.,-17.84999999873));
#17793 = VECTOR('',#17794,1.);
#17794 = DIRECTION('',(1.,0.));
#17795 = ( GEOMETRIC_REPRESENTATION_CONTEXT(2) 
PARAMETRIC_REPRESENTATION_CONTEXT() REPRESENTATION_CONTEXT('2D SPACE',''
  ) );
#17796 = ORIENTED_EDGE('',*,*,#17797,.F.);
#17797 = EDGE_CURVE('',#16107,#17775,#17798,.T.);
#17798 = SURFACE_CURVE('',#17799,(#17803,#17810),.PCURVE_S1.);
#17799 = LINE('',#17800,#17801);
#17800 = CARTESIAN_POINT('',(67.5,4.55,0.));
#17801 = VECTOR('',#17802,1.);
#17802 = DIRECTION('',(-0.,-0.,-1.));
#17803 = PCURVE('',#16122,#17804);
#17804 = DEFINITIONAL_REPRESENTATION('',(#17805),#17809);
#17805 = LINE('',#17806,#17807);
#17806 = CARTESIAN_POINT('',(62.2,0.));
#17807 = VECTOR('',#17808,1.);
#17808 = DIRECTION('',(0.,-1.));
#17809 = ( GEOMETRIC_REPRESENTATION_CONTEXT(2) 
PARAMETRIC_REPRESENTATION_CONTEXT() REPRESENTATION_CONTEXT('2D SPACE',''
  ) );
#17810 = PCURVE('',#16155,#17811);
#17811 = DEFINITIONAL_REPRESENTATION('',(#17812),#17816);
#17812 = LINE('',#17813,#17814);
#17813 = CARTESIAN_POINT('',(1.570796326795,0.));
#17814 = VECTOR('',#17815,1.);
#17815 = DIRECTION('',(-0.,-1.));
#17816 = ( GEOMETRIC_REPRESENTATION_CONTEXT(2) 
PARAMETRIC_REPRESENTATION_CONTEXT() REPRESENTATION_CONTEXT('2D SPACE',''
  ) );
#17817 = ORIENTED_EDGE('',*,*,#16106,.F.);
#17818 = ADVANCED_FACE('',(#17819),#16980,.T.);
#17819 = FACE_BOUND('',#17820,.T.);
#17820 = EDGE_LOOP('',(#17821,#17822,#17823,#17846));
#17821 = ORIENTED_EDGE('',*,*,#16964,.F.);
#17822 = ORIENTED_EDGE('',*,*,#17725,.T.);
#17823 = ORIENTED_EDGE('',*,*,#17824,.T.);
#17824 = EDGE_CURVE('',#17726,#17825,#17827,.T.);
#17825 = VERTEX_POINT('',#17826);
#17826 = CARTESIAN_POINT('',(49.4,2.55,-3.5));
#17827 = SURFACE_CURVE('',#17828,(#17832,#17839),.PCURVE_S1.);
#17828 = LINE('',#17829,#17830);
#17829 = CARTESIAN_POINT('',(1.5,2.550000000001,-3.500000000001));
#17830 = VECTOR('',#17831,1.);
#17831 = DIRECTION('',(1.,0.,0.));
#17832 = PCURVE('',#16980,#17833);
#17833 = DEFINITIONAL_REPRESENTATION('',(#17834),#17838);
#17834 = LINE('',#17835,#17836);
#17835 = CARTESIAN_POINT('',(-2.5,-3.500000000001));
#17836 = VECTOR('',#17837,1.);
#17837 = DIRECTION('',(1.,0.));
#17838 = ( GEOMETRIC_REPRESENTATION_CONTEXT(2) 
PARAMETRIC_REPRESENTATION_CONTEXT() REPRESENTATION_CONTEXT('2D SPACE',''
  ) );
#17839 = PCURVE('',#17312,#17840);
#17840 = DEFINITIONAL_REPRESENTATION('',(#17841),#17845);
#17841 = LINE('',#17842,#17843);
#17842 = CARTESIAN_POINT('',(0.707106781185,-2.5));
#17843 = VECTOR('',#17844,1.);
#17844 = DIRECTION('',(0.,-1.));
#17845 = ( GEOMETRIC_REPRESENTATION_CONTEXT(2) 
PARAMETRIC_REPRESENTATION_CONTEXT() REPRESENTATION_CONTEXT('2D SPACE',''
  ) );
#17846 = ORIENTED_EDGE('',*,*,#17847,.F.);
#17847 = EDGE_CURVE('',#16937,#17825,#17848,.T.);
#17848 = SURFACE_CURVE('',#17849,(#17853,#17860),.PCURVE_S1.);
#17849 = LINE('',#17850,#17851);
#17850 = CARTESIAN_POINT('',(49.4,2.55,0.));
#17851 = VECTOR('',#17852,1.);
#17852 = DIRECTION('',(-0.,-0.,-1.));
#17853 = PCURVE('',#16980,#17854);
#17854 = DEFINITIONAL_REPRESENTATION('',(#17855),#17859);
#17855 = LINE('',#17856,#17857);
#17856 = CARTESIAN_POINT('',(45.4,0.));
#17857 = VECTOR('',#17858,1.);
#17858 = DIRECTION('',(0.,-1.));
#17859 = ( GEOMETRIC_REPRESENTATION_CONTEXT(2) 
PARAMETRIC_REPRESENTATION_CONTEXT() REPRESENTATION_CONTEXT('2D SPACE',''
  ) );
#17860 = PCURVE('',#16952,#17861);
#17861 = DEFINITIONAL_REPRESENTATION('',(#17862),#17866);
#17862 = LINE('',#17863,#17864);
#17863 = CARTESIAN_POINT('',(0.353553390593,0.));
#17864 = VECTOR('',#17865,1.);
#17865 = DIRECTION('',(0.,-1.));
#17866 = ( GEOMETRIC_REPRESENTATION_CONTEXT(2) 
PARAMETRIC_REPRESENTATION_CONTEXT() REPRESENTATION_CONTEXT('2D SPACE',''
  ) );
#17867 = ADVANCED_FACE('',(#17868),#16155,.F.);
#17868 = FACE_BOUND('',#17869,.F.);
#17869 = EDGE_LOOP('',(#17870,#17871,#17872,#17900));
#17870 = ORIENTED_EDGE('',*,*,#16134,.T.);
#17871 = ORIENTED_EDGE('',*,*,#17797,.T.);
#17872 = ORIENTED_EDGE('',*,*,#17873,.F.);
#17873 = EDGE_CURVE('',#17874,#17775,#17876,.T.);
#17874 = VERTEX_POINT('',#17875);
#17875 = CARTESIAN_POINT('',(68.25,5.299999999997,-4.));
#17876 = SURFACE_CURVE('',#17877,(#17882,#17889),.PCURVE_S1.);
#17877 = CIRCLE('',#17878,0.75);
#17878 = AXIS2_PLACEMENT_3D('',#17879,#17880,#17881);
#17879 = CARTESIAN_POINT('',(67.5,5.299999999997,-4.));
#17880 = DIRECTION('',(0.,0.,-1.));
#17881 = DIRECTION('',(-1.,0.,0.));
#17882 = PCURVE('',#16155,#17883);
#17883 = DEFINITIONAL_REPRESENTATION('',(#17884),#17888);
#17884 = LINE('',#17885,#17886);
#17885 = CARTESIAN_POINT('',(6.28318530718,-4.));
#17886 = VECTOR('',#17887,1.);
#17887 = DIRECTION('',(-1.,0.));
#17888 = ( GEOMETRIC_REPRESENTATION_CONTEXT(2) 
PARAMETRIC_REPRESENTATION_CONTEXT() REPRESENTATION_CONTEXT('2D SPACE',''
  ) );
#17889 = PCURVE('',#17487,#17890);
#17890 = DEFINITIONAL_REPRESENTATION('',(#17891),#17899);
#17891 = ( BOUNDED_CURVE() B_SPLINE_CURVE(2,(#17892,#17893,#17894,#17895
    ,#17896,#17897,#17898),.UNSPECIFIED.,.T.,.F.) 
B_SPLINE_CURVE_WITH_KNOTS((1,2,2,2,2,1),(-2.094395102393,0.,
    2.094395102393,4.188790204786,6.28318530718,8.377580409573),
.UNSPECIFIED.) CURVE() GEOMETRIC_REPRESENTATION_ITEM() 
RATIONAL_B_SPLINE_CURVE((1.,0.5,1.,0.5,1.,0.5,1.)) REPRESENTATION_ITEM(
  '') );
#17892 = CARTESIAN_POINT('',(30.35,-17.09999999873));
#17893 = CARTESIAN_POINT('',(30.35,-15.80096189306));
#17894 = CARTESIAN_POINT('',(31.475,-16.4504809459));
#17895 = CARTESIAN_POINT('',(32.6,-17.09999999873));
#17896 = CARTESIAN_POINT('',(31.475,-17.74951905157));
#17897 = CARTESIAN_POINT('',(30.35,-18.39903810441));
#17898 = CARTESIAN_POINT('',(30.35,-17.09999999873));
#17899 = ( GEOMETRIC_REPRESENTATION_CONTEXT(2) 
PARAMETRIC_REPRESENTATION_CONTEXT() REPRESENTATION_CONTEXT('2D SPACE',''
  ) );
#17900 = ORIENTED_EDGE('',*,*,#17901,.F.);
#17901 = EDGE_CURVE('',#16135,#17874,#17902,.T.);
#17902 = SURFACE_CURVE('',#17903,(#17907,#17914),.PCURVE_S1.);
#17903 = LINE('',#17904,#17905);
#17904 = CARTESIAN_POINT('',(68.25,5.299999999997,0.));
#17905 = VECTOR('',#17906,1.);
#17906 = DIRECTION('',(-0.,-0.,-1.));
#17907 = PCURVE('',#16155,#17908);
#17908 = DEFINITIONAL_REPRESENTATION('',(#17909),#17913);
#17909 = LINE('',#17910,#17911);
#17910 = CARTESIAN_POINT('',(3.14159265359,0.));
#17911 = VECTOR('',#17912,1.);
#17912 = DIRECTION('',(-0.,-1.));
#17913 = ( GEOMETRIC_REPRESENTATION_CONTEXT(2) 
PARAMETRIC_REPRESENTATION_CONTEXT() REPRESENTATION_CONTEXT('2D SPACE',''
  ) );
#17914 = PCURVE('',#16183,#17915);
#17915 = DEFINITIONAL_REPRESENTATION('',(#17916),#17920);
#17916 = LINE('',#17917,#17918);
#17917 = CARTESIAN_POINT('',(0.,0.));
#17918 = VECTOR('',#17919,1.);
#17919 = DIRECTION('',(0.,-1.));
#17920 = ( GEOMETRIC_REPRESENTATION_CONTEXT(2) 
PARAMETRIC_REPRESENTATION_CONTEXT() REPRESENTATION_CONTEXT('2D SPACE',''
  ) );
#17921 = ADVANCED_FACE('',(#17922),#16952,.F.);
#17922 = FACE_BOUND('',#17923,.F.);
#17923 = EDGE_LOOP('',(#17924,#17925,#17948,#17969));
#17924 = ORIENTED_EDGE('',*,*,#16936,.F.);
#17925 = ORIENTED_EDGE('',*,*,#17926,.T.);
#17926 = EDGE_CURVE('',#16909,#17927,#17929,.T.);
#17927 = VERTEX_POINT('',#17928);
#17928 = CARTESIAN_POINT('',(49.65,2.3,-3.25));
#17929 = SURFACE_CURVE('',#17930,(#17934,#17941),.PCURVE_S1.);
#17930 = LINE('',#17931,#17932);
#17931 = CARTESIAN_POINT('',(49.65,2.3,0.));
#17932 = VECTOR('',#17933,1.);
#17933 = DIRECTION('',(-0.,-0.,-1.));
#17934 = PCURVE('',#16952,#17935);
#17935 = DEFINITIONAL_REPRESENTATION('',(#17936),#17940);
#17936 = LINE('',#17937,#17938);
#17937 = CARTESIAN_POINT('',(0.,0.));
#17938 = VECTOR('',#17939,1.);
#17939 = DIRECTION('',(0.,-1.));
#17940 = ( GEOMETRIC_REPRESENTATION_CONTEXT(2) 
PARAMETRIC_REPRESENTATION_CONTEXT() REPRESENTATION_CONTEXT('2D SPACE',''
  ) );
#17941 = PCURVE('',#16924,#17942);
#17942 = DEFINITIONAL_REPRESENTATION('',(#17943),#17947);
#17943 = LINE('',#17944,#17945);
#17944 = CARTESIAN_POINT('',(5.5,0.));
#17945 = VECTOR('',#17946,1.);
#17946 = DIRECTION('',(0.,-1.));
#17947 = ( GEOMETRIC_REPRESENTATION_CONTEXT(2) 
PARAMETRIC_REPRESENTATION_CONTEXT() REPRESENTATION_CONTEXT('2D SPACE',''
  ) );
#17948 = ORIENTED_EDGE('',*,*,#17949,.T.);
#17949 = EDGE_CURVE('',#17927,#17825,#17950,.T.);
#17950 = SURFACE_CURVE('',#17951,(#17955,#17962),.PCURVE_S1.);
#17951 = LINE('',#17952,#17953);
#17952 = CARTESIAN_POINT('',(41.5,10.45,-11.4));
#17953 = VECTOR('',#17954,1.);
#17954 = DIRECTION('',(-0.57735026919,0.57735026919,-0.57735026919));
#17955 = PCURVE('',#16952,#17956);
#17956 = DEFINITIONAL_REPRESENTATION('',(#17957),#17961);
#17957 = LINE('',#17958,#17959);
#17958 = CARTESIAN_POINT('',(11.525840533341,-11.4));
#17959 = VECTOR('',#17960,1.);
#17960 = DIRECTION('',(0.816496580928,-0.57735026919));
#17961 = ( GEOMETRIC_REPRESENTATION_CONTEXT(2) 
PARAMETRIC_REPRESENTATION_CONTEXT() REPRESENTATION_CONTEXT('2D SPACE',''
  ) );
#17962 = PCURVE('',#17312,#17963);
#17963 = DEFINITIONAL_REPRESENTATION('',(#17964),#17968);
#17964 = LINE('',#17965,#17966);
#17965 = CARTESIAN_POINT('',(-10.46518036156,-42.5));
#17966 = VECTOR('',#17967,1.);
#17967 = DIRECTION('',(-0.816496580928,0.57735026919));
#17968 = ( GEOMETRIC_REPRESENTATION_CONTEXT(2) 
PARAMETRIC_REPRESENTATION_CONTEXT() REPRESENTATION_CONTEXT('2D SPACE',''
  ) );
#17969 = ORIENTED_EDGE('',*,*,#17847,.F.);
#17970 = ADVANCED_FACE('',(#17971),#16183,.F.);
#17971 = FACE_BOUND('',#17972,.F.);
#17972 = EDGE_LOOP('',(#17973,#17974,#17997,#18018));
#17973 = ORIENTED_EDGE('',*,*,#17901,.T.);
#17974 = ORIENTED_EDGE('',*,*,#17975,.T.);
#17975 = EDGE_CURVE('',#17874,#17976,#17978,.T.);
#17976 = VERTEX_POINT('',#17977);
#17977 = CARTESIAN_POINT('',(68.25,39.499999993862,-4.));
#17978 = SURFACE_CURVE('',#17979,(#17983,#17990),.PCURVE_S1.);
#17979 = LINE('',#17980,#17981);
#17980 = CARTESIAN_POINT('',(68.25,22.400000000003,-4.));
#17981 = VECTOR('',#17982,1.);
#17982 = DIRECTION('',(0.,1.,0.));
#17983 = PCURVE('',#16183,#17984);
#17984 = DEFINITIONAL_REPRESENTATION('',(#17985),#17989);
#17985 = LINE('',#17986,#17987);
#17986 = CARTESIAN_POINT('',(17.100000000006,-4.));
#17987 = VECTOR('',#17988,1.);
#17988 = DIRECTION('',(1.,0.));
#17989 = ( GEOMETRIC_REPRESENTATION_CONTEXT(2) 
PARAMETRIC_REPRESENTATION_CONTEXT() REPRESENTATION_CONTEXT('2D SPACE',''
  ) );
#17990 = PCURVE('',#17487,#17991);
#17991 = DEFINITIONAL_REPRESENTATION('',(#17992),#17996);
#17992 = LINE('',#17993,#17994);
#17993 = CARTESIAN_POINT('',(31.85,1.267999039101E-09));
#17994 = VECTOR('',#17995,1.);
#17995 = DIRECTION('',(0.,1.));
#17996 = ( GEOMETRIC_REPRESENTATION_CONTEXT(2) 
PARAMETRIC_REPRESENTATION_CONTEXT() REPRESENTATION_CONTEXT('2D SPACE',''
  ) );
#17997 = ORIENTED_EDGE('',*,*,#17998,.F.);
#17998 = EDGE_CURVE('',#16168,#17976,#17999,.T.);
#17999 = SURFACE_CURVE('',#18000,(#18004,#18011),.PCURVE_S1.);
#18000 = LINE('',#18001,#18002);
#18001 = CARTESIAN_POINT('',(68.25,39.499999993862,0.));
#18002 = VECTOR('',#18003,1.);
#18003 = DIRECTION('',(-0.,-0.,-1.));
#18004 = PCURVE('',#16183,#18005);
#18005 = DEFINITIONAL_REPRESENTATION('',(#18006),#18010);
#18006 = LINE('',#18007,#18008);
#18007 = CARTESIAN_POINT('',(34.199999993865,0.));
#18008 = VECTOR('',#18009,1.);
#18009 = DIRECTION('',(0.,-1.));
#18010 = ( GEOMETRIC_REPRESENTATION_CONTEXT(2) 
PARAMETRIC_REPRESENTATION_CONTEXT() REPRESENTATION_CONTEXT('2D SPACE',''
  ) );
#18011 = PCURVE('',#16216,#18012);
#18012 = DEFINITIONAL_REPRESENTATION('',(#18013),#18017);
#18013 = LINE('',#18014,#18015);
#18014 = CARTESIAN_POINT('',(3.14159265359,0.));
#18015 = VECTOR('',#18016,1.);
#18016 = DIRECTION('',(-0.,-1.));
#18017 = ( GEOMETRIC_REPRESENTATION_CONTEXT(2) 
PARAMETRIC_REPRESENTATION_CONTEXT() REPRESENTATION_CONTEXT('2D SPACE',''
  ) );
#18018 = ORIENTED_EDGE('',*,*,#16167,.F.);
#18019 = ADVANCED_FACE('',(#18020),#16924,.F.);
#18020 = FACE_BOUND('',#18021,.F.);
#18021 = EDGE_LOOP('',(#18022,#18023,#18046,#18067));
#18022 = ORIENTED_EDGE('',*,*,#16908,.F.);
#18023 = ORIENTED_EDGE('',*,*,#18024,.T.);
#18024 = EDGE_CURVE('',#16881,#18025,#18027,.T.);
#18025 = VERTEX_POINT('',#18026);
#18026 = CARTESIAN_POINT('',(55.15,2.3,-3.25));
#18027 = SURFACE_CURVE('',#18028,(#18032,#18039),.PCURVE_S1.);
#18028 = LINE('',#18029,#18030);
#18029 = CARTESIAN_POINT('',(55.15,2.3,0.));
#18030 = VECTOR('',#18031,1.);
#18031 = DIRECTION('',(-0.,-0.,-1.));
#18032 = PCURVE('',#16924,#18033);
#18033 = DEFINITIONAL_REPRESENTATION('',(#18034),#18038);
#18034 = LINE('',#18035,#18036);
#18035 = CARTESIAN_POINT('',(0.,0.));
#18036 = VECTOR('',#18037,1.);
#18037 = DIRECTION('',(0.,-1.));
#18038 = ( GEOMETRIC_REPRESENTATION_CONTEXT(2) 
PARAMETRIC_REPRESENTATION_CONTEXT() REPRESENTATION_CONTEXT('2D SPACE',''
  ) );
#18039 = PCURVE('',#16896,#18040);
#18040 = DEFINITIONAL_REPRESENTATION('',(#18041),#18045);
#18041 = LINE('',#18042,#18043);
#18042 = CARTESIAN_POINT('',(0.353553390593,0.));
#18043 = VECTOR('',#18044,1.);
#18044 = DIRECTION('',(0.,-1.));
#18045 = ( GEOMETRIC_REPRESENTATION_CONTEXT(2) 
PARAMETRIC_REPRESENTATION_CONTEXT() REPRESENTATION_CONTEXT('2D SPACE',''
  ) );
#18046 = ORIENTED_EDGE('',*,*,#18047,.T.);
#18047 = EDGE_CURVE('',#18025,#17927,#18048,.T.);
#18048 = SURFACE_CURVE('',#18049,(#18053,#18060),.PCURVE_S1.);
#18049 = LINE('',#18050,#18051);
#18050 = CARTESIAN_POINT('',(27.075,2.3,-3.25));
#18051 = VECTOR('',#18052,1.);
#18052 = DIRECTION('',(-1.,0.,-0.));
#18053 = PCURVE('',#16924,#18054);
#18054 = DEFINITIONAL_REPRESENTATION('',(#18055),#18059);
#18055 = LINE('',#18056,#18057);
#18056 = CARTESIAN_POINT('',(28.075,-3.25));
#18057 = VECTOR('',#18058,1.);
#18058 = DIRECTION('',(1.,0.));
#18059 = ( GEOMETRIC_REPRESENTATION_CONTEXT(2) 
PARAMETRIC_REPRESENTATION_CONTEXT() REPRESENTATION_CONTEXT('2D SPACE',''
  ) );
#18060 = PCURVE('',#17312,#18061);
#18061 = DEFINITIONAL_REPRESENTATION('',(#18062),#18066);
#18062 = LINE('',#18063,#18064);
#18063 = CARTESIAN_POINT('',(1.06066017178,-28.075));
#18064 = VECTOR('',#18065,1.);
#18065 = DIRECTION('',(0.,1.));
#18066 = ( GEOMETRIC_REPRESENTATION_CONTEXT(2) 
PARAMETRIC_REPRESENTATION_CONTEXT() REPRESENTATION_CONTEXT('2D SPACE',''
  ) );
#18067 = ORIENTED_EDGE('',*,*,#17926,.F.);
#18068 = ADVANCED_FACE('',(#18069),#16216,.F.);
#18069 = FACE_BOUND('',#18070,.F.);
#18070 = EDGE_LOOP('',(#18071,#18072,#18073,#18101));
#18071 = ORIENTED_EDGE('',*,*,#16195,.T.);
#18072 = ORIENTED_EDGE('',*,*,#17998,.T.);
#18073 = ORIENTED_EDGE('',*,*,#18074,.F.);
#18074 = EDGE_CURVE('',#18075,#17976,#18077,.T.);
#18075 = VERTEX_POINT('',#18076);
#18076 = CARTESIAN_POINT('',(67.5,40.249999996933,-4.));
#18077 = SURFACE_CURVE('',#18078,(#18083,#18090),.PCURVE_S1.);
#18078 = CIRCLE('',#18079,0.75);
#18079 = AXIS2_PLACEMENT_3D('',#18080,#18081,#18082);
#18080 = CARTESIAN_POINT('',(67.5,39.499999993862,-4.));
#18081 = DIRECTION('',(0.,0.,-1.));
#18082 = DIRECTION('',(-1.,0.,0.));
#18083 = PCURVE('',#16216,#18084);
#18084 = DEFINITIONAL_REPRESENTATION('',(#18085),#18089);
#18085 = LINE('',#18086,#18087);
#18086 = CARTESIAN_POINT('',(6.28318530718,-4.));
#18087 = VECTOR('',#18088,1.);
#18088 = DIRECTION('',(-1.,0.));
#18089 = ( GEOMETRIC_REPRESENTATION_CONTEXT(2) 
PARAMETRIC_REPRESENTATION_CONTEXT() REPRESENTATION_CONTEXT('2D SPACE',''
  ) );
#18090 = PCURVE('',#17487,#18091);
#18091 = DEFINITIONAL_REPRESENTATION('',(#18092),#18100);
#18092 = ( BOUNDED_CURVE() B_SPLINE_CURVE(2,(#18093,#18094,#18095,#18096
    ,#18097,#18098,#18099),.UNSPECIFIED.,.T.,.F.) 
B_SPLINE_CURVE_WITH_KNOTS((1,2,2,2,2,1),(-2.094395102393,0.,
    2.094395102393,4.188790204786,6.28318530718,8.377580409573),
.UNSPECIFIED.) CURVE() GEOMETRIC_REPRESENTATION_ITEM() 
RATIONAL_B_SPLINE_CURVE((1.,0.5,1.,0.5,1.,0.5,1.)) REPRESENTATION_ITEM(
  '') );
#18093 = CARTESIAN_POINT('',(30.35,17.099999995127));
#18094 = CARTESIAN_POINT('',(30.35,18.399038100804));
#18095 = CARTESIAN_POINT('',(31.475,17.749519047965));
#18096 = CARTESIAN_POINT('',(32.6,17.099999995127));
#18097 = CARTESIAN_POINT('',(31.475,16.450480942289));
#18098 = CARTESIAN_POINT('',(30.35,15.80096188945));
#18099 = CARTESIAN_POINT('',(30.35,17.099999995127));
#18100 = ( GEOMETRIC_REPRESENTATION_CONTEXT(2) 
PARAMETRIC_REPRESENTATION_CONTEXT() REPRESENTATION_CONTEXT('2D SPACE',''
  ) );
#18101 = ORIENTED_EDGE('',*,*,#18102,.F.);
#18102 = EDGE_CURVE('',#16196,#18075,#18103,.T.);
#18103 = SURFACE_CURVE('',#18104,(#18108,#18115),.PCURVE_S1.);
#18104 = LINE('',#18105,#18106);
#18105 = CARTESIAN_POINT('',(67.5,40.249999996933,0.));
#18106 = VECTOR('',#18107,1.);
#18107 = DIRECTION('',(-0.,-0.,-1.));
#18108 = PCURVE('',#16216,#18109);
#18109 = DEFINITIONAL_REPRESENTATION('',(#18110),#18114);
#18110 = LINE('',#18111,#18112);
#18111 = CARTESIAN_POINT('',(4.712388980385,0.));
#18112 = VECTOR('',#18113,1.);
#18113 = DIRECTION('',(-0.,-1.));
#18114 = ( GEOMETRIC_REPRESENTATION_CONTEXT(2) 
PARAMETRIC_REPRESENTATION_CONTEXT() REPRESENTATION_CONTEXT('2D SPACE',''
  ) );
#18115 = PCURVE('',#16244,#18116);
#18116 = DEFINITIONAL_REPRESENTATION('',(#18117),#18121);
#18117 = LINE('',#18118,#18119);
#18118 = CARTESIAN_POINT('',(62.2,0.));
#18119 = VECTOR('',#18120,1.);
#18120 = DIRECTION('',(0.,-1.));
#18121 = ( GEOMETRIC_REPRESENTATION_CONTEXT(2) 
PARAMETRIC_REPRESENTATION_CONTEXT() REPRESENTATION_CONTEXT('2D SPACE',''
  ) );
#18122 = ADVANCED_FACE('',(#18123),#16896,.F.);
#18123 = FACE_BOUND('',#18124,.F.);
#18124 = EDGE_LOOP('',(#18125,#18126,#18149,#18170));
#18125 = ORIENTED_EDGE('',*,*,#16880,.F.);
#18126 = ORIENTED_EDGE('',*,*,#18127,.T.);
#18127 = EDGE_CURVE('',#16853,#18128,#18130,.T.);
#18128 = VERTEX_POINT('',#18129);
#18129 = CARTESIAN_POINT('',(55.4,2.55,-3.5));
#18130 = SURFACE_CURVE('',#18131,(#18135,#18142),.PCURVE_S1.);
#18131 = LINE('',#18132,#18133);
#18132 = CARTESIAN_POINT('',(55.4,2.55,0.));
#18133 = VECTOR('',#18134,1.);
#18134 = DIRECTION('',(-0.,-0.,-1.));
#18135 = PCURVE('',#16896,#18136);
#18136 = DEFINITIONAL_REPRESENTATION('',(#18137),#18141);
#18137 = LINE('',#18138,#18139);
#18138 = CARTESIAN_POINT('',(0.,0.));
#18139 = VECTOR('',#18140,1.);
#18140 = DIRECTION('',(0.,-1.));
#18141 = ( GEOMETRIC_REPRESENTATION_CONTEXT(2) 
PARAMETRIC_REPRESENTATION_CONTEXT() REPRESENTATION_CONTEXT('2D SPACE',''
  ) );
#18142 = PCURVE('',#16868,#18143);
#18143 = DEFINITIONAL_REPRESENTATION('',(#18144),#18148);
#18144 = LINE('',#18145,#18146);
#18145 = CARTESIAN_POINT('',(51.4,0.));
#18146 = VECTOR('',#18147,1.);
#18147 = DIRECTION('',(0.,-1.));
#18148 = ( GEOMETRIC_REPRESENTATION_CONTEXT(2) 
PARAMETRIC_REPRESENTATION_CONTEXT() REPRESENTATION_CONTEXT('2D SPACE',''
  ) );
#18149 = ORIENTED_EDGE('',*,*,#18150,.T.);
#18150 = EDGE_CURVE('',#18128,#18025,#18151,.T.);
#18151 = SURFACE_CURVE('',#18152,(#18156,#18163),.PCURVE_S1.);
#18152 = LINE('',#18153,#18154);
#18153 = CARTESIAN_POINT('',(45.583333333333,-7.266666666667,
    6.316666666667));
#18154 = VECTOR('',#18155,1.);
#18155 = DIRECTION('',(-0.57735026919,-0.57735026919,0.57735026919));
#18156 = PCURVE('',#16896,#18157);
#18157 = DEFINITIONAL_REPRESENTATION('',(#18158),#18162);
#18158 = LINE('',#18159,#18160);
#18159 = CARTESIAN_POINT('',(13.882863137296,6.316666666667));
#18160 = VECTOR('',#18161,1.);
#18161 = DIRECTION('',(0.816496580928,0.57735026919));
#18162 = ( GEOMETRIC_REPRESENTATION_CONTEXT(2) 
PARAMETRIC_REPRESENTATION_CONTEXT() REPRESENTATION_CONTEXT('2D SPACE',''
  ) );
#18163 = PCURVE('',#17312,#18164);
#18164 = DEFINITIONAL_REPRESENTATION('',(#18165),#18169);
#18165 = LINE('',#18166,#18167);
#18166 = CARTESIAN_POINT('',(14.589969918483,-46.58333333333));
#18167 = VECTOR('',#18168,1.);
#18168 = DIRECTION('',(0.816496580928,0.57735026919));
#18169 = ( GEOMETRIC_REPRESENTATION_CONTEXT(2) 
PARAMETRIC_REPRESENTATION_CONTEXT() REPRESENTATION_CONTEXT('2D SPACE',''
  ) );
#18170 = ORIENTED_EDGE('',*,*,#18024,.F.);
#18171 = ADVANCED_FACE('',(#18172),#16244,.T.);
#18172 = FACE_BOUND('',#18173,.T.);
#18173 = EDGE_LOOP('',(#18174,#18197,#18218,#18219));
#18174 = ORIENTED_EDGE('',*,*,#18175,.T.);
#18175 = EDGE_CURVE('',#16229,#18176,#18178,.T.);
#18176 = VERTEX_POINT('',#18177);
#18177 = CARTESIAN_POINT('',(5.3,40.249999996933,-4.));
#18178 = SURFACE_CURVE('',#18179,(#18183,#18190),.PCURVE_S1.);
#18179 = LINE('',#18180,#18181);
#18180 = CARTESIAN_POINT('',(5.3,40.249999996933,0.));
#18181 = VECTOR('',#18182,1.);
#18182 = DIRECTION('',(-0.,-0.,-1.));
#18183 = PCURVE('',#16244,#18184);
#18184 = DEFINITIONAL_REPRESENTATION('',(#18185),#18189);
#18185 = LINE('',#18186,#18187);
#18186 = CARTESIAN_POINT('',(0.,0.));
#18187 = VECTOR('',#18188,1.);
#18188 = DIRECTION('',(0.,-1.));
#18189 = ( GEOMETRIC_REPRESENTATION_CONTEXT(2) 
PARAMETRIC_REPRESENTATION_CONTEXT() REPRESENTATION_CONTEXT('2D SPACE',''
  ) );
#18190 = PCURVE('',#16277,#18191);
#18191 = DEFINITIONAL_REPRESENTATION('',(#18192),#18196);
#18192 = LINE('',#18193,#18194);
#18193 = CARTESIAN_POINT('',(4.712388980385,0.));
#18194 = VECTOR('',#18195,1.);
#18195 = DIRECTION('',(-0.,-1.));
#18196 = ( GEOMETRIC_REPRESENTATION_CONTEXT(2) 
PARAMETRIC_REPRESENTATION_CONTEXT() REPRESENTATION_CONTEXT('2D SPACE',''
  ) );
#18197 = ORIENTED_EDGE('',*,*,#18198,.T.);
#18198 = EDGE_CURVE('',#18176,#18075,#18199,.T.);
#18199 = SURFACE_CURVE('',#18200,(#18204,#18211),.PCURVE_S1.);
#18200 = LINE('',#18201,#18202);
#18201 = CARTESIAN_POINT('',(36.4,40.250000000003,-4.));
#18202 = VECTOR('',#18203,1.);
#18203 = DIRECTION('',(1.,0.,0.));
#18204 = PCURVE('',#16244,#18205);
#18205 = DEFINITIONAL_REPRESENTATION('',(#18206),#18210);
#18206 = LINE('',#18207,#18208);
#18207 = CARTESIAN_POINT('',(31.1,-4.));
#18208 = VECTOR('',#18209,1.);
#18209 = DIRECTION('',(1.,0.));
#18210 = ( GEOMETRIC_REPRESENTATION_CONTEXT(2) 
PARAMETRIC_REPRESENTATION_CONTEXT() REPRESENTATION_CONTEXT('2D SPACE',''
  ) );
#18211 = PCURVE('',#17487,#18212);
#18212 = DEFINITIONAL_REPRESENTATION('',(#18213),#18217);
#18213 = LINE('',#18214,#18215);
#18214 = CARTESIAN_POINT('',(0.,17.850000001268));
#18215 = VECTOR('',#18216,1.);
#18216 = DIRECTION('',(1.,0.));
#18217 = ( GEOMETRIC_REPRESENTATION_CONTEXT(2) 
PARAMETRIC_REPRESENTATION_CONTEXT() REPRESENTATION_CONTEXT('2D SPACE',''
  ) );
#18218 = ORIENTED_EDGE('',*,*,#18102,.F.);
#18219 = ORIENTED_EDGE('',*,*,#16228,.F.);
#18220 = ADVANCED_FACE('',(#18221),#16868,.T.);
#18221 = FACE_BOUND('',#18222,.T.);
#18222 = EDGE_LOOP('',(#18223,#18224,#18225,#18248));
#18223 = ORIENTED_EDGE('',*,*,#16852,.F.);
#18224 = ORIENTED_EDGE('',*,*,#18127,.T.);
#18225 = ORIENTED_EDGE('',*,*,#18226,.T.);
#18226 = EDGE_CURVE('',#18128,#18227,#18229,.T.);
#18227 = VERTEX_POINT('',#18228);
#18228 = CARTESIAN_POINT('',(68.8,2.55,-3.5));
#18229 = SURFACE_CURVE('',#18230,(#18234,#18241),.PCURVE_S1.);
#18230 = LINE('',#18231,#18232);
#18231 = CARTESIAN_POINT('',(1.5,2.550000000001,-3.500000000001));
#18232 = VECTOR('',#18233,1.);
#18233 = DIRECTION('',(1.,0.,0.));
#18234 = PCURVE('',#16868,#18235);
#18235 = DEFINITIONAL_REPRESENTATION('',(#18236),#18240);
#18236 = LINE('',#18237,#18238);
#18237 = CARTESIAN_POINT('',(-2.5,-3.500000000001));
#18238 = VECTOR('',#18239,1.);
#18239 = DIRECTION('',(1.,0.));
#18240 = ( GEOMETRIC_REPRESENTATION_CONTEXT(2) 
PARAMETRIC_REPRESENTATION_CONTEXT() REPRESENTATION_CONTEXT('2D SPACE',''
  ) );
#18241 = PCURVE('',#17312,#18242);
#18242 = DEFINITIONAL_REPRESENTATION('',(#18243),#18247);
#18243 = LINE('',#18244,#18245);
#18244 = CARTESIAN_POINT('',(0.707106781185,-2.5));
#18245 = VECTOR('',#18246,1.);
#18246 = DIRECTION('',(0.,-1.));
#18247 = ( GEOMETRIC_REPRESENTATION_CONTEXT(2) 
PARAMETRIC_REPRESENTATION_CONTEXT() REPRESENTATION_CONTEXT('2D SPACE',''
  ) );
#18248 = ORIENTED_EDGE('',*,*,#18249,.F.);
#18249 = EDGE_CURVE('',#16824,#18227,#18250,.T.);
#18250 = SURFACE_CURVE('',#18251,(#18255,#18262),.PCURVE_S1.);
#18251 = LINE('',#18252,#18253);
#18252 = CARTESIAN_POINT('',(68.8,2.55,0.));
#18253 = VECTOR('',#18254,1.);
#18254 = DIRECTION('',(-0.,-0.,-1.));
#18255 = PCURVE('',#16868,#18256);
#18256 = DEFINITIONAL_REPRESENTATION('',(#18257),#18261);
#18257 = LINE('',#18258,#18259);
#18258 = CARTESIAN_POINT('',(64.8,0.));
#18259 = VECTOR('',#18260,1.);
#18260 = DIRECTION('',(0.,-1.));
#18261 = ( GEOMETRIC_REPRESENTATION_CONTEXT(2) 
PARAMETRIC_REPRESENTATION_CONTEXT() REPRESENTATION_CONTEXT('2D SPACE',''
  ) );
#18262 = PCURVE('',#16840,#18263);
#18263 = DEFINITIONAL_REPRESENTATION('',(#18264),#18268);
#18264 = LINE('',#18265,#18266);
#18265 = CARTESIAN_POINT('',(4.712388980385,0.));
#18266 = VECTOR('',#18267,1.);
#18267 = DIRECTION('',(0.,-1.));
#18268 = ( GEOMETRIC_REPRESENTATION_CONTEXT(2) 
PARAMETRIC_REPRESENTATION_CONTEXT() REPRESENTATION_CONTEXT('2D SPACE',''
  ) );
#18269 = ADVANCED_FACE('',(#18270),#16277,.F.);
#18270 = FACE_BOUND('',#18271,.F.);
#18271 = EDGE_LOOP('',(#18272,#18273,#18274,#18302));
#18272 = ORIENTED_EDGE('',*,*,#16256,.T.);
#18273 = ORIENTED_EDGE('',*,*,#18175,.T.);
#18274 = ORIENTED_EDGE('',*,*,#18275,.F.);
#18275 = EDGE_CURVE('',#18276,#18176,#18278,.T.);
#18276 = VERTEX_POINT('',#18277);
#18277 = CARTESIAN_POINT('',(4.55,39.499999993862,-4.));
#18278 = SURFACE_CURVE('',#18279,(#18284,#18291),.PCURVE_S1.);
#18279 = CIRCLE('',#18280,0.75);
#18280 = AXIS2_PLACEMENT_3D('',#18281,#18282,#18283);
#18281 = CARTESIAN_POINT('',(5.3,39.499999993862,-4.));
#18282 = DIRECTION('',(0.,0.,-1.));
#18283 = DIRECTION('',(-1.,0.,0.));
#18284 = PCURVE('',#16277,#18285);
#18285 = DEFINITIONAL_REPRESENTATION('',(#18286),#18290);
#18286 = LINE('',#18287,#18288);
#18287 = CARTESIAN_POINT('',(6.28318530718,-4.));
#18288 = VECTOR('',#18289,1.);
#18289 = DIRECTION('',(-1.,0.));
#18290 = ( GEOMETRIC_REPRESENTATION_CONTEXT(2) 
PARAMETRIC_REPRESENTATION_CONTEXT() REPRESENTATION_CONTEXT('2D SPACE',''
  ) );
#18291 = PCURVE('',#17487,#18292);
#18292 = DEFINITIONAL_REPRESENTATION('',(#18293),#18301);
#18293 = ( BOUNDED_CURVE() B_SPLINE_CURVE(2,(#18294,#18295,#18296,#18297
    ,#18298,#18299,#18300),.UNSPECIFIED.,.T.,.F.) 
B_SPLINE_CURVE_WITH_KNOTS((1,2,2,2,2,1),(-2.094395102393,0.,
    2.094395102393,4.188790204786,6.28318530718,8.377580409573),
.UNSPECIFIED.) CURVE() GEOMETRIC_REPRESENTATION_ITEM() 
RATIONAL_B_SPLINE_CURVE((1.,0.5,1.,0.5,1.,0.5,1.)) REPRESENTATION_ITEM(
  '') );
#18294 = CARTESIAN_POINT('',(-31.85,17.099999995127));
#18295 = CARTESIAN_POINT('',(-31.85,18.399038100804));
#18296 = CARTESIAN_POINT('',(-30.725,17.749519047965));
#18297 = CARTESIAN_POINT('',(-29.6,17.099999995127));
#18298 = CARTESIAN_POINT('',(-30.725,16.450480942289));
#18299 = CARTESIAN_POINT('',(-31.85,15.80096188945));
#18300 = CARTESIAN_POINT('',(-31.85,17.099999995127));
#18301 = ( GEOMETRIC_REPRESENTATION_CONTEXT(2) 
PARAMETRIC_REPRESENTATION_CONTEXT() REPRESENTATION_CONTEXT('2D SPACE',''
  ) );
#18302 = ORIENTED_EDGE('',*,*,#18303,.F.);
#18303 = EDGE_CURVE('',#16257,#18276,#18304,.T.);
#18304 = SURFACE_CURVE('',#18305,(#18309,#18316),.PCURVE_S1.);
#18305 = LINE('',#18306,#18307);
#18306 = CARTESIAN_POINT('',(4.55,39.499999993862,0.));
#18307 = VECTOR('',#18308,1.);
#18308 = DIRECTION('',(-0.,-0.,-1.));
#18309 = PCURVE('',#16277,#18310);
#18310 = DEFINITIONAL_REPRESENTATION('',(#18311),#18315);
#18311 = LINE('',#18312,#18313);
#18312 = CARTESIAN_POINT('',(6.28318530718,0.));
#18313 = VECTOR('',#18314,1.);
#18314 = DIRECTION('',(-0.,-1.));
#18315 = ( GEOMETRIC_REPRESENTATION_CONTEXT(2) 
PARAMETRIC_REPRESENTATION_CONTEXT() REPRESENTATION_CONTEXT('2D SPACE',''
  ) );
#18316 = PCURVE('',#16305,#18317);
#18317 = DEFINITIONAL_REPRESENTATION('',(#18318),#18322);
#18318 = LINE('',#18319,#18320);
#18319 = CARTESIAN_POINT('',(34.199999993865,0.));
#18320 = VECTOR('',#18321,1.);
#18321 = DIRECTION('',(0.,-1.));
#18322 = ( GEOMETRIC_REPRESENTATION_CONTEXT(2) 
PARAMETRIC_REPRESENTATION_CONTEXT() REPRESENTATION_CONTEXT('2D SPACE',''
  ) );
#18323 = ADVANCED_FACE('',(#18324),#16840,.T.);
#18324 = FACE_BOUND('',#18325,.T.);
#18325 = EDGE_LOOP('',(#18326,#18327,#18328,#18356,#18389));
#18326 = ORIENTED_EDGE('',*,*,#16823,.F.);
#18327 = ORIENTED_EDGE('',*,*,#18249,.T.);
#18328 = ORIENTED_EDGE('',*,*,#18329,.F.);
#18329 = EDGE_CURVE('',#18330,#18227,#18332,.T.);
#18330 = VERTEX_POINT('',#18331);
#18331 = CARTESIAN_POINT('',(69.825304832721,2.974695167279,
    -3.924695167279));
#18332 = SURFACE_CURVE('',#18333,(#18338,#18349),.PCURVE_S1.);
#18333 = ELLIPSE('',#18334,2.050609665441,1.45);
#18334 = AXIS2_PLACEMENT_3D('',#18335,#18336,#18337);
#18335 = CARTESIAN_POINT('',(68.8,3.999999999999,-4.949999999999));
#18336 = DIRECTION('',(0.,-0.707106781187,-0.707106781187));
#18337 = DIRECTION('',(0.,-0.707106781187,0.707106781187));
#18338 = PCURVE('',#16840,#18339);
#18339 = DEFINITIONAL_REPRESENTATION('',(#18340),#18348);
#18340 = B_SPLINE_CURVE_WITH_KNOTS('',6,(#18341,#18342,#18343,#18344,
    #18345,#18346,#18347),.UNSPECIFIED.,.F.,.F.,(7,7),(5.497787143782,
    6.28318530718),.PIECEWISE_BEZIER_KNOTS.);
#18341 = CARTESIAN_POINT('',(5.497787140546,-3.924695173915));
#18342 = CARTESIAN_POINT('',(5.366887447186,-3.790483102272));
#18343 = CARTESIAN_POINT('',(5.235987753826,-3.677352948597));
#18344 = CARTESIAN_POINT('',(5.105088060465,-3.589443904151));
#18345 = CARTESIAN_POINT('',(4.974188367105,-3.529814251264));
#18346 = CARTESIAN_POINT('',(4.843288673745,-3.499999999999));
#18347 = CARTESIAN_POINT('',(4.712388980385,-3.499999999999));
#18348 = ( GEOMETRIC_REPRESENTATION_CONTEXT(2) 
PARAMETRIC_REPRESENTATION_CONTEXT() REPRESENTATION_CONTEXT('2D SPACE',''
  ) );
#18349 = PCURVE('',#17312,#18350);
#18350 = DEFINITIONAL_REPRESENTATION('',(#18351),#18355);
#18351 = ELLIPSE('',#18352,2.050609665441,1.45);
#18352 = AXIS2_PLACEMENT_2D('',#18353,#18354);
#18353 = CARTESIAN_POINT('',(-1.343502884253,-69.8));
#18354 = DIRECTION('',(1.,0.));
#18355 = ( GEOMETRIC_REPRESENTATION_CONTEXT(2) 
PARAMETRIC_REPRESENTATION_CONTEXT() REPRESENTATION_CONTEXT('2D SPACE',''
  ) );
#18356 = ORIENTED_EDGE('',*,*,#18357,.T.);
#18357 = EDGE_CURVE('',#18330,#18358,#18360,.T.);
#18358 = VERTEX_POINT('',#18359);
#18359 = CARTESIAN_POINT('',(70.25,3.999999999999,-3.5));
#18360 = SURFACE_CURVE('',#18361,(#18366,#18377),.PCURVE_S1.);
#18361 = ELLIPSE('',#18362,2.050609665441,1.45);
#18362 = AXIS2_PLACEMENT_3D('',#18363,#18364,#18365);
#18363 = CARTESIAN_POINT('',(68.8,3.999999999999,-4.95));
#18364 = DIRECTION('',(-0.707106781187,0.,0.707106781187));
#18365 = DIRECTION('',(0.707106781187,0.,0.707106781187));
#18366 = PCURVE('',#16840,#18367);
#18367 = DEFINITIONAL_REPRESENTATION('',(#18368),#18376);
#18368 = B_SPLINE_CURVE_WITH_KNOTS('',6,(#18369,#18370,#18371,#18372,
    #18373,#18374,#18375),.UNSPECIFIED.,.F.,.F.,(7,7),(5.497787143783,
    6.28318530718),.PIECEWISE_BEZIER_KNOTS.);
#18369 = CARTESIAN_POINT('',(5.497787147019,-3.924695173915));
#18370 = CARTESIAN_POINT('',(5.628686840379,-3.790483102273));
#18371 = CARTESIAN_POINT('',(5.759586533739,-3.677352948598));
#18372 = CARTESIAN_POINT('',(5.890486227099,-3.589443904152));
#18373 = CARTESIAN_POINT('',(6.02138592046,-3.529814251266));
#18374 = CARTESIAN_POINT('',(6.152285613819,-3.5));
#18375 = CARTESIAN_POINT('',(6.28318530718,-3.5));
#18376 = ( GEOMETRIC_REPRESENTATION_CONTEXT(2) 
PARAMETRIC_REPRESENTATION_CONTEXT() REPRESENTATION_CONTEXT('2D SPACE',''
  ) );
#18377 = PCURVE('',#18378,#18383);
#18378 = PLANE('',#18379);
#18379 = AXIS2_PLACEMENT_3D('',#18380,#18381,#18382);
#18380 = CARTESIAN_POINT('',(69.75,45.8,-4.));
#18381 = DIRECTION('',(-0.707106781187,0.,0.707106781187));
#18382 = DIRECTION('',(0.707106781187,0.,0.707106781187));
#18383 = DEFINITIONAL_REPRESENTATION('',(#18384),#18388);
#18384 = ELLIPSE('',#18385,2.050609665441,1.45);
#18385 = AXIS2_PLACEMENT_2D('',#18386,#18387);
#18386 = CARTESIAN_POINT('',(-1.343502884254,-41.8));
#18387 = DIRECTION('',(1.,0.));
#18388 = ( GEOMETRIC_REPRESENTATION_CONTEXT(2) 
PARAMETRIC_REPRESENTATION_CONTEXT() REPRESENTATION_CONTEXT('2D SPACE',''
  ) );
#18389 = ORIENTED_EDGE('',*,*,#18390,.F.);
#18390 = EDGE_CURVE('',#16796,#18358,#18391,.T.);
#18391 = SURFACE_CURVE('',#18392,(#18396,#18403),.PCURVE_S1.);
#18392 = LINE('',#18393,#18394);
#18393 = CARTESIAN_POINT('',(70.25,3.999999999999,0.));
#18394 = VECTOR('',#18395,1.);
#18395 = DIRECTION('',(-0.,-0.,-1.));
#18396 = PCURVE('',#16840,#18397);
#18397 = DEFINITIONAL_REPRESENTATION('',(#18398),#18402);
#18398 = LINE('',#18399,#18400);
#18399 = CARTESIAN_POINT('',(6.28318530718,0.));
#18400 = VECTOR('',#18401,1.);
#18401 = DIRECTION('',(0.,-1.));
#18402 = ( GEOMETRIC_REPRESENTATION_CONTEXT(2) 
PARAMETRIC_REPRESENTATION_CONTEXT() REPRESENTATION_CONTEXT('2D SPACE',''
  ) );
#18403 = PCURVE('',#16811,#18404);
#18404 = DEFINITIONAL_REPRESENTATION('',(#18405),#18409);
#18405 = LINE('',#18406,#18407);
#18406 = CARTESIAN_POINT('',(0.,0.));
#18407 = VECTOR('',#18408,1.);
#18408 = DIRECTION('',(0.,-1.));
#18409 = ( GEOMETRIC_REPRESENTATION_CONTEXT(2) 
PARAMETRIC_REPRESENTATION_CONTEXT() REPRESENTATION_CONTEXT('2D SPACE',''
  ) );
#18410 = ADVANCED_FACE('',(#18411),#16305,.T.);
#18411 = FACE_BOUND('',#18412,.T.);
#18412 = EDGE_LOOP('',(#18413,#18414,#18437,#18458));
#18413 = ORIENTED_EDGE('',*,*,#16289,.F.);
#18414 = ORIENTED_EDGE('',*,*,#18415,.T.);
#18415 = EDGE_CURVE('',#16290,#18416,#18418,.T.);
#18416 = VERTEX_POINT('',#18417);
#18417 = CARTESIAN_POINT('',(4.55,24.86,-4.));
#18418 = SURFACE_CURVE('',#18419,(#18423,#18430),.PCURVE_S1.);
#18419 = LINE('',#18420,#18421);
#18420 = CARTESIAN_POINT('',(4.55,24.86,0.));
#18421 = VECTOR('',#18422,1.);
#18422 = DIRECTION('',(0.,0.,-1.));
#18423 = PCURVE('',#16305,#18424);
#18424 = DEFINITIONAL_REPRESENTATION('',(#18425),#18429);
#18425 = LINE('',#18426,#18427);
#18426 = CARTESIAN_POINT('',(19.560000000003,0.));
#18427 = VECTOR('',#18428,1.);
#18428 = DIRECTION('',(0.,-1.));
#18429 = ( GEOMETRIC_REPRESENTATION_CONTEXT(2) 
PARAMETRIC_REPRESENTATION_CONTEXT() REPRESENTATION_CONTEXT('2D SPACE',''
  ) );
#18430 = PCURVE('',#16333,#18431);
#18431 = DEFINITIONAL_REPRESENTATION('',(#18432),#18436);
#18432 = LINE('',#18433,#18434);
#18433 = CARTESIAN_POINT('',(3.05,0.));
#18434 = VECTOR('',#18435,1.);
#18435 = DIRECTION('',(0.,-1.));
#18436 = ( GEOMETRIC_REPRESENTATION_CONTEXT(2) 
PARAMETRIC_REPRESENTATION_CONTEXT() REPRESENTATION_CONTEXT('2D SPACE',''
  ) );
#18437 = ORIENTED_EDGE('',*,*,#18438,.T.);
#18438 = EDGE_CURVE('',#18416,#18276,#18439,.T.);
#18439 = SURFACE_CURVE('',#18440,(#18444,#18451),.PCURVE_S1.);
#18440 = LINE('',#18441,#18442);
#18441 = CARTESIAN_POINT('',(4.55,22.400000000003,-4.));
#18442 = VECTOR('',#18443,1.);
#18443 = DIRECTION('',(0.,1.,0.));
#18444 = PCURVE('',#16305,#18445);
#18445 = DEFINITIONAL_REPRESENTATION('',(#18446),#18450);
#18446 = LINE('',#18447,#18448);
#18447 = CARTESIAN_POINT('',(17.100000000006,-4.));
#18448 = VECTOR('',#18449,1.);
#18449 = DIRECTION('',(1.,0.));
#18450 = ( GEOMETRIC_REPRESENTATION_CONTEXT(2) 
PARAMETRIC_REPRESENTATION_CONTEXT() REPRESENTATION_CONTEXT('2D SPACE',''
  ) );
#18451 = PCURVE('',#17487,#18452);
#18452 = DEFINITIONAL_REPRESENTATION('',(#18453),#18457);
#18453 = LINE('',#18454,#18455);
#18454 = CARTESIAN_POINT('',(-31.85,1.267999039101E-09));
#18455 = VECTOR('',#18456,1.);
#18456 = DIRECTION('',(0.,1.));
#18457 = ( GEOMETRIC_REPRESENTATION_CONTEXT(2) 
PARAMETRIC_REPRESENTATION_CONTEXT() REPRESENTATION_CONTEXT('2D SPACE',''
  ) );
#18458 = ORIENTED_EDGE('',*,*,#18303,.F.);
#18459 = ADVANCED_FACE('',(#18460),#16811,.T.);
#18460 = FACE_BOUND('',#18461,.T.);
#18461 = EDGE_LOOP('',(#18462,#18463,#18464,#18487));
#18462 = ORIENTED_EDGE('',*,*,#16795,.F.);
#18463 = ORIENTED_EDGE('',*,*,#18390,.T.);
#18464 = ORIENTED_EDGE('',*,*,#18465,.F.);
#18465 = EDGE_CURVE('',#18466,#18358,#18468,.T.);
#18466 = VERTEX_POINT('',#18467);
#18467 = CARTESIAN_POINT('',(70.25,19.4,-3.5));
#18468 = SURFACE_CURVE('',#18469,(#18473,#18480),.PCURVE_S1.);
#18469 = LINE('',#18470,#18471);
#18470 = CARTESIAN_POINT('',(70.25,24.899999999999,-3.5));
#18471 = VECTOR('',#18472,1.);
#18472 = DIRECTION('',(0.,-1.,0.));
#18473 = PCURVE('',#16811,#18474);
#18474 = DEFINITIONAL_REPRESENTATION('',(#18475),#18479);
#18475 = LINE('',#18476,#18477);
#18476 = CARTESIAN_POINT('',(20.9,-3.5));
#18477 = VECTOR('',#18478,1.);
#18478 = DIRECTION('',(-1.,0.));
#18479 = ( GEOMETRIC_REPRESENTATION_CONTEXT(2) 
PARAMETRIC_REPRESENTATION_CONTEXT() REPRESENTATION_CONTEXT('2D SPACE',''
  ) );
#18480 = PCURVE('',#18378,#18481);
#18481 = DEFINITIONAL_REPRESENTATION('',(#18482),#18486);
#18482 = LINE('',#18483,#18484);
#18483 = CARTESIAN_POINT('',(0.707106781187,-20.9));
#18484 = VECTOR('',#18485,1.);
#18485 = DIRECTION('',(0.,-1.));
#18486 = ( GEOMETRIC_REPRESENTATION_CONTEXT(2) 
PARAMETRIC_REPRESENTATION_CONTEXT() REPRESENTATION_CONTEXT('2D SPACE',''
  ) );
#18487 = ORIENTED_EDGE('',*,*,#18488,.F.);
#18488 = EDGE_CURVE('',#16768,#18466,#18489,.T.);
#18489 = SURFACE_CURVE('',#18490,(#18494,#18501),.PCURVE_S1.);
#18490 = LINE('',#18491,#18492);
#18491 = CARTESIAN_POINT('',(70.25,19.4,0.));
#18492 = VECTOR('',#18493,1.);
#18493 = DIRECTION('',(-0.,-0.,-1.));
#18494 = PCURVE('',#16811,#18495);
#18495 = DEFINITIONAL_REPRESENTATION('',(#18496),#18500);
#18496 = LINE('',#18497,#18498);
#18497 = CARTESIAN_POINT('',(15.400000000001,0.));
#18498 = VECTOR('',#18499,1.);
#18499 = DIRECTION('',(0.,-1.));
#18500 = ( GEOMETRIC_REPRESENTATION_CONTEXT(2) 
PARAMETRIC_REPRESENTATION_CONTEXT() REPRESENTATION_CONTEXT('2D SPACE',''
  ) );
#18501 = PCURVE('',#16783,#18502);
#18502 = DEFINITIONAL_REPRESENTATION('',(#18503),#18507);
#18503 = LINE('',#18504,#18505);
#18504 = CARTESIAN_POINT('',(0.353553390593,0.));
#18505 = VECTOR('',#18506,1.);
#18506 = DIRECTION('',(0.,-1.));
#18507 = ( GEOMETRIC_REPRESENTATION_CONTEXT(2) 
PARAMETRIC_REPRESENTATION_CONTEXT() REPRESENTATION_CONTEXT('2D SPACE',''
  ) );
#18508 = ADVANCED_FACE('',(#18509),#16333,.T.);
#18509 = FACE_BOUND('',#18510,.T.);
#18510 = EDGE_LOOP('',(#18511,#18512,#18535,#18563,#18584));
#18511 = ORIENTED_EDGE('',*,*,#16317,.F.);
#18512 = ORIENTED_EDGE('',*,*,#18513,.T.);
#18513 = EDGE_CURVE('',#16318,#18514,#18516,.T.);
#18514 = VERTEX_POINT('',#18515);
#18515 = CARTESIAN_POINT('',(2.55,24.86,-3.5));
#18516 = SURFACE_CURVE('',#18517,(#18521,#18528),.PCURVE_S1.);
#18517 = LINE('',#18518,#18519);
#18518 = CARTESIAN_POINT('',(2.55,24.86,0.));
#18519 = VECTOR('',#18520,1.);
#18520 = DIRECTION('',(0.,0.,-1.));
#18521 = PCURVE('',#16333,#18522);
#18522 = DEFINITIONAL_REPRESENTATION('',(#18523),#18527);
#18523 = LINE('',#18524,#18525);
#18524 = CARTESIAN_POINT('',(1.05,0.));
#18525 = VECTOR('',#18526,1.);
#18526 = DIRECTION('',(0.,-1.));
#18527 = ( GEOMETRIC_REPRESENTATION_CONTEXT(2) 
PARAMETRIC_REPRESENTATION_CONTEXT() REPRESENTATION_CONTEXT('2D SPACE',''
  ) );
#18528 = PCURVE('',#16361,#18529);
#18529 = DEFINITIONAL_REPRESENTATION('',(#18530),#18534);
#18530 = LINE('',#18531,#18532);
#18531 = CARTESIAN_POINT('',(20.860000000001,0.));
#18532 = VECTOR('',#18533,1.);
#18533 = DIRECTION('',(0.,-1.));
#18534 = ( GEOMETRIC_REPRESENTATION_CONTEXT(2) 
PARAMETRIC_REPRESENTATION_CONTEXT() REPRESENTATION_CONTEXT('2D SPACE',''
  ) );
#18535 = ORIENTED_EDGE('',*,*,#18536,.T.);
#18536 = EDGE_CURVE('',#18514,#18537,#18539,.T.);
#18537 = VERTEX_POINT('',#18538);
#18538 = CARTESIAN_POINT('',(3.05,24.86,-4.));
#18539 = SURFACE_CURVE('',#18540,(#18544,#18551),.PCURVE_S1.);
#18540 = LINE('',#18541,#18542);
#18541 = CARTESIAN_POINT('',(1.6625,24.86,-2.6125));
#18542 = VECTOR('',#18543,1.);
#18543 = DIRECTION('',(0.707106781187,0.,-0.707106781187));
#18544 = PCURVE('',#16333,#18545);
#18545 = DEFINITIONAL_REPRESENTATION('',(#18546),#18550);
#18546 = LINE('',#18547,#18548);
#18547 = CARTESIAN_POINT('',(0.1625,-2.6125));
#18548 = VECTOR('',#18549,1.);
#18549 = DIRECTION('',(0.707106781187,-0.707106781187));
#18550 = ( GEOMETRIC_REPRESENTATION_CONTEXT(2) 
PARAMETRIC_REPRESENTATION_CONTEXT() REPRESENTATION_CONTEXT('2D SPACE',''
  ) );
#18551 = PCURVE('',#18552,#18557);
#18552 = PLANE('',#18553);
#18553 = AXIS2_PLACEMENT_3D('',#18554,#18555,#18556);
#18554 = CARTESIAN_POINT('',(3.05,45.8,-4.));
#18555 = DIRECTION('',(-0.707106781187,-0.,-0.707106781187));
#18556 = DIRECTION('',(-0.707106781187,0.,0.707106781187));
#18557 = DEFINITIONAL_REPRESENTATION('',(#18558),#18562);
#18558 = LINE('',#18559,#18560);
#18559 = CARTESIAN_POINT('',(1.962221317793,-20.94));
#18560 = VECTOR('',#18561,1.);
#18561 = DIRECTION('',(-1.,0.));
#18562 = ( GEOMETRIC_REPRESENTATION_CONTEXT(2) 
PARAMETRIC_REPRESENTATION_CONTEXT() REPRESENTATION_CONTEXT('2D SPACE',''
  ) );
#18563 = ORIENTED_EDGE('',*,*,#18564,.T.);
#18564 = EDGE_CURVE('',#18537,#18416,#18565,.T.);
#18565 = SURFACE_CURVE('',#18566,(#18570,#18577),.PCURVE_S1.);
#18566 = LINE('',#18567,#18568);
#18567 = CARTESIAN_POINT('',(18.95,24.86,-4.));
#18568 = VECTOR('',#18569,1.);
#18569 = DIRECTION('',(1.,0.,-0.));
#18570 = PCURVE('',#16333,#18571);
#18571 = DEFINITIONAL_REPRESENTATION('',(#18572),#18576);
#18572 = LINE('',#18573,#18574);
#18573 = CARTESIAN_POINT('',(17.45,-4.));
#18574 = VECTOR('',#18575,1.);
#18575 = DIRECTION('',(1.,0.));
#18576 = ( GEOMETRIC_REPRESENTATION_CONTEXT(2) 
PARAMETRIC_REPRESENTATION_CONTEXT() REPRESENTATION_CONTEXT('2D SPACE',''
  ) );
#18577 = PCURVE('',#17487,#18578);
#18578 = DEFINITIONAL_REPRESENTATION('',(#18579),#18583);
#18579 = LINE('',#18580,#18581);
#18580 = CARTESIAN_POINT('',(-17.45,2.460000001265));
#18581 = VECTOR('',#18582,1.);
#18582 = DIRECTION('',(1.,0.));
#18583 = ( GEOMETRIC_REPRESENTATION_CONTEXT(2) 
PARAMETRIC_REPRESENTATION_CONTEXT() REPRESENTATION_CONTEXT('2D SPACE',''
  ) );
#18584 = ORIENTED_EDGE('',*,*,#18415,.F.);
#18585 = ADVANCED_FACE('',(#18586),#16783,.F.);
#18586 = FACE_BOUND('',#18587,.F.);
#18587 = EDGE_LOOP('',(#18588,#18589,#18612,#18633));
#18588 = ORIENTED_EDGE('',*,*,#16767,.F.);
#18589 = ORIENTED_EDGE('',*,*,#18590,.T.);
#18590 = EDGE_CURVE('',#16740,#18591,#18593,.T.);
#18591 = VERTEX_POINT('',#18592);
#18592 = CARTESIAN_POINT('',(70.5,19.65,-3.25));
#18593 = SURFACE_CURVE('',#18594,(#18598,#18605),.PCURVE_S1.);
#18594 = LINE('',#18595,#18596);
#18595 = CARTESIAN_POINT('',(70.5,19.65,0.));
#18596 = VECTOR('',#18597,1.);
#18597 = DIRECTION('',(-0.,-0.,-1.));
#18598 = PCURVE('',#16783,#18599);
#18599 = DEFINITIONAL_REPRESENTATION('',(#18600),#18604);
#18600 = LINE('',#18601,#18602);
#18601 = CARTESIAN_POINT('',(0.,0.));
#18602 = VECTOR('',#18603,1.);
#18603 = DIRECTION('',(0.,-1.));
#18604 = ( GEOMETRIC_REPRESENTATION_CONTEXT(2) 
PARAMETRIC_REPRESENTATION_CONTEXT() REPRESENTATION_CONTEXT('2D SPACE',''
  ) );
#18605 = PCURVE('',#16755,#18606);
#18606 = DEFINITIONAL_REPRESENTATION('',(#18607),#18611);
#18607 = LINE('',#18608,#18609);
#18608 = CARTESIAN_POINT('',(5.5,0.));
#18609 = VECTOR('',#18610,1.);
#18610 = DIRECTION('',(0.,-1.));
#18611 = ( GEOMETRIC_REPRESENTATION_CONTEXT(2) 
PARAMETRIC_REPRESENTATION_CONTEXT() REPRESENTATION_CONTEXT('2D SPACE',''
  ) );
#18612 = ORIENTED_EDGE('',*,*,#18613,.F.);
#18613 = EDGE_CURVE('',#18466,#18591,#18614,.T.);
#18614 = SURFACE_CURVE('',#18615,(#18619,#18626),.PCURVE_S1.);
#18615 = LINE('',#18616,#18617);
#18616 = CARTESIAN_POINT('',(75.15,24.3,1.4));
#18617 = VECTOR('',#18618,1.);
#18618 = DIRECTION('',(0.57735026919,0.57735026919,0.57735026919));
#18619 = PCURVE('',#16783,#18620);
#18620 = DEFINITIONAL_REPRESENTATION('',(#18621),#18625);
#18621 = LINE('',#18622,#18623);
#18622 = CARTESIAN_POINT('',(-6.576093065035,1.4));
#18623 = VECTOR('',#18624,1.);
#18624 = DIRECTION('',(-0.816496580928,0.57735026919));
#18625 = ( GEOMETRIC_REPRESENTATION_CONTEXT(2) 
PARAMETRIC_REPRESENTATION_CONTEXT() REPRESENTATION_CONTEXT('2D SPACE',''
  ) );
#18626 = PCURVE('',#18378,#18627);
#18627 = DEFINITIONAL_REPRESENTATION('',(#18628),#18632);
#18628 = LINE('',#18629,#18630);
#18629 = CARTESIAN_POINT('',(7.636753236815,-21.5));
#18630 = VECTOR('',#18631,1.);
#18631 = DIRECTION('',(0.816496580928,0.57735026919));
#18632 = ( GEOMETRIC_REPRESENTATION_CONTEXT(2) 
PARAMETRIC_REPRESENTATION_CONTEXT() REPRESENTATION_CONTEXT('2D SPACE',''
  ) );
#18633 = ORIENTED_EDGE('',*,*,#18488,.F.);
#18634 = ADVANCED_FACE('',(#18635),#16361,.F.);
#18635 = FACE_BOUND('',#18636,.F.);
#18636 = EDGE_LOOP('',(#18637,#18638,#18639,#18662));
#18637 = ORIENTED_EDGE('',*,*,#16345,.F.);
#18638 = ORIENTED_EDGE('',*,*,#18513,.T.);
#18639 = ORIENTED_EDGE('',*,*,#18640,.T.);
#18640 = EDGE_CURVE('',#18514,#18641,#18643,.T.);
#18641 = VERTEX_POINT('',#18642);
#18642 = CARTESIAN_POINT('',(2.55,40.799999993499,-3.5));
#18643 = SURFACE_CURVE('',#18644,(#18648,#18655),.PCURVE_S1.);
#18644 = LINE('',#18645,#18646);
#18645 = CARTESIAN_POINT('',(2.55,24.899999999999,-3.5));
#18646 = VECTOR('',#18647,1.);
#18647 = DIRECTION('',(0.,1.,0.));
#18648 = PCURVE('',#16361,#18649);
#18649 = DEFINITIONAL_REPRESENTATION('',(#18650),#18654);
#18650 = LINE('',#18651,#18652);
#18651 = CARTESIAN_POINT('',(20.9,-3.5));
#18652 = VECTOR('',#18653,1.);
#18653 = DIRECTION('',(1.,0.));
#18654 = ( GEOMETRIC_REPRESENTATION_CONTEXT(2) 
PARAMETRIC_REPRESENTATION_CONTEXT() REPRESENTATION_CONTEXT('2D SPACE',''
  ) );
#18655 = PCURVE('',#18552,#18656);
#18656 = DEFINITIONAL_REPRESENTATION('',(#18657),#18661);
#18657 = LINE('',#18658,#18659);
#18658 = CARTESIAN_POINT('',(0.707106781187,-20.9));
#18659 = VECTOR('',#18660,1.);
#18660 = DIRECTION('',(0.,1.));
#18661 = ( GEOMETRIC_REPRESENTATION_CONTEXT(2) 
PARAMETRIC_REPRESENTATION_CONTEXT() REPRESENTATION_CONTEXT('2D SPACE',''
  ) );
#18662 = ORIENTED_EDGE('',*,*,#18663,.F.);
#18663 = EDGE_CURVE('',#16346,#18641,#18664,.T.);
#18664 = SURFACE_CURVE('',#18665,(#18669,#18676),.PCURVE_S1.);
#18665 = LINE('',#18666,#18667);
#18666 = CARTESIAN_POINT('',(2.55,40.799999993499,0.));
#18667 = VECTOR('',#18668,1.);
#18668 = DIRECTION('',(-0.,-0.,-1.));
#18669 = PCURVE('',#16361,#18670);
#18670 = DEFINITIONAL_REPRESENTATION('',(#18671),#18675);
#18671 = LINE('',#18672,#18673);
#18672 = CARTESIAN_POINT('',(36.7999999935,0.));
#18673 = VECTOR('',#18674,1.);
#18674 = DIRECTION('',(0.,-1.));
#18675 = ( GEOMETRIC_REPRESENTATION_CONTEXT(2) 
PARAMETRIC_REPRESENTATION_CONTEXT() REPRESENTATION_CONTEXT('2D SPACE',''
  ) );
#18676 = PCURVE('',#16390,#18677);
#18677 = DEFINITIONAL_REPRESENTATION('',(#18678),#18682);
#18678 = LINE('',#18679,#18680);
#18679 = CARTESIAN_POINT('',(3.14159265359,0.));
#18680 = VECTOR('',#18681,1.);
#18681 = DIRECTION('',(0.,-1.));
#18682 = ( GEOMETRIC_REPRESENTATION_CONTEXT(2) 
PARAMETRIC_REPRESENTATION_CONTEXT() REPRESENTATION_CONTEXT('2D SPACE',''
  ) );
#18683 = ADVANCED_FACE('',(#18684),#16755,.F.);
#18684 = FACE_BOUND('',#18685,.F.);
#18685 = EDGE_LOOP('',(#18686,#18687,#18710,#18731));
#18686 = ORIENTED_EDGE('',*,*,#16739,.F.);
#18687 = ORIENTED_EDGE('',*,*,#18688,.T.);
#18688 = EDGE_CURVE('',#16712,#18689,#18691,.T.);
#18689 = VERTEX_POINT('',#18690);
#18690 = CARTESIAN_POINT('',(70.5,25.15,-3.25));
#18691 = SURFACE_CURVE('',#18692,(#18696,#18703),.PCURVE_S1.);
#18692 = LINE('',#18693,#18694);
#18693 = CARTESIAN_POINT('',(70.5,25.15,0.));
#18694 = VECTOR('',#18695,1.);
#18695 = DIRECTION('',(-0.,-0.,-1.));
#18696 = PCURVE('',#16755,#18697);
#18697 = DEFINITIONAL_REPRESENTATION('',(#18698),#18702);
#18698 = LINE('',#18699,#18700);
#18699 = CARTESIAN_POINT('',(0.,0.));
#18700 = VECTOR('',#18701,1.);
#18701 = DIRECTION('',(0.,-1.));
#18702 = ( GEOMETRIC_REPRESENTATION_CONTEXT(2) 
PARAMETRIC_REPRESENTATION_CONTEXT() REPRESENTATION_CONTEXT('2D SPACE',''
  ) );
#18703 = PCURVE('',#16727,#18704);
#18704 = DEFINITIONAL_REPRESENTATION('',(#18705),#18709);
#18705 = LINE('',#18706,#18707);
#18706 = CARTESIAN_POINT('',(0.353553390593,0.));
#18707 = VECTOR('',#18708,1.);
#18708 = DIRECTION('',(0.,-1.));
#18709 = ( GEOMETRIC_REPRESENTATION_CONTEXT(2) 
PARAMETRIC_REPRESENTATION_CONTEXT() REPRESENTATION_CONTEXT('2D SPACE',''
  ) );
#18710 = ORIENTED_EDGE('',*,*,#18711,.F.);
#18711 = EDGE_CURVE('',#18591,#18689,#18712,.T.);
#18712 = SURFACE_CURVE('',#18713,(#18717,#18724),.PCURVE_S1.);
#18713 = LINE('',#18714,#18715);
#18714 = CARTESIAN_POINT('',(70.5,35.475,-3.25));
#18715 = VECTOR('',#18716,1.);
#18716 = DIRECTION('',(0.,1.,0.));
#18717 = PCURVE('',#16755,#18718);
#18718 = DEFINITIONAL_REPRESENTATION('',(#18719),#18723);
#18719 = LINE('',#18720,#18721);
#18720 = CARTESIAN_POINT('',(-10.325,-3.25));
#18721 = VECTOR('',#18722,1.);
#18722 = DIRECTION('',(-1.,0.));
#18723 = ( GEOMETRIC_REPRESENTATION_CONTEXT(2) 
PARAMETRIC_REPRESENTATION_CONTEXT() REPRESENTATION_CONTEXT('2D SPACE',''
  ) );
#18724 = PCURVE('',#18378,#18725);
#18725 = DEFINITIONAL_REPRESENTATION('',(#18726),#18730);
#18726 = LINE('',#18727,#18728);
#18727 = CARTESIAN_POINT('',(1.06066017178,-10.325));
#18728 = VECTOR('',#18729,1.);
#18729 = DIRECTION('',(0.,1.));
#18730 = ( GEOMETRIC_REPRESENTATION_CONTEXT(2) 
PARAMETRIC_REPRESENTATION_CONTEXT() REPRESENTATION_CONTEXT('2D SPACE',''
  ) );
#18731 = ORIENTED_EDGE('',*,*,#18590,.F.);
#18732 = ADVANCED_FACE('',(#18733),#16390,.T.);
#18733 = FACE_BOUND('',#18734,.T.);
#18734 = EDGE_LOOP('',(#18735,#18736,#18759,#18792,#18818));
#18735 = ORIENTED_EDGE('',*,*,#16373,.F.);
#18736 = ORIENTED_EDGE('',*,*,#18737,.T.);
#18737 = EDGE_CURVE('',#16374,#18738,#18740,.T.);
#18738 = VERTEX_POINT('',#18739);
#18739 = CARTESIAN_POINT('',(4.,42.24999999675,-3.50000000325));
#18740 = SURFACE_CURVE('',#18741,(#18745,#18752),.PCURVE_S1.);
#18741 = LINE('',#18742,#18743);
#18742 = CARTESIAN_POINT('',(4.,42.24999999675,0.));
#18743 = VECTOR('',#18744,1.);
#18744 = DIRECTION('',(-0.,-0.,-1.));
#18745 = PCURVE('',#16390,#18746);
#18746 = DEFINITIONAL_REPRESENTATION('',(#18747),#18751);
#18747 = LINE('',#18748,#18749);
#18748 = CARTESIAN_POINT('',(1.570796326795,0.));
#18749 = VECTOR('',#18750,1.);
#18750 = DIRECTION('',(0.,-1.));
#18751 = ( GEOMETRIC_REPRESENTATION_CONTEXT(2) 
PARAMETRIC_REPRESENTATION_CONTEXT() REPRESENTATION_CONTEXT('2D SPACE',''
  ) );
#18752 = PCURVE('',#16418,#18753);
#18753 = DEFINITIONAL_REPRESENTATION('',(#18754),#18758);
#18754 = LINE('',#18755,#18756);
#18755 = CARTESIAN_POINT('',(0.,0.));
#18756 = VECTOR('',#18757,1.);
#18757 = DIRECTION('',(0.,-1.));
#18758 = ( GEOMETRIC_REPRESENTATION_CONTEXT(2) 
PARAMETRIC_REPRESENTATION_CONTEXT() REPRESENTATION_CONTEXT('2D SPACE',''
  ) );
#18759 = ORIENTED_EDGE('',*,*,#18760,.T.);
#18760 = EDGE_CURVE('',#18738,#18761,#18763,.T.);
#18761 = VERTEX_POINT('',#18762);
#18762 = CARTESIAN_POINT('',(2.97469517053,41.82530482947,-3.92469517053
    ));
#18763 = SURFACE_CURVE('',#18764,(#18769,#18780),.PCURVE_S1.);
#18764 = ELLIPSE('',#18765,2.050609665441,1.45);
#18765 = AXIS2_PLACEMENT_3D('',#18766,#18767,#18768);
#18766 = CARTESIAN_POINT('',(4.,40.799999993499,-4.950000006501));
#18767 = DIRECTION('',(0.,-0.707106781187,0.707106781187));
#18768 = DIRECTION('',(0.,0.707106781187,0.707106781187));
#18769 = PCURVE('',#16390,#18770);
#18770 = DEFINITIONAL_REPRESENTATION('',(#18771),#18779);
#18771 = B_SPLINE_CURVE_WITH_KNOTS('',6,(#18772,#18773,#18774,#18775,
    #18776,#18777,#18778),.UNSPECIFIED.,.F.,.F.,(7,7),(0.,0.785398160227
    ),.PIECEWISE_BEZIER_KNOTS.);
#18772 = CARTESIAN_POINT('',(1.570796326795,-3.500000006501));
#18773 = CARTESIAN_POINT('',(1.701696019627,-3.500000006501));
#18774 = CARTESIAN_POINT('',(1.832595712459,-3.529814257526));
#18775 = CARTESIAN_POINT('',(1.963495405291,-3.589443909931));
#18776 = CARTESIAN_POINT('',(2.094395098122,-3.67735295368));
#18777 = CARTESIAN_POINT('',(2.225294790954,-3.790483106491));
#18778 = CARTESIAN_POINT('',(2.356194483786,-3.924695177166));
#18779 = ( GEOMETRIC_REPRESENTATION_CONTEXT(2) 
PARAMETRIC_REPRESENTATION_CONTEXT() REPRESENTATION_CONTEXT('2D SPACE',''
  ) );
#18780 = PCURVE('',#18781,#18786);
#18781 = PLANE('',#18782);
#18782 = AXIS2_PLACEMENT_3D('',#18783,#18784,#18785);
#18783 = CARTESIAN_POINT('',(-1.,41.75,-4.));
#18784 = DIRECTION('',(0.,-0.707106781187,0.707106781187));
#18785 = DIRECTION('',(0.,0.707106781187,0.707106781187));
#18786 = DEFINITIONAL_REPRESENTATION('',(#18787),#18791);
#18787 = ELLIPSE('',#18788,2.050609665441,1.45);
#18788 = AXIS2_PLACEMENT_2D('',#18789,#18790);
#18789 = CARTESIAN_POINT('',(-1.343502893448,-5.));
#18790 = DIRECTION('',(1.,0.));
#18791 = ( GEOMETRIC_REPRESENTATION_CONTEXT(2) 
PARAMETRIC_REPRESENTATION_CONTEXT() REPRESENTATION_CONTEXT('2D SPACE',''
  ) );
#18792 = ORIENTED_EDGE('',*,*,#18793,.F.);
#18793 = EDGE_CURVE('',#18641,#18761,#18794,.T.);
#18794 = SURFACE_CURVE('',#18795,(#18800,#18811),.PCURVE_S1.);
#18795 = ELLIPSE('',#18796,2.050609665441,1.45);
#18796 = AXIS2_PLACEMENT_3D('',#18797,#18798,#18799);
#18797 = CARTESIAN_POINT('',(4.,40.799999993499,-4.95));
#18798 = DIRECTION('',(-0.707106781187,0.,-0.707106781187));
#18799 = DIRECTION('',(-0.707106781187,0.,0.707106781187));
#18800 = PCURVE('',#16390,#18801);
#18801 = DEFINITIONAL_REPRESENTATION('',(#18802),#18810);
#18802 = B_SPLINE_CURVE_WITH_KNOTS('',6,(#18803,#18804,#18805,#18806,
    #18807,#18808,#18809),.UNSPECIFIED.,.F.,.F.,(7,7),(0.,0.785398166568
    ),.PIECEWISE_BEZIER_KNOTS.);
#18803 = CARTESIAN_POINT('',(3.14159265359,-3.5));
#18804 = CARTESIAN_POINT('',(3.010692959701,-3.5));
#18805 = CARTESIAN_POINT('',(2.879793265813,-3.529814251507));
#18806 = CARTESIAN_POINT('',(2.748893571924,-3.589443904875));
#18807 = CARTESIAN_POINT('',(2.617993878035,-3.677352950017));
#18808 = CARTESIAN_POINT('',(2.487094184147,-3.790483104556));
#18809 = CARTESIAN_POINT('',(2.356194490258,-3.924695177166));
#18810 = ( GEOMETRIC_REPRESENTATION_CONTEXT(2) 
PARAMETRIC_REPRESENTATION_CONTEXT() REPRESENTATION_CONTEXT('2D SPACE',''
  ) );
#18811 = PCURVE('',#18552,#18812);
#18812 = DEFINITIONAL_REPRESENTATION('',(#18813),#18817);
#18813 = ELLIPSE('',#18814,2.050609665441,1.45);
#18814 = AXIS2_PLACEMENT_2D('',#18815,#18816);
#18815 = CARTESIAN_POINT('',(-1.343502884254,-5.000000006501));
#18816 = DIRECTION('',(1.,0.));
#18817 = ( GEOMETRIC_REPRESENTATION_CONTEXT(2) 
PARAMETRIC_REPRESENTATION_CONTEXT() REPRESENTATION_CONTEXT('2D SPACE',''
  ) );
#18818 = ORIENTED_EDGE('',*,*,#18663,.F.);
#18819 = ADVANCED_FACE('',(#18820),#16727,.F.);
#18820 = FACE_BOUND('',#18821,.F.);
#18821 = EDGE_LOOP('',(#18822,#18823,#18846,#18867));
#18822 = ORIENTED_EDGE('',*,*,#16711,.F.);
#18823 = ORIENTED_EDGE('',*,*,#18824,.T.);
#18824 = EDGE_CURVE('',#16684,#18825,#18827,.T.);
#18825 = VERTEX_POINT('',#18826);
#18826 = CARTESIAN_POINT('',(70.25,25.4,-3.5));
#18827 = SURFACE_CURVE('',#18828,(#18832,#18839),.PCURVE_S1.);
#18828 = LINE('',#18829,#18830);
#18829 = CARTESIAN_POINT('',(70.25,25.4,0.));
#18830 = VECTOR('',#18831,1.);
#18831 = DIRECTION('',(-0.,-0.,-1.));
#18832 = PCURVE('',#16727,#18833);
#18833 = DEFINITIONAL_REPRESENTATION('',(#18834),#18838);
#18834 = LINE('',#18835,#18836);
#18835 = CARTESIAN_POINT('',(0.,0.));
#18836 = VECTOR('',#18837,1.);
#18837 = DIRECTION('',(0.,-1.));
#18838 = ( GEOMETRIC_REPRESENTATION_CONTEXT(2) 
PARAMETRIC_REPRESENTATION_CONTEXT() REPRESENTATION_CONTEXT('2D SPACE',''
  ) );
#18839 = PCURVE('',#16699,#18840);
#18840 = DEFINITIONAL_REPRESENTATION('',(#18841),#18845);
#18841 = LINE('',#18842,#18843);
#18842 = CARTESIAN_POINT('',(21.400000000001,0.));
#18843 = VECTOR('',#18844,1.);
#18844 = DIRECTION('',(0.,-1.));
#18845 = ( GEOMETRIC_REPRESENTATION_CONTEXT(2) 
PARAMETRIC_REPRESENTATION_CONTEXT() REPRESENTATION_CONTEXT('2D SPACE',''
  ) );
#18846 = ORIENTED_EDGE('',*,*,#18847,.F.);
#18847 = EDGE_CURVE('',#18689,#18825,#18848,.T.);
#18848 = SURFACE_CURVE('',#18849,(#18853,#18860),.PCURVE_S1.);
#18849 = LINE('',#18850,#18851);
#18850 = CARTESIAN_POINT('',(67.266666666667,28.383333333333,
    -6.483333333333));
#18851 = VECTOR('',#18852,1.);
#18852 = DIRECTION('',(-0.57735026919,0.57735026919,-0.57735026919));
#18853 = PCURVE('',#16727,#18854);
#18854 = DEFINITIONAL_REPRESENTATION('',(#18855),#18859);
#18855 = LINE('',#18856,#18857);
#18856 = CARTESIAN_POINT('',(-4.219070461079,-6.483333333333));
#18857 = VECTOR('',#18858,1.);
#18858 = DIRECTION('',(-0.816496580928,-0.57735026919));
#18859 = ( GEOMETRIC_REPRESENTATION_CONTEXT(2) 
PARAMETRIC_REPRESENTATION_CONTEXT() REPRESENTATION_CONTEXT('2D SPACE',''
  ) );
#18860 = PCURVE('',#18378,#18861);
#18861 = DEFINITIONAL_REPRESENTATION('',(#18862),#18866);
#18862 = LINE('',#18863,#18864);
#18863 = CARTESIAN_POINT('',(-3.511963679893,-17.41666666666));
#18864 = VECTOR('',#18865,1.);
#18865 = DIRECTION('',(-0.816496580928,0.57735026919));
#18866 = ( GEOMETRIC_REPRESENTATION_CONTEXT(2) 
PARAMETRIC_REPRESENTATION_CONTEXT() REPRESENTATION_CONTEXT('2D SPACE',''
  ) );
#18867 = ORIENTED_EDGE('',*,*,#18688,.F.);
#18868 = ADVANCED_FACE('',(#18869),#16418,.F.);
#18869 = FACE_BOUND('',#18870,.F.);
#18870 = EDGE_LOOP('',(#18871,#18872,#18873,#18896));
#18871 = ORIENTED_EDGE('',*,*,#16402,.F.);
#18872 = ORIENTED_EDGE('',*,*,#18737,.T.);
#18873 = ORIENTED_EDGE('',*,*,#18874,.F.);
#18874 = EDGE_CURVE('',#18875,#18738,#18877,.T.);
#18875 = VERTEX_POINT('',#18876);
#18876 = CARTESIAN_POINT('',(16.4,42.25,-3.5));
#18877 = SURFACE_CURVE('',#18878,(#18882,#18889),.PCURVE_S1.);
#18878 = LINE('',#18879,#18880);
#18879 = CARTESIAN_POINT('',(1.5,42.250000000001,-3.499999999999));
#18880 = VECTOR('',#18881,1.);
#18881 = DIRECTION('',(-1.,0.,0.));
#18882 = PCURVE('',#16418,#18883);
#18883 = DEFINITIONAL_REPRESENTATION('',(#18884),#18888);
#18884 = LINE('',#18885,#18886);
#18885 = CARTESIAN_POINT('',(-2.5,-3.499999999999));
#18886 = VECTOR('',#18887,1.);
#18887 = DIRECTION('',(-1.,0.));
#18888 = ( GEOMETRIC_REPRESENTATION_CONTEXT(2) 
PARAMETRIC_REPRESENTATION_CONTEXT() REPRESENTATION_CONTEXT('2D SPACE',''
  ) );
#18889 = PCURVE('',#18781,#18890);
#18890 = DEFINITIONAL_REPRESENTATION('',(#18891),#18895);
#18891 = LINE('',#18892,#18893);
#18892 = CARTESIAN_POINT('',(0.707106781188,-2.5));
#18893 = VECTOR('',#18894,1.);
#18894 = DIRECTION('',(0.,1.));
#18895 = ( GEOMETRIC_REPRESENTATION_CONTEXT(2) 
PARAMETRIC_REPRESENTATION_CONTEXT() REPRESENTATION_CONTEXT('2D SPACE',''
  ) );
#18896 = ORIENTED_EDGE('',*,*,#18897,.F.);
#18897 = EDGE_CURVE('',#16403,#18875,#18898,.T.);
#18898 = SURFACE_CURVE('',#18899,(#18903,#18910),.PCURVE_S1.);
#18899 = LINE('',#18900,#18901);
#18900 = CARTESIAN_POINT('',(16.4,42.25,0.));
#18901 = VECTOR('',#18902,1.);
#18902 = DIRECTION('',(-0.,-0.,-1.));
#18903 = PCURVE('',#16418,#18904);
#18904 = DEFINITIONAL_REPRESENTATION('',(#18905),#18909);
#18905 = LINE('',#18906,#18907);
#18906 = CARTESIAN_POINT('',(12.4,0.));
#18907 = VECTOR('',#18908,1.);
#18908 = DIRECTION('',(0.,-1.));
#18909 = ( GEOMETRIC_REPRESENTATION_CONTEXT(2) 
PARAMETRIC_REPRESENTATION_CONTEXT() REPRESENTATION_CONTEXT('2D SPACE',''
  ) );
#18910 = PCURVE('',#16446,#18911);
#18911 = DEFINITIONAL_REPRESENTATION('',(#18912),#18916);
#18912 = LINE('',#18913,#18914);
#18913 = CARTESIAN_POINT('',(0.353553390593,0.));
#18914 = VECTOR('',#18915,1.);
#18915 = DIRECTION('',(0.,-1.));
#18916 = ( GEOMETRIC_REPRESENTATION_CONTEXT(2) 
PARAMETRIC_REPRESENTATION_CONTEXT() REPRESENTATION_CONTEXT('2D SPACE',''
  ) );
#18917 = ADVANCED_FACE('',(#18918),#16699,.T.);
#18918 = FACE_BOUND('',#18919,.T.);
#18919 = EDGE_LOOP('',(#18920,#18921,#18922,#18945));
#18920 = ORIENTED_EDGE('',*,*,#16683,.F.);
#18921 = ORIENTED_EDGE('',*,*,#18824,.T.);
#18922 = ORIENTED_EDGE('',*,*,#18923,.F.);
#18923 = EDGE_CURVE('',#18924,#18825,#18926,.T.);
#18924 = VERTEX_POINT('',#18925);
#18925 = CARTESIAN_POINT('',(70.25,40.799999993499,-3.5));
#18926 = SURFACE_CURVE('',#18927,(#18931,#18938),.PCURVE_S1.);
#18927 = LINE('',#18928,#18929);
#18928 = CARTESIAN_POINT('',(70.25,24.899999999999,-3.5));
#18929 = VECTOR('',#18930,1.);
#18930 = DIRECTION('',(0.,-1.,0.));
#18931 = PCURVE('',#16699,#18932);
#18932 = DEFINITIONAL_REPRESENTATION('',(#18933),#18937);
#18933 = LINE('',#18934,#18935);
#18934 = CARTESIAN_POINT('',(20.9,-3.5));
#18935 = VECTOR('',#18936,1.);
#18936 = DIRECTION('',(-1.,0.));
#18937 = ( GEOMETRIC_REPRESENTATION_CONTEXT(2) 
PARAMETRIC_REPRESENTATION_CONTEXT() REPRESENTATION_CONTEXT('2D SPACE',''
  ) );
#18938 = PCURVE('',#18378,#18939);
#18939 = DEFINITIONAL_REPRESENTATION('',(#18940),#18944);
#18940 = LINE('',#18941,#18942);
#18941 = CARTESIAN_POINT('',(0.707106781187,-20.9));
#18942 = VECTOR('',#18943,1.);
#18943 = DIRECTION('',(0.,-1.));
#18944 = ( GEOMETRIC_REPRESENTATION_CONTEXT(2) 
PARAMETRIC_REPRESENTATION_CONTEXT() REPRESENTATION_CONTEXT('2D SPACE',''
  ) );
#18945 = ORIENTED_EDGE('',*,*,#18946,.F.);
#18946 = EDGE_CURVE('',#16655,#18924,#18947,.T.);
#18947 = SURFACE_CURVE('',#18948,(#18952,#18959),.PCURVE_S1.);
#18948 = LINE('',#18949,#18950);
#18949 = CARTESIAN_POINT('',(70.25,40.799999993499,0.));
#18950 = VECTOR('',#18951,1.);
#18951 = DIRECTION('',(-0.,-0.,-1.));
#18952 = PCURVE('',#16699,#18953);
#18953 = DEFINITIONAL_REPRESENTATION('',(#18954),#18958);
#18954 = LINE('',#18955,#18956);
#18955 = CARTESIAN_POINT('',(36.7999999935,0.));
#18956 = VECTOR('',#18957,1.);
#18957 = DIRECTION('',(0.,-1.));
#18958 = ( GEOMETRIC_REPRESENTATION_CONTEXT(2) 
PARAMETRIC_REPRESENTATION_CONTEXT() REPRESENTATION_CONTEXT('2D SPACE',''
  ) );
#18959 = PCURVE('',#16671,#18960);
#18960 = DEFINITIONAL_REPRESENTATION('',(#18961),#18965);
#18961 = LINE('',#18962,#18963);
#18962 = CARTESIAN_POINT('',(0.,0.));
#18963 = VECTOR('',#18964,1.);
#18964 = DIRECTION('',(0.,-1.));
#18965 = ( GEOMETRIC_REPRESENTATION_CONTEXT(2) 
PARAMETRIC_REPRESENTATION_CONTEXT() REPRESENTATION_CONTEXT('2D SPACE',''
  ) );
#18966 = ADVANCED_FACE('',(#18967),#16446,.T.);
#18967 = FACE_BOUND('',#18968,.T.);
#18968 = EDGE_LOOP('',(#18969,#18970,#18993,#19014));
#18969 = ORIENTED_EDGE('',*,*,#16430,.F.);
#18970 = ORIENTED_EDGE('',*,*,#18971,.T.);
#18971 = EDGE_CURVE('',#16431,#18972,#18974,.T.);
#18972 = VERTEX_POINT('',#18973);
#18973 = CARTESIAN_POINT('',(16.65,42.5,-3.25));
#18974 = SURFACE_CURVE('',#18975,(#18979,#18986),.PCURVE_S1.);
#18975 = LINE('',#18976,#18977);
#18976 = CARTESIAN_POINT('',(16.65,42.5,0.));
#18977 = VECTOR('',#18978,1.);
#18978 = DIRECTION('',(-0.,-0.,-1.));
#18979 = PCURVE('',#16446,#18980);
#18980 = DEFINITIONAL_REPRESENTATION('',(#18981),#18985);
#18981 = LINE('',#18982,#18983);
#18982 = CARTESIAN_POINT('',(0.,0.));
#18983 = VECTOR('',#18984,1.);
#18984 = DIRECTION('',(0.,-1.));
#18985 = ( GEOMETRIC_REPRESENTATION_CONTEXT(2) 
PARAMETRIC_REPRESENTATION_CONTEXT() REPRESENTATION_CONTEXT('2D SPACE',''
  ) );
#18986 = PCURVE('',#16474,#18987);
#18987 = DEFINITIONAL_REPRESENTATION('',(#18988),#18992);
#18988 = LINE('',#18989,#18990);
#18989 = CARTESIAN_POINT('',(5.5,0.));
#18990 = VECTOR('',#18991,1.);
#18991 = DIRECTION('',(0.,-1.));
#18992 = ( GEOMETRIC_REPRESENTATION_CONTEXT(2) 
PARAMETRIC_REPRESENTATION_CONTEXT() REPRESENTATION_CONTEXT('2D SPACE',''
  ) );
#18993 = ORIENTED_EDGE('',*,*,#18994,.F.);
#18994 = EDGE_CURVE('',#18875,#18972,#18995,.T.);
#18995 = SURFACE_CURVE('',#18996,(#19000,#19007),.PCURVE_S1.);
#18996 = LINE('',#18997,#18998);
#18997 = CARTESIAN_POINT('',(14.,39.85,-5.9));
#18998 = VECTOR('',#18999,1.);
#18999 = DIRECTION('',(0.57735026919,0.57735026919,0.57735026919));
#19000 = PCURVE('',#16446,#19001);
#19001 = DEFINITIONAL_REPRESENTATION('',(#19002),#19006);
#19002 = LINE('',#19003,#19004);
#19003 = CARTESIAN_POINT('',(3.747665940289,-5.9));
#19004 = VECTOR('',#19005,1.);
#19005 = DIRECTION('',(-0.816496580928,0.57735026919));
#19006 = ( GEOMETRIC_REPRESENTATION_CONTEXT(2) 
PARAMETRIC_REPRESENTATION_CONTEXT() REPRESENTATION_CONTEXT('2D SPACE',''
  ) );
#19007 = PCURVE('',#18781,#19008);
#19008 = DEFINITIONAL_REPRESENTATION('',(#19009),#19013);
#19009 = LINE('',#19010,#19011);
#19010 = CARTESIAN_POINT('',(-2.687005768509,-15.));
#19011 = VECTOR('',#19012,1.);
#19012 = DIRECTION('',(0.816496580928,-0.57735026919));
#19013 = ( GEOMETRIC_REPRESENTATION_CONTEXT(2) 
PARAMETRIC_REPRESENTATION_CONTEXT() REPRESENTATION_CONTEXT('2D SPACE',''
  ) );
#19014 = ORIENTED_EDGE('',*,*,#18897,.F.);
#19015 = ADVANCED_FACE('',(#19016),#16671,.T.);
#19016 = FACE_BOUND('',#19017,.T.);
#19017 = EDGE_LOOP('',(#19018,#19019,#19020,#19048,#19076));
#19018 = ORIENTED_EDGE('',*,*,#16654,.F.);
#19019 = ORIENTED_EDGE('',*,*,#18946,.T.);
#19020 = ORIENTED_EDGE('',*,*,#19021,.T.);
#19021 = EDGE_CURVE('',#18924,#19022,#19024,.T.);
#19022 = VERTEX_POINT('',#19023);
#19023 = CARTESIAN_POINT('',(69.82530482947,41.82530482947,
    -3.92469517053));
#19024 = SURFACE_CURVE('',#19025,(#19030,#19041),.PCURVE_S1.);
#19025 = ELLIPSE('',#19026,2.050609665441,1.45);
#19026 = AXIS2_PLACEMENT_3D('',#19027,#19028,#19029);
#19027 = CARTESIAN_POINT('',(68.8,40.799999993499,-4.95));
#19028 = DIRECTION('',(-0.707106781187,0.,0.707106781187));
#19029 = DIRECTION('',(0.707106781187,0.,0.707106781187));
#19030 = PCURVE('',#16671,#19031);
#19031 = DEFINITIONAL_REPRESENTATION('',(#19032),#19040);
#19032 = B_SPLINE_CURVE_WITH_KNOTS('',6,(#19033,#19034,#19035,#19036,
    #19037,#19038,#19039),.UNSPECIFIED.,.F.,.F.,(7,7),(0.,0.785398166568
    ),.PIECEWISE_BEZIER_KNOTS.);
#19033 = CARTESIAN_POINT('',(0.,-3.5));
#19034 = CARTESIAN_POINT('',(0.130899693888,-3.5));
#19035 = CARTESIAN_POINT('',(0.261799387777,-3.529814251507));
#19036 = CARTESIAN_POINT('',(0.392699081666,-3.589443904875));
#19037 = CARTESIAN_POINT('',(0.523598775555,-3.677352950017));
#19038 = CARTESIAN_POINT('',(0.654498469443,-3.790483104556));
#19039 = CARTESIAN_POINT('',(0.785398163331,-3.924695177167));
#19040 = ( GEOMETRIC_REPRESENTATION_CONTEXT(2) 
PARAMETRIC_REPRESENTATION_CONTEXT() REPRESENTATION_CONTEXT('2D SPACE',''
  ) );
#19041 = PCURVE('',#18378,#19042);
#19042 = DEFINITIONAL_REPRESENTATION('',(#19043),#19047);
#19043 = ELLIPSE('',#19044,2.050609665441,1.45);
#19044 = AXIS2_PLACEMENT_2D('',#19045,#19046);
#19045 = CARTESIAN_POINT('',(-1.343502884254,-5.000000006501));
#19046 = DIRECTION('',(1.,0.));
#19047 = ( GEOMETRIC_REPRESENTATION_CONTEXT(2) 
PARAMETRIC_REPRESENTATION_CONTEXT() REPRESENTATION_CONTEXT('2D SPACE',''
  ) );
#19048 = ORIENTED_EDGE('',*,*,#19049,.T.);
#19049 = EDGE_CURVE('',#19022,#19050,#19052,.T.);
#19050 = VERTEX_POINT('',#19051);
#19051 = CARTESIAN_POINT('',(68.8,42.24999999675,-3.50000000325));
#19052 = SURFACE_CURVE('',#19053,(#19058,#19069),.PCURVE_S1.);
#19053 = ELLIPSE('',#19054,2.050609665441,1.45);
#19054 = AXIS2_PLACEMENT_3D('',#19055,#19056,#19057);
#19055 = CARTESIAN_POINT('',(68.8,40.799999993499,-4.950000006501));
#19056 = DIRECTION('',(0.,-0.707106781187,0.707106781187));
#19057 = DIRECTION('',(0.,0.707106781187,0.707106781187));
#19058 = PCURVE('',#16671,#19059);
#19059 = DEFINITIONAL_REPRESENTATION('',(#19060),#19068);
#19060 = B_SPLINE_CURVE_WITH_KNOTS('',6,(#19061,#19062,#19063,#19064,
    #19065,#19066,#19067),.UNSPECIFIED.,.F.,.F.,(7,7),(5.497787146952,
    6.28318530718),.PIECEWISE_BEZIER_KNOTS.);
#19061 = CARTESIAN_POINT('',(0.785398169804,-3.924695177166));
#19062 = CARTESIAN_POINT('',(0.916297862636,-3.790483106491));
#19063 = CARTESIAN_POINT('',(1.047197555468,-3.67735295368));
#19064 = CARTESIAN_POINT('',(1.178097248299,-3.589443909931));
#19065 = CARTESIAN_POINT('',(1.308996941131,-3.529814257526));
#19066 = CARTESIAN_POINT('',(1.439896633963,-3.500000006501));
#19067 = CARTESIAN_POINT('',(1.570796326795,-3.500000006501));
#19068 = ( GEOMETRIC_REPRESENTATION_CONTEXT(2) 
PARAMETRIC_REPRESENTATION_CONTEXT() REPRESENTATION_CONTEXT('2D SPACE',''
  ) );
#19069 = PCURVE('',#18781,#19070);
#19070 = DEFINITIONAL_REPRESENTATION('',(#19071),#19075);
#19071 = ELLIPSE('',#19072,2.050609665441,1.45);
#19072 = AXIS2_PLACEMENT_2D('',#19073,#19074);
#19073 = CARTESIAN_POINT('',(-1.343502893448,-69.8));
#19074 = DIRECTION('',(1.,0.));
#19075 = ( GEOMETRIC_REPRESENTATION_CONTEXT(2) 
PARAMETRIC_REPRESENTATION_CONTEXT() REPRESENTATION_CONTEXT('2D SPACE',''
  ) );
#19076 = ORIENTED_EDGE('',*,*,#19077,.F.);
#19077 = EDGE_CURVE('',#16627,#19050,#19078,.T.);
#19078 = SURFACE_CURVE('',#19079,(#19083,#19090),.PCURVE_S1.);
#19079 = LINE('',#19080,#19081);
#19080 = CARTESIAN_POINT('',(68.8,42.24999999675,0.));
#19081 = VECTOR('',#19082,1.);
#19082 = DIRECTION('',(-0.,-0.,-1.));
#19083 = PCURVE('',#16671,#19084);
#19084 = DEFINITIONAL_REPRESENTATION('',(#19085),#19089);
#19085 = LINE('',#19086,#19087);
#19086 = CARTESIAN_POINT('',(1.570796326795,0.));
#19087 = VECTOR('',#19088,1.);
#19088 = DIRECTION('',(0.,-1.));
#19089 = ( GEOMETRIC_REPRESENTATION_CONTEXT(2) 
PARAMETRIC_REPRESENTATION_CONTEXT() REPRESENTATION_CONTEXT('2D SPACE',''
  ) );
#19090 = PCURVE('',#16642,#19091);
#19091 = DEFINITIONAL_REPRESENTATION('',(#19092),#19096);
#19092 = LINE('',#19093,#19094);
#19093 = CARTESIAN_POINT('',(64.8,0.));
#19094 = VECTOR('',#19095,1.);
#19095 = DIRECTION('',(0.,-1.));
#19096 = ( GEOMETRIC_REPRESENTATION_CONTEXT(2) 
PARAMETRIC_REPRESENTATION_CONTEXT() REPRESENTATION_CONTEXT('2D SPACE',''
  ) );
#19097 = ADVANCED_FACE('',(#19098),#16474,.T.);
#19098 = FACE_BOUND('',#19099,.T.);
#19099 = EDGE_LOOP('',(#19100,#19101,#19124,#19145));
#19100 = ORIENTED_EDGE('',*,*,#16458,.F.);
#19101 = ORIENTED_EDGE('',*,*,#19102,.T.);
#19102 = EDGE_CURVE('',#16459,#19103,#19105,.T.);
#19103 = VERTEX_POINT('',#19104);
#19104 = CARTESIAN_POINT('',(22.15,42.5,-3.25));
#19105 = SURFACE_CURVE('',#19106,(#19110,#19117),.PCURVE_S1.);
#19106 = LINE('',#19107,#19108);
#19107 = CARTESIAN_POINT('',(22.15,42.5,0.));
#19108 = VECTOR('',#19109,1.);
#19109 = DIRECTION('',(-0.,-0.,-1.));
#19110 = PCURVE('',#16474,#19111);
#19111 = DEFINITIONAL_REPRESENTATION('',(#19112),#19116);
#19112 = LINE('',#19113,#19114);
#19113 = CARTESIAN_POINT('',(0.,0.));
#19114 = VECTOR('',#19115,1.);
#19115 = DIRECTION('',(0.,-1.));
#19116 = ( GEOMETRIC_REPRESENTATION_CONTEXT(2) 
PARAMETRIC_REPRESENTATION_CONTEXT() REPRESENTATION_CONTEXT('2D SPACE',''
  ) );
#19117 = PCURVE('',#16502,#19118);
#19118 = DEFINITIONAL_REPRESENTATION('',(#19119),#19123);
#19119 = LINE('',#19120,#19121);
#19120 = CARTESIAN_POINT('',(0.353553390593,0.));
#19121 = VECTOR('',#19122,1.);
#19122 = DIRECTION('',(0.,-1.));
#19123 = ( GEOMETRIC_REPRESENTATION_CONTEXT(2) 
PARAMETRIC_REPRESENTATION_CONTEXT() REPRESENTATION_CONTEXT('2D SPACE',''
  ) );
#19124 = ORIENTED_EDGE('',*,*,#19125,.F.);
#19125 = EDGE_CURVE('',#18972,#19103,#19126,.T.);
#19126 = SURFACE_CURVE('',#19127,(#19131,#19138),.PCURVE_S1.);
#19127 = LINE('',#19128,#19129);
#19128 = CARTESIAN_POINT('',(10.575,42.5,-3.25));
#19129 = VECTOR('',#19130,1.);
#19130 = DIRECTION('',(1.,-0.,-0.));
#19131 = PCURVE('',#16474,#19132);
#19132 = DEFINITIONAL_REPRESENTATION('',(#19133),#19137);
#19133 = LINE('',#19134,#19135);
#19134 = CARTESIAN_POINT('',(11.575,-3.25));
#19135 = VECTOR('',#19136,1.);
#19136 = DIRECTION('',(-1.,0.));
#19137 = ( GEOMETRIC_REPRESENTATION_CONTEXT(2) 
PARAMETRIC_REPRESENTATION_CONTEXT() REPRESENTATION_CONTEXT('2D SPACE',''
  ) );
#19138 = PCURVE('',#18781,#19139);
#19139 = DEFINITIONAL_REPRESENTATION('',(#19140),#19144);
#19140 = LINE('',#19141,#19142);
#19141 = CARTESIAN_POINT('',(1.06066017178,-11.575));
#19142 = VECTOR('',#19143,1.);
#19143 = DIRECTION('',(0.,-1.));
#19144 = ( GEOMETRIC_REPRESENTATION_CONTEXT(2) 
PARAMETRIC_REPRESENTATION_CONTEXT() REPRESENTATION_CONTEXT('2D SPACE',''
  ) );
#19145 = ORIENTED_EDGE('',*,*,#18971,.F.);
#19146 = ADVANCED_FACE('',(#19147),#16642,.F.);
#19147 = FACE_BOUND('',#19148,.F.);
#19148 = EDGE_LOOP('',(#19149,#19150,#19173,#19194));
#19149 = ORIENTED_EDGE('',*,*,#16626,.F.);
#19150 = ORIENTED_EDGE('',*,*,#19151,.T.);
#19151 = EDGE_CURVE('',#16599,#19152,#19154,.T.);
#19152 = VERTEX_POINT('',#19153);
#19153 = CARTESIAN_POINT('',(55.4,42.25,-3.5));
#19154 = SURFACE_CURVE('',#19155,(#19159,#19166),.PCURVE_S1.);
#19155 = LINE('',#19156,#19157);
#19156 = CARTESIAN_POINT('',(55.4,42.25,0.));
#19157 = VECTOR('',#19158,1.);
#19158 = DIRECTION('',(-0.,-0.,-1.));
#19159 = PCURVE('',#16642,#19160);
#19160 = DEFINITIONAL_REPRESENTATION('',(#19161),#19165);
#19161 = LINE('',#19162,#19163);
#19162 = CARTESIAN_POINT('',(51.4,0.));
#19163 = VECTOR('',#19164,1.);
#19164 = DIRECTION('',(0.,-1.));
#19165 = ( GEOMETRIC_REPRESENTATION_CONTEXT(2) 
PARAMETRIC_REPRESENTATION_CONTEXT() REPRESENTATION_CONTEXT('2D SPACE',''
  ) );
#19166 = PCURVE('',#16614,#19167);
#19167 = DEFINITIONAL_REPRESENTATION('',(#19168),#19172);
#19168 = LINE('',#19169,#19170);
#19169 = CARTESIAN_POINT('',(0.,0.));
#19170 = VECTOR('',#19171,1.);
#19171 = DIRECTION('',(0.,-1.));
#19172 = ( GEOMETRIC_REPRESENTATION_CONTEXT(2) 
PARAMETRIC_REPRESENTATION_CONTEXT() REPRESENTATION_CONTEXT('2D SPACE',''
  ) );
#19173 = ORIENTED_EDGE('',*,*,#19174,.F.);
#19174 = EDGE_CURVE('',#19050,#19152,#19175,.T.);
#19175 = SURFACE_CURVE('',#19176,(#19180,#19187),.PCURVE_S1.);
#19176 = LINE('',#19177,#19178);
#19177 = CARTESIAN_POINT('',(1.5,42.250000000001,-3.499999999999));
#19178 = VECTOR('',#19179,1.);
#19179 = DIRECTION('',(-1.,0.,0.));
#19180 = PCURVE('',#16642,#19181);
#19181 = DEFINITIONAL_REPRESENTATION('',(#19182),#19186);
#19182 = LINE('',#19183,#19184);
#19183 = CARTESIAN_POINT('',(-2.5,-3.499999999999));
#19184 = VECTOR('',#19185,1.);
#19185 = DIRECTION('',(-1.,0.));
#19186 = ( GEOMETRIC_REPRESENTATION_CONTEXT(2) 
PARAMETRIC_REPRESENTATION_CONTEXT() REPRESENTATION_CONTEXT('2D SPACE',''
  ) );
#19187 = PCURVE('',#18781,#19188);
#19188 = DEFINITIONAL_REPRESENTATION('',(#19189),#19193);
#19189 = LINE('',#19190,#19191);
#19190 = CARTESIAN_POINT('',(0.707106781188,-2.5));
#19191 = VECTOR('',#19192,1.);
#19192 = DIRECTION('',(0.,1.));
#19193 = ( GEOMETRIC_REPRESENTATION_CONTEXT(2) 
PARAMETRIC_REPRESENTATION_CONTEXT() REPRESENTATION_CONTEXT('2D SPACE',''
  ) );
#19194 = ORIENTED_EDGE('',*,*,#19077,.F.);
#19195 = ADVANCED_FACE('',(#19196),#16502,.T.);
#19196 = FACE_BOUND('',#19197,.T.);
#19197 = EDGE_LOOP('',(#19198,#19199,#19222,#19243));
#19198 = ORIENTED_EDGE('',*,*,#16486,.F.);
#19199 = ORIENTED_EDGE('',*,*,#19200,.T.);
#19200 = EDGE_CURVE('',#16487,#19201,#19203,.T.);
#19201 = VERTEX_POINT('',#19202);
#19202 = CARTESIAN_POINT('',(22.4,42.25,-3.5));
#19203 = SURFACE_CURVE('',#19204,(#19208,#19215),.PCURVE_S1.);
#19204 = LINE('',#19205,#19206);
#19205 = CARTESIAN_POINT('',(22.4,42.25,0.));
#19206 = VECTOR('',#19207,1.);
#19207 = DIRECTION('',(-0.,-0.,-1.));
#19208 = PCURVE('',#16502,#19209);
#19209 = DEFINITIONAL_REPRESENTATION('',(#19210),#19214);
#19210 = LINE('',#19211,#19212);
#19211 = CARTESIAN_POINT('',(0.,0.));
#19212 = VECTOR('',#19213,1.);
#19213 = DIRECTION('',(0.,-1.));
#19214 = ( GEOMETRIC_REPRESENTATION_CONTEXT(2) 
PARAMETRIC_REPRESENTATION_CONTEXT() REPRESENTATION_CONTEXT('2D SPACE',''
  ) );
#19215 = PCURVE('',#16530,#19216);
#19216 = DEFINITIONAL_REPRESENTATION('',(#19217),#19221);
#19217 = LINE('',#19218,#19219);
#19218 = CARTESIAN_POINT('',(18.4,0.));
#19219 = VECTOR('',#19220,1.);
#19220 = DIRECTION('',(0.,-1.));
#19221 = ( GEOMETRIC_REPRESENTATION_CONTEXT(2) 
PARAMETRIC_REPRESENTATION_CONTEXT() REPRESENTATION_CONTEXT('2D SPACE',''
  ) );
#19222 = ORIENTED_EDGE('',*,*,#19223,.F.);
#19223 = EDGE_CURVE('',#19103,#19201,#19224,.T.);
#19224 = SURFACE_CURVE('',#19225,(#19229,#19236),.PCURVE_S1.);
#19225 = LINE('',#19226,#19227);
#19226 = CARTESIAN_POINT('',(18.083333333333,46.566666666667,
    0.816666666667));
#19227 = VECTOR('',#19228,1.);
#19228 = DIRECTION('',(0.57735026919,-0.57735026919,-0.57735026919));
#19229 = PCURVE('',#16502,#19230);
#19230 = DEFINITIONAL_REPRESENTATION('',(#19231),#19235);
#19231 = LINE('',#19232,#19233);
#19232 = CARTESIAN_POINT('',(6.104688544244,0.816666666667));
#19233 = VECTOR('',#19234,1.);
#19234 = DIRECTION('',(-0.816496580928,-0.57735026919));
#19235 = ( GEOMETRIC_REPRESENTATION_CONTEXT(2) 
PARAMETRIC_REPRESENTATION_CONTEXT() REPRESENTATION_CONTEXT('2D SPACE',''
  ) );
#19236 = PCURVE('',#18781,#19237);
#19237 = DEFINITIONAL_REPRESENTATION('',(#19238),#19242);
#19238 = LINE('',#19239,#19240);
#19239 = CARTESIAN_POINT('',(6.811795325431,-19.08333333333));
#19240 = VECTOR('',#19241,1.);
#19241 = DIRECTION('',(-0.816496580928,-0.57735026919));
#19242 = ( GEOMETRIC_REPRESENTATION_CONTEXT(2) 
PARAMETRIC_REPRESENTATION_CONTEXT() REPRESENTATION_CONTEXT('2D SPACE',''
  ) );
#19243 = ORIENTED_EDGE('',*,*,#19102,.F.);
#19244 = ADVANCED_FACE('',(#19245),#16614,.T.);
#19245 = FACE_BOUND('',#19246,.T.);
#19246 = EDGE_LOOP('',(#19247,#19248,#19249,#19272));
#19247 = ORIENTED_EDGE('',*,*,#16598,.F.);
#19248 = ORIENTED_EDGE('',*,*,#19151,.T.);
#19249 = ORIENTED_EDGE('',*,*,#19250,.F.);
#19250 = EDGE_CURVE('',#19251,#19152,#19253,.T.);
#19251 = VERTEX_POINT('',#19252);
#19252 = CARTESIAN_POINT('',(55.15,42.5,-3.25));
#19253 = SURFACE_CURVE('',#19254,(#19258,#19265),.PCURVE_S1.);
#19254 = LINE('',#19255,#19256);
#19255 = CARTESIAN_POINT('',(45.583333333333,52.066666666667,
    6.316666666667));
#19256 = VECTOR('',#19257,1.);
#19257 = DIRECTION('',(0.57735026919,-0.57735026919,-0.57735026919));
#19258 = PCURVE('',#16614,#19259);
#19259 = DEFINITIONAL_REPRESENTATION('',(#19260),#19264);
#19260 = LINE('',#19261,#19262);
#19261 = CARTESIAN_POINT('',(13.882863137296,6.316666666667));
#19262 = VECTOR('',#19263,1.);
#19263 = DIRECTION('',(-0.816496580928,-0.57735026919));
#19264 = ( GEOMETRIC_REPRESENTATION_CONTEXT(2) 
PARAMETRIC_REPRESENTATION_CONTEXT() REPRESENTATION_CONTEXT('2D SPACE',''
  ) );
#19265 = PCURVE('',#18781,#19266);
#19266 = DEFINITIONAL_REPRESENTATION('',(#19267),#19271);
#19267 = LINE('',#19268,#19269);
#19268 = CARTESIAN_POINT('',(14.589969918483,-46.58333333333));
#19269 = VECTOR('',#19270,1.);
#19270 = DIRECTION('',(-0.816496580928,-0.57735026919));
#19271 = ( GEOMETRIC_REPRESENTATION_CONTEXT(2) 
PARAMETRIC_REPRESENTATION_CONTEXT() REPRESENTATION_CONTEXT('2D SPACE',''
  ) );
#19272 = ORIENTED_EDGE('',*,*,#19273,.F.);
#19273 = EDGE_CURVE('',#16571,#19251,#19274,.T.);
#19274 = SURFACE_CURVE('',#19275,(#19279,#19286),.PCURVE_S1.);
#19275 = LINE('',#19276,#19277);
#19276 = CARTESIAN_POINT('',(55.15,42.5,0.));
#19277 = VECTOR('',#19278,1.);
#19278 = DIRECTION('',(-0.,-0.,-1.));
#19279 = PCURVE('',#16614,#19280);
#19280 = DEFINITIONAL_REPRESENTATION('',(#19281),#19285);
#19281 = LINE('',#19282,#19283);
#19282 = CARTESIAN_POINT('',(0.353553390593,0.));
#19283 = VECTOR('',#19284,1.);
#19284 = DIRECTION('',(0.,-1.));
#19285 = ( GEOMETRIC_REPRESENTATION_CONTEXT(2) 
PARAMETRIC_REPRESENTATION_CONTEXT() REPRESENTATION_CONTEXT('2D SPACE',''
  ) );
#19286 = PCURVE('',#16586,#19287);
#19287 = DEFINITIONAL_REPRESENTATION('',(#19288),#19292);
#19288 = LINE('',#19289,#19290);
#19289 = CARTESIAN_POINT('',(0.,0.));
#19290 = VECTOR('',#19291,1.);
#19291 = DIRECTION('',(0.,-1.));
#19292 = ( GEOMETRIC_REPRESENTATION_CONTEXT(2) 
PARAMETRIC_REPRESENTATION_CONTEXT() REPRESENTATION_CONTEXT('2D SPACE',''
  ) );
#19293 = ADVANCED_FACE('',(#19294),#16530,.F.);
#19294 = FACE_BOUND('',#19295,.F.);
#19295 = EDGE_LOOP('',(#19296,#19297,#19298,#19321));
#19296 = ORIENTED_EDGE('',*,*,#16514,.F.);
#19297 = ORIENTED_EDGE('',*,*,#19200,.T.);
#19298 = ORIENTED_EDGE('',*,*,#19299,.F.);
#19299 = EDGE_CURVE('',#19300,#19201,#19302,.T.);
#19300 = VERTEX_POINT('',#19301);
#19301 = CARTESIAN_POINT('',(49.4,42.25,-3.5));
#19302 = SURFACE_CURVE('',#19303,(#19307,#19314),.PCURVE_S1.);
#19303 = LINE('',#19304,#19305);
#19304 = CARTESIAN_POINT('',(1.5,42.250000000001,-3.499999999999));
#19305 = VECTOR('',#19306,1.);
#19306 = DIRECTION('',(-1.,0.,0.));
#19307 = PCURVE('',#16530,#19308);
#19308 = DEFINITIONAL_REPRESENTATION('',(#19309),#19313);
#19309 = LINE('',#19310,#19311);
#19310 = CARTESIAN_POINT('',(-2.5,-3.499999999999));
#19311 = VECTOR('',#19312,1.);
#19312 = DIRECTION('',(-1.,0.));
#19313 = ( GEOMETRIC_REPRESENTATION_CONTEXT(2) 
PARAMETRIC_REPRESENTATION_CONTEXT() REPRESENTATION_CONTEXT('2D SPACE',''
  ) );
#19314 = PCURVE('',#18781,#19315);
#19315 = DEFINITIONAL_REPRESENTATION('',(#19316),#19320);
#19316 = LINE('',#19317,#19318);
#19317 = CARTESIAN_POINT('',(0.707106781188,-2.5));
#19318 = VECTOR('',#19319,1.);
#19319 = DIRECTION('',(0.,1.));
#19320 = ( GEOMETRIC_REPRESENTATION_CONTEXT(2) 
PARAMETRIC_REPRESENTATION_CONTEXT() REPRESENTATION_CONTEXT('2D SPACE',''
  ) );
#19321 = ORIENTED_EDGE('',*,*,#19322,.F.);
#19322 = EDGE_CURVE('',#16515,#19300,#19323,.T.);
#19323 = SURFACE_CURVE('',#19324,(#19328,#19335),.PCURVE_S1.);
#19324 = LINE('',#19325,#19326);
#19325 = CARTESIAN_POINT('',(49.4,42.25,0.));
#19326 = VECTOR('',#19327,1.);
#19327 = DIRECTION('',(-0.,-0.,-1.));
#19328 = PCURVE('',#16530,#19329);
#19329 = DEFINITIONAL_REPRESENTATION('',(#19330),#19334);
#19330 = LINE('',#19331,#19332);
#19331 = CARTESIAN_POINT('',(45.4,0.));
#19332 = VECTOR('',#19333,1.);
#19333 = DIRECTION('',(0.,-1.));
#19334 = ( GEOMETRIC_REPRESENTATION_CONTEXT(2) 
PARAMETRIC_REPRESENTATION_CONTEXT() REPRESENTATION_CONTEXT('2D SPACE',''
  ) );
#19335 = PCURVE('',#16558,#19336);
#19336 = DEFINITIONAL_REPRESENTATION('',(#19337),#19341);
#19337 = LINE('',#19338,#19339);
#19338 = CARTESIAN_POINT('',(0.353553390593,0.));
#19339 = VECTOR('',#19340,1.);
#19340 = DIRECTION('',(0.,-1.));
#19341 = ( GEOMETRIC_REPRESENTATION_CONTEXT(2) 
PARAMETRIC_REPRESENTATION_CONTEXT() REPRESENTATION_CONTEXT('2D SPACE',''
  ) );
#19342 = ADVANCED_FACE('',(#19343),#16586,.T.);
#19343 = FACE_BOUND('',#19344,.T.);
#19344 = EDGE_LOOP('',(#19345,#19346,#19347,#19370));
#19345 = ORIENTED_EDGE('',*,*,#16570,.F.);
#19346 = ORIENTED_EDGE('',*,*,#19273,.T.);
#19347 = ORIENTED_EDGE('',*,*,#19348,.F.);
#19348 = EDGE_CURVE('',#19349,#19251,#19351,.T.);
#19349 = VERTEX_POINT('',#19350);
#19350 = CARTESIAN_POINT('',(49.65,42.5,-3.25));
#19351 = SURFACE_CURVE('',#19352,(#19356,#19363),.PCURVE_S1.);
#19352 = LINE('',#19353,#19354);
#19353 = CARTESIAN_POINT('',(27.075,42.5,-3.25));
#19354 = VECTOR('',#19355,1.);
#19355 = DIRECTION('',(1.,-0.,-0.));
#19356 = PCURVE('',#16586,#19357);
#19357 = DEFINITIONAL_REPRESENTATION('',(#19358),#19362);
#19358 = LINE('',#19359,#19360);
#19359 = CARTESIAN_POINT('',(28.075,-3.25));
#19360 = VECTOR('',#19361,1.);
#19361 = DIRECTION('',(-1.,0.));
#19362 = ( GEOMETRIC_REPRESENTATION_CONTEXT(2) 
PARAMETRIC_REPRESENTATION_CONTEXT() REPRESENTATION_CONTEXT('2D SPACE',''
  ) );
#19363 = PCURVE('',#18781,#19364);
#19364 = DEFINITIONAL_REPRESENTATION('',(#19365),#19369);
#19365 = LINE('',#19366,#19367);
#19366 = CARTESIAN_POINT('',(1.06066017178,-28.075));
#19367 = VECTOR('',#19368,1.);
#19368 = DIRECTION('',(0.,-1.));
#19369 = ( GEOMETRIC_REPRESENTATION_CONTEXT(2) 
PARAMETRIC_REPRESENTATION_CONTEXT() REPRESENTATION_CONTEXT('2D SPACE',''
  ) );
#19370 = ORIENTED_EDGE('',*,*,#19371,.F.);
#19371 = EDGE_CURVE('',#16543,#19349,#19372,.T.);
#19372 = SURFACE_CURVE('',#19373,(#19377,#19384),.PCURVE_S1.);
#19373 = LINE('',#19374,#19375);
#19374 = CARTESIAN_POINT('',(49.65,42.5,0.));
#19375 = VECTOR('',#19376,1.);
#19376 = DIRECTION('',(-0.,-0.,-1.));
#19377 = PCURVE('',#16586,#19378);
#19378 = DEFINITIONAL_REPRESENTATION('',(#19379),#19383);
#19379 = LINE('',#19380,#19381);
#19380 = CARTESIAN_POINT('',(5.5,0.));
#19381 = VECTOR('',#19382,1.);
#19382 = DIRECTION('',(0.,-1.));
#19383 = ( GEOMETRIC_REPRESENTATION_CONTEXT(2) 
PARAMETRIC_REPRESENTATION_CONTEXT() REPRESENTATION_CONTEXT('2D SPACE',''
  ) );
#19384 = PCURVE('',#16558,#19385);
#19385 = DEFINITIONAL_REPRESENTATION('',(#19386),#19390);
#19386 = LINE('',#19387,#19388);
#19387 = CARTESIAN_POINT('',(0.,0.));
#19388 = VECTOR('',#19389,1.);
#19389 = DIRECTION('',(0.,-1.));
#19390 = ( GEOMETRIC_REPRESENTATION_CONTEXT(2) 
PARAMETRIC_REPRESENTATION_CONTEXT() REPRESENTATION_CONTEXT('2D SPACE',''
  ) );
#19391 = ADVANCED_FACE('',(#19392),#16558,.T.);
#19392 = FACE_BOUND('',#19393,.T.);
#19393 = EDGE_LOOP('',(#19394,#19395,#19396,#19417));
#19394 = ORIENTED_EDGE('',*,*,#16542,.F.);
#19395 = ORIENTED_EDGE('',*,*,#19371,.T.);
#19396 = ORIENTED_EDGE('',*,*,#19397,.F.);
#19397 = EDGE_CURVE('',#19300,#19349,#19398,.T.);
#19398 = SURFACE_CURVE('',#19399,(#19403,#19410),.PCURVE_S1.);
#19399 = LINE('',#19400,#19401);
#19400 = CARTESIAN_POINT('',(41.5,34.35,-11.4));
#19401 = VECTOR('',#19402,1.);
#19402 = DIRECTION('',(0.57735026919,0.57735026919,0.57735026919));
#19403 = PCURVE('',#16558,#19404);
#19404 = DEFINITIONAL_REPRESENTATION('',(#19405),#19409);
#19405 = LINE('',#19406,#19407);
#19406 = CARTESIAN_POINT('',(11.525840533341,-11.4));
#19407 = VECTOR('',#19408,1.);
#19408 = DIRECTION('',(-0.816496580928,0.57735026919));
#19409 = ( GEOMETRIC_REPRESENTATION_CONTEXT(2) 
PARAMETRIC_REPRESENTATION_CONTEXT() REPRESENTATION_CONTEXT('2D SPACE',''
  ) );
#19410 = PCURVE('',#18781,#19411);
#19411 = DEFINITIONAL_REPRESENTATION('',(#19412),#19416);
#19412 = LINE('',#19413,#19414);
#19413 = CARTESIAN_POINT('',(-10.46518036156,-42.5));
#19414 = VECTOR('',#19415,1.);
#19415 = DIRECTION('',(0.816496580928,-0.57735026919));
#19416 = ( GEOMETRIC_REPRESENTATION_CONTEXT(2) 
PARAMETRIC_REPRESENTATION_CONTEXT() REPRESENTATION_CONTEXT('2D SPACE',''
  ) );
#19417 = ORIENTED_EDGE('',*,*,#19322,.F.);
#19418 = ADVANCED_FACE('',(#19419),#17312,.T.);
#19419 = FACE_BOUND('',#19420,.T.);
#19420 = EDGE_LOOP('',(#19421,#19422,#19423,#19446,#19469,#19490,#19491,
    #19492,#19493,#19494,#19495,#19496,#19497,#19498));
#19421 = ORIENTED_EDGE('',*,*,#17399,.F.);
#19422 = ORIENTED_EDGE('',*,*,#17291,.T.);
#19423 = ORIENTED_EDGE('',*,*,#19424,.T.);
#19424 = EDGE_CURVE('',#17259,#19425,#19427,.T.);
#19425 = VERTEX_POINT('',#19426);
#19426 = CARTESIAN_POINT('',(3.05,3.05,-4.));
#19427 = SURFACE_CURVE('',#19428,(#19432,#19439),.PCURVE_S1.);
#19428 = LINE('',#19429,#19430);
#19429 = CARTESIAN_POINT('',(9.5,9.5,-10.45));
#19430 = VECTOR('',#19431,1.);
#19431 = DIRECTION('',(0.57735026919,0.57735026919,-0.57735026919));
#19432 = PCURVE('',#17312,#19433);
#19433 = DEFINITIONAL_REPRESENTATION('',(#19434),#19438);
#19434 = LINE('',#19435,#19436);
#19435 = CARTESIAN_POINT('',(-9.121677477306,-10.5));
#19436 = VECTOR('',#19437,1.);
#19437 = DIRECTION('',(-0.816496580928,-0.57735026919));
#19438 = ( GEOMETRIC_REPRESENTATION_CONTEXT(2) 
PARAMETRIC_REPRESENTATION_CONTEXT() REPRESENTATION_CONTEXT('2D SPACE',''
  ) );
#19439 = PCURVE('',#17279,#19440);
#19440 = DEFINITIONAL_REPRESENTATION('',(#19441),#19445);
#19441 = LINE('',#19442,#19443);
#19442 = CARTESIAN_POINT('',(-9.121677477306,-36.3));
#19443 = VECTOR('',#19444,1.);
#19444 = DIRECTION('',(-0.816496580928,0.57735026919));
#19445 = ( GEOMETRIC_REPRESENTATION_CONTEXT(2) 
PARAMETRIC_REPRESENTATION_CONTEXT() REPRESENTATION_CONTEXT('2D SPACE',''
  ) );
#19446 = ORIENTED_EDGE('',*,*,#19447,.T.);
#19447 = EDGE_CURVE('',#19425,#19448,#19450,.T.);
#19448 = VERTEX_POINT('',#19449);
#19449 = CARTESIAN_POINT('',(69.75,3.05,-4.));
#19450 = SURFACE_CURVE('',#19451,(#19455,#19462),.PCURVE_S1.);
#19451 = LINE('',#19452,#19453);
#19452 = CARTESIAN_POINT('',(-1.,3.05,-4.));
#19453 = VECTOR('',#19454,1.);
#19454 = DIRECTION('',(1.,0.,0.));
#19455 = PCURVE('',#17312,#19456);
#19456 = DEFINITIONAL_REPRESENTATION('',(#19457),#19461);
#19457 = LINE('',#19458,#19459);
#19458 = CARTESIAN_POINT('',(0.,0.));
#19459 = VECTOR('',#19460,1.);
#19460 = DIRECTION('',(0.,-1.));
#19461 = ( GEOMETRIC_REPRESENTATION_CONTEXT(2) 
PARAMETRIC_REPRESENTATION_CONTEXT() REPRESENTATION_CONTEXT('2D SPACE',''
  ) );
#19462 = PCURVE('',#17487,#19463);
#19463 = DEFINITIONAL_REPRESENTATION('',(#19464),#19468);
#19464 = LINE('',#19465,#19466);
#19465 = CARTESIAN_POINT('',(-37.4,-19.34999999873));
#19466 = VECTOR('',#19467,1.);
#19467 = DIRECTION('',(1.,0.));
#19468 = ( GEOMETRIC_REPRESENTATION_CONTEXT(2) 
PARAMETRIC_REPRESENTATION_CONTEXT() REPRESENTATION_CONTEXT('2D SPACE',''
  ) );
#19469 = ORIENTED_EDGE('',*,*,#19470,.F.);
#19470 = EDGE_CURVE('',#18330,#19448,#19471,.T.);
#19471 = SURFACE_CURVE('',#19472,(#19476,#19483),.PCURVE_S1.);
#19472 = LINE('',#19473,#19474);
#19473 = CARTESIAN_POINT('',(50.833333333333,21.966666666667,
    -22.91666666666));
#19474 = VECTOR('',#19475,1.);
#19475 = DIRECTION('',(-0.57735026919,0.57735026919,-0.57735026919));
#19476 = PCURVE('',#17312,#19477);
#19477 = DEFINITIONAL_REPRESENTATION('',(#19478),#19482);
#19478 = LINE('',#19479,#19480);
#19479 = CARTESIAN_POINT('',(-26.75220655488,-51.83333333333));
#19480 = VECTOR('',#19481,1.);
#19481 = DIRECTION('',(-0.816496580928,0.57735026919));
#19482 = ( GEOMETRIC_REPRESENTATION_CONTEXT(2) 
PARAMETRIC_REPRESENTATION_CONTEXT() REPRESENTATION_CONTEXT('2D SPACE',''
  ) );
#19483 = PCURVE('',#18378,#19484);
#19484 = DEFINITIONAL_REPRESENTATION('',(#19485),#19489);
#19485 = LINE('',#19486,#19487);
#19486 = CARTESIAN_POINT('',(-26.75220655488,-23.83333333333));
#19487 = VECTOR('',#19488,1.);
#19488 = DIRECTION('',(-0.816496580928,0.57735026919));
#19489 = ( GEOMETRIC_REPRESENTATION_CONTEXT(2) 
PARAMETRIC_REPRESENTATION_CONTEXT() REPRESENTATION_CONTEXT('2D SPACE',''
  ) );
#19490 = ORIENTED_EDGE('',*,*,#18329,.T.);
#19491 = ORIENTED_EDGE('',*,*,#18226,.F.);
#19492 = ORIENTED_EDGE('',*,*,#18150,.T.);
#19493 = ORIENTED_EDGE('',*,*,#18047,.T.);
#19494 = ORIENTED_EDGE('',*,*,#17949,.T.);
#19495 = ORIENTED_EDGE('',*,*,#17824,.F.);
#19496 = ORIENTED_EDGE('',*,*,#17748,.T.);
#19497 = ORIENTED_EDGE('',*,*,#17645,.T.);
#19498 = ORIENTED_EDGE('',*,*,#17547,.T.);
#19499 = ADVANCED_FACE('',(#19500),#17279,.T.);
#19500 = FACE_BOUND('',#19501,.T.);
#19501 = EDGE_LOOP('',(#19502,#19503,#19524,#19525,#19526));
#19502 = ORIENTED_EDGE('',*,*,#17448,.T.);
#19503 = ORIENTED_EDGE('',*,*,#19504,.T.);
#19504 = EDGE_CURVE('',#17449,#19425,#19505,.T.);
#19505 = SURFACE_CURVE('',#19506,(#19510,#19517),.PCURVE_S1.);
#19506 = LINE('',#19507,#19508);
#19507 = CARTESIAN_POINT('',(3.05,45.8,-4.));
#19508 = VECTOR('',#19509,1.);
#19509 = DIRECTION('',(0.,-1.,0.));
#19510 = PCURVE('',#17279,#19511);
#19511 = DEFINITIONAL_REPRESENTATION('',(#19512),#19516);
#19512 = LINE('',#19513,#19514);
#19513 = CARTESIAN_POINT('',(0.,0.));
#19514 = VECTOR('',#19515,1.);
#19515 = DIRECTION('',(0.,-1.));
#19516 = ( GEOMETRIC_REPRESENTATION_CONTEXT(2) 
PARAMETRIC_REPRESENTATION_CONTEXT() REPRESENTATION_CONTEXT('2D SPACE',''
  ) );
#19517 = PCURVE('',#17487,#19518);
#19518 = DEFINITIONAL_REPRESENTATION('',(#19519),#19523);
#19519 = LINE('',#19520,#19521);
#19520 = CARTESIAN_POINT('',(-33.35,23.400000001265));
#19521 = VECTOR('',#19522,1.);
#19522 = DIRECTION('',(0.,-1.));
#19523 = ( GEOMETRIC_REPRESENTATION_CONTEXT(2) 
PARAMETRIC_REPRESENTATION_CONTEXT() REPRESENTATION_CONTEXT('2D SPACE',''
  ) );
#19524 = ORIENTED_EDGE('',*,*,#19424,.F.);
#19525 = ORIENTED_EDGE('',*,*,#17258,.T.);
#19526 = ORIENTED_EDGE('',*,*,#17350,.T.);
#19527 = ADVANCED_FACE('',(#19528),#17487,.F.);
#19528 = FACE_BOUND('',#19529,.F.);
#19529 = EDGE_LOOP('',(#19530,#19531,#19532,#19533,#19556,#19579,#19600,
    #19601,#19602,#19603,#19604,#19605,#19606,#19607,#19608,#19609));
#19530 = ORIENTED_EDGE('',*,*,#17471,.F.);
#19531 = ORIENTED_EDGE('',*,*,#19504,.T.);
#19532 = ORIENTED_EDGE('',*,*,#19447,.T.);
#19533 = ORIENTED_EDGE('',*,*,#19534,.F.);
#19534 = EDGE_CURVE('',#19535,#19448,#19537,.T.);
#19535 = VERTEX_POINT('',#19536);
#19536 = CARTESIAN_POINT('',(69.75,41.75,-4.));
#19537 = SURFACE_CURVE('',#19538,(#19542,#19549),.PCURVE_S1.);
#19538 = LINE('',#19539,#19540);
#19539 = CARTESIAN_POINT('',(69.75,45.8,-4.));
#19540 = VECTOR('',#19541,1.);
#19541 = DIRECTION('',(0.,-1.,0.));
#19542 = PCURVE('',#17487,#19543);
#19543 = DEFINITIONAL_REPRESENTATION('',(#19544),#19548);
#19544 = LINE('',#19545,#19546);
#19545 = CARTESIAN_POINT('',(33.35,23.400000001265));
#19546 = VECTOR('',#19547,1.);
#19547 = DIRECTION('',(0.,-1.));
#19548 = ( GEOMETRIC_REPRESENTATION_CONTEXT(2) 
PARAMETRIC_REPRESENTATION_CONTEXT() REPRESENTATION_CONTEXT('2D SPACE',''
  ) );
#19549 = PCURVE('',#18378,#19550);
#19550 = DEFINITIONAL_REPRESENTATION('',(#19551),#19555);
#19551 = LINE('',#19552,#19553);
#19552 = CARTESIAN_POINT('',(0.,0.));
#19553 = VECTOR('',#19554,1.);
#19554 = DIRECTION('',(0.,-1.));
#19555 = ( GEOMETRIC_REPRESENTATION_CONTEXT(2) 
PARAMETRIC_REPRESENTATION_CONTEXT() REPRESENTATION_CONTEXT('2D SPACE',''
  ) );
#19556 = ORIENTED_EDGE('',*,*,#19557,.F.);
#19557 = EDGE_CURVE('',#19558,#19535,#19560,.T.);
#19558 = VERTEX_POINT('',#19559);
#19559 = CARTESIAN_POINT('',(3.05,41.75,-4.));
#19560 = SURFACE_CURVE('',#19561,(#19565,#19572),.PCURVE_S1.);
#19561 = LINE('',#19562,#19563);
#19562 = CARTESIAN_POINT('',(-1.,41.75,-4.));
#19563 = VECTOR('',#19564,1.);
#19564 = DIRECTION('',(1.,0.,0.));
#19565 = PCURVE('',#17487,#19566);
#19566 = DEFINITIONAL_REPRESENTATION('',(#19567),#19571);
#19567 = LINE('',#19568,#19569);
#19568 = CARTESIAN_POINT('',(-37.4,19.350000001265));
#19569 = VECTOR('',#19570,1.);
#19570 = DIRECTION('',(1.,0.));
#19571 = ( GEOMETRIC_REPRESENTATION_CONTEXT(2) 
PARAMETRIC_REPRESENTATION_CONTEXT() REPRESENTATION_CONTEXT('2D SPACE',''
  ) );
#19572 = PCURVE('',#18781,#19573);
#19573 = DEFINITIONAL_REPRESENTATION('',(#19574),#19578);
#19574 = LINE('',#19575,#19576);
#19575 = CARTESIAN_POINT('',(0.,0.));
#19576 = VECTOR('',#19577,1.);
#19577 = DIRECTION('',(0.,-1.));
#19578 = ( GEOMETRIC_REPRESENTATION_CONTEXT(2) 
PARAMETRIC_REPRESENTATION_CONTEXT() REPRESENTATION_CONTEXT('2D SPACE',''
  ) );
#19579 = ORIENTED_EDGE('',*,*,#19580,.T.);
#19580 = EDGE_CURVE('',#19558,#18537,#19581,.T.);
#19581 = SURFACE_CURVE('',#19582,(#19586,#19593),.PCURVE_S1.);
#19582 = LINE('',#19583,#19584);
#19583 = CARTESIAN_POINT('',(3.05,45.8,-4.));
#19584 = VECTOR('',#19585,1.);
#19585 = DIRECTION('',(0.,-1.,0.));
#19586 = PCURVE('',#17487,#19587);
#19587 = DEFINITIONAL_REPRESENTATION('',(#19588),#19592);
#19588 = LINE('',#19589,#19590);
#19589 = CARTESIAN_POINT('',(-33.35,23.400000001265));
#19590 = VECTOR('',#19591,1.);
#19591 = DIRECTION('',(0.,-1.));
#19592 = ( GEOMETRIC_REPRESENTATION_CONTEXT(2) 
PARAMETRIC_REPRESENTATION_CONTEXT() REPRESENTATION_CONTEXT('2D SPACE',''
  ) );
#19593 = PCURVE('',#18552,#19594);
#19594 = DEFINITIONAL_REPRESENTATION('',(#19595),#19599);
#19595 = LINE('',#19596,#19597);
#19596 = CARTESIAN_POINT('',(0.,0.));
#19597 = VECTOR('',#19598,1.);
#19598 = DIRECTION('',(0.,-1.));
#19599 = ( GEOMETRIC_REPRESENTATION_CONTEXT(2) 
PARAMETRIC_REPRESENTATION_CONTEXT() REPRESENTATION_CONTEXT('2D SPACE',''
  ) );
#19600 = ORIENTED_EDGE('',*,*,#18564,.T.);
#19601 = ORIENTED_EDGE('',*,*,#18438,.T.);
#19602 = ORIENTED_EDGE('',*,*,#18275,.T.);
#19603 = ORIENTED_EDGE('',*,*,#18198,.T.);
#19604 = ORIENTED_EDGE('',*,*,#18074,.T.);
#19605 = ORIENTED_EDGE('',*,*,#17975,.F.);
#19606 = ORIENTED_EDGE('',*,*,#17873,.T.);
#19607 = ORIENTED_EDGE('',*,*,#17774,.F.);
#19608 = ORIENTED_EDGE('',*,*,#17672,.T.);
#19609 = ORIENTED_EDGE('',*,*,#17596,.T.);
#19610 = ADVANCED_FACE('',(#19611),#18378,.F.);
#19611 = FACE_BOUND('',#19612,.F.);
#19612 = EDGE_LOOP('',(#19613,#19634,#19635,#19636,#19637,#19638,#19639,
    #19640,#19641,#19642));
#19613 = ORIENTED_EDGE('',*,*,#19614,.T.);
#19614 = EDGE_CURVE('',#19022,#19535,#19615,.T.);
#19615 = SURFACE_CURVE('',#19616,(#19620,#19627),.PCURVE_S1.);
#19616 = LINE('',#19617,#19618);
#19617 = CARTESIAN_POINT('',(58.633333333333,30.633333333333,
    -15.11666666666));
#19618 = VECTOR('',#19619,1.);
#19619 = DIRECTION('',(-0.57735026919,-0.57735026919,-0.57735026919));
#19620 = PCURVE('',#18378,#19621);
#19621 = DEFINITIONAL_REPRESENTATION('',(#19622),#19626);
#19622 = LINE('',#19623,#19624);
#19623 = CARTESIAN_POINT('',(-15.72134076837,-15.16666666666));
#19624 = VECTOR('',#19625,1.);
#19625 = DIRECTION('',(-0.816496580928,-0.57735026919));
#19626 = ( GEOMETRIC_REPRESENTATION_CONTEXT(2) 
PARAMETRIC_REPRESENTATION_CONTEXT() REPRESENTATION_CONTEXT('2D SPACE',''
  ) );
#19627 = PCURVE('',#18781,#19628);
#19628 = DEFINITIONAL_REPRESENTATION('',(#19629),#19633);
#19629 = LINE('',#19630,#19631);
#19630 = CARTESIAN_POINT('',(-15.72134076837,-59.63333333333));
#19631 = VECTOR('',#19632,1.);
#19632 = DIRECTION('',(-0.816496580928,0.57735026919));
#19633 = ( GEOMETRIC_REPRESENTATION_CONTEXT(2) 
PARAMETRIC_REPRESENTATION_CONTEXT() REPRESENTATION_CONTEXT('2D SPACE',''
  ) );
#19634 = ORIENTED_EDGE('',*,*,#19534,.T.);
#19635 = ORIENTED_EDGE('',*,*,#19470,.F.);
#19636 = ORIENTED_EDGE('',*,*,#18357,.T.);
#19637 = ORIENTED_EDGE('',*,*,#18465,.F.);
#19638 = ORIENTED_EDGE('',*,*,#18613,.T.);
#19639 = ORIENTED_EDGE('',*,*,#18711,.T.);
#19640 = ORIENTED_EDGE('',*,*,#18847,.T.);
#19641 = ORIENTED_EDGE('',*,*,#18923,.F.);
#19642 = ORIENTED_EDGE('',*,*,#19021,.T.);
#19643 = ADVANCED_FACE('',(#19644),#18552,.T.);
#19644 = FACE_BOUND('',#19645,.T.);
#19645 = EDGE_LOOP('',(#19646,#19667,#19668,#19669,#19670));
#19646 = ORIENTED_EDGE('',*,*,#19647,.T.);
#19647 = EDGE_CURVE('',#18761,#19558,#19648,.T.);
#19648 = SURFACE_CURVE('',#19649,(#19653,#19660),.PCURVE_S1.);
#19649 = LINE('',#19650,#19651);
#19650 = CARTESIAN_POINT('',(1.7,43.1,-2.65));
#19651 = VECTOR('',#19652,1.);
#19652 = DIRECTION('',(0.57735026919,-0.57735026919,-0.57735026919));
#19653 = PCURVE('',#18552,#19654);
#19654 = DEFINITIONAL_REPRESENTATION('',(#19655),#19659);
#19655 = LINE('',#19656,#19657);
#19656 = CARTESIAN_POINT('',(1.909188309204,-2.7));
#19657 = VECTOR('',#19658,1.);
#19658 = DIRECTION('',(-0.816496580928,-0.57735026919));
#19659 = ( GEOMETRIC_REPRESENTATION_CONTEXT(2) 
PARAMETRIC_REPRESENTATION_CONTEXT() REPRESENTATION_CONTEXT('2D SPACE',''
  ) );
#19660 = PCURVE('',#18781,#19661);
#19661 = DEFINITIONAL_REPRESENTATION('',(#19662),#19666);
#19662 = LINE('',#19663,#19664);
#19663 = CARTESIAN_POINT('',(1.909188309204,-2.7));
#19664 = VECTOR('',#19665,1.);
#19665 = DIRECTION('',(-0.816496580928,-0.57735026919));
#19666 = ( GEOMETRIC_REPRESENTATION_CONTEXT(2) 
PARAMETRIC_REPRESENTATION_CONTEXT() REPRESENTATION_CONTEXT('2D SPACE',''
  ) );
#19667 = ORIENTED_EDGE('',*,*,#19580,.T.);
#19668 = ORIENTED_EDGE('',*,*,#18536,.F.);
#19669 = ORIENTED_EDGE('',*,*,#18640,.T.);
#19670 = ORIENTED_EDGE('',*,*,#18793,.T.);
#19671 = ADVANCED_FACE('',(#19672),#18781,.F.);
#19672 = FACE_BOUND('',#19673,.F.);
#19673 = EDGE_LOOP('',(#19674,#19675,#19676,#19677,#19678,#19679,#19680,
    #19681,#19682,#19683,#19684,#19685,#19686,#19687));
#19674 = ORIENTED_EDGE('',*,*,#18874,.T.);
#19675 = ORIENTED_EDGE('',*,*,#18760,.T.);
#19676 = ORIENTED_EDGE('',*,*,#19647,.T.);
#19677 = ORIENTED_EDGE('',*,*,#19557,.T.);
#19678 = ORIENTED_EDGE('',*,*,#19614,.F.);
#19679 = ORIENTED_EDGE('',*,*,#19049,.T.);
#19680 = ORIENTED_EDGE('',*,*,#19174,.T.);
#19681 = ORIENTED_EDGE('',*,*,#19250,.F.);
#19682 = ORIENTED_EDGE('',*,*,#19348,.F.);
#19683 = ORIENTED_EDGE('',*,*,#19397,.F.);
#19684 = ORIENTED_EDGE('',*,*,#19299,.T.);
#19685 = ORIENTED_EDGE('',*,*,#19223,.F.);
#19686 = ORIENTED_EDGE('',*,*,#19125,.F.);
#19687 = ORIENTED_EDGE('',*,*,#18994,.F.);
#19688 = ( GEOMETRIC_REPRESENTATION_CONTEXT(3) 
GLOBAL_UNCERTAINTY_ASSIGNED_CONTEXT((#19692)) 
GLOBAL_UNIT_ASSIGNED_CONTEXT((#19689,#19690,#19691)) 
REPRESENTATION_CONTEXT('Context #1',
  '3D Context with UNIT and UNCERTAINTY') );
#19689 = ( LENGTH_UNIT() NAMED_UNIT(*) SI_UNIT(.MILLI.,.METRE.) );
#19690 = ( NAMED_UNIT(*) PLANE_ANGLE_UNIT() SI_UNIT($,.RADIAN.) );
#19691 = ( NAMED_UNIT(*) SI_UNIT($,.STERADIAN.) SOLID_ANGLE_UNIT() );
#19692 = UNCERTAINTY_MEASURE_WITH_UNIT(LENGTH_MEASURE(1.E-07),#19689,
  'distance_accuracy_value','confusion accuracy');
#19693 = CONTEXT_DEPENDENT_SHAPE_REPRESENTATION(#19694,#19696);
#19694 = ( REPRESENTATION_RELATIONSHIP('','',#13799,#10) 
REPRESENTATION_RELATIONSHIP_WITH_TRANSFORMATION(#19695) 
SHAPE_REPRESENTATION_RELATIONSHIP() );
#19695 = ITEM_DEFINED_TRANSFORMATION('','',#11,#23);
#19696 = PRODUCT_DEFINITION_SHAPE('Placement','Placement of an item',
  #19697);
#19697 = NEXT_ASSEMBLY_USAGE_OCCURRENCE('3','faceplate','',#5,#13794,$);
#19698 = PRODUCT_RELATED_PRODUCT_CATEGORY('part',$,(#13796));

#19699=DESCRIPTIVE_REPRESENTATION_ITEM('cadpy:generator','cadpy');
#19700=REPRESENTATION('cadpy:generator',(#19699),#27);
#19701=PROPERTY_DEFINITION('cadpy metadata','cadpy:generator',#5);
#19702=PROPERTY_DEFINITION_REPRESENTATION(#19701,#19700);
#19703=DESCRIPTIVE_REPRESENTATION_ITEM('cadpy:entryKind','assembly');
#19704=REPRESENTATION('cadpy:entryKind',(#19703),#27);
#19705=PROPERTY_DEFINITION('cadpy metadata','cadpy:entryKind',#5);
#19706=PROPERTY_DEFINITION_REPRESENTATION(#19705,#19704);
#19707=DESCRIPTIVE_REPRESENTATION_ITEM('cadpy:sourcePath','assembly.py');
#19708=REPRESENTATION('cadpy:sourcePath',(#19707),#27);
#19709=PROPERTY_DEFINITION('cadpy metadata','cadpy:sourcePath',#5);
#19710=PROPERTY_DEFINITION_REPRESENTATION(#19709,#19708);
#19711=DESCRIPTIVE_REPRESENTATION_ITEM('cadpy:sourceHash','803a97e646dbb3d62b083787f809c9b9285a6c587a9036bbc63fbbaca7d83259');
#19712=REPRESENTATION('cadpy:sourceHash',(#19711),#27);
#19713=PROPERTY_DEFINITION('cadpy metadata','cadpy:sourceHash',#5);
#19714=PROPERTY_DEFINITION_REPRESENTATION(#19713,#19712);
ENDSEC;
END-ISO-10303-21;
