ISO-10303-21;
HEADER;
FILE_DESCRIPTION(('Open CASCADE Model'),'2;1');
FILE_NAME('Open CASCADE Shape Model','2026-09-02T13:07:57',('Author'),(
    'Open CASCADE'),'Open CASCADE STEP processor 7.9','Open CASCADE 7.9'
  ,'Unknown');
FILE_SCHEMA(('AUTOMOTIVE_DESIGN { 1 0 10303 214 1 1 1 1 }'));
ENDSEC;
DATA;
#1 = APPLICATION_PROTOCOL_DEFINITION('international standard',
  'automotive_design',2000,#2);
#2 = APPLICATION_CONTEXT(
  'core data for automotive mechanical design processes');
#3 = SHAPE_DEFINITION_REPRESENTATION(#4,#10);
#4 = PRODUCT_DEFINITION_SHAPE('','',#5);
#5 = PRODUCT_DEFINITION('design','',#6,#9);
#6 = PRODUCT_DEFINITION_FORMATION('','',#7);
#7 = PRODUCT('n6_speedcam_back_module','n6_speedcam_back_module','',(#8)
  );
#8 = PRODUCT_CONTEXT('',#2,'mechanical');
#9 = PRODUCT_DEFINITION_CONTEXT('part definition',#2,'design');
#10 = SHAPE_REPRESENTATION('',(#11,#15,#19,#23),#27);
#11 = AXIS2_PLACEMENT_3D('',#12,#13,#14);
#12 = CARTESIAN_POINT('',(0.,0.,0.));
#13 = DIRECTION('',(0.,0.,1.));
#14 = DIRECTION('',(1.,0.,-0.));
#15 = AXIS2_PLACEMENT_3D('',#16,#17,#18);
#16 = CARTESIAN_POINT('',(0.,0.,0.));
#17 = DIRECTION('',(0.,-1.,2.22044604925E-16));
#18 = DIRECTION('',(1.,0.,0.));
#19 = AXIS2_PLACEMENT_3D('',#20,#21,#22);
#20 = CARTESIAN_POINT('',(5.,17.5,9.));
#21 = DIRECTION('',(0.,-1.,2.22044604925E-16));
#22 = DIRECTION('',(1.,0.,0.));
#23 = AXIS2_PLACEMENT_3D('',#24,#25,#26);
#24 = CARTESIAN_POINT('',(46.,29.5,34.));
#25 = DIRECTION('',(0.,-1.,2.22044604925E-16));
#26 = DIRECTION('',(1.,0.,0.));
#27 = ( GEOMETRIC_REPRESENTATION_CONTEXT(3) 
GLOBAL_UNCERTAINTY_ASSIGNED_CONTEXT((#31)) GLOBAL_UNIT_ASSIGNED_CONTEXT(
(#28,#29,#30)) REPRESENTATION_CONTEXT('Context #1',
  '3D Context with UNIT and UNCERTAINTY') );
#28 = ( LENGTH_UNIT() NAMED_UNIT(*) SI_UNIT(.MILLI.,.METRE.) );
#29 = ( NAMED_UNIT(*) PLANE_ANGLE_UNIT() SI_UNIT($,.RADIAN.) );
#30 = ( NAMED_UNIT(*) SI_UNIT($,.STERADIAN.) SOLID_ANGLE_UNIT() );
#31 = UNCERTAINTY_MEASURE_WITH_UNIT(LENGTH_MEASURE(1.E-05),#28,
  'distance_accuracy_value','confusion accuracy');
#32 = PRODUCT_RELATED_PRODUCT_CATEGORY('part',$,(#7));
#33 = SHAPE_DEFINITION_REPRESENTATION(#34,#40);
#34 = PRODUCT_DEFINITION_SHAPE('','',#35);
#35 = PRODUCT_DEFINITION('design','',#36,#39);
#36 = PRODUCT_DEFINITION_FORMATION('','',#37);
#37 = PRODUCT('n6_speedcam_case_body','n6_speedcam_case_body','',(#38));
#38 = PRODUCT_CONTEXT('',#2,'mechanical');
#39 = PRODUCT_DEFINITION_CONTEXT('part definition',#2,'design');
#40 = ADVANCED_BREP_SHAPE_REPRESENTATION('',(#11,#41),#6476);
#41 = MANIFOLD_SOLID_BREP('',#42);
#42 = CLOSED_SHELL('',(#43,#161,#262,#541,#913,#971,#1039,#1116,#1178,
    #1254,#1381,#1594,#1760,#1809,#1954,#2051,#2184,#2533,#2629,#2755,
    #2809,#2882,#3271,#3320,#3369,#3396,#3448,#3496,#3691,#3716,#3830,
    #3882,#3930,#3968,#4016,#4043,#4114,#4142,#4169,#4197,#4204,#4231,
    #4256,#4283,#4516,#4563,#4610,#4635,#4709,#4756,#4803,#4828,#4883,
    #4910,#4965,#5023,#5069,#5107,#5179,#5228,#5278,#5285,#5335,#5406,
    #5455,#5504,#5531,#5581,#5606,#5631,#5656,#5681,#5688,#5743,#5770,
    #5777,#5790,#5845,#5900,#5955,#6010,#6065,#6078,#6085,#6092,#6096,
    #6131,#6166,#6201,#6205,#6240,#6295,#6350,#6405,#6460,#6464,#6468,
    #6472));
#43 = ADVANCED_FACE('',(#44),#58,.T.);
#44 = FACE_BOUND('',#45,.T.);
#45 = EDGE_LOOP('',(#46,#81,#109,#135));
#46 = ORIENTED_EDGE('',*,*,#47,.T.);
#47 = EDGE_CURVE('',#48,#50,#52,.T.);
#48 = VERTEX_POINT('',#49);
#49 = CARTESIAN_POINT('',(-10.4,79.399999984253,-32.9));
#50 = VERTEX_POINT('',#51);
#51 = CARTESIAN_POINT('',(-10.4,-2.400000000003,-32.9));
#52 = SURFACE_CURVE('',#53,(#57,#69),.PCURVE_S1.);
#53 = LINE('',#54,#55);
#54 = CARTESIAN_POINT('',(-10.4,79.399999984253,-32.9));
#55 = VECTOR('',#56,1.);
#56 = DIRECTION('',(-0.,-1.,-0.));
#57 = PCURVE('',#58,#63);
#58 = PLANE('',#59);
#59 = AXIS2_PLACEMENT_3D('',#60,#61,#62);
#60 = CARTESIAN_POINT('',(-10.4,-2.400000000003,-35.9));
#61 = DIRECTION('',(-1.,0.,0.));
#62 = DIRECTION('',(0.,1.,0.));
#63 = DEFINITIONAL_REPRESENTATION('',(#64),#68);
#64 = LINE('',#65,#66);
#65 = CARTESIAN_POINT('',(81.799999984257,-3.));
#66 = VECTOR('',#67,1.);
#67 = DIRECTION('',(-1.,0.));
#68 = ( GEOMETRIC_REPRESENTATION_CONTEXT(2) 
PARAMETRIC_REPRESENTATION_CONTEXT() REPRESENTATION_CONTEXT('2D SPACE',''
  ) );
#69 = PCURVE('',#70,#75);
#70 = PLANE('',#71);
#71 = AXIS2_PLACEMENT_3D('',#72,#73,#74);
#72 = CARTESIAN_POINT('',(-9.86966991411,79.399999984253,-34.18033008589
    ));
#73 = DIRECTION('',(0.923879532511,0.,0.382683432365));
#74 = DIRECTION('',(0.,-1.,0.));
#75 = DEFINITIONAL_REPRESENTATION('',(#76),#80);
#76 = LINE('',#77,#78);
#77 = CARTESIAN_POINT('',(0.,-1.385819298767));
#78 = VECTOR('',#79,1.);
#79 = DIRECTION('',(1.,0.));
#80 = ( GEOMETRIC_REPRESENTATION_CONTEXT(2) 
PARAMETRIC_REPRESENTATION_CONTEXT() REPRESENTATION_CONTEXT('2D SPACE',''
  ) );
#81 = ORIENTED_EDGE('',*,*,#82,.T.);
#82 = EDGE_CURVE('',#50,#83,#85,.T.);
#83 = VERTEX_POINT('',#84);
#84 = CARTESIAN_POINT('',(-10.4,-2.400000000003,23.85));
#85 = SURFACE_CURVE('',#86,(#90,#97),.PCURVE_S1.);
#86 = LINE('',#87,#88);
#87 = CARTESIAN_POINT('',(-10.4,-2.400000000003,-35.9));
#88 = VECTOR('',#89,1.);
#89 = DIRECTION('',(0.,0.,1.));
#90 = PCURVE('',#58,#91);
#91 = DEFINITIONAL_REPRESENTATION('',(#92),#96);
#92 = LINE('',#93,#94);
#93 = CARTESIAN_POINT('',(0.,0.));
#94 = VECTOR('',#95,1.);
#95 = DIRECTION('',(0.,-1.));
#96 = ( GEOMETRIC_REPRESENTATION_CONTEXT(2) 
PARAMETRIC_REPRESENTATION_CONTEXT() REPRESENTATION_CONTEXT('2D SPACE',''
  ) );
#97 = PCURVE('',#98,#103);
#98 = CYLINDRICAL_SURFACE('',#99,3.);
#99 = AXIS2_PLACEMENT_3D('',#100,#101,#102);
#100 = CARTESIAN_POINT('',(-7.4,-2.400000000003,-35.9));
#101 = DIRECTION('',(0.,0.,-1.));
#102 = DIRECTION('',(-1.,0.,0.));
#103 = DEFINITIONAL_REPRESENTATION('',(#104),#108);
#104 = LINE('',#105,#106);
#105 = CARTESIAN_POINT('',(6.28318530718,0.));
#106 = VECTOR('',#107,1.);
#107 = DIRECTION('',(0.,-1.));
#108 = ( GEOMETRIC_REPRESENTATION_CONTEXT(2) 
PARAMETRIC_REPRESENTATION_CONTEXT() REPRESENTATION_CONTEXT('2D SPACE',''
  ) );
#109 = ORIENTED_EDGE('',*,*,#110,.T.);
#110 = EDGE_CURVE('',#83,#111,#113,.T.);
#111 = VERTEX_POINT('',#112);
#112 = CARTESIAN_POINT('',(-10.4,79.399999984253,23.85));
#113 = SURFACE_CURVE('',#114,(#118,#124),.PCURVE_S1.);
#114 = LINE('',#115,#116);
#115 = CARTESIAN_POINT('',(-10.4,-4.400000000002,23.85));
#116 = VECTOR('',#117,1.);
#117 = DIRECTION('',(0.,1.,-0.));
#118 = PCURVE('',#58,#119);
#119 = DEFINITIONAL_REPRESENTATION('',(#120),#123);
#120 = B_SPLINE_CURVE_WITH_KNOTS('',1,(#121,#122),.UNSPECIFIED.,.F.,.F.,
  (2,2),(1.999999999998,83.799999984255),.PIECEWISE_BEZIER_KNOTS.);
#121 = CARTESIAN_POINT('',(0.,-59.75));
#122 = CARTESIAN_POINT('',(81.799999984257,-59.75));
#123 = ( GEOMETRIC_REPRESENTATION_CONTEXT(2) 
PARAMETRIC_REPRESENTATION_CONTEXT() REPRESENTATION_CONTEXT('2D SPACE',''
  ) );
#124 = PCURVE('',#125,#130);
#125 = PLANE('',#126);
#126 = AXIS2_PLACEMENT_3D('',#127,#128,#129);
#127 = CARTESIAN_POINT('',(-11.4,-6.4,23.85));
#128 = DIRECTION('',(0.,0.,1.));
#129 = DIRECTION('',(1.,0.,-0.));
#130 = DEFINITIONAL_REPRESENTATION('',(#131),#134);
#131 = B_SPLINE_CURVE_WITH_KNOTS('',1,(#132,#133),.UNSPECIFIED.,.F.,.F.,
  (2,2),(1.999999999998,83.799999984255),.PIECEWISE_BEZIER_KNOTS.);
#132 = CARTESIAN_POINT('',(1.,3.999999999997));
#133 = CARTESIAN_POINT('',(1.,85.799999984253));
#134 = ( GEOMETRIC_REPRESENTATION_CONTEXT(2) 
PARAMETRIC_REPRESENTATION_CONTEXT() REPRESENTATION_CONTEXT('2D SPACE',''
  ) );
#135 = ORIENTED_EDGE('',*,*,#136,.F.);
#136 = EDGE_CURVE('',#48,#111,#137,.T.);
#137 = SURFACE_CURVE('',#138,(#142,#149),.PCURVE_S1.);
#138 = LINE('',#139,#140);
#139 = CARTESIAN_POINT('',(-10.4,79.399999984253,-35.9));
#140 = VECTOR('',#141,1.);
#141 = DIRECTION('',(0.,0.,1.));
#142 = PCURVE('',#58,#143);
#143 = DEFINITIONAL_REPRESENTATION('',(#144),#148);
#144 = LINE('',#145,#146);
#145 = CARTESIAN_POINT('',(81.799999984257,0.));
#146 = VECTOR('',#147,1.);
#147 = DIRECTION('',(0.,-1.));
#148 = ( GEOMETRIC_REPRESENTATION_CONTEXT(2) 
PARAMETRIC_REPRESENTATION_CONTEXT() REPRESENTATION_CONTEXT('2D SPACE',''
  ) );
#149 = PCURVE('',#150,#155);
#150 = CYLINDRICAL_SURFACE('',#151,3.);
#151 = AXIS2_PLACEMENT_3D('',#152,#153,#154);
#152 = CARTESIAN_POINT('',(-7.4,79.399999984253,-35.9));
#153 = DIRECTION('',(0.,0.,-1.));
#154 = DIRECTION('',(-1.,0.,0.));
#155 = DEFINITIONAL_REPRESENTATION('',(#156),#160);
#156 = LINE('',#157,#158);
#157 = CARTESIAN_POINT('',(0.,0.));
#158 = VECTOR('',#159,1.);
#159 = DIRECTION('',(0.,-1.));
#160 = ( GEOMETRIC_REPRESENTATION_CONTEXT(2) 
PARAMETRIC_REPRESENTATION_CONTEXT() REPRESENTATION_CONTEXT('2D SPACE',''
  ) );
#161 = ADVANCED_FACE('',(#162),#70,.F.);
#162 = FACE_BOUND('',#163,.F.);
#163 = EDGE_LOOP('',(#164,#199,#200,#236));
#164 = ORIENTED_EDGE('',*,*,#165,.F.);
#165 = EDGE_CURVE('',#48,#166,#168,.T.);
#166 = VERTEX_POINT('',#167);
#167 = CARTESIAN_POINT('',(-9.33933982822,79.399999984253,
    -35.46066017178));
#168 = SURFACE_CURVE('',#169,(#172,#178),.PCURVE_S1.);
#169 = B_SPLINE_CURVE_WITH_KNOTS('',1,(#170,#171),.UNSPECIFIED.,.F.,.F.,
  (2,2),(0.,4.712388980385),.PIECEWISE_BEZIER_KNOTS.);
#170 = CARTESIAN_POINT('',(-10.4,79.399999984253,-32.9));
#171 = CARTESIAN_POINT('',(-9.33933982822,79.399999984253,
    -35.46066017178));
#172 = PCURVE('',#70,#173);
#173 = DEFINITIONAL_REPRESENTATION('',(#174),#177);
#174 = B_SPLINE_CURVE_WITH_KNOTS('',1,(#175,#176),.UNSPECIFIED.,.F.,.F.,
  (2,2),(0.,4.712388980385),.PIECEWISE_BEZIER_KNOTS.);
#175 = CARTESIAN_POINT('',(1.42108547152E-14,-1.385819298767));
#176 = CARTESIAN_POINT('',(0.,1.385819298767));
#177 = ( GEOMETRIC_REPRESENTATION_CONTEXT(2) 
PARAMETRIC_REPRESENTATION_CONTEXT() REPRESENTATION_CONTEXT('2D SPACE',''
  ) );
#178 = PCURVE('',#179,#194);
#179 = B_SPLINE_SURFACE_WITH_KNOTS('',1,6,(
    (#180,#181,#182,#183,#184,#185,#186)
    ,(#187,#188,#189,#190,#191,#192,#193
    )),.UNSPECIFIED.,.F.,.F.,.F.,(2,2),(7,7),(0.,4.712388980385),(111.8,
    116.51238898038),.PIECEWISE_BEZIER_KNOTS.);
#180 = CARTESIAN_POINT('',(-7.4,82.399999984253,-32.9));
#181 = CARTESIAN_POINT('',(-8.18539456795,82.399999984253,-32.9));
#182 = CARTESIAN_POINT('',(-8.970735425585,82.153318838374,-32.9));
#183 = CARTESIAN_POINT('',(-9.659565528542,81.659565512795,-32.9));
#184 = CARTESIAN_POINT('',(-10.15331885412,80.970735409839,-32.9));
#185 = CARTESIAN_POINT('',(-10.4,80.185394552203,-32.9));
#186 = CARTESIAN_POINT('',(-10.4,79.399999984253,-32.9));
#187 = CARTESIAN_POINT('',(-7.4,81.339339812473,-35.46066017178));
#188 = CARTESIAN_POINT('',(-7.907715655498,81.339339812474,
    -35.46066017178));
#189 = CARTESIAN_POINT('',(-8.415396590144,81.179873622115,
    -35.46066017178));
#190 = CARTESIAN_POINT('',(-8.860688474658,80.860688458911,
    -35.46066017178));
#191 = CARTESIAN_POINT('',(-9.179873637862,80.415396574398,
    -35.46066017178));
#192 = CARTESIAN_POINT('',(-9.33933982822,79.907715639751,
    -35.46066017178));
#193 = CARTESIAN_POINT('',(-9.33933982822,79.399999984253,
    -35.46066017178));
#194 = DEFINITIONAL_REPRESENTATION('',(#195),#198);
#195 = B_SPLINE_CURVE_WITH_KNOTS('',1,(#196,#197),.UNSPECIFIED.,.F.,.F.,
  (2,2),(0.,4.712388980385),.PIECEWISE_BEZIER_KNOTS.);
#196 = CARTESIAN_POINT('',(0.,116.51238898038));
#197 = CARTESIAN_POINT('',(4.712388980385,116.51238898038));
#198 = ( GEOMETRIC_REPRESENTATION_CONTEXT(2) 
PARAMETRIC_REPRESENTATION_CONTEXT() REPRESENTATION_CONTEXT('2D SPACE',''
  ) );
#199 = ORIENTED_EDGE('',*,*,#47,.T.);
#200 = ORIENTED_EDGE('',*,*,#201,.T.);
#201 = EDGE_CURVE('',#50,#202,#204,.T.);
#202 = VERTEX_POINT('',#203);
#203 = CARTESIAN_POINT('',(-9.33933982822,-2.400000000003,
    -35.46066017178));
#204 = SURFACE_CURVE('',#205,(#209,#215),.PCURVE_S1.);
#205 = LINE('',#206,#207);
#206 = CARTESIAN_POINT('',(-9.86966991411,-2.400000000003,
    -34.18033008589));
#207 = VECTOR('',#208,1.);
#208 = DIRECTION('',(0.382683432365,0.,-0.923879532511));
#209 = PCURVE('',#70,#210);
#210 = DEFINITIONAL_REPRESENTATION('',(#211),#214);
#211 = B_SPLINE_CURVE_WITH_KNOTS('',1,(#212,#213),.UNSPECIFIED.,.F.,.F.,
  (2,2),(-1.385819298767,1.385819298767),.PIECEWISE_BEZIER_KNOTS.);
#212 = CARTESIAN_POINT('',(81.799999984257,-1.385819298767));
#213 = CARTESIAN_POINT('',(81.799999984257,1.385819298767));
#214 = ( GEOMETRIC_REPRESENTATION_CONTEXT(2) 
PARAMETRIC_REPRESENTATION_CONTEXT() REPRESENTATION_CONTEXT('2D SPACE',''
  ) );
#215 = PCURVE('',#216,#231);
#216 = B_SPLINE_SURFACE_WITH_KNOTS('',1,6,(
    (#217,#218,#219,#220,#221,#222,#223)
    ,(#224,#225,#226,#227,#228,#229,#230
    )),.UNSPECIFIED.,.F.,.F.,.F.,(2,2),(7,7),(0.,4.712388980385),(
    198.31238896464,203.02477794502),.PIECEWISE_BEZIER_KNOTS.);
#217 = CARTESIAN_POINT('',(-10.4,-2.400000000003,-32.9));
#218 = CARTESIAN_POINT('',(-10.4,-3.185394567953,-32.9));
#219 = CARTESIAN_POINT('',(-10.15331885412,-3.970735425588,-32.9));
#220 = CARTESIAN_POINT('',(-9.659565528542,-4.659565528546,-32.9));
#221 = CARTESIAN_POINT('',(-8.970735425585,-5.153318854123,-32.9));
#222 = CARTESIAN_POINT('',(-8.18539456795,-5.400000000003,-32.9));
#223 = CARTESIAN_POINT('',(-7.4,-5.400000000003,-32.9));
#224 = CARTESIAN_POINT('',(-9.33933982822,-2.400000000003,
    -35.46066017178));
#225 = CARTESIAN_POINT('',(-9.33933982822,-2.907715655501,
    -35.46066017178));
#226 = CARTESIAN_POINT('',(-9.179873637862,-3.415396590148,
    -35.46066017178));
#227 = CARTESIAN_POINT('',(-8.860688474658,-3.860688474662,
    -35.46066017178));
#228 = CARTESIAN_POINT('',(-8.415396590144,-4.179873637865,
    -35.46066017178));
#229 = CARTESIAN_POINT('',(-7.907715655498,-4.339339828224,
    -35.46066017178));
#230 = CARTESIAN_POINT('',(-7.4,-4.339339828224,-35.46066017178));
#231 = DEFINITIONAL_REPRESENTATION('',(#232),#235);
#232 = B_SPLINE_CURVE_WITH_KNOTS('',1,(#233,#234),.UNSPECIFIED.,.F.,.F.,
  (2,2),(-1.385819298767,1.385819298767),.PIECEWISE_BEZIER_KNOTS.);
#233 = CARTESIAN_POINT('',(0.,198.31238896464));
#234 = CARTESIAN_POINT('',(4.712388980385,198.31238896464));
#235 = ( GEOMETRIC_REPRESENTATION_CONTEXT(2) 
PARAMETRIC_REPRESENTATION_CONTEXT() REPRESENTATION_CONTEXT('2D SPACE',''
  ) );
#236 = ORIENTED_EDGE('',*,*,#237,.F.);
#237 = EDGE_CURVE('',#166,#202,#238,.T.);
#238 = SURFACE_CURVE('',#239,(#243,#250),.PCURVE_S1.);
#239 = LINE('',#240,#241);
#240 = CARTESIAN_POINT('',(-9.33933982822,79.399999984253,
    -35.46066017178));
#241 = VECTOR('',#242,1.);
#242 = DIRECTION('',(-0.,-1.,-0.));
#243 = PCURVE('',#70,#244);
#244 = DEFINITIONAL_REPRESENTATION('',(#245),#249);
#245 = LINE('',#246,#247);
#246 = CARTESIAN_POINT('',(0.,1.385819298767));
#247 = VECTOR('',#248,1.);
#248 = DIRECTION('',(1.,0.));
#249 = ( GEOMETRIC_REPRESENTATION_CONTEXT(2) 
PARAMETRIC_REPRESENTATION_CONTEXT() REPRESENTATION_CONTEXT('2D SPACE',''
  ) );
#250 = PCURVE('',#251,#256);
#251 = PLANE('',#252);
#252 = AXIS2_PLACEMENT_3D('',#253,#254,#255);
#253 = CARTESIAN_POINT('',(-9.65,79.399999984253,-35.15));
#254 = DIRECTION('',(0.707106781187,0.,0.707106781187));
#255 = DIRECTION('',(0.,-1.,0.));
#256 = DEFINITIONAL_REPRESENTATION('',(#257),#261);
#257 = LINE('',#258,#259);
#258 = CARTESIAN_POINT('',(-1.42108547152E-14,0.43933982822));
#259 = VECTOR('',#260,1.);
#260 = DIRECTION('',(1.,0.));
#261 = ( GEOMETRIC_REPRESENTATION_CONTEXT(2) 
PARAMETRIC_REPRESENTATION_CONTEXT() REPRESENTATION_CONTEXT('2D SPACE',''
  ) );
#262 = ADVANCED_FACE('',(#263),#150,.T.);
#263 = FACE_BOUND('',#264,.T.);
#264 = EDGE_LOOP('',(#265,#295,#325,#326,#354,#381,#410,#436,#469,#496)
  );
#265 = ORIENTED_EDGE('',*,*,#266,.F.);
#266 = EDGE_CURVE('',#267,#269,#271,.T.);
#267 = VERTEX_POINT('',#268);
#268 = CARTESIAN_POINT('',(-7.4,82.400000000003,-32.9));
#269 = VERTEX_POINT('',#270);
#270 = CARTESIAN_POINT('',(-7.4,82.400000000003,38.25));
#271 = SURFACE_CURVE('',#272,(#276,#283),.PCURVE_S1.);
#272 = LINE('',#273,#274);
#273 = CARTESIAN_POINT('',(-7.4,82.399999992128,-35.9));
#274 = VECTOR('',#275,1.);
#275 = DIRECTION('',(0.,0.,1.));
#276 = PCURVE('',#150,#277);
#277 = DEFINITIONAL_REPRESENTATION('',(#278),#282);
#278 = LINE('',#279,#280);
#279 = CARTESIAN_POINT('',(1.570796326795,0.));
#280 = VECTOR('',#281,1.);
#281 = DIRECTION('',(0.,-1.));
#282 = ( GEOMETRIC_REPRESENTATION_CONTEXT(2) 
PARAMETRIC_REPRESENTATION_CONTEXT() REPRESENTATION_CONTEXT('2D SPACE',''
  ) );
#283 = PCURVE('',#284,#289);
#284 = PLANE('',#285);
#285 = AXIS2_PLACEMENT_3D('',#286,#287,#288);
#286 = CARTESIAN_POINT('',(-7.4,82.400000000003,-35.9));
#287 = DIRECTION('',(0.,1.,0.));
#288 = DIRECTION('',(1.,0.,0.));
#289 = DEFINITIONAL_REPRESENTATION('',(#290),#294);
#290 = LINE('',#291,#292);
#291 = CARTESIAN_POINT('',(0.,0.));
#292 = VECTOR('',#293,1.);
#293 = DIRECTION('',(0.,-1.));
#294 = ( GEOMETRIC_REPRESENTATION_CONTEXT(2) 
PARAMETRIC_REPRESENTATION_CONTEXT() REPRESENTATION_CONTEXT('2D SPACE',''
  ) );
#295 = ORIENTED_EDGE('',*,*,#296,.T.);
#296 = EDGE_CURVE('',#267,#48,#297,.T.);
#297 = SURFACE_CURVE('',#298,(#306,#318),.PCURVE_S1.);
#298 = B_SPLINE_CURVE_WITH_KNOTS('',6,(#299,#300,#301,#302,#303,#304,
    #305),.UNSPECIFIED.,.F.,.F.,(7,7),(111.8,116.51238898038),
  .PIECEWISE_BEZIER_KNOTS.);
#299 = CARTESIAN_POINT('',(-7.4,82.399999984253,-32.9));
#300 = CARTESIAN_POINT('',(-8.18539456795,82.399999984253,-32.9));
#301 = CARTESIAN_POINT('',(-8.970735425585,82.153318838374,-32.9));
#302 = CARTESIAN_POINT('',(-9.659565528542,81.659565512795,-32.9));
#303 = CARTESIAN_POINT('',(-10.15331885412,80.970735409839,-32.9));
#304 = CARTESIAN_POINT('',(-10.4,80.185394552203,-32.9));
#305 = CARTESIAN_POINT('',(-10.4,79.399999984253,-32.9));
#306 = PCURVE('',#150,#307);
#307 = DEFINITIONAL_REPRESENTATION('',(#308),#317);
#308 = B_SPLINE_CURVE_WITH_KNOTS('',7,(#309,#310,#311,#312,#313,#314,
    #315,#316),.UNSPECIFIED.,.F.,.F.,(8,8),(111.8,116.51238898038),
  .PIECEWISE_BEZIER_KNOTS.);
#309 = CARTESIAN_POINT('',(1.570796326795,-3.));
#310 = CARTESIAN_POINT('',(1.346397878809,-3.));
#311 = CARTESIAN_POINT('',(1.122015081611,-3.));
#312 = CARTESIAN_POINT('',(0.897550409458,-3.));
#313 = CARTESIAN_POINT('',(0.673245917337,-3.));
#314 = CARTESIAN_POINT('',(0.448781245183,-3.));
#315 = CARTESIAN_POINT('',(0.224398447986,-3.));
#316 = CARTESIAN_POINT('',(-1.110223024625E-16,-3.));
#317 = ( GEOMETRIC_REPRESENTATION_CONTEXT(2) 
PARAMETRIC_REPRESENTATION_CONTEXT() REPRESENTATION_CONTEXT('2D SPACE',''
  ) );
#318 = PCURVE('',#179,#319);
#319 = DEFINITIONAL_REPRESENTATION('',(#320),#324);
#320 = LINE('',#321,#322);
#321 = CARTESIAN_POINT('',(0.,0.));
#322 = VECTOR('',#323,1.);
#323 = DIRECTION('',(0.,1.));
#324 = ( GEOMETRIC_REPRESENTATION_CONTEXT(2) 
PARAMETRIC_REPRESENTATION_CONTEXT() REPRESENTATION_CONTEXT('2D SPACE',''
  ) );
#325 = ORIENTED_EDGE('',*,*,#136,.T.);
#326 = ORIENTED_EDGE('',*,*,#327,.T.);
#327 = EDGE_CURVE('',#111,#328,#330,.T.);
#328 = VERTEX_POINT('',#329);
#329 = CARTESIAN_POINT('',(-10.33938768812,80.,23.85));
#330 = SURFACE_CURVE('',#331,(#336,#343),.PCURVE_S1.);
#331 = CIRCLE('',#332,3.);
#332 = AXIS2_PLACEMENT_3D('',#333,#334,#335);
#333 = CARTESIAN_POINT('',(-7.4,79.399999984253,23.85));
#334 = DIRECTION('',(0.,0.,-1.));
#335 = DIRECTION('',(-1.,0.,0.));
#336 = PCURVE('',#150,#337);
#337 = DEFINITIONAL_REPRESENTATION('',(#338),#342);
#338 = LINE('',#339,#340);
#339 = CARTESIAN_POINT('',(0.,-59.75));
#340 = VECTOR('',#341,1.);
#341 = DIRECTION('',(1.,0.));
#342 = ( GEOMETRIC_REPRESENTATION_CONTEXT(2) 
PARAMETRIC_REPRESENTATION_CONTEXT() REPRESENTATION_CONTEXT('2D SPACE',''
  ) );
#343 = PCURVE('',#125,#344);
#344 = DEFINITIONAL_REPRESENTATION('',(#345),#353);
#345 = ( BOUNDED_CURVE() B_SPLINE_CURVE(2,(#346,#347,#348,#349,#350,#351
,#352),.UNSPECIFIED.,.T.,.F.) B_SPLINE_CURVE_WITH_KNOTS((1,2,2,2,2,1),(
    -2.094395102393,0.,2.094395102393,4.188790204786,6.28318530718,
8.377580409573),.UNSPECIFIED.) CURVE() GEOMETRIC_REPRESENTATION_ITEM() 
RATIONAL_B_SPLINE_CURVE((1.,0.5,1.,0.5,1.,0.5,1.)) REPRESENTATION_ITEM(
  '') );
#346 = CARTESIAN_POINT('',(1.,85.799999984253));
#347 = CARTESIAN_POINT('',(1.,90.99615240696));
#348 = CARTESIAN_POINT('',(5.5,88.398076195607));
#349 = CARTESIAN_POINT('',(10.,85.799999984253));
#350 = CARTESIAN_POINT('',(5.5,83.2019237729));
#351 = CARTESIAN_POINT('',(1.,80.603847561547));
#352 = CARTESIAN_POINT('',(1.,85.799999984253));
#353 = ( GEOMETRIC_REPRESENTATION_CONTEXT(2) 
PARAMETRIC_REPRESENTATION_CONTEXT() REPRESENTATION_CONTEXT('2D SPACE',''
  ) );
#354 = ORIENTED_EDGE('',*,*,#355,.F.);
#355 = EDGE_CURVE('',#356,#328,#358,.T.);
#356 = VERTEX_POINT('',#357);
#357 = CARTESIAN_POINT('',(-10.33938768812,80.,26.65));
#358 = SURFACE_CURVE('',#359,(#363,#369),.PCURVE_S1.);
#359 = LINE('',#360,#361);
#360 = CARTESIAN_POINT('',(-10.33938768812,80.,-35.9));
#361 = VECTOR('',#362,1.);
#362 = DIRECTION('',(0.,0.,-1.));
#363 = PCURVE('',#150,#364);
#364 = DEFINITIONAL_REPRESENTATION('',(#365),#368);
#365 = B_SPLINE_CURVE_WITH_KNOTS('',1,(#366,#367),.UNSPECIFIED.,.F.,.F.,
  (2,2),(-74.1500006,-57.81),.PIECEWISE_BEZIER_KNOTS.);
#366 = CARTESIAN_POINT('',(0.201357926147,-74.1500006));
#367 = CARTESIAN_POINT('',(0.201357926147,-57.81));
#368 = ( GEOMETRIC_REPRESENTATION_CONTEXT(2) 
PARAMETRIC_REPRESENTATION_CONTEXT() REPRESENTATION_CONTEXT('2D SPACE',''
  ) );
#369 = PCURVE('',#370,#375);
#370 = PLANE('',#371);
#371 = AXIS2_PLACEMENT_3D('',#372,#373,#374);
#372 = CARTESIAN_POINT('',(-11.4,80.,23.85));
#373 = DIRECTION('',(-0.,1.,0.));
#374 = DIRECTION('',(0.,0.,1.));
#375 = DEFINITIONAL_REPRESENTATION('',(#376),#380);
#376 = LINE('',#377,#378);
#377 = CARTESIAN_POINT('',(-59.75,1.060612311874));
#378 = VECTOR('',#379,1.);
#379 = DIRECTION('',(-1.,0.));
#380 = ( GEOMETRIC_REPRESENTATION_CONTEXT(2) 
PARAMETRIC_REPRESENTATION_CONTEXT() REPRESENTATION_CONTEXT('2D SPACE',''
  ) );
#381 = ORIENTED_EDGE('',*,*,#382,.T.);
#382 = EDGE_CURVE('',#356,#383,#385,.T.);
#383 = VERTEX_POINT('',#384);
#384 = CARTESIAN_POINT('',(-10.33732871514,80.01,26.65));
#385 = SURFACE_CURVE('',#386,(#391,#398),.PCURVE_S1.);
#386 = CIRCLE('',#387,3.);
#387 = AXIS2_PLACEMENT_3D('',#388,#389,#390);
#388 = CARTESIAN_POINT('',(-7.4,79.399999984253,26.65));
#389 = DIRECTION('',(0.,0.,-1.));
#390 = DIRECTION('',(-1.,0.,0.));
#391 = PCURVE('',#150,#392);
#392 = DEFINITIONAL_REPRESENTATION('',(#393),#397);
#393 = LINE('',#394,#395);
#394 = CARTESIAN_POINT('',(0.,-62.55));
#395 = VECTOR('',#396,1.);
#396 = DIRECTION('',(1.,0.));
#397 = ( GEOMETRIC_REPRESENTATION_CONTEXT(2) 
PARAMETRIC_REPRESENTATION_CONTEXT() REPRESENTATION_CONTEXT('2D SPACE',''
  ) );
#398 = PCURVE('',#399,#404);
#399 = PLANE('',#400);
#400 = AXIS2_PLACEMENT_3D('',#401,#402,#403);
#401 = CARTESIAN_POINT('',(48.5,80.01,26.65));
#402 = DIRECTION('',(-0.,-0.,-1.));
#403 = DIRECTION('',(0.,-1.,0.));
#404 = DEFINITIONAL_REPRESENTATION('',(#405),#409);
#405 = CIRCLE('',#406,3.);
#406 = AXIS2_PLACEMENT_2D('',#407,#408);
#407 = CARTESIAN_POINT('',(0.610000015747,55.9));
#408 = DIRECTION('',(0.,1.));
#409 = ( GEOMETRIC_REPRESENTATION_CONTEXT(2) 
PARAMETRIC_REPRESENTATION_CONTEXT() REPRESENTATION_CONTEXT('2D SPACE',''
  ) );
#410 = ORIENTED_EDGE('',*,*,#411,.F.);
#411 = EDGE_CURVE('',#412,#383,#414,.T.);
#412 = VERTEX_POINT('',#413);
#413 = CARTESIAN_POINT('',(-10.33732871514,80.01,29.05));
#414 = SURFACE_CURVE('',#415,(#419,#425),.PCURVE_S1.);
#415 = LINE('',#416,#417);
#416 = CARTESIAN_POINT('',(-10.33732871514,80.01,-35.9));
#417 = VECTOR('',#418,1.);
#418 = DIRECTION('',(0.,0.,-1.));
#419 = PCURVE('',#150,#420);
#420 = DEFINITIONAL_REPRESENTATION('',(#421),#424);
#421 = B_SPLINE_CURVE_WITH_KNOTS('',1,(#422,#423),.UNSPECIFIED.,.F.,.F.,
  (2,2),(-65.19,-62.31),.PIECEWISE_BEZIER_KNOTS.);
#422 = CARTESIAN_POINT('',(0.204761183906,-65.19));
#423 = CARTESIAN_POINT('',(0.204761183906,-62.31));
#424 = ( GEOMETRIC_REPRESENTATION_CONTEXT(2) 
PARAMETRIC_REPRESENTATION_CONTEXT() REPRESENTATION_CONTEXT('2D SPACE',''
  ) );
#425 = PCURVE('',#426,#431);
#426 = PLANE('',#427);
#427 = AXIS2_PLACEMENT_3D('',#428,#429,#430);
#428 = CARTESIAN_POINT('',(48.5,80.01,29.05));
#429 = DIRECTION('',(0.,1.,0.));
#430 = DIRECTION('',(0.,0.,-1.));
#431 = DEFINITIONAL_REPRESENTATION('',(#432),#435);
#432 = B_SPLINE_CURVE_WITH_KNOTS('',1,(#433,#434),.UNSPECIFIED.,.F.,.F.,
  (2,2),(-65.19,-62.31),.PIECEWISE_BEZIER_KNOTS.);
#433 = CARTESIAN_POINT('',(-0.24,58.837328715141));
#434 = CARTESIAN_POINT('',(2.64,58.837328715141));
#435 = ( GEOMETRIC_REPRESENTATION_CONTEXT(2) 
PARAMETRIC_REPRESENTATION_CONTEXT() REPRESENTATION_CONTEXT('2D SPACE',''
  ) );
#436 = ORIENTED_EDGE('',*,*,#437,.F.);
#437 = EDGE_CURVE('',#438,#412,#440,.T.);
#438 = VERTEX_POINT('',#439);
#439 = CARTESIAN_POINT('',(-10.33938768812,80.,29.05));
#440 = SURFACE_CURVE('',#441,(#446,#453),.PCURVE_S1.);
#441 = CIRCLE('',#442,3.);
#442 = AXIS2_PLACEMENT_3D('',#443,#444,#445);
#443 = CARTESIAN_POINT('',(-7.4,79.399999984253,29.05));
#444 = DIRECTION('',(0.,0.,-1.));
#445 = DIRECTION('',(-1.,0.,0.));
#446 = PCURVE('',#150,#447);
#447 = DEFINITIONAL_REPRESENTATION('',(#448),#452);
#448 = LINE('',#449,#450);
#449 = CARTESIAN_POINT('',(0.,-64.95));
#450 = VECTOR('',#451,1.);
#451 = DIRECTION('',(1.,0.));
#452 = ( GEOMETRIC_REPRESENTATION_CONTEXT(2) 
PARAMETRIC_REPRESENTATION_CONTEXT() REPRESENTATION_CONTEXT('2D SPACE',''
  ) );
#453 = PCURVE('',#454,#459);
#454 = PLANE('',#455);
#455 = AXIS2_PLACEMENT_3D('',#456,#457,#458);
#456 = CARTESIAN_POINT('',(48.5,77.5,29.05));
#457 = DIRECTION('',(0.,-0.,1.));
#458 = DIRECTION('',(0.,1.,0.));
#459 = DEFINITIONAL_REPRESENTATION('',(#460),#468);
#460 = ( BOUNDED_CURVE() B_SPLINE_CURVE(2,(#461,#462,#463,#464,#465,#466
,#467),.UNSPECIFIED.,.T.,.F.) B_SPLINE_CURVE_WITH_KNOTS((1,2,2,2,2,1),(
    -2.094395102393,0.,2.094395102393,4.188790204786,6.28318530718,
8.377580409573),.UNSPECIFIED.) CURVE() GEOMETRIC_REPRESENTATION_ITEM() 
RATIONAL_B_SPLINE_CURVE((1.,0.5,1.,0.5,1.,0.5,1.)) REPRESENTATION_ITEM(
  '') );
#461 = CARTESIAN_POINT('',(1.899999984253,58.9));
#462 = CARTESIAN_POINT('',(7.09615240696,58.9));
#463 = CARTESIAN_POINT('',(4.498076195607,54.4));
#464 = CARTESIAN_POINT('',(1.899999984253,49.9));
#465 = CARTESIAN_POINT('',(-0.6980762271,54.4));
#466 = CARTESIAN_POINT('',(-3.296152438453,58.9));
#467 = CARTESIAN_POINT('',(1.899999984253,58.9));
#468 = ( GEOMETRIC_REPRESENTATION_CONTEXT(2) 
PARAMETRIC_REPRESENTATION_CONTEXT() REPRESENTATION_CONTEXT('2D SPACE',''
  ) );
#469 = ORIENTED_EDGE('',*,*,#470,.F.);
#470 = EDGE_CURVE('',#471,#438,#473,.T.);
#471 = VERTEX_POINT('',#472);
#472 = CARTESIAN_POINT('',(-10.3393904106,80.,38.25));
#473 = SURFACE_CURVE('',#474,(#478,#484),.PCURVE_S1.);
#474 = LINE('',#475,#476);
#475 = CARTESIAN_POINT('',(-10.33938768812,80.,-35.9));
#476 = VECTOR('',#477,1.);
#477 = DIRECTION('',(0.,0.,-1.));
#478 = PCURVE('',#150,#479);
#479 = DEFINITIONAL_REPRESENTATION('',(#480),#483);
#480 = B_SPLINE_CURVE_WITH_KNOTS('',1,(#481,#482),.UNSPECIFIED.,.F.,.F.,
  (2,2),(-74.1500006,-57.81),.PIECEWISE_BEZIER_KNOTS.);
#481 = CARTESIAN_POINT('',(0.201357926147,-74.1500006));
#482 = CARTESIAN_POINT('',(0.201357926147,-57.81));
#483 = ( GEOMETRIC_REPRESENTATION_CONTEXT(2) 
PARAMETRIC_REPRESENTATION_CONTEXT() REPRESENTATION_CONTEXT('2D SPACE',''
  ) );
#484 = PCURVE('',#485,#490);
#485 = PLANE('',#486);
#486 = AXIS2_PLACEMENT_3D('',#487,#488,#489);
#487 = CARTESIAN_POINT('',(-11.4,80.,23.85));
#488 = DIRECTION('',(-0.,1.,0.));
#489 = DIRECTION('',(0.,0.,1.));
#490 = DEFINITIONAL_REPRESENTATION('',(#491),#495);
#491 = LINE('',#492,#493);
#492 = CARTESIAN_POINT('',(-59.75,1.060612311874));
#493 = VECTOR('',#494,1.);
#494 = DIRECTION('',(-1.,0.));
#495 = ( GEOMETRIC_REPRESENTATION_CONTEXT(2) 
PARAMETRIC_REPRESENTATION_CONTEXT() REPRESENTATION_CONTEXT('2D SPACE',''
  ) );
#496 = ORIENTED_EDGE('',*,*,#497,.F.);
#497 = EDGE_CURVE('',#269,#471,#498,.T.);
#498 = SURFACE_CURVE('',#499,(#507,#519),.PCURVE_S1.);
#499 = B_SPLINE_CURVE_WITH_KNOTS('',6,(#500,#501,#502,#503,#504,#505,
    #506),.UNSPECIFIED.,.F.,.F.,(7,7),(111.8,116.51238898038),
  .PIECEWISE_BEZIER_KNOTS.);
#500 = CARTESIAN_POINT('',(-7.4,82.399999984253,38.25));
#501 = CARTESIAN_POINT('',(-8.18539456795,82.399999984253,38.25));
#502 = CARTESIAN_POINT('',(-8.970735425585,82.153318838373,38.25));
#503 = CARTESIAN_POINT('',(-9.659565528542,81.659565512796,38.25));
#504 = CARTESIAN_POINT('',(-10.15331885412,80.970735409838,38.25));
#505 = CARTESIAN_POINT('',(-10.4,80.185394552203,38.25));
#506 = CARTESIAN_POINT('',(-10.4,79.399999984253,38.25));
#507 = PCURVE('',#150,#508);
#508 = DEFINITIONAL_REPRESENTATION('',(#509),#518);
#509 = B_SPLINE_CURVE_WITH_KNOTS('',7,(#510,#511,#512,#513,#514,#515,
    #516,#517),.UNSPECIFIED.,.F.,.F.,(8,8),(111.8,116.51238898038),
  .PIECEWISE_BEZIER_KNOTS.);
#510 = CARTESIAN_POINT('',(1.570796326795,-74.15));
#511 = CARTESIAN_POINT('',(1.346397878809,-74.15));
#512 = CARTESIAN_POINT('',(1.122015081612,-74.14999999999));
#513 = CARTESIAN_POINT('',(0.897550409458,-74.15));
#514 = CARTESIAN_POINT('',(0.673245917337,-74.14999999999));
#515 = CARTESIAN_POINT('',(0.448781245183,-74.15));
#516 = CARTESIAN_POINT('',(0.224398447986,-74.15));
#517 = CARTESIAN_POINT('',(-9.371537620294E-15,-74.15));
#518 = ( GEOMETRIC_REPRESENTATION_CONTEXT(2) 
PARAMETRIC_REPRESENTATION_CONTEXT() REPRESENTATION_CONTEXT('2D SPACE',''
  ) );
#519 = PCURVE('',#520,#535);
#520 = B_SPLINE_SURFACE_WITH_KNOTS('',1,6,(
    (#521,#522,#523,#524,#525,#526,#527)
    ,(#528,#529,#530,#531,#532,#533,#534
    )),.UNSPECIFIED.,.F.,.F.,.F.,(2,2),(7,7),(0.,4.712388980385),(111.8,
    116.51238898038),.PIECEWISE_BEZIER_KNOTS.);
#521 = CARTESIAN_POINT('',(-7.4,82.399999984253,38.25));
#522 = CARTESIAN_POINT('',(-8.18539456795,82.399999984253,38.25));
#523 = CARTESIAN_POINT('',(-8.970735425585,82.153318838373,38.25));
#524 = CARTESIAN_POINT('',(-9.659565528542,81.659565512796,38.25));
#525 = CARTESIAN_POINT('',(-10.15331885412,80.970735409838,38.25));
#526 = CARTESIAN_POINT('',(-10.4,80.185394552203,38.25));
#527 = CARTESIAN_POINT('',(-10.4,79.399999984253,38.25));
#528 = CARTESIAN_POINT('',(-7.4,81.339339812473,40.81066017178));
#529 = CARTESIAN_POINT('',(-7.907715655498,81.339339812474,
    40.81066017178));
#530 = CARTESIAN_POINT('',(-8.415396590144,81.179873622115,
    40.81066017178));
#531 = CARTESIAN_POINT('',(-8.860688474659,80.860688458912,
    40.81066017178));
#532 = CARTESIAN_POINT('',(-9.179873637862,80.415396574397,
    40.81066017178));
#533 = CARTESIAN_POINT('',(-9.33933982822,79.907715639751,40.81066017178
    ));
#534 = CARTESIAN_POINT('',(-9.33933982822,79.399999984253,40.81066017178
    ));
#535 = DEFINITIONAL_REPRESENTATION('',(#536),#540);
#536 = LINE('',#537,#538);
#537 = CARTESIAN_POINT('',(0.,0.));
#538 = VECTOR('',#539,1.);
#539 = DIRECTION('',(0.,1.));
#540 = ( GEOMETRIC_REPRESENTATION_CONTEXT(2) 
PARAMETRIC_REPRESENTATION_CONTEXT() REPRESENTATION_CONTEXT('2D SPACE',''
  ) );
#541 = ADVANCED_FACE('',(#542),#125,.T.);
#542 = FACE_BOUND('',#543,.T.);
#543 = EDGE_LOOP('',(#544,#567,#568,#569,#597,#623,#649,#675,#701,#722,
    #755,#781,#814,#837,#863,#889));
#544 = ORIENTED_EDGE('',*,*,#545,.F.);
#545 = EDGE_CURVE('',#328,#546,#548,.T.);
#546 = VERTEX_POINT('',#547);
#547 = CARTESIAN_POINT('',(-8.,80.,23.85));
#548 = SURFACE_CURVE('',#549,(#553,#560),.PCURVE_S1.);
#549 = LINE('',#550,#551);
#550 = CARTESIAN_POINT('',(-11.4,80.,23.85));
#551 = VECTOR('',#552,1.);
#552 = DIRECTION('',(1.,0.,-0.));
#553 = PCURVE('',#125,#554);
#554 = DEFINITIONAL_REPRESENTATION('',(#555),#559);
#555 = LINE('',#556,#557);
#556 = CARTESIAN_POINT('',(0.,86.4));
#557 = VECTOR('',#558,1.);
#558 = DIRECTION('',(1.,0.));
#559 = ( GEOMETRIC_REPRESENTATION_CONTEXT(2) 
PARAMETRIC_REPRESENTATION_CONTEXT() REPRESENTATION_CONTEXT('2D SPACE',''
  ) );
#560 = PCURVE('',#370,#561);
#561 = DEFINITIONAL_REPRESENTATION('',(#562),#566);
#562 = LINE('',#563,#564);
#563 = CARTESIAN_POINT('',(0.,0.));
#564 = VECTOR('',#565,1.);
#565 = DIRECTION('',(0.,1.));
#566 = ( GEOMETRIC_REPRESENTATION_CONTEXT(2) 
PARAMETRIC_REPRESENTATION_CONTEXT() REPRESENTATION_CONTEXT('2D SPACE',''
  ) );
#567 = ORIENTED_EDGE('',*,*,#327,.F.);
#568 = ORIENTED_EDGE('',*,*,#110,.F.);
#569 = ORIENTED_EDGE('',*,*,#570,.F.);
#570 = EDGE_CURVE('',#571,#83,#573,.T.);
#571 = VERTEX_POINT('',#572);
#572 = CARTESIAN_POINT('',(-7.4,-5.4,23.85));
#573 = SURFACE_CURVE('',#574,(#579,#590),.PCURVE_S1.);
#574 = CIRCLE('',#575,3.);
#575 = AXIS2_PLACEMENT_3D('',#576,#577,#578);
#576 = CARTESIAN_POINT('',(-7.4,-2.400000000003,23.85));
#577 = DIRECTION('',(0.,0.,-1.));
#578 = DIRECTION('',(-1.,0.,0.));
#579 = PCURVE('',#125,#580);
#580 = DEFINITIONAL_REPRESENTATION('',(#581),#589);
#581 = ( BOUNDED_CURVE() B_SPLINE_CURVE(2,(#582,#583,#584,#585,#586,#587
,#588),.UNSPECIFIED.,.T.,.F.) B_SPLINE_CURVE_WITH_KNOTS((1,2,2,2,2,1),(
    -2.094395102393,0.,2.094395102393,4.188790204786,6.28318530718,
8.377580409573),.UNSPECIFIED.) CURVE() GEOMETRIC_REPRESENTATION_ITEM() 
RATIONAL_B_SPLINE_CURVE((1.,0.5,1.,0.5,1.,0.5,1.)) REPRESENTATION_ITEM(
  '') );
#582 = CARTESIAN_POINT('',(1.,3.999999999997));
#583 = CARTESIAN_POINT('',(1.,9.196152422703));
#584 = CARTESIAN_POINT('',(5.5,6.59807621135));
#585 = CARTESIAN_POINT('',(10.,3.999999999997));
#586 = CARTESIAN_POINT('',(5.5,1.401923788643));
#587 = CARTESIAN_POINT('',(1.,-1.19615242271));
#588 = CARTESIAN_POINT('',(1.,3.999999999997));
#589 = ( GEOMETRIC_REPRESENTATION_CONTEXT(2) 
PARAMETRIC_REPRESENTATION_CONTEXT() REPRESENTATION_CONTEXT('2D SPACE',''
  ) );
#590 = PCURVE('',#98,#591);
#591 = DEFINITIONAL_REPRESENTATION('',(#592),#596);
#592 = LINE('',#593,#594);
#593 = CARTESIAN_POINT('',(0.,-59.75));
#594 = VECTOR('',#595,1.);
#595 = DIRECTION('',(1.,0.));
#596 = ( GEOMETRIC_REPRESENTATION_CONTEXT(2) 
PARAMETRIC_REPRESENTATION_CONTEXT() REPRESENTATION_CONTEXT('2D SPACE',''
  ) );
#597 = ORIENTED_EDGE('',*,*,#598,.T.);
#598 = EDGE_CURVE('',#571,#599,#601,.T.);
#599 = VERTEX_POINT('',#600);
#600 = CARTESIAN_POINT('',(42.5,-5.399999999997,23.85));
#601 = SURFACE_CURVE('',#602,(#606,#612),.PCURVE_S1.);
#602 = LINE('',#603,#604);
#603 = CARTESIAN_POINT('',(-9.4,-5.399999999997,23.85));
#604 = VECTOR('',#605,1.);
#605 = DIRECTION('',(1.,0.,0.));
#606 = PCURVE('',#125,#607);
#607 = DEFINITIONAL_REPRESENTATION('',(#608),#611);
#608 = B_SPLINE_CURVE_WITH_KNOTS('',1,(#609,#610),.UNSPECIFIED.,.F.,.F.,
  (2,2),(2.,113.8),.PIECEWISE_BEZIER_KNOTS.);
#609 = CARTESIAN_POINT('',(4.,1.000000000003));
#610 = CARTESIAN_POINT('',(115.8,1.000000000003));
#611 = ( GEOMETRIC_REPRESENTATION_CONTEXT(2) 
PARAMETRIC_REPRESENTATION_CONTEXT() REPRESENTATION_CONTEXT('2D SPACE',''
  ) );
#612 = PCURVE('',#613,#618);
#613 = PLANE('',#614);
#614 = AXIS2_PLACEMENT_3D('',#615,#616,#617);
#615 = CARTESIAN_POINT('',(-7.4,-5.399999999997,-35.9));
#616 = DIRECTION('',(0.,1.,0.));
#617 = DIRECTION('',(1.,0.,0.));
#618 = DEFINITIONAL_REPRESENTATION('',(#619),#622);
#619 = B_SPLINE_CURVE_WITH_KNOTS('',1,(#620,#621),.UNSPECIFIED.,.F.,.F.,
  (2,2),(2.,113.8),.PIECEWISE_BEZIER_KNOTS.);
#620 = CARTESIAN_POINT('',(0.,-59.75));
#621 = CARTESIAN_POINT('',(111.8,-59.75));
#622 = ( GEOMETRIC_REPRESENTATION_CONTEXT(2) 
PARAMETRIC_REPRESENTATION_CONTEXT() REPRESENTATION_CONTEXT('2D SPACE',''
  ) );
#623 = ORIENTED_EDGE('',*,*,#624,.T.);
#624 = EDGE_CURVE('',#599,#625,#627,.T.);
#625 = VERTEX_POINT('',#626);
#626 = CARTESIAN_POINT('',(42.5,-3.6,23.85));
#627 = SURFACE_CURVE('',#628,(#632,#638),.PCURVE_S1.);
#628 = LINE('',#629,#630);
#629 = CARTESIAN_POINT('',(42.5,-6.4,23.85));
#630 = VECTOR('',#631,1.);
#631 = DIRECTION('',(-0.,1.,0.));
#632 = PCURVE('',#125,#633);
#633 = DEFINITIONAL_REPRESENTATION('',(#634),#637);
#634 = B_SPLINE_CURVE_WITH_KNOTS('',1,(#635,#636),.UNSPECIFIED.,.F.,.F.,
  (2,2),(0.999999999997,2.8),.PIECEWISE_BEZIER_KNOTS.);
#635 = CARTESIAN_POINT('',(53.9,0.999999999997));
#636 = CARTESIAN_POINT('',(53.9,2.8));
#637 = ( GEOMETRIC_REPRESENTATION_CONTEXT(2) 
PARAMETRIC_REPRESENTATION_CONTEXT() REPRESENTATION_CONTEXT('2D SPACE',''
  ) );
#638 = PCURVE('',#639,#644);
#639 = PLANE('',#640);
#640 = AXIS2_PLACEMENT_3D('',#641,#642,#643);
#641 = CARTESIAN_POINT('',(42.5,-6.4,22.35));
#642 = DIRECTION('',(1.,0.,-0.));
#643 = DIRECTION('',(0.,0.,1.));
#644 = DEFINITIONAL_REPRESENTATION('',(#645),#648);
#645 = B_SPLINE_CURVE_WITH_KNOTS('',1,(#646,#647),.UNSPECIFIED.,.F.,.F.,
  (2,2),(0.999999999997,2.8),.PIECEWISE_BEZIER_KNOTS.);
#646 = CARTESIAN_POINT('',(1.5,-0.999999999997));
#647 = CARTESIAN_POINT('',(1.5,-2.8));
#648 = ( GEOMETRIC_REPRESENTATION_CONTEXT(2) 
PARAMETRIC_REPRESENTATION_CONTEXT() REPRESENTATION_CONTEXT('2D SPACE',''
  ) );
#649 = ORIENTED_EDGE('',*,*,#650,.F.);
#650 = EDGE_CURVE('',#651,#625,#653,.T.);
#651 = VERTEX_POINT('',#652);
#652 = CARTESIAN_POINT('',(54.5,-3.6,23.85));
#653 = SURFACE_CURVE('',#654,(#658,#664),.PCURVE_S1.);
#654 = LINE('',#655,#656);
#655 = CARTESIAN_POINT('',(15.55,-3.6,23.85));
#656 = VECTOR('',#657,1.);
#657 = DIRECTION('',(-1.,-0.,0.));
#658 = PCURVE('',#125,#659);
#659 = DEFINITIONAL_REPRESENTATION('',(#660),#663);
#660 = B_SPLINE_CURVE_WITH_KNOTS('',1,(#661,#662),.UNSPECIFIED.,.F.,.F.,
  (2,2),(-38.95,-26.95),.PIECEWISE_BEZIER_KNOTS.);
#661 = CARTESIAN_POINT('',(65.9,2.8));
#662 = CARTESIAN_POINT('',(53.9,2.8));
#663 = ( GEOMETRIC_REPRESENTATION_CONTEXT(2) 
PARAMETRIC_REPRESENTATION_CONTEXT() REPRESENTATION_CONTEXT('2D SPACE',''
  ) );
#664 = PCURVE('',#665,#670);
#665 = PLANE('',#666);
#666 = AXIS2_PLACEMENT_3D('',#667,#668,#669);
#667 = CARTESIAN_POINT('',(42.5,-3.6,22.35));
#668 = DIRECTION('',(-0.,1.,0.));
#669 = DIRECTION('',(0.,0.,1.));
#670 = DEFINITIONAL_REPRESENTATION('',(#671),#674);
#671 = B_SPLINE_CURVE_WITH_KNOTS('',1,(#672,#673),.UNSPECIFIED.,.F.,.F.,
  (2,2),(-38.95,-26.95),.PIECEWISE_BEZIER_KNOTS.);
#672 = CARTESIAN_POINT('',(1.5,12.));
#673 = CARTESIAN_POINT('',(1.5,0.));
#674 = ( GEOMETRIC_REPRESENTATION_CONTEXT(2) 
PARAMETRIC_REPRESENTATION_CONTEXT() REPRESENTATION_CONTEXT('2D SPACE',''
  ) );
#675 = ORIENTED_EDGE('',*,*,#676,.F.);
#676 = EDGE_CURVE('',#677,#651,#679,.T.);
#677 = VERTEX_POINT('',#678);
#678 = CARTESIAN_POINT('',(54.5,-5.399999999997,23.85));
#679 = SURFACE_CURVE('',#680,(#684,#690),.PCURVE_S1.);
#680 = LINE('',#681,#682);
#681 = CARTESIAN_POINT('',(54.5,-6.4,23.85));
#682 = VECTOR('',#683,1.);
#683 = DIRECTION('',(-0.,1.,0.));
#684 = PCURVE('',#125,#685);
#685 = DEFINITIONAL_REPRESENTATION('',(#686),#689);
#686 = B_SPLINE_CURVE_WITH_KNOTS('',1,(#687,#688),.UNSPECIFIED.,.F.,.F.,
  (2,2),(0.999999999997,2.8),.PIECEWISE_BEZIER_KNOTS.);
#687 = CARTESIAN_POINT('',(65.9,0.999999999997));
#688 = CARTESIAN_POINT('',(65.9,2.8));
#689 = ( GEOMETRIC_REPRESENTATION_CONTEXT(2) 
PARAMETRIC_REPRESENTATION_CONTEXT() REPRESENTATION_CONTEXT('2D SPACE',''
  ) );
#690 = PCURVE('',#691,#696);
#691 = PLANE('',#692);
#692 = AXIS2_PLACEMENT_3D('',#693,#694,#695);
#693 = CARTESIAN_POINT('',(54.5,-6.4,22.35));
#694 = DIRECTION('',(1.,0.,-0.));
#695 = DIRECTION('',(0.,0.,1.));
#696 = DEFINITIONAL_REPRESENTATION('',(#697),#700);
#697 = B_SPLINE_CURVE_WITH_KNOTS('',1,(#698,#699),.UNSPECIFIED.,.F.,.F.,
  (2,2),(0.999999999997,2.8),.PIECEWISE_BEZIER_KNOTS.);
#698 = CARTESIAN_POINT('',(1.5,-0.999999999997));
#699 = CARTESIAN_POINT('',(1.5,-2.8));
#700 = ( GEOMETRIC_REPRESENTATION_CONTEXT(2) 
PARAMETRIC_REPRESENTATION_CONTEXT() REPRESENTATION_CONTEXT('2D SPACE',''
  ) );
#701 = ORIENTED_EDGE('',*,*,#702,.T.);
#702 = EDGE_CURVE('',#677,#703,#705,.T.);
#703 = VERTEX_POINT('',#704);
#704 = CARTESIAN_POINT('',(104.4,-5.4,23.85));
#705 = SURFACE_CURVE('',#706,(#710,#716),.PCURVE_S1.);
#706 = LINE('',#707,#708);
#707 = CARTESIAN_POINT('',(-9.4,-5.399999999997,23.85));
#708 = VECTOR('',#709,1.);
#709 = DIRECTION('',(1.,0.,0.));
#710 = PCURVE('',#125,#711);
#711 = DEFINITIONAL_REPRESENTATION('',(#712),#715);
#712 = B_SPLINE_CURVE_WITH_KNOTS('',1,(#713,#714),.UNSPECIFIED.,.F.,.F.,
  (2,2),(2.,113.8),.PIECEWISE_BEZIER_KNOTS.);
#713 = CARTESIAN_POINT('',(4.,1.000000000003));
#714 = CARTESIAN_POINT('',(115.8,1.000000000003));
#715 = ( GEOMETRIC_REPRESENTATION_CONTEXT(2) 
PARAMETRIC_REPRESENTATION_CONTEXT() REPRESENTATION_CONTEXT('2D SPACE',''
  ) );
#716 = PCURVE('',#613,#717);
#717 = DEFINITIONAL_REPRESENTATION('',(#718),#721);
#718 = B_SPLINE_CURVE_WITH_KNOTS('',1,(#719,#720),.UNSPECIFIED.,.F.,.F.,
  (2,2),(2.,113.8),.PIECEWISE_BEZIER_KNOTS.);
#719 = CARTESIAN_POINT('',(0.,-59.75));
#720 = CARTESIAN_POINT('',(111.8,-59.75));
#721 = ( GEOMETRIC_REPRESENTATION_CONTEXT(2) 
PARAMETRIC_REPRESENTATION_CONTEXT() REPRESENTATION_CONTEXT('2D SPACE',''
  ) );
#722 = ORIENTED_EDGE('',*,*,#723,.F.);
#723 = EDGE_CURVE('',#724,#703,#726,.T.);
#724 = VERTEX_POINT('',#725);
#725 = CARTESIAN_POINT('',(107.4,-2.400000000003,23.85));
#726 = SURFACE_CURVE('',#727,(#732,#743),.PCURVE_S1.);
#727 = CIRCLE('',#728,3.);
#728 = AXIS2_PLACEMENT_3D('',#729,#730,#731);
#729 = CARTESIAN_POINT('',(104.4,-2.400000000003,23.85));
#730 = DIRECTION('',(0.,0.,-1.));
#731 = DIRECTION('',(-1.,0.,0.));
#732 = PCURVE('',#125,#733);
#733 = DEFINITIONAL_REPRESENTATION('',(#734),#742);
#734 = ( BOUNDED_CURVE() B_SPLINE_CURVE(2,(#735,#736,#737,#738,#739,#740
,#741),.UNSPECIFIED.,.T.,.F.) B_SPLINE_CURVE_WITH_KNOTS((1,2,2,2,2,1),(
    -2.094395102393,0.,2.094395102393,4.188790204786,6.28318530718,
8.377580409573),.UNSPECIFIED.) CURVE() GEOMETRIC_REPRESENTATION_ITEM() 
RATIONAL_B_SPLINE_CURVE((1.,0.5,1.,0.5,1.,0.5,1.)) REPRESENTATION_ITEM(
  '') );
#735 = CARTESIAN_POINT('',(112.8,3.999999999997));
#736 = CARTESIAN_POINT('',(112.8,9.196152422703));
#737 = CARTESIAN_POINT('',(117.3,6.59807621135));
#738 = CARTESIAN_POINT('',(121.8,3.999999999997));
#739 = CARTESIAN_POINT('',(117.3,1.401923788643));
#740 = CARTESIAN_POINT('',(112.8,-1.19615242271));
#741 = CARTESIAN_POINT('',(112.8,3.999999999997));
#742 = ( GEOMETRIC_REPRESENTATION_CONTEXT(2) 
PARAMETRIC_REPRESENTATION_CONTEXT() REPRESENTATION_CONTEXT('2D SPACE',''
  ) );
#743 = PCURVE('',#744,#749);
#744 = CYLINDRICAL_SURFACE('',#745,3.);
#745 = AXIS2_PLACEMENT_3D('',#746,#747,#748);
#746 = CARTESIAN_POINT('',(104.4,-2.400000000003,-35.9));
#747 = DIRECTION('',(0.,0.,-1.));
#748 = DIRECTION('',(-1.,0.,0.));
#749 = DEFINITIONAL_REPRESENTATION('',(#750),#754);
#750 = LINE('',#751,#752);
#751 = CARTESIAN_POINT('',(0.,-59.75));
#752 = VECTOR('',#753,1.);
#753 = DIRECTION('',(1.,0.));
#754 = ( GEOMETRIC_REPRESENTATION_CONTEXT(2) 
PARAMETRIC_REPRESENTATION_CONTEXT() REPRESENTATION_CONTEXT('2D SPACE',''
  ) );
#755 = ORIENTED_EDGE('',*,*,#756,.T.);
#756 = EDGE_CURVE('',#724,#757,#759,.T.);
#757 = VERTEX_POINT('',#758);
#758 = CARTESIAN_POINT('',(107.4,79.399999984253,23.85));
#759 = SURFACE_CURVE('',#760,(#764,#770),.PCURVE_S1.);
#760 = LINE('',#761,#762);
#761 = CARTESIAN_POINT('',(107.4,-4.400000000002,23.85));
#762 = VECTOR('',#763,1.);
#763 = DIRECTION('',(0.,1.,-0.));
#764 = PCURVE('',#125,#765);
#765 = DEFINITIONAL_REPRESENTATION('',(#766),#769);
#766 = B_SPLINE_CURVE_WITH_KNOTS('',1,(#767,#768),.UNSPECIFIED.,.F.,.F.,
  (2,2),(1.999999999998,83.799999984255),.PIECEWISE_BEZIER_KNOTS.);
#767 = CARTESIAN_POINT('',(118.8,3.999999999997));
#768 = CARTESIAN_POINT('',(118.8,85.799999984253));
#769 = ( GEOMETRIC_REPRESENTATION_CONTEXT(2) 
PARAMETRIC_REPRESENTATION_CONTEXT() REPRESENTATION_CONTEXT('2D SPACE',''
  ) );
#770 = PCURVE('',#771,#776);
#771 = PLANE('',#772);
#772 = AXIS2_PLACEMENT_3D('',#773,#774,#775);
#773 = CARTESIAN_POINT('',(107.4,-2.400000000003,-35.9));
#774 = DIRECTION('',(-1.,0.,0.));
#775 = DIRECTION('',(0.,1.,0.));
#776 = DEFINITIONAL_REPRESENTATION('',(#777),#780);
#777 = B_SPLINE_CURVE_WITH_KNOTS('',1,(#778,#779),.UNSPECIFIED.,.F.,.F.,
  (2,2),(1.999999999998,83.799999984255),.PIECEWISE_BEZIER_KNOTS.);
#778 = CARTESIAN_POINT('',(0.,-59.75));
#779 = CARTESIAN_POINT('',(81.799999984257,-59.75));
#780 = ( GEOMETRIC_REPRESENTATION_CONTEXT(2) 
PARAMETRIC_REPRESENTATION_CONTEXT() REPRESENTATION_CONTEXT('2D SPACE',''
  ) );
#781 = ORIENTED_EDGE('',*,*,#782,.F.);
#782 = EDGE_CURVE('',#783,#757,#785,.T.);
#783 = VERTEX_POINT('',#784);
#784 = CARTESIAN_POINT('',(107.33938768812,80.,23.85));
#785 = SURFACE_CURVE('',#786,(#791,#802),.PCURVE_S1.);
#786 = CIRCLE('',#787,3.);
#787 = AXIS2_PLACEMENT_3D('',#788,#789,#790);
#788 = CARTESIAN_POINT('',(104.4,79.399999984253,23.85));
#789 = DIRECTION('',(0.,0.,-1.));
#790 = DIRECTION('',(-1.,0.,0.));
#791 = PCURVE('',#125,#792);
#792 = DEFINITIONAL_REPRESENTATION('',(#793),#801);
#793 = ( BOUNDED_CURVE() B_SPLINE_CURVE(2,(#794,#795,#796,#797,#798,#799
,#800),.UNSPECIFIED.,.T.,.F.) B_SPLINE_CURVE_WITH_KNOTS((1,2,2,2,2,1),(
    -2.094395102393,0.,2.094395102393,4.188790204786,6.28318530718,
8.377580409573),.UNSPECIFIED.) CURVE() GEOMETRIC_REPRESENTATION_ITEM() 
RATIONAL_B_SPLINE_CURVE((1.,0.5,1.,0.5,1.,0.5,1.)) REPRESENTATION_ITEM(
  '') );
#794 = CARTESIAN_POINT('',(112.8,85.799999984253));
#795 = CARTESIAN_POINT('',(112.8,90.99615240696));
#796 = CARTESIAN_POINT('',(117.3,88.398076195607));
#797 = CARTESIAN_POINT('',(121.8,85.799999984253));
#798 = CARTESIAN_POINT('',(117.3,83.2019237729));
#799 = CARTESIAN_POINT('',(112.8,80.603847561547));
#800 = CARTESIAN_POINT('',(112.8,85.799999984253));
#801 = ( GEOMETRIC_REPRESENTATION_CONTEXT(2) 
PARAMETRIC_REPRESENTATION_CONTEXT() REPRESENTATION_CONTEXT('2D SPACE',''
  ) );
#802 = PCURVE('',#803,#808);
#803 = CYLINDRICAL_SURFACE('',#804,3.);
#804 = AXIS2_PLACEMENT_3D('',#805,#806,#807);
#805 = CARTESIAN_POINT('',(104.4,79.399999984253,-35.9));
#806 = DIRECTION('',(0.,0.,-1.));
#807 = DIRECTION('',(-1.,0.,0.));
#808 = DEFINITIONAL_REPRESENTATION('',(#809),#813);
#809 = LINE('',#810,#811);
#810 = CARTESIAN_POINT('',(0.,-59.75));
#811 = VECTOR('',#812,1.);
#812 = DIRECTION('',(1.,0.));
#813 = ( GEOMETRIC_REPRESENTATION_CONTEXT(2) 
PARAMETRIC_REPRESENTATION_CONTEXT() REPRESENTATION_CONTEXT('2D SPACE',''
  ) );
#814 = ORIENTED_EDGE('',*,*,#815,.F.);
#815 = EDGE_CURVE('',#816,#783,#818,.T.);
#816 = VERTEX_POINT('',#817);
#817 = CARTESIAN_POINT('',(105.,80.,23.85));
#818 = SURFACE_CURVE('',#819,(#823,#830),.PCURVE_S1.);
#819 = LINE('',#820,#821);
#820 = CARTESIAN_POINT('',(-11.4,80.,23.85));
#821 = VECTOR('',#822,1.);
#822 = DIRECTION('',(1.,0.,-0.));
#823 = PCURVE('',#125,#824);
#824 = DEFINITIONAL_REPRESENTATION('',(#825),#829);
#825 = LINE('',#826,#827);
#826 = CARTESIAN_POINT('',(0.,86.4));
#827 = VECTOR('',#828,1.);
#828 = DIRECTION('',(1.,0.));
#829 = ( GEOMETRIC_REPRESENTATION_CONTEXT(2) 
PARAMETRIC_REPRESENTATION_CONTEXT() REPRESENTATION_CONTEXT('2D SPACE',''
  ) );
#830 = PCURVE('',#370,#831);
#831 = DEFINITIONAL_REPRESENTATION('',(#832),#836);
#832 = LINE('',#833,#834);
#833 = CARTESIAN_POINT('',(0.,0.));
#834 = VECTOR('',#835,1.);
#835 = DIRECTION('',(0.,1.));
#836 = ( GEOMETRIC_REPRESENTATION_CONTEXT(2) 
PARAMETRIC_REPRESENTATION_CONTEXT() REPRESENTATION_CONTEXT('2D SPACE',''
  ) );
#837 = ORIENTED_EDGE('',*,*,#838,.F.);
#838 = EDGE_CURVE('',#839,#816,#841,.T.);
#839 = VERTEX_POINT('',#840);
#840 = CARTESIAN_POINT('',(105.,-3.,23.85));
#841 = SURFACE_CURVE('',#842,(#846,#852),.PCURVE_S1.);
#842 = LINE('',#843,#844);
#843 = CARTESIAN_POINT('',(105.,-4.7,23.85));
#844 = VECTOR('',#845,1.);
#845 = DIRECTION('',(-0.,1.,0.));
#846 = PCURVE('',#125,#847);
#847 = DEFINITIONAL_REPRESENTATION('',(#848),#851);
#848 = B_SPLINE_CURVE_WITH_KNOTS('',1,(#849,#850),.UNSPECIFIED.,.F.,.F.,
  (2,2),(1.7,84.7),.PIECEWISE_BEZIER_KNOTS.);
#849 = CARTESIAN_POINT('',(116.4,3.4));
#850 = CARTESIAN_POINT('',(116.4,86.4));
#851 = ( GEOMETRIC_REPRESENTATION_CONTEXT(2) 
PARAMETRIC_REPRESENTATION_CONTEXT() REPRESENTATION_CONTEXT('2D SPACE',''
  ) );
#852 = PCURVE('',#853,#858);
#853 = PLANE('',#854);
#854 = AXIS2_PLACEMENT_3D('',#855,#856,#857);
#855 = CARTESIAN_POINT('',(105.,-3.,-33.5));
#856 = DIRECTION('',(1.,0.,-0.));
#857 = DIRECTION('',(0.,0.,1.));
#858 = DEFINITIONAL_REPRESENTATION('',(#859),#862);
#859 = B_SPLINE_CURVE_WITH_KNOTS('',1,(#860,#861),.UNSPECIFIED.,.F.,.F.,
  (2,2),(1.7,84.7),.PIECEWISE_BEZIER_KNOTS.);
#860 = CARTESIAN_POINT('',(57.35,0.));
#861 = CARTESIAN_POINT('',(57.35,-83.));
#862 = ( GEOMETRIC_REPRESENTATION_CONTEXT(2) 
PARAMETRIC_REPRESENTATION_CONTEXT() REPRESENTATION_CONTEXT('2D SPACE',''
  ) );
#863 = ORIENTED_EDGE('',*,*,#864,.T.);
#864 = EDGE_CURVE('',#839,#865,#867,.T.);
#865 = VERTEX_POINT('',#866);
#866 = CARTESIAN_POINT('',(-8.,-3.,23.85));
#867 = SURFACE_CURVE('',#868,(#872,#878),.PCURVE_S1.);
#868 = LINE('',#869,#870);
#869 = CARTESIAN_POINT('',(-9.7,-3.,23.85));
#870 = VECTOR('',#871,1.);
#871 = DIRECTION('',(-1.,-0.,0.));
#872 = PCURVE('',#125,#873);
#873 = DEFINITIONAL_REPRESENTATION('',(#874),#877);
#874 = B_SPLINE_CURVE_WITH_KNOTS('',1,(#875,#876),.UNSPECIFIED.,.F.,.F.,
  (2,2),(-114.7,-1.7),.PIECEWISE_BEZIER_KNOTS.);
#875 = CARTESIAN_POINT('',(116.4,3.4));
#876 = CARTESIAN_POINT('',(3.4,3.4));
#877 = ( GEOMETRIC_REPRESENTATION_CONTEXT(2) 
PARAMETRIC_REPRESENTATION_CONTEXT() REPRESENTATION_CONTEXT('2D SPACE',''
  ) );
#878 = PCURVE('',#879,#884);
#879 = PLANE('',#880);
#880 = AXIS2_PLACEMENT_3D('',#881,#882,#883);
#881 = CARTESIAN_POINT('',(-8.,-3.,-33.5));
#882 = DIRECTION('',(-0.,1.,0.));
#883 = DIRECTION('',(0.,0.,1.));
#884 = DEFINITIONAL_REPRESENTATION('',(#885),#888);
#885 = B_SPLINE_CURVE_WITH_KNOTS('',1,(#886,#887),.UNSPECIFIED.,.F.,.F.,
  (2,2),(-114.7,-1.7),.PIECEWISE_BEZIER_KNOTS.);
#886 = CARTESIAN_POINT('',(57.35,113.));
#887 = CARTESIAN_POINT('',(57.35,0.));
#888 = ( GEOMETRIC_REPRESENTATION_CONTEXT(2) 
PARAMETRIC_REPRESENTATION_CONTEXT() REPRESENTATION_CONTEXT('2D SPACE',''
  ) );
#889 = ORIENTED_EDGE('',*,*,#890,.T.);
#890 = EDGE_CURVE('',#865,#546,#891,.T.);
#891 = SURFACE_CURVE('',#892,(#896,#902),.PCURVE_S1.);
#892 = LINE('',#893,#894);
#893 = CARTESIAN_POINT('',(-8.,-4.7,23.85));
#894 = VECTOR('',#895,1.);
#895 = DIRECTION('',(-0.,1.,0.));
#896 = PCURVE('',#125,#897);
#897 = DEFINITIONAL_REPRESENTATION('',(#898),#901);
#898 = B_SPLINE_CURVE_WITH_KNOTS('',1,(#899,#900),.UNSPECIFIED.,.F.,.F.,
  (2,2),(1.7,84.7),.PIECEWISE_BEZIER_KNOTS.);
#899 = CARTESIAN_POINT('',(3.4,3.4));
#900 = CARTESIAN_POINT('',(3.4,86.4));
#901 = ( GEOMETRIC_REPRESENTATION_CONTEXT(2) 
PARAMETRIC_REPRESENTATION_CONTEXT() REPRESENTATION_CONTEXT('2D SPACE',''
  ) );
#902 = PCURVE('',#903,#908);
#903 = PLANE('',#904);
#904 = AXIS2_PLACEMENT_3D('',#905,#906,#907);
#905 = CARTESIAN_POINT('',(-8.,-3.,-33.5));
#906 = DIRECTION('',(1.,0.,-0.));
#907 = DIRECTION('',(0.,0.,1.));
#908 = DEFINITIONAL_REPRESENTATION('',(#909),#912);
#909 = B_SPLINE_CURVE_WITH_KNOTS('',1,(#910,#911),.UNSPECIFIED.,.F.,.F.,
  (2,2),(1.7,84.7),.PIECEWISE_BEZIER_KNOTS.);
#910 = CARTESIAN_POINT('',(57.35,0.));
#911 = CARTESIAN_POINT('',(57.35,-83.));
#912 = ( GEOMETRIC_REPRESENTATION_CONTEXT(2) 
PARAMETRIC_REPRESENTATION_CONTEXT() REPRESENTATION_CONTEXT('2D SPACE',''
  ) );
#913 = ADVANCED_FACE('',(#914),#98,.T.);
#914 = FACE_BOUND('',#915,.T.);
#915 = EDGE_LOOP('',(#916,#948,#969,#970));
#916 = ORIENTED_EDGE('',*,*,#917,.T.);
#917 = EDGE_CURVE('',#50,#918,#920,.T.);
#918 = VERTEX_POINT('',#919);
#919 = CARTESIAN_POINT('',(-7.4,-5.400000000003,-32.9));
#920 = SURFACE_CURVE('',#921,(#929,#941),.PCURVE_S1.);
#921 = B_SPLINE_CURVE_WITH_KNOTS('',6,(#922,#923,#924,#925,#926,#927,
    #928),.UNSPECIFIED.,.F.,.F.,(7,7),(198.31238896464,203.02477794502),
  .PIECEWISE_BEZIER_KNOTS.);
#922 = CARTESIAN_POINT('',(-10.4,-2.400000000003,-32.9));
#923 = CARTESIAN_POINT('',(-10.4,-3.185394567953,-32.9));
#924 = CARTESIAN_POINT('',(-10.15331885412,-3.970735425588,-32.9));
#925 = CARTESIAN_POINT('',(-9.659565528542,-4.659565528546,-32.9));
#926 = CARTESIAN_POINT('',(-8.970735425585,-5.153318854123,-32.9));
#927 = CARTESIAN_POINT('',(-8.18539456795,-5.400000000003,-32.9));
#928 = CARTESIAN_POINT('',(-7.4,-5.400000000003,-32.9));
#929 = PCURVE('',#98,#930);
#930 = DEFINITIONAL_REPRESENTATION('',(#931),#940);
#931 = B_SPLINE_CURVE_WITH_KNOTS('',7,(#932,#933,#934,#935,#936,#937,
    #938,#939),.UNSPECIFIED.,.F.,.F.,(8,8),(198.31238896464,
    203.02477794502),.PIECEWISE_BEZIER_KNOTS.);
#932 = CARTESIAN_POINT('',(6.28318530718,-3.));
#933 = CARTESIAN_POINT('',(6.058786859194,-3.));
#934 = CARTESIAN_POINT('',(5.834404061997,-3.));
#935 = CARTESIAN_POINT('',(5.609939389842,-3.));
#936 = CARTESIAN_POINT('',(5.385634897722,-3.));
#937 = CARTESIAN_POINT('',(5.161170225568,-3.));
#938 = CARTESIAN_POINT('',(4.93678742837,-3.));
#939 = CARTESIAN_POINT('',(4.712388980385,-3.));
#940 = ( GEOMETRIC_REPRESENTATION_CONTEXT(2) 
PARAMETRIC_REPRESENTATION_CONTEXT() REPRESENTATION_CONTEXT('2D SPACE',''
  ) );
#941 = PCURVE('',#216,#942);
#942 = DEFINITIONAL_REPRESENTATION('',(#943),#947);
#943 = LINE('',#944,#945);
#944 = CARTESIAN_POINT('',(0.,0.));
#945 = VECTOR('',#946,1.);
#946 = DIRECTION('',(0.,1.));
#947 = ( GEOMETRIC_REPRESENTATION_CONTEXT(2) 
PARAMETRIC_REPRESENTATION_CONTEXT() REPRESENTATION_CONTEXT('2D SPACE',''
  ) );
#948 = ORIENTED_EDGE('',*,*,#949,.T.);
#949 = EDGE_CURVE('',#918,#571,#950,.T.);
#950 = SURFACE_CURVE('',#951,(#955,#962),.PCURVE_S1.);
#951 = LINE('',#952,#953);
#952 = CARTESIAN_POINT('',(-7.4,-5.4,-35.9));
#953 = VECTOR('',#954,1.);
#954 = DIRECTION('',(0.,0.,1.));
#955 = PCURVE('',#98,#956);
#956 = DEFINITIONAL_REPRESENTATION('',(#957),#961);
#957 = LINE('',#958,#959);
#958 = CARTESIAN_POINT('',(4.712388980385,0.));
#959 = VECTOR('',#960,1.);
#960 = DIRECTION('',(0.,-1.));
#961 = ( GEOMETRIC_REPRESENTATION_CONTEXT(2) 
PARAMETRIC_REPRESENTATION_CONTEXT() REPRESENTATION_CONTEXT('2D SPACE',''
  ) );
#962 = PCURVE('',#613,#963);
#963 = DEFINITIONAL_REPRESENTATION('',(#964),#968);
#964 = LINE('',#965,#966);
#965 = CARTESIAN_POINT('',(0.,0.));
#966 = VECTOR('',#967,1.);
#967 = DIRECTION('',(0.,-1.));
#968 = ( GEOMETRIC_REPRESENTATION_CONTEXT(2) 
PARAMETRIC_REPRESENTATION_CONTEXT() REPRESENTATION_CONTEXT('2D SPACE',''
  ) );
#969 = ORIENTED_EDGE('',*,*,#570,.T.);
#970 = ORIENTED_EDGE('',*,*,#82,.F.);
#971 = ADVANCED_FACE('',(#972),#179,.T.);
#972 = FACE_BOUND('',#973,.T.);
#973 = EDGE_LOOP('',(#974,#1000,#1037,#1038));
#974 = ORIENTED_EDGE('',*,*,#975,.T.);
#975 = EDGE_CURVE('',#267,#976,#978,.T.);
#976 = VERTEX_POINT('',#977);
#977 = CARTESIAN_POINT('',(-7.4,81.339339828224,-35.46066017178));
#978 = SURFACE_CURVE('',#979,(#983,#989),.PCURVE_S1.);
#979 = LINE('',#980,#981);
#980 = CARTESIAN_POINT('',(-7.4,81.869669914113,-34.18033008589));
#981 = VECTOR('',#982,1.);
#982 = DIRECTION('',(-7.703719777549E-34,-0.382683432365,-0.923879532511
    ));
#983 = PCURVE('',#179,#984);
#984 = DEFINITIONAL_REPRESENTATION('',(#985),#988);
#985 = B_SPLINE_CURVE_WITH_KNOTS('',1,(#986,#987),.UNSPECIFIED.,.F.,.F.,
  (2,2),(-1.385819298767,1.385819298767),.PIECEWISE_BEZIER_KNOTS.);
#986 = CARTESIAN_POINT('',(0.,111.8));
#987 = CARTESIAN_POINT('',(4.712388980385,111.8));
#988 = ( GEOMETRIC_REPRESENTATION_CONTEXT(2) 
PARAMETRIC_REPRESENTATION_CONTEXT() REPRESENTATION_CONTEXT('2D SPACE',''
  ) );
#989 = PCURVE('',#990,#995);
#990 = PLANE('',#991);
#991 = AXIS2_PLACEMENT_3D('',#992,#993,#994);
#992 = CARTESIAN_POINT('',(104.4,81.869669914113,-34.18033008589));
#993 = DIRECTION('',(1.440097047929E-17,-0.923879532511,0.382683432365)
  );
#994 = DIRECTION('',(-1.,-1.330476187412E-17,5.511012812403E-18));
#995 = DEFINITIONAL_REPRESENTATION('',(#996),#999);
#996 = B_SPLINE_CURVE_WITH_KNOTS('',1,(#997,#998),.UNSPECIFIED.,.F.,.F.,
  (2,2),(-1.385819298767,1.385819298767),.PIECEWISE_BEZIER_KNOTS.);
#997 = CARTESIAN_POINT('',(111.8,-1.385819298767));
#998 = CARTESIAN_POINT('',(111.8,1.385819298767));
#999 = ( GEOMETRIC_REPRESENTATION_CONTEXT(2) 
PARAMETRIC_REPRESENTATION_CONTEXT() REPRESENTATION_CONTEXT('2D SPACE',''
  ) );
#1000 = ORIENTED_EDGE('',*,*,#1001,.T.);
#1001 = EDGE_CURVE('',#976,#166,#1002,.T.);
#1002 = SURFACE_CURVE('',#1003,(#1011,#1018),.PCURVE_S1.);
#1003 = B_SPLINE_CURVE_WITH_KNOTS('',6,(#1004,#1005,#1006,#1007,#1008,
    #1009,#1010),.UNSPECIFIED.,.F.,.F.,(7,7),(111.8,116.51238898038),
  .PIECEWISE_BEZIER_KNOTS.);
#1004 = CARTESIAN_POINT('',(-7.4,81.339339812473,-35.46066017178));
#1005 = CARTESIAN_POINT('',(-7.907715655498,81.339339812474,
    -35.46066017178));
#1006 = CARTESIAN_POINT('',(-8.415396590144,81.179873622115,
    -35.46066017178));
#1007 = CARTESIAN_POINT('',(-8.860688474658,80.860688458911,
    -35.46066017178));
#1008 = CARTESIAN_POINT('',(-9.179873637862,80.415396574398,
    -35.46066017178));
#1009 = CARTESIAN_POINT('',(-9.33933982822,79.907715639751,
    -35.46066017178));
#1010 = CARTESIAN_POINT('',(-9.33933982822,79.399999984253,
    -35.46066017178));
#1011 = PCURVE('',#179,#1012);
#1012 = DEFINITIONAL_REPRESENTATION('',(#1013),#1017);
#1013 = LINE('',#1014,#1015);
#1014 = CARTESIAN_POINT('',(4.712388980385,0.));
#1015 = VECTOR('',#1016,1.);
#1016 = DIRECTION('',(0.,1.));
#1017 = ( GEOMETRIC_REPRESENTATION_CONTEXT(2) 
PARAMETRIC_REPRESENTATION_CONTEXT() REPRESENTATION_CONTEXT('2D SPACE',''
  ) );
#1018 = PCURVE('',#1019,#1024);
#1019 = CONICAL_SURFACE('',#1020,3.,0.785398163397);
#1020 = AXIS2_PLACEMENT_3D('',#1021,#1022,#1023);
#1021 = CARTESIAN_POINT('',(-7.4,79.399999984253,-34.4));
#1022 = DIRECTION('',(0.,0.,1.));
#1023 = DIRECTION('',(0.,1.,0.));
#1024 = DEFINITIONAL_REPRESENTATION('',(#1025),#1036);
#1025 = B_SPLINE_CURVE_WITH_KNOTS('',9,(#1026,#1027,#1028,#1029,#1030,
    #1031,#1032,#1033,#1034,#1035),.UNSPECIFIED.,.F.,.F.,(10,10),(111.8,
    116.51238898038),.PIECEWISE_BEZIER_KNOTS.);
#1026 = CARTESIAN_POINT('',(8.14120181127E-16,-1.06066017178));
#1027 = CARTESIAN_POINT('',(0.174532126211,-1.06066017178));
#1028 = CARTESIAN_POINT('',(0.349056831435,-1.06066017178));
#1029 = CARTESIAN_POINT('',(0.523603035017,-1.06066017178));
#1030 = CARTESIAN_POINT('',(0.698153658392,-1.06066017178));
#1031 = CARTESIAN_POINT('',(0.872642668403,-1.06066017178));
#1032 = CARTESIAN_POINT('',(1.047193291778,-1.06066017178));
#1033 = CARTESIAN_POINT('',(1.221739495361,-1.06066017178));
#1034 = CARTESIAN_POINT('',(1.396264200584,-1.06066017178));
#1035 = CARTESIAN_POINT('',(1.570796326795,-1.06066017178));
#1036 = ( GEOMETRIC_REPRESENTATION_CONTEXT(2) 
PARAMETRIC_REPRESENTATION_CONTEXT() REPRESENTATION_CONTEXT('2D SPACE',''
  ) );
#1037 = ORIENTED_EDGE('',*,*,#165,.F.);
#1038 = ORIENTED_EDGE('',*,*,#296,.F.);
#1039 = ADVANCED_FACE('',(#1040),#251,.F.);
#1040 = FACE_BOUND('',#1041,.F.);
#1041 = EDGE_LOOP('',(#1042,#1063,#1064,#1090));
#1042 = ORIENTED_EDGE('',*,*,#1043,.F.);
#1043 = EDGE_CURVE('',#166,#1044,#1046,.T.);
#1044 = VERTEX_POINT('',#1045);
#1045 = CARTESIAN_POINT('',(-8.9,79.399999984253,-35.9));
#1046 = SURFACE_CURVE('',#1047,(#1051,#1057),.PCURVE_S1.);
#1047 = LINE('',#1048,#1049);
#1048 = CARTESIAN_POINT('',(-10.4,79.399999984253,-34.4));
#1049 = VECTOR('',#1050,1.);
#1050 = DIRECTION('',(0.707106781187,-4.329780281177E-17,-0.707106781187
    ));
#1051 = PCURVE('',#251,#1052);
#1052 = DEFINITIONAL_REPRESENTATION('',(#1053),#1056);
#1053 = B_SPLINE_CURVE_WITH_KNOTS('',1,(#1054,#1055),.UNSPECIFIED.,.F.,
  .F.,(2,2),(0.,2.12132034356),.PIECEWISE_BEZIER_KNOTS.);
#1054 = CARTESIAN_POINT('',(-1.42108547152E-14,-1.06066017178));
#1055 = CARTESIAN_POINT('',(-1.42108547152E-14,1.06066017178));
#1056 = ( GEOMETRIC_REPRESENTATION_CONTEXT(2) 
PARAMETRIC_REPRESENTATION_CONTEXT() REPRESENTATION_CONTEXT('2D SPACE',''
  ) );
#1057 = PCURVE('',#1019,#1058);
#1058 = DEFINITIONAL_REPRESENTATION('',(#1059),#1062);
#1059 = B_SPLINE_CURVE_WITH_KNOTS('',1,(#1060,#1061),.UNSPECIFIED.,.F.,
  .F.,(2,2),(0.,2.12132034356),.PIECEWISE_BEZIER_KNOTS.);
#1060 = CARTESIAN_POINT('',(1.570796326795,0.));
#1061 = CARTESIAN_POINT('',(1.570796326795,-1.5));
#1062 = ( GEOMETRIC_REPRESENTATION_CONTEXT(2) 
PARAMETRIC_REPRESENTATION_CONTEXT() REPRESENTATION_CONTEXT('2D SPACE',''
  ) );
#1063 = ORIENTED_EDGE('',*,*,#237,.T.);
#1064 = ORIENTED_EDGE('',*,*,#1065,.T.);
#1065 = EDGE_CURVE('',#202,#1066,#1068,.T.);
#1066 = VERTEX_POINT('',#1067);
#1067 = CARTESIAN_POINT('',(-8.9,-2.400000000003,-35.9));
#1068 = SURFACE_CURVE('',#1069,(#1073,#1079),.PCURVE_S1.);
#1069 = LINE('',#1070,#1071);
#1070 = CARTESIAN_POINT('',(-9.65,-2.400000000003,-35.15));
#1071 = VECTOR('',#1072,1.);
#1072 = DIRECTION('',(0.707106781187,0.,-0.707106781187));
#1073 = PCURVE('',#251,#1074);
#1074 = DEFINITIONAL_REPRESENTATION('',(#1075),#1078);
#1075 = B_SPLINE_CURVE_WITH_KNOTS('',1,(#1076,#1077),.UNSPECIFIED.,.F.,
  .F.,(2,2),(-1.06066017178,1.06066017178),.PIECEWISE_BEZIER_KNOTS.);
#1076 = CARTESIAN_POINT('',(81.799999984257,-1.06066017178));
#1077 = CARTESIAN_POINT('',(81.799999984257,1.06066017178));
#1078 = ( GEOMETRIC_REPRESENTATION_CONTEXT(2) 
PARAMETRIC_REPRESENTATION_CONTEXT() REPRESENTATION_CONTEXT('2D SPACE',''
  ) );
#1079 = PCURVE('',#1080,#1085);
#1080 = CONICAL_SURFACE('',#1081,3.,0.785398163397);
#1081 = AXIS2_PLACEMENT_3D('',#1082,#1083,#1084);
#1082 = CARTESIAN_POINT('',(-7.4,-2.400000000003,-34.4));
#1083 = DIRECTION('',(0.,0.,1.));
#1084 = DIRECTION('',(-1.,0.,0.));
#1085 = DEFINITIONAL_REPRESENTATION('',(#1086),#1089);
#1086 = B_SPLINE_CURVE_WITH_KNOTS('',1,(#1087,#1088),.UNSPECIFIED.,.F.,
  .F.,(2,2),(-1.06066017178,1.06066017178),.PIECEWISE_BEZIER_KNOTS.);
#1087 = CARTESIAN_POINT('',(0.,0.));
#1088 = CARTESIAN_POINT('',(0.,-1.5));
#1089 = ( GEOMETRIC_REPRESENTATION_CONTEXT(2) 
PARAMETRIC_REPRESENTATION_CONTEXT() REPRESENTATION_CONTEXT('2D SPACE',''
  ) );
#1090 = ORIENTED_EDGE('',*,*,#1091,.F.);
#1091 = EDGE_CURVE('',#1044,#1066,#1092,.T.);
#1092 = SURFACE_CURVE('',#1093,(#1097,#1104),.PCURVE_S1.);
#1093 = LINE('',#1094,#1095);
#1094 = CARTESIAN_POINT('',(-8.9,79.399999984253,-35.9));
#1095 = VECTOR('',#1096,1.);
#1096 = DIRECTION('',(-0.,-1.,-0.));
#1097 = PCURVE('',#251,#1098);
#1098 = DEFINITIONAL_REPRESENTATION('',(#1099),#1103);
#1099 = LINE('',#1100,#1101);
#1100 = CARTESIAN_POINT('',(0.,1.06066017178));
#1101 = VECTOR('',#1102,1.);
#1102 = DIRECTION('',(1.,0.));
#1103 = ( GEOMETRIC_REPRESENTATION_CONTEXT(2) 
PARAMETRIC_REPRESENTATION_CONTEXT() REPRESENTATION_CONTEXT('2D SPACE',''
  ) );
#1104 = PCURVE('',#1105,#1110);
#1105 = PLANE('',#1106);
#1106 = AXIS2_PLACEMENT_3D('',#1107,#1108,#1109);
#1107 = CARTESIAN_POINT('',(48.5,38.499999996466,-35.9));
#1108 = DIRECTION('',(0.,0.,1.));
#1109 = DIRECTION('',(1.,0.,-0.));
#1110 = DEFINITIONAL_REPRESENTATION('',(#1111),#1115);
#1111 = LINE('',#1112,#1113);
#1112 = CARTESIAN_POINT('',(-57.4,40.899999987788));
#1113 = VECTOR('',#1114,1.);
#1114 = DIRECTION('',(0.,-1.));
#1115 = ( GEOMETRIC_REPRESENTATION_CONTEXT(2) 
PARAMETRIC_REPRESENTATION_CONTEXT() REPRESENTATION_CONTEXT('2D SPACE',''
  ) );
#1116 = ADVANCED_FACE('',(#1117),#216,.T.);
#1117 = FACE_BOUND('',#1118,.T.);
#1118 = EDGE_LOOP('',(#1119,#1120,#1154,#1177));
#1119 = ORIENTED_EDGE('',*,*,#201,.T.);
#1120 = ORIENTED_EDGE('',*,*,#1121,.T.);
#1121 = EDGE_CURVE('',#202,#1122,#1124,.T.);
#1122 = VERTEX_POINT('',#1123);
#1123 = CARTESIAN_POINT('',(-7.4,-4.339339828224,-35.46066017178));
#1124 = SURFACE_CURVE('',#1125,(#1133,#1140),.PCURVE_S1.);
#1125 = B_SPLINE_CURVE_WITH_KNOTS('',6,(#1126,#1127,#1128,#1129,#1130,
    #1131,#1132),.UNSPECIFIED.,.F.,.F.,(7,7),(198.31238896464,
    203.02477794502),.PIECEWISE_BEZIER_KNOTS.);
#1126 = CARTESIAN_POINT('',(-9.33933982822,-2.400000000003,
    -35.46066017178));
#1127 = CARTESIAN_POINT('',(-9.33933982822,-2.907715655501,
    -35.46066017178));
#1128 = CARTESIAN_POINT('',(-9.179873637862,-3.415396590148,
    -35.46066017178));
#1129 = CARTESIAN_POINT('',(-8.860688474658,-3.860688474662,
    -35.46066017178));
#1130 = CARTESIAN_POINT('',(-8.415396590144,-4.179873637865,
    -35.46066017178));
#1131 = CARTESIAN_POINT('',(-7.907715655498,-4.339339828224,
    -35.46066017178));
#1132 = CARTESIAN_POINT('',(-7.4,-4.339339828224,-35.46066017178));
#1133 = PCURVE('',#216,#1134);
#1134 = DEFINITIONAL_REPRESENTATION('',(#1135),#1139);
#1135 = LINE('',#1136,#1137);
#1136 = CARTESIAN_POINT('',(4.712388980385,0.));
#1137 = VECTOR('',#1138,1.);
#1138 = DIRECTION('',(0.,1.));
#1139 = ( GEOMETRIC_REPRESENTATION_CONTEXT(2) 
PARAMETRIC_REPRESENTATION_CONTEXT() REPRESENTATION_CONTEXT('2D SPACE',''
  ) );
#1140 = PCURVE('',#1080,#1141);
#1141 = DEFINITIONAL_REPRESENTATION('',(#1142),#1153);
#1142 = B_SPLINE_CURVE_WITH_KNOTS('',9,(#1143,#1144,#1145,#1146,#1147,
    #1148,#1149,#1150,#1151,#1152),.UNSPECIFIED.,.F.,.F.,(10,10),(
    198.31238896464,203.02477794502),.PIECEWISE_BEZIER_KNOTS.);
#1143 = CARTESIAN_POINT('',(-2.442490654175E-15,-1.06066017178));
#1144 = CARTESIAN_POINT('',(0.174532126211,-1.06066017178));
#1145 = CARTESIAN_POINT('',(0.349056831435,-1.06066017178));
#1146 = CARTESIAN_POINT('',(0.523603035016,-1.06066017178));
#1147 = CARTESIAN_POINT('',(0.698153658393,-1.06066017178));
#1148 = CARTESIAN_POINT('',(0.872642668403,-1.06066017178));
#1149 = CARTESIAN_POINT('',(1.047193291778,-1.06066017178));
#1150 = CARTESIAN_POINT('',(1.221739495361,-1.06066017178));
#1151 = CARTESIAN_POINT('',(1.396264200584,-1.06066017178));
#1152 = CARTESIAN_POINT('',(1.570796326795,-1.06066017178));
#1153 = ( GEOMETRIC_REPRESENTATION_CONTEXT(2) 
PARAMETRIC_REPRESENTATION_CONTEXT() REPRESENTATION_CONTEXT('2D SPACE',''
  ) );
#1154 = ORIENTED_EDGE('',*,*,#1155,.F.);
#1155 = EDGE_CURVE('',#918,#1122,#1156,.T.);
#1156 = SURFACE_CURVE('',#1157,(#1160,#1166),.PCURVE_S1.);
#1157 = B_SPLINE_CURVE_WITH_KNOTS('',1,(#1158,#1159),.UNSPECIFIED.,.F.,
  .F.,(2,2),(0.,4.712388980385),.PIECEWISE_BEZIER_KNOTS.);
#1158 = CARTESIAN_POINT('',(-7.4,-5.400000000003,-32.9));
#1159 = CARTESIAN_POINT('',(-7.4,-4.339339828224,-35.46066017178));
#1160 = PCURVE('',#216,#1161);
#1161 = DEFINITIONAL_REPRESENTATION('',(#1162),#1165);
#1162 = B_SPLINE_CURVE_WITH_KNOTS('',1,(#1163,#1164),.UNSPECIFIED.,.F.,
  .F.,(2,2),(0.,4.712388980385),.PIECEWISE_BEZIER_KNOTS.);
#1163 = CARTESIAN_POINT('',(0.,203.02477794502));
#1164 = CARTESIAN_POINT('',(4.712388980385,203.02477794502));
#1165 = ( GEOMETRIC_REPRESENTATION_CONTEXT(2) 
PARAMETRIC_REPRESENTATION_CONTEXT() REPRESENTATION_CONTEXT('2D SPACE',''
  ) );
#1166 = PCURVE('',#1167,#1172);
#1167 = PLANE('',#1168);
#1168 = AXIS2_PLACEMENT_3D('',#1169,#1170,#1171);
#1169 = CARTESIAN_POINT('',(-7.4,-4.869669914107,-34.18033008589));
#1170 = DIRECTION('',(0.,-0.923879532511,-0.382683432365));
#1171 = DIRECTION('',(-1.,-0.,-0.));
#1172 = DEFINITIONAL_REPRESENTATION('',(#1173),#1176);
#1173 = B_SPLINE_CURVE_WITH_KNOTS('',1,(#1174,#1175),.UNSPECIFIED.,.F.,
  .F.,(2,2),(0.,4.712388980385),.PIECEWISE_BEZIER_KNOTS.);
#1174 = CARTESIAN_POINT('',(0.,-1.385819298767));
#1175 = CARTESIAN_POINT('',(0.,1.385819298767));
#1176 = ( GEOMETRIC_REPRESENTATION_CONTEXT(2) 
PARAMETRIC_REPRESENTATION_CONTEXT() REPRESENTATION_CONTEXT('2D SPACE',''
  ) );
#1177 = ORIENTED_EDGE('',*,*,#917,.F.);
#1178 = ADVANCED_FACE('',(#1179),#284,.T.);
#1179 = FACE_BOUND('',#1180,.T.);
#1180 = EDGE_LOOP('',(#1181,#1182,#1210,#1233));
#1181 = ORIENTED_EDGE('',*,*,#266,.T.);
#1182 = ORIENTED_EDGE('',*,*,#1183,.F.);
#1183 = EDGE_CURVE('',#1184,#269,#1186,.T.);
#1184 = VERTEX_POINT('',#1185);
#1185 = CARTESIAN_POINT('',(104.4,82.400000000003,38.25));
#1186 = SURFACE_CURVE('',#1187,(#1191,#1198),.PCURVE_S1.);
#1187 = LINE('',#1188,#1189);
#1188 = CARTESIAN_POINT('',(104.4,82.400000000003,38.25));
#1189 = VECTOR('',#1190,1.);
#1190 = DIRECTION('',(-1.,-0.,-0.));
#1191 = PCURVE('',#284,#1192);
#1192 = DEFINITIONAL_REPRESENTATION('',(#1193),#1197);
#1193 = LINE('',#1194,#1195);
#1194 = CARTESIAN_POINT('',(111.8,-74.15));
#1195 = VECTOR('',#1196,1.);
#1196 = DIRECTION('',(-1.,0.));
#1197 = ( GEOMETRIC_REPRESENTATION_CONTEXT(2) 
PARAMETRIC_REPRESENTATION_CONTEXT() REPRESENTATION_CONTEXT('2D SPACE',''
  ) );
#1198 = PCURVE('',#1199,#1204);
#1199 = PLANE('',#1200);
#1200 = AXIS2_PLACEMENT_3D('',#1201,#1202,#1203);
#1201 = CARTESIAN_POINT('',(104.4,81.869669914113,39.53033008589));
#1202 = DIRECTION('',(-1.440097047929E-17,0.923879532511,0.382683432365)
  );
#1203 = DIRECTION('',(-1.,-1.330476187412E-17,-5.511012812403E-18));
#1204 = DEFINITIONAL_REPRESENTATION('',(#1205),#1209);
#1205 = LINE('',#1206,#1207);
#1206 = CARTESIAN_POINT('',(0.,-1.385819298767));
#1207 = VECTOR('',#1208,1.);
#1208 = DIRECTION('',(1.,0.));
#1209 = ( GEOMETRIC_REPRESENTATION_CONTEXT(2) 
PARAMETRIC_REPRESENTATION_CONTEXT() REPRESENTATION_CONTEXT('2D SPACE',''
  ) );
#1210 = ORIENTED_EDGE('',*,*,#1211,.F.);
#1211 = EDGE_CURVE('',#1212,#1184,#1214,.T.);
#1212 = VERTEX_POINT('',#1213);
#1213 = CARTESIAN_POINT('',(104.4,82.400000000003,-32.9));
#1214 = SURFACE_CURVE('',#1215,(#1219,#1226),.PCURVE_S1.);
#1215 = LINE('',#1216,#1217);
#1216 = CARTESIAN_POINT('',(104.4,82.399999992128,-35.9));
#1217 = VECTOR('',#1218,1.);
#1218 = DIRECTION('',(0.,0.,1.));
#1219 = PCURVE('',#284,#1220);
#1220 = DEFINITIONAL_REPRESENTATION('',(#1221),#1225);
#1221 = LINE('',#1222,#1223);
#1222 = CARTESIAN_POINT('',(111.8,0.));
#1223 = VECTOR('',#1224,1.);
#1224 = DIRECTION('',(0.,-1.));
#1225 = ( GEOMETRIC_REPRESENTATION_CONTEXT(2) 
PARAMETRIC_REPRESENTATION_CONTEXT() REPRESENTATION_CONTEXT('2D SPACE',''
  ) );
#1226 = PCURVE('',#803,#1227);
#1227 = DEFINITIONAL_REPRESENTATION('',(#1228),#1232);
#1228 = LINE('',#1229,#1230);
#1229 = CARTESIAN_POINT('',(1.570796326795,0.));
#1230 = VECTOR('',#1231,1.);
#1231 = DIRECTION('',(0.,-1.));
#1232 = ( GEOMETRIC_REPRESENTATION_CONTEXT(2) 
PARAMETRIC_REPRESENTATION_CONTEXT() REPRESENTATION_CONTEXT('2D SPACE',''
  ) );
#1233 = ORIENTED_EDGE('',*,*,#1234,.T.);
#1234 = EDGE_CURVE('',#1212,#267,#1235,.T.);
#1235 = SURFACE_CURVE('',#1236,(#1240,#1247),.PCURVE_S1.);
#1236 = LINE('',#1237,#1238);
#1237 = CARTESIAN_POINT('',(104.4,82.400000000003,-32.9));
#1238 = VECTOR('',#1239,1.);
#1239 = DIRECTION('',(-1.,-0.,-0.));
#1240 = PCURVE('',#284,#1241);
#1241 = DEFINITIONAL_REPRESENTATION('',(#1242),#1246);
#1242 = LINE('',#1243,#1244);
#1243 = CARTESIAN_POINT('',(111.8,-3.));
#1244 = VECTOR('',#1245,1.);
#1245 = DIRECTION('',(-1.,0.));
#1246 = ( GEOMETRIC_REPRESENTATION_CONTEXT(2) 
PARAMETRIC_REPRESENTATION_CONTEXT() REPRESENTATION_CONTEXT('2D SPACE',''
  ) );
#1247 = PCURVE('',#990,#1248);
#1248 = DEFINITIONAL_REPRESENTATION('',(#1249),#1253);
#1249 = LINE('',#1250,#1251);
#1250 = CARTESIAN_POINT('',(0.,-1.385819298767));
#1251 = VECTOR('',#1252,1.);
#1252 = DIRECTION('',(1.,0.));
#1253 = ( GEOMETRIC_REPRESENTATION_CONTEXT(2) 
PARAMETRIC_REPRESENTATION_CONTEXT() REPRESENTATION_CONTEXT('2D SPACE',''
  ) );
#1254 = ADVANCED_FACE('',(#1255),#520,.F.);
#1255 = FACE_BOUND('',#1256,.F.);
#1256 = EDGE_LOOP('',(#1257,#1258,#1279,#1318));
#1257 = ORIENTED_EDGE('',*,*,#497,.F.);
#1258 = ORIENTED_EDGE('',*,*,#1259,.T.);
#1259 = EDGE_CURVE('',#269,#1260,#1262,.T.);
#1260 = VERTEX_POINT('',#1261);
#1261 = CARTESIAN_POINT('',(-7.4,81.339339828224,40.81066017178));
#1262 = SURFACE_CURVE('',#1263,(#1267,#1273),.PCURVE_S1.);
#1263 = LINE('',#1264,#1265);
#1264 = CARTESIAN_POINT('',(-7.4,81.869669914113,39.53033008589));
#1265 = VECTOR('',#1266,1.);
#1266 = DIRECTION('',(-7.703719777549E-34,-0.382683432365,0.923879532511
    ));
#1267 = PCURVE('',#520,#1268);
#1268 = DEFINITIONAL_REPRESENTATION('',(#1269),#1272);
#1269 = B_SPLINE_CURVE_WITH_KNOTS('',1,(#1270,#1271),.UNSPECIFIED.,.F.,
  .F.,(2,2),(-1.385819298767,1.385819298767),.PIECEWISE_BEZIER_KNOTS.);
#1270 = CARTESIAN_POINT('',(0.,111.8));
#1271 = CARTESIAN_POINT('',(4.712388980385,111.8));
#1272 = ( GEOMETRIC_REPRESENTATION_CONTEXT(2) 
PARAMETRIC_REPRESENTATION_CONTEXT() REPRESENTATION_CONTEXT('2D SPACE',''
  ) );
#1273 = PCURVE('',#1199,#1274);
#1274 = DEFINITIONAL_REPRESENTATION('',(#1275),#1278);
#1275 = B_SPLINE_CURVE_WITH_KNOTS('',1,(#1276,#1277),.UNSPECIFIED.,.F.,
  .F.,(2,2),(-1.385819298767,1.385819298767),.PIECEWISE_BEZIER_KNOTS.);
#1276 = CARTESIAN_POINT('',(111.8,-1.385819298767));
#1277 = CARTESIAN_POINT('',(111.8,1.385819298767));
#1278 = ( GEOMETRIC_REPRESENTATION_CONTEXT(2) 
PARAMETRIC_REPRESENTATION_CONTEXT() REPRESENTATION_CONTEXT('2D SPACE',''
  ) );
#1279 = ORIENTED_EDGE('',*,*,#1280,.T.);
#1280 = EDGE_CURVE('',#1260,#1281,#1283,.T.);
#1281 = VERTEX_POINT('',#1282);
#1282 = CARTESIAN_POINT('',(-9.244191670554,80.,40.81066017178));
#1283 = SURFACE_CURVE('',#1284,(#1292,#1299),.PCURVE_S1.);
#1284 = B_SPLINE_CURVE_WITH_KNOTS('',6,(#1285,#1286,#1287,#1288,#1289,
    #1290,#1291),.UNSPECIFIED.,.F.,.F.,(7,7),(111.8,116.51238898038),
  .PIECEWISE_BEZIER_KNOTS.);
#1285 = CARTESIAN_POINT('',(-7.4,81.339339812473,40.81066017178));
#1286 = CARTESIAN_POINT('',(-7.907715655498,81.339339812474,
    40.81066017178));
#1287 = CARTESIAN_POINT('',(-8.415396590144,81.179873622115,
    40.81066017178));
#1288 = CARTESIAN_POINT('',(-8.860688474659,80.860688458912,
    40.81066017178));
#1289 = CARTESIAN_POINT('',(-9.179873637862,80.415396574397,
    40.81066017178));
#1290 = CARTESIAN_POINT('',(-9.33933982822,79.907715639751,
    40.81066017178));
#1291 = CARTESIAN_POINT('',(-9.33933982822,79.399999984253,
    40.81066017178));
#1292 = PCURVE('',#520,#1293);
#1293 = DEFINITIONAL_REPRESENTATION('',(#1294),#1298);
#1294 = LINE('',#1295,#1296);
#1295 = CARTESIAN_POINT('',(4.712388980385,0.));
#1296 = VECTOR('',#1297,1.);
#1297 = DIRECTION('',(0.,1.));
#1298 = ( GEOMETRIC_REPRESENTATION_CONTEXT(2) 
PARAMETRIC_REPRESENTATION_CONTEXT() REPRESENTATION_CONTEXT('2D SPACE',''
  ) );
#1299 = PCURVE('',#1300,#1305);
#1300 = CONICAL_SURFACE('',#1301,3.,0.785398163397);
#1301 = AXIS2_PLACEMENT_3D('',#1302,#1303,#1304);
#1302 = CARTESIAN_POINT('',(-7.4,79.399999984253,39.75));
#1303 = DIRECTION('',(-0.,-0.,-1.));
#1304 = DIRECTION('',(0.,1.,-0.));
#1305 = DEFINITIONAL_REPRESENTATION('',(#1306),#1317);
#1306 = B_SPLINE_CURVE_WITH_KNOTS('',9,(#1307,#1308,#1309,#1310,#1311,
    #1312,#1313,#1314,#1315,#1316),.UNSPECIFIED.,.F.,.F.,(10,10),(111.8,
    116.51238898038),.PIECEWISE_BEZIER_KNOTS.);
#1307 = CARTESIAN_POINT('',(-2.035365508214E-15,-1.06066017178));
#1308 = CARTESIAN_POINT('',(-0.174532126211,-1.06066017178));
#1309 = CARTESIAN_POINT('',(-0.349056831435,-1.06066017178));
#1310 = CARTESIAN_POINT('',(-0.523603035017,-1.06066017178));
#1311 = CARTESIAN_POINT('',(-0.698153658392,-1.06066017178));
#1312 = CARTESIAN_POINT('',(-0.872642668403,-1.06066017178));
#1313 = CARTESIAN_POINT('',(-1.047193291778,-1.06066017178));
#1314 = CARTESIAN_POINT('',(-1.22173949536,-1.06066017178));
#1315 = CARTESIAN_POINT('',(-1.396264200584,-1.06066017178));
#1316 = CARTESIAN_POINT('',(-1.570796326795,-1.06066017178));
#1317 = ( GEOMETRIC_REPRESENTATION_CONTEXT(2) 
PARAMETRIC_REPRESENTATION_CONTEXT() REPRESENTATION_CONTEXT('2D SPACE',''
  ) );
#1318 = ORIENTED_EDGE('',*,*,#1319,.T.);
#1319 = EDGE_CURVE('',#1281,#471,#1320,.T.);
#1320 = SURFACE_CURVE('',#1321,(#1339,#1360),.PCURVE_S1.);
#1321 = B_SPLINE_CURVE_WITH_KNOTS('',6,(#1322,#1323,#1324,#1325,#1326,
    #1327,#1328,#1329,#1330,#1331,#1332,#1333,#1334,#1335,#1336,#1337,
    #1338),.UNSPECIFIED.,.F.,.F.,(7,5,5,7),(0.,0.311567272707,
    0.777340544785,1.),.UNSPECIFIED.);
#1322 = CARTESIAN_POINT('',(-9.244191670554,80.,40.81066017178));
#1323 = CARTESIAN_POINT('',(-9.301913776627,80.,40.678144018355));
#1324 = CARTESIAN_POINT('',(-9.359475550508,80.,40.545519602882));
#1325 = CARTESIAN_POINT('',(-9.416896134788,80.,40.412808261164));
#1326 = CARTESIAN_POINT('',(-9.474190466905,80.,40.280025981135));
#1327 = CARTESIAN_POINT('',(-9.531370850453,80.,40.147184257059));
#1328 = CARTESIAN_POINT('',(-9.673776024783,80.,39.815623885916));
#1329 = CARTESIAN_POINT('',(-9.75887306747,80.,39.616843539699));
#1330 = CARTESIAN_POINT('',(-9.843776271373,80.,39.417977133719));
#1331 = CARTESIAN_POINT('',(-9.928511155186,80.,39.219043484314));
#1332 = CARTESIAN_POINT('',(-10.01309858553,80.,39.020055539317));
#1333 = CARTESIAN_POINT('',(-10.13793055328,80.,38.725873935627));
#1334 = CARTESIAN_POINT('',(-10.17827515547,80.,38.630716471064));
#1335 = CARTESIAN_POINT('',(-10.21859185565,80.,38.535549543363));
#1336 = CARTESIAN_POINT('',(-10.25888232398,80.,38.440374017558));
#1337 = CARTESIAN_POINT('',(-10.29914806359,80.,38.345190632329));
#1338 = CARTESIAN_POINT('',(-10.3393904106,80.,38.25));
#1339 = PCURVE('',#520,#1340);
#1340 = DEFINITIONAL_REPRESENTATION('',(#1341),#1359);
#1341 = B_SPLINE_CURVE_WITH_KNOTS('',6,(#1342,#1343,#1344,#1345,#1346,
    #1347,#1348,#1349,#1350,#1351,#1352,#1353,#1354,#1355,#1356,#1357,
    #1358),.UNSPECIFIED.,.F.,.F.,(7,5,5,7),(0.,0.311567272707,
    0.777340544785,1.),.UNSPECIFIED.);
#1342 = CARTESIAN_POINT('',(4.712388980385,115.5687516892));
#1343 = CARTESIAN_POINT('',(4.468519189304,115.59637667032));
#1344 = CARTESIAN_POINT('',(4.224450163318,115.6220486561));
#1345 = CARTESIAN_POINT('',(3.980221166759,115.64602571706));
#1346 = CARTESIAN_POINT('',(3.735861622258,115.66850871354));
#1347 = CARTESIAN_POINT('',(3.491392682736,115.68965798197));
#1348 = CARTESIAN_POINT('',(2.881221346248,115.7394370521));
#1349 = CARTESIAN_POINT('',(2.51540540419,115.76658767257));
#1350 = CARTESIAN_POINT('',(2.149431086146,115.79151347376));
#1351 = CARTESIAN_POINT('',(1.783333019867,115.81453219504));
#1352 = CARTESIAN_POINT('',(1.417135033282,115.83589482642));
#1353 = CARTESIAN_POINT('',(0.87575193109,115.86531776119));
#1354 = CARTESIAN_POINT('',(0.700633423625,115.8745013733));
#1355 = CARTESIAN_POINT('',(0.525497501123,115.88337396862));
#1356 = CARTESIAN_POINT('',(0.350345755512,115.89195508567));
#1357 = CARTESIAN_POINT('',(0.175179546184,115.90026218524));
#1358 = CARTESIAN_POINT('',(0.,115.90831065038));
#1359 = ( GEOMETRIC_REPRESENTATION_CONTEXT(2) 
PARAMETRIC_REPRESENTATION_CONTEXT() REPRESENTATION_CONTEXT('2D SPACE',''
  ) );
#1360 = PCURVE('',#485,#1361);
#1361 = DEFINITIONAL_REPRESENTATION('',(#1362),#1380);
#1362 = B_SPLINE_CURVE_WITH_KNOTS('',6,(#1363,#1364,#1365,#1366,#1367,
    #1368,#1369,#1370,#1371,#1372,#1373,#1374,#1375,#1376,#1377,#1378,
    #1379),.UNSPECIFIED.,.F.,.F.,(7,5,5,7),(0.,0.311567272707,
    0.777340544785,1.),.UNSPECIFIED.);
#1363 = CARTESIAN_POINT('',(16.96066017178,2.155808329446));
#1364 = CARTESIAN_POINT('',(16.828144018355,2.098086223373));
#1365 = CARTESIAN_POINT('',(16.695519602882,2.040524449492));
#1366 = CARTESIAN_POINT('',(16.562808261164,1.983103865212));
#1367 = CARTESIAN_POINT('',(16.430025981135,1.925809533095));
#1368 = CARTESIAN_POINT('',(16.297184257059,1.868629149547));
#1369 = CARTESIAN_POINT('',(15.965623885916,1.726223975217));
#1370 = CARTESIAN_POINT('',(15.766843539699,1.64112693253));
#1371 = CARTESIAN_POINT('',(15.567977133719,1.556223728627));
#1372 = CARTESIAN_POINT('',(15.369043484314,1.471488844814));
#1373 = CARTESIAN_POINT('',(15.170055539317,1.386901414467));
#1374 = CARTESIAN_POINT('',(14.875873935627,1.262069446713));
#1375 = CARTESIAN_POINT('',(14.780716471064,1.221724844524));
#1376 = CARTESIAN_POINT('',(14.685549543363,1.181408144341));
#1377 = CARTESIAN_POINT('',(14.590374017558,1.141117676015));
#1378 = CARTESIAN_POINT('',(14.495190632329,1.100851936408));
#1379 = CARTESIAN_POINT('',(14.4,1.060609589396));
#1380 = ( GEOMETRIC_REPRESENTATION_CONTEXT(2) 
PARAMETRIC_REPRESENTATION_CONTEXT() REPRESENTATION_CONTEXT('2D SPACE',''
  ) );
#1381 = ADVANCED_FACE('',(#1382),#485,.F.);
#1382 = FACE_BOUND('',#1383,.F.);
#1383 = EDGE_LOOP('',(#1384,#1405,#1406,#1407,#1434,#1462,#1494,#1574));
#1384 = ORIENTED_EDGE('',*,*,#1385,.F.);
#1385 = EDGE_CURVE('',#438,#1386,#1388,.T.);
#1386 = VERTEX_POINT('',#1387);
#1387 = CARTESIAN_POINT('',(107.33938768812,80.,29.05));
#1388 = SURFACE_CURVE('',#1389,(#1393,#1399),.PCURVE_S1.);
#1389 = LINE('',#1390,#1391);
#1390 = CARTESIAN_POINT('',(18.55,80.,29.05));
#1391 = VECTOR('',#1392,1.);
#1392 = DIRECTION('',(1.,0.,0.));
#1393 = PCURVE('',#485,#1394);
#1394 = DEFINITIONAL_REPRESENTATION('',(#1395),#1398);
#1395 = B_SPLINE_CURVE_WITH_KNOTS('',1,(#1396,#1397),.UNSPECIFIED.,.F.,
  .F.,(2,2),(-28.8893904106,88.789390410604),.PIECEWISE_BEZIER_KNOTS.);
#1396 = CARTESIAN_POINT('',(5.2,1.060609589396));
#1397 = CARTESIAN_POINT('',(5.2,118.7393904106));
#1398 = ( GEOMETRIC_REPRESENTATION_CONTEXT(2) 
PARAMETRIC_REPRESENTATION_CONTEXT() REPRESENTATION_CONTEXT('2D SPACE',''
  ) );
#1399 = PCURVE('',#454,#1400);
#1400 = DEFINITIONAL_REPRESENTATION('',(#1401),#1404);
#1401 = B_SPLINE_CURVE_WITH_KNOTS('',1,(#1402,#1403),.UNSPECIFIED.,.F.,
  .F.,(2,2),(-28.8893904106,88.789390410604),.PIECEWISE_BEZIER_KNOTS.);
#1402 = CARTESIAN_POINT('',(2.5,58.839390410604));
#1403 = CARTESIAN_POINT('',(2.5,-58.8393904106));
#1404 = ( GEOMETRIC_REPRESENTATION_CONTEXT(2) 
PARAMETRIC_REPRESENTATION_CONTEXT() REPRESENTATION_CONTEXT('2D SPACE',''
  ) );
#1405 = ORIENTED_EDGE('',*,*,#470,.F.);
#1406 = ORIENTED_EDGE('',*,*,#1319,.F.);
#1407 = ORIENTED_EDGE('',*,*,#1408,.F.);
#1408 = EDGE_CURVE('',#1409,#1281,#1411,.T.);
#1409 = VERTEX_POINT('',#1410);
#1410 = CARTESIAN_POINT('',(-8.774772701614,80.,41.25));
#1411 = SURFACE_CURVE('',#1412,(#1417,#1424),.PCURVE_S1.);
#1412 = HYPERBOLA('',#1413,0.600000015747,0.600000015747);
#1413 = AXIS2_PLACEMENT_3D('',#1414,#1415,#1416);
#1414 = CARTESIAN_POINT('',(-7.4,80.,42.75));
#1415 = DIRECTION('',(0.,1.,0.));
#1416 = DIRECTION('',(-0.,0.,-1.));
#1417 = PCURVE('',#485,#1418);
#1418 = DEFINITIONAL_REPRESENTATION('',(#1419),#1423);
#1419 = HYPERBOLA('',#1420,0.600000015747,0.600000015747);
#1420 = AXIS2_PLACEMENT_2D('',#1421,#1422);
#1421 = CARTESIAN_POINT('',(18.9,4.));
#1422 = DIRECTION('',(-1.,0.));
#1423 = ( GEOMETRIC_REPRESENTATION_CONTEXT(2) 
PARAMETRIC_REPRESENTATION_CONTEXT() REPRESENTATION_CONTEXT('2D SPACE',''
  ) );
#1424 = PCURVE('',#1300,#1425);
#1425 = DEFINITIONAL_REPRESENTATION('',(#1426),#1433);
#1426 = B_SPLINE_CURVE_WITH_KNOTS('',5,(#1427,#1428,#1429,#1430,#1431,
    #1432),.UNSPECIFIED.,.F.,.F.,(6,6),(1.566799208337,1.841483145648),
  .PIECEWISE_BEZIER_KNOTS.);
#1427 = CARTESIAN_POINT('',(-1.159279469273,-1.5));
#1428 = CARTESIAN_POINT('',(-1.181254184835,-1.424474404283));
#1429 = CARTESIAN_POINT('',(-1.20184583528,-1.343289985608));
#1430 = CARTESIAN_POINT('',(-1.221148512392,-1.255971725674));
#1431 = CARTESIAN_POINT('',(-1.239254979697,-1.161974078533));
#1432 = CARTESIAN_POINT('',(-1.256251522986,-1.06066017178));
#1433 = ( GEOMETRIC_REPRESENTATION_CONTEXT(2) 
PARAMETRIC_REPRESENTATION_CONTEXT() REPRESENTATION_CONTEXT('2D SPACE',''
  ) );
#1434 = ORIENTED_EDGE('',*,*,#1435,.F.);
#1435 = EDGE_CURVE('',#1436,#1409,#1438,.T.);
#1436 = VERTEX_POINT('',#1437);
#1437 = CARTESIAN_POINT('',(105.77477270161,80.,41.25));
#1438 = SURFACE_CURVE('',#1439,(#1443,#1450),.PCURVE_S1.);
#1439 = LINE('',#1440,#1441);
#1440 = CARTESIAN_POINT('',(105.77477270161,80.,41.25));
#1441 = VECTOR('',#1442,1.);
#1442 = DIRECTION('',(-1.,0.,0.));
#1443 = PCURVE('',#485,#1444);
#1444 = DEFINITIONAL_REPRESENTATION('',(#1445),#1449);
#1445 = LINE('',#1446,#1447);
#1446 = CARTESIAN_POINT('',(17.4,117.17477270161));
#1447 = VECTOR('',#1448,1.);
#1448 = DIRECTION('',(0.,-1.));
#1449 = ( GEOMETRIC_REPRESENTATION_CONTEXT(2) 
PARAMETRIC_REPRESENTATION_CONTEXT() REPRESENTATION_CONTEXT('2D SPACE',''
  ) );
#1450 = PCURVE('',#1451,#1456);
#1451 = PLANE('',#1452);
#1452 = AXIS2_PLACEMENT_3D('',#1453,#1454,#1455);
#1453 = CARTESIAN_POINT('',(48.5,38.499999996466,41.25));
#1454 = DIRECTION('',(0.,0.,1.));
#1455 = DIRECTION('',(1.,0.,-0.));
#1456 = DEFINITIONAL_REPRESENTATION('',(#1457),#1461);
#1457 = LINE('',#1458,#1459);
#1458 = CARTESIAN_POINT('',(57.274772701614,41.500000003534));
#1459 = VECTOR('',#1460,1.);
#1460 = DIRECTION('',(-1.,0.));
#1461 = ( GEOMETRIC_REPRESENTATION_CONTEXT(2) 
PARAMETRIC_REPRESENTATION_CONTEXT() REPRESENTATION_CONTEXT('2D SPACE',''
  ) );
#1462 = ORIENTED_EDGE('',*,*,#1463,.F.);
#1463 = EDGE_CURVE('',#1464,#1436,#1466,.T.);
#1464 = VERTEX_POINT('',#1465);
#1465 = CARTESIAN_POINT('',(106.24419167055,80.,40.81066017178));
#1466 = SURFACE_CURVE('',#1467,(#1472,#1479),.PCURVE_S1.);
#1467 = HYPERBOLA('',#1468,0.600000015747,0.600000015747);
#1468 = AXIS2_PLACEMENT_3D('',#1469,#1470,#1471);
#1469 = CARTESIAN_POINT('',(104.4,80.,42.75));
#1470 = DIRECTION('',(0.,1.,0.));
#1471 = DIRECTION('',(-0.,0.,-1.));
#1472 = PCURVE('',#485,#1473);
#1473 = DEFINITIONAL_REPRESENTATION('',(#1474),#1478);
#1474 = HYPERBOLA('',#1475,0.600000015747,0.600000015747);
#1475 = AXIS2_PLACEMENT_2D('',#1476,#1477);
#1476 = CARTESIAN_POINT('',(18.9,115.8));
#1477 = DIRECTION('',(-1.,0.));
#1478 = ( GEOMETRIC_REPRESENTATION_CONTEXT(2) 
PARAMETRIC_REPRESENTATION_CONTEXT() REPRESENTATION_CONTEXT('2D SPACE',''
  ) );
#1479 = PCURVE('',#1480,#1485);
#1480 = CONICAL_SURFACE('',#1481,3.,0.785398163397);
#1481 = AXIS2_PLACEMENT_3D('',#1482,#1483,#1484);
#1482 = CARTESIAN_POINT('',(104.4,79.399999984253,39.75));
#1483 = DIRECTION('',(-0.,-0.,-1.));
#1484 = DIRECTION('',(1.,0.,0.));
#1485 = DEFINITIONAL_REPRESENTATION('',(#1486),#1493);
#1486 = B_SPLINE_CURVE_WITH_KNOTS('',5,(#1487,#1488,#1489,#1490,#1491,
    #1492),.UNSPECIFIED.,.F.,.F.,(6,6),(-1.841483145648,-1.566799208337)
  ,.PIECEWISE_BEZIER_KNOTS.);
#1487 = CARTESIAN_POINT('',(-0.314544803809,-1.06066017178));
#1488 = CARTESIAN_POINT('',(-0.331541347098,-1.161974078533));
#1489 = CARTESIAN_POINT('',(-0.349647814403,-1.255971725674));
#1490 = CARTESIAN_POINT('',(-0.368950491515,-1.343289985608));
#1491 = CARTESIAN_POINT('',(-0.38954214196,-1.424474404283));
#1492 = CARTESIAN_POINT('',(-0.411516857522,-1.5));
#1493 = ( GEOMETRIC_REPRESENTATION_CONTEXT(2) 
PARAMETRIC_REPRESENTATION_CONTEXT() REPRESENTATION_CONTEXT('2D SPACE',''
  ) );
#1494 = ORIENTED_EDGE('',*,*,#1495,.T.);
#1495 = EDGE_CURVE('',#1464,#1496,#1498,.T.);
#1496 = VERTEX_POINT('',#1497);
#1497 = CARTESIAN_POINT('',(107.3393904106,80.,38.25));
#1498 = SURFACE_CURVE('',#1499,(#1517,#1538),.PCURVE_S1.);
#1499 = B_SPLINE_CURVE_WITH_KNOTS('',6,(#1500,#1501,#1502,#1503,#1504,
    #1505,#1506,#1507,#1508,#1509,#1510,#1511,#1512,#1513,#1514,#1515,
    #1516),.UNSPECIFIED.,.F.,.F.,(7,5,5,7),(0.,0.311567272707,
    0.777340544785,1.),.UNSPECIFIED.);
#1500 = CARTESIAN_POINT('',(106.24419167055,80.,40.81066017178));
#1501 = CARTESIAN_POINT('',(106.30191377662,80.,40.678144018356));
#1502 = CARTESIAN_POINT('',(106.3594755505,80.,40.545519602881));
#1503 = CARTESIAN_POINT('',(106.41689613478,80.,40.412808261164));
#1504 = CARTESIAN_POINT('',(106.4741904669,80.,40.280025981136));
#1505 = CARTESIAN_POINT('',(106.53137085045,80.,40.147184257059));
#1506 = CARTESIAN_POINT('',(106.67377602478,80.,39.815623885917));
#1507 = CARTESIAN_POINT('',(106.75887306747,80.,39.616843539699));
#1508 = CARTESIAN_POINT('',(106.84377627137,80.,39.41797713372));
#1509 = CARTESIAN_POINT('',(106.92851115518,80.,39.219043484314));
#1510 = CARTESIAN_POINT('',(107.01309858553,80.,39.020055539317));
#1511 = CARTESIAN_POINT('',(107.13793055328,80.,38.725873935627));
#1512 = CARTESIAN_POINT('',(107.17827515547,80.,38.630716471064));
#1513 = CARTESIAN_POINT('',(107.21859185565,80.,38.535549543363));
#1514 = CARTESIAN_POINT('',(107.25888232398,80.,38.440374017558));
#1515 = CARTESIAN_POINT('',(107.29914806359,80.,38.345190632329));
#1516 = CARTESIAN_POINT('',(107.3393904106,80.,38.25));
#1517 = PCURVE('',#485,#1518);
#1518 = DEFINITIONAL_REPRESENTATION('',(#1519),#1537);
#1519 = B_SPLINE_CURVE_WITH_KNOTS('',6,(#1520,#1521,#1522,#1523,#1524,
    #1525,#1526,#1527,#1528,#1529,#1530,#1531,#1532,#1533,#1534,#1535,
    #1536),.UNSPECIFIED.,.F.,.F.,(7,5,5,7),(0.,0.311567272707,
    0.777340544785,1.),.UNSPECIFIED.);
#1520 = CARTESIAN_POINT('',(16.96066017178,117.64419167055));
#1521 = CARTESIAN_POINT('',(16.828144018356,117.70191377662));
#1522 = CARTESIAN_POINT('',(16.695519602881,117.7594755505));
#1523 = CARTESIAN_POINT('',(16.562808261164,117.81689613478));
#1524 = CARTESIAN_POINT('',(16.430025981136,117.8741904669));
#1525 = CARTESIAN_POINT('',(16.297184257059,117.93137085045));
#1526 = CARTESIAN_POINT('',(15.965623885917,118.07377602478));
#1527 = CARTESIAN_POINT('',(15.766843539699,118.15887306747));
#1528 = CARTESIAN_POINT('',(15.56797713372,118.24377627137));
#1529 = CARTESIAN_POINT('',(15.369043484314,118.32851115518));
#1530 = CARTESIAN_POINT('',(15.170055539317,118.41309858553));
#1531 = CARTESIAN_POINT('',(14.875873935627,118.53793055328));
#1532 = CARTESIAN_POINT('',(14.780716471064,118.57827515547));
#1533 = CARTESIAN_POINT('',(14.685549543363,118.61859185565));
#1534 = CARTESIAN_POINT('',(14.590374017558,118.65888232398));
#1535 = CARTESIAN_POINT('',(14.495190632329,118.69914806359));
#1536 = CARTESIAN_POINT('',(14.4,118.7393904106));
#1537 = ( GEOMETRIC_REPRESENTATION_CONTEXT(2) 
PARAMETRIC_REPRESENTATION_CONTEXT() REPRESENTATION_CONTEXT('2D SPACE',''
  ) );
#1538 = PCURVE('',#1539,#1554);
#1539 = B_SPLINE_SURFACE_WITH_KNOTS('',1,6,(
    (#1540,#1541,#1542,#1543,#1544,#1545,#1546)
    ,(#1547,#1548,#1549,#1550,#1551,#1552,#1553
  )),.UNSPECIFIED.,.F.,.F.,.F.,(2,2),(7,7),(0.,4.712388980385),(
    401.33716690966,406.04955589005),.PIECEWISE_BEZIER_KNOTS.);
#1540 = CARTESIAN_POINT('',(107.4,79.399999984253,38.25));
#1541 = CARTESIAN_POINT('',(107.4,80.185394552204,38.25));
#1542 = CARTESIAN_POINT('',(107.15331885411,80.970735409836,
    38.249999999999));
#1543 = CARTESIAN_POINT('',(106.65956552854,81.659565512797,
    38.250000000001));
#1544 = CARTESIAN_POINT('',(105.97073542558,82.153318838372,
    38.249999999999));
#1545 = CARTESIAN_POINT('',(105.18539456795,82.399999984254,38.25));
#1546 = CARTESIAN_POINT('',(104.4,82.399999984253,38.25));
#1547 = CARTESIAN_POINT('',(106.33933982822,79.399999984253,
    40.81066017178));
#1548 = CARTESIAN_POINT('',(106.33933982822,79.907715639751,
    40.81066017178));
#1549 = CARTESIAN_POINT('',(106.17987363786,80.415396574396,
    40.810660171779));
#1550 = CARTESIAN_POINT('',(105.86068847466,80.860688458913,
    40.810660171781));
#1551 = CARTESIAN_POINT('',(105.41539659014,81.179873622114,
    40.810660171779));
#1552 = CARTESIAN_POINT('',(104.90771565549,81.339339812474,
    40.81066017178));
#1553 = CARTESIAN_POINT('',(104.4,81.339339812473,40.81066017178));
#1554 = DEFINITIONAL_REPRESENTATION('',(#1555),#1573);
#1555 = B_SPLINE_CURVE_WITH_KNOTS('',6,(#1556,#1557,#1558,#1559,#1560,
    #1561,#1562,#1563,#1564,#1565,#1566,#1567,#1568,#1569,#1570,#1571,
    #1572),.UNSPECIFIED.,.F.,.F.,(7,5,5,7),(0.,0.311567272707,
    0.777340544785,1.),.UNSPECIFIED.);
#1556 = CARTESIAN_POINT('',(4.712388980385,402.28080420084));
#1557 = CARTESIAN_POINT('',(4.468519189304,402.25317921972));
#1558 = CARTESIAN_POINT('',(4.224450163317,402.22750723394));
#1559 = CARTESIAN_POINT('',(3.980221166759,402.20353017298));
#1560 = CARTESIAN_POINT('',(3.735861622259,402.18104717651));
#1561 = CARTESIAN_POINT('',(3.491392682736,402.15989790808));
#1562 = CARTESIAN_POINT('',(2.881221346249,402.11011883794));
#1563 = CARTESIAN_POINT('',(2.51540540419,402.08296821747));
#1564 = CARTESIAN_POINT('',(2.149431086147,402.05804241628));
#1565 = CARTESIAN_POINT('',(1.783333019867,402.03502369501));
#1566 = CARTESIAN_POINT('',(1.417135033282,402.01366106362));
#1567 = CARTESIAN_POINT('',(0.87575193109,401.98423812885));
#1568 = CARTESIAN_POINT('',(0.700633423625,401.97505451674));
#1569 = CARTESIAN_POINT('',(0.525497501123,401.96618192142));
#1570 = CARTESIAN_POINT('',(0.350345755512,401.95760080437));
#1571 = CARTESIAN_POINT('',(0.175179546184,401.9492937048));
#1572 = CARTESIAN_POINT('',(0.,401.94124523966));
#1573 = ( GEOMETRIC_REPRESENTATION_CONTEXT(2) 
PARAMETRIC_REPRESENTATION_CONTEXT() REPRESENTATION_CONTEXT('2D SPACE',''
  ) );
#1574 = ORIENTED_EDGE('',*,*,#1575,.T.);
#1575 = EDGE_CURVE('',#1496,#1386,#1576,.T.);
#1576 = SURFACE_CURVE('',#1577,(#1581,#1588),.PCURVE_S1.);
#1577 = LINE('',#1578,#1579);
#1578 = CARTESIAN_POINT('',(107.33938768812,80.,-35.9));
#1579 = VECTOR('',#1580,1.);
#1580 = DIRECTION('',(0.,0.,-1.));
#1581 = PCURVE('',#485,#1582);
#1582 = DEFINITIONAL_REPRESENTATION('',(#1583),#1587);
#1583 = LINE('',#1584,#1585);
#1584 = CARTESIAN_POINT('',(-59.75,118.73938768812));
#1585 = VECTOR('',#1586,1.);
#1586 = DIRECTION('',(-1.,0.));
#1587 = ( GEOMETRIC_REPRESENTATION_CONTEXT(2) 
PARAMETRIC_REPRESENTATION_CONTEXT() REPRESENTATION_CONTEXT('2D SPACE',''
  ) );
#1588 = PCURVE('',#803,#1589);
#1589 = DEFINITIONAL_REPRESENTATION('',(#1590),#1593);
#1590 = B_SPLINE_CURVE_WITH_KNOTS('',1,(#1591,#1592),.UNSPECIFIED.,.F.,
  .F.,(2,2),(-74.1500006,-57.81),.PIECEWISE_BEZIER_KNOTS.);
#1591 = CARTESIAN_POINT('',(2.940234727442,-74.1500006));
#1592 = CARTESIAN_POINT('',(2.940234727442,-57.81));
#1593 = ( GEOMETRIC_REPRESENTATION_CONTEXT(2) 
PARAMETRIC_REPRESENTATION_CONTEXT() REPRESENTATION_CONTEXT('2D SPACE',''
  ) );
#1594 = ADVANCED_FACE('',(#1595),#454,.T.);
#1595 = FACE_BOUND('',#1596,.T.);
#1596 = EDGE_LOOP('',(#1597,#1627,#1655,#1683,#1709,#1710,#1711,#1734));
#1597 = ORIENTED_EDGE('',*,*,#1598,.T.);
#1598 = EDGE_CURVE('',#1599,#1601,#1603,.T.);
#1599 = VERTEX_POINT('',#1600);
#1600 = CARTESIAN_POINT('',(-10.4,77.5,29.05));
#1601 = VERTEX_POINT('',#1602);
#1602 = CARTESIAN_POINT('',(107.4,77.5,29.05));
#1603 = SURFACE_CURVE('',#1604,(#1608,#1615),.PCURVE_S1.);
#1604 = LINE('',#1605,#1606);
#1605 = CARTESIAN_POINT('',(-10.4,77.5,29.05));
#1606 = VECTOR('',#1607,1.);
#1607 = DIRECTION('',(1.,0.,0.));
#1608 = PCURVE('',#454,#1609);
#1609 = DEFINITIONAL_REPRESENTATION('',(#1610),#1614);
#1610 = LINE('',#1611,#1612);
#1611 = CARTESIAN_POINT('',(0.,58.9));
#1612 = VECTOR('',#1613,1.);
#1613 = DIRECTION('',(0.,-1.));
#1614 = ( GEOMETRIC_REPRESENTATION_CONTEXT(2) 
PARAMETRIC_REPRESENTATION_CONTEXT() REPRESENTATION_CONTEXT('2D SPACE',''
  ) );
#1615 = PCURVE('',#1616,#1621);
#1616 = PLANE('',#1617);
#1617 = AXIS2_PLACEMENT_3D('',#1618,#1619,#1620);
#1618 = CARTESIAN_POINT('',(48.5,77.5,27.25));
#1619 = DIRECTION('',(0.,-1.,0.));
#1620 = DIRECTION('',(0.,0.,1.));
#1621 = DEFINITIONAL_REPRESENTATION('',(#1622),#1626);
#1622 = LINE('',#1623,#1624);
#1623 = CARTESIAN_POINT('',(1.8,58.9));
#1624 = VECTOR('',#1625,1.);
#1625 = DIRECTION('',(0.,-1.));
#1626 = ( GEOMETRIC_REPRESENTATION_CONTEXT(2) 
PARAMETRIC_REPRESENTATION_CONTEXT() REPRESENTATION_CONTEXT('2D SPACE',''
  ) );
#1627 = ORIENTED_EDGE('',*,*,#1628,.T.);
#1628 = EDGE_CURVE('',#1601,#1629,#1631,.T.);
#1629 = VERTEX_POINT('',#1630);
#1630 = CARTESIAN_POINT('',(107.4,80.01,29.05));
#1631 = SURFACE_CURVE('',#1632,(#1636,#1643),.PCURVE_S1.);
#1632 = LINE('',#1633,#1634);
#1633 = CARTESIAN_POINT('',(107.4,77.5,29.05));
#1634 = VECTOR('',#1635,1.);
#1635 = DIRECTION('',(0.,1.,0.));
#1636 = PCURVE('',#454,#1637);
#1637 = DEFINITIONAL_REPRESENTATION('',(#1638),#1642);
#1638 = LINE('',#1639,#1640);
#1639 = CARTESIAN_POINT('',(0.,-58.9));
#1640 = VECTOR('',#1641,1.);
#1641 = DIRECTION('',(1.,0.));
#1642 = ( GEOMETRIC_REPRESENTATION_CONTEXT(2) 
PARAMETRIC_REPRESENTATION_CONTEXT() REPRESENTATION_CONTEXT('2D SPACE',''
  ) );
#1643 = PCURVE('',#1644,#1649);
#1644 = PLANE('',#1645);
#1645 = AXIS2_PLACEMENT_3D('',#1646,#1647,#1648);
#1646 = CARTESIAN_POINT('',(107.4,78.809459956318,27.902418355748));
#1647 = DIRECTION('',(-1.,0.,-0.));
#1648 = DIRECTION('',(0.,-1.,0.));
#1649 = DEFINITIONAL_REPRESENTATION('',(#1650),#1654);
#1650 = LINE('',#1651,#1652);
#1651 = CARTESIAN_POINT('',(1.309459956318,1.147581644252));
#1652 = VECTOR('',#1653,1.);
#1653 = DIRECTION('',(-1.,0.));
#1654 = ( GEOMETRIC_REPRESENTATION_CONTEXT(2) 
PARAMETRIC_REPRESENTATION_CONTEXT() REPRESENTATION_CONTEXT('2D SPACE',''
  ) );
#1655 = ORIENTED_EDGE('',*,*,#1656,.F.);
#1656 = EDGE_CURVE('',#1657,#1629,#1659,.T.);
#1657 = VERTEX_POINT('',#1658);
#1658 = CARTESIAN_POINT('',(107.33732871514,80.01,29.05));
#1659 = SURFACE_CURVE('',#1660,(#1664,#1671),.PCURVE_S1.);
#1660 = LINE('',#1661,#1662);
#1661 = CARTESIAN_POINT('',(-10.4,80.01,29.05));
#1662 = VECTOR('',#1663,1.);
#1663 = DIRECTION('',(1.,0.,0.));
#1664 = PCURVE('',#454,#1665);
#1665 = DEFINITIONAL_REPRESENTATION('',(#1666),#1670);
#1666 = LINE('',#1667,#1668);
#1667 = CARTESIAN_POINT('',(2.51,58.9));
#1668 = VECTOR('',#1669,1.);
#1669 = DIRECTION('',(0.,-1.));
#1670 = ( GEOMETRIC_REPRESENTATION_CONTEXT(2) 
PARAMETRIC_REPRESENTATION_CONTEXT() REPRESENTATION_CONTEXT('2D SPACE',''
  ) );
#1671 = PCURVE('',#1672,#1677);
#1672 = PLANE('',#1673);
#1673 = AXIS2_PLACEMENT_3D('',#1674,#1675,#1676);
#1674 = CARTESIAN_POINT('',(48.5,80.01,29.05));
#1675 = DIRECTION('',(0.,1.,0.));
#1676 = DIRECTION('',(0.,0.,-1.));
#1677 = DEFINITIONAL_REPRESENTATION('',(#1678),#1682);
#1678 = LINE('',#1679,#1680);
#1679 = CARTESIAN_POINT('',(0.,58.9));
#1680 = VECTOR('',#1681,1.);
#1681 = DIRECTION('',(0.,-1.));
#1682 = ( GEOMETRIC_REPRESENTATION_CONTEXT(2) 
PARAMETRIC_REPRESENTATION_CONTEXT() REPRESENTATION_CONTEXT('2D SPACE',''
  ) );
#1683 = ORIENTED_EDGE('',*,*,#1684,.T.);
#1684 = EDGE_CURVE('',#1657,#1386,#1685,.T.);
#1685 = SURFACE_CURVE('',#1686,(#1691,#1702),.PCURVE_S1.);
#1686 = CIRCLE('',#1687,3.);
#1687 = AXIS2_PLACEMENT_3D('',#1688,#1689,#1690);
#1688 = CARTESIAN_POINT('',(104.4,79.399999984253,29.05));
#1689 = DIRECTION('',(0.,0.,-1.));
#1690 = DIRECTION('',(-1.,0.,0.));
#1691 = PCURVE('',#454,#1692);
#1692 = DEFINITIONAL_REPRESENTATION('',(#1693),#1701);
#1693 = ( BOUNDED_CURVE() B_SPLINE_CURVE(2,(#1694,#1695,#1696,#1697,
#1698,#1699,#1700),.UNSPECIFIED.,.T.,.F.) B_SPLINE_CURVE_WITH_KNOTS((1,2
    ,2,2,2,1),(-2.094395102393,0.,2.094395102393,4.188790204786,
6.28318530718,8.377580409573),.UNSPECIFIED.) CURVE() 
GEOMETRIC_REPRESENTATION_ITEM() RATIONAL_B_SPLINE_CURVE((1.,0.5,1.,0.5,
1.,0.5,1.)) REPRESENTATION_ITEM('') );
#1694 = CARTESIAN_POINT('',(1.899999984253,-52.9));
#1695 = CARTESIAN_POINT('',(7.09615240696,-52.9));
#1696 = CARTESIAN_POINT('',(4.498076195607,-57.4));
#1697 = CARTESIAN_POINT('',(1.899999984253,-61.9));
#1698 = CARTESIAN_POINT('',(-0.6980762271,-57.4));
#1699 = CARTESIAN_POINT('',(-3.296152438453,-52.9));
#1700 = CARTESIAN_POINT('',(1.899999984253,-52.9));
#1701 = ( GEOMETRIC_REPRESENTATION_CONTEXT(2) 
PARAMETRIC_REPRESENTATION_CONTEXT() REPRESENTATION_CONTEXT('2D SPACE',''
  ) );
#1702 = PCURVE('',#803,#1703);
#1703 = DEFINITIONAL_REPRESENTATION('',(#1704),#1708);
#1704 = LINE('',#1705,#1706);
#1705 = CARTESIAN_POINT('',(0.,-64.95));
#1706 = VECTOR('',#1707,1.);
#1707 = DIRECTION('',(1.,0.));
#1708 = ( GEOMETRIC_REPRESENTATION_CONTEXT(2) 
PARAMETRIC_REPRESENTATION_CONTEXT() REPRESENTATION_CONTEXT('2D SPACE',''
  ) );
#1709 = ORIENTED_EDGE('',*,*,#1385,.F.);
#1710 = ORIENTED_EDGE('',*,*,#437,.T.);
#1711 = ORIENTED_EDGE('',*,*,#1712,.F.);
#1712 = EDGE_CURVE('',#1713,#412,#1715,.T.);
#1713 = VERTEX_POINT('',#1714);
#1714 = CARTESIAN_POINT('',(-10.4,80.01,29.05));
#1715 = SURFACE_CURVE('',#1716,(#1720,#1727),.PCURVE_S1.);
#1716 = LINE('',#1717,#1718);
#1717 = CARTESIAN_POINT('',(-10.4,80.01,29.05));
#1718 = VECTOR('',#1719,1.);
#1719 = DIRECTION('',(1.,0.,0.));
#1720 = PCURVE('',#454,#1721);
#1721 = DEFINITIONAL_REPRESENTATION('',(#1722),#1726);
#1722 = LINE('',#1723,#1724);
#1723 = CARTESIAN_POINT('',(2.51,58.9));
#1724 = VECTOR('',#1725,1.);
#1725 = DIRECTION('',(0.,-1.));
#1726 = ( GEOMETRIC_REPRESENTATION_CONTEXT(2) 
PARAMETRIC_REPRESENTATION_CONTEXT() REPRESENTATION_CONTEXT('2D SPACE',''
  ) );
#1727 = PCURVE('',#426,#1728);
#1728 = DEFINITIONAL_REPRESENTATION('',(#1729),#1733);
#1729 = LINE('',#1730,#1731);
#1730 = CARTESIAN_POINT('',(0.,58.9));
#1731 = VECTOR('',#1732,1.);
#1732 = DIRECTION('',(0.,-1.));
#1733 = ( GEOMETRIC_REPRESENTATION_CONTEXT(2) 
PARAMETRIC_REPRESENTATION_CONTEXT() REPRESENTATION_CONTEXT('2D SPACE',''
  ) );
#1734 = ORIENTED_EDGE('',*,*,#1735,.F.);
#1735 = EDGE_CURVE('',#1599,#1713,#1736,.T.);
#1736 = SURFACE_CURVE('',#1737,(#1741,#1748),.PCURVE_S1.);
#1737 = LINE('',#1738,#1739);
#1738 = CARTESIAN_POINT('',(-10.4,77.5,29.05));
#1739 = VECTOR('',#1740,1.);
#1740 = DIRECTION('',(0.,1.,0.));
#1741 = PCURVE('',#454,#1742);
#1742 = DEFINITIONAL_REPRESENTATION('',(#1743),#1747);
#1743 = LINE('',#1744,#1745);
#1744 = CARTESIAN_POINT('',(0.,58.9));
#1745 = VECTOR('',#1746,1.);
#1746 = DIRECTION('',(1.,0.));
#1747 = ( GEOMETRIC_REPRESENTATION_CONTEXT(2) 
PARAMETRIC_REPRESENTATION_CONTEXT() REPRESENTATION_CONTEXT('2D SPACE',''
  ) );
#1748 = PCURVE('',#1749,#1754);
#1749 = PLANE('',#1750);
#1750 = AXIS2_PLACEMENT_3D('',#1751,#1752,#1753);
#1751 = CARTESIAN_POINT('',(-10.4,78.809459956318,27.902418355748));
#1752 = DIRECTION('',(-1.,0.,-0.));
#1753 = DIRECTION('',(0.,-1.,0.));
#1754 = DEFINITIONAL_REPRESENTATION('',(#1755),#1759);
#1755 = LINE('',#1756,#1757);
#1756 = CARTESIAN_POINT('',(1.309459956318,1.147581644252));
#1757 = VECTOR('',#1758,1.);
#1758 = DIRECTION('',(-1.,0.));
#1759 = ( GEOMETRIC_REPRESENTATION_CONTEXT(2) 
PARAMETRIC_REPRESENTATION_CONTEXT() REPRESENTATION_CONTEXT('2D SPACE',''
  ) );
#1760 = ADVANCED_FACE('',(#1761),#426,.T.);
#1761 = FACE_BOUND('',#1762,.T.);
#1762 = EDGE_LOOP('',(#1763,#1764,#1765,#1788));
#1763 = ORIENTED_EDGE('',*,*,#1712,.T.);
#1764 = ORIENTED_EDGE('',*,*,#411,.T.);
#1765 = ORIENTED_EDGE('',*,*,#1766,.F.);
#1766 = EDGE_CURVE('',#1767,#383,#1769,.T.);
#1767 = VERTEX_POINT('',#1768);
#1768 = CARTESIAN_POINT('',(-10.4,80.01,26.65));
#1769 = SURFACE_CURVE('',#1770,(#1774,#1781),.PCURVE_S1.);
#1770 = LINE('',#1771,#1772);
#1771 = CARTESIAN_POINT('',(-10.4,80.01,26.65));
#1772 = VECTOR('',#1773,1.);
#1773 = DIRECTION('',(1.,0.,0.));
#1774 = PCURVE('',#426,#1775);
#1775 = DEFINITIONAL_REPRESENTATION('',(#1776),#1780);
#1776 = LINE('',#1777,#1778);
#1777 = CARTESIAN_POINT('',(2.4,58.9));
#1778 = VECTOR('',#1779,1.);
#1779 = DIRECTION('',(0.,-1.));
#1780 = ( GEOMETRIC_REPRESENTATION_CONTEXT(2) 
PARAMETRIC_REPRESENTATION_CONTEXT() REPRESENTATION_CONTEXT('2D SPACE',''
  ) );
#1781 = PCURVE('',#399,#1782);
#1782 = DEFINITIONAL_REPRESENTATION('',(#1783),#1787);
#1783 = LINE('',#1784,#1785);
#1784 = CARTESIAN_POINT('',(0.,58.9));
#1785 = VECTOR('',#1786,1.);
#1786 = DIRECTION('',(0.,-1.));
#1787 = ( GEOMETRIC_REPRESENTATION_CONTEXT(2) 
PARAMETRIC_REPRESENTATION_CONTEXT() REPRESENTATION_CONTEXT('2D SPACE',''
  ) );
#1788 = ORIENTED_EDGE('',*,*,#1789,.F.);
#1789 = EDGE_CURVE('',#1713,#1767,#1790,.T.);
#1790 = SURFACE_CURVE('',#1791,(#1795,#1802),.PCURVE_S1.);
#1791 = LINE('',#1792,#1793);
#1792 = CARTESIAN_POINT('',(-10.4,80.01,29.05));
#1793 = VECTOR('',#1794,1.);
#1794 = DIRECTION('',(0.,0.,-1.));
#1795 = PCURVE('',#426,#1796);
#1796 = DEFINITIONAL_REPRESENTATION('',(#1797),#1801);
#1797 = LINE('',#1798,#1799);
#1798 = CARTESIAN_POINT('',(0.,58.9));
#1799 = VECTOR('',#1800,1.);
#1800 = DIRECTION('',(1.,0.));
#1801 = ( GEOMETRIC_REPRESENTATION_CONTEXT(2) 
PARAMETRIC_REPRESENTATION_CONTEXT() REPRESENTATION_CONTEXT('2D SPACE',''
  ) );
#1802 = PCURVE('',#1749,#1803);
#1803 = DEFINITIONAL_REPRESENTATION('',(#1804),#1808);
#1804 = LINE('',#1805,#1806);
#1805 = CARTESIAN_POINT('',(-1.200540043682,1.147581644252));
#1806 = VECTOR('',#1807,1.);
#1807 = DIRECTION('',(0.,-1.));
#1808 = ( GEOMETRIC_REPRESENTATION_CONTEXT(2) 
PARAMETRIC_REPRESENTATION_CONTEXT() REPRESENTATION_CONTEXT('2D SPACE',''
  ) );
#1809 = ADVANCED_FACE('',(#1810),#399,.T.);
#1810 = FACE_BOUND('',#1811,.T.);
#1811 = EDGE_LOOP('',(#1812,#1837,#1860,#1888,#1909,#1910,#1911,#1932));
#1812 = ORIENTED_EDGE('',*,*,#1813,.T.);
#1813 = EDGE_CURVE('',#1814,#1816,#1818,.T.);
#1814 = VERTEX_POINT('',#1815);
#1815 = CARTESIAN_POINT('',(107.33732871514,80.01,26.65));
#1816 = VERTEX_POINT('',#1817);
#1817 = CARTESIAN_POINT('',(107.4,80.01,26.65));
#1818 = SURFACE_CURVE('',#1819,(#1823,#1830),.PCURVE_S1.);
#1819 = LINE('',#1820,#1821);
#1820 = CARTESIAN_POINT('',(-10.4,80.01,26.65));
#1821 = VECTOR('',#1822,1.);
#1822 = DIRECTION('',(1.,0.,0.));
#1823 = PCURVE('',#399,#1824);
#1824 = DEFINITIONAL_REPRESENTATION('',(#1825),#1829);
#1825 = LINE('',#1826,#1827);
#1826 = CARTESIAN_POINT('',(0.,58.9));
#1827 = VECTOR('',#1828,1.);
#1828 = DIRECTION('',(0.,-1.));
#1829 = ( GEOMETRIC_REPRESENTATION_CONTEXT(2) 
PARAMETRIC_REPRESENTATION_CONTEXT() REPRESENTATION_CONTEXT('2D SPACE',''
  ) );
#1830 = PCURVE('',#1672,#1831);
#1831 = DEFINITIONAL_REPRESENTATION('',(#1832),#1836);
#1832 = LINE('',#1833,#1834);
#1833 = CARTESIAN_POINT('',(2.4,58.9));
#1834 = VECTOR('',#1835,1.);
#1835 = DIRECTION('',(0.,-1.));
#1836 = ( GEOMETRIC_REPRESENTATION_CONTEXT(2) 
PARAMETRIC_REPRESENTATION_CONTEXT() REPRESENTATION_CONTEXT('2D SPACE',''
  ) );
#1837 = ORIENTED_EDGE('',*,*,#1838,.T.);
#1838 = EDGE_CURVE('',#1816,#1839,#1841,.T.);
#1839 = VERTEX_POINT('',#1840);
#1840 = CARTESIAN_POINT('',(107.4,78.1,26.65));
#1841 = SURFACE_CURVE('',#1842,(#1846,#1853),.PCURVE_S1.);
#1842 = LINE('',#1843,#1844);
#1843 = CARTESIAN_POINT('',(107.4,80.01,26.65));
#1844 = VECTOR('',#1845,1.);
#1845 = DIRECTION('',(0.,-1.,0.));
#1846 = PCURVE('',#399,#1847);
#1847 = DEFINITIONAL_REPRESENTATION('',(#1848),#1852);
#1848 = LINE('',#1849,#1850);
#1849 = CARTESIAN_POINT('',(0.,-58.9));
#1850 = VECTOR('',#1851,1.);
#1851 = DIRECTION('',(1.,0.));
#1852 = ( GEOMETRIC_REPRESENTATION_CONTEXT(2) 
PARAMETRIC_REPRESENTATION_CONTEXT() REPRESENTATION_CONTEXT('2D SPACE',''
  ) );
#1853 = PCURVE('',#1644,#1854);
#1854 = DEFINITIONAL_REPRESENTATION('',(#1855),#1859);
#1855 = LINE('',#1856,#1857);
#1856 = CARTESIAN_POINT('',(-1.200540043682,-1.252418355748));
#1857 = VECTOR('',#1858,1.);
#1858 = DIRECTION('',(1.,0.));
#1859 = ( GEOMETRIC_REPRESENTATION_CONTEXT(2) 
PARAMETRIC_REPRESENTATION_CONTEXT() REPRESENTATION_CONTEXT('2D SPACE',''
  ) );
#1860 = ORIENTED_EDGE('',*,*,#1861,.T.);
#1861 = EDGE_CURVE('',#1839,#1862,#1864,.T.);
#1862 = VERTEX_POINT('',#1863);
#1863 = CARTESIAN_POINT('',(-10.4,78.1,26.65));
#1864 = SURFACE_CURVE('',#1865,(#1869,#1876),.PCURVE_S1.);
#1865 = LINE('',#1866,#1867);
#1866 = CARTESIAN_POINT('',(107.4,78.1,26.65));
#1867 = VECTOR('',#1868,1.);
#1868 = DIRECTION('',(-1.,0.,0.));
#1869 = PCURVE('',#399,#1870);
#1870 = DEFINITIONAL_REPRESENTATION('',(#1871),#1875);
#1871 = LINE('',#1872,#1873);
#1872 = CARTESIAN_POINT('',(1.91,-58.9));
#1873 = VECTOR('',#1874,1.);
#1874 = DIRECTION('',(0.,1.));
#1875 = ( GEOMETRIC_REPRESENTATION_CONTEXT(2) 
PARAMETRIC_REPRESENTATION_CONTEXT() REPRESENTATION_CONTEXT('2D SPACE',''
  ) );
#1876 = PCURVE('',#1877,#1882);
#1877 = PLANE('',#1878);
#1878 = AXIS2_PLACEMENT_3D('',#1879,#1880,#1881);
#1879 = CARTESIAN_POINT('',(48.5,78.1,26.65));
#1880 = DIRECTION('',(-0.,-0.707106781187,-0.707106781187));
#1881 = DIRECTION('',(0.,-0.707106781187,0.707106781187));
#1882 = DEFINITIONAL_REPRESENTATION('',(#1883),#1887);
#1883 = LINE('',#1884,#1885);
#1884 = CARTESIAN_POINT('',(0.,-58.9));
#1885 = VECTOR('',#1886,1.);
#1886 = DIRECTION('',(0.,1.));
#1887 = ( GEOMETRIC_REPRESENTATION_CONTEXT(2) 
PARAMETRIC_REPRESENTATION_CONTEXT() REPRESENTATION_CONTEXT('2D SPACE',''
  ) );
#1888 = ORIENTED_EDGE('',*,*,#1889,.F.);
#1889 = EDGE_CURVE('',#1767,#1862,#1890,.T.);
#1890 = SURFACE_CURVE('',#1891,(#1895,#1902),.PCURVE_S1.);
#1891 = LINE('',#1892,#1893);
#1892 = CARTESIAN_POINT('',(-10.4,80.01,26.65));
#1893 = VECTOR('',#1894,1.);
#1894 = DIRECTION('',(0.,-1.,0.));
#1895 = PCURVE('',#399,#1896);
#1896 = DEFINITIONAL_REPRESENTATION('',(#1897),#1901);
#1897 = LINE('',#1898,#1899);
#1898 = CARTESIAN_POINT('',(0.,58.9));
#1899 = VECTOR('',#1900,1.);
#1900 = DIRECTION('',(1.,0.));
#1901 = ( GEOMETRIC_REPRESENTATION_CONTEXT(2) 
PARAMETRIC_REPRESENTATION_CONTEXT() REPRESENTATION_CONTEXT('2D SPACE',''
  ) );
#1902 = PCURVE('',#1749,#1903);
#1903 = DEFINITIONAL_REPRESENTATION('',(#1904),#1908);
#1904 = LINE('',#1905,#1906);
#1905 = CARTESIAN_POINT('',(-1.200540043682,-1.252418355748));
#1906 = VECTOR('',#1907,1.);
#1907 = DIRECTION('',(1.,0.));
#1908 = ( GEOMETRIC_REPRESENTATION_CONTEXT(2) 
PARAMETRIC_REPRESENTATION_CONTEXT() REPRESENTATION_CONTEXT('2D SPACE',''
  ) );
#1909 = ORIENTED_EDGE('',*,*,#1766,.T.);
#1910 = ORIENTED_EDGE('',*,*,#382,.F.);
#1911 = ORIENTED_EDGE('',*,*,#1912,.F.);
#1912 = EDGE_CURVE('',#1913,#356,#1915,.T.);
#1913 = VERTEX_POINT('',#1914);
#1914 = CARTESIAN_POINT('',(107.33938768812,80.,26.65));
#1915 = SURFACE_CURVE('',#1916,(#1920,#1926),.PCURVE_S1.);
#1916 = LINE('',#1917,#1918);
#1917 = CARTESIAN_POINT('',(18.55,80.,26.65));
#1918 = VECTOR('',#1919,1.);
#1919 = DIRECTION('',(-1.,-0.,0.));
#1920 = PCURVE('',#399,#1921);
#1921 = DEFINITIONAL_REPRESENTATION('',(#1922),#1925);
#1922 = B_SPLINE_CURVE_WITH_KNOTS('',1,(#1923,#1924),.UNSPECIFIED.,.F.,
  .F.,(2,2),(-88.7893904106,28.889390410604),.PIECEWISE_BEZIER_KNOTS.);
#1923 = CARTESIAN_POINT('',(1.000000000001E-02,-58.8393904106));
#1924 = CARTESIAN_POINT('',(1.000000000001E-02,58.839390410604));
#1925 = ( GEOMETRIC_REPRESENTATION_CONTEXT(2) 
PARAMETRIC_REPRESENTATION_CONTEXT() REPRESENTATION_CONTEXT('2D SPACE',''
  ) );
#1926 = PCURVE('',#370,#1927);
#1927 = DEFINITIONAL_REPRESENTATION('',(#1928),#1931);
#1928 = B_SPLINE_CURVE_WITH_KNOTS('',1,(#1929,#1930),.UNSPECIFIED.,.F.,
  .F.,(2,2),(-88.7893904106,28.889390410604),.PIECEWISE_BEZIER_KNOTS.);
#1929 = CARTESIAN_POINT('',(2.8,118.7393904106));
#1930 = CARTESIAN_POINT('',(2.8,1.060609589396));
#1931 = ( GEOMETRIC_REPRESENTATION_CONTEXT(2) 
PARAMETRIC_REPRESENTATION_CONTEXT() REPRESENTATION_CONTEXT('2D SPACE',''
  ) );
#1932 = ORIENTED_EDGE('',*,*,#1933,.F.);
#1933 = EDGE_CURVE('',#1814,#1913,#1934,.T.);
#1934 = SURFACE_CURVE('',#1935,(#1940,#1947),.PCURVE_S1.);
#1935 = CIRCLE('',#1936,3.);
#1936 = AXIS2_PLACEMENT_3D('',#1937,#1938,#1939);
#1937 = CARTESIAN_POINT('',(104.4,79.399999984253,26.65));
#1938 = DIRECTION('',(0.,0.,-1.));
#1939 = DIRECTION('',(-1.,0.,0.));
#1940 = PCURVE('',#399,#1941);
#1941 = DEFINITIONAL_REPRESENTATION('',(#1942),#1946);
#1942 = CIRCLE('',#1943,3.);
#1943 = AXIS2_PLACEMENT_2D('',#1944,#1945);
#1944 = CARTESIAN_POINT('',(0.610000015747,-55.9));
#1945 = DIRECTION('',(0.,1.));
#1946 = ( GEOMETRIC_REPRESENTATION_CONTEXT(2) 
PARAMETRIC_REPRESENTATION_CONTEXT() REPRESENTATION_CONTEXT('2D SPACE',''
  ) );
#1947 = PCURVE('',#803,#1948);
#1948 = DEFINITIONAL_REPRESENTATION('',(#1949),#1953);
#1949 = LINE('',#1950,#1951);
#1950 = CARTESIAN_POINT('',(0.,-62.55));
#1951 = VECTOR('',#1952,1.);
#1952 = DIRECTION('',(1.,0.));
#1953 = ( GEOMETRIC_REPRESENTATION_CONTEXT(2) 
PARAMETRIC_REPRESENTATION_CONTEXT() REPRESENTATION_CONTEXT('2D SPACE',''
  ) );
#1954 = ADVANCED_FACE('',(#1955),#370,.F.);
#1955 = FACE_BOUND('',#1956,.F.);
#1956 = EDGE_LOOP('',(#1957,#1958,#1959,#1960,#1980,#1981,#2004,#2030));
#1957 = ORIENTED_EDGE('',*,*,#545,.F.);
#1958 = ORIENTED_EDGE('',*,*,#355,.F.);
#1959 = ORIENTED_EDGE('',*,*,#1912,.F.);
#1960 = ORIENTED_EDGE('',*,*,#1961,.T.);
#1961 = EDGE_CURVE('',#1913,#783,#1962,.T.);
#1962 = SURFACE_CURVE('',#1963,(#1967,#1974),.PCURVE_S1.);
#1963 = LINE('',#1964,#1965);
#1964 = CARTESIAN_POINT('',(107.33938768812,80.,-35.9));
#1965 = VECTOR('',#1966,1.);
#1966 = DIRECTION('',(0.,0.,-1.));
#1967 = PCURVE('',#370,#1968);
#1968 = DEFINITIONAL_REPRESENTATION('',(#1969),#1973);
#1969 = LINE('',#1970,#1971);
#1970 = CARTESIAN_POINT('',(-59.75,118.73938768812));
#1971 = VECTOR('',#1972,1.);
#1972 = DIRECTION('',(-1.,0.));
#1973 = ( GEOMETRIC_REPRESENTATION_CONTEXT(2) 
PARAMETRIC_REPRESENTATION_CONTEXT() REPRESENTATION_CONTEXT('2D SPACE',''
  ) );
#1974 = PCURVE('',#803,#1975);
#1975 = DEFINITIONAL_REPRESENTATION('',(#1976),#1979);
#1976 = B_SPLINE_CURVE_WITH_KNOTS('',1,(#1977,#1978),.UNSPECIFIED.,.F.,
  .F.,(2,2),(-74.1500006,-57.81),.PIECEWISE_BEZIER_KNOTS.);
#1977 = CARTESIAN_POINT('',(2.940234727442,-74.1500006));
#1978 = CARTESIAN_POINT('',(2.940234727442,-57.81));
#1979 = ( GEOMETRIC_REPRESENTATION_CONTEXT(2) 
PARAMETRIC_REPRESENTATION_CONTEXT() REPRESENTATION_CONTEXT('2D SPACE',''
  ) );
#1980 = ORIENTED_EDGE('',*,*,#815,.F.);
#1981 = ORIENTED_EDGE('',*,*,#1982,.F.);
#1982 = EDGE_CURVE('',#1983,#816,#1985,.T.);
#1983 = VERTEX_POINT('',#1984);
#1984 = CARTESIAN_POINT('',(105.,80.,23.45));
#1985 = SURFACE_CURVE('',#1986,(#1990,#1997),.PCURVE_S1.);
#1986 = LINE('',#1987,#1988);
#1987 = CARTESIAN_POINT('',(105.,80.,-33.5));
#1988 = VECTOR('',#1989,1.);
#1989 = DIRECTION('',(0.,0.,1.));
#1990 = PCURVE('',#370,#1991);
#1991 = DEFINITIONAL_REPRESENTATION('',(#1992),#1996);
#1992 = LINE('',#1993,#1994);
#1993 = CARTESIAN_POINT('',(-57.35,116.4));
#1994 = VECTOR('',#1995,1.);
#1995 = DIRECTION('',(1.,0.));
#1996 = ( GEOMETRIC_REPRESENTATION_CONTEXT(2) 
PARAMETRIC_REPRESENTATION_CONTEXT() REPRESENTATION_CONTEXT('2D SPACE',''
  ) );
#1997 = PCURVE('',#853,#1998);
#1998 = DEFINITIONAL_REPRESENTATION('',(#1999),#2003);
#1999 = LINE('',#2000,#2001);
#2000 = CARTESIAN_POINT('',(0.,-83.));
#2001 = VECTOR('',#2002,1.);
#2002 = DIRECTION('',(1.,0.));
#2003 = ( GEOMETRIC_REPRESENTATION_CONTEXT(2) 
PARAMETRIC_REPRESENTATION_CONTEXT() REPRESENTATION_CONTEXT('2D SPACE',''
  ) );
#2004 = ORIENTED_EDGE('',*,*,#2005,.F.);
#2005 = EDGE_CURVE('',#2006,#1983,#2008,.T.);
#2006 = VERTEX_POINT('',#2007);
#2007 = CARTESIAN_POINT('',(-8.,80.,23.45));
#2008 = SURFACE_CURVE('',#2009,(#2013,#2019),.PCURVE_S1.);
#2009 = LINE('',#2010,#2011);
#2010 = CARTESIAN_POINT('',(18.55,80.,23.45));
#2011 = VECTOR('',#2012,1.);
#2012 = DIRECTION('',(1.,0.,0.));
#2013 = PCURVE('',#370,#2014);
#2014 = DEFINITIONAL_REPRESENTATION('',(#2015),#2018);
#2015 = B_SPLINE_CURVE_WITH_KNOTS('',1,(#2016,#2017),.UNSPECIFIED.,.F.,
  .F.,(2,2),(-26.55,86.45),.PIECEWISE_BEZIER_KNOTS.);
#2016 = CARTESIAN_POINT('',(-0.4,3.4));
#2017 = CARTESIAN_POINT('',(-0.4,116.4));
#2018 = ( GEOMETRIC_REPRESENTATION_CONTEXT(2) 
PARAMETRIC_REPRESENTATION_CONTEXT() REPRESENTATION_CONTEXT('2D SPACE',''
  ) );
#2019 = PCURVE('',#2020,#2025);
#2020 = PLANE('',#2021);
#2021 = AXIS2_PLACEMENT_3D('',#2022,#2023,#2024);
#2022 = CARTESIAN_POINT('',(48.5,78.2,23.45));
#2023 = DIRECTION('',(0.,-0.,1.));
#2024 = DIRECTION('',(0.,1.,0.));
#2025 = DEFINITIONAL_REPRESENTATION('',(#2026),#2029);
#2026 = B_SPLINE_CURVE_WITH_KNOTS('',1,(#2027,#2028),.UNSPECIFIED.,.F.,
  .F.,(2,2),(-26.55,86.45),.PIECEWISE_BEZIER_KNOTS.);
#2027 = CARTESIAN_POINT('',(1.8,56.5));
#2028 = CARTESIAN_POINT('',(1.8,-56.5));
#2029 = ( GEOMETRIC_REPRESENTATION_CONTEXT(2) 
PARAMETRIC_REPRESENTATION_CONTEXT() REPRESENTATION_CONTEXT('2D SPACE',''
  ) );
#2030 = ORIENTED_EDGE('',*,*,#2031,.T.);
#2031 = EDGE_CURVE('',#2006,#546,#2032,.T.);
#2032 = SURFACE_CURVE('',#2033,(#2037,#2044),.PCURVE_S1.);
#2033 = LINE('',#2034,#2035);
#2034 = CARTESIAN_POINT('',(-8.,80.,-33.5));
#2035 = VECTOR('',#2036,1.);
#2036 = DIRECTION('',(0.,0.,1.));
#2037 = PCURVE('',#370,#2038);
#2038 = DEFINITIONAL_REPRESENTATION('',(#2039),#2043);
#2039 = LINE('',#2040,#2041);
#2040 = CARTESIAN_POINT('',(-57.35,3.4));
#2041 = VECTOR('',#2042,1.);
#2042 = DIRECTION('',(1.,0.));
#2043 = ( GEOMETRIC_REPRESENTATION_CONTEXT(2) 
PARAMETRIC_REPRESENTATION_CONTEXT() REPRESENTATION_CONTEXT('2D SPACE',''
  ) );
#2044 = PCURVE('',#903,#2045);
#2045 = DEFINITIONAL_REPRESENTATION('',(#2046),#2050);
#2046 = LINE('',#2047,#2048);
#2047 = CARTESIAN_POINT('',(0.,-83.));
#2048 = VECTOR('',#2049,1.);
#2049 = DIRECTION('',(1.,0.));
#2050 = ( GEOMETRIC_REPRESENTATION_CONTEXT(2) 
PARAMETRIC_REPRESENTATION_CONTEXT() REPRESENTATION_CONTEXT('2D SPACE',''
  ) );
#2051 = ADVANCED_FACE('',(#2052),#903,.T.);
#2052 = FACE_BOUND('',#2053,.T.);
#2053 = EDGE_LOOP('',(#2054,#2077,#2105,#2133,#2161,#2182,#2183));
#2054 = ORIENTED_EDGE('',*,*,#2055,.F.);
#2055 = EDGE_CURVE('',#2056,#865,#2058,.T.);
#2056 = VERTEX_POINT('',#2057);
#2057 = CARTESIAN_POINT('',(-8.,-3.,-33.5));
#2058 = SURFACE_CURVE('',#2059,(#2063,#2070),.PCURVE_S1.);
#2059 = LINE('',#2060,#2061);
#2060 = CARTESIAN_POINT('',(-8.,-3.,-33.5));
#2061 = VECTOR('',#2062,1.);
#2062 = DIRECTION('',(0.,0.,1.));
#2063 = PCURVE('',#903,#2064);
#2064 = DEFINITIONAL_REPRESENTATION('',(#2065),#2069);
#2065 = LINE('',#2066,#2067);
#2066 = CARTESIAN_POINT('',(0.,0.));
#2067 = VECTOR('',#2068,1.);
#2068 = DIRECTION('',(1.,0.));
#2069 = ( GEOMETRIC_REPRESENTATION_CONTEXT(2) 
PARAMETRIC_REPRESENTATION_CONTEXT() REPRESENTATION_CONTEXT('2D SPACE',''
  ) );
#2070 = PCURVE('',#879,#2071);
#2071 = DEFINITIONAL_REPRESENTATION('',(#2072),#2076);
#2072 = LINE('',#2073,#2074);
#2073 = CARTESIAN_POINT('',(0.,0.));
#2074 = VECTOR('',#2075,1.);
#2075 = DIRECTION('',(1.,0.));
#2076 = ( GEOMETRIC_REPRESENTATION_CONTEXT(2) 
PARAMETRIC_REPRESENTATION_CONTEXT() REPRESENTATION_CONTEXT('2D SPACE',''
  ) );
#2077 = ORIENTED_EDGE('',*,*,#2078,.T.);
#2078 = EDGE_CURVE('',#2056,#2079,#2081,.T.);
#2079 = VERTEX_POINT('',#2080);
#2080 = CARTESIAN_POINT('',(-8.,80.,-33.5));
#2081 = SURFACE_CURVE('',#2082,(#2086,#2093),.PCURVE_S1.);
#2082 = LINE('',#2083,#2084);
#2083 = CARTESIAN_POINT('',(-8.,-3.,-33.5));
#2084 = VECTOR('',#2085,1.);
#2085 = DIRECTION('',(-0.,1.,0.));
#2086 = PCURVE('',#903,#2087);
#2087 = DEFINITIONAL_REPRESENTATION('',(#2088),#2092);
#2088 = LINE('',#2089,#2090);
#2089 = CARTESIAN_POINT('',(0.,0.));
#2090 = VECTOR('',#2091,1.);
#2091 = DIRECTION('',(0.,-1.));
#2092 = ( GEOMETRIC_REPRESENTATION_CONTEXT(2) 
PARAMETRIC_REPRESENTATION_CONTEXT() REPRESENTATION_CONTEXT('2D SPACE',''
  ) );
#2093 = PCURVE('',#2094,#2099);
#2094 = PLANE('',#2095);
#2095 = AXIS2_PLACEMENT_3D('',#2096,#2097,#2098);
#2096 = CARTESIAN_POINT('',(-8.,-3.,-33.5));
#2097 = DIRECTION('',(0.,0.,1.));
#2098 = DIRECTION('',(1.,0.,-0.));
#2099 = DEFINITIONAL_REPRESENTATION('',(#2100),#2104);
#2100 = LINE('',#2101,#2102);
#2101 = CARTESIAN_POINT('',(0.,0.));
#2102 = VECTOR('',#2103,1.);
#2103 = DIRECTION('',(0.,1.));
#2104 = ( GEOMETRIC_REPRESENTATION_CONTEXT(2) 
PARAMETRIC_REPRESENTATION_CONTEXT() REPRESENTATION_CONTEXT('2D SPACE',''
  ) );
#2105 = ORIENTED_EDGE('',*,*,#2106,.T.);
#2106 = EDGE_CURVE('',#2079,#2107,#2109,.T.);
#2107 = VERTEX_POINT('',#2108);
#2108 = CARTESIAN_POINT('',(-8.,80.,21.659944751381));
#2109 = SURFACE_CURVE('',#2110,(#2114,#2121),.PCURVE_S1.);
#2110 = LINE('',#2111,#2112);
#2111 = CARTESIAN_POINT('',(-8.,80.,-33.5));
#2112 = VECTOR('',#2113,1.);
#2113 = DIRECTION('',(0.,0.,1.));
#2114 = PCURVE('',#903,#2115);
#2115 = DEFINITIONAL_REPRESENTATION('',(#2116),#2120);
#2116 = LINE('',#2117,#2118);
#2117 = CARTESIAN_POINT('',(0.,-83.));
#2118 = VECTOR('',#2119,1.);
#2119 = DIRECTION('',(1.,0.));
#2120 = ( GEOMETRIC_REPRESENTATION_CONTEXT(2) 
PARAMETRIC_REPRESENTATION_CONTEXT() REPRESENTATION_CONTEXT('2D SPACE',''
  ) );
#2121 = PCURVE('',#2122,#2127);
#2122 = PLANE('',#2123);
#2123 = AXIS2_PLACEMENT_3D('',#2124,#2125,#2126);
#2124 = CARTESIAN_POINT('',(-11.4,80.,23.85));
#2125 = DIRECTION('',(-0.,1.,0.));
#2126 = DIRECTION('',(0.,0.,1.));
#2127 = DEFINITIONAL_REPRESENTATION('',(#2128),#2132);
#2128 = LINE('',#2129,#2130);
#2129 = CARTESIAN_POINT('',(-57.35,3.4));
#2130 = VECTOR('',#2131,1.);
#2131 = DIRECTION('',(1.,0.));
#2132 = ( GEOMETRIC_REPRESENTATION_CONTEXT(2) 
PARAMETRIC_REPRESENTATION_CONTEXT() REPRESENTATION_CONTEXT('2D SPACE',''
  ) );
#2133 = ORIENTED_EDGE('',*,*,#2134,.T.);
#2134 = EDGE_CURVE('',#2107,#2135,#2137,.T.);
#2135 = VERTEX_POINT('',#2136);
#2136 = CARTESIAN_POINT('',(-8.,78.2,23.45));
#2137 = SURFACE_CURVE('',#2138,(#2142,#2149),.PCURVE_S1.);
#2138 = LINE('',#2139,#2140);
#2139 = CARTESIAN_POINT('',(-8.,80.01,21.65));
#2140 = VECTOR('',#2141,1.);
#2141 = DIRECTION('',(0.,-0.709062805291,0.705145331228));
#2142 = PCURVE('',#903,#2143);
#2143 = DEFINITIONAL_REPRESENTATION('',(#2144),#2148);
#2144 = LINE('',#2145,#2146);
#2145 = CARTESIAN_POINT('',(55.15,-83.01));
#2146 = VECTOR('',#2147,1.);
#2147 = DIRECTION('',(0.705145331228,0.709062805291));
#2148 = ( GEOMETRIC_REPRESENTATION_CONTEXT(2) 
PARAMETRIC_REPRESENTATION_CONTEXT() REPRESENTATION_CONTEXT('2D SPACE',''
  ) );
#2149 = PCURVE('',#2150,#2155);
#2150 = PLANE('',#2151);
#2151 = AXIS2_PLACEMENT_3D('',#2152,#2153,#2154);
#2152 = CARTESIAN_POINT('',(48.5,80.01,21.65));
#2153 = DIRECTION('',(-0.,-0.705145331228,-0.709062805291));
#2154 = DIRECTION('',(0.,-0.709062805291,0.705145331228));
#2155 = DEFINITIONAL_REPRESENTATION('',(#2156),#2160);
#2156 = LINE('',#2157,#2158);
#2157 = CARTESIAN_POINT('',(0.,56.5));
#2158 = VECTOR('',#2159,1.);
#2159 = DIRECTION('',(1.,0.));
#2160 = ( GEOMETRIC_REPRESENTATION_CONTEXT(2) 
PARAMETRIC_REPRESENTATION_CONTEXT() REPRESENTATION_CONTEXT('2D SPACE',''
  ) );
#2161 = ORIENTED_EDGE('',*,*,#2162,.T.);
#2162 = EDGE_CURVE('',#2135,#2006,#2163,.T.);
#2163 = SURFACE_CURVE('',#2164,(#2168,#2175),.PCURVE_S1.);
#2164 = LINE('',#2165,#2166);
#2165 = CARTESIAN_POINT('',(-8.,78.2,23.45));
#2166 = VECTOR('',#2167,1.);
#2167 = DIRECTION('',(0.,1.,0.));
#2168 = PCURVE('',#903,#2169);
#2169 = DEFINITIONAL_REPRESENTATION('',(#2170),#2174);
#2170 = LINE('',#2171,#2172);
#2171 = CARTESIAN_POINT('',(56.95,-81.2));
#2172 = VECTOR('',#2173,1.);
#2173 = DIRECTION('',(0.,-1.));
#2174 = ( GEOMETRIC_REPRESENTATION_CONTEXT(2) 
PARAMETRIC_REPRESENTATION_CONTEXT() REPRESENTATION_CONTEXT('2D SPACE',''
  ) );
#2175 = PCURVE('',#2020,#2176);
#2176 = DEFINITIONAL_REPRESENTATION('',(#2177),#2181);
#2177 = LINE('',#2178,#2179);
#2178 = CARTESIAN_POINT('',(0.,56.5));
#2179 = VECTOR('',#2180,1.);
#2180 = DIRECTION('',(1.,0.));
#2181 = ( GEOMETRIC_REPRESENTATION_CONTEXT(2) 
PARAMETRIC_REPRESENTATION_CONTEXT() REPRESENTATION_CONTEXT('2D SPACE',''
  ) );
#2182 = ORIENTED_EDGE('',*,*,#2031,.T.);
#2183 = ORIENTED_EDGE('',*,*,#890,.F.);
#2184 = ADVANCED_FACE('',(#2185,#2334,#2440,#2471,#2502),#879,.T.);
#2185 = FACE_BOUND('',#2186,.T.);
#2186 = EDGE_LOOP('',(#2187,#2210,#2233,#2259,#2285,#2311,#2332,#2333));
#2187 = ORIENTED_EDGE('',*,*,#2188,.F.);
#2188 = EDGE_CURVE('',#2189,#839,#2191,.T.);
#2189 = VERTEX_POINT('',#2190);
#2190 = CARTESIAN_POINT('',(105.,-3.,-33.5));
#2191 = SURFACE_CURVE('',#2192,(#2196,#2203),.PCURVE_S1.);
#2192 = LINE('',#2193,#2194);
#2193 = CARTESIAN_POINT('',(105.,-3.,-33.5));
#2194 = VECTOR('',#2195,1.);
#2195 = DIRECTION('',(0.,0.,1.));
#2196 = PCURVE('',#879,#2197);
#2197 = DEFINITIONAL_REPRESENTATION('',(#2198),#2202);
#2198 = LINE('',#2199,#2200);
#2199 = CARTESIAN_POINT('',(0.,113.));
#2200 = VECTOR('',#2201,1.);
#2201 = DIRECTION('',(1.,0.));
#2202 = ( GEOMETRIC_REPRESENTATION_CONTEXT(2) 
PARAMETRIC_REPRESENTATION_CONTEXT() REPRESENTATION_CONTEXT('2D SPACE',''
  ) );
#2203 = PCURVE('',#853,#2204);
#2204 = DEFINITIONAL_REPRESENTATION('',(#2205),#2209);
#2205 = LINE('',#2206,#2207);
#2206 = CARTESIAN_POINT('',(0.,0.));
#2207 = VECTOR('',#2208,1.);
#2208 = DIRECTION('',(1.,0.));
#2209 = ( GEOMETRIC_REPRESENTATION_CONTEXT(2) 
PARAMETRIC_REPRESENTATION_CONTEXT() REPRESENTATION_CONTEXT('2D SPACE',''
  ) );
#2210 = ORIENTED_EDGE('',*,*,#2211,.F.);
#2211 = EDGE_CURVE('',#2212,#2189,#2214,.T.);
#2212 = VERTEX_POINT('',#2213);
#2213 = CARTESIAN_POINT('',(68.,-3.,-33.5));
#2214 = SURFACE_CURVE('',#2215,(#2219,#2226),.PCURVE_S1.);
#2215 = LINE('',#2216,#2217);
#2216 = CARTESIAN_POINT('',(-8.,-3.,-33.5));
#2217 = VECTOR('',#2218,1.);
#2218 = DIRECTION('',(1.,0.,-0.));
#2219 = PCURVE('',#879,#2220);
#2220 = DEFINITIONAL_REPRESENTATION('',(#2221),#2225);
#2221 = LINE('',#2222,#2223);
#2222 = CARTESIAN_POINT('',(0.,0.));
#2223 = VECTOR('',#2224,1.);
#2224 = DIRECTION('',(0.,1.));
#2225 = ( GEOMETRIC_REPRESENTATION_CONTEXT(2) 
PARAMETRIC_REPRESENTATION_CONTEXT() REPRESENTATION_CONTEXT('2D SPACE',''
  ) );
#2226 = PCURVE('',#2094,#2227);
#2227 = DEFINITIONAL_REPRESENTATION('',(#2228),#2232);
#2228 = LINE('',#2229,#2230);
#2229 = CARTESIAN_POINT('',(0.,0.));
#2230 = VECTOR('',#2231,1.);
#2231 = DIRECTION('',(1.,0.));
#2232 = ( GEOMETRIC_REPRESENTATION_CONTEXT(2) 
PARAMETRIC_REPRESENTATION_CONTEXT() REPRESENTATION_CONTEXT('2D SPACE',''
  ) );
#2233 = ORIENTED_EDGE('',*,*,#2234,.F.);
#2234 = EDGE_CURVE('',#2235,#2212,#2237,.T.);
#2235 = VERTEX_POINT('',#2236);
#2236 = CARTESIAN_POINT('',(68.,-3.,-30.5));
#2237 = SURFACE_CURVE('',#2238,(#2242,#2248),.PCURVE_S1.);
#2238 = LINE('',#2239,#2240);
#2239 = CARTESIAN_POINT('',(68.,-3.,-33.5));
#2240 = VECTOR('',#2241,1.);
#2241 = DIRECTION('',(-0.,0.,-1.));
#2242 = PCURVE('',#879,#2243);
#2243 = DEFINITIONAL_REPRESENTATION('',(#2244),#2247);
#2244 = B_SPLINE_CURVE_WITH_KNOTS('',1,(#2245,#2246),.UNSPECIFIED.,.F.,
  .F.,(2,2),(-3.,0.),.PIECEWISE_BEZIER_KNOTS.);
#2245 = CARTESIAN_POINT('',(3.,76.));
#2246 = CARTESIAN_POINT('',(0.,76.));
#2247 = ( GEOMETRIC_REPRESENTATION_CONTEXT(2) 
PARAMETRIC_REPRESENTATION_CONTEXT() REPRESENTATION_CONTEXT('2D SPACE',''
  ) );
#2248 = PCURVE('',#2249,#2254);
#2249 = PLANE('',#2250);
#2250 = AXIS2_PLACEMENT_3D('',#2251,#2252,#2253);
#2251 = CARTESIAN_POINT('',(68.,-10.4,-33.5));
#2252 = DIRECTION('',(1.,0.,-0.));
#2253 = DIRECTION('',(0.,0.,1.));
#2254 = DEFINITIONAL_REPRESENTATION('',(#2255),#2258);
#2255 = B_SPLINE_CURVE_WITH_KNOTS('',1,(#2256,#2257),.UNSPECIFIED.,.F.,
  .F.,(2,2),(-3.,0.),.PIECEWISE_BEZIER_KNOTS.);
#2256 = CARTESIAN_POINT('',(3.,-7.4));
#2257 = CARTESIAN_POINT('',(0.,-7.4));
#2258 = ( GEOMETRIC_REPRESENTATION_CONTEXT(2) 
PARAMETRIC_REPRESENTATION_CONTEXT() REPRESENTATION_CONTEXT('2D SPACE',''
  ) );
#2259 = ORIENTED_EDGE('',*,*,#2260,.F.);
#2260 = EDGE_CURVE('',#2261,#2235,#2263,.T.);
#2261 = VERTEX_POINT('',#2262);
#2262 = CARTESIAN_POINT('',(60.,-3.,-30.5));
#2263 = SURFACE_CURVE('',#2264,(#2268,#2274),.PCURVE_S1.);
#2264 = LINE('',#2265,#2266);
#2265 = CARTESIAN_POINT('',(26.,-3.,-30.5));
#2266 = VECTOR('',#2267,1.);
#2267 = DIRECTION('',(1.,0.,-0.));
#2268 = PCURVE('',#879,#2269);
#2269 = DEFINITIONAL_REPRESENTATION('',(#2270),#2273);
#2270 = B_SPLINE_CURVE_WITH_KNOTS('',1,(#2271,#2272),.UNSPECIFIED.,.F.,
  .F.,(2,2),(34.,42.),.PIECEWISE_BEZIER_KNOTS.);
#2271 = CARTESIAN_POINT('',(3.,68.));
#2272 = CARTESIAN_POINT('',(3.,76.));
#2273 = ( GEOMETRIC_REPRESENTATION_CONTEXT(2) 
PARAMETRIC_REPRESENTATION_CONTEXT() REPRESENTATION_CONTEXT('2D SPACE',''
  ) );
#2274 = PCURVE('',#2275,#2280);
#2275 = PLANE('',#2276);
#2276 = AXIS2_PLACEMENT_3D('',#2277,#2278,#2279);
#2277 = CARTESIAN_POINT('',(60.,-10.4,-30.5));
#2278 = DIRECTION('',(0.,0.,1.));
#2279 = DIRECTION('',(1.,0.,-0.));
#2280 = DEFINITIONAL_REPRESENTATION('',(#2281),#2284);
#2281 = B_SPLINE_CURVE_WITH_KNOTS('',1,(#2282,#2283),.UNSPECIFIED.,.F.,
  .F.,(2,2),(34.,42.),.PIECEWISE_BEZIER_KNOTS.);
#2282 = CARTESIAN_POINT('',(0.,7.4));
#2283 = CARTESIAN_POINT('',(8.,7.4));
#2284 = ( GEOMETRIC_REPRESENTATION_CONTEXT(2) 
PARAMETRIC_REPRESENTATION_CONTEXT() REPRESENTATION_CONTEXT('2D SPACE',''
  ) );
#2285 = ORIENTED_EDGE('',*,*,#2286,.T.);
#2286 = EDGE_CURVE('',#2261,#2287,#2289,.T.);
#2287 = VERTEX_POINT('',#2288);
#2288 = CARTESIAN_POINT('',(60.,-3.,-33.5));
#2289 = SURFACE_CURVE('',#2290,(#2294,#2300),.PCURVE_S1.);
#2290 = LINE('',#2291,#2292);
#2291 = CARTESIAN_POINT('',(60.,-3.,-33.5));
#2292 = VECTOR('',#2293,1.);
#2293 = DIRECTION('',(-0.,0.,-1.));
#2294 = PCURVE('',#879,#2295);
#2295 = DEFINITIONAL_REPRESENTATION('',(#2296),#2299);
#2296 = B_SPLINE_CURVE_WITH_KNOTS('',1,(#2297,#2298),.UNSPECIFIED.,.F.,
  .F.,(2,2),(-3.,0.),.PIECEWISE_BEZIER_KNOTS.);
#2297 = CARTESIAN_POINT('',(3.,68.));
#2298 = CARTESIAN_POINT('',(0.,68.));
#2299 = ( GEOMETRIC_REPRESENTATION_CONTEXT(2) 
PARAMETRIC_REPRESENTATION_CONTEXT() REPRESENTATION_CONTEXT('2D SPACE',''
  ) );
#2300 = PCURVE('',#2301,#2306);
#2301 = PLANE('',#2302);
#2302 = AXIS2_PLACEMENT_3D('',#2303,#2304,#2305);
#2303 = CARTESIAN_POINT('',(60.,-10.4,-33.5));
#2304 = DIRECTION('',(1.,0.,-0.));
#2305 = DIRECTION('',(0.,0.,1.));
#2306 = DEFINITIONAL_REPRESENTATION('',(#2307),#2310);
#2307 = B_SPLINE_CURVE_WITH_KNOTS('',1,(#2308,#2309),.UNSPECIFIED.,.F.,
  .F.,(2,2),(-3.,0.),.PIECEWISE_BEZIER_KNOTS.);
#2308 = CARTESIAN_POINT('',(3.,-7.4));
#2309 = CARTESIAN_POINT('',(0.,-7.4));
#2310 = ( GEOMETRIC_REPRESENTATION_CONTEXT(2) 
PARAMETRIC_REPRESENTATION_CONTEXT() REPRESENTATION_CONTEXT('2D SPACE',''
  ) );
#2311 = ORIENTED_EDGE('',*,*,#2312,.F.);
#2312 = EDGE_CURVE('',#2056,#2287,#2313,.T.);
#2313 = SURFACE_CURVE('',#2314,(#2318,#2325),.PCURVE_S1.);
#2314 = LINE('',#2315,#2316);
#2315 = CARTESIAN_POINT('',(-8.,-3.,-33.5));
#2316 = VECTOR('',#2317,1.);
#2317 = DIRECTION('',(1.,0.,-0.));
#2318 = PCURVE('',#879,#2319);
#2319 = DEFINITIONAL_REPRESENTATION('',(#2320),#2324);
#2320 = LINE('',#2321,#2322);
#2321 = CARTESIAN_POINT('',(0.,0.));
#2322 = VECTOR('',#2323,1.);
#2323 = DIRECTION('',(0.,1.));
#2324 = ( GEOMETRIC_REPRESENTATION_CONTEXT(2) 
PARAMETRIC_REPRESENTATION_CONTEXT() REPRESENTATION_CONTEXT('2D SPACE',''
  ) );
#2325 = PCURVE('',#2094,#2326);
#2326 = DEFINITIONAL_REPRESENTATION('',(#2327),#2331);
#2327 = LINE('',#2328,#2329);
#2328 = CARTESIAN_POINT('',(0.,0.));
#2329 = VECTOR('',#2330,1.);
#2330 = DIRECTION('',(1.,0.));
#2331 = ( GEOMETRIC_REPRESENTATION_CONTEXT(2) 
PARAMETRIC_REPRESENTATION_CONTEXT() REPRESENTATION_CONTEXT('2D SPACE',''
  ) );
#2332 = ORIENTED_EDGE('',*,*,#2055,.T.);
#2333 = ORIENTED_EDGE('',*,*,#864,.F.);
#2334 = FACE_BOUND('',#2335,.T.);
#2335 = EDGE_LOOP('',(#2336,#2364,#2390,#2416));
#2336 = ORIENTED_EDGE('',*,*,#2337,.F.);
#2337 = EDGE_CURVE('',#2338,#2340,#2342,.T.);
#2338 = VERTEX_POINT('',#2339);
#2339 = CARTESIAN_POINT('',(16.67,-3.,8.));
#2340 = VERTEX_POINT('',#2341);
#2341 = CARTESIAN_POINT('',(30.67,-3.,8.));
#2342 = SURFACE_CURVE('',#2343,(#2347,#2353),.PCURVE_S1.);
#2343 = LINE('',#2344,#2345);
#2344 = CARTESIAN_POINT('',(4.335,-3.,8.));
#2345 = VECTOR('',#2346,1.);
#2346 = DIRECTION('',(1.,0.,-0.));
#2347 = PCURVE('',#879,#2348);
#2348 = DEFINITIONAL_REPRESENTATION('',(#2349),#2352);
#2349 = B_SPLINE_CURVE_WITH_KNOTS('',1,(#2350,#2351),.UNSPECIFIED.,.F.,
  .F.,(2,2),(12.335,26.335),.PIECEWISE_BEZIER_KNOTS.);
#2350 = CARTESIAN_POINT('',(41.5,24.67));
#2351 = CARTESIAN_POINT('',(41.5,38.67));
#2352 = ( GEOMETRIC_REPRESENTATION_CONTEXT(2) 
PARAMETRIC_REPRESENTATION_CONTEXT() REPRESENTATION_CONTEXT('2D SPACE',''
  ) );
#2353 = PCURVE('',#2354,#2359);
#2354 = PLANE('',#2355);
#2355 = AXIS2_PLACEMENT_3D('',#2356,#2357,#2358);
#2356 = CARTESIAN_POINT('',(16.67,-10.4,8.));
#2357 = DIRECTION('',(0.,0.,1.));
#2358 = DIRECTION('',(1.,0.,-0.));
#2359 = DEFINITIONAL_REPRESENTATION('',(#2360),#2363);
#2360 = B_SPLINE_CURVE_WITH_KNOTS('',1,(#2361,#2362),.UNSPECIFIED.,.F.,
  .F.,(2,2),(12.335,26.335),.PIECEWISE_BEZIER_KNOTS.);
#2361 = CARTESIAN_POINT('',(0.,7.4));
#2362 = CARTESIAN_POINT('',(14.,7.4));
#2363 = ( GEOMETRIC_REPRESENTATION_CONTEXT(2) 
PARAMETRIC_REPRESENTATION_CONTEXT() REPRESENTATION_CONTEXT('2D SPACE',''
  ) );
#2364 = ORIENTED_EDGE('',*,*,#2365,.T.);
#2365 = EDGE_CURVE('',#2338,#2366,#2368,.T.);
#2366 = VERTEX_POINT('',#2367);
#2367 = CARTESIAN_POINT('',(16.67,-3.,-3.5));
#2368 = SURFACE_CURVE('',#2369,(#2373,#2379),.PCURVE_S1.);
#2369 = LINE('',#2370,#2371);
#2370 = CARTESIAN_POINT('',(16.67,-3.,-18.5));
#2371 = VECTOR('',#2372,1.);
#2372 = DIRECTION('',(-0.,0.,-1.));
#2373 = PCURVE('',#879,#2374);
#2374 = DEFINITIONAL_REPRESENTATION('',(#2375),#2378);
#2375 = B_SPLINE_CURVE_WITH_KNOTS('',1,(#2376,#2377),.UNSPECIFIED.,.F.,
  .F.,(2,2),(-26.5,-15.),.PIECEWISE_BEZIER_KNOTS.);
#2376 = CARTESIAN_POINT('',(41.5,24.67));
#2377 = CARTESIAN_POINT('',(30.,24.67));
#2378 = ( GEOMETRIC_REPRESENTATION_CONTEXT(2) 
PARAMETRIC_REPRESENTATION_CONTEXT() REPRESENTATION_CONTEXT('2D SPACE',''
  ) );
#2379 = PCURVE('',#2380,#2385);
#2380 = PLANE('',#2381);
#2381 = AXIS2_PLACEMENT_3D('',#2382,#2383,#2384);
#2382 = CARTESIAN_POINT('',(16.67,-10.4,-3.5));
#2383 = DIRECTION('',(1.,0.,-0.));
#2384 = DIRECTION('',(0.,0.,1.));
#2385 = DEFINITIONAL_REPRESENTATION('',(#2386),#2389);
#2386 = B_SPLINE_CURVE_WITH_KNOTS('',1,(#2387,#2388),.UNSPECIFIED.,.F.,
  .F.,(2,2),(-26.5,-15.),.PIECEWISE_BEZIER_KNOTS.);
#2387 = CARTESIAN_POINT('',(11.5,-7.4));
#2388 = CARTESIAN_POINT('',(0.,-7.4));
#2389 = ( GEOMETRIC_REPRESENTATION_CONTEXT(2) 
PARAMETRIC_REPRESENTATION_CONTEXT() REPRESENTATION_CONTEXT('2D SPACE',''
  ) );
#2390 = ORIENTED_EDGE('',*,*,#2391,.T.);
#2391 = EDGE_CURVE('',#2366,#2392,#2394,.T.);
#2392 = VERTEX_POINT('',#2393);
#2393 = CARTESIAN_POINT('',(30.67,-3.,-3.5));
#2394 = SURFACE_CURVE('',#2395,(#2399,#2405),.PCURVE_S1.);
#2395 = LINE('',#2396,#2397);
#2396 = CARTESIAN_POINT('',(4.335,-3.,-3.5));
#2397 = VECTOR('',#2398,1.);
#2398 = DIRECTION('',(1.,0.,-0.));
#2399 = PCURVE('',#879,#2400);
#2400 = DEFINITIONAL_REPRESENTATION('',(#2401),#2404);
#2401 = B_SPLINE_CURVE_WITH_KNOTS('',1,(#2402,#2403),.UNSPECIFIED.,.F.,
  .F.,(2,2),(12.335,26.335),.PIECEWISE_BEZIER_KNOTS.);
#2402 = CARTESIAN_POINT('',(30.,24.67));
#2403 = CARTESIAN_POINT('',(30.,38.67));
#2404 = ( GEOMETRIC_REPRESENTATION_CONTEXT(2) 
PARAMETRIC_REPRESENTATION_CONTEXT() REPRESENTATION_CONTEXT('2D SPACE',''
  ) );
#2405 = PCURVE('',#2406,#2411);
#2406 = PLANE('',#2407);
#2407 = AXIS2_PLACEMENT_3D('',#2408,#2409,#2410);
#2408 = CARTESIAN_POINT('',(16.67,-10.4,-3.5));
#2409 = DIRECTION('',(0.,0.,1.));
#2410 = DIRECTION('',(1.,0.,-0.));
#2411 = DEFINITIONAL_REPRESENTATION('',(#2412),#2415);
#2412 = B_SPLINE_CURVE_WITH_KNOTS('',1,(#2413,#2414),.UNSPECIFIED.,.F.,
  .F.,(2,2),(12.335,26.335),.PIECEWISE_BEZIER_KNOTS.);
#2413 = CARTESIAN_POINT('',(0.,7.4));
#2414 = CARTESIAN_POINT('',(14.,7.4));
#2415 = ( GEOMETRIC_REPRESENTATION_CONTEXT(2) 
PARAMETRIC_REPRESENTATION_CONTEXT() REPRESENTATION_CONTEXT('2D SPACE',''
  ) );
#2416 = ORIENTED_EDGE('',*,*,#2417,.F.);
#2417 = EDGE_CURVE('',#2340,#2392,#2418,.T.);
#2418 = SURFACE_CURVE('',#2419,(#2423,#2429),.PCURVE_S1.);
#2419 = LINE('',#2420,#2421);
#2420 = CARTESIAN_POINT('',(30.67,-3.,-18.5));
#2421 = VECTOR('',#2422,1.);
#2422 = DIRECTION('',(-0.,0.,-1.));
#2423 = PCURVE('',#879,#2424);
#2424 = DEFINITIONAL_REPRESENTATION('',(#2425),#2428);
#2425 = B_SPLINE_CURVE_WITH_KNOTS('',1,(#2426,#2427),.UNSPECIFIED.,.F.,
  .F.,(2,2),(-26.5,-15.),.PIECEWISE_BEZIER_KNOTS.);
#2426 = CARTESIAN_POINT('',(41.5,38.67));
#2427 = CARTESIAN_POINT('',(30.,38.67));
#2428 = ( GEOMETRIC_REPRESENTATION_CONTEXT(2) 
PARAMETRIC_REPRESENTATION_CONTEXT() REPRESENTATION_CONTEXT('2D SPACE',''
  ) );
#2429 = PCURVE('',#2430,#2435);
#2430 = PLANE('',#2431);
#2431 = AXIS2_PLACEMENT_3D('',#2432,#2433,#2434);
#2432 = CARTESIAN_POINT('',(30.67,-10.4,-3.5));
#2433 = DIRECTION('',(1.,0.,-0.));
#2434 = DIRECTION('',(0.,0.,1.));
#2435 = DEFINITIONAL_REPRESENTATION('',(#2436),#2439);
#2436 = B_SPLINE_CURVE_WITH_KNOTS('',1,(#2437,#2438),.UNSPECIFIED.,.F.,
  .F.,(2,2),(-26.5,-15.),.PIECEWISE_BEZIER_KNOTS.);
#2437 = CARTESIAN_POINT('',(11.5,-7.4));
#2438 = CARTESIAN_POINT('',(0.,-7.4));
#2439 = ( GEOMETRIC_REPRESENTATION_CONTEXT(2) 
PARAMETRIC_REPRESENTATION_CONTEXT() REPRESENTATION_CONTEXT('2D SPACE',''
  ) );
#2440 = FACE_BOUND('',#2441,.T.);
#2441 = EDGE_LOOP('',(#2442));
#2442 = ORIENTED_EDGE('',*,*,#2443,.F.);
#2443 = EDGE_CURVE('',#2444,#2444,#2446,.T.);
#2444 = VERTEX_POINT('',#2445);
#2445 = CARTESIAN_POINT('',(8.4,-3.,20.35));
#2446 = SURFACE_CURVE('',#2447,(#2452,#2459),.PCURVE_S1.);
#2447 = CIRCLE('',#2448,1.4);
#2448 = AXIS2_PLACEMENT_3D('',#2449,#2450,#2451);
#2449 = CARTESIAN_POINT('',(7.,-3.,20.35));
#2450 = DIRECTION('',(0.,1.,2.22044604925E-16));
#2451 = DIRECTION('',(1.,0.,-0.));
#2452 = PCURVE('',#879,#2453);
#2453 = DEFINITIONAL_REPRESENTATION('',(#2454),#2458);
#2454 = CIRCLE('',#2455,1.4);
#2455 = AXIS2_PLACEMENT_2D('',#2456,#2457);
#2456 = CARTESIAN_POINT('',(53.85,15.));
#2457 = DIRECTION('',(0.,1.));
#2458 = ( GEOMETRIC_REPRESENTATION_CONTEXT(2) 
PARAMETRIC_REPRESENTATION_CONTEXT() REPRESENTATION_CONTEXT('2D SPACE',''
  ) );
#2459 = PCURVE('',#2460,#2465);
#2460 = CYLINDRICAL_SURFACE('',#2461,1.4);
#2461 = AXIS2_PLACEMENT_3D('',#2462,#2463,#2464);
#2462 = CARTESIAN_POINT('',(7.,-6.4,20.35));
#2463 = DIRECTION('',(0.,1.,2.22044604925E-16));
#2464 = DIRECTION('',(1.,0.,-0.));
#2465 = DEFINITIONAL_REPRESENTATION('',(#2466),#2470);
#2466 = LINE('',#2467,#2468);
#2467 = CARTESIAN_POINT('',(0.,3.4));
#2468 = VECTOR('',#2469,1.);
#2469 = DIRECTION('',(1.,0.));
#2470 = ( GEOMETRIC_REPRESENTATION_CONTEXT(2) 
PARAMETRIC_REPRESENTATION_CONTEXT() REPRESENTATION_CONTEXT('2D SPACE',''
  ) );
#2471 = FACE_BOUND('',#2472,.T.);
#2472 = EDGE_LOOP('',(#2473));
#2473 = ORIENTED_EDGE('',*,*,#2474,.F.);
#2474 = EDGE_CURVE('',#2475,#2475,#2477,.T.);
#2475 = VERTEX_POINT('',#2476);
#2476 = CARTESIAN_POINT('',(93.25,-3.,-15.));
#2477 = SURFACE_CURVE('',#2478,(#2483,#2490),.PCURVE_S1.);
#2478 = CIRCLE('',#2479,6.25);
#2479 = AXIS2_PLACEMENT_3D('',#2480,#2481,#2482);
#2480 = CARTESIAN_POINT('',(87.,-3.,-15.));
#2481 = DIRECTION('',(0.,1.,2.22044604925E-16));
#2482 = DIRECTION('',(1.,0.,-0.));
#2483 = PCURVE('',#879,#2484);
#2484 = DEFINITIONAL_REPRESENTATION('',(#2485),#2489);
#2485 = CIRCLE('',#2486,6.25);
#2486 = AXIS2_PLACEMENT_2D('',#2487,#2488);
#2487 = CARTESIAN_POINT('',(18.5,95.));
#2488 = DIRECTION('',(0.,1.));
#2489 = ( GEOMETRIC_REPRESENTATION_CONTEXT(2) 
PARAMETRIC_REPRESENTATION_CONTEXT() REPRESENTATION_CONTEXT('2D SPACE',''
  ) );
#2490 = PCURVE('',#2491,#2496);
#2491 = CYLINDRICAL_SURFACE('',#2492,6.25);
#2492 = AXIS2_PLACEMENT_3D('',#2493,#2494,#2495);
#2493 = CARTESIAN_POINT('',(87.,-6.4,-15.));
#2494 = DIRECTION('',(0.,1.,2.22044604925E-16));
#2495 = DIRECTION('',(1.,0.,-0.));
#2496 = DEFINITIONAL_REPRESENTATION('',(#2497),#2501);
#2497 = LINE('',#2498,#2499);
#2498 = CARTESIAN_POINT('',(0.,3.4));
#2499 = VECTOR('',#2500,1.);
#2500 = DIRECTION('',(1.,0.));
#2501 = ( GEOMETRIC_REPRESENTATION_CONTEXT(2) 
PARAMETRIC_REPRESENTATION_CONTEXT() REPRESENTATION_CONTEXT('2D SPACE',''
  ) );
#2502 = FACE_BOUND('',#2503,.T.);
#2503 = EDGE_LOOP('',(#2504));
#2504 = ORIENTED_EDGE('',*,*,#2505,.F.);
#2505 = EDGE_CURVE('',#2506,#2506,#2508,.T.);
#2506 = VERTEX_POINT('',#2507);
#2507 = CARTESIAN_POINT('',(74.4,-3.,20.35));
#2508 = SURFACE_CURVE('',#2509,(#2514,#2521),.PCURVE_S1.);
#2509 = CIRCLE('',#2510,1.4);
#2510 = AXIS2_PLACEMENT_3D('',#2511,#2512,#2513);
#2511 = CARTESIAN_POINT('',(73.,-3.,20.35));
#2512 = DIRECTION('',(0.,1.,2.22044604925E-16));
#2513 = DIRECTION('',(1.,0.,-0.));
#2514 = PCURVE('',#879,#2515);
#2515 = DEFINITIONAL_REPRESENTATION('',(#2516),#2520);
#2516 = CIRCLE('',#2517,1.4);
#2517 = AXIS2_PLACEMENT_2D('',#2518,#2519);
#2518 = CARTESIAN_POINT('',(53.85,81.));
#2519 = DIRECTION('',(0.,1.));
#2520 = ( GEOMETRIC_REPRESENTATION_CONTEXT(2) 
PARAMETRIC_REPRESENTATION_CONTEXT() REPRESENTATION_CONTEXT('2D SPACE',''
  ) );
#2521 = PCURVE('',#2522,#2527);
#2522 = CYLINDRICAL_SURFACE('',#2523,1.4);
#2523 = AXIS2_PLACEMENT_3D('',#2524,#2525,#2526);
#2524 = CARTESIAN_POINT('',(73.,-6.4,20.35));
#2525 = DIRECTION('',(0.,1.,2.22044604925E-16));
#2526 = DIRECTION('',(1.,0.,-0.));
#2527 = DEFINITIONAL_REPRESENTATION('',(#2528),#2532);
#2528 = LINE('',#2529,#2530);
#2529 = CARTESIAN_POINT('',(0.,3.4));
#2530 = VECTOR('',#2531,1.);
#2531 = DIRECTION('',(1.,0.));
#2532 = ( GEOMETRIC_REPRESENTATION_CONTEXT(2) 
PARAMETRIC_REPRESENTATION_CONTEXT() REPRESENTATION_CONTEXT('2D SPACE',''
  ) );
#2533 = ADVANCED_FACE('',(#2534),#853,.F.);
#2534 = FACE_BOUND('',#2535,.F.);
#2535 = EDGE_LOOP('',(#2536,#2537,#2560,#2583,#2606,#2627,#2628));
#2536 = ORIENTED_EDGE('',*,*,#2188,.F.);
#2537 = ORIENTED_EDGE('',*,*,#2538,.T.);
#2538 = EDGE_CURVE('',#2189,#2539,#2541,.T.);
#2539 = VERTEX_POINT('',#2540);
#2540 = CARTESIAN_POINT('',(105.,80.,-33.5));
#2541 = SURFACE_CURVE('',#2542,(#2546,#2553),.PCURVE_S1.);
#2542 = LINE('',#2543,#2544);
#2543 = CARTESIAN_POINT('',(105.,-3.,-33.5));
#2544 = VECTOR('',#2545,1.);
#2545 = DIRECTION('',(-0.,1.,0.));
#2546 = PCURVE('',#853,#2547);
#2547 = DEFINITIONAL_REPRESENTATION('',(#2548),#2552);
#2548 = LINE('',#2549,#2550);
#2549 = CARTESIAN_POINT('',(0.,0.));
#2550 = VECTOR('',#2551,1.);
#2551 = DIRECTION('',(0.,-1.));
#2552 = ( GEOMETRIC_REPRESENTATION_CONTEXT(2) 
PARAMETRIC_REPRESENTATION_CONTEXT() REPRESENTATION_CONTEXT('2D SPACE',''
  ) );
#2553 = PCURVE('',#2094,#2554);
#2554 = DEFINITIONAL_REPRESENTATION('',(#2555),#2559);
#2555 = LINE('',#2556,#2557);
#2556 = CARTESIAN_POINT('',(113.,0.));
#2557 = VECTOR('',#2558,1.);
#2558 = DIRECTION('',(0.,1.));
#2559 = ( GEOMETRIC_REPRESENTATION_CONTEXT(2) 
PARAMETRIC_REPRESENTATION_CONTEXT() REPRESENTATION_CONTEXT('2D SPACE',''
  ) );
#2560 = ORIENTED_EDGE('',*,*,#2561,.T.);
#2561 = EDGE_CURVE('',#2539,#2562,#2564,.T.);
#2562 = VERTEX_POINT('',#2563);
#2563 = CARTESIAN_POINT('',(105.,80.,21.659944751381));
#2564 = SURFACE_CURVE('',#2565,(#2569,#2576),.PCURVE_S1.);
#2565 = LINE('',#2566,#2567);
#2566 = CARTESIAN_POINT('',(105.,80.,-33.5));
#2567 = VECTOR('',#2568,1.);
#2568 = DIRECTION('',(0.,0.,1.));
#2569 = PCURVE('',#853,#2570);
#2570 = DEFINITIONAL_REPRESENTATION('',(#2571),#2575);
#2571 = LINE('',#2572,#2573);
#2572 = CARTESIAN_POINT('',(0.,-83.));
#2573 = VECTOR('',#2574,1.);
#2574 = DIRECTION('',(1.,0.));
#2575 = ( GEOMETRIC_REPRESENTATION_CONTEXT(2) 
PARAMETRIC_REPRESENTATION_CONTEXT() REPRESENTATION_CONTEXT('2D SPACE',''
  ) );
#2576 = PCURVE('',#2122,#2577);
#2577 = DEFINITIONAL_REPRESENTATION('',(#2578),#2582);
#2578 = LINE('',#2579,#2580);
#2579 = CARTESIAN_POINT('',(-57.35,116.4));
#2580 = VECTOR('',#2581,1.);
#2581 = DIRECTION('',(1.,0.));
#2582 = ( GEOMETRIC_REPRESENTATION_CONTEXT(2) 
PARAMETRIC_REPRESENTATION_CONTEXT() REPRESENTATION_CONTEXT('2D SPACE',''
  ) );
#2583 = ORIENTED_EDGE('',*,*,#2584,.T.);
#2584 = EDGE_CURVE('',#2562,#2585,#2587,.T.);
#2585 = VERTEX_POINT('',#2586);
#2586 = CARTESIAN_POINT('',(105.,78.2,23.45));
#2587 = SURFACE_CURVE('',#2588,(#2592,#2599),.PCURVE_S1.);
#2588 = LINE('',#2589,#2590);
#2589 = CARTESIAN_POINT('',(105.,80.01,21.65));
#2590 = VECTOR('',#2591,1.);
#2591 = DIRECTION('',(0.,-0.709062805291,0.705145331228));
#2592 = PCURVE('',#853,#2593);
#2593 = DEFINITIONAL_REPRESENTATION('',(#2594),#2598);
#2594 = LINE('',#2595,#2596);
#2595 = CARTESIAN_POINT('',(55.15,-83.01));
#2596 = VECTOR('',#2597,1.);
#2597 = DIRECTION('',(0.705145331228,0.709062805291));
#2598 = ( GEOMETRIC_REPRESENTATION_CONTEXT(2) 
PARAMETRIC_REPRESENTATION_CONTEXT() REPRESENTATION_CONTEXT('2D SPACE',''
  ) );
#2599 = PCURVE('',#2150,#2600);
#2600 = DEFINITIONAL_REPRESENTATION('',(#2601),#2605);
#2601 = LINE('',#2602,#2603);
#2602 = CARTESIAN_POINT('',(0.,-56.5));
#2603 = VECTOR('',#2604,1.);
#2604 = DIRECTION('',(1.,0.));
#2605 = ( GEOMETRIC_REPRESENTATION_CONTEXT(2) 
PARAMETRIC_REPRESENTATION_CONTEXT() REPRESENTATION_CONTEXT('2D SPACE',''
  ) );
#2606 = ORIENTED_EDGE('',*,*,#2607,.T.);
#2607 = EDGE_CURVE('',#2585,#1983,#2608,.T.);
#2608 = SURFACE_CURVE('',#2609,(#2613,#2620),.PCURVE_S1.);
#2609 = LINE('',#2610,#2611);
#2610 = CARTESIAN_POINT('',(105.,78.2,23.45));
#2611 = VECTOR('',#2612,1.);
#2612 = DIRECTION('',(0.,1.,0.));
#2613 = PCURVE('',#853,#2614);
#2614 = DEFINITIONAL_REPRESENTATION('',(#2615),#2619);
#2615 = LINE('',#2616,#2617);
#2616 = CARTESIAN_POINT('',(56.95,-81.2));
#2617 = VECTOR('',#2618,1.);
#2618 = DIRECTION('',(0.,-1.));
#2619 = ( GEOMETRIC_REPRESENTATION_CONTEXT(2) 
PARAMETRIC_REPRESENTATION_CONTEXT() REPRESENTATION_CONTEXT('2D SPACE',''
  ) );
#2620 = PCURVE('',#2020,#2621);
#2621 = DEFINITIONAL_REPRESENTATION('',(#2622),#2626);
#2622 = LINE('',#2623,#2624);
#2623 = CARTESIAN_POINT('',(0.,-56.5));
#2624 = VECTOR('',#2625,1.);
#2625 = DIRECTION('',(1.,0.));
#2626 = ( GEOMETRIC_REPRESENTATION_CONTEXT(2) 
PARAMETRIC_REPRESENTATION_CONTEXT() REPRESENTATION_CONTEXT('2D SPACE',''
  ) );
#2627 = ORIENTED_EDGE('',*,*,#1982,.T.);
#2628 = ORIENTED_EDGE('',*,*,#838,.F.);
#2629 = ADVANCED_FACE('',(#2630),#803,.T.);
#2630 = FACE_BOUND('',#2631,.T.);
#2631 = EDGE_LOOP('',(#2632,#2655,#2700,#2701,#2731,#2732,#2733,#2752,
    #2753,#2754));
#2632 = ORIENTED_EDGE('',*,*,#2633,.F.);
#2633 = EDGE_CURVE('',#2634,#757,#2636,.T.);
#2634 = VERTEX_POINT('',#2635);
#2635 = CARTESIAN_POINT('',(107.4,79.399999984253,-32.9));
#2636 = SURFACE_CURVE('',#2637,(#2641,#2648),.PCURVE_S1.);
#2637 = LINE('',#2638,#2639);
#2638 = CARTESIAN_POINT('',(107.4,79.399999984253,-35.9));
#2639 = VECTOR('',#2640,1.);
#2640 = DIRECTION('',(0.,0.,1.));
#2641 = PCURVE('',#803,#2642);
#2642 = DEFINITIONAL_REPRESENTATION('',(#2643),#2647);
#2643 = LINE('',#2644,#2645);
#2644 = CARTESIAN_POINT('',(3.14159265359,0.));
#2645 = VECTOR('',#2646,1.);
#2646 = DIRECTION('',(0.,-1.));
#2647 = ( GEOMETRIC_REPRESENTATION_CONTEXT(2) 
PARAMETRIC_REPRESENTATION_CONTEXT() REPRESENTATION_CONTEXT('2D SPACE',''
  ) );
#2648 = PCURVE('',#771,#2649);
#2649 = DEFINITIONAL_REPRESENTATION('',(#2650),#2654);
#2650 = LINE('',#2651,#2652);
#2651 = CARTESIAN_POINT('',(81.799999984257,0.));
#2652 = VECTOR('',#2653,1.);
#2653 = DIRECTION('',(0.,-1.));
#2654 = ( GEOMETRIC_REPRESENTATION_CONTEXT(2) 
PARAMETRIC_REPRESENTATION_CONTEXT() REPRESENTATION_CONTEXT('2D SPACE',''
  ) );
#2655 = ORIENTED_EDGE('',*,*,#2656,.T.);
#2656 = EDGE_CURVE('',#2634,#1212,#2657,.T.);
#2657 = SURFACE_CURVE('',#2658,(#2666,#2678),.PCURVE_S1.);
#2658 = B_SPLINE_CURVE_WITH_KNOTS('',6,(#2659,#2660,#2661,#2662,#2663,
    #2664,#2665),.UNSPECIFIED.,.F.,.F.,(7,7),(401.33716690966,
    406.04955589005),.PIECEWISE_BEZIER_KNOTS.);
#2659 = CARTESIAN_POINT('',(107.4,79.399999984253,-32.9));
#2660 = CARTESIAN_POINT('',(107.4,80.185394552204,-32.9));
#2661 = CARTESIAN_POINT('',(107.15331885411,80.970735409836,
    -32.89999999999));
#2662 = CARTESIAN_POINT('',(106.65956552854,81.659565512798,-32.9));
#2663 = CARTESIAN_POINT('',(105.97073542558,82.153318838372,
    -32.89999999999));
#2664 = CARTESIAN_POINT('',(105.18539456795,82.399999984254,-32.9));
#2665 = CARTESIAN_POINT('',(104.4,82.399999984253,-32.9));
#2666 = PCURVE('',#803,#2667);
#2667 = DEFINITIONAL_REPRESENTATION('',(#2668),#2677);
#2668 = B_SPLINE_CURVE_WITH_KNOTS('',7,(#2669,#2670,#2671,#2672,#2673,
    #2674,#2675,#2676),.UNSPECIFIED.,.F.,.F.,(8,8),(401.33716690966,
    406.04955589005),.PIECEWISE_BEZIER_KNOTS.);
#2669 = CARTESIAN_POINT('',(3.14159265359,-3.));
#2670 = CARTESIAN_POINT('',(2.917194205604,-3.));
#2671 = CARTESIAN_POINT('',(2.692811408407,-3.));
#2672 = CARTESIAN_POINT('',(2.468346736252,-3.));
#2673 = CARTESIAN_POINT('',(2.244042244132,-3.));
#2674 = CARTESIAN_POINT('',(2.019577571978,-3.));
#2675 = CARTESIAN_POINT('',(1.795194774781,-3.));
#2676 = CARTESIAN_POINT('',(1.570796326795,-3.));
#2677 = ( GEOMETRIC_REPRESENTATION_CONTEXT(2) 
PARAMETRIC_REPRESENTATION_CONTEXT() REPRESENTATION_CONTEXT('2D SPACE',''
  ) );
#2678 = PCURVE('',#2679,#2694);
#2679 = B_SPLINE_SURFACE_WITH_KNOTS('',1,6,(
    (#2680,#2681,#2682,#2683,#2684,#2685,#2686)
    ,(#2687,#2688,#2689,#2690,#2691,#2692,#2693
  )),.UNSPECIFIED.,.F.,.F.,.F.,(2,2),(7,7),(0.,4.712388980385),(
    401.33716690966,406.04955589005),.PIECEWISE_BEZIER_KNOTS.);
#2680 = CARTESIAN_POINT('',(107.4,79.399999984253,-32.9));
#2681 = CARTESIAN_POINT('',(107.4,80.185394552204,-32.9));
#2682 = CARTESIAN_POINT('',(107.15331885411,80.970735409836,
    -32.89999999999));
#2683 = CARTESIAN_POINT('',(106.65956552854,81.659565512798,-32.9));
#2684 = CARTESIAN_POINT('',(105.97073542558,82.153318838372,
    -32.89999999999));
#2685 = CARTESIAN_POINT('',(105.18539456795,82.399999984254,-32.9));
#2686 = CARTESIAN_POINT('',(104.4,82.399999984253,-32.9));
#2687 = CARTESIAN_POINT('',(106.33933982822,79.399999984253,
    -35.46066017178));
#2688 = CARTESIAN_POINT('',(106.33933982822,79.907715639751,
    -35.46066017178));
#2689 = CARTESIAN_POINT('',(106.17987363786,80.415396574396,
    -35.46066017177));
#2690 = CARTESIAN_POINT('',(105.86068847466,80.860688458913,
    -35.46066017178));
#2691 = CARTESIAN_POINT('',(105.41539659014,81.179873622114,
    -35.46066017177));
#2692 = CARTESIAN_POINT('',(104.90771565549,81.339339812474,
    -35.46066017178));
#2693 = CARTESIAN_POINT('',(104.4,81.339339812473,-35.46066017178));
#2694 = DEFINITIONAL_REPRESENTATION('',(#2695),#2699);
#2695 = LINE('',#2696,#2697);
#2696 = CARTESIAN_POINT('',(0.,0.));
#2697 = VECTOR('',#2698,1.);
#2698 = DIRECTION('',(0.,1.));
#2699 = ( GEOMETRIC_REPRESENTATION_CONTEXT(2) 
PARAMETRIC_REPRESENTATION_CONTEXT() REPRESENTATION_CONTEXT('2D SPACE',''
  ) );
#2700 = ORIENTED_EDGE('',*,*,#1211,.T.);
#2701 = ORIENTED_EDGE('',*,*,#2702,.F.);
#2702 = EDGE_CURVE('',#1496,#1184,#2703,.T.);
#2703 = SURFACE_CURVE('',#2704,(#2712,#2724),.PCURVE_S1.);
#2704 = B_SPLINE_CURVE_WITH_KNOTS('',6,(#2705,#2706,#2707,#2708,#2709,
    #2710,#2711),.UNSPECIFIED.,.F.,.F.,(7,7),(401.33716690966,
    406.04955589005),.PIECEWISE_BEZIER_KNOTS.);
#2705 = CARTESIAN_POINT('',(107.4,79.399999984253,38.25));
#2706 = CARTESIAN_POINT('',(107.4,80.185394552204,38.25));
#2707 = CARTESIAN_POINT('',(107.15331885411,80.970735409836,
    38.249999999999));
#2708 = CARTESIAN_POINT('',(106.65956552854,81.659565512797,
    38.250000000001));
#2709 = CARTESIAN_POINT('',(105.97073542558,82.153318838372,
    38.249999999999));
#2710 = CARTESIAN_POINT('',(105.18539456795,82.399999984254,38.25));
#2711 = CARTESIAN_POINT('',(104.4,82.399999984253,38.25));
#2712 = PCURVE('',#803,#2713);
#2713 = DEFINITIONAL_REPRESENTATION('',(#2714),#2723);
#2714 = B_SPLINE_CURVE_WITH_KNOTS('',7,(#2715,#2716,#2717,#2718,#2719,
    #2720,#2721,#2722),.UNSPECIFIED.,.F.,.F.,(8,8),(401.33716690966,
    406.04955589005),.PIECEWISE_BEZIER_KNOTS.);
#2715 = CARTESIAN_POINT('',(3.14159265359,-74.15));
#2716 = CARTESIAN_POINT('',(2.917194205604,-74.15));
#2717 = CARTESIAN_POINT('',(2.692811408407,-74.15));
#2718 = CARTESIAN_POINT('',(2.468346736253,-74.14999999999));
#2719 = CARTESIAN_POINT('',(2.244042244132,-74.15));
#2720 = CARTESIAN_POINT('',(2.019577571978,-74.14999999999));
#2721 = CARTESIAN_POINT('',(1.795194774781,-74.15));
#2722 = CARTESIAN_POINT('',(1.570796326795,-74.15));
#2723 = ( GEOMETRIC_REPRESENTATION_CONTEXT(2) 
PARAMETRIC_REPRESENTATION_CONTEXT() REPRESENTATION_CONTEXT('2D SPACE',''
  ) );
#2724 = PCURVE('',#1539,#2725);
#2725 = DEFINITIONAL_REPRESENTATION('',(#2726),#2730);
#2726 = LINE('',#2727,#2728);
#2727 = CARTESIAN_POINT('',(0.,0.));
#2728 = VECTOR('',#2729,1.);
#2729 = DIRECTION('',(0.,1.));
#2730 = ( GEOMETRIC_REPRESENTATION_CONTEXT(2) 
PARAMETRIC_REPRESENTATION_CONTEXT() REPRESENTATION_CONTEXT('2D SPACE',''
  ) );
#2731 = ORIENTED_EDGE('',*,*,#1575,.T.);
#2732 = ORIENTED_EDGE('',*,*,#1684,.F.);
#2733 = ORIENTED_EDGE('',*,*,#2734,.T.);
#2734 = EDGE_CURVE('',#1657,#1814,#2735,.T.);
#2735 = SURFACE_CURVE('',#2736,(#2740,#2746),.PCURVE_S1.);
#2736 = LINE('',#2737,#2738);
#2737 = CARTESIAN_POINT('',(107.33732871514,80.01,-35.9));
#2738 = VECTOR('',#2739,1.);
#2739 = DIRECTION('',(0.,0.,-1.));
#2740 = PCURVE('',#803,#2741);
#2741 = DEFINITIONAL_REPRESENTATION('',(#2742),#2745);
#2742 = B_SPLINE_CURVE_WITH_KNOTS('',1,(#2743,#2744),.UNSPECIFIED.,.F.,
  .F.,(2,2),(-65.19,-62.31),.PIECEWISE_BEZIER_KNOTS.);
#2743 = CARTESIAN_POINT('',(2.936831469683,-65.19));
#2744 = CARTESIAN_POINT('',(2.936831469683,-62.31));
#2745 = ( GEOMETRIC_REPRESENTATION_CONTEXT(2) 
PARAMETRIC_REPRESENTATION_CONTEXT() REPRESENTATION_CONTEXT('2D SPACE',''
  ) );
#2746 = PCURVE('',#1672,#2747);
#2747 = DEFINITIONAL_REPRESENTATION('',(#2748),#2751);
#2748 = B_SPLINE_CURVE_WITH_KNOTS('',1,(#2749,#2750),.UNSPECIFIED.,.F.,
  .F.,(2,2),(-65.19,-62.31),.PIECEWISE_BEZIER_KNOTS.);
#2749 = CARTESIAN_POINT('',(-0.24,-58.83732871514));
#2750 = CARTESIAN_POINT('',(2.64,-58.83732871514));
#2751 = ( GEOMETRIC_REPRESENTATION_CONTEXT(2) 
PARAMETRIC_REPRESENTATION_CONTEXT() REPRESENTATION_CONTEXT('2D SPACE',''
  ) );
#2752 = ORIENTED_EDGE('',*,*,#1933,.T.);
#2753 = ORIENTED_EDGE('',*,*,#1961,.T.);
#2754 = ORIENTED_EDGE('',*,*,#782,.T.);
#2755 = ADVANCED_FACE('',(#2756),#771,.F.);
#2756 = FACE_BOUND('',#2757,.F.);
#2757 = EDGE_LOOP('',(#2758,#2786,#2807,#2808));
#2758 = ORIENTED_EDGE('',*,*,#2759,.F.);
#2759 = EDGE_CURVE('',#2760,#2634,#2762,.T.);
#2760 = VERTEX_POINT('',#2761);
#2761 = CARTESIAN_POINT('',(107.4,-2.400000000003,-32.9));
#2762 = SURFACE_CURVE('',#2763,(#2767,#2774),.PCURVE_S1.);
#2763 = LINE('',#2764,#2765);
#2764 = CARTESIAN_POINT('',(107.4,-2.400000000003,-32.9));
#2765 = VECTOR('',#2766,1.);
#2766 = DIRECTION('',(0.,1.,0.));
#2767 = PCURVE('',#771,#2768);
#2768 = DEFINITIONAL_REPRESENTATION('',(#2769),#2773);
#2769 = LINE('',#2770,#2771);
#2770 = CARTESIAN_POINT('',(0.,-3.));
#2771 = VECTOR('',#2772,1.);
#2772 = DIRECTION('',(1.,0.));
#2773 = ( GEOMETRIC_REPRESENTATION_CONTEXT(2) 
PARAMETRIC_REPRESENTATION_CONTEXT() REPRESENTATION_CONTEXT('2D SPACE',''
  ) );
#2774 = PCURVE('',#2775,#2780);
#2775 = PLANE('',#2776);
#2776 = AXIS2_PLACEMENT_3D('',#2777,#2778,#2779);
#2777 = CARTESIAN_POINT('',(106.86966991411,-2.400000000003,
    -34.18033008589));
#2778 = DIRECTION('',(0.923879532511,-1.440097047929E-17,-0.382683432365
    ));
#2779 = DIRECTION('',(-1.330476187412E-17,-1.,5.511012812403E-18));
#2780 = DEFINITIONAL_REPRESENTATION('',(#2781),#2785);
#2781 = LINE('',#2782,#2783);
#2782 = CARTESIAN_POINT('',(-0.,-1.385819298767));
#2783 = VECTOR('',#2784,1.);
#2784 = DIRECTION('',(-1.,0.));
#2785 = ( GEOMETRIC_REPRESENTATION_CONTEXT(2) 
PARAMETRIC_REPRESENTATION_CONTEXT() REPRESENTATION_CONTEXT('2D SPACE',''
  ) );
#2786 = ORIENTED_EDGE('',*,*,#2787,.T.);
#2787 = EDGE_CURVE('',#2760,#724,#2788,.T.);
#2788 = SURFACE_CURVE('',#2789,(#2793,#2800),.PCURVE_S1.);
#2789 = LINE('',#2790,#2791);
#2790 = CARTESIAN_POINT('',(107.4,-2.400000000003,-35.9));
#2791 = VECTOR('',#2792,1.);
#2792 = DIRECTION('',(0.,0.,1.));
#2793 = PCURVE('',#771,#2794);
#2794 = DEFINITIONAL_REPRESENTATION('',(#2795),#2799);
#2795 = LINE('',#2796,#2797);
#2796 = CARTESIAN_POINT('',(0.,0.));
#2797 = VECTOR('',#2798,1.);
#2798 = DIRECTION('',(0.,-1.));
#2799 = ( GEOMETRIC_REPRESENTATION_CONTEXT(2) 
PARAMETRIC_REPRESENTATION_CONTEXT() REPRESENTATION_CONTEXT('2D SPACE',''
  ) );
#2800 = PCURVE('',#744,#2801);
#2801 = DEFINITIONAL_REPRESENTATION('',(#2802),#2806);
#2802 = LINE('',#2803,#2804);
#2803 = CARTESIAN_POINT('',(3.14159265359,0.));
#2804 = VECTOR('',#2805,1.);
#2805 = DIRECTION('',(0.,-1.));
#2806 = ( GEOMETRIC_REPRESENTATION_CONTEXT(2) 
PARAMETRIC_REPRESENTATION_CONTEXT() REPRESENTATION_CONTEXT('2D SPACE',''
  ) );
#2807 = ORIENTED_EDGE('',*,*,#756,.T.);
#2808 = ORIENTED_EDGE('',*,*,#2633,.F.);
#2809 = ADVANCED_FACE('',(#2810),#744,.T.);
#2810 = FACE_BOUND('',#2811,.T.);
#2811 = EDGE_LOOP('',(#2812,#2859,#2860,#2861));
#2812 = ORIENTED_EDGE('',*,*,#2813,.T.);
#2813 = EDGE_CURVE('',#2814,#2760,#2816,.T.);
#2814 = VERTEX_POINT('',#2815);
#2815 = CARTESIAN_POINT('',(104.4,-5.399999999997,-32.9));
#2816 = SURFACE_CURVE('',#2817,(#2825,#2837),.PCURVE_S1.);
#2817 = B_SPLINE_CURVE_WITH_KNOTS('',6,(#2818,#2819,#2820,#2821,#2822,
    #2823,#2824),.UNSPECIFIED.,.F.,.F.,(7,7),(314.82477794502,
    319.53716692541),.PIECEWISE_BEZIER_KNOTS.);
#2818 = CARTESIAN_POINT('',(104.4,-5.400000000003,-32.9));
#2819 = CARTESIAN_POINT('',(105.18539456795,-5.400000000003,-32.9));
#2820 = CARTESIAN_POINT('',(105.97073542558,-5.153318854123,-32.9));
#2821 = CARTESIAN_POINT('',(106.65956552854,-4.659565528546,-32.9));
#2822 = CARTESIAN_POINT('',(107.15331885412,-3.970735425588,-32.9));
#2823 = CARTESIAN_POINT('',(107.4,-3.185394567953,-32.9));
#2824 = CARTESIAN_POINT('',(107.4,-2.400000000003,-32.9));
#2825 = PCURVE('',#744,#2826);
#2826 = DEFINITIONAL_REPRESENTATION('',(#2827),#2836);
#2827 = B_SPLINE_CURVE_WITH_KNOTS('',7,(#2828,#2829,#2830,#2831,#2832,
    #2833,#2834,#2835),.UNSPECIFIED.,.F.,.F.,(8,8),(314.82477794502,
    319.53716692541),.PIECEWISE_BEZIER_KNOTS.);
#2828 = CARTESIAN_POINT('',(4.712388980385,-3.));
#2829 = CARTESIAN_POINT('',(4.487990532399,-3.));
#2830 = CARTESIAN_POINT('',(4.263607735201,-3.));
#2831 = CARTESIAN_POINT('',(4.039143063049,-3.));
#2832 = CARTESIAN_POINT('',(3.814838570926,-3.));
#2833 = CARTESIAN_POINT('',(3.590373898773,-3.));
#2834 = CARTESIAN_POINT('',(3.365991101575,-3.));
#2835 = CARTESIAN_POINT('',(3.14159265359,-3.));
#2836 = ( GEOMETRIC_REPRESENTATION_CONTEXT(2) 
PARAMETRIC_REPRESENTATION_CONTEXT() REPRESENTATION_CONTEXT('2D SPACE',''
  ) );
#2837 = PCURVE('',#2838,#2853);
#2838 = B_SPLINE_SURFACE_WITH_KNOTS('',1,6,(
    (#2839,#2840,#2841,#2842,#2843,#2844,#2845)
    ,(#2846,#2847,#2848,#2849,#2850,#2851,#2852
  )),.UNSPECIFIED.,.F.,.F.,.F.,(2,2),(7,7),(0.,4.712388980385),(
    314.82477794502,319.53716692541),.PIECEWISE_BEZIER_KNOTS.);
#2839 = CARTESIAN_POINT('',(104.4,-5.400000000003,-32.9));
#2840 = CARTESIAN_POINT('',(105.18539456795,-5.400000000003,-32.9));
#2841 = CARTESIAN_POINT('',(105.97073542558,-5.153318854123,-32.9));
#2842 = CARTESIAN_POINT('',(106.65956552854,-4.659565528546,-32.9));
#2843 = CARTESIAN_POINT('',(107.15331885412,-3.970735425588,-32.9));
#2844 = CARTESIAN_POINT('',(107.4,-3.185394567953,-32.9));
#2845 = CARTESIAN_POINT('',(107.4,-2.400000000003,-32.9));
#2846 = CARTESIAN_POINT('',(104.4,-4.339339828224,-35.46066017178));
#2847 = CARTESIAN_POINT('',(104.90771565549,-4.339339828224,
    -35.46066017178));
#2848 = CARTESIAN_POINT('',(105.41539659014,-4.179873637865,
    -35.46066017178));
#2849 = CARTESIAN_POINT('',(105.86068847465,-3.860688474662,
    -35.46066017178));
#2850 = CARTESIAN_POINT('',(106.17987363786,-3.415396590148,
    -35.46066017178));
#2851 = CARTESIAN_POINT('',(106.33933982822,-2.907715655501,
    -35.46066017178));
#2852 = CARTESIAN_POINT('',(106.33933982822,-2.400000000003,
    -35.46066017178));
#2853 = DEFINITIONAL_REPRESENTATION('',(#2854),#2858);
#2854 = LINE('',#2855,#2856);
#2855 = CARTESIAN_POINT('',(0.,0.));
#2856 = VECTOR('',#2857,1.);
#2857 = DIRECTION('',(0.,1.));
#2858 = ( GEOMETRIC_REPRESENTATION_CONTEXT(2) 
PARAMETRIC_REPRESENTATION_CONTEXT() REPRESENTATION_CONTEXT('2D SPACE',''
  ) );
#2859 = ORIENTED_EDGE('',*,*,#2787,.T.);
#2860 = ORIENTED_EDGE('',*,*,#723,.T.);
#2861 = ORIENTED_EDGE('',*,*,#2862,.F.);
#2862 = EDGE_CURVE('',#2814,#703,#2863,.T.);
#2863 = SURFACE_CURVE('',#2864,(#2868,#2875),.PCURVE_S1.);
#2864 = LINE('',#2865,#2866);
#2865 = CARTESIAN_POINT('',(104.4,-5.4,-35.9));
#2866 = VECTOR('',#2867,1.);
#2867 = DIRECTION('',(0.,0.,1.));
#2868 = PCURVE('',#744,#2869);
#2869 = DEFINITIONAL_REPRESENTATION('',(#2870),#2874);
#2870 = LINE('',#2871,#2872);
#2871 = CARTESIAN_POINT('',(4.712388980385,0.));
#2872 = VECTOR('',#2873,1.);
#2873 = DIRECTION('',(0.,-1.));
#2874 = ( GEOMETRIC_REPRESENTATION_CONTEXT(2) 
PARAMETRIC_REPRESENTATION_CONTEXT() REPRESENTATION_CONTEXT('2D SPACE',''
  ) );
#2875 = PCURVE('',#613,#2876);
#2876 = DEFINITIONAL_REPRESENTATION('',(#2877),#2881);
#2877 = LINE('',#2878,#2879);
#2878 = CARTESIAN_POINT('',(111.8,0.));
#2879 = VECTOR('',#2880,1.);
#2880 = DIRECTION('',(0.,-1.));
#2881 = ( GEOMETRIC_REPRESENTATION_CONTEXT(2) 
PARAMETRIC_REPRESENTATION_CONTEXT() REPRESENTATION_CONTEXT('2D SPACE',''
  ) );
#2882 = ADVANCED_FACE('',(#2883,#3077,#3108,#3214,#3245),#613,.F.);
#2883 = FACE_BOUND('',#2884,.F.);
#2884 = EDGE_LOOP('',(#2885,#2908,#2909,#2910,#2931,#2957,#2976,#2977,
    #2978,#3001,#3027,#3053));
#2885 = ORIENTED_EDGE('',*,*,#2886,.F.);
#2886 = EDGE_CURVE('',#918,#2887,#2889,.T.);
#2887 = VERTEX_POINT('',#2888);
#2888 = CARTESIAN_POINT('',(59.4,-5.399999999997,-32.9));
#2889 = SURFACE_CURVE('',#2890,(#2894,#2901),.PCURVE_S1.);
#2890 = LINE('',#2891,#2892);
#2891 = CARTESIAN_POINT('',(-7.4,-5.399999999997,-32.9));
#2892 = VECTOR('',#2893,1.);
#2893 = DIRECTION('',(1.,0.,0.));
#2894 = PCURVE('',#613,#2895);
#2895 = DEFINITIONAL_REPRESENTATION('',(#2896),#2900);
#2896 = LINE('',#2897,#2898);
#2897 = CARTESIAN_POINT('',(0.,-3.));
#2898 = VECTOR('',#2899,1.);
#2899 = DIRECTION('',(1.,0.));
#2900 = ( GEOMETRIC_REPRESENTATION_CONTEXT(2) 
PARAMETRIC_REPRESENTATION_CONTEXT() REPRESENTATION_CONTEXT('2D SPACE',''
  ) );
#2901 = PCURVE('',#1167,#2902);
#2902 = DEFINITIONAL_REPRESENTATION('',(#2903),#2907);
#2903 = LINE('',#2904,#2905);
#2904 = CARTESIAN_POINT('',(-0.,-1.385819298767));
#2905 = VECTOR('',#2906,1.);
#2906 = DIRECTION('',(-1.,0.));
#2907 = ( GEOMETRIC_REPRESENTATION_CONTEXT(2) 
PARAMETRIC_REPRESENTATION_CONTEXT() REPRESENTATION_CONTEXT('2D SPACE',''
  ) );
#2908 = ORIENTED_EDGE('',*,*,#949,.T.);
#2909 = ORIENTED_EDGE('',*,*,#598,.T.);
#2910 = ORIENTED_EDGE('',*,*,#2911,.T.);
#2911 = EDGE_CURVE('',#599,#2912,#2914,.T.);
#2912 = VERTEX_POINT('',#2913);
#2913 = CARTESIAN_POINT('',(42.5,-5.399999999997,22.35));
#2914 = SURFACE_CURVE('',#2915,(#2919,#2925),.PCURVE_S1.);
#2915 = LINE('',#2916,#2917);
#2916 = CARTESIAN_POINT('',(42.5,-5.399999999997,-6.775));
#2917 = VECTOR('',#2918,1.);
#2918 = DIRECTION('',(-0.,0.,-1.));
#2919 = PCURVE('',#613,#2920);
#2920 = DEFINITIONAL_REPRESENTATION('',(#2921),#2924);
#2921 = B_SPLINE_CURVE_WITH_KNOTS('',1,(#2922,#2923),.UNSPECIFIED.,.F.,
  .F.,(2,2),(-30.625,-29.125),.PIECEWISE_BEZIER_KNOTS.);
#2922 = CARTESIAN_POINT('',(49.9,-59.75));
#2923 = CARTESIAN_POINT('',(49.9,-58.25));
#2924 = ( GEOMETRIC_REPRESENTATION_CONTEXT(2) 
PARAMETRIC_REPRESENTATION_CONTEXT() REPRESENTATION_CONTEXT('2D SPACE',''
  ) );
#2925 = PCURVE('',#639,#2926);
#2926 = DEFINITIONAL_REPRESENTATION('',(#2927),#2930);
#2927 = B_SPLINE_CURVE_WITH_KNOTS('',1,(#2928,#2929),.UNSPECIFIED.,.F.,
  .F.,(2,2),(-30.625,-29.125),.PIECEWISE_BEZIER_KNOTS.);
#2928 = CARTESIAN_POINT('',(1.5,-1.000000000003));
#2929 = CARTESIAN_POINT('',(0.,-1.000000000003));
#2930 = ( GEOMETRIC_REPRESENTATION_CONTEXT(2) 
PARAMETRIC_REPRESENTATION_CONTEXT() REPRESENTATION_CONTEXT('2D SPACE',''
  ) );
#2931 = ORIENTED_EDGE('',*,*,#2932,.T.);
#2932 = EDGE_CURVE('',#2912,#2933,#2935,.T.);
#2933 = VERTEX_POINT('',#2934);
#2934 = CARTESIAN_POINT('',(54.5,-5.399999999997,22.35));
#2935 = SURFACE_CURVE('',#2936,(#2940,#2946),.PCURVE_S1.);
#2936 = LINE('',#2937,#2938);
#2937 = CARTESIAN_POINT('',(17.55,-5.399999999997,22.35));
#2938 = VECTOR('',#2939,1.);
#2939 = DIRECTION('',(1.,0.,0.));
#2940 = PCURVE('',#613,#2941);
#2941 = DEFINITIONAL_REPRESENTATION('',(#2942),#2945);
#2942 = B_SPLINE_CURVE_WITH_KNOTS('',1,(#2943,#2944),.UNSPECIFIED.,.F.,
  .F.,(2,2),(24.95,36.95),.PIECEWISE_BEZIER_KNOTS.);
#2943 = CARTESIAN_POINT('',(49.9,-58.25));
#2944 = CARTESIAN_POINT('',(61.9,-58.25));
#2945 = ( GEOMETRIC_REPRESENTATION_CONTEXT(2) 
PARAMETRIC_REPRESENTATION_CONTEXT() REPRESENTATION_CONTEXT('2D SPACE',''
  ) );
#2946 = PCURVE('',#2947,#2952);
#2947 = PLANE('',#2948);
#2948 = AXIS2_PLACEMENT_3D('',#2949,#2950,#2951);
#2949 = CARTESIAN_POINT('',(42.5,-6.4,22.35));
#2950 = DIRECTION('',(0.,0.,1.));
#2951 = DIRECTION('',(1.,0.,-0.));
#2952 = DEFINITIONAL_REPRESENTATION('',(#2953),#2956);
#2953 = B_SPLINE_CURVE_WITH_KNOTS('',1,(#2954,#2955),.UNSPECIFIED.,.F.,
  .F.,(2,2),(24.95,36.95),.PIECEWISE_BEZIER_KNOTS.);
#2954 = CARTESIAN_POINT('',(0.,1.000000000003));
#2955 = CARTESIAN_POINT('',(12.,1.000000000003));
#2956 = ( GEOMETRIC_REPRESENTATION_CONTEXT(2) 
PARAMETRIC_REPRESENTATION_CONTEXT() REPRESENTATION_CONTEXT('2D SPACE',''
  ) );
#2957 = ORIENTED_EDGE('',*,*,#2958,.F.);
#2958 = EDGE_CURVE('',#677,#2933,#2959,.T.);
#2959 = SURFACE_CURVE('',#2960,(#2964,#2970),.PCURVE_S1.);
#2960 = LINE('',#2961,#2962);
#2961 = CARTESIAN_POINT('',(54.5,-5.399999999997,-6.775));
#2962 = VECTOR('',#2963,1.);
#2963 = DIRECTION('',(-0.,0.,-1.));
#2964 = PCURVE('',#613,#2965);
#2965 = DEFINITIONAL_REPRESENTATION('',(#2966),#2969);
#2966 = B_SPLINE_CURVE_WITH_KNOTS('',1,(#2967,#2968),.UNSPECIFIED.,.F.,
  .F.,(2,2),(-30.625,-29.125),.PIECEWISE_BEZIER_KNOTS.);
#2967 = CARTESIAN_POINT('',(61.9,-59.75));
#2968 = CARTESIAN_POINT('',(61.9,-58.25));
#2969 = ( GEOMETRIC_REPRESENTATION_CONTEXT(2) 
PARAMETRIC_REPRESENTATION_CONTEXT() REPRESENTATION_CONTEXT('2D SPACE',''
  ) );
#2970 = PCURVE('',#691,#2971);
#2971 = DEFINITIONAL_REPRESENTATION('',(#2972),#2975);
#2972 = B_SPLINE_CURVE_WITH_KNOTS('',1,(#2973,#2974),.UNSPECIFIED.,.F.,
  .F.,(2,2),(-30.625,-29.125),.PIECEWISE_BEZIER_KNOTS.);
#2973 = CARTESIAN_POINT('',(1.5,-1.000000000003));
#2974 = CARTESIAN_POINT('',(0.,-1.000000000003));
#2975 = ( GEOMETRIC_REPRESENTATION_CONTEXT(2) 
PARAMETRIC_REPRESENTATION_CONTEXT() REPRESENTATION_CONTEXT('2D SPACE',''
  ) );
#2976 = ORIENTED_EDGE('',*,*,#702,.T.);
#2977 = ORIENTED_EDGE('',*,*,#2862,.F.);
#2978 = ORIENTED_EDGE('',*,*,#2979,.F.);
#2979 = EDGE_CURVE('',#2980,#2814,#2982,.T.);
#2980 = VERTEX_POINT('',#2981);
#2981 = CARTESIAN_POINT('',(68.6,-5.399999999997,-32.9));
#2982 = SURFACE_CURVE('',#2983,(#2987,#2994),.PCURVE_S1.);
#2983 = LINE('',#2984,#2985);
#2984 = CARTESIAN_POINT('',(-7.4,-5.399999999997,-32.9));
#2985 = VECTOR('',#2986,1.);
#2986 = DIRECTION('',(1.,0.,0.));
#2987 = PCURVE('',#613,#2988);
#2988 = DEFINITIONAL_REPRESENTATION('',(#2989),#2993);
#2989 = LINE('',#2990,#2991);
#2990 = CARTESIAN_POINT('',(0.,-3.));
#2991 = VECTOR('',#2992,1.);
#2992 = DIRECTION('',(1.,0.));
#2993 = ( GEOMETRIC_REPRESENTATION_CONTEXT(2) 
PARAMETRIC_REPRESENTATION_CONTEXT() REPRESENTATION_CONTEXT('2D SPACE',''
  ) );
#2994 = PCURVE('',#1167,#2995);
#2995 = DEFINITIONAL_REPRESENTATION('',(#2996),#3000);
#2996 = LINE('',#2997,#2998);
#2997 = CARTESIAN_POINT('',(-0.,-1.385819298767));
#2998 = VECTOR('',#2999,1.);
#2999 = DIRECTION('',(-1.,0.));
#3000 = ( GEOMETRIC_REPRESENTATION_CONTEXT(2) 
PARAMETRIC_REPRESENTATION_CONTEXT() REPRESENTATION_CONTEXT('2D SPACE',''
  ) );
#3001 = ORIENTED_EDGE('',*,*,#3002,.F.);
#3002 = EDGE_CURVE('',#3003,#2980,#3005,.T.);
#3003 = VERTEX_POINT('',#3004);
#3004 = CARTESIAN_POINT('',(68.6,-5.399999999997,-29.9));
#3005 = SURFACE_CURVE('',#3006,(#3010,#3016),.PCURVE_S1.);
#3006 = LINE('',#3007,#3008);
#3007 = CARTESIAN_POINT('',(68.6,-5.399999999997,-35.));
#3008 = VECTOR('',#3009,1.);
#3009 = DIRECTION('',(-0.,0.,-1.));
#3010 = PCURVE('',#613,#3011);
#3011 = DEFINITIONAL_REPRESENTATION('',(#3012),#3015);
#3012 = B_SPLINE_CURVE_WITH_KNOTS('',1,(#3013,#3014),.UNSPECIFIED.,.F.,
  .F.,(2,2),(-5.1,-2.1),.PIECEWISE_BEZIER_KNOTS.);
#3013 = CARTESIAN_POINT('',(76.,-6.));
#3014 = CARTESIAN_POINT('',(76.,-3.));
#3015 = ( GEOMETRIC_REPRESENTATION_CONTEXT(2) 
PARAMETRIC_REPRESENTATION_CONTEXT() REPRESENTATION_CONTEXT('2D SPACE',''
  ) );
#3016 = PCURVE('',#3017,#3022);
#3017 = PLANE('',#3018);
#3018 = AXIS2_PLACEMENT_3D('',#3019,#3020,#3021);
#3019 = CARTESIAN_POINT('',(68.6,-10.4,-34.1));
#3020 = DIRECTION('',(1.,0.,-0.));
#3021 = DIRECTION('',(0.,0.,1.));
#3022 = DEFINITIONAL_REPRESENTATION('',(#3023),#3026);
#3023 = B_SPLINE_CURVE_WITH_KNOTS('',1,(#3024,#3025),.UNSPECIFIED.,.F.,
  .F.,(2,2),(-5.1,-2.1),.PIECEWISE_BEZIER_KNOTS.);
#3024 = CARTESIAN_POINT('',(4.2,-5.000000000003));
#3025 = CARTESIAN_POINT('',(1.2,-5.000000000003));
#3026 = ( GEOMETRIC_REPRESENTATION_CONTEXT(2) 
PARAMETRIC_REPRESENTATION_CONTEXT() REPRESENTATION_CONTEXT('2D SPACE',''
  ) );
#3027 = ORIENTED_EDGE('',*,*,#3028,.F.);
#3028 = EDGE_CURVE('',#3029,#3003,#3031,.T.);
#3029 = VERTEX_POINT('',#3030);
#3030 = CARTESIAN_POINT('',(59.4,-5.399999999997,-29.9));
#3031 = SURFACE_CURVE('',#3032,(#3036,#3042),.PCURVE_S1.);
#3032 = LINE('',#3033,#3034);
#3033 = CARTESIAN_POINT('',(26.,-5.399999999997,-29.9));
#3034 = VECTOR('',#3035,1.);
#3035 = DIRECTION('',(1.,0.,0.));
#3036 = PCURVE('',#613,#3037);
#3037 = DEFINITIONAL_REPRESENTATION('',(#3038),#3041);
#3038 = B_SPLINE_CURVE_WITH_KNOTS('',1,(#3039,#3040),.UNSPECIFIED.,.F.,
  .F.,(2,2),(33.4,42.6),.PIECEWISE_BEZIER_KNOTS.);
#3039 = CARTESIAN_POINT('',(66.8,-6.));
#3040 = CARTESIAN_POINT('',(76.,-6.));
#3041 = ( GEOMETRIC_REPRESENTATION_CONTEXT(2) 
PARAMETRIC_REPRESENTATION_CONTEXT() REPRESENTATION_CONTEXT('2D SPACE',''
  ) );
#3042 = PCURVE('',#3043,#3048);
#3043 = PLANE('',#3044);
#3044 = AXIS2_PLACEMENT_3D('',#3045,#3046,#3047);
#3045 = CARTESIAN_POINT('',(59.4,-10.4,-29.9));
#3046 = DIRECTION('',(0.,0.,1.));
#3047 = DIRECTION('',(1.,0.,-0.));
#3048 = DEFINITIONAL_REPRESENTATION('',(#3049),#3052);
#3049 = B_SPLINE_CURVE_WITH_KNOTS('',1,(#3050,#3051),.UNSPECIFIED.,.F.,
  .F.,(2,2),(33.4,42.6),.PIECEWISE_BEZIER_KNOTS.);
#3050 = CARTESIAN_POINT('',(0.,5.000000000003));
#3051 = CARTESIAN_POINT('',(9.2,5.000000000003));
#3052 = ( GEOMETRIC_REPRESENTATION_CONTEXT(2) 
PARAMETRIC_REPRESENTATION_CONTEXT() REPRESENTATION_CONTEXT('2D SPACE',''
  ) );
#3053 = ORIENTED_EDGE('',*,*,#3054,.T.);
#3054 = EDGE_CURVE('',#3029,#2887,#3055,.T.);
#3055 = SURFACE_CURVE('',#3056,(#3060,#3066),.PCURVE_S1.);
#3056 = LINE('',#3057,#3058);
#3057 = CARTESIAN_POINT('',(59.4,-5.399999999997,-35.));
#3058 = VECTOR('',#3059,1.);
#3059 = DIRECTION('',(-0.,0.,-1.));
#3060 = PCURVE('',#613,#3061);
#3061 = DEFINITIONAL_REPRESENTATION('',(#3062),#3065);
#3062 = B_SPLINE_CURVE_WITH_KNOTS('',1,(#3063,#3064),.UNSPECIFIED.,.F.,
  .F.,(2,2),(-5.1,-2.1),.PIECEWISE_BEZIER_KNOTS.);
#3063 = CARTESIAN_POINT('',(66.8,-6.));
#3064 = CARTESIAN_POINT('',(66.8,-3.));
#3065 = ( GEOMETRIC_REPRESENTATION_CONTEXT(2) 
PARAMETRIC_REPRESENTATION_CONTEXT() REPRESENTATION_CONTEXT('2D SPACE',''
  ) );
#3066 = PCURVE('',#3067,#3072);
#3067 = PLANE('',#3068);
#3068 = AXIS2_PLACEMENT_3D('',#3069,#3070,#3071);
#3069 = CARTESIAN_POINT('',(59.4,-10.4,-34.1));
#3070 = DIRECTION('',(1.,0.,-0.));
#3071 = DIRECTION('',(0.,0.,1.));
#3072 = DEFINITIONAL_REPRESENTATION('',(#3073),#3076);
#3073 = B_SPLINE_CURVE_WITH_KNOTS('',1,(#3074,#3075),.UNSPECIFIED.,.F.,
  .F.,(2,2),(-5.1,-2.1),.PIECEWISE_BEZIER_KNOTS.);
#3074 = CARTESIAN_POINT('',(4.2,-5.000000000003));
#3075 = CARTESIAN_POINT('',(1.2,-5.000000000003));
#3076 = ( GEOMETRIC_REPRESENTATION_CONTEXT(2) 
PARAMETRIC_REPRESENTATION_CONTEXT() REPRESENTATION_CONTEXT('2D SPACE',''
  ) );
#3077 = FACE_BOUND('',#3078,.F.);
#3078 = EDGE_LOOP('',(#3079));
#3079 = ORIENTED_EDGE('',*,*,#3080,.F.);
#3080 = EDGE_CURVE('',#3081,#3081,#3083,.T.);
#3081 = VERTEX_POINT('',#3082);
#3082 = CARTESIAN_POINT('',(9.5,-5.399999999997,20.35));
#3083 = SURFACE_CURVE('',#3084,(#3089,#3096),.PCURVE_S1.);
#3084 = CIRCLE('',#3085,2.5);
#3085 = AXIS2_PLACEMENT_3D('',#3086,#3087,#3088);
#3086 = CARTESIAN_POINT('',(7.,-5.399999999997,20.35));
#3087 = DIRECTION('',(0.,1.,2.22044604925E-16));
#3088 = DIRECTION('',(1.,0.,-0.));
#3089 = PCURVE('',#613,#3090);
#3090 = DEFINITIONAL_REPRESENTATION('',(#3091),#3095);
#3091 = CIRCLE('',#3092,2.5);
#3092 = AXIS2_PLACEMENT_2D('',#3093,#3094);
#3093 = CARTESIAN_POINT('',(14.4,-56.25));
#3094 = DIRECTION('',(1.,0.));
#3095 = ( GEOMETRIC_REPRESENTATION_CONTEXT(2) 
PARAMETRIC_REPRESENTATION_CONTEXT() REPRESENTATION_CONTEXT('2D SPACE',''
  ) );
#3096 = PCURVE('',#3097,#3102);
#3097 = CYLINDRICAL_SURFACE('',#3098,2.5);
#3098 = AXIS2_PLACEMENT_3D('',#3099,#3100,#3101);
#3099 = CARTESIAN_POINT('',(7.,-6.4,20.35));
#3100 = DIRECTION('',(0.,1.,2.22044604925E-16));
#3101 = DIRECTION('',(1.,0.,-0.));
#3102 = DEFINITIONAL_REPRESENTATION('',(#3103),#3107);
#3103 = LINE('',#3104,#3105);
#3104 = CARTESIAN_POINT('',(0.,1.000000000003));
#3105 = VECTOR('',#3106,1.);
#3106 = DIRECTION('',(1.,0.));
#3107 = ( GEOMETRIC_REPRESENTATION_CONTEXT(2) 
PARAMETRIC_REPRESENTATION_CONTEXT() REPRESENTATION_CONTEXT('2D SPACE',''
  ) );
#3108 = FACE_BOUND('',#3109,.F.);
#3109 = EDGE_LOOP('',(#3110,#3138,#3164,#3190));
#3110 = ORIENTED_EDGE('',*,*,#3111,.F.);
#3111 = EDGE_CURVE('',#3112,#3114,#3116,.T.);
#3112 = VERTEX_POINT('',#3113);
#3113 = CARTESIAN_POINT('',(16.07,-5.399999999997,8.6));
#3114 = VERTEX_POINT('',#3115);
#3115 = CARTESIAN_POINT('',(31.27,-5.399999999997,8.6));
#3116 = SURFACE_CURVE('',#3117,(#3121,#3127),.PCURVE_S1.);
#3117 = LINE('',#3118,#3119);
#3118 = CARTESIAN_POINT('',(4.335,-5.399999999997,8.6));
#3119 = VECTOR('',#3120,1.);
#3120 = DIRECTION('',(1.,0.,0.));
#3121 = PCURVE('',#613,#3122);
#3122 = DEFINITIONAL_REPRESENTATION('',(#3123),#3126);
#3123 = B_SPLINE_CURVE_WITH_KNOTS('',1,(#3124,#3125),.UNSPECIFIED.,.F.,
  .F.,(2,2),(11.735,26.935),.PIECEWISE_BEZIER_KNOTS.);
#3124 = CARTESIAN_POINT('',(23.47,-44.5));
#3125 = CARTESIAN_POINT('',(38.67,-44.5));
#3126 = ( GEOMETRIC_REPRESENTATION_CONTEXT(2) 
PARAMETRIC_REPRESENTATION_CONTEXT() REPRESENTATION_CONTEXT('2D SPACE',''
  ) );
#3127 = PCURVE('',#3128,#3133);
#3128 = PLANE('',#3129);
#3129 = AXIS2_PLACEMENT_3D('',#3130,#3131,#3132);
#3130 = CARTESIAN_POINT('',(16.07,-10.4,8.6));
#3131 = DIRECTION('',(0.,0.,1.));
#3132 = DIRECTION('',(1.,0.,-0.));
#3133 = DEFINITIONAL_REPRESENTATION('',(#3134),#3137);
#3134 = B_SPLINE_CURVE_WITH_KNOTS('',1,(#3135,#3136),.UNSPECIFIED.,.F.,
  .F.,(2,2),(11.735,26.935),.PIECEWISE_BEZIER_KNOTS.);
#3135 = CARTESIAN_POINT('',(0.,5.000000000003));
#3136 = CARTESIAN_POINT('',(15.2,5.000000000003));
#3137 = ( GEOMETRIC_REPRESENTATION_CONTEXT(2) 
PARAMETRIC_REPRESENTATION_CONTEXT() REPRESENTATION_CONTEXT('2D SPACE',''
  ) );
#3138 = ORIENTED_EDGE('',*,*,#3139,.T.);
#3139 = EDGE_CURVE('',#3112,#3140,#3142,.T.);
#3140 = VERTEX_POINT('',#3141);
#3141 = CARTESIAN_POINT('',(16.07,-5.399999999997,-4.1));
#3142 = SURFACE_CURVE('',#3143,(#3147,#3153),.PCURVE_S1.);
#3143 = LINE('',#3144,#3145);
#3144 = CARTESIAN_POINT('',(16.07,-5.399999999997,-20.));
#3145 = VECTOR('',#3146,1.);
#3146 = DIRECTION('',(-0.,0.,-1.));
#3147 = PCURVE('',#613,#3148);
#3148 = DEFINITIONAL_REPRESENTATION('',(#3149),#3152);
#3149 = B_SPLINE_CURVE_WITH_KNOTS('',1,(#3150,#3151),.UNSPECIFIED.,.F.,
  .F.,(2,2),(-28.6,-15.9),.PIECEWISE_BEZIER_KNOTS.);
#3150 = CARTESIAN_POINT('',(23.47,-44.5));
#3151 = CARTESIAN_POINT('',(23.47,-31.8));
#3152 = ( GEOMETRIC_REPRESENTATION_CONTEXT(2) 
PARAMETRIC_REPRESENTATION_CONTEXT() REPRESENTATION_CONTEXT('2D SPACE',''
  ) );
#3153 = PCURVE('',#3154,#3159);
#3154 = PLANE('',#3155);
#3155 = AXIS2_PLACEMENT_3D('',#3156,#3157,#3158);
#3156 = CARTESIAN_POINT('',(16.07,-10.4,-4.1));
#3157 = DIRECTION('',(1.,0.,-0.));
#3158 = DIRECTION('',(0.,0.,1.));
#3159 = DEFINITIONAL_REPRESENTATION('',(#3160),#3163);
#3160 = B_SPLINE_CURVE_WITH_KNOTS('',1,(#3161,#3162),.UNSPECIFIED.,.F.,
  .F.,(2,2),(-28.6,-15.9),.PIECEWISE_BEZIER_KNOTS.);
#3161 = CARTESIAN_POINT('',(12.7,-5.000000000003));
#3162 = CARTESIAN_POINT('',(0.,-5.000000000003));
#3163 = ( GEOMETRIC_REPRESENTATION_CONTEXT(2) 
PARAMETRIC_REPRESENTATION_CONTEXT() REPRESENTATION_CONTEXT('2D SPACE',''
  ) );
#3164 = ORIENTED_EDGE('',*,*,#3165,.T.);
#3165 = EDGE_CURVE('',#3140,#3166,#3168,.T.);
#3166 = VERTEX_POINT('',#3167);
#3167 = CARTESIAN_POINT('',(31.27,-5.399999999997,-4.1));
#3168 = SURFACE_CURVE('',#3169,(#3173,#3179),.PCURVE_S1.);
#3169 = LINE('',#3170,#3171);
#3170 = CARTESIAN_POINT('',(4.335,-5.399999999997,-4.1));
#3171 = VECTOR('',#3172,1.);
#3172 = DIRECTION('',(1.,0.,0.));
#3173 = PCURVE('',#613,#3174);
#3174 = DEFINITIONAL_REPRESENTATION('',(#3175),#3178);
#3175 = B_SPLINE_CURVE_WITH_KNOTS('',1,(#3176,#3177),.UNSPECIFIED.,.F.,
  .F.,(2,2),(11.735,26.935),.PIECEWISE_BEZIER_KNOTS.);
#3176 = CARTESIAN_POINT('',(23.47,-31.8));
#3177 = CARTESIAN_POINT('',(38.67,-31.8));
#3178 = ( GEOMETRIC_REPRESENTATION_CONTEXT(2) 
PARAMETRIC_REPRESENTATION_CONTEXT() REPRESENTATION_CONTEXT('2D SPACE',''
  ) );
#3179 = PCURVE('',#3180,#3185);
#3180 = PLANE('',#3181);
#3181 = AXIS2_PLACEMENT_3D('',#3182,#3183,#3184);
#3182 = CARTESIAN_POINT('',(16.07,-10.4,-4.1));
#3183 = DIRECTION('',(0.,0.,1.));
#3184 = DIRECTION('',(1.,0.,-0.));
#3185 = DEFINITIONAL_REPRESENTATION('',(#3186),#3189);
#3186 = B_SPLINE_CURVE_WITH_KNOTS('',1,(#3187,#3188),.UNSPECIFIED.,.F.,
  .F.,(2,2),(11.735,26.935),.PIECEWISE_BEZIER_KNOTS.);
#3187 = CARTESIAN_POINT('',(0.,5.000000000003));
#3188 = CARTESIAN_POINT('',(15.2,5.000000000003));
#3189 = ( GEOMETRIC_REPRESENTATION_CONTEXT(2) 
PARAMETRIC_REPRESENTATION_CONTEXT() REPRESENTATION_CONTEXT('2D SPACE',''
  ) );
#3190 = ORIENTED_EDGE('',*,*,#3191,.F.);
#3191 = EDGE_CURVE('',#3114,#3166,#3192,.T.);
#3192 = SURFACE_CURVE('',#3193,(#3197,#3203),.PCURVE_S1.);
#3193 = LINE('',#3194,#3195);
#3194 = CARTESIAN_POINT('',(31.27,-5.399999999997,-20.));
#3195 = VECTOR('',#3196,1.);
#3196 = DIRECTION('',(-0.,0.,-1.));
#3197 = PCURVE('',#613,#3198);
#3198 = DEFINITIONAL_REPRESENTATION('',(#3199),#3202);
#3199 = B_SPLINE_CURVE_WITH_KNOTS('',1,(#3200,#3201),.UNSPECIFIED.,.F.,
  .F.,(2,2),(-28.6,-15.9),.PIECEWISE_BEZIER_KNOTS.);
#3200 = CARTESIAN_POINT('',(38.67,-44.5));
#3201 = CARTESIAN_POINT('',(38.67,-31.8));
#3202 = ( GEOMETRIC_REPRESENTATION_CONTEXT(2) 
PARAMETRIC_REPRESENTATION_CONTEXT() REPRESENTATION_CONTEXT('2D SPACE',''
  ) );
#3203 = PCURVE('',#3204,#3209);
#3204 = PLANE('',#3205);
#3205 = AXIS2_PLACEMENT_3D('',#3206,#3207,#3208);
#3206 = CARTESIAN_POINT('',(31.27,-10.4,-4.1));
#3207 = DIRECTION('',(1.,0.,-0.));
#3208 = DIRECTION('',(0.,0.,1.));
#3209 = DEFINITIONAL_REPRESENTATION('',(#3210),#3213);
#3210 = B_SPLINE_CURVE_WITH_KNOTS('',1,(#3211,#3212),.UNSPECIFIED.,.F.,
  .F.,(2,2),(-28.6,-15.9),.PIECEWISE_BEZIER_KNOTS.);
#3211 = CARTESIAN_POINT('',(12.7,-5.000000000003));
#3212 = CARTESIAN_POINT('',(0.,-5.000000000003));
#3213 = ( GEOMETRIC_REPRESENTATION_CONTEXT(2) 
PARAMETRIC_REPRESENTATION_CONTEXT() REPRESENTATION_CONTEXT('2D SPACE',''
  ) );
#3214 = FACE_BOUND('',#3215,.F.);
#3215 = EDGE_LOOP('',(#3216));
#3216 = ORIENTED_EDGE('',*,*,#3217,.F.);
#3217 = EDGE_CURVE('',#3218,#3218,#3220,.T.);
#3218 = VERTEX_POINT('',#3219);
#3219 = CARTESIAN_POINT('',(75.5,-5.399999999997,20.35));
#3220 = SURFACE_CURVE('',#3221,(#3226,#3233),.PCURVE_S1.);
#3221 = CIRCLE('',#3222,2.5);
#3222 = AXIS2_PLACEMENT_3D('',#3223,#3224,#3225);
#3223 = CARTESIAN_POINT('',(73.,-5.399999999997,20.35));
#3224 = DIRECTION('',(0.,1.,2.22044604925E-16));
#3225 = DIRECTION('',(1.,0.,-0.));
#3226 = PCURVE('',#613,#3227);
#3227 = DEFINITIONAL_REPRESENTATION('',(#3228),#3232);
#3228 = CIRCLE('',#3229,2.5);
#3229 = AXIS2_PLACEMENT_2D('',#3230,#3231);
#3230 = CARTESIAN_POINT('',(80.4,-56.25));
#3231 = DIRECTION('',(1.,0.));
#3232 = ( GEOMETRIC_REPRESENTATION_CONTEXT(2) 
PARAMETRIC_REPRESENTATION_CONTEXT() REPRESENTATION_CONTEXT('2D SPACE',''
  ) );
#3233 = PCURVE('',#3234,#3239);
#3234 = CYLINDRICAL_SURFACE('',#3235,2.5);
#3235 = AXIS2_PLACEMENT_3D('',#3236,#3237,#3238);
#3236 = CARTESIAN_POINT('',(73.,-6.4,20.35));
#3237 = DIRECTION('',(0.,1.,2.22044604925E-16));
#3238 = DIRECTION('',(1.,0.,-0.));
#3239 = DEFINITIONAL_REPRESENTATION('',(#3240),#3244);
#3240 = LINE('',#3241,#3242);
#3241 = CARTESIAN_POINT('',(0.,1.000000000003));
#3242 = VECTOR('',#3243,1.);
#3243 = DIRECTION('',(1.,0.));
#3244 = ( GEOMETRIC_REPRESENTATION_CONTEXT(2) 
PARAMETRIC_REPRESENTATION_CONTEXT() REPRESENTATION_CONTEXT('2D SPACE',''
  ) );
#3245 = FACE_BOUND('',#3246,.F.);
#3246 = EDGE_LOOP('',(#3247));
#3247 = ORIENTED_EDGE('',*,*,#3248,.F.);
#3248 = EDGE_CURVE('',#3249,#3249,#3251,.T.);
#3249 = VERTEX_POINT('',#3250);
#3250 = CARTESIAN_POINT('',(93.25,-5.399999999997,-15.));
#3251 = SURFACE_CURVE('',#3252,(#3257,#3264),.PCURVE_S1.);
#3252 = CIRCLE('',#3253,6.25);
#3253 = AXIS2_PLACEMENT_3D('',#3254,#3255,#3256);
#3254 = CARTESIAN_POINT('',(87.,-5.399999999997,-15.));
#3255 = DIRECTION('',(0.,1.,2.22044604925E-16));
#3256 = DIRECTION('',(1.,0.,-0.));
#3257 = PCURVE('',#613,#3258);
#3258 = DEFINITIONAL_REPRESENTATION('',(#3259),#3263);
#3259 = CIRCLE('',#3260,6.25);
#3260 = AXIS2_PLACEMENT_2D('',#3261,#3262);
#3261 = CARTESIAN_POINT('',(94.4,-20.9));
#3262 = DIRECTION('',(1.,0.));
#3263 = ( GEOMETRIC_REPRESENTATION_CONTEXT(2) 
PARAMETRIC_REPRESENTATION_CONTEXT() REPRESENTATION_CONTEXT('2D SPACE',''
  ) );
#3264 = PCURVE('',#2491,#3265);
#3265 = DEFINITIONAL_REPRESENTATION('',(#3266),#3270);
#3266 = LINE('',#3267,#3268);
#3267 = CARTESIAN_POINT('',(0.,1.000000000003));
#3268 = VECTOR('',#3269,1.);
#3269 = DIRECTION('',(1.,0.));
#3270 = ( GEOMETRIC_REPRESENTATION_CONTEXT(2) 
PARAMETRIC_REPRESENTATION_CONTEXT() REPRESENTATION_CONTEXT('2D SPACE',''
  ) );
#3271 = ADVANCED_FACE('',(#3272),#691,.F.);
#3272 = FACE_BOUND('',#3273,.F.);
#3273 = EDGE_LOOP('',(#3274,#3275,#3298,#3319));
#3274 = ORIENTED_EDGE('',*,*,#2958,.T.);
#3275 = ORIENTED_EDGE('',*,*,#3276,.T.);
#3276 = EDGE_CURVE('',#2933,#3277,#3279,.T.);
#3277 = VERTEX_POINT('',#3278);
#3278 = CARTESIAN_POINT('',(54.5,-3.6,22.35));
#3279 = SURFACE_CURVE('',#3280,(#3284,#3291),.PCURVE_S1.);
#3280 = LINE('',#3281,#3282);
#3281 = CARTESIAN_POINT('',(54.5,-6.4,22.35));
#3282 = VECTOR('',#3283,1.);
#3283 = DIRECTION('',(-0.,1.,0.));
#3284 = PCURVE('',#691,#3285);
#3285 = DEFINITIONAL_REPRESENTATION('',(#3286),#3290);
#3286 = LINE('',#3287,#3288);
#3287 = CARTESIAN_POINT('',(0.,0.));
#3288 = VECTOR('',#3289,1.);
#3289 = DIRECTION('',(0.,-1.));
#3290 = ( GEOMETRIC_REPRESENTATION_CONTEXT(2) 
PARAMETRIC_REPRESENTATION_CONTEXT() REPRESENTATION_CONTEXT('2D SPACE',''
  ) );
#3291 = PCURVE('',#2947,#3292);
#3292 = DEFINITIONAL_REPRESENTATION('',(#3293),#3297);
#3293 = LINE('',#3294,#3295);
#3294 = CARTESIAN_POINT('',(12.,0.));
#3295 = VECTOR('',#3296,1.);
#3296 = DIRECTION('',(0.,1.));
#3297 = ( GEOMETRIC_REPRESENTATION_CONTEXT(2) 
PARAMETRIC_REPRESENTATION_CONTEXT() REPRESENTATION_CONTEXT('2D SPACE',''
  ) );
#3298 = ORIENTED_EDGE('',*,*,#3299,.T.);
#3299 = EDGE_CURVE('',#3277,#651,#3300,.T.);
#3300 = SURFACE_CURVE('',#3301,(#3305,#3312),.PCURVE_S1.);
#3301 = LINE('',#3302,#3303);
#3302 = CARTESIAN_POINT('',(54.5,-3.6,22.35));
#3303 = VECTOR('',#3304,1.);
#3304 = DIRECTION('',(0.,0.,1.));
#3305 = PCURVE('',#691,#3306);
#3306 = DEFINITIONAL_REPRESENTATION('',(#3307),#3311);
#3307 = LINE('',#3308,#3309);
#3308 = CARTESIAN_POINT('',(0.,-2.8));
#3309 = VECTOR('',#3310,1.);
#3310 = DIRECTION('',(1.,0.));
#3311 = ( GEOMETRIC_REPRESENTATION_CONTEXT(2) 
PARAMETRIC_REPRESENTATION_CONTEXT() REPRESENTATION_CONTEXT('2D SPACE',''
  ) );
#3312 = PCURVE('',#665,#3313);
#3313 = DEFINITIONAL_REPRESENTATION('',(#3314),#3318);
#3314 = LINE('',#3315,#3316);
#3315 = CARTESIAN_POINT('',(0.,12.));
#3316 = VECTOR('',#3317,1.);
#3317 = DIRECTION('',(1.,0.));
#3318 = ( GEOMETRIC_REPRESENTATION_CONTEXT(2) 
PARAMETRIC_REPRESENTATION_CONTEXT() REPRESENTATION_CONTEXT('2D SPACE',''
  ) );
#3319 = ORIENTED_EDGE('',*,*,#676,.F.);
#3320 = ADVANCED_FACE('',(#3321),#665,.F.);
#3321 = FACE_BOUND('',#3322,.F.);
#3322 = EDGE_LOOP('',(#3323,#3324,#3347,#3368));
#3323 = ORIENTED_EDGE('',*,*,#3299,.F.);
#3324 = ORIENTED_EDGE('',*,*,#3325,.F.);
#3325 = EDGE_CURVE('',#3326,#3277,#3328,.T.);
#3326 = VERTEX_POINT('',#3327);
#3327 = CARTESIAN_POINT('',(42.5,-3.6,22.35));
#3328 = SURFACE_CURVE('',#3329,(#3333,#3340),.PCURVE_S1.);
#3329 = LINE('',#3330,#3331);
#3330 = CARTESIAN_POINT('',(42.5,-3.6,22.35));
#3331 = VECTOR('',#3332,1.);
#3332 = DIRECTION('',(1.,0.,-0.));
#3333 = PCURVE('',#665,#3334);
#3334 = DEFINITIONAL_REPRESENTATION('',(#3335),#3339);
#3335 = LINE('',#3336,#3337);
#3336 = CARTESIAN_POINT('',(0.,0.));
#3337 = VECTOR('',#3338,1.);
#3338 = DIRECTION('',(0.,1.));
#3339 = ( GEOMETRIC_REPRESENTATION_CONTEXT(2) 
PARAMETRIC_REPRESENTATION_CONTEXT() REPRESENTATION_CONTEXT('2D SPACE',''
  ) );
#3340 = PCURVE('',#2947,#3341);
#3341 = DEFINITIONAL_REPRESENTATION('',(#3342),#3346);
#3342 = LINE('',#3343,#3344);
#3343 = CARTESIAN_POINT('',(0.,2.8));
#3344 = VECTOR('',#3345,1.);
#3345 = DIRECTION('',(1.,0.));
#3346 = ( GEOMETRIC_REPRESENTATION_CONTEXT(2) 
PARAMETRIC_REPRESENTATION_CONTEXT() REPRESENTATION_CONTEXT('2D SPACE',''
  ) );
#3347 = ORIENTED_EDGE('',*,*,#3348,.T.);
#3348 = EDGE_CURVE('',#3326,#625,#3349,.T.);
#3349 = SURFACE_CURVE('',#3350,(#3354,#3361),.PCURVE_S1.);
#3350 = LINE('',#3351,#3352);
#3351 = CARTESIAN_POINT('',(42.5,-3.6,22.35));
#3352 = VECTOR('',#3353,1.);
#3353 = DIRECTION('',(0.,0.,1.));
#3354 = PCURVE('',#665,#3355);
#3355 = DEFINITIONAL_REPRESENTATION('',(#3356),#3360);
#3356 = LINE('',#3357,#3358);
#3357 = CARTESIAN_POINT('',(0.,0.));
#3358 = VECTOR('',#3359,1.);
#3359 = DIRECTION('',(1.,0.));
#3360 = ( GEOMETRIC_REPRESENTATION_CONTEXT(2) 
PARAMETRIC_REPRESENTATION_CONTEXT() REPRESENTATION_CONTEXT('2D SPACE',''
  ) );
#3361 = PCURVE('',#639,#3362);
#3362 = DEFINITIONAL_REPRESENTATION('',(#3363),#3367);
#3363 = LINE('',#3364,#3365);
#3364 = CARTESIAN_POINT('',(0.,-2.8));
#3365 = VECTOR('',#3366,1.);
#3366 = DIRECTION('',(1.,0.));
#3367 = ( GEOMETRIC_REPRESENTATION_CONTEXT(2) 
PARAMETRIC_REPRESENTATION_CONTEXT() REPRESENTATION_CONTEXT('2D SPACE',''
  ) );
#3368 = ORIENTED_EDGE('',*,*,#650,.F.);
#3369 = ADVANCED_FACE('',(#3370),#639,.T.);
#3370 = FACE_BOUND('',#3371,.T.);
#3371 = EDGE_LOOP('',(#3372,#3373,#3394,#3395));
#3372 = ORIENTED_EDGE('',*,*,#2911,.T.);
#3373 = ORIENTED_EDGE('',*,*,#3374,.T.);
#3374 = EDGE_CURVE('',#2912,#3326,#3375,.T.);
#3375 = SURFACE_CURVE('',#3376,(#3380,#3387),.PCURVE_S1.);
#3376 = LINE('',#3377,#3378);
#3377 = CARTESIAN_POINT('',(42.5,-6.4,22.35));
#3378 = VECTOR('',#3379,1.);
#3379 = DIRECTION('',(-0.,1.,0.));
#3380 = PCURVE('',#639,#3381);
#3381 = DEFINITIONAL_REPRESENTATION('',(#3382),#3386);
#3382 = LINE('',#3383,#3384);
#3383 = CARTESIAN_POINT('',(0.,0.));
#3384 = VECTOR('',#3385,1.);
#3385 = DIRECTION('',(0.,-1.));
#3386 = ( GEOMETRIC_REPRESENTATION_CONTEXT(2) 
PARAMETRIC_REPRESENTATION_CONTEXT() REPRESENTATION_CONTEXT('2D SPACE',''
  ) );
#3387 = PCURVE('',#2947,#3388);
#3388 = DEFINITIONAL_REPRESENTATION('',(#3389),#3393);
#3389 = LINE('',#3390,#3391);
#3390 = CARTESIAN_POINT('',(0.,0.));
#3391 = VECTOR('',#3392,1.);
#3392 = DIRECTION('',(0.,1.));
#3393 = ( GEOMETRIC_REPRESENTATION_CONTEXT(2) 
PARAMETRIC_REPRESENTATION_CONTEXT() REPRESENTATION_CONTEXT('2D SPACE',''
  ) );
#3394 = ORIENTED_EDGE('',*,*,#3348,.T.);
#3395 = ORIENTED_EDGE('',*,*,#624,.F.);
#3396 = ADVANCED_FACE('',(#3397),#990,.F.);
#3397 = FACE_BOUND('',#3398,.F.);
#3398 = EDGE_LOOP('',(#3399,#3420,#3421,#3422));
#3399 = ORIENTED_EDGE('',*,*,#3400,.F.);
#3400 = EDGE_CURVE('',#1212,#3401,#3403,.T.);
#3401 = VERTEX_POINT('',#3402);
#3402 = CARTESIAN_POINT('',(104.4,81.339339828224,-35.46066017178));
#3403 = SURFACE_CURVE('',#3404,(#3408,#3414),.PCURVE_S1.);
#3404 = LINE('',#3405,#3406);
#3405 = CARTESIAN_POINT('',(104.4,81.869669914113,-34.18033008589));
#3406 = VECTOR('',#3407,1.);
#3407 = DIRECTION('',(-7.703719777549E-34,-0.382683432365,
    -0.923879532511));
#3408 = PCURVE('',#990,#3409);
#3409 = DEFINITIONAL_REPRESENTATION('',(#3410),#3413);
#3410 = B_SPLINE_CURVE_WITH_KNOTS('',1,(#3411,#3412),.UNSPECIFIED.,.F.,
  .F.,(2,2),(-1.385819298767,1.385819298767),.PIECEWISE_BEZIER_KNOTS.);
#3411 = CARTESIAN_POINT('',(-1.42108547152E-14,-1.385819298767));
#3412 = CARTESIAN_POINT('',(-1.42108547152E-14,1.385819298767));
#3413 = ( GEOMETRIC_REPRESENTATION_CONTEXT(2) 
PARAMETRIC_REPRESENTATION_CONTEXT() REPRESENTATION_CONTEXT('2D SPACE',''
  ) );
#3414 = PCURVE('',#2679,#3415);
#3415 = DEFINITIONAL_REPRESENTATION('',(#3416),#3419);
#3416 = B_SPLINE_CURVE_WITH_KNOTS('',1,(#3417,#3418),.UNSPECIFIED.,.F.,
  .F.,(2,2),(-1.385819298767,1.385819298767),.PIECEWISE_BEZIER_KNOTS.);
#3417 = CARTESIAN_POINT('',(0.,406.04955589005));
#3418 = CARTESIAN_POINT('',(4.712388980385,406.04955589005));
#3419 = ( GEOMETRIC_REPRESENTATION_CONTEXT(2) 
PARAMETRIC_REPRESENTATION_CONTEXT() REPRESENTATION_CONTEXT('2D SPACE',''
  ) );
#3420 = ORIENTED_EDGE('',*,*,#1234,.T.);
#3421 = ORIENTED_EDGE('',*,*,#975,.T.);
#3422 = ORIENTED_EDGE('',*,*,#3423,.F.);
#3423 = EDGE_CURVE('',#3401,#976,#3424,.T.);
#3424 = SURFACE_CURVE('',#3425,(#3429,#3436),.PCURVE_S1.);
#3425 = LINE('',#3426,#3427);
#3426 = CARTESIAN_POINT('',(104.4,81.339339828224,-35.46066017178));
#3427 = VECTOR('',#3428,1.);
#3428 = DIRECTION('',(-1.,-0.,-0.));
#3429 = PCURVE('',#990,#3430);
#3430 = DEFINITIONAL_REPRESENTATION('',(#3431),#3435);
#3431 = LINE('',#3432,#3433);
#3432 = CARTESIAN_POINT('',(0.,1.385819298767));
#3433 = VECTOR('',#3434,1.);
#3434 = DIRECTION('',(1.,0.));
#3435 = ( GEOMETRIC_REPRESENTATION_CONTEXT(2) 
PARAMETRIC_REPRESENTATION_CONTEXT() REPRESENTATION_CONTEXT('2D SPACE',''
  ) );
#3436 = PCURVE('',#3437,#3442);
#3437 = PLANE('',#3438);
#3438 = AXIS2_PLACEMENT_3D('',#3439,#3440,#3441);
#3439 = CARTESIAN_POINT('',(104.4,81.650000000003,-35.15));
#3440 = DIRECTION('',(0.,-0.707106781187,0.707106781187));
#3441 = DIRECTION('',(-1.,-0.,0.));
#3442 = DEFINITIONAL_REPRESENTATION('',(#3443),#3447);
#3443 = LINE('',#3444,#3445);
#3444 = CARTESIAN_POINT('',(1.42108547152E-14,0.43933982822));
#3445 = VECTOR('',#3446,1.);
#3446 = DIRECTION('',(1.,0.));
#3447 = ( GEOMETRIC_REPRESENTATION_CONTEXT(2) 
PARAMETRIC_REPRESENTATION_CONTEXT() REPRESENTATION_CONTEXT('2D SPACE',''
  ) );
#3448 = ADVANCED_FACE('',(#3449),#1019,.T.);
#3449 = FACE_BOUND('',#3450,.F.);
#3450 = EDGE_LOOP('',(#3451,#3472,#3473,#3474));
#3451 = ORIENTED_EDGE('',*,*,#3452,.F.);
#3452 = EDGE_CURVE('',#976,#3453,#3455,.T.);
#3453 = VERTEX_POINT('',#3454);
#3454 = CARTESIAN_POINT('',(-7.4,80.900000000003,-35.9));
#3455 = SURFACE_CURVE('',#3456,(#3460,#3466),.PCURVE_S1.);
#3456 = LINE('',#3457,#3458);
#3457 = CARTESIAN_POINT('',(-7.4,81.650000000003,-35.15));
#3458 = VECTOR('',#3459,1.);
#3459 = DIRECTION('',(0.,-0.707106781187,-0.707106781187));
#3460 = PCURVE('',#1019,#3461);
#3461 = DEFINITIONAL_REPRESENTATION('',(#3462),#3465);
#3462 = B_SPLINE_CURVE_WITH_KNOTS('',1,(#3463,#3464),.UNSPECIFIED.,.F.,
  .F.,(2,2),(-1.06066017178,1.06066017178),.PIECEWISE_BEZIER_KNOTS.);
#3463 = CARTESIAN_POINT('',(0.,0.));
#3464 = CARTESIAN_POINT('',(0.,-1.5));
#3465 = ( GEOMETRIC_REPRESENTATION_CONTEXT(2) 
PARAMETRIC_REPRESENTATION_CONTEXT() REPRESENTATION_CONTEXT('2D SPACE',''
  ) );
#3466 = PCURVE('',#3437,#3467);
#3467 = DEFINITIONAL_REPRESENTATION('',(#3468),#3471);
#3468 = B_SPLINE_CURVE_WITH_KNOTS('',1,(#3469,#3470),.UNSPECIFIED.,.F.,
  .F.,(2,2),(-1.06066017178,1.06066017178),.PIECEWISE_BEZIER_KNOTS.);
#3469 = CARTESIAN_POINT('',(111.8,-1.06066017178));
#3470 = CARTESIAN_POINT('',(111.8,1.06066017178));
#3471 = ( GEOMETRIC_REPRESENTATION_CONTEXT(2) 
PARAMETRIC_REPRESENTATION_CONTEXT() REPRESENTATION_CONTEXT('2D SPACE',''
  ) );
#3472 = ORIENTED_EDGE('',*,*,#1001,.T.);
#3473 = ORIENTED_EDGE('',*,*,#1043,.T.);
#3474 = ORIENTED_EDGE('',*,*,#3475,.F.);
#3475 = EDGE_CURVE('',#3453,#1044,#3476,.T.);
#3476 = SURFACE_CURVE('',#3477,(#3482,#3489),.PCURVE_S1.);
#3477 = CIRCLE('',#3478,1.5);
#3478 = AXIS2_PLACEMENT_3D('',#3479,#3480,#3481);
#3479 = CARTESIAN_POINT('',(-7.4,79.399999984253,-35.9));
#3480 = DIRECTION('',(0.,-0.,1.));
#3481 = DIRECTION('',(0.,1.,0.));
#3482 = PCURVE('',#1019,#3483);
#3483 = DEFINITIONAL_REPRESENTATION('',(#3484),#3488);
#3484 = LINE('',#3485,#3486);
#3485 = CARTESIAN_POINT('',(0.,-1.5));
#3486 = VECTOR('',#3487,1.);
#3487 = DIRECTION('',(1.,-0.));
#3488 = ( GEOMETRIC_REPRESENTATION_CONTEXT(2) 
PARAMETRIC_REPRESENTATION_CONTEXT() REPRESENTATION_CONTEXT('2D SPACE',''
  ) );
#3489 = PCURVE('',#1105,#3490);
#3490 = DEFINITIONAL_REPRESENTATION('',(#3491),#3495);
#3491 = CIRCLE('',#3492,1.5);
#3492 = AXIS2_PLACEMENT_2D('',#3493,#3494);
#3493 = CARTESIAN_POINT('',(-55.9,40.899999987788));
#3494 = DIRECTION('',(0.,1.));
#3495 = ( GEOMETRIC_REPRESENTATION_CONTEXT(2) 
PARAMETRIC_REPRESENTATION_CONTEXT() REPRESENTATION_CONTEXT('2D SPACE',''
  ) );
#3496 = ADVANCED_FACE('',(#3497,#3660),#1105,.F.);
#3497 = FACE_BOUND('',#3498,.F.);
#3498 = EDGE_LOOP('',(#3499,#3529,#3558,#3586,#3615,#3636,#3637,#3638));
#3499 = ORIENTED_EDGE('',*,*,#3500,.T.);
#3500 = EDGE_CURVE('',#3501,#3503,#3505,.T.);
#3501 = VERTEX_POINT('',#3502);
#3502 = CARTESIAN_POINT('',(-7.4,-3.899999999997,-35.9));
#3503 = VERTEX_POINT('',#3504);
#3504 = CARTESIAN_POINT('',(104.4,-3.899999999997,-35.9));
#3505 = SURFACE_CURVE('',#3506,(#3510,#3517),.PCURVE_S1.);
#3506 = LINE('',#3507,#3508);
#3507 = CARTESIAN_POINT('',(-7.4,-3.899999999997,-35.9));
#3508 = VECTOR('',#3509,1.);
#3509 = DIRECTION('',(1.,0.,0.));
#3510 = PCURVE('',#1105,#3511);
#3511 = DEFINITIONAL_REPRESENTATION('',(#3512),#3516);
#3512 = LINE('',#3513,#3514);
#3513 = CARTESIAN_POINT('',(-55.9,-42.39999999646));
#3514 = VECTOR('',#3515,1.);
#3515 = DIRECTION('',(1.,0.));
#3516 = ( GEOMETRIC_REPRESENTATION_CONTEXT(2) 
PARAMETRIC_REPRESENTATION_CONTEXT() REPRESENTATION_CONTEXT('2D SPACE',''
  ) );
#3517 = PCURVE('',#3518,#3523);
#3518 = PLANE('',#3519);
#3519 = AXIS2_PLACEMENT_3D('',#3520,#3521,#3522);
#3520 = CARTESIAN_POINT('',(-7.4,-4.649999999997,-35.15));
#3521 = DIRECTION('',(0.,-0.707106781187,-0.707106781187));
#3522 = DIRECTION('',(-1.,-0.,-0.));
#3523 = DEFINITIONAL_REPRESENTATION('',(#3524),#3528);
#3524 = LINE('',#3525,#3526);
#3525 = CARTESIAN_POINT('',(-0.,1.06066017178));
#3526 = VECTOR('',#3527,1.);
#3527 = DIRECTION('',(-1.,0.));
#3528 = ( GEOMETRIC_REPRESENTATION_CONTEXT(2) 
PARAMETRIC_REPRESENTATION_CONTEXT() REPRESENTATION_CONTEXT('2D SPACE',''
  ) );
#3529 = ORIENTED_EDGE('',*,*,#3530,.T.);
#3530 = EDGE_CURVE('',#3503,#3531,#3533,.T.);
#3531 = VERTEX_POINT('',#3532);
#3532 = CARTESIAN_POINT('',(105.9,-2.400000000003,-35.9));
#3533 = SURFACE_CURVE('',#3534,(#3539,#3546),.PCURVE_S1.);
#3534 = CIRCLE('',#3535,1.5);
#3535 = AXIS2_PLACEMENT_3D('',#3536,#3537,#3538);
#3536 = CARTESIAN_POINT('',(104.4,-2.400000000003,-35.9));
#3537 = DIRECTION('',(0.,0.,1.));
#3538 = DIRECTION('',(0.,-1.,0.));
#3539 = PCURVE('',#1105,#3540);
#3540 = DEFINITIONAL_REPRESENTATION('',(#3541),#3545);
#3541 = CIRCLE('',#3542,1.5);
#3542 = AXIS2_PLACEMENT_2D('',#3543,#3544);
#3543 = CARTESIAN_POINT('',(55.9,-40.89999999646));
#3544 = DIRECTION('',(0.,-1.));
#3545 = ( GEOMETRIC_REPRESENTATION_CONTEXT(2) 
PARAMETRIC_REPRESENTATION_CONTEXT() REPRESENTATION_CONTEXT('2D SPACE',''
  ) );
#3546 = PCURVE('',#3547,#3552);
#3547 = CONICAL_SURFACE('',#3548,3.,0.785398163397);
#3548 = AXIS2_PLACEMENT_3D('',#3549,#3550,#3551);
#3549 = CARTESIAN_POINT('',(104.4,-2.400000000003,-34.4));
#3550 = DIRECTION('',(0.,0.,1.));
#3551 = DIRECTION('',(0.,-1.,0.));
#3552 = DEFINITIONAL_REPRESENTATION('',(#3553),#3557);
#3553 = LINE('',#3554,#3555);
#3554 = CARTESIAN_POINT('',(0.,-1.5));
#3555 = VECTOR('',#3556,1.);
#3556 = DIRECTION('',(1.,-0.));
#3557 = ( GEOMETRIC_REPRESENTATION_CONTEXT(2) 
PARAMETRIC_REPRESENTATION_CONTEXT() REPRESENTATION_CONTEXT('2D SPACE',''
  ) );
#3558 = ORIENTED_EDGE('',*,*,#3559,.T.);
#3559 = EDGE_CURVE('',#3531,#3560,#3562,.T.);
#3560 = VERTEX_POINT('',#3561);
#3561 = CARTESIAN_POINT('',(105.9,79.399999984253,-35.9));
#3562 = SURFACE_CURVE('',#3563,(#3567,#3574),.PCURVE_S1.);
#3563 = LINE('',#3564,#3565);
#3564 = CARTESIAN_POINT('',(105.9,-2.400000000003,-35.9));
#3565 = VECTOR('',#3566,1.);
#3566 = DIRECTION('',(0.,1.,0.));
#3567 = PCURVE('',#1105,#3568);
#3568 = DEFINITIONAL_REPRESENTATION('',(#3569),#3573);
#3569 = LINE('',#3570,#3571);
#3570 = CARTESIAN_POINT('',(57.4,-40.89999999646));
#3571 = VECTOR('',#3572,1.);
#3572 = DIRECTION('',(0.,1.));
#3573 = ( GEOMETRIC_REPRESENTATION_CONTEXT(2) 
PARAMETRIC_REPRESENTATION_CONTEXT() REPRESENTATION_CONTEXT('2D SPACE',''
  ) );
#3574 = PCURVE('',#3575,#3580);
#3575 = PLANE('',#3576);
#3576 = AXIS2_PLACEMENT_3D('',#3577,#3578,#3579);
#3577 = CARTESIAN_POINT('',(106.65,-2.400000000003,-35.15));
#3578 = DIRECTION('',(0.707106781187,0.,-0.707106781187));
#3579 = DIRECTION('',(-0.,-1.,-0.));
#3580 = DEFINITIONAL_REPRESENTATION('',(#3581),#3585);
#3581 = LINE('',#3582,#3583);
#3582 = CARTESIAN_POINT('',(-0.,1.06066017178));
#3583 = VECTOR('',#3584,1.);
#3584 = DIRECTION('',(-1.,0.));
#3585 = ( GEOMETRIC_REPRESENTATION_CONTEXT(2) 
PARAMETRIC_REPRESENTATION_CONTEXT() REPRESENTATION_CONTEXT('2D SPACE',''
  ) );
#3586 = ORIENTED_EDGE('',*,*,#3587,.T.);
#3587 = EDGE_CURVE('',#3560,#3588,#3590,.T.);
#3588 = VERTEX_POINT('',#3589);
#3589 = CARTESIAN_POINT('',(104.4,80.899999984253,-35.9));
#3590 = SURFACE_CURVE('',#3591,(#3596,#3603),.PCURVE_S1.);
#3591 = CIRCLE('',#3592,1.5);
#3592 = AXIS2_PLACEMENT_3D('',#3593,#3594,#3595);
#3593 = CARTESIAN_POINT('',(104.4,79.399999984253,-35.9));
#3594 = DIRECTION('',(0.,0.,1.));
#3595 = DIRECTION('',(1.,0.,-0.));
#3596 = PCURVE('',#1105,#3597);
#3597 = DEFINITIONAL_REPRESENTATION('',(#3598),#3602);
#3598 = CIRCLE('',#3599,1.5);
#3599 = AXIS2_PLACEMENT_2D('',#3600,#3601);
#3600 = CARTESIAN_POINT('',(55.9,40.899999987788));
#3601 = DIRECTION('',(1.,0.));
#3602 = ( GEOMETRIC_REPRESENTATION_CONTEXT(2) 
PARAMETRIC_REPRESENTATION_CONTEXT() REPRESENTATION_CONTEXT('2D SPACE',''
  ) );
#3603 = PCURVE('',#3604,#3609);
#3604 = CONICAL_SURFACE('',#3605,3.,0.785398163397);
#3605 = AXIS2_PLACEMENT_3D('',#3606,#3607,#3608);
#3606 = CARTESIAN_POINT('',(104.4,79.399999984253,-34.4));
#3607 = DIRECTION('',(0.,0.,1.));
#3608 = DIRECTION('',(1.,0.,-0.));
#3609 = DEFINITIONAL_REPRESENTATION('',(#3610),#3614);
#3610 = LINE('',#3611,#3612);
#3611 = CARTESIAN_POINT('',(0.,-1.5));
#3612 = VECTOR('',#3613,1.);
#3613 = DIRECTION('',(1.,-0.));
#3614 = ( GEOMETRIC_REPRESENTATION_CONTEXT(2) 
PARAMETRIC_REPRESENTATION_CONTEXT() REPRESENTATION_CONTEXT('2D SPACE',''
  ) );
#3615 = ORIENTED_EDGE('',*,*,#3616,.T.);
#3616 = EDGE_CURVE('',#3588,#3453,#3617,.T.);
#3617 = SURFACE_CURVE('',#3618,(#3622,#3629),.PCURVE_S1.);
#3618 = LINE('',#3619,#3620);
#3619 = CARTESIAN_POINT('',(104.4,80.900000000003,-35.9));
#3620 = VECTOR('',#3621,1.);
#3621 = DIRECTION('',(-1.,-0.,-0.));
#3622 = PCURVE('',#1105,#3623);
#3623 = DEFINITIONAL_REPRESENTATION('',(#3624),#3628);
#3624 = LINE('',#3625,#3626);
#3625 = CARTESIAN_POINT('',(55.9,42.400000003538));
#3626 = VECTOR('',#3627,1.);
#3627 = DIRECTION('',(-1.,0.));
#3628 = ( GEOMETRIC_REPRESENTATION_CONTEXT(2) 
PARAMETRIC_REPRESENTATION_CONTEXT() REPRESENTATION_CONTEXT('2D SPACE',''
  ) );
#3629 = PCURVE('',#3437,#3630);
#3630 = DEFINITIONAL_REPRESENTATION('',(#3631),#3635);
#3631 = LINE('',#3632,#3633);
#3632 = CARTESIAN_POINT('',(0.,1.06066017178));
#3633 = VECTOR('',#3634,1.);
#3634 = DIRECTION('',(1.,0.));
#3635 = ( GEOMETRIC_REPRESENTATION_CONTEXT(2) 
PARAMETRIC_REPRESENTATION_CONTEXT() REPRESENTATION_CONTEXT('2D SPACE',''
  ) );
#3636 = ORIENTED_EDGE('',*,*,#3475,.T.);
#3637 = ORIENTED_EDGE('',*,*,#1091,.T.);
#3638 = ORIENTED_EDGE('',*,*,#3639,.T.);
#3639 = EDGE_CURVE('',#1066,#3501,#3640,.T.);
#3640 = SURFACE_CURVE('',#3641,(#3646,#3653),.PCURVE_S1.);
#3641 = CIRCLE('',#3642,1.5);
#3642 = AXIS2_PLACEMENT_3D('',#3643,#3644,#3645);
#3643 = CARTESIAN_POINT('',(-7.4,-2.400000000003,-35.9));
#3644 = DIRECTION('',(0.,0.,1.));
#3645 = DIRECTION('',(-1.,0.,0.));
#3646 = PCURVE('',#1105,#3647);
#3647 = DEFINITIONAL_REPRESENTATION('',(#3648),#3652);
#3648 = CIRCLE('',#3649,1.5);
#3649 = AXIS2_PLACEMENT_2D('',#3650,#3651);
#3650 = CARTESIAN_POINT('',(-55.9,-40.89999999646));
#3651 = DIRECTION('',(-1.,0.));
#3652 = ( GEOMETRIC_REPRESENTATION_CONTEXT(2) 
PARAMETRIC_REPRESENTATION_CONTEXT() REPRESENTATION_CONTEXT('2D SPACE',''
  ) );
#3653 = PCURVE('',#1080,#3654);
#3654 = DEFINITIONAL_REPRESENTATION('',(#3655),#3659);
#3655 = LINE('',#3656,#3657);
#3656 = CARTESIAN_POINT('',(0.,-1.5));
#3657 = VECTOR('',#3658,1.);
#3658 = DIRECTION('',(1.,-0.));
#3659 = ( GEOMETRIC_REPRESENTATION_CONTEXT(2) 
PARAMETRIC_REPRESENTATION_CONTEXT() REPRESENTATION_CONTEXT('2D SPACE',''
  ) );
#3660 = FACE_BOUND('',#3661,.F.);
#3661 = EDGE_LOOP('',(#3662));
#3662 = ORIENTED_EDGE('',*,*,#3663,.F.);
#3663 = EDGE_CURVE('',#3664,#3664,#3666,.T.);
#3664 = VERTEX_POINT('',#3665);
#3665 = CARTESIAN_POINT('',(64.,62.,-35.9));
#3666 = SURFACE_CURVE('',#3667,(#3672,#3679),.PCURVE_S1.);
#3667 = CIRCLE('',#3668,4.);
#3668 = AXIS2_PLACEMENT_3D('',#3669,#3670,#3671);
#3669 = CARTESIAN_POINT('',(60.,62.,-35.9));
#3670 = DIRECTION('',(0.,0.,1.));
#3671 = DIRECTION('',(1.,0.,-0.));
#3672 = PCURVE('',#1105,#3673);
#3673 = DEFINITIONAL_REPRESENTATION('',(#3674),#3678);
#3674 = CIRCLE('',#3675,4.);
#3675 = AXIS2_PLACEMENT_2D('',#3676,#3677);
#3676 = CARTESIAN_POINT('',(11.5,23.500000003534));
#3677 = DIRECTION('',(1.,0.));
#3678 = ( GEOMETRIC_REPRESENTATION_CONTEXT(2) 
PARAMETRIC_REPRESENTATION_CONTEXT() REPRESENTATION_CONTEXT('2D SPACE',''
  ) );
#3679 = PCURVE('',#3680,#3685);
#3680 = CYLINDRICAL_SURFACE('',#3681,4.);
#3681 = AXIS2_PLACEMENT_3D('',#3682,#3683,#3684);
#3682 = CARTESIAN_POINT('',(60.,62.,-35.91));
#3683 = DIRECTION('',(0.,0.,1.));
#3684 = DIRECTION('',(1.,0.,-0.));
#3685 = DEFINITIONAL_REPRESENTATION('',(#3686),#3690);
#3686 = LINE('',#3687,#3688);
#3687 = CARTESIAN_POINT('',(0.,9.999999999998E-03));
#3688 = VECTOR('',#3689,1.);
#3689 = DIRECTION('',(1.,0.));
#3690 = ( GEOMETRIC_REPRESENTATION_CONTEXT(2) 
PARAMETRIC_REPRESENTATION_CONTEXT() REPRESENTATION_CONTEXT('2D SPACE',''
  ) );
#3691 = ADVANCED_FACE('',(#3692),#1080,.T.);
#3692 = FACE_BOUND('',#3693,.F.);
#3693 = EDGE_LOOP('',(#3694,#3695,#3696,#3715));
#3694 = ORIENTED_EDGE('',*,*,#1065,.F.);
#3695 = ORIENTED_EDGE('',*,*,#1121,.T.);
#3696 = ORIENTED_EDGE('',*,*,#3697,.T.);
#3697 = EDGE_CURVE('',#1122,#3501,#3698,.T.);
#3698 = SURFACE_CURVE('',#3699,(#3703,#3709),.PCURVE_S1.);
#3699 = LINE('',#3700,#3701);
#3700 = CARTESIAN_POINT('',(-7.4,-4.649999999997,-35.15));
#3701 = VECTOR('',#3702,1.);
#3702 = DIRECTION('',(-0.,0.707106781187,-0.707106781187));
#3703 = PCURVE('',#1080,#3704);
#3704 = DEFINITIONAL_REPRESENTATION('',(#3705),#3708);
#3705 = B_SPLINE_CURVE_WITH_KNOTS('',1,(#3706,#3707),.UNSPECIFIED.,.F.,
  .F.,(2,2),(-1.06066017178,1.06066017178),.PIECEWISE_BEZIER_KNOTS.);
#3706 = CARTESIAN_POINT('',(1.570796326795,0.));
#3707 = CARTESIAN_POINT('',(1.570796326795,-1.5));
#3708 = ( GEOMETRIC_REPRESENTATION_CONTEXT(2) 
PARAMETRIC_REPRESENTATION_CONTEXT() REPRESENTATION_CONTEXT('2D SPACE',''
  ) );
#3709 = PCURVE('',#3518,#3710);
#3710 = DEFINITIONAL_REPRESENTATION('',(#3711),#3714);
#3711 = B_SPLINE_CURVE_WITH_KNOTS('',1,(#3712,#3713),.UNSPECIFIED.,.F.,
  .F.,(2,2),(-1.06066017178,1.06066017178),.PIECEWISE_BEZIER_KNOTS.);
#3712 = CARTESIAN_POINT('',(0.,-1.06066017178));
#3713 = CARTESIAN_POINT('',(0.,1.06066017178));
#3714 = ( GEOMETRIC_REPRESENTATION_CONTEXT(2) 
PARAMETRIC_REPRESENTATION_CONTEXT() REPRESENTATION_CONTEXT('2D SPACE',''
  ) );
#3715 = ORIENTED_EDGE('',*,*,#3639,.F.);
#3716 = ADVANCED_FACE('',(#3717),#1167,.T.);
#3717 = FACE_BOUND('',#3718,.F.);
#3718 = EDGE_LOOP('',(#3719,#3720,#3721,#3742,#3768,#3787,#3788,#3809));
#3719 = ORIENTED_EDGE('',*,*,#1155,.F.);
#3720 = ORIENTED_EDGE('',*,*,#2886,.T.);
#3721 = ORIENTED_EDGE('',*,*,#3722,.T.);
#3722 = EDGE_CURVE('',#2887,#3723,#3725,.T.);
#3723 = VERTEX_POINT('',#3724);
#3724 = CARTESIAN_POINT('',(59.4,-4.902943725149,-34.1));
#3725 = SURFACE_CURVE('',#3726,(#3730,#3736),.PCURVE_S1.);
#3726 = LINE('',#3727,#3728);
#3727 = CARTESIAN_POINT('',(59.4,-5.288819446213,-33.16841360081));
#3728 = VECTOR('',#3729,1.);
#3729 = DIRECTION('',(-0.,0.382683432365,-0.923879532511));
#3730 = PCURVE('',#1167,#3731);
#3731 = DEFINITIONAL_REPRESENTATION('',(#3732),#3735);
#3732 = B_SPLINE_CURVE_WITH_KNOTS('',1,(#3733,#3734),.UNSPECIFIED.,.F.,
  .F.,(2,2),(-0.290528787977,1.008341852374),.PIECEWISE_BEZIER_KNOTS.);
#3733 = CARTESIAN_POINT('',(-66.8,-1.385819298767));
#3734 = CARTESIAN_POINT('',(-66.8,-8.694865841605E-02));
#3735 = ( GEOMETRIC_REPRESENTATION_CONTEXT(2) 
PARAMETRIC_REPRESENTATION_CONTEXT() REPRESENTATION_CONTEXT('2D SPACE',''
  ) );
#3736 = PCURVE('',#3067,#3737);
#3737 = DEFINITIONAL_REPRESENTATION('',(#3738),#3741);
#3738 = B_SPLINE_CURVE_WITH_KNOTS('',1,(#3739,#3740),.UNSPECIFIED.,.F.,
  .F.,(2,2),(-0.290528787977,1.008341852374),.PIECEWISE_BEZIER_KNOTS.);
#3739 = CARTESIAN_POINT('',(1.2,-5.000000000003));
#3740 = CARTESIAN_POINT('',(-1.110223024625E-16,-5.497056274851));
#3741 = ( GEOMETRIC_REPRESENTATION_CONTEXT(2) 
PARAMETRIC_REPRESENTATION_CONTEXT() REPRESENTATION_CONTEXT('2D SPACE',''
  ) );
#3742 = ORIENTED_EDGE('',*,*,#3743,.T.);
#3743 = EDGE_CURVE('',#3723,#3744,#3746,.T.);
#3744 = VERTEX_POINT('',#3745);
#3745 = CARTESIAN_POINT('',(68.6,-4.902943725149,-34.1));
#3746 = SURFACE_CURVE('',#3747,(#3751,#3757),.PCURVE_S1.);
#3747 = LINE('',#3748,#3749);
#3748 = CARTESIAN_POINT('',(26.,-4.902943725149,-34.1));
#3749 = VECTOR('',#3750,1.);
#3750 = DIRECTION('',(1.,0.,-0.));
#3751 = PCURVE('',#1167,#3752);
#3752 = DEFINITIONAL_REPRESENTATION('',(#3753),#3756);
#3753 = B_SPLINE_CURVE_WITH_KNOTS('',1,(#3754,#3755),.UNSPECIFIED.,.F.,
  .F.,(2,2),(33.4,42.6),.PIECEWISE_BEZIER_KNOTS.);
#3754 = CARTESIAN_POINT('',(-66.8,-8.694865841605E-02));
#3755 = CARTESIAN_POINT('',(-76.,-8.694865841605E-02));
#3756 = ( GEOMETRIC_REPRESENTATION_CONTEXT(2) 
PARAMETRIC_REPRESENTATION_CONTEXT() REPRESENTATION_CONTEXT('2D SPACE',''
  ) );
#3757 = PCURVE('',#3758,#3763);
#3758 = PLANE('',#3759);
#3759 = AXIS2_PLACEMENT_3D('',#3760,#3761,#3762);
#3760 = CARTESIAN_POINT('',(59.4,-10.4,-34.1));
#3761 = DIRECTION('',(0.,0.,1.));
#3762 = DIRECTION('',(1.,0.,-0.));
#3763 = DEFINITIONAL_REPRESENTATION('',(#3764),#3767);
#3764 = B_SPLINE_CURVE_WITH_KNOTS('',1,(#3765,#3766),.UNSPECIFIED.,.F.,
  .F.,(2,2),(33.4,42.6),.PIECEWISE_BEZIER_KNOTS.);
#3765 = CARTESIAN_POINT('',(0.,5.497056274851));
#3766 = CARTESIAN_POINT('',(9.2,5.497056274851));
#3767 = ( GEOMETRIC_REPRESENTATION_CONTEXT(2) 
PARAMETRIC_REPRESENTATION_CONTEXT() REPRESENTATION_CONTEXT('2D SPACE',''
  ) );
#3768 = ORIENTED_EDGE('',*,*,#3769,.F.);
#3769 = EDGE_CURVE('',#2980,#3744,#3770,.T.);
#3770 = SURFACE_CURVE('',#3771,(#3775,#3781),.PCURVE_S1.);
#3771 = LINE('',#3772,#3773);
#3772 = CARTESIAN_POINT('',(68.6,-5.288819446213,-33.16841360081));
#3773 = VECTOR('',#3774,1.);
#3774 = DIRECTION('',(-0.,0.382683432365,-0.923879532511));
#3775 = PCURVE('',#1167,#3776);
#3776 = DEFINITIONAL_REPRESENTATION('',(#3777),#3780);
#3777 = B_SPLINE_CURVE_WITH_KNOTS('',1,(#3778,#3779),.UNSPECIFIED.,.F.,
  .F.,(2,2),(-0.290528787977,1.008341852374),.PIECEWISE_BEZIER_KNOTS.);
#3778 = CARTESIAN_POINT('',(-76.,-1.385819298767));
#3779 = CARTESIAN_POINT('',(-76.,-8.694865841605E-02));
#3780 = ( GEOMETRIC_REPRESENTATION_CONTEXT(2) 
PARAMETRIC_REPRESENTATION_CONTEXT() REPRESENTATION_CONTEXT('2D SPACE',''
  ) );
#3781 = PCURVE('',#3017,#3782);
#3782 = DEFINITIONAL_REPRESENTATION('',(#3783),#3786);
#3783 = B_SPLINE_CURVE_WITH_KNOTS('',1,(#3784,#3785),.UNSPECIFIED.,.F.,
  .F.,(2,2),(-0.290528787977,1.008341852374),.PIECEWISE_BEZIER_KNOTS.);
#3784 = CARTESIAN_POINT('',(1.2,-5.000000000003));
#3785 = CARTESIAN_POINT('',(-1.110223024625E-16,-5.497056274851));
#3786 = ( GEOMETRIC_REPRESENTATION_CONTEXT(2) 
PARAMETRIC_REPRESENTATION_CONTEXT() REPRESENTATION_CONTEXT('2D SPACE',''
  ) );
#3787 = ORIENTED_EDGE('',*,*,#2979,.T.);
#3788 = ORIENTED_EDGE('',*,*,#3789,.T.);
#3789 = EDGE_CURVE('',#2814,#3790,#3792,.T.);
#3790 = VERTEX_POINT('',#3791);
#3791 = CARTESIAN_POINT('',(104.4,-4.339339828217,-35.46066017178));
#3792 = SURFACE_CURVE('',#3793,(#3797,#3803),.PCURVE_S1.);
#3793 = LINE('',#3794,#3795);
#3794 = CARTESIAN_POINT('',(104.4,-4.869669914107,-34.18033008589));
#3795 = VECTOR('',#3796,1.);
#3796 = DIRECTION('',(-0.,0.382683432365,-0.923879532511));
#3797 = PCURVE('',#1167,#3798);
#3798 = DEFINITIONAL_REPRESENTATION('',(#3799),#3802);
#3799 = B_SPLINE_CURVE_WITH_KNOTS('',1,(#3800,#3801),.UNSPECIFIED.,.F.,
  .F.,(2,2),(-1.385819298767,1.385819298767),.PIECEWISE_BEZIER_KNOTS.);
#3800 = CARTESIAN_POINT('',(-111.8,-1.385819298767));
#3801 = CARTESIAN_POINT('',(-111.8,1.385819298767));
#3802 = ( GEOMETRIC_REPRESENTATION_CONTEXT(2) 
PARAMETRIC_REPRESENTATION_CONTEXT() REPRESENTATION_CONTEXT('2D SPACE',''
  ) );
#3803 = PCURVE('',#2838,#3804);
#3804 = DEFINITIONAL_REPRESENTATION('',(#3805),#3808);
#3805 = B_SPLINE_CURVE_WITH_KNOTS('',1,(#3806,#3807),.UNSPECIFIED.,.F.,
  .F.,(2,2),(-1.385819298767,1.385819298767),.PIECEWISE_BEZIER_KNOTS.);
#3806 = CARTESIAN_POINT('',(0.,314.82477794502));
#3807 = CARTESIAN_POINT('',(4.712388980385,314.82477794502));
#3808 = ( GEOMETRIC_REPRESENTATION_CONTEXT(2) 
PARAMETRIC_REPRESENTATION_CONTEXT() REPRESENTATION_CONTEXT('2D SPACE',''
  ) );
#3809 = ORIENTED_EDGE('',*,*,#3810,.F.);
#3810 = EDGE_CURVE('',#1122,#3790,#3811,.T.);
#3811 = SURFACE_CURVE('',#3812,(#3816,#3823),.PCURVE_S1.);
#3812 = LINE('',#3813,#3814);
#3813 = CARTESIAN_POINT('',(-7.4,-4.339339828217,-35.46066017178));
#3814 = VECTOR('',#3815,1.);
#3815 = DIRECTION('',(1.,0.,0.));
#3816 = PCURVE('',#1167,#3817);
#3817 = DEFINITIONAL_REPRESENTATION('',(#3818),#3822);
#3818 = LINE('',#3819,#3820);
#3819 = CARTESIAN_POINT('',(-0.,1.385819298767));
#3820 = VECTOR('',#3821,1.);
#3821 = DIRECTION('',(-1.,0.));
#3822 = ( GEOMETRIC_REPRESENTATION_CONTEXT(2) 
PARAMETRIC_REPRESENTATION_CONTEXT() REPRESENTATION_CONTEXT('2D SPACE',''
  ) );
#3823 = PCURVE('',#3518,#3824);
#3824 = DEFINITIONAL_REPRESENTATION('',(#3825),#3829);
#3825 = LINE('',#3826,#3827);
#3826 = CARTESIAN_POINT('',(-0.,0.43933982822));
#3827 = VECTOR('',#3828,1.);
#3828 = DIRECTION('',(-1.,0.));
#3829 = ( GEOMETRIC_REPRESENTATION_CONTEXT(2) 
PARAMETRIC_REPRESENTATION_CONTEXT() REPRESENTATION_CONTEXT('2D SPACE',''
  ) );
#3830 = ADVANCED_FACE('',(#3831),#1199,.T.);
#3831 = FACE_BOUND('',#3832,.T.);
#3832 = EDGE_LOOP('',(#3833,#3854,#3855,#3856));
#3833 = ORIENTED_EDGE('',*,*,#3834,.F.);
#3834 = EDGE_CURVE('',#1184,#3835,#3837,.T.);
#3835 = VERTEX_POINT('',#3836);
#3836 = CARTESIAN_POINT('',(104.4,81.339339828224,40.81066017178));
#3837 = SURFACE_CURVE('',#3838,(#3842,#3848),.PCURVE_S1.);
#3838 = LINE('',#3839,#3840);
#3839 = CARTESIAN_POINT('',(104.4,81.869669914113,39.53033008589));
#3840 = VECTOR('',#3841,1.);
#3841 = DIRECTION('',(-7.703719777549E-34,-0.382683432365,0.923879532511
    ));
#3842 = PCURVE('',#1199,#3843);
#3843 = DEFINITIONAL_REPRESENTATION('',(#3844),#3847);
#3844 = B_SPLINE_CURVE_WITH_KNOTS('',1,(#3845,#3846),.UNSPECIFIED.,.F.,
  .F.,(2,2),(-1.385819298767,1.385819298767),.PIECEWISE_BEZIER_KNOTS.);
#3845 = CARTESIAN_POINT('',(-1.42108547152E-14,-1.385819298767));
#3846 = CARTESIAN_POINT('',(-1.42108547152E-14,1.385819298767));
#3847 = ( GEOMETRIC_REPRESENTATION_CONTEXT(2) 
PARAMETRIC_REPRESENTATION_CONTEXT() REPRESENTATION_CONTEXT('2D SPACE',''
  ) );
#3848 = PCURVE('',#1539,#3849);
#3849 = DEFINITIONAL_REPRESENTATION('',(#3850),#3853);
#3850 = B_SPLINE_CURVE_WITH_KNOTS('',1,(#3851,#3852),.UNSPECIFIED.,.F.,
  .F.,(2,2),(-1.385819298767,1.385819298767),.PIECEWISE_BEZIER_KNOTS.);
#3851 = CARTESIAN_POINT('',(0.,406.04955589005));
#3852 = CARTESIAN_POINT('',(4.712388980385,406.04955589005));
#3853 = ( GEOMETRIC_REPRESENTATION_CONTEXT(2) 
PARAMETRIC_REPRESENTATION_CONTEXT() REPRESENTATION_CONTEXT('2D SPACE',''
  ) );
#3854 = ORIENTED_EDGE('',*,*,#1183,.T.);
#3855 = ORIENTED_EDGE('',*,*,#1259,.T.);
#3856 = ORIENTED_EDGE('',*,*,#3857,.F.);
#3857 = EDGE_CURVE('',#3835,#1260,#3858,.T.);
#3858 = SURFACE_CURVE('',#3859,(#3863,#3870),.PCURVE_S1.);
#3859 = LINE('',#3860,#3861);
#3860 = CARTESIAN_POINT('',(104.4,81.339339828224,40.81066017178));
#3861 = VECTOR('',#3862,1.);
#3862 = DIRECTION('',(-1.,-0.,-0.));
#3863 = PCURVE('',#1199,#3864);
#3864 = DEFINITIONAL_REPRESENTATION('',(#3865),#3869);
#3865 = LINE('',#3866,#3867);
#3866 = CARTESIAN_POINT('',(0.,1.385819298767));
#3867 = VECTOR('',#3868,1.);
#3868 = DIRECTION('',(1.,0.));
#3869 = ( GEOMETRIC_REPRESENTATION_CONTEXT(2) 
PARAMETRIC_REPRESENTATION_CONTEXT() REPRESENTATION_CONTEXT('2D SPACE',''
  ) );
#3870 = PCURVE('',#3871,#3876);
#3871 = PLANE('',#3872);
#3872 = AXIS2_PLACEMENT_3D('',#3873,#3874,#3875);
#3873 = CARTESIAN_POINT('',(104.4,81.650000000003,40.5));
#3874 = DIRECTION('',(0.,0.707106781187,0.707106781187));
#3875 = DIRECTION('',(-1.,0.,0.));
#3876 = DEFINITIONAL_REPRESENTATION('',(#3877),#3881);
#3877 = LINE('',#3878,#3879);
#3878 = CARTESIAN_POINT('',(1.42108547152E-14,0.43933982822));
#3879 = VECTOR('',#3880,1.);
#3880 = DIRECTION('',(1.,0.));
#3881 = ( GEOMETRIC_REPRESENTATION_CONTEXT(2) 
PARAMETRIC_REPRESENTATION_CONTEXT() REPRESENTATION_CONTEXT('2D SPACE',''
  ) );
#3882 = ADVANCED_FACE('',(#3883),#1300,.T.);
#3883 = FACE_BOUND('',#3884,.T.);
#3884 = EDGE_LOOP('',(#3885,#3906,#3907,#3908));
#3885 = ORIENTED_EDGE('',*,*,#3886,.F.);
#3886 = EDGE_CURVE('',#1260,#3887,#3889,.T.);
#3887 = VERTEX_POINT('',#3888);
#3888 = CARTESIAN_POINT('',(-7.4,80.900000000003,41.25));
#3889 = SURFACE_CURVE('',#3890,(#3894,#3900),.PCURVE_S1.);
#3890 = LINE('',#3891,#3892);
#3891 = CARTESIAN_POINT('',(-7.4,81.650000000003,40.5));
#3892 = VECTOR('',#3893,1.);
#3893 = DIRECTION('',(0.,-0.707106781187,0.707106781187));
#3894 = PCURVE('',#1300,#3895);
#3895 = DEFINITIONAL_REPRESENTATION('',(#3896),#3899);
#3896 = B_SPLINE_CURVE_WITH_KNOTS('',1,(#3897,#3898),.UNSPECIFIED.,.F.,
  .F.,(2,2),(-1.06066017178,1.06066017178),.PIECEWISE_BEZIER_KNOTS.);
#3897 = CARTESIAN_POINT('',(0.,0.));
#3898 = CARTESIAN_POINT('',(0.,-1.5));
#3899 = ( GEOMETRIC_REPRESENTATION_CONTEXT(2) 
PARAMETRIC_REPRESENTATION_CONTEXT() REPRESENTATION_CONTEXT('2D SPACE',''
  ) );
#3900 = PCURVE('',#3871,#3901);
#3901 = DEFINITIONAL_REPRESENTATION('',(#3902),#3905);
#3902 = B_SPLINE_CURVE_WITH_KNOTS('',1,(#3903,#3904),.UNSPECIFIED.,.F.,
  .F.,(2,2),(-1.06066017178,1.06066017178),.PIECEWISE_BEZIER_KNOTS.);
#3903 = CARTESIAN_POINT('',(111.8,-1.06066017178));
#3904 = CARTESIAN_POINT('',(111.8,1.06066017178));
#3905 = ( GEOMETRIC_REPRESENTATION_CONTEXT(2) 
PARAMETRIC_REPRESENTATION_CONTEXT() REPRESENTATION_CONTEXT('2D SPACE',''
  ) );
#3906 = ORIENTED_EDGE('',*,*,#1280,.T.);
#3907 = ORIENTED_EDGE('',*,*,#1408,.F.);
#3908 = ORIENTED_EDGE('',*,*,#3909,.F.);
#3909 = EDGE_CURVE('',#3887,#1409,#3910,.T.);
#3910 = SURFACE_CURVE('',#3911,(#3916,#3923),.PCURVE_S1.);
#3911 = CIRCLE('',#3912,1.5);
#3912 = AXIS2_PLACEMENT_3D('',#3913,#3914,#3915);
#3913 = CARTESIAN_POINT('',(-7.4,79.399999984253,41.25));
#3914 = DIRECTION('',(0.,0.,1.));
#3915 = DIRECTION('',(0.,1.,-0.));
#3916 = PCURVE('',#1300,#3917);
#3917 = DEFINITIONAL_REPRESENTATION('',(#3918),#3922);
#3918 = LINE('',#3919,#3920);
#3919 = CARTESIAN_POINT('',(-0.,-1.5));
#3920 = VECTOR('',#3921,1.);
#3921 = DIRECTION('',(-1.,-0.));
#3922 = ( GEOMETRIC_REPRESENTATION_CONTEXT(2) 
PARAMETRIC_REPRESENTATION_CONTEXT() REPRESENTATION_CONTEXT('2D SPACE',''
  ) );
#3923 = PCURVE('',#1451,#3924);
#3924 = DEFINITIONAL_REPRESENTATION('',(#3925),#3929);
#3925 = CIRCLE('',#3926,1.5);
#3926 = AXIS2_PLACEMENT_2D('',#3927,#3928);
#3927 = CARTESIAN_POINT('',(-55.9,40.899999987788));
#3928 = DIRECTION('',(0.,1.));
#3929 = ( GEOMETRIC_REPRESENTATION_CONTEXT(2) 
PARAMETRIC_REPRESENTATION_CONTEXT() REPRESENTATION_CONTEXT('2D SPACE',''
  ) );
#3930 = ADVANCED_FACE('',(#3931),#1539,.F.);
#3931 = FACE_BOUND('',#3932,.F.);
#3932 = EDGE_LOOP('',(#3933,#3934,#3935,#3967));
#3933 = ORIENTED_EDGE('',*,*,#2702,.F.);
#3934 = ORIENTED_EDGE('',*,*,#1495,.F.);
#3935 = ORIENTED_EDGE('',*,*,#3936,.T.);
#3936 = EDGE_CURVE('',#1464,#3835,#3937,.T.);
#3937 = SURFACE_CURVE('',#3938,(#3946,#3953),.PCURVE_S1.);
#3938 = B_SPLINE_CURVE_WITH_KNOTS('',6,(#3939,#3940,#3941,#3942,#3943,
    #3944,#3945),.UNSPECIFIED.,.F.,.F.,(7,7),(401.33716690966,
    406.04955589005),.PIECEWISE_BEZIER_KNOTS.);
#3939 = CARTESIAN_POINT('',(106.33933982822,79.399999984253,
    40.81066017178));
#3940 = CARTESIAN_POINT('',(106.33933982822,79.907715639751,
    40.81066017178));
#3941 = CARTESIAN_POINT('',(106.17987363786,80.415396574396,
    40.810660171779));
#3942 = CARTESIAN_POINT('',(105.86068847466,80.860688458913,
    40.810660171781));
#3943 = CARTESIAN_POINT('',(105.41539659014,81.179873622114,
    40.810660171779));
#3944 = CARTESIAN_POINT('',(104.90771565549,81.339339812474,
    40.81066017178));
#3945 = CARTESIAN_POINT('',(104.4,81.339339812473,40.81066017178));
#3946 = PCURVE('',#1539,#3947);
#3947 = DEFINITIONAL_REPRESENTATION('',(#3948),#3952);
#3948 = LINE('',#3949,#3950);
#3949 = CARTESIAN_POINT('',(4.712388980385,0.));
#3950 = VECTOR('',#3951,1.);
#3951 = DIRECTION('',(0.,1.));
#3952 = ( GEOMETRIC_REPRESENTATION_CONTEXT(2) 
PARAMETRIC_REPRESENTATION_CONTEXT() REPRESENTATION_CONTEXT('2D SPACE',''
  ) );
#3953 = PCURVE('',#1480,#3954);
#3954 = DEFINITIONAL_REPRESENTATION('',(#3955),#3966);
#3955 = B_SPLINE_CURVE_WITH_KNOTS('',9,(#3956,#3957,#3958,#3959,#3960,
    #3961,#3962,#3963,#3964,#3965),.UNSPECIFIED.,.F.,.F.,(10,10),(
    401.33716690966,406.04955589005),.PIECEWISE_BEZIER_KNOTS.);
#3956 = CARTESIAN_POINT('',(7.216449660064E-15,-1.06066017178));
#3957 = CARTESIAN_POINT('',(-0.174532126211,-1.06066017178));
#3958 = CARTESIAN_POINT('',(-0.349056831434,-1.06066017178));
#3959 = CARTESIAN_POINT('',(-0.523603035017,-1.06066017178));
#3960 = CARTESIAN_POINT('',(-0.698153658392,-1.06066017178));
#3961 = CARTESIAN_POINT('',(-0.872642668403,-1.06066017178));
#3962 = CARTESIAN_POINT('',(-1.047193291778,-1.06066017178));
#3963 = CARTESIAN_POINT('',(-1.22173949536,-1.06066017178));
#3964 = CARTESIAN_POINT('',(-1.396264200584,-1.06066017178));
#3965 = CARTESIAN_POINT('',(-1.570796326795,-1.06066017178));
#3966 = ( GEOMETRIC_REPRESENTATION_CONTEXT(2) 
PARAMETRIC_REPRESENTATION_CONTEXT() REPRESENTATION_CONTEXT('2D SPACE',''
  ) );
#3967 = ORIENTED_EDGE('',*,*,#3834,.F.);
#3968 = ADVANCED_FACE('',(#3969),#1480,.T.);
#3969 = FACE_BOUND('',#3970,.T.);
#3970 = EDGE_LOOP('',(#3971,#3972,#3973,#3994));
#3971 = ORIENTED_EDGE('',*,*,#1463,.F.);
#3972 = ORIENTED_EDGE('',*,*,#3936,.T.);
#3973 = ORIENTED_EDGE('',*,*,#3974,.T.);
#3974 = EDGE_CURVE('',#3835,#3975,#3977,.T.);
#3975 = VERTEX_POINT('',#3976);
#3976 = CARTESIAN_POINT('',(104.4,80.899999984253,41.25));
#3977 = SURFACE_CURVE('',#3978,(#3982,#3988),.PCURVE_S1.);
#3978 = LINE('',#3979,#3980);
#3979 = CARTESIAN_POINT('',(104.4,82.399999984253,39.75));
#3980 = VECTOR('',#3981,1.);
#3981 = DIRECTION('',(-4.329780281177E-17,-0.707106781187,0.707106781187
    ));
#3982 = PCURVE('',#1480,#3983);
#3983 = DEFINITIONAL_REPRESENTATION('',(#3984),#3987);
#3984 = B_SPLINE_CURVE_WITH_KNOTS('',1,(#3985,#3986),.UNSPECIFIED.,.F.,
  .F.,(2,2),(0.,2.12132034356),.PIECEWISE_BEZIER_KNOTS.);
#3985 = CARTESIAN_POINT('',(-1.570796326795,0.));
#3986 = CARTESIAN_POINT('',(-1.570796326795,-1.5));
#3987 = ( GEOMETRIC_REPRESENTATION_CONTEXT(2) 
PARAMETRIC_REPRESENTATION_CONTEXT() REPRESENTATION_CONTEXT('2D SPACE',''
  ) );
#3988 = PCURVE('',#3871,#3989);
#3989 = DEFINITIONAL_REPRESENTATION('',(#3990),#3993);
#3990 = B_SPLINE_CURVE_WITH_KNOTS('',1,(#3991,#3992),.UNSPECIFIED.,.F.,
  .F.,(2,2),(0.,2.12132034356),.PIECEWISE_BEZIER_KNOTS.);
#3991 = CARTESIAN_POINT('',(1.42108547152E-14,-1.06066017178));
#3992 = CARTESIAN_POINT('',(1.42108547152E-14,1.06066017178));
#3993 = ( GEOMETRIC_REPRESENTATION_CONTEXT(2) 
PARAMETRIC_REPRESENTATION_CONTEXT() REPRESENTATION_CONTEXT('2D SPACE',''
  ) );
#3994 = ORIENTED_EDGE('',*,*,#3995,.F.);
#3995 = EDGE_CURVE('',#1436,#3975,#3996,.T.);
#3996 = SURFACE_CURVE('',#3997,(#4002,#4009),.PCURVE_S1.);
#3997 = CIRCLE('',#3998,1.5);
#3998 = AXIS2_PLACEMENT_3D('',#3999,#4000,#4001);
#3999 = CARTESIAN_POINT('',(104.4,79.399999984253,41.25));
#4000 = DIRECTION('',(0.,0.,1.));
#4001 = DIRECTION('',(1.,0.,-0.));
#4002 = PCURVE('',#1480,#4003);
#4003 = DEFINITIONAL_REPRESENTATION('',(#4004),#4008);
#4004 = LINE('',#4005,#4006);
#4005 = CARTESIAN_POINT('',(-0.,-1.5));
#4006 = VECTOR('',#4007,1.);
#4007 = DIRECTION('',(-1.,-0.));
#4008 = ( GEOMETRIC_REPRESENTATION_CONTEXT(2) 
PARAMETRIC_REPRESENTATION_CONTEXT() REPRESENTATION_CONTEXT('2D SPACE',''
  ) );
#4009 = PCURVE('',#1451,#4010);
#4010 = DEFINITIONAL_REPRESENTATION('',(#4011),#4015);
#4011 = CIRCLE('',#4012,1.5);
#4012 = AXIS2_PLACEMENT_2D('',#4013,#4014);
#4013 = CARTESIAN_POINT('',(55.9,40.899999987788));
#4014 = DIRECTION('',(1.,0.));
#4015 = ( GEOMETRIC_REPRESENTATION_CONTEXT(2) 
PARAMETRIC_REPRESENTATION_CONTEXT() REPRESENTATION_CONTEXT('2D SPACE',''
  ) );
#4016 = ADVANCED_FACE('',(#4017),#1451,.T.);
#4017 = FACE_BOUND('',#4018,.T.);
#4018 = EDGE_LOOP('',(#4019,#4020,#4021,#4022));
#4019 = ORIENTED_EDGE('',*,*,#3909,.T.);
#4020 = ORIENTED_EDGE('',*,*,#1435,.F.);
#4021 = ORIENTED_EDGE('',*,*,#3995,.T.);
#4022 = ORIENTED_EDGE('',*,*,#4023,.T.);
#4023 = EDGE_CURVE('',#3975,#3887,#4024,.T.);
#4024 = SURFACE_CURVE('',#4025,(#4029,#4036),.PCURVE_S1.);
#4025 = LINE('',#4026,#4027);
#4026 = CARTESIAN_POINT('',(104.4,80.900000000003,41.25));
#4027 = VECTOR('',#4028,1.);
#4028 = DIRECTION('',(-1.,-0.,-0.));
#4029 = PCURVE('',#1451,#4030);
#4030 = DEFINITIONAL_REPRESENTATION('',(#4031),#4035);
#4031 = LINE('',#4032,#4033);
#4032 = CARTESIAN_POINT('',(55.9,42.400000003538));
#4033 = VECTOR('',#4034,1.);
#4034 = DIRECTION('',(-1.,0.));
#4035 = ( GEOMETRIC_REPRESENTATION_CONTEXT(2) 
PARAMETRIC_REPRESENTATION_CONTEXT() REPRESENTATION_CONTEXT('2D SPACE',''
  ) );
#4036 = PCURVE('',#3871,#4037);
#4037 = DEFINITIONAL_REPRESENTATION('',(#4038),#4042);
#4038 = LINE('',#4039,#4040);
#4039 = CARTESIAN_POINT('',(0.,1.06066017178));
#4040 = VECTOR('',#4041,1.);
#4041 = DIRECTION('',(1.,0.));
#4042 = ( GEOMETRIC_REPRESENTATION_CONTEXT(2) 
PARAMETRIC_REPRESENTATION_CONTEXT() REPRESENTATION_CONTEXT('2D SPACE',''
  ) );
#4043 = ADVANCED_FACE('',(#4044),#1616,.T.);
#4044 = FACE_BOUND('',#4045,.T.);
#4045 = EDGE_LOOP('',(#4046,#4071,#4092,#4093));
#4046 = ORIENTED_EDGE('',*,*,#4047,.F.);
#4047 = EDGE_CURVE('',#4048,#4050,#4052,.T.);
#4048 = VERTEX_POINT('',#4049);
#4049 = CARTESIAN_POINT('',(107.4,77.5,27.25));
#4050 = VERTEX_POINT('',#4051);
#4051 = CARTESIAN_POINT('',(-10.4,77.5,27.25));
#4052 = SURFACE_CURVE('',#4053,(#4057,#4064),.PCURVE_S1.);
#4053 = LINE('',#4054,#4055);
#4054 = CARTESIAN_POINT('',(107.4,77.5,27.25));
#4055 = VECTOR('',#4056,1.);
#4056 = DIRECTION('',(-1.,0.,0.));
#4057 = PCURVE('',#1616,#4058);
#4058 = DEFINITIONAL_REPRESENTATION('',(#4059),#4063);
#4059 = LINE('',#4060,#4061);
#4060 = CARTESIAN_POINT('',(0.,-58.9));
#4061 = VECTOR('',#4062,1.);
#4062 = DIRECTION('',(0.,1.));
#4063 = ( GEOMETRIC_REPRESENTATION_CONTEXT(2) 
PARAMETRIC_REPRESENTATION_CONTEXT() REPRESENTATION_CONTEXT('2D SPACE',''
  ) );
#4064 = PCURVE('',#1877,#4065);
#4065 = DEFINITIONAL_REPRESENTATION('',(#4066),#4070);
#4066 = LINE('',#4067,#4068);
#4067 = CARTESIAN_POINT('',(0.848528137424,-58.9));
#4068 = VECTOR('',#4069,1.);
#4069 = DIRECTION('',(0.,1.));
#4070 = ( GEOMETRIC_REPRESENTATION_CONTEXT(2) 
PARAMETRIC_REPRESENTATION_CONTEXT() REPRESENTATION_CONTEXT('2D SPACE',''
  ) );
#4071 = ORIENTED_EDGE('',*,*,#4072,.T.);
#4072 = EDGE_CURVE('',#4048,#1601,#4073,.T.);
#4073 = SURFACE_CURVE('',#4074,(#4078,#4085),.PCURVE_S1.);
#4074 = LINE('',#4075,#4076);
#4075 = CARTESIAN_POINT('',(107.4,77.5,27.25));
#4076 = VECTOR('',#4077,1.);
#4077 = DIRECTION('',(0.,0.,1.));
#4078 = PCURVE('',#1616,#4079);
#4079 = DEFINITIONAL_REPRESENTATION('',(#4080),#4084);
#4080 = LINE('',#4081,#4082);
#4081 = CARTESIAN_POINT('',(0.,-58.9));
#4082 = VECTOR('',#4083,1.);
#4083 = DIRECTION('',(1.,0.));
#4084 = ( GEOMETRIC_REPRESENTATION_CONTEXT(2) 
PARAMETRIC_REPRESENTATION_CONTEXT() REPRESENTATION_CONTEXT('2D SPACE',''
  ) );
#4085 = PCURVE('',#1644,#4086);
#4086 = DEFINITIONAL_REPRESENTATION('',(#4087),#4091);
#4087 = LINE('',#4088,#4089);
#4088 = CARTESIAN_POINT('',(1.309459956318,-0.652418355748));
#4089 = VECTOR('',#4090,1.);
#4090 = DIRECTION('',(0.,1.));
#4091 = ( GEOMETRIC_REPRESENTATION_CONTEXT(2) 
PARAMETRIC_REPRESENTATION_CONTEXT() REPRESENTATION_CONTEXT('2D SPACE',''
  ) );
#4092 = ORIENTED_EDGE('',*,*,#1598,.F.);
#4093 = ORIENTED_EDGE('',*,*,#4094,.F.);
#4094 = EDGE_CURVE('',#4050,#1599,#4095,.T.);
#4095 = SURFACE_CURVE('',#4096,(#4100,#4107),.PCURVE_S1.);
#4096 = LINE('',#4097,#4098);
#4097 = CARTESIAN_POINT('',(-10.4,77.5,27.25));
#4098 = VECTOR('',#4099,1.);
#4099 = DIRECTION('',(0.,0.,1.));
#4100 = PCURVE('',#1616,#4101);
#4101 = DEFINITIONAL_REPRESENTATION('',(#4102),#4106);
#4102 = LINE('',#4103,#4104);
#4103 = CARTESIAN_POINT('',(0.,58.9));
#4104 = VECTOR('',#4105,1.);
#4105 = DIRECTION('',(1.,0.));
#4106 = ( GEOMETRIC_REPRESENTATION_CONTEXT(2) 
PARAMETRIC_REPRESENTATION_CONTEXT() REPRESENTATION_CONTEXT('2D SPACE',''
  ) );
#4107 = PCURVE('',#1749,#4108);
#4108 = DEFINITIONAL_REPRESENTATION('',(#4109),#4113);
#4109 = LINE('',#4110,#4111);
#4110 = CARTESIAN_POINT('',(1.309459956318,-0.652418355748));
#4111 = VECTOR('',#4112,1.);
#4112 = DIRECTION('',(0.,1.));
#4113 = ( GEOMETRIC_REPRESENTATION_CONTEXT(2) 
PARAMETRIC_REPRESENTATION_CONTEXT() REPRESENTATION_CONTEXT('2D SPACE',''
  ) );
#4114 = ADVANCED_FACE('',(#4115),#1749,.T.);
#4115 = FACE_BOUND('',#4116,.T.);
#4116 = EDGE_LOOP('',(#4117,#4118,#4139,#4140,#4141));
#4117 = ORIENTED_EDGE('',*,*,#1889,.T.);
#4118 = ORIENTED_EDGE('',*,*,#4119,.T.);
#4119 = EDGE_CURVE('',#1862,#4050,#4120,.T.);
#4120 = SURFACE_CURVE('',#4121,(#4125,#4132),.PCURVE_S1.);
#4121 = LINE('',#4122,#4123);
#4122 = CARTESIAN_POINT('',(-10.4,78.1,26.65));
#4123 = VECTOR('',#4124,1.);
#4124 = DIRECTION('',(0.,-0.707106781187,0.707106781187));
#4125 = PCURVE('',#1749,#4126);
#4126 = DEFINITIONAL_REPRESENTATION('',(#4127),#4131);
#4127 = LINE('',#4128,#4129);
#4128 = CARTESIAN_POINT('',(0.709459956318,-1.252418355748));
#4129 = VECTOR('',#4130,1.);
#4130 = DIRECTION('',(0.707106781187,0.707106781187));
#4131 = ( GEOMETRIC_REPRESENTATION_CONTEXT(2) 
PARAMETRIC_REPRESENTATION_CONTEXT() REPRESENTATION_CONTEXT('2D SPACE',''
  ) );
#4132 = PCURVE('',#1877,#4133);
#4133 = DEFINITIONAL_REPRESENTATION('',(#4134),#4138);
#4134 = LINE('',#4135,#4136);
#4135 = CARTESIAN_POINT('',(0.,58.9));
#4136 = VECTOR('',#4137,1.);
#4137 = DIRECTION('',(1.,0.));
#4138 = ( GEOMETRIC_REPRESENTATION_CONTEXT(2) 
PARAMETRIC_REPRESENTATION_CONTEXT() REPRESENTATION_CONTEXT('2D SPACE',''
  ) );
#4139 = ORIENTED_EDGE('',*,*,#4094,.T.);
#4140 = ORIENTED_EDGE('',*,*,#1735,.T.);
#4141 = ORIENTED_EDGE('',*,*,#1789,.T.);
#4142 = ADVANCED_FACE('',(#4143),#1672,.T.);
#4143 = FACE_BOUND('',#4144,.T.);
#4144 = EDGE_LOOP('',(#4145,#4146,#4167,#4168));
#4145 = ORIENTED_EDGE('',*,*,#1656,.T.);
#4146 = ORIENTED_EDGE('',*,*,#4147,.T.);
#4147 = EDGE_CURVE('',#1629,#1816,#4148,.T.);
#4148 = SURFACE_CURVE('',#4149,(#4153,#4160),.PCURVE_S1.);
#4149 = LINE('',#4150,#4151);
#4150 = CARTESIAN_POINT('',(107.4,80.01,29.05));
#4151 = VECTOR('',#4152,1.);
#4152 = DIRECTION('',(0.,0.,-1.));
#4153 = PCURVE('',#1672,#4154);
#4154 = DEFINITIONAL_REPRESENTATION('',(#4155),#4159);
#4155 = LINE('',#4156,#4157);
#4156 = CARTESIAN_POINT('',(0.,-58.9));
#4157 = VECTOR('',#4158,1.);
#4158 = DIRECTION('',(1.,0.));
#4159 = ( GEOMETRIC_REPRESENTATION_CONTEXT(2) 
PARAMETRIC_REPRESENTATION_CONTEXT() REPRESENTATION_CONTEXT('2D SPACE',''
  ) );
#4160 = PCURVE('',#1644,#4161);
#4161 = DEFINITIONAL_REPRESENTATION('',(#4162),#4166);
#4162 = LINE('',#4163,#4164);
#4163 = CARTESIAN_POINT('',(-1.200540043682,1.147581644252));
#4164 = VECTOR('',#4165,1.);
#4165 = DIRECTION('',(0.,-1.));
#4166 = ( GEOMETRIC_REPRESENTATION_CONTEXT(2) 
PARAMETRIC_REPRESENTATION_CONTEXT() REPRESENTATION_CONTEXT('2D SPACE',''
  ) );
#4167 = ORIENTED_EDGE('',*,*,#1813,.F.);
#4168 = ORIENTED_EDGE('',*,*,#2734,.F.);
#4169 = ADVANCED_FACE('',(#4170),#1644,.F.);
#4170 = FACE_BOUND('',#4171,.F.);
#4171 = EDGE_LOOP('',(#4172,#4173,#4194,#4195,#4196));
#4172 = ORIENTED_EDGE('',*,*,#1838,.T.);
#4173 = ORIENTED_EDGE('',*,*,#4174,.T.);
#4174 = EDGE_CURVE('',#1839,#4048,#4175,.T.);
#4175 = SURFACE_CURVE('',#4176,(#4180,#4187),.PCURVE_S1.);
#4176 = LINE('',#4177,#4178);
#4177 = CARTESIAN_POINT('',(107.4,78.1,26.65));
#4178 = VECTOR('',#4179,1.);
#4179 = DIRECTION('',(0.,-0.707106781187,0.707106781187));
#4180 = PCURVE('',#1644,#4181);
#4181 = DEFINITIONAL_REPRESENTATION('',(#4182),#4186);
#4182 = LINE('',#4183,#4184);
#4183 = CARTESIAN_POINT('',(0.709459956318,-1.252418355748));
#4184 = VECTOR('',#4185,1.);
#4185 = DIRECTION('',(0.707106781187,0.707106781187));
#4186 = ( GEOMETRIC_REPRESENTATION_CONTEXT(2) 
PARAMETRIC_REPRESENTATION_CONTEXT() REPRESENTATION_CONTEXT('2D SPACE',''
  ) );
#4187 = PCURVE('',#1877,#4188);
#4188 = DEFINITIONAL_REPRESENTATION('',(#4189),#4193);
#4189 = LINE('',#4190,#4191);
#4190 = CARTESIAN_POINT('',(0.,-58.9));
#4191 = VECTOR('',#4192,1.);
#4192 = DIRECTION('',(1.,0.));
#4193 = ( GEOMETRIC_REPRESENTATION_CONTEXT(2) 
PARAMETRIC_REPRESENTATION_CONTEXT() REPRESENTATION_CONTEXT('2D SPACE',''
  ) );
#4194 = ORIENTED_EDGE('',*,*,#4072,.T.);
#4195 = ORIENTED_EDGE('',*,*,#1628,.T.);
#4196 = ORIENTED_EDGE('',*,*,#4147,.T.);
#4197 = ADVANCED_FACE('',(#4198),#1877,.T.);
#4198 = FACE_BOUND('',#4199,.T.);
#4199 = EDGE_LOOP('',(#4200,#4201,#4202,#4203));
#4200 = ORIENTED_EDGE('',*,*,#1861,.F.);
#4201 = ORIENTED_EDGE('',*,*,#4174,.T.);
#4202 = ORIENTED_EDGE('',*,*,#4047,.T.);
#4203 = ORIENTED_EDGE('',*,*,#4119,.F.);
#4204 = ADVANCED_FACE('',(#4205),#2020,.T.);
#4205 = FACE_BOUND('',#4206,.T.);
#4206 = EDGE_LOOP('',(#4207,#4228,#4229,#4230));
#4207 = ORIENTED_EDGE('',*,*,#4208,.F.);
#4208 = EDGE_CURVE('',#2585,#2135,#4209,.T.);
#4209 = SURFACE_CURVE('',#4210,(#4214,#4221),.PCURVE_S1.);
#4210 = LINE('',#4211,#4212);
#4211 = CARTESIAN_POINT('',(105.,78.2,23.45));
#4212 = VECTOR('',#4213,1.);
#4213 = DIRECTION('',(-1.,0.,0.));
#4214 = PCURVE('',#2020,#4215);
#4215 = DEFINITIONAL_REPRESENTATION('',(#4216),#4220);
#4216 = LINE('',#4217,#4218);
#4217 = CARTESIAN_POINT('',(0.,-56.5));
#4218 = VECTOR('',#4219,1.);
#4219 = DIRECTION('',(0.,1.));
#4220 = ( GEOMETRIC_REPRESENTATION_CONTEXT(2) 
PARAMETRIC_REPRESENTATION_CONTEXT() REPRESENTATION_CONTEXT('2D SPACE',''
  ) );
#4221 = PCURVE('',#2150,#4222);
#4222 = DEFINITIONAL_REPRESENTATION('',(#4223),#4227);
#4223 = LINE('',#4224,#4225);
#4224 = CARTESIAN_POINT('',(2.552665273787,-56.5));
#4225 = VECTOR('',#4226,1.);
#4226 = DIRECTION('',(0.,1.));
#4227 = ( GEOMETRIC_REPRESENTATION_CONTEXT(2) 
PARAMETRIC_REPRESENTATION_CONTEXT() REPRESENTATION_CONTEXT('2D SPACE',''
  ) );
#4228 = ORIENTED_EDGE('',*,*,#2607,.T.);
#4229 = ORIENTED_EDGE('',*,*,#2005,.F.);
#4230 = ORIENTED_EDGE('',*,*,#2162,.F.);
#4231 = ADVANCED_FACE('',(#4232),#2150,.T.);
#4232 = FACE_BOUND('',#4233,.T.);
#4233 = EDGE_LOOP('',(#4234,#4253,#4254,#4255));
#4234 = ORIENTED_EDGE('',*,*,#4235,.F.);
#4235 = EDGE_CURVE('',#2562,#2107,#4236,.T.);
#4236 = SURFACE_CURVE('',#4237,(#4241,#4247),.PCURVE_S1.);
#4237 = LINE('',#4238,#4239);
#4238 = CARTESIAN_POINT('',(18.55,80.,21.659944751381));
#4239 = VECTOR('',#4240,1.);
#4240 = DIRECTION('',(-1.,-0.,0.));
#4241 = PCURVE('',#2150,#4242);
#4242 = DEFINITIONAL_REPRESENTATION('',(#4243),#4246);
#4243 = B_SPLINE_CURVE_WITH_KNOTS('',1,(#4244,#4245),.UNSPECIFIED.,.F.,
  .F.,(2,2),(-86.45,26.55),.PIECEWISE_BEZIER_KNOTS.);
#4244 = CARTESIAN_POINT('',(1.41031230596E-02,-56.5));
#4245 = CARTESIAN_POINT('',(1.41031230596E-02,56.5));
#4246 = ( GEOMETRIC_REPRESENTATION_CONTEXT(2) 
PARAMETRIC_REPRESENTATION_CONTEXT() REPRESENTATION_CONTEXT('2D SPACE',''
  ) );
#4247 = PCURVE('',#2122,#4248);
#4248 = DEFINITIONAL_REPRESENTATION('',(#4249),#4252);
#4249 = B_SPLINE_CURVE_WITH_KNOTS('',1,(#4250,#4251),.UNSPECIFIED.,.F.,
  .F.,(2,2),(-86.45,26.55),.PIECEWISE_BEZIER_KNOTS.);
#4250 = CARTESIAN_POINT('',(-2.190055248619,116.4));
#4251 = CARTESIAN_POINT('',(-2.190055248619,3.4));
#4252 = ( GEOMETRIC_REPRESENTATION_CONTEXT(2) 
PARAMETRIC_REPRESENTATION_CONTEXT() REPRESENTATION_CONTEXT('2D SPACE',''
  ) );
#4253 = ORIENTED_EDGE('',*,*,#2584,.T.);
#4254 = ORIENTED_EDGE('',*,*,#4208,.T.);
#4255 = ORIENTED_EDGE('',*,*,#2134,.F.);
#4256 = ADVANCED_FACE('',(#4257),#2122,.F.);
#4257 = FACE_BOUND('',#4258,.F.);
#4258 = EDGE_LOOP('',(#4259,#4260,#4261,#4262));
#4259 = ORIENTED_EDGE('',*,*,#2106,.T.);
#4260 = ORIENTED_EDGE('',*,*,#4235,.F.);
#4261 = ORIENTED_EDGE('',*,*,#2561,.F.);
#4262 = ORIENTED_EDGE('',*,*,#4263,.F.);
#4263 = EDGE_CURVE('',#2079,#2539,#4264,.T.);
#4264 = SURFACE_CURVE('',#4265,(#4269,#4276),.PCURVE_S1.);
#4265 = LINE('',#4266,#4267);
#4266 = CARTESIAN_POINT('',(-8.,80.,-33.5));
#4267 = VECTOR('',#4268,1.);
#4268 = DIRECTION('',(1.,0.,-0.));
#4269 = PCURVE('',#2122,#4270);
#4270 = DEFINITIONAL_REPRESENTATION('',(#4271),#4275);
#4271 = LINE('',#4272,#4273);
#4272 = CARTESIAN_POINT('',(-57.35,3.4));
#4273 = VECTOR('',#4274,1.);
#4274 = DIRECTION('',(0.,1.));
#4275 = ( GEOMETRIC_REPRESENTATION_CONTEXT(2) 
PARAMETRIC_REPRESENTATION_CONTEXT() REPRESENTATION_CONTEXT('2D SPACE',''
  ) );
#4276 = PCURVE('',#2094,#4277);
#4277 = DEFINITIONAL_REPRESENTATION('',(#4278),#4282);
#4278 = LINE('',#4279,#4280);
#4279 = CARTESIAN_POINT('',(0.,83.));
#4280 = VECTOR('',#4281,1.);
#4281 = DIRECTION('',(1.,0.));
#4282 = ( GEOMETRIC_REPRESENTATION_CONTEXT(2) 
PARAMETRIC_REPRESENTATION_CONTEXT() REPRESENTATION_CONTEXT('2D SPACE',''
  ) );
#4283 = ADVANCED_FACE('',(#4284,#4361,#4392,#4423,#4454,#4485),#2094,.T.
  );
#4284 = FACE_BOUND('',#4285,.T.);
#4285 = EDGE_LOOP('',(#4286,#4287,#4288,#4289,#4290,#4313,#4339,#4360));
#4286 = ORIENTED_EDGE('',*,*,#2538,.T.);
#4287 = ORIENTED_EDGE('',*,*,#4263,.F.);
#4288 = ORIENTED_EDGE('',*,*,#2078,.F.);
#4289 = ORIENTED_EDGE('',*,*,#2312,.T.);
#4290 = ORIENTED_EDGE('',*,*,#4291,.F.);
#4291 = EDGE_CURVE('',#4292,#2287,#4294,.T.);
#4292 = VERTEX_POINT('',#4293);
#4293 = CARTESIAN_POINT('',(60.,-4.8,-33.5));
#4294 = SURFACE_CURVE('',#4295,(#4299,#4306),.PCURVE_S1.);
#4295 = LINE('',#4296,#4297);
#4296 = CARTESIAN_POINT('',(60.,-10.4,-33.5));
#4297 = VECTOR('',#4298,1.);
#4298 = DIRECTION('',(-0.,1.,0.));
#4299 = PCURVE('',#2094,#4300);
#4300 = DEFINITIONAL_REPRESENTATION('',(#4301),#4305);
#4301 = LINE('',#4302,#4303);
#4302 = CARTESIAN_POINT('',(68.,-7.4));
#4303 = VECTOR('',#4304,1.);
#4304 = DIRECTION('',(0.,1.));
#4305 = ( GEOMETRIC_REPRESENTATION_CONTEXT(2) 
PARAMETRIC_REPRESENTATION_CONTEXT() REPRESENTATION_CONTEXT('2D SPACE',''
  ) );
#4306 = PCURVE('',#2301,#4307);
#4307 = DEFINITIONAL_REPRESENTATION('',(#4308),#4312);
#4308 = LINE('',#4309,#4310);
#4309 = CARTESIAN_POINT('',(0.,0.));
#4310 = VECTOR('',#4311,1.);
#4311 = DIRECTION('',(0.,-1.));
#4312 = ( GEOMETRIC_REPRESENTATION_CONTEXT(2) 
PARAMETRIC_REPRESENTATION_CONTEXT() REPRESENTATION_CONTEXT('2D SPACE',''
  ) );
#4313 = ORIENTED_EDGE('',*,*,#4314,.F.);
#4314 = EDGE_CURVE('',#4315,#4292,#4317,.T.);
#4315 = VERTEX_POINT('',#4316);
#4316 = CARTESIAN_POINT('',(68.,-4.8,-33.5));
#4317 = SURFACE_CURVE('',#4318,(#4322,#4328),.PCURVE_S1.);
#4318 = LINE('',#4319,#4320);
#4319 = CARTESIAN_POINT('',(25.7,-4.8,-33.5));
#4320 = VECTOR('',#4321,1.);
#4321 = DIRECTION('',(-1.,-0.,0.));
#4322 = PCURVE('',#2094,#4323);
#4323 = DEFINITIONAL_REPRESENTATION('',(#4324),#4327);
#4324 = B_SPLINE_CURVE_WITH_KNOTS('',1,(#4325,#4326),.UNSPECIFIED.,.F.,
  .F.,(2,2),(-42.9,-33.7),.PIECEWISE_BEZIER_KNOTS.);
#4325 = CARTESIAN_POINT('',(76.6,-1.8));
#4326 = CARTESIAN_POINT('',(67.4,-1.8));
#4327 = ( GEOMETRIC_REPRESENTATION_CONTEXT(2) 
PARAMETRIC_REPRESENTATION_CONTEXT() REPRESENTATION_CONTEXT('2D SPACE',''
  ) );
#4328 = PCURVE('',#4329,#4334);
#4329 = PLANE('',#4330);
#4330 = AXIS2_PLACEMENT_3D('',#4331,#4332,#4333);
#4331 = CARTESIAN_POINT('',(59.4,-4.8,-34.1));
#4332 = DIRECTION('',(-0.,1.,0.));
#4333 = DIRECTION('',(0.,0.,1.));
#4334 = DEFINITIONAL_REPRESENTATION('',(#4335),#4338);
#4335 = B_SPLINE_CURVE_WITH_KNOTS('',1,(#4336,#4337),.UNSPECIFIED.,.F.,
  .F.,(2,2),(-42.9,-33.7),.PIECEWISE_BEZIER_KNOTS.);
#4336 = CARTESIAN_POINT('',(0.6,9.2));
#4337 = CARTESIAN_POINT('',(0.6,0.));
#4338 = ( GEOMETRIC_REPRESENTATION_CONTEXT(2) 
PARAMETRIC_REPRESENTATION_CONTEXT() REPRESENTATION_CONTEXT('2D SPACE',''
  ) );
#4339 = ORIENTED_EDGE('',*,*,#4340,.T.);
#4340 = EDGE_CURVE('',#4315,#2212,#4341,.T.);
#4341 = SURFACE_CURVE('',#4342,(#4346,#4353),.PCURVE_S1.);
#4342 = LINE('',#4343,#4344);
#4343 = CARTESIAN_POINT('',(68.,-10.4,-33.5));
#4344 = VECTOR('',#4345,1.);
#4345 = DIRECTION('',(-0.,1.,0.));
#4346 = PCURVE('',#2094,#4347);
#4347 = DEFINITIONAL_REPRESENTATION('',(#4348),#4352);
#4348 = LINE('',#4349,#4350);
#4349 = CARTESIAN_POINT('',(76.,-7.4));
#4350 = VECTOR('',#4351,1.);
#4351 = DIRECTION('',(0.,1.));
#4352 = ( GEOMETRIC_REPRESENTATION_CONTEXT(2) 
PARAMETRIC_REPRESENTATION_CONTEXT() REPRESENTATION_CONTEXT('2D SPACE',''
  ) );
#4353 = PCURVE('',#2249,#4354);
#4354 = DEFINITIONAL_REPRESENTATION('',(#4355),#4359);
#4355 = LINE('',#4356,#4357);
#4356 = CARTESIAN_POINT('',(0.,0.));
#4357 = VECTOR('',#4358,1.);
#4358 = DIRECTION('',(0.,-1.));
#4359 = ( GEOMETRIC_REPRESENTATION_CONTEXT(2) 
PARAMETRIC_REPRESENTATION_CONTEXT() REPRESENTATION_CONTEXT('2D SPACE',''
  ) );
#4360 = ORIENTED_EDGE('',*,*,#2211,.T.);
#4361 = FACE_BOUND('',#4362,.T.);
#4362 = EDGE_LOOP('',(#4363));
#4363 = ORIENTED_EDGE('',*,*,#4364,.F.);
#4364 = EDGE_CURVE('',#4365,#4365,#4367,.T.);
#4365 = VERTEX_POINT('',#4366);
#4366 = CARTESIAN_POINT('',(11.5,12.5,-33.5));
#4367 = SURFACE_CURVE('',#4368,(#4373,#4380),.PCURVE_S1.);
#4368 = CIRCLE('',#4369,3.);
#4369 = AXIS2_PLACEMENT_3D('',#4370,#4371,#4372);
#4370 = CARTESIAN_POINT('',(8.5,12.5,-33.5));
#4371 = DIRECTION('',(0.,0.,1.));
#4372 = DIRECTION('',(1.,0.,-0.));
#4373 = PCURVE('',#2094,#4374);
#4374 = DEFINITIONAL_REPRESENTATION('',(#4375),#4379);
#4375 = CIRCLE('',#4376,3.);
#4376 = AXIS2_PLACEMENT_2D('',#4377,#4378);
#4377 = CARTESIAN_POINT('',(16.5,15.5));
#4378 = DIRECTION('',(1.,0.));
#4379 = ( GEOMETRIC_REPRESENTATION_CONTEXT(2) 
PARAMETRIC_REPRESENTATION_CONTEXT() REPRESENTATION_CONTEXT('2D SPACE',''
  ) );
#4380 = PCURVE('',#4381,#4386);
#4381 = CYLINDRICAL_SURFACE('',#4382,3.);
#4382 = AXIS2_PLACEMENT_3D('',#4383,#4384,#4385);
#4383 = CARTESIAN_POINT('',(8.5,12.5,-33.5));
#4384 = DIRECTION('',(0.,0.,1.));
#4385 = DIRECTION('',(1.,0.,-0.));
#4386 = DEFINITIONAL_REPRESENTATION('',(#4387),#4391);
#4387 = LINE('',#4388,#4389);
#4388 = CARTESIAN_POINT('',(0.,0.));
#4389 = VECTOR('',#4390,1.);
#4390 = DIRECTION('',(1.,0.));
#4391 = ( GEOMETRIC_REPRESENTATION_CONTEXT(2) 
PARAMETRIC_REPRESENTATION_CONTEXT() REPRESENTATION_CONTEXT('2D SPACE',''
  ) );
#4392 = FACE_BOUND('',#4393,.T.);
#4393 = EDGE_LOOP('',(#4394));
#4394 = ORIENTED_EDGE('',*,*,#4395,.F.);
#4395 = EDGE_CURVE('',#4396,#4396,#4398,.T.);
#4396 = VERTEX_POINT('',#4397);
#4397 = CARTESIAN_POINT('',(82.5,12.5,-33.5));
#4398 = SURFACE_CURVE('',#4399,(#4404,#4411),.PCURVE_S1.);
#4399 = CIRCLE('',#4400,3.);
#4400 = AXIS2_PLACEMENT_3D('',#4401,#4402,#4403);
#4401 = CARTESIAN_POINT('',(79.5,12.5,-33.5));
#4402 = DIRECTION('',(0.,0.,1.));
#4403 = DIRECTION('',(1.,0.,-0.));
#4404 = PCURVE('',#2094,#4405);
#4405 = DEFINITIONAL_REPRESENTATION('',(#4406),#4410);
#4406 = CIRCLE('',#4407,3.);
#4407 = AXIS2_PLACEMENT_2D('',#4408,#4409);
#4408 = CARTESIAN_POINT('',(87.5,15.5));
#4409 = DIRECTION('',(1.,0.));
#4410 = ( GEOMETRIC_REPRESENTATION_CONTEXT(2) 
PARAMETRIC_REPRESENTATION_CONTEXT() REPRESENTATION_CONTEXT('2D SPACE',''
  ) );
#4411 = PCURVE('',#4412,#4417);
#4412 = CYLINDRICAL_SURFACE('',#4413,3.);
#4413 = AXIS2_PLACEMENT_3D('',#4414,#4415,#4416);
#4414 = CARTESIAN_POINT('',(79.5,12.5,-33.5));
#4415 = DIRECTION('',(0.,0.,1.));
#4416 = DIRECTION('',(1.,0.,-0.));
#4417 = DEFINITIONAL_REPRESENTATION('',(#4418),#4422);
#4418 = LINE('',#4419,#4420);
#4419 = CARTESIAN_POINT('',(0.,0.));
#4420 = VECTOR('',#4421,1.);
#4421 = DIRECTION('',(1.,0.));
#4422 = ( GEOMETRIC_REPRESENTATION_CONTEXT(2) 
PARAMETRIC_REPRESENTATION_CONTEXT() REPRESENTATION_CONTEXT('2D SPACE',''
  ) );
#4423 = FACE_BOUND('',#4424,.T.);
#4424 = EDGE_LOOP('',(#4425));
#4425 = ORIENTED_EDGE('',*,*,#4426,.F.);
#4426 = EDGE_CURVE('',#4427,#4427,#4429,.T.);
#4427 = VERTEX_POINT('',#4428);
#4428 = CARTESIAN_POINT('',(11.5,73.5,-33.5));
#4429 = SURFACE_CURVE('',#4430,(#4435,#4442),.PCURVE_S1.);
#4430 = CIRCLE('',#4431,3.);
#4431 = AXIS2_PLACEMENT_3D('',#4432,#4433,#4434);
#4432 = CARTESIAN_POINT('',(8.5,73.5,-33.5));
#4433 = DIRECTION('',(0.,0.,1.));
#4434 = DIRECTION('',(1.,0.,-0.));
#4435 = PCURVE('',#2094,#4436);
#4436 = DEFINITIONAL_REPRESENTATION('',(#4437),#4441);
#4437 = CIRCLE('',#4438,3.);
#4438 = AXIS2_PLACEMENT_2D('',#4439,#4440);
#4439 = CARTESIAN_POINT('',(16.5,76.5));
#4440 = DIRECTION('',(1.,0.));
#4441 = ( GEOMETRIC_REPRESENTATION_CONTEXT(2) 
PARAMETRIC_REPRESENTATION_CONTEXT() REPRESENTATION_CONTEXT('2D SPACE',''
  ) );
#4442 = PCURVE('',#4443,#4448);
#4443 = CYLINDRICAL_SURFACE('',#4444,3.);
#4444 = AXIS2_PLACEMENT_3D('',#4445,#4446,#4447);
#4445 = CARTESIAN_POINT('',(8.5,73.5,-33.5));
#4446 = DIRECTION('',(0.,0.,1.));
#4447 = DIRECTION('',(1.,0.,-0.));
#4448 = DEFINITIONAL_REPRESENTATION('',(#4449),#4453);
#4449 = LINE('',#4450,#4451);
#4450 = CARTESIAN_POINT('',(0.,0.));
#4451 = VECTOR('',#4452,1.);
#4452 = DIRECTION('',(1.,0.));
#4453 = ( GEOMETRIC_REPRESENTATION_CONTEXT(2) 
PARAMETRIC_REPRESENTATION_CONTEXT() REPRESENTATION_CONTEXT('2D SPACE',''
  ) );
#4454 = FACE_BOUND('',#4455,.T.);
#4455 = EDGE_LOOP('',(#4456));
#4456 = ORIENTED_EDGE('',*,*,#4457,.F.);
#4457 = EDGE_CURVE('',#4458,#4458,#4460,.T.);
#4458 = VERTEX_POINT('',#4459);
#4459 = CARTESIAN_POINT('',(68.,62.,-33.5));
#4460 = SURFACE_CURVE('',#4461,(#4466,#4473),.PCURVE_S1.);
#4461 = CIRCLE('',#4462,8.);
#4462 = AXIS2_PLACEMENT_3D('',#4463,#4464,#4465);
#4463 = CARTESIAN_POINT('',(60.,62.,-33.5));
#4464 = DIRECTION('',(0.,0.,1.));
#4465 = DIRECTION('',(1.,0.,-0.));
#4466 = PCURVE('',#2094,#4467);
#4467 = DEFINITIONAL_REPRESENTATION('',(#4468),#4472);
#4468 = CIRCLE('',#4469,8.);
#4469 = AXIS2_PLACEMENT_2D('',#4470,#4471);
#4470 = CARTESIAN_POINT('',(68.,65.));
#4471 = DIRECTION('',(1.,0.));
#4472 = ( GEOMETRIC_REPRESENTATION_CONTEXT(2) 
PARAMETRIC_REPRESENTATION_CONTEXT() REPRESENTATION_CONTEXT('2D SPACE',''
  ) );
#4473 = PCURVE('',#4474,#4479);
#4474 = CYLINDRICAL_SURFACE('',#4475,8.);
#4475 = AXIS2_PLACEMENT_3D('',#4476,#4477,#4478);
#4476 = CARTESIAN_POINT('',(60.,62.,-33.5));
#4477 = DIRECTION('',(0.,0.,1.));
#4478 = DIRECTION('',(1.,0.,-0.));
#4479 = DEFINITIONAL_REPRESENTATION('',(#4480),#4484);
#4480 = LINE('',#4481,#4482);
#4481 = CARTESIAN_POINT('',(0.,0.));
#4482 = VECTOR('',#4483,1.);
#4483 = DIRECTION('',(1.,0.));
#4484 = ( GEOMETRIC_REPRESENTATION_CONTEXT(2) 
PARAMETRIC_REPRESENTATION_CONTEXT() REPRESENTATION_CONTEXT('2D SPACE',''
  ) );
#4485 = FACE_BOUND('',#4486,.T.);
#4486 = EDGE_LOOP('',(#4487));
#4487 = ORIENTED_EDGE('',*,*,#4488,.F.);
#4488 = EDGE_CURVE('',#4489,#4489,#4491,.T.);
#4489 = VERTEX_POINT('',#4490);
#4490 = CARTESIAN_POINT('',(82.5,73.5,-33.5));
#4491 = SURFACE_CURVE('',#4492,(#4497,#4504),.PCURVE_S1.);
#4492 = CIRCLE('',#4493,3.);
#4493 = AXIS2_PLACEMENT_3D('',#4494,#4495,#4496);
#4494 = CARTESIAN_POINT('',(79.5,73.5,-33.5));
#4495 = DIRECTION('',(0.,0.,1.));
#4496 = DIRECTION('',(1.,0.,-0.));
#4497 = PCURVE('',#2094,#4498);
#4498 = DEFINITIONAL_REPRESENTATION('',(#4499),#4503);
#4499 = CIRCLE('',#4500,3.);
#4500 = AXIS2_PLACEMENT_2D('',#4501,#4502);
#4501 = CARTESIAN_POINT('',(87.5,76.5));
#4502 = DIRECTION('',(1.,0.));
#4503 = ( GEOMETRIC_REPRESENTATION_CONTEXT(2) 
PARAMETRIC_REPRESENTATION_CONTEXT() REPRESENTATION_CONTEXT('2D SPACE',''
  ) );
#4504 = PCURVE('',#4505,#4510);
#4505 = CYLINDRICAL_SURFACE('',#4506,3.);
#4506 = AXIS2_PLACEMENT_3D('',#4507,#4508,#4509);
#4507 = CARTESIAN_POINT('',(79.5,73.5,-33.5));
#4508 = DIRECTION('',(0.,0.,1.));
#4509 = DIRECTION('',(1.,0.,-0.));
#4510 = DEFINITIONAL_REPRESENTATION('',(#4511),#4515);
#4511 = LINE('',#4512,#4513);
#4512 = CARTESIAN_POINT('',(0.,0.));
#4513 = VECTOR('',#4514,1.);
#4514 = DIRECTION('',(1.,0.));
#4515 = ( GEOMETRIC_REPRESENTATION_CONTEXT(2) 
PARAMETRIC_REPRESENTATION_CONTEXT() REPRESENTATION_CONTEXT('2D SPACE',''
  ) );
#4516 = ADVANCED_FACE('',(#4517),#2249,.F.);
#4517 = FACE_BOUND('',#4518,.F.);
#4518 = EDGE_LOOP('',(#4519,#4542,#4561,#4562));
#4519 = ORIENTED_EDGE('',*,*,#4520,.F.);
#4520 = EDGE_CURVE('',#4521,#2235,#4523,.T.);
#4521 = VERTEX_POINT('',#4522);
#4522 = CARTESIAN_POINT('',(68.,-4.8,-30.5));
#4523 = SURFACE_CURVE('',#4524,(#4528,#4535),.PCURVE_S1.);
#4524 = LINE('',#4525,#4526);
#4525 = CARTESIAN_POINT('',(68.,-10.4,-30.5));
#4526 = VECTOR('',#4527,1.);
#4527 = DIRECTION('',(-0.,1.,0.));
#4528 = PCURVE('',#2249,#4529);
#4529 = DEFINITIONAL_REPRESENTATION('',(#4530),#4534);
#4530 = LINE('',#4531,#4532);
#4531 = CARTESIAN_POINT('',(3.,0.));
#4532 = VECTOR('',#4533,1.);
#4533 = DIRECTION('',(0.,-1.));
#4534 = ( GEOMETRIC_REPRESENTATION_CONTEXT(2) 
PARAMETRIC_REPRESENTATION_CONTEXT() REPRESENTATION_CONTEXT('2D SPACE',''
  ) );
#4535 = PCURVE('',#2275,#4536);
#4536 = DEFINITIONAL_REPRESENTATION('',(#4537),#4541);
#4537 = LINE('',#4538,#4539);
#4538 = CARTESIAN_POINT('',(8.,0.));
#4539 = VECTOR('',#4540,1.);
#4540 = DIRECTION('',(0.,1.));
#4541 = ( GEOMETRIC_REPRESENTATION_CONTEXT(2) 
PARAMETRIC_REPRESENTATION_CONTEXT() REPRESENTATION_CONTEXT('2D SPACE',''
  ) );
#4542 = ORIENTED_EDGE('',*,*,#4543,.F.);
#4543 = EDGE_CURVE('',#4315,#4521,#4544,.T.);
#4544 = SURFACE_CURVE('',#4545,(#4549,#4555),.PCURVE_S1.);
#4545 = LINE('',#4546,#4547);
#4546 = CARTESIAN_POINT('',(68.,-4.8,-33.8));
#4547 = VECTOR('',#4548,1.);
#4548 = DIRECTION('',(0.,0.,1.));
#4549 = PCURVE('',#2249,#4550);
#4550 = DEFINITIONAL_REPRESENTATION('',(#4551),#4554);
#4551 = B_SPLINE_CURVE_WITH_KNOTS('',1,(#4552,#4553),.UNSPECIFIED.,.F.,
  .F.,(2,2),(0.3,3.3),.PIECEWISE_BEZIER_KNOTS.);
#4552 = CARTESIAN_POINT('',(-1.110223024625E-16,-5.6));
#4553 = CARTESIAN_POINT('',(3.,-5.6));
#4554 = ( GEOMETRIC_REPRESENTATION_CONTEXT(2) 
PARAMETRIC_REPRESENTATION_CONTEXT() REPRESENTATION_CONTEXT('2D SPACE',''
  ) );
#4555 = PCURVE('',#4329,#4556);
#4556 = DEFINITIONAL_REPRESENTATION('',(#4557),#4560);
#4557 = B_SPLINE_CURVE_WITH_KNOTS('',1,(#4558,#4559),.UNSPECIFIED.,.F.,
  .F.,(2,2),(0.3,3.3),.PIECEWISE_BEZIER_KNOTS.);
#4558 = CARTESIAN_POINT('',(0.6,8.6));
#4559 = CARTESIAN_POINT('',(3.6,8.6));
#4560 = ( GEOMETRIC_REPRESENTATION_CONTEXT(2) 
PARAMETRIC_REPRESENTATION_CONTEXT() REPRESENTATION_CONTEXT('2D SPACE',''
  ) );
#4561 = ORIENTED_EDGE('',*,*,#4340,.T.);
#4562 = ORIENTED_EDGE('',*,*,#2234,.F.);
#4563 = ADVANCED_FACE('',(#4564),#2275,.F.);
#4564 = FACE_BOUND('',#4565,.F.);
#4565 = EDGE_LOOP('',(#4566,#4589,#4608,#4609));
#4566 = ORIENTED_EDGE('',*,*,#4567,.F.);
#4567 = EDGE_CURVE('',#4568,#2261,#4570,.T.);
#4568 = VERTEX_POINT('',#4569);
#4569 = CARTESIAN_POINT('',(60.,-4.8,-30.5));
#4570 = SURFACE_CURVE('',#4571,(#4575,#4582),.PCURVE_S1.);
#4571 = LINE('',#4572,#4573);
#4572 = CARTESIAN_POINT('',(60.,-10.4,-30.5));
#4573 = VECTOR('',#4574,1.);
#4574 = DIRECTION('',(-0.,1.,0.));
#4575 = PCURVE('',#2275,#4576);
#4576 = DEFINITIONAL_REPRESENTATION('',(#4577),#4581);
#4577 = LINE('',#4578,#4579);
#4578 = CARTESIAN_POINT('',(0.,0.));
#4579 = VECTOR('',#4580,1.);
#4580 = DIRECTION('',(0.,1.));
#4581 = ( GEOMETRIC_REPRESENTATION_CONTEXT(2) 
PARAMETRIC_REPRESENTATION_CONTEXT() REPRESENTATION_CONTEXT('2D SPACE',''
  ) );
#4582 = PCURVE('',#2301,#4583);
#4583 = DEFINITIONAL_REPRESENTATION('',(#4584),#4588);
#4584 = LINE('',#4585,#4586);
#4585 = CARTESIAN_POINT('',(3.,0.));
#4586 = VECTOR('',#4587,1.);
#4587 = DIRECTION('',(0.,-1.));
#4588 = ( GEOMETRIC_REPRESENTATION_CONTEXT(2) 
PARAMETRIC_REPRESENTATION_CONTEXT() REPRESENTATION_CONTEXT('2D SPACE',''
  ) );
#4589 = ORIENTED_EDGE('',*,*,#4590,.F.);
#4590 = EDGE_CURVE('',#4521,#4568,#4591,.T.);
#4591 = SURFACE_CURVE('',#4592,(#4596,#4602),.PCURVE_S1.);
#4592 = LINE('',#4593,#4594);
#4593 = CARTESIAN_POINT('',(59.7,-4.8,-30.5));
#4594 = VECTOR('',#4595,1.);
#4595 = DIRECTION('',(-1.,-0.,0.));
#4596 = PCURVE('',#2275,#4597);
#4597 = DEFINITIONAL_REPRESENTATION('',(#4598),#4601);
#4598 = B_SPLINE_CURVE_WITH_KNOTS('',1,(#4599,#4600),.UNSPECIFIED.,.F.,
  .F.,(2,2),(-8.3,-0.3),.PIECEWISE_BEZIER_KNOTS.);
#4599 = CARTESIAN_POINT('',(8.,5.6));
#4600 = CARTESIAN_POINT('',(0.,5.6));
#4601 = ( GEOMETRIC_REPRESENTATION_CONTEXT(2) 
PARAMETRIC_REPRESENTATION_CONTEXT() REPRESENTATION_CONTEXT('2D SPACE',''
  ) );
#4602 = PCURVE('',#4329,#4603);
#4603 = DEFINITIONAL_REPRESENTATION('',(#4604),#4607);
#4604 = B_SPLINE_CURVE_WITH_KNOTS('',1,(#4605,#4606),.UNSPECIFIED.,.F.,
  .F.,(2,2),(-8.3,-0.3),.PIECEWISE_BEZIER_KNOTS.);
#4605 = CARTESIAN_POINT('',(3.6,8.6));
#4606 = CARTESIAN_POINT('',(3.6,0.6));
#4607 = ( GEOMETRIC_REPRESENTATION_CONTEXT(2) 
PARAMETRIC_REPRESENTATION_CONTEXT() REPRESENTATION_CONTEXT('2D SPACE',''
  ) );
#4608 = ORIENTED_EDGE('',*,*,#4520,.T.);
#4609 = ORIENTED_EDGE('',*,*,#2260,.F.);
#4610 = ADVANCED_FACE('',(#4611),#2301,.T.);
#4611 = FACE_BOUND('',#4612,.T.);
#4612 = EDGE_LOOP('',(#4613,#4614,#4633,#4634));
#4613 = ORIENTED_EDGE('',*,*,#4567,.F.);
#4614 = ORIENTED_EDGE('',*,*,#4615,.F.);
#4615 = EDGE_CURVE('',#4292,#4568,#4616,.T.);
#4616 = SURFACE_CURVE('',#4617,(#4621,#4627),.PCURVE_S1.);
#4617 = LINE('',#4618,#4619);
#4618 = CARTESIAN_POINT('',(60.,-4.8,-33.8));
#4619 = VECTOR('',#4620,1.);
#4620 = DIRECTION('',(0.,0.,1.));
#4621 = PCURVE('',#2301,#4622);
#4622 = DEFINITIONAL_REPRESENTATION('',(#4623),#4626);
#4623 = B_SPLINE_CURVE_WITH_KNOTS('',1,(#4624,#4625),.UNSPECIFIED.,.F.,
  .F.,(2,2),(0.3,3.3),.PIECEWISE_BEZIER_KNOTS.);
#4624 = CARTESIAN_POINT('',(-1.110223024625E-16,-5.6));
#4625 = CARTESIAN_POINT('',(3.,-5.6));
#4626 = ( GEOMETRIC_REPRESENTATION_CONTEXT(2) 
PARAMETRIC_REPRESENTATION_CONTEXT() REPRESENTATION_CONTEXT('2D SPACE',''
  ) );
#4627 = PCURVE('',#4329,#4628);
#4628 = DEFINITIONAL_REPRESENTATION('',(#4629),#4632);
#4629 = B_SPLINE_CURVE_WITH_KNOTS('',1,(#4630,#4631),.UNSPECIFIED.,.F.,
  .F.,(2,2),(0.3,3.3),.PIECEWISE_BEZIER_KNOTS.);
#4630 = CARTESIAN_POINT('',(0.6,0.6));
#4631 = CARTESIAN_POINT('',(3.6,0.6));
#4632 = ( GEOMETRIC_REPRESENTATION_CONTEXT(2) 
PARAMETRIC_REPRESENTATION_CONTEXT() REPRESENTATION_CONTEXT('2D SPACE',''
  ) );
#4633 = ORIENTED_EDGE('',*,*,#4291,.T.);
#4634 = ORIENTED_EDGE('',*,*,#2286,.F.);
#4635 = ADVANCED_FACE('',(#4636),#2354,.F.);
#4636 = FACE_BOUND('',#4637,.F.);
#4637 = EDGE_LOOP('',(#4638,#4661,#4687,#4708));
#4638 = ORIENTED_EDGE('',*,*,#4639,.F.);
#4639 = EDGE_CURVE('',#4640,#2338,#4642,.T.);
#4640 = VERTEX_POINT('',#4641);
#4641 = CARTESIAN_POINT('',(16.67,-4.8,8.));
#4642 = SURFACE_CURVE('',#4643,(#4647,#4654),.PCURVE_S1.);
#4643 = LINE('',#4644,#4645);
#4644 = CARTESIAN_POINT('',(16.67,-10.4,8.));
#4645 = VECTOR('',#4646,1.);
#4646 = DIRECTION('',(-0.,1.,0.));
#4647 = PCURVE('',#2354,#4648);
#4648 = DEFINITIONAL_REPRESENTATION('',(#4649),#4653);
#4649 = LINE('',#4650,#4651);
#4650 = CARTESIAN_POINT('',(0.,0.));
#4651 = VECTOR('',#4652,1.);
#4652 = DIRECTION('',(0.,1.));
#4653 = ( GEOMETRIC_REPRESENTATION_CONTEXT(2) 
PARAMETRIC_REPRESENTATION_CONTEXT() REPRESENTATION_CONTEXT('2D SPACE',''
  ) );
#4654 = PCURVE('',#2380,#4655);
#4655 = DEFINITIONAL_REPRESENTATION('',(#4656),#4660);
#4656 = LINE('',#4657,#4658);
#4657 = CARTESIAN_POINT('',(11.5,0.));
#4658 = VECTOR('',#4659,1.);
#4659 = DIRECTION('',(0.,-1.));
#4660 = ( GEOMETRIC_REPRESENTATION_CONTEXT(2) 
PARAMETRIC_REPRESENTATION_CONTEXT() REPRESENTATION_CONTEXT('2D SPACE',''
  ) );
#4661 = ORIENTED_EDGE('',*,*,#4662,.F.);
#4662 = EDGE_CURVE('',#4663,#4640,#4665,.T.);
#4663 = VERTEX_POINT('',#4664);
#4664 = CARTESIAN_POINT('',(30.67,-4.8,8.));
#4665 = SURFACE_CURVE('',#4666,(#4670,#4676),.PCURVE_S1.);
#4666 = LINE('',#4667,#4668);
#4667 = CARTESIAN_POINT('',(16.37,-4.8,8.));
#4668 = VECTOR('',#4669,1.);
#4669 = DIRECTION('',(-1.,-0.,0.));
#4670 = PCURVE('',#2354,#4671);
#4671 = DEFINITIONAL_REPRESENTATION('',(#4672),#4675);
#4672 = B_SPLINE_CURVE_WITH_KNOTS('',1,(#4673,#4674),.UNSPECIFIED.,.F.,
  .F.,(2,2),(-14.3,-0.3),.PIECEWISE_BEZIER_KNOTS.);
#4673 = CARTESIAN_POINT('',(14.,5.6));
#4674 = CARTESIAN_POINT('',(0.,5.6));
#4675 = ( GEOMETRIC_REPRESENTATION_CONTEXT(2) 
PARAMETRIC_REPRESENTATION_CONTEXT() REPRESENTATION_CONTEXT('2D SPACE',''
  ) );
#4676 = PCURVE('',#4677,#4682);
#4677 = PLANE('',#4678);
#4678 = AXIS2_PLACEMENT_3D('',#4679,#4680,#4681);
#4679 = CARTESIAN_POINT('',(16.07,-4.8,-4.1));
#4680 = DIRECTION('',(-0.,1.,0.));
#4681 = DIRECTION('',(0.,0.,1.));
#4682 = DEFINITIONAL_REPRESENTATION('',(#4683),#4686);
#4683 = B_SPLINE_CURVE_WITH_KNOTS('',1,(#4684,#4685),.UNSPECIFIED.,.F.,
  .F.,(2,2),(-14.3,-0.3),.PIECEWISE_BEZIER_KNOTS.);
#4684 = CARTESIAN_POINT('',(12.1,14.6));
#4685 = CARTESIAN_POINT('',(12.1,0.6));
#4686 = ( GEOMETRIC_REPRESENTATION_CONTEXT(2) 
PARAMETRIC_REPRESENTATION_CONTEXT() REPRESENTATION_CONTEXT('2D SPACE',''
  ) );
#4687 = ORIENTED_EDGE('',*,*,#4688,.T.);
#4688 = EDGE_CURVE('',#4663,#2340,#4689,.T.);
#4689 = SURFACE_CURVE('',#4690,(#4694,#4701),.PCURVE_S1.);
#4690 = LINE('',#4691,#4692);
#4691 = CARTESIAN_POINT('',(30.67,-10.4,8.));
#4692 = VECTOR('',#4693,1.);
#4693 = DIRECTION('',(-0.,1.,0.));
#4694 = PCURVE('',#2354,#4695);
#4695 = DEFINITIONAL_REPRESENTATION('',(#4696),#4700);
#4696 = LINE('',#4697,#4698);
#4697 = CARTESIAN_POINT('',(14.,0.));
#4698 = VECTOR('',#4699,1.);
#4699 = DIRECTION('',(0.,1.));
#4700 = ( GEOMETRIC_REPRESENTATION_CONTEXT(2) 
PARAMETRIC_REPRESENTATION_CONTEXT() REPRESENTATION_CONTEXT('2D SPACE',''
  ) );
#4701 = PCURVE('',#2430,#4702);
#4702 = DEFINITIONAL_REPRESENTATION('',(#4703),#4707);
#4703 = LINE('',#4704,#4705);
#4704 = CARTESIAN_POINT('',(11.5,0.));
#4705 = VECTOR('',#4706,1.);
#4706 = DIRECTION('',(0.,-1.));
#4707 = ( GEOMETRIC_REPRESENTATION_CONTEXT(2) 
PARAMETRIC_REPRESENTATION_CONTEXT() REPRESENTATION_CONTEXT('2D SPACE',''
  ) );
#4708 = ORIENTED_EDGE('',*,*,#2337,.F.);
#4709 = ADVANCED_FACE('',(#4710),#2380,.T.);
#4710 = FACE_BOUND('',#4711,.T.);
#4711 = EDGE_LOOP('',(#4712,#4713,#4734,#4755));
#4712 = ORIENTED_EDGE('',*,*,#4639,.F.);
#4713 = ORIENTED_EDGE('',*,*,#4714,.F.);
#4714 = EDGE_CURVE('',#4715,#4640,#4717,.T.);
#4715 = VERTEX_POINT('',#4716);
#4716 = CARTESIAN_POINT('',(16.67,-4.8,-3.5));
#4717 = SURFACE_CURVE('',#4718,(#4722,#4728),.PCURVE_S1.);
#4718 = LINE('',#4719,#4720);
#4719 = CARTESIAN_POINT('',(16.67,-4.8,-3.8));
#4720 = VECTOR('',#4721,1.);
#4721 = DIRECTION('',(0.,0.,1.));
#4722 = PCURVE('',#2380,#4723);
#4723 = DEFINITIONAL_REPRESENTATION('',(#4724),#4727);
#4724 = B_SPLINE_CURVE_WITH_KNOTS('',1,(#4725,#4726),.UNSPECIFIED.,.F.,
  .F.,(2,2),(0.3,11.8),.PIECEWISE_BEZIER_KNOTS.);
#4725 = CARTESIAN_POINT('',(0.,-5.6));
#4726 = CARTESIAN_POINT('',(11.5,-5.6));
#4727 = ( GEOMETRIC_REPRESENTATION_CONTEXT(2) 
PARAMETRIC_REPRESENTATION_CONTEXT() REPRESENTATION_CONTEXT('2D SPACE',''
  ) );
#4728 = PCURVE('',#4677,#4729);
#4729 = DEFINITIONAL_REPRESENTATION('',(#4730),#4733);
#4730 = B_SPLINE_CURVE_WITH_KNOTS('',1,(#4731,#4732),.UNSPECIFIED.,.F.,
  .F.,(2,2),(0.3,11.8),.PIECEWISE_BEZIER_KNOTS.);
#4731 = CARTESIAN_POINT('',(0.6,0.6));
#4732 = CARTESIAN_POINT('',(12.1,0.6));
#4733 = ( GEOMETRIC_REPRESENTATION_CONTEXT(2) 
PARAMETRIC_REPRESENTATION_CONTEXT() REPRESENTATION_CONTEXT('2D SPACE',''
  ) );
#4734 = ORIENTED_EDGE('',*,*,#4735,.T.);
#4735 = EDGE_CURVE('',#4715,#2366,#4736,.T.);
#4736 = SURFACE_CURVE('',#4737,(#4741,#4748),.PCURVE_S1.);
#4737 = LINE('',#4738,#4739);
#4738 = CARTESIAN_POINT('',(16.67,-10.4,-3.5));
#4739 = VECTOR('',#4740,1.);
#4740 = DIRECTION('',(-0.,1.,0.));
#4741 = PCURVE('',#2380,#4742);
#4742 = DEFINITIONAL_REPRESENTATION('',(#4743),#4747);
#4743 = LINE('',#4744,#4745);
#4744 = CARTESIAN_POINT('',(0.,0.));
#4745 = VECTOR('',#4746,1.);
#4746 = DIRECTION('',(0.,-1.));
#4747 = ( GEOMETRIC_REPRESENTATION_CONTEXT(2) 
PARAMETRIC_REPRESENTATION_CONTEXT() REPRESENTATION_CONTEXT('2D SPACE',''
  ) );
#4748 = PCURVE('',#2406,#4749);
#4749 = DEFINITIONAL_REPRESENTATION('',(#4750),#4754);
#4750 = LINE('',#4751,#4752);
#4751 = CARTESIAN_POINT('',(0.,0.));
#4752 = VECTOR('',#4753,1.);
#4753 = DIRECTION('',(0.,1.));
#4754 = ( GEOMETRIC_REPRESENTATION_CONTEXT(2) 
PARAMETRIC_REPRESENTATION_CONTEXT() REPRESENTATION_CONTEXT('2D SPACE',''
  ) );
#4755 = ORIENTED_EDGE('',*,*,#2365,.F.);
#4756 = ADVANCED_FACE('',(#4757),#2430,.F.);
#4757 = FACE_BOUND('',#4758,.F.);
#4758 = EDGE_LOOP('',(#4759,#4760,#4781,#4802));
#4759 = ORIENTED_EDGE('',*,*,#4688,.F.);
#4760 = ORIENTED_EDGE('',*,*,#4761,.F.);
#4761 = EDGE_CURVE('',#4762,#4663,#4764,.T.);
#4762 = VERTEX_POINT('',#4763);
#4763 = CARTESIAN_POINT('',(30.67,-4.8,-3.5));
#4764 = SURFACE_CURVE('',#4765,(#4769,#4775),.PCURVE_S1.);
#4765 = LINE('',#4766,#4767);
#4766 = CARTESIAN_POINT('',(30.67,-4.8,-3.8));
#4767 = VECTOR('',#4768,1.);
#4768 = DIRECTION('',(0.,0.,1.));
#4769 = PCURVE('',#2430,#4770);
#4770 = DEFINITIONAL_REPRESENTATION('',(#4771),#4774);
#4771 = B_SPLINE_CURVE_WITH_KNOTS('',1,(#4772,#4773),.UNSPECIFIED.,.F.,
  .F.,(2,2),(0.3,11.8),.PIECEWISE_BEZIER_KNOTS.);
#4772 = CARTESIAN_POINT('',(0.,-5.6));
#4773 = CARTESIAN_POINT('',(11.5,-5.6));
#4774 = ( GEOMETRIC_REPRESENTATION_CONTEXT(2) 
PARAMETRIC_REPRESENTATION_CONTEXT() REPRESENTATION_CONTEXT('2D SPACE',''
  ) );
#4775 = PCURVE('',#4677,#4776);
#4776 = DEFINITIONAL_REPRESENTATION('',(#4777),#4780);
#4777 = B_SPLINE_CURVE_WITH_KNOTS('',1,(#4778,#4779),.UNSPECIFIED.,.F.,
  .F.,(2,2),(0.3,11.8),.PIECEWISE_BEZIER_KNOTS.);
#4778 = CARTESIAN_POINT('',(0.6,14.6));
#4779 = CARTESIAN_POINT('',(12.1,14.6));
#4780 = ( GEOMETRIC_REPRESENTATION_CONTEXT(2) 
PARAMETRIC_REPRESENTATION_CONTEXT() REPRESENTATION_CONTEXT('2D SPACE',''
  ) );
#4781 = ORIENTED_EDGE('',*,*,#4782,.T.);
#4782 = EDGE_CURVE('',#4762,#2392,#4783,.T.);
#4783 = SURFACE_CURVE('',#4784,(#4788,#4795),.PCURVE_S1.);
#4784 = LINE('',#4785,#4786);
#4785 = CARTESIAN_POINT('',(30.67,-10.4,-3.5));
#4786 = VECTOR('',#4787,1.);
#4787 = DIRECTION('',(-0.,1.,0.));
#4788 = PCURVE('',#2430,#4789);
#4789 = DEFINITIONAL_REPRESENTATION('',(#4790),#4794);
#4790 = LINE('',#4791,#4792);
#4791 = CARTESIAN_POINT('',(0.,0.));
#4792 = VECTOR('',#4793,1.);
#4793 = DIRECTION('',(0.,-1.));
#4794 = ( GEOMETRIC_REPRESENTATION_CONTEXT(2) 
PARAMETRIC_REPRESENTATION_CONTEXT() REPRESENTATION_CONTEXT('2D SPACE',''
  ) );
#4795 = PCURVE('',#2406,#4796);
#4796 = DEFINITIONAL_REPRESENTATION('',(#4797),#4801);
#4797 = LINE('',#4798,#4799);
#4798 = CARTESIAN_POINT('',(14.,0.));
#4799 = VECTOR('',#4800,1.);
#4800 = DIRECTION('',(0.,1.));
#4801 = ( GEOMETRIC_REPRESENTATION_CONTEXT(2) 
PARAMETRIC_REPRESENTATION_CONTEXT() REPRESENTATION_CONTEXT('2D SPACE',''
  ) );
#4802 = ORIENTED_EDGE('',*,*,#2417,.F.);
#4803 = ADVANCED_FACE('',(#4804),#2406,.T.);
#4804 = FACE_BOUND('',#4805,.T.);
#4805 = EDGE_LOOP('',(#4806,#4807,#4826,#4827));
#4806 = ORIENTED_EDGE('',*,*,#4735,.F.);
#4807 = ORIENTED_EDGE('',*,*,#4808,.F.);
#4808 = EDGE_CURVE('',#4762,#4715,#4809,.T.);
#4809 = SURFACE_CURVE('',#4810,(#4814,#4820),.PCURVE_S1.);
#4810 = LINE('',#4811,#4812);
#4811 = CARTESIAN_POINT('',(16.37,-4.8,-3.5));
#4812 = VECTOR('',#4813,1.);
#4813 = DIRECTION('',(-1.,-0.,0.));
#4814 = PCURVE('',#2406,#4815);
#4815 = DEFINITIONAL_REPRESENTATION('',(#4816),#4819);
#4816 = B_SPLINE_CURVE_WITH_KNOTS('',1,(#4817,#4818),.UNSPECIFIED.,.F.,
  .F.,(2,2),(-14.3,-0.3),.PIECEWISE_BEZIER_KNOTS.);
#4817 = CARTESIAN_POINT('',(14.,5.6));
#4818 = CARTESIAN_POINT('',(0.,5.6));
#4819 = ( GEOMETRIC_REPRESENTATION_CONTEXT(2) 
PARAMETRIC_REPRESENTATION_CONTEXT() REPRESENTATION_CONTEXT('2D SPACE',''
  ) );
#4820 = PCURVE('',#4677,#4821);
#4821 = DEFINITIONAL_REPRESENTATION('',(#4822),#4825);
#4822 = B_SPLINE_CURVE_WITH_KNOTS('',1,(#4823,#4824),.UNSPECIFIED.,.F.,
  .F.,(2,2),(-14.3,-0.3),.PIECEWISE_BEZIER_KNOTS.);
#4823 = CARTESIAN_POINT('',(0.6,14.6));
#4824 = CARTESIAN_POINT('',(0.6,0.6));
#4825 = ( GEOMETRIC_REPRESENTATION_CONTEXT(2) 
PARAMETRIC_REPRESENTATION_CONTEXT() REPRESENTATION_CONTEXT('2D SPACE',''
  ) );
#4826 = ORIENTED_EDGE('',*,*,#4782,.T.);
#4827 = ORIENTED_EDGE('',*,*,#2391,.F.);
#4828 = ADVANCED_FACE('',(#4829),#2460,.F.);
#4829 = FACE_BOUND('',#4830,.F.);
#4830 = EDGE_LOOP('',(#4831,#4854,#4855,#4856));
#4831 = ORIENTED_EDGE('',*,*,#4832,.T.);
#4832 = EDGE_CURVE('',#4833,#2444,#4835,.T.);
#4833 = VERTEX_POINT('',#4834);
#4834 = CARTESIAN_POINT('',(8.4,-3.9,20.35));
#4835 = SEAM_CURVE('',#4836,(#4840,#4847),.PCURVE_S1.);
#4836 = LINE('',#4837,#4838);
#4837 = CARTESIAN_POINT('',(8.4,-6.4,20.35));
#4838 = VECTOR('',#4839,1.);
#4839 = DIRECTION('',(0.,1.,2.22044604925E-16));
#4840 = PCURVE('',#2460,#4841);
#4841 = DEFINITIONAL_REPRESENTATION('',(#4842),#4846);
#4842 = LINE('',#4843,#4844);
#4843 = CARTESIAN_POINT('',(6.28318530718,-0.));
#4844 = VECTOR('',#4845,1.);
#4845 = DIRECTION('',(0.,1.));
#4846 = ( GEOMETRIC_REPRESENTATION_CONTEXT(2) 
PARAMETRIC_REPRESENTATION_CONTEXT() REPRESENTATION_CONTEXT('2D SPACE',''
  ) );
#4847 = PCURVE('',#2460,#4848);
#4848 = DEFINITIONAL_REPRESENTATION('',(#4849),#4853);
#4849 = LINE('',#4850,#4851);
#4850 = CARTESIAN_POINT('',(0.,-0.));
#4851 = VECTOR('',#4852,1.);
#4852 = DIRECTION('',(0.,1.));
#4853 = ( GEOMETRIC_REPRESENTATION_CONTEXT(2) 
PARAMETRIC_REPRESENTATION_CONTEXT() REPRESENTATION_CONTEXT('2D SPACE',''
  ) );
#4854 = ORIENTED_EDGE('',*,*,#2443,.F.);
#4855 = ORIENTED_EDGE('',*,*,#4832,.F.);
#4856 = ORIENTED_EDGE('',*,*,#4857,.T.);
#4857 = EDGE_CURVE('',#4833,#4833,#4858,.T.);
#4858 = SURFACE_CURVE('',#4859,(#4864,#4871),.PCURVE_S1.);
#4859 = CIRCLE('',#4860,1.4);
#4860 = AXIS2_PLACEMENT_3D('',#4861,#4862,#4863);
#4861 = CARTESIAN_POINT('',(7.,-3.9,20.35));
#4862 = DIRECTION('',(0.,1.,2.22044604925E-16));
#4863 = DIRECTION('',(1.,0.,-0.));
#4864 = PCURVE('',#2460,#4865);
#4865 = DEFINITIONAL_REPRESENTATION('',(#4866),#4870);
#4866 = LINE('',#4867,#4868);
#4867 = CARTESIAN_POINT('',(0.,2.5));
#4868 = VECTOR('',#4869,1.);
#4869 = DIRECTION('',(1.,0.));
#4870 = ( GEOMETRIC_REPRESENTATION_CONTEXT(2) 
PARAMETRIC_REPRESENTATION_CONTEXT() REPRESENTATION_CONTEXT('2D SPACE',''
  ) );
#4871 = PCURVE('',#4872,#4877);
#4872 = PLANE('',#4873);
#4873 = AXIS2_PLACEMENT_3D('',#4874,#4875,#4876);
#4874 = CARTESIAN_POINT('',(7.,-3.9,20.35));
#4875 = DIRECTION('',(0.,1.,2.22044604925E-16));
#4876 = DIRECTION('',(1.,0.,-0.));
#4877 = DEFINITIONAL_REPRESENTATION('',(#4878),#4882);
#4878 = CIRCLE('',#4879,1.4);
#4879 = AXIS2_PLACEMENT_2D('',#4880,#4881);
#4880 = CARTESIAN_POINT('',(0.,0.));
#4881 = DIRECTION('',(1.,0.));
#4882 = ( GEOMETRIC_REPRESENTATION_CONTEXT(2) 
PARAMETRIC_REPRESENTATION_CONTEXT() REPRESENTATION_CONTEXT('2D SPACE',''
  ) );
#4883 = ADVANCED_FACE('',(#4884),#2491,.F.);
#4884 = FACE_BOUND('',#4885,.F.);
#4885 = EDGE_LOOP('',(#4886,#4887,#4908,#4909));
#4886 = ORIENTED_EDGE('',*,*,#2474,.F.);
#4887 = ORIENTED_EDGE('',*,*,#4888,.F.);
#4888 = EDGE_CURVE('',#3249,#2475,#4889,.T.);
#4889 = SEAM_CURVE('',#4890,(#4894,#4901),.PCURVE_S1.);
#4890 = LINE('',#4891,#4892);
#4891 = CARTESIAN_POINT('',(93.25,-6.4,-15.));
#4892 = VECTOR('',#4893,1.);
#4893 = DIRECTION('',(0.,1.,2.22044604925E-16));
#4894 = PCURVE('',#2491,#4895);
#4895 = DEFINITIONAL_REPRESENTATION('',(#4896),#4900);
#4896 = LINE('',#4897,#4898);
#4897 = CARTESIAN_POINT('',(6.28318530718,-0.));
#4898 = VECTOR('',#4899,1.);
#4899 = DIRECTION('',(0.,1.));
#4900 = ( GEOMETRIC_REPRESENTATION_CONTEXT(2) 
PARAMETRIC_REPRESENTATION_CONTEXT() REPRESENTATION_CONTEXT('2D SPACE',''
  ) );
#4901 = PCURVE('',#2491,#4902);
#4902 = DEFINITIONAL_REPRESENTATION('',(#4903),#4907);
#4903 = LINE('',#4904,#4905);
#4904 = CARTESIAN_POINT('',(0.,-0.));
#4905 = VECTOR('',#4906,1.);
#4906 = DIRECTION('',(0.,1.));
#4907 = ( GEOMETRIC_REPRESENTATION_CONTEXT(2) 
PARAMETRIC_REPRESENTATION_CONTEXT() REPRESENTATION_CONTEXT('2D SPACE',''
  ) );
#4908 = ORIENTED_EDGE('',*,*,#3248,.T.);
#4909 = ORIENTED_EDGE('',*,*,#4888,.T.);
#4910 = ADVANCED_FACE('',(#4911),#2522,.F.);
#4911 = FACE_BOUND('',#4912,.F.);
#4912 = EDGE_LOOP('',(#4913,#4936,#4937,#4938));
#4913 = ORIENTED_EDGE('',*,*,#4914,.T.);
#4914 = EDGE_CURVE('',#4915,#2506,#4917,.T.);
#4915 = VERTEX_POINT('',#4916);
#4916 = CARTESIAN_POINT('',(74.4,-3.9,20.35));
#4917 = SEAM_CURVE('',#4918,(#4922,#4929),.PCURVE_S1.);
#4918 = LINE('',#4919,#4920);
#4919 = CARTESIAN_POINT('',(74.4,-6.4,20.35));
#4920 = VECTOR('',#4921,1.);
#4921 = DIRECTION('',(0.,1.,2.22044604925E-16));
#4922 = PCURVE('',#2522,#4923);
#4923 = DEFINITIONAL_REPRESENTATION('',(#4924),#4928);
#4924 = LINE('',#4925,#4926);
#4925 = CARTESIAN_POINT('',(6.28318530718,-0.));
#4926 = VECTOR('',#4927,1.);
#4927 = DIRECTION('',(0.,1.));
#4928 = ( GEOMETRIC_REPRESENTATION_CONTEXT(2) 
PARAMETRIC_REPRESENTATION_CONTEXT() REPRESENTATION_CONTEXT('2D SPACE',''
  ) );
#4929 = PCURVE('',#2522,#4930);
#4930 = DEFINITIONAL_REPRESENTATION('',(#4931),#4935);
#4931 = LINE('',#4932,#4933);
#4932 = CARTESIAN_POINT('',(0.,-0.));
#4933 = VECTOR('',#4934,1.);
#4934 = DIRECTION('',(0.,1.));
#4935 = ( GEOMETRIC_REPRESENTATION_CONTEXT(2) 
PARAMETRIC_REPRESENTATION_CONTEXT() REPRESENTATION_CONTEXT('2D SPACE',''
  ) );
#4936 = ORIENTED_EDGE('',*,*,#2505,.F.);
#4937 = ORIENTED_EDGE('',*,*,#4914,.F.);
#4938 = ORIENTED_EDGE('',*,*,#4939,.T.);
#4939 = EDGE_CURVE('',#4915,#4915,#4940,.T.);
#4940 = SURFACE_CURVE('',#4941,(#4946,#4953),.PCURVE_S1.);
#4941 = CIRCLE('',#4942,1.4);
#4942 = AXIS2_PLACEMENT_3D('',#4943,#4944,#4945);
#4943 = CARTESIAN_POINT('',(73.,-3.9,20.35));
#4944 = DIRECTION('',(0.,1.,2.22044604925E-16));
#4945 = DIRECTION('',(1.,0.,-0.));
#4946 = PCURVE('',#2522,#4947);
#4947 = DEFINITIONAL_REPRESENTATION('',(#4948),#4952);
#4948 = LINE('',#4949,#4950);
#4949 = CARTESIAN_POINT('',(0.,2.5));
#4950 = VECTOR('',#4951,1.);
#4951 = DIRECTION('',(1.,0.));
#4952 = ( GEOMETRIC_REPRESENTATION_CONTEXT(2) 
PARAMETRIC_REPRESENTATION_CONTEXT() REPRESENTATION_CONTEXT('2D SPACE',''
  ) );
#4953 = PCURVE('',#4954,#4959);
#4954 = PLANE('',#4955);
#4955 = AXIS2_PLACEMENT_3D('',#4956,#4957,#4958);
#4956 = CARTESIAN_POINT('',(73.,-3.9,20.35));
#4957 = DIRECTION('',(0.,1.,2.22044604925E-16));
#4958 = DIRECTION('',(1.,0.,-0.));
#4959 = DEFINITIONAL_REPRESENTATION('',(#4960),#4964);
#4960 = CIRCLE('',#4961,1.4);
#4961 = AXIS2_PLACEMENT_2D('',#4962,#4963);
#4962 = CARTESIAN_POINT('',(0.,0.));
#4963 = DIRECTION('',(1.,0.));
#4964 = ( GEOMETRIC_REPRESENTATION_CONTEXT(2) 
PARAMETRIC_REPRESENTATION_CONTEXT() REPRESENTATION_CONTEXT('2D SPACE',''
  ) );
#4965 = ADVANCED_FACE('',(#4966),#2679,.T.);
#4966 = FACE_BOUND('',#4967,.T.);
#4967 = EDGE_LOOP('',(#4968,#4989,#5021,#5022));
#4968 = ORIENTED_EDGE('',*,*,#4969,.T.);
#4969 = EDGE_CURVE('',#2634,#4970,#4972,.T.);
#4970 = VERTEX_POINT('',#4971);
#4971 = CARTESIAN_POINT('',(106.33933982822,79.399999984253,
    -35.46066017178));
#4972 = SURFACE_CURVE('',#4973,(#4977,#4983),.PCURVE_S1.);
#4973 = LINE('',#4974,#4975);
#4974 = CARTESIAN_POINT('',(106.86966991411,79.399999984253,
    -34.18033008589));
#4975 = VECTOR('',#4976,1.);
#4976 = DIRECTION('',(-0.382683432365,-7.703719777549E-34,
    -0.923879532511));
#4977 = PCURVE('',#2679,#4978);
#4978 = DEFINITIONAL_REPRESENTATION('',(#4979),#4982);
#4979 = B_SPLINE_CURVE_WITH_KNOTS('',1,(#4980,#4981),.UNSPECIFIED.,.F.,
  .F.,(2,2),(-1.385819298767,1.385819298767),.PIECEWISE_BEZIER_KNOTS.);
#4980 = CARTESIAN_POINT('',(0.,401.33716690966));
#4981 = CARTESIAN_POINT('',(4.712388980385,401.33716690966));
#4982 = ( GEOMETRIC_REPRESENTATION_CONTEXT(2) 
PARAMETRIC_REPRESENTATION_CONTEXT() REPRESENTATION_CONTEXT('2D SPACE',''
  ) );
#4983 = PCURVE('',#2775,#4984);
#4984 = DEFINITIONAL_REPRESENTATION('',(#4985),#4988);
#4985 = B_SPLINE_CURVE_WITH_KNOTS('',1,(#4986,#4987),.UNSPECIFIED.,.F.,
  .F.,(2,2),(-1.385819298767,1.385819298767),.PIECEWISE_BEZIER_KNOTS.);
#4986 = CARTESIAN_POINT('',(-81.79999998425,-1.385819298767));
#4987 = CARTESIAN_POINT('',(-81.79999998425,1.385819298767));
#4988 = ( GEOMETRIC_REPRESENTATION_CONTEXT(2) 
PARAMETRIC_REPRESENTATION_CONTEXT() REPRESENTATION_CONTEXT('2D SPACE',''
  ) );
#4989 = ORIENTED_EDGE('',*,*,#4990,.T.);
#4990 = EDGE_CURVE('',#4970,#3401,#4991,.T.);
#4991 = SURFACE_CURVE('',#4992,(#5000,#5007),.PCURVE_S1.);
#4992 = B_SPLINE_CURVE_WITH_KNOTS('',6,(#4993,#4994,#4995,#4996,#4997,
    #4998,#4999),.UNSPECIFIED.,.F.,.F.,(7,7),(401.33716690966,
    406.04955589005),.PIECEWISE_BEZIER_KNOTS.);
#4993 = CARTESIAN_POINT('',(106.33933982822,79.399999984253,
    -35.46066017178));
#4994 = CARTESIAN_POINT('',(106.33933982822,79.907715639751,
    -35.46066017178));
#4995 = CARTESIAN_POINT('',(106.17987363786,80.415396574396,
    -35.46066017177));
#4996 = CARTESIAN_POINT('',(105.86068847466,80.860688458913,
    -35.46066017178));
#4997 = CARTESIAN_POINT('',(105.41539659014,81.179873622114,
    -35.46066017177));
#4998 = CARTESIAN_POINT('',(104.90771565549,81.339339812474,
    -35.46066017178));
#4999 = CARTESIAN_POINT('',(104.4,81.339339812473,-35.46066017178));
#5000 = PCURVE('',#2679,#5001);
#5001 = DEFINITIONAL_REPRESENTATION('',(#5002),#5006);
#5002 = LINE('',#5003,#5004);
#5003 = CARTESIAN_POINT('',(4.712388980385,0.));
#5004 = VECTOR('',#5005,1.);
#5005 = DIRECTION('',(0.,1.));
#5006 = ( GEOMETRIC_REPRESENTATION_CONTEXT(2) 
PARAMETRIC_REPRESENTATION_CONTEXT() REPRESENTATION_CONTEXT('2D SPACE',''
  ) );
#5007 = PCURVE('',#3604,#5008);
#5008 = DEFINITIONAL_REPRESENTATION('',(#5009),#5020);
#5009 = B_SPLINE_CURVE_WITH_KNOTS('',9,(#5010,#5011,#5012,#5013,#5014,
    #5015,#5016,#5017,#5018,#5019),.UNSPECIFIED.,.F.,.F.,(10,10),(
    401.33716690966,406.04955589005),.PIECEWISE_BEZIER_KNOTS.);
#5010 = CARTESIAN_POINT('',(-7.327471962526E-15,-1.06066017178));
#5011 = CARTESIAN_POINT('',(0.174532126211,-1.06066017178));
#5012 = CARTESIAN_POINT('',(0.349056831435,-1.06066017178));
#5013 = CARTESIAN_POINT('',(0.523603035016,-1.06066017178));
#5014 = CARTESIAN_POINT('',(0.698153658393,-1.06066017178));
#5015 = CARTESIAN_POINT('',(0.872642668402,-1.06066017178));
#5016 = CARTESIAN_POINT('',(1.047193291778,-1.06066017178));
#5017 = CARTESIAN_POINT('',(1.22173949536,-1.06066017178));
#5018 = CARTESIAN_POINT('',(1.396264200584,-1.06066017178));
#5019 = CARTESIAN_POINT('',(1.570796326795,-1.06066017178));
#5020 = ( GEOMETRIC_REPRESENTATION_CONTEXT(2) 
PARAMETRIC_REPRESENTATION_CONTEXT() REPRESENTATION_CONTEXT('2D SPACE',''
  ) );
#5021 = ORIENTED_EDGE('',*,*,#3400,.F.);
#5022 = ORIENTED_EDGE('',*,*,#2656,.F.);
#5023 = ADVANCED_FACE('',(#5024),#2775,.T.);
#5024 = FACE_BOUND('',#5025,.F.);
#5025 = EDGE_LOOP('',(#5026,#5046,#5047,#5048));
#5026 = ORIENTED_EDGE('',*,*,#5027,.F.);
#5027 = EDGE_CURVE('',#2760,#5028,#5030,.T.);
#5028 = VERTEX_POINT('',#5029);
#5029 = CARTESIAN_POINT('',(106.33933982822,-2.400000000003,
    -35.46066017178));
#5030 = SURFACE_CURVE('',#5031,(#5034,#5040),.PCURVE_S1.);
#5031 = B_SPLINE_CURVE_WITH_KNOTS('',1,(#5032,#5033),.UNSPECIFIED.,.F.,
  .F.,(2,2),(0.,4.712388980385),.PIECEWISE_BEZIER_KNOTS.);
#5032 = CARTESIAN_POINT('',(107.4,-2.400000000003,-32.9));
#5033 = CARTESIAN_POINT('',(106.33933982822,-2.400000000003,
    -35.46066017178));
#5034 = PCURVE('',#2775,#5035);
#5035 = DEFINITIONAL_REPRESENTATION('',(#5036),#5039);
#5036 = B_SPLINE_CURVE_WITH_KNOTS('',1,(#5037,#5038),.UNSPECIFIED.,.F.,
  .F.,(2,2),(0.,4.712388980385),.PIECEWISE_BEZIER_KNOTS.);
#5037 = CARTESIAN_POINT('',(0.,-1.385819298767));
#5038 = CARTESIAN_POINT('',(0.,1.385819298767));
#5039 = ( GEOMETRIC_REPRESENTATION_CONTEXT(2) 
PARAMETRIC_REPRESENTATION_CONTEXT() REPRESENTATION_CONTEXT('2D SPACE',''
  ) );
#5040 = PCURVE('',#2838,#5041);
#5041 = DEFINITIONAL_REPRESENTATION('',(#5042),#5045);
#5042 = B_SPLINE_CURVE_WITH_KNOTS('',1,(#5043,#5044),.UNSPECIFIED.,.F.,
  .F.,(2,2),(0.,4.712388980385),.PIECEWISE_BEZIER_KNOTS.);
#5043 = CARTESIAN_POINT('',(0.,319.53716692541));
#5044 = CARTESIAN_POINT('',(4.712388980385,319.53716692541));
#5045 = ( GEOMETRIC_REPRESENTATION_CONTEXT(2) 
PARAMETRIC_REPRESENTATION_CONTEXT() REPRESENTATION_CONTEXT('2D SPACE',''
  ) );
#5046 = ORIENTED_EDGE('',*,*,#2759,.T.);
#5047 = ORIENTED_EDGE('',*,*,#4969,.T.);
#5048 = ORIENTED_EDGE('',*,*,#5049,.F.);
#5049 = EDGE_CURVE('',#5028,#4970,#5050,.T.);
#5050 = SURFACE_CURVE('',#5051,(#5055,#5062),.PCURVE_S1.);
#5051 = LINE('',#5052,#5053);
#5052 = CARTESIAN_POINT('',(106.33933982822,-2.400000000003,
    -35.46066017178));
#5053 = VECTOR('',#5054,1.);
#5054 = DIRECTION('',(0.,1.,0.));
#5055 = PCURVE('',#2775,#5056);
#5056 = DEFINITIONAL_REPRESENTATION('',(#5057),#5061);
#5057 = LINE('',#5058,#5059);
#5058 = CARTESIAN_POINT('',(-0.,1.385819298767));
#5059 = VECTOR('',#5060,1.);
#5060 = DIRECTION('',(-1.,0.));
#5061 = ( GEOMETRIC_REPRESENTATION_CONTEXT(2) 
PARAMETRIC_REPRESENTATION_CONTEXT() REPRESENTATION_CONTEXT('2D SPACE',''
  ) );
#5062 = PCURVE('',#3575,#5063);
#5063 = DEFINITIONAL_REPRESENTATION('',(#5064),#5068);
#5064 = LINE('',#5065,#5066);
#5065 = CARTESIAN_POINT('',(-0.,0.43933982822));
#5066 = VECTOR('',#5067,1.);
#5067 = DIRECTION('',(-1.,0.));
#5068 = ( GEOMETRIC_REPRESENTATION_CONTEXT(2) 
PARAMETRIC_REPRESENTATION_CONTEXT() REPRESENTATION_CONTEXT('2D SPACE',''
  ) );
#5069 = ADVANCED_FACE('',(#5070),#2838,.T.);
#5070 = FACE_BOUND('',#5071,.T.);
#5071 = EDGE_LOOP('',(#5072,#5073,#5105,#5106));
#5072 = ORIENTED_EDGE('',*,*,#3789,.T.);
#5073 = ORIENTED_EDGE('',*,*,#5074,.T.);
#5074 = EDGE_CURVE('',#3790,#5028,#5075,.T.);
#5075 = SURFACE_CURVE('',#5076,(#5084,#5091),.PCURVE_S1.);
#5076 = B_SPLINE_CURVE_WITH_KNOTS('',6,(#5077,#5078,#5079,#5080,#5081,
    #5082,#5083),.UNSPECIFIED.,.F.,.F.,(7,7),(314.82477794502,
    319.53716692541),.PIECEWISE_BEZIER_KNOTS.);
#5077 = CARTESIAN_POINT('',(104.4,-4.339339828224,-35.46066017178));
#5078 = CARTESIAN_POINT('',(104.90771565549,-4.339339828224,
    -35.46066017178));
#5079 = CARTESIAN_POINT('',(105.41539659014,-4.179873637865,
    -35.46066017178));
#5080 = CARTESIAN_POINT('',(105.86068847465,-3.860688474662,
    -35.46066017178));
#5081 = CARTESIAN_POINT('',(106.17987363786,-3.415396590148,
    -35.46066017178));
#5082 = CARTESIAN_POINT('',(106.33933982822,-2.907715655501,
    -35.46066017178));
#5083 = CARTESIAN_POINT('',(106.33933982822,-2.400000000003,
    -35.46066017178));
#5084 = PCURVE('',#2838,#5085);
#5085 = DEFINITIONAL_REPRESENTATION('',(#5086),#5090);
#5086 = LINE('',#5087,#5088);
#5087 = CARTESIAN_POINT('',(4.712388980385,0.));
#5088 = VECTOR('',#5089,1.);
#5089 = DIRECTION('',(0.,1.));
#5090 = ( GEOMETRIC_REPRESENTATION_CONTEXT(2) 
PARAMETRIC_REPRESENTATION_CONTEXT() REPRESENTATION_CONTEXT('2D SPACE',''
  ) );
#5091 = PCURVE('',#3547,#5092);
#5092 = DEFINITIONAL_REPRESENTATION('',(#5093),#5104);
#5093 = B_SPLINE_CURVE_WITH_KNOTS('',9,(#5094,#5095,#5096,#5097,#5098,
    #5099,#5100,#5101,#5102,#5103),.UNSPECIFIED.,.F.,.F.,(10,10),(
    314.82477794502,319.53716692541),.PIECEWISE_BEZIER_KNOTS.);
#5094 = CARTESIAN_POINT('',(7.392812775306E-17,-1.06066017178));
#5095 = CARTESIAN_POINT('',(0.174532126211,-1.06066017178));
#5096 = CARTESIAN_POINT('',(0.349056831436,-1.06066017178));
#5097 = CARTESIAN_POINT('',(0.523603035015,-1.06066017178));
#5098 = CARTESIAN_POINT('',(0.698153658394,-1.06066017178));
#5099 = CARTESIAN_POINT('',(0.872642668402,-1.06066017178));
#5100 = CARTESIAN_POINT('',(1.047193291778,-1.06066017178));
#5101 = CARTESIAN_POINT('',(1.221739495361,-1.06066017178));
#5102 = CARTESIAN_POINT('',(1.396264200584,-1.06066017178));
#5103 = CARTESIAN_POINT('',(1.570796326795,-1.06066017178));
#5104 = ( GEOMETRIC_REPRESENTATION_CONTEXT(2) 
PARAMETRIC_REPRESENTATION_CONTEXT() REPRESENTATION_CONTEXT('2D SPACE',''
  ) );
#5105 = ORIENTED_EDGE('',*,*,#5027,.F.);
#5106 = ORIENTED_EDGE('',*,*,#2813,.F.);
#5107 = ADVANCED_FACE('',(#5108),#3067,.T.);
#5108 = FACE_BOUND('',#5109,.T.);
#5109 = EDGE_LOOP('',(#5110,#5133,#5134,#5135,#5158));
#5110 = ORIENTED_EDGE('',*,*,#5111,.F.);
#5111 = EDGE_CURVE('',#3029,#5112,#5114,.T.);
#5112 = VERTEX_POINT('',#5113);
#5113 = CARTESIAN_POINT('',(59.4,-4.8,-29.9));
#5114 = SURFACE_CURVE('',#5115,(#5119,#5126),.PCURVE_S1.);
#5115 = LINE('',#5116,#5117);
#5116 = CARTESIAN_POINT('',(59.4,-10.4,-29.9));
#5117 = VECTOR('',#5118,1.);
#5118 = DIRECTION('',(-0.,1.,0.));
#5119 = PCURVE('',#3067,#5120);
#5120 = DEFINITIONAL_REPRESENTATION('',(#5121),#5125);
#5121 = LINE('',#5122,#5123);
#5122 = CARTESIAN_POINT('',(4.2,0.));
#5123 = VECTOR('',#5124,1.);
#5124 = DIRECTION('',(0.,-1.));
#5125 = ( GEOMETRIC_REPRESENTATION_CONTEXT(2) 
PARAMETRIC_REPRESENTATION_CONTEXT() REPRESENTATION_CONTEXT('2D SPACE',''
  ) );
#5126 = PCURVE('',#3043,#5127);
#5127 = DEFINITIONAL_REPRESENTATION('',(#5128),#5132);
#5128 = LINE('',#5129,#5130);
#5129 = CARTESIAN_POINT('',(0.,0.));
#5130 = VECTOR('',#5131,1.);
#5131 = DIRECTION('',(0.,1.));
#5132 = ( GEOMETRIC_REPRESENTATION_CONTEXT(2) 
PARAMETRIC_REPRESENTATION_CONTEXT() REPRESENTATION_CONTEXT('2D SPACE',''
  ) );
#5133 = ORIENTED_EDGE('',*,*,#3054,.T.);
#5134 = ORIENTED_EDGE('',*,*,#3722,.T.);
#5135 = ORIENTED_EDGE('',*,*,#5136,.T.);
#5136 = EDGE_CURVE('',#3723,#5137,#5139,.T.);
#5137 = VERTEX_POINT('',#5138);
#5138 = CARTESIAN_POINT('',(59.4,-4.8,-34.1));
#5139 = SURFACE_CURVE('',#5140,(#5144,#5151),.PCURVE_S1.);
#5140 = LINE('',#5141,#5142);
#5141 = CARTESIAN_POINT('',(59.4,-10.4,-34.1));
#5142 = VECTOR('',#5143,1.);
#5143 = DIRECTION('',(-0.,1.,0.));
#5144 = PCURVE('',#3067,#5145);
#5145 = DEFINITIONAL_REPRESENTATION('',(#5146),#5150);
#5146 = LINE('',#5147,#5148);
#5147 = CARTESIAN_POINT('',(0.,0.));
#5148 = VECTOR('',#5149,1.);
#5149 = DIRECTION('',(0.,-1.));
#5150 = ( GEOMETRIC_REPRESENTATION_CONTEXT(2) 
PARAMETRIC_REPRESENTATION_CONTEXT() REPRESENTATION_CONTEXT('2D SPACE',''
  ) );
#5151 = PCURVE('',#3758,#5152);
#5152 = DEFINITIONAL_REPRESENTATION('',(#5153),#5157);
#5153 = LINE('',#5154,#5155);
#5154 = CARTESIAN_POINT('',(0.,0.));
#5155 = VECTOR('',#5156,1.);
#5156 = DIRECTION('',(0.,1.));
#5157 = ( GEOMETRIC_REPRESENTATION_CONTEXT(2) 
PARAMETRIC_REPRESENTATION_CONTEXT() REPRESENTATION_CONTEXT('2D SPACE',''
  ) );
#5158 = ORIENTED_EDGE('',*,*,#5159,.T.);
#5159 = EDGE_CURVE('',#5137,#5112,#5160,.T.);
#5160 = SURFACE_CURVE('',#5161,(#5165,#5172),.PCURVE_S1.);
#5161 = LINE('',#5162,#5163);
#5162 = CARTESIAN_POINT('',(59.4,-4.8,-34.1));
#5163 = VECTOR('',#5164,1.);
#5164 = DIRECTION('',(0.,0.,1.));
#5165 = PCURVE('',#3067,#5166);
#5166 = DEFINITIONAL_REPRESENTATION('',(#5167),#5171);
#5167 = LINE('',#5168,#5169);
#5168 = CARTESIAN_POINT('',(0.,-5.6));
#5169 = VECTOR('',#5170,1.);
#5170 = DIRECTION('',(1.,0.));
#5171 = ( GEOMETRIC_REPRESENTATION_CONTEXT(2) 
PARAMETRIC_REPRESENTATION_CONTEXT() REPRESENTATION_CONTEXT('2D SPACE',''
  ) );
#5172 = PCURVE('',#4329,#5173);
#5173 = DEFINITIONAL_REPRESENTATION('',(#5174),#5178);
#5174 = LINE('',#5175,#5176);
#5175 = CARTESIAN_POINT('',(0.,0.));
#5176 = VECTOR('',#5177,1.);
#5177 = DIRECTION('',(1.,0.));
#5178 = ( GEOMETRIC_REPRESENTATION_CONTEXT(2) 
PARAMETRIC_REPRESENTATION_CONTEXT() REPRESENTATION_CONTEXT('2D SPACE',''
  ) );
#5179 = ADVANCED_FACE('',(#5180),#3043,.F.);
#5180 = FACE_BOUND('',#5181,.F.);
#5181 = EDGE_LOOP('',(#5182,#5183,#5184,#5207));
#5182 = ORIENTED_EDGE('',*,*,#5111,.F.);
#5183 = ORIENTED_EDGE('',*,*,#3028,.T.);
#5184 = ORIENTED_EDGE('',*,*,#5185,.T.);
#5185 = EDGE_CURVE('',#3003,#5186,#5188,.T.);
#5186 = VERTEX_POINT('',#5187);
#5187 = CARTESIAN_POINT('',(68.6,-4.8,-29.9));
#5188 = SURFACE_CURVE('',#5189,(#5193,#5200),.PCURVE_S1.);
#5189 = LINE('',#5190,#5191);
#5190 = CARTESIAN_POINT('',(68.6,-10.4,-29.9));
#5191 = VECTOR('',#5192,1.);
#5192 = DIRECTION('',(-0.,1.,0.));
#5193 = PCURVE('',#3043,#5194);
#5194 = DEFINITIONAL_REPRESENTATION('',(#5195),#5199);
#5195 = LINE('',#5196,#5197);
#5196 = CARTESIAN_POINT('',(9.2,0.));
#5197 = VECTOR('',#5198,1.);
#5198 = DIRECTION('',(0.,1.));
#5199 = ( GEOMETRIC_REPRESENTATION_CONTEXT(2) 
PARAMETRIC_REPRESENTATION_CONTEXT() REPRESENTATION_CONTEXT('2D SPACE',''
  ) );
#5200 = PCURVE('',#3017,#5201);
#5201 = DEFINITIONAL_REPRESENTATION('',(#5202),#5206);
#5202 = LINE('',#5203,#5204);
#5203 = CARTESIAN_POINT('',(4.2,0.));
#5204 = VECTOR('',#5205,1.);
#5205 = DIRECTION('',(0.,-1.));
#5206 = ( GEOMETRIC_REPRESENTATION_CONTEXT(2) 
PARAMETRIC_REPRESENTATION_CONTEXT() REPRESENTATION_CONTEXT('2D SPACE',''
  ) );
#5207 = ORIENTED_EDGE('',*,*,#5208,.F.);
#5208 = EDGE_CURVE('',#5112,#5186,#5209,.T.);
#5209 = SURFACE_CURVE('',#5210,(#5214,#5221),.PCURVE_S1.);
#5210 = LINE('',#5211,#5212);
#5211 = CARTESIAN_POINT('',(59.4,-4.8,-29.9));
#5212 = VECTOR('',#5213,1.);
#5213 = DIRECTION('',(1.,0.,-0.));
#5214 = PCURVE('',#3043,#5215);
#5215 = DEFINITIONAL_REPRESENTATION('',(#5216),#5220);
#5216 = LINE('',#5217,#5218);
#5217 = CARTESIAN_POINT('',(0.,5.6));
#5218 = VECTOR('',#5219,1.);
#5219 = DIRECTION('',(1.,0.));
#5220 = ( GEOMETRIC_REPRESENTATION_CONTEXT(2) 
PARAMETRIC_REPRESENTATION_CONTEXT() REPRESENTATION_CONTEXT('2D SPACE',''
  ) );
#5221 = PCURVE('',#4329,#5222);
#5222 = DEFINITIONAL_REPRESENTATION('',(#5223),#5227);
#5223 = LINE('',#5224,#5225);
#5224 = CARTESIAN_POINT('',(4.2,0.));
#5225 = VECTOR('',#5226,1.);
#5226 = DIRECTION('',(0.,1.));
#5227 = ( GEOMETRIC_REPRESENTATION_CONTEXT(2) 
PARAMETRIC_REPRESENTATION_CONTEXT() REPRESENTATION_CONTEXT('2D SPACE',''
  ) );
#5228 = ADVANCED_FACE('',(#5229),#3017,.F.);
#5229 = FACE_BOUND('',#5230,.F.);
#5230 = EDGE_LOOP('',(#5231,#5232,#5233,#5234,#5257));
#5231 = ORIENTED_EDGE('',*,*,#5185,.F.);
#5232 = ORIENTED_EDGE('',*,*,#3002,.T.);
#5233 = ORIENTED_EDGE('',*,*,#3769,.T.);
#5234 = ORIENTED_EDGE('',*,*,#5235,.T.);
#5235 = EDGE_CURVE('',#3744,#5236,#5238,.T.);
#5236 = VERTEX_POINT('',#5237);
#5237 = CARTESIAN_POINT('',(68.6,-4.8,-34.1));
#5238 = SURFACE_CURVE('',#5239,(#5243,#5250),.PCURVE_S1.);
#5239 = LINE('',#5240,#5241);
#5240 = CARTESIAN_POINT('',(68.6,-10.4,-34.1));
#5241 = VECTOR('',#5242,1.);
#5242 = DIRECTION('',(-0.,1.,0.));
#5243 = PCURVE('',#3017,#5244);
#5244 = DEFINITIONAL_REPRESENTATION('',(#5245),#5249);
#5245 = LINE('',#5246,#5247);
#5246 = CARTESIAN_POINT('',(0.,0.));
#5247 = VECTOR('',#5248,1.);
#5248 = DIRECTION('',(0.,-1.));
#5249 = ( GEOMETRIC_REPRESENTATION_CONTEXT(2) 
PARAMETRIC_REPRESENTATION_CONTEXT() REPRESENTATION_CONTEXT('2D SPACE',''
  ) );
#5250 = PCURVE('',#3758,#5251);
#5251 = DEFINITIONAL_REPRESENTATION('',(#5252),#5256);
#5252 = LINE('',#5253,#5254);
#5253 = CARTESIAN_POINT('',(9.2,0.));
#5254 = VECTOR('',#5255,1.);
#5255 = DIRECTION('',(0.,1.));
#5256 = ( GEOMETRIC_REPRESENTATION_CONTEXT(2) 
PARAMETRIC_REPRESENTATION_CONTEXT() REPRESENTATION_CONTEXT('2D SPACE',''
  ) );
#5257 = ORIENTED_EDGE('',*,*,#5258,.T.);
#5258 = EDGE_CURVE('',#5236,#5186,#5259,.T.);
#5259 = SURFACE_CURVE('',#5260,(#5264,#5271),.PCURVE_S1.);
#5260 = LINE('',#5261,#5262);
#5261 = CARTESIAN_POINT('',(68.6,-4.8,-34.1));
#5262 = VECTOR('',#5263,1.);
#5263 = DIRECTION('',(0.,0.,1.));
#5264 = PCURVE('',#3017,#5265);
#5265 = DEFINITIONAL_REPRESENTATION('',(#5266),#5270);
#5266 = LINE('',#5267,#5268);
#5267 = CARTESIAN_POINT('',(0.,-5.6));
#5268 = VECTOR('',#5269,1.);
#5269 = DIRECTION('',(1.,0.));
#5270 = ( GEOMETRIC_REPRESENTATION_CONTEXT(2) 
PARAMETRIC_REPRESENTATION_CONTEXT() REPRESENTATION_CONTEXT('2D SPACE',''
  ) );
#5271 = PCURVE('',#4329,#5272);
#5272 = DEFINITIONAL_REPRESENTATION('',(#5273),#5277);
#5273 = LINE('',#5274,#5275);
#5274 = CARTESIAN_POINT('',(0.,9.2));
#5275 = VECTOR('',#5276,1.);
#5276 = DIRECTION('',(1.,0.));
#5277 = ( GEOMETRIC_REPRESENTATION_CONTEXT(2) 
PARAMETRIC_REPRESENTATION_CONTEXT() REPRESENTATION_CONTEXT('2D SPACE',''
  ) );
#5278 = ADVANCED_FACE('',(#5279),#2947,.T.);
#5279 = FACE_BOUND('',#5280,.T.);
#5280 = EDGE_LOOP('',(#5281,#5282,#5283,#5284));
#5281 = ORIENTED_EDGE('',*,*,#3374,.F.);
#5282 = ORIENTED_EDGE('',*,*,#2932,.T.);
#5283 = ORIENTED_EDGE('',*,*,#3276,.T.);
#5284 = ORIENTED_EDGE('',*,*,#3325,.F.);
#5285 = ADVANCED_FACE('',(#5286),#3097,.F.);
#5286 = FACE_BOUND('',#5287,.F.);
#5287 = EDGE_LOOP('',(#5288,#5311,#5333,#5334));
#5288 = ORIENTED_EDGE('',*,*,#5289,.T.);
#5289 = EDGE_CURVE('',#3081,#5290,#5292,.T.);
#5290 = VERTEX_POINT('',#5291);
#5291 = CARTESIAN_POINT('',(9.5,-3.9,20.35));
#5292 = SEAM_CURVE('',#5293,(#5297,#5304),.PCURVE_S1.);
#5293 = LINE('',#5294,#5295);
#5294 = CARTESIAN_POINT('',(9.5,-6.4,20.35));
#5295 = VECTOR('',#5296,1.);
#5296 = DIRECTION('',(0.,1.,2.22044604925E-16));
#5297 = PCURVE('',#3097,#5298);
#5298 = DEFINITIONAL_REPRESENTATION('',(#5299),#5303);
#5299 = LINE('',#5300,#5301);
#5300 = CARTESIAN_POINT('',(6.28318530718,-0.));
#5301 = VECTOR('',#5302,1.);
#5302 = DIRECTION('',(0.,1.));
#5303 = ( GEOMETRIC_REPRESENTATION_CONTEXT(2) 
PARAMETRIC_REPRESENTATION_CONTEXT() REPRESENTATION_CONTEXT('2D SPACE',''
  ) );
#5304 = PCURVE('',#3097,#5305);
#5305 = DEFINITIONAL_REPRESENTATION('',(#5306),#5310);
#5306 = LINE('',#5307,#5308);
#5307 = CARTESIAN_POINT('',(0.,-0.));
#5308 = VECTOR('',#5309,1.);
#5309 = DIRECTION('',(0.,1.));
#5310 = ( GEOMETRIC_REPRESENTATION_CONTEXT(2) 
PARAMETRIC_REPRESENTATION_CONTEXT() REPRESENTATION_CONTEXT('2D SPACE',''
  ) );
#5311 = ORIENTED_EDGE('',*,*,#5312,.F.);
#5312 = EDGE_CURVE('',#5290,#5290,#5313,.T.);
#5313 = SURFACE_CURVE('',#5314,(#5319,#5326),.PCURVE_S1.);
#5314 = CIRCLE('',#5315,2.5);
#5315 = AXIS2_PLACEMENT_3D('',#5316,#5317,#5318);
#5316 = CARTESIAN_POINT('',(7.,-3.9,20.35));
#5317 = DIRECTION('',(0.,1.,2.22044604925E-16));
#5318 = DIRECTION('',(1.,0.,-0.));
#5319 = PCURVE('',#3097,#5320);
#5320 = DEFINITIONAL_REPRESENTATION('',(#5321),#5325);
#5321 = LINE('',#5322,#5323);
#5322 = CARTESIAN_POINT('',(0.,2.5));
#5323 = VECTOR('',#5324,1.);
#5324 = DIRECTION('',(1.,0.));
#5325 = ( GEOMETRIC_REPRESENTATION_CONTEXT(2) 
PARAMETRIC_REPRESENTATION_CONTEXT() REPRESENTATION_CONTEXT('2D SPACE',''
  ) );
#5326 = PCURVE('',#4872,#5327);
#5327 = DEFINITIONAL_REPRESENTATION('',(#5328),#5332);
#5328 = CIRCLE('',#5329,2.5);
#5329 = AXIS2_PLACEMENT_2D('',#5330,#5331);
#5330 = CARTESIAN_POINT('',(0.,0.));
#5331 = DIRECTION('',(1.,0.));
#5332 = ( GEOMETRIC_REPRESENTATION_CONTEXT(2) 
PARAMETRIC_REPRESENTATION_CONTEXT() REPRESENTATION_CONTEXT('2D SPACE',''
  ) );
#5333 = ORIENTED_EDGE('',*,*,#5289,.F.);
#5334 = ORIENTED_EDGE('',*,*,#3080,.T.);
#5335 = ADVANCED_FACE('',(#5336),#3128,.F.);
#5336 = FACE_BOUND('',#5337,.F.);
#5337 = EDGE_LOOP('',(#5338,#5361,#5362,#5385));
#5338 = ORIENTED_EDGE('',*,*,#5339,.F.);
#5339 = EDGE_CURVE('',#3112,#5340,#5342,.T.);
#5340 = VERTEX_POINT('',#5341);
#5341 = CARTESIAN_POINT('',(16.07,-4.8,8.6));
#5342 = SURFACE_CURVE('',#5343,(#5347,#5354),.PCURVE_S1.);
#5343 = LINE('',#5344,#5345);
#5344 = CARTESIAN_POINT('',(16.07,-10.4,8.6));
#5345 = VECTOR('',#5346,1.);
#5346 = DIRECTION('',(-0.,1.,0.));
#5347 = PCURVE('',#3128,#5348);
#5348 = DEFINITIONAL_REPRESENTATION('',(#5349),#5353);
#5349 = LINE('',#5350,#5351);
#5350 = CARTESIAN_POINT('',(0.,0.));
#5351 = VECTOR('',#5352,1.);
#5352 = DIRECTION('',(0.,1.));
#5353 = ( GEOMETRIC_REPRESENTATION_CONTEXT(2) 
PARAMETRIC_REPRESENTATION_CONTEXT() REPRESENTATION_CONTEXT('2D SPACE',''
  ) );
#5354 = PCURVE('',#3154,#5355);
#5355 = DEFINITIONAL_REPRESENTATION('',(#5356),#5360);
#5356 = LINE('',#5357,#5358);
#5357 = CARTESIAN_POINT('',(12.7,0.));
#5358 = VECTOR('',#5359,1.);
#5359 = DIRECTION('',(0.,-1.));
#5360 = ( GEOMETRIC_REPRESENTATION_CONTEXT(2) 
PARAMETRIC_REPRESENTATION_CONTEXT() REPRESENTATION_CONTEXT('2D SPACE',''
  ) );
#5361 = ORIENTED_EDGE('',*,*,#3111,.T.);
#5362 = ORIENTED_EDGE('',*,*,#5363,.T.);
#5363 = EDGE_CURVE('',#3114,#5364,#5366,.T.);
#5364 = VERTEX_POINT('',#5365);
#5365 = CARTESIAN_POINT('',(31.27,-4.8,8.6));
#5366 = SURFACE_CURVE('',#5367,(#5371,#5378),.PCURVE_S1.);
#5367 = LINE('',#5368,#5369);
#5368 = CARTESIAN_POINT('',(31.27,-10.4,8.6));
#5369 = VECTOR('',#5370,1.);
#5370 = DIRECTION('',(-0.,1.,0.));
#5371 = PCURVE('',#3128,#5372);
#5372 = DEFINITIONAL_REPRESENTATION('',(#5373),#5377);
#5373 = LINE('',#5374,#5375);
#5374 = CARTESIAN_POINT('',(15.2,0.));
#5375 = VECTOR('',#5376,1.);
#5376 = DIRECTION('',(0.,1.));
#5377 = ( GEOMETRIC_REPRESENTATION_CONTEXT(2) 
PARAMETRIC_REPRESENTATION_CONTEXT() REPRESENTATION_CONTEXT('2D SPACE',''
  ) );
#5378 = PCURVE('',#3204,#5379);
#5379 = DEFINITIONAL_REPRESENTATION('',(#5380),#5384);
#5380 = LINE('',#5381,#5382);
#5381 = CARTESIAN_POINT('',(12.7,0.));
#5382 = VECTOR('',#5383,1.);
#5383 = DIRECTION('',(0.,-1.));
#5384 = ( GEOMETRIC_REPRESENTATION_CONTEXT(2) 
PARAMETRIC_REPRESENTATION_CONTEXT() REPRESENTATION_CONTEXT('2D SPACE',''
  ) );
#5385 = ORIENTED_EDGE('',*,*,#5386,.F.);
#5386 = EDGE_CURVE('',#5340,#5364,#5387,.T.);
#5387 = SURFACE_CURVE('',#5388,(#5392,#5399),.PCURVE_S1.);
#5388 = LINE('',#5389,#5390);
#5389 = CARTESIAN_POINT('',(16.07,-4.8,8.6));
#5390 = VECTOR('',#5391,1.);
#5391 = DIRECTION('',(1.,0.,-0.));
#5392 = PCURVE('',#3128,#5393);
#5393 = DEFINITIONAL_REPRESENTATION('',(#5394),#5398);
#5394 = LINE('',#5395,#5396);
#5395 = CARTESIAN_POINT('',(0.,5.6));
#5396 = VECTOR('',#5397,1.);
#5397 = DIRECTION('',(1.,0.));
#5398 = ( GEOMETRIC_REPRESENTATION_CONTEXT(2) 
PARAMETRIC_REPRESENTATION_CONTEXT() REPRESENTATION_CONTEXT('2D SPACE',''
  ) );
#5399 = PCURVE('',#4677,#5400);
#5400 = DEFINITIONAL_REPRESENTATION('',(#5401),#5405);
#5401 = LINE('',#5402,#5403);
#5402 = CARTESIAN_POINT('',(12.7,0.));
#5403 = VECTOR('',#5404,1.);
#5404 = DIRECTION('',(0.,1.));
#5405 = ( GEOMETRIC_REPRESENTATION_CONTEXT(2) 
PARAMETRIC_REPRESENTATION_CONTEXT() REPRESENTATION_CONTEXT('2D SPACE',''
  ) );
#5406 = ADVANCED_FACE('',(#5407),#3154,.T.);
#5407 = FACE_BOUND('',#5408,.T.);
#5408 = EDGE_LOOP('',(#5409,#5410,#5411,#5434));
#5409 = ORIENTED_EDGE('',*,*,#5339,.F.);
#5410 = ORIENTED_EDGE('',*,*,#3139,.T.);
#5411 = ORIENTED_EDGE('',*,*,#5412,.T.);
#5412 = EDGE_CURVE('',#3140,#5413,#5415,.T.);
#5413 = VERTEX_POINT('',#5414);
#5414 = CARTESIAN_POINT('',(16.07,-4.8,-4.1));
#5415 = SURFACE_CURVE('',#5416,(#5420,#5427),.PCURVE_S1.);
#5416 = LINE('',#5417,#5418);
#5417 = CARTESIAN_POINT('',(16.07,-10.4,-4.1));
#5418 = VECTOR('',#5419,1.);
#5419 = DIRECTION('',(-0.,1.,0.));
#5420 = PCURVE('',#3154,#5421);
#5421 = DEFINITIONAL_REPRESENTATION('',(#5422),#5426);
#5422 = LINE('',#5423,#5424);
#5423 = CARTESIAN_POINT('',(0.,0.));
#5424 = VECTOR('',#5425,1.);
#5425 = DIRECTION('',(0.,-1.));
#5426 = ( GEOMETRIC_REPRESENTATION_CONTEXT(2) 
PARAMETRIC_REPRESENTATION_CONTEXT() REPRESENTATION_CONTEXT('2D SPACE',''
  ) );
#5427 = PCURVE('',#3180,#5428);
#5428 = DEFINITIONAL_REPRESENTATION('',(#5429),#5433);
#5429 = LINE('',#5430,#5431);
#5430 = CARTESIAN_POINT('',(0.,0.));
#5431 = VECTOR('',#5432,1.);
#5432 = DIRECTION('',(0.,1.));
#5433 = ( GEOMETRIC_REPRESENTATION_CONTEXT(2) 
PARAMETRIC_REPRESENTATION_CONTEXT() REPRESENTATION_CONTEXT('2D SPACE',''
  ) );
#5434 = ORIENTED_EDGE('',*,*,#5435,.T.);
#5435 = EDGE_CURVE('',#5413,#5340,#5436,.T.);
#5436 = SURFACE_CURVE('',#5437,(#5441,#5448),.PCURVE_S1.);
#5437 = LINE('',#5438,#5439);
#5438 = CARTESIAN_POINT('',(16.07,-4.8,-4.1));
#5439 = VECTOR('',#5440,1.);
#5440 = DIRECTION('',(0.,0.,1.));
#5441 = PCURVE('',#3154,#5442);
#5442 = DEFINITIONAL_REPRESENTATION('',(#5443),#5447);
#5443 = LINE('',#5444,#5445);
#5444 = CARTESIAN_POINT('',(0.,-5.6));
#5445 = VECTOR('',#5446,1.);
#5446 = DIRECTION('',(1.,0.));
#5447 = ( GEOMETRIC_REPRESENTATION_CONTEXT(2) 
PARAMETRIC_REPRESENTATION_CONTEXT() REPRESENTATION_CONTEXT('2D SPACE',''
  ) );
#5448 = PCURVE('',#4677,#5449);
#5449 = DEFINITIONAL_REPRESENTATION('',(#5450),#5454);
#5450 = LINE('',#5451,#5452);
#5451 = CARTESIAN_POINT('',(0.,0.));
#5452 = VECTOR('',#5453,1.);
#5453 = DIRECTION('',(1.,0.));
#5454 = ( GEOMETRIC_REPRESENTATION_CONTEXT(2) 
PARAMETRIC_REPRESENTATION_CONTEXT() REPRESENTATION_CONTEXT('2D SPACE',''
  ) );
#5455 = ADVANCED_FACE('',(#5456),#3204,.F.);
#5456 = FACE_BOUND('',#5457,.F.);
#5457 = EDGE_LOOP('',(#5458,#5459,#5460,#5483));
#5458 = ORIENTED_EDGE('',*,*,#5363,.F.);
#5459 = ORIENTED_EDGE('',*,*,#3191,.T.);
#5460 = ORIENTED_EDGE('',*,*,#5461,.T.);
#5461 = EDGE_CURVE('',#3166,#5462,#5464,.T.);
#5462 = VERTEX_POINT('',#5463);
#5463 = CARTESIAN_POINT('',(31.27,-4.8,-4.1));
#5464 = SURFACE_CURVE('',#5465,(#5469,#5476),.PCURVE_S1.);
#5465 = LINE('',#5466,#5467);
#5466 = CARTESIAN_POINT('',(31.27,-10.4,-4.1));
#5467 = VECTOR('',#5468,1.);
#5468 = DIRECTION('',(-0.,1.,0.));
#5469 = PCURVE('',#3204,#5470);
#5470 = DEFINITIONAL_REPRESENTATION('',(#5471),#5475);
#5471 = LINE('',#5472,#5473);
#5472 = CARTESIAN_POINT('',(0.,0.));
#5473 = VECTOR('',#5474,1.);
#5474 = DIRECTION('',(0.,-1.));
#5475 = ( GEOMETRIC_REPRESENTATION_CONTEXT(2) 
PARAMETRIC_REPRESENTATION_CONTEXT() REPRESENTATION_CONTEXT('2D SPACE',''
  ) );
#5476 = PCURVE('',#3180,#5477);
#5477 = DEFINITIONAL_REPRESENTATION('',(#5478),#5482);
#5478 = LINE('',#5479,#5480);
#5479 = CARTESIAN_POINT('',(15.2,0.));
#5480 = VECTOR('',#5481,1.);
#5481 = DIRECTION('',(0.,1.));
#5482 = ( GEOMETRIC_REPRESENTATION_CONTEXT(2) 
PARAMETRIC_REPRESENTATION_CONTEXT() REPRESENTATION_CONTEXT('2D SPACE',''
  ) );
#5483 = ORIENTED_EDGE('',*,*,#5484,.T.);
#5484 = EDGE_CURVE('',#5462,#5364,#5485,.T.);
#5485 = SURFACE_CURVE('',#5486,(#5490,#5497),.PCURVE_S1.);
#5486 = LINE('',#5487,#5488);
#5487 = CARTESIAN_POINT('',(31.27,-4.8,-4.1));
#5488 = VECTOR('',#5489,1.);
#5489 = DIRECTION('',(0.,0.,1.));
#5490 = PCURVE('',#3204,#5491);
#5491 = DEFINITIONAL_REPRESENTATION('',(#5492),#5496);
#5492 = LINE('',#5493,#5494);
#5493 = CARTESIAN_POINT('',(0.,-5.6));
#5494 = VECTOR('',#5495,1.);
#5495 = DIRECTION('',(1.,0.));
#5496 = ( GEOMETRIC_REPRESENTATION_CONTEXT(2) 
PARAMETRIC_REPRESENTATION_CONTEXT() REPRESENTATION_CONTEXT('2D SPACE',''
  ) );
#5497 = PCURVE('',#4677,#5498);
#5498 = DEFINITIONAL_REPRESENTATION('',(#5499),#5503);
#5499 = LINE('',#5500,#5501);
#5500 = CARTESIAN_POINT('',(0.,15.2));
#5501 = VECTOR('',#5502,1.);
#5502 = DIRECTION('',(1.,0.));
#5503 = ( GEOMETRIC_REPRESENTATION_CONTEXT(2) 
PARAMETRIC_REPRESENTATION_CONTEXT() REPRESENTATION_CONTEXT('2D SPACE',''
  ) );
#5504 = ADVANCED_FACE('',(#5505),#3180,.T.);
#5505 = FACE_BOUND('',#5506,.T.);
#5506 = EDGE_LOOP('',(#5507,#5508,#5509,#5510));
#5507 = ORIENTED_EDGE('',*,*,#5412,.F.);
#5508 = ORIENTED_EDGE('',*,*,#3165,.T.);
#5509 = ORIENTED_EDGE('',*,*,#5461,.T.);
#5510 = ORIENTED_EDGE('',*,*,#5511,.F.);
#5511 = EDGE_CURVE('',#5413,#5462,#5512,.T.);
#5512 = SURFACE_CURVE('',#5513,(#5517,#5524),.PCURVE_S1.);
#5513 = LINE('',#5514,#5515);
#5514 = CARTESIAN_POINT('',(16.07,-4.8,-4.1));
#5515 = VECTOR('',#5516,1.);
#5516 = DIRECTION('',(1.,0.,-0.));
#5517 = PCURVE('',#3180,#5518);
#5518 = DEFINITIONAL_REPRESENTATION('',(#5519),#5523);
#5519 = LINE('',#5520,#5521);
#5520 = CARTESIAN_POINT('',(0.,5.6));
#5521 = VECTOR('',#5522,1.);
#5522 = DIRECTION('',(1.,0.));
#5523 = ( GEOMETRIC_REPRESENTATION_CONTEXT(2) 
PARAMETRIC_REPRESENTATION_CONTEXT() REPRESENTATION_CONTEXT('2D SPACE',''
  ) );
#5524 = PCURVE('',#4677,#5525);
#5525 = DEFINITIONAL_REPRESENTATION('',(#5526),#5530);
#5526 = LINE('',#5527,#5528);
#5527 = CARTESIAN_POINT('',(0.,0.));
#5528 = VECTOR('',#5529,1.);
#5529 = DIRECTION('',(0.,1.));
#5530 = ( GEOMETRIC_REPRESENTATION_CONTEXT(2) 
PARAMETRIC_REPRESENTATION_CONTEXT() REPRESENTATION_CONTEXT('2D SPACE',''
  ) );
#5531 = ADVANCED_FACE('',(#5532),#3234,.F.);
#5532 = FACE_BOUND('',#5533,.F.);
#5533 = EDGE_LOOP('',(#5534,#5557,#5579,#5580));
#5534 = ORIENTED_EDGE('',*,*,#5535,.T.);
#5535 = EDGE_CURVE('',#3218,#5536,#5538,.T.);
#5536 = VERTEX_POINT('',#5537);
#5537 = CARTESIAN_POINT('',(75.5,-3.9,20.35));
#5538 = SEAM_CURVE('',#5539,(#5543,#5550),.PCURVE_S1.);
#5539 = LINE('',#5540,#5541);
#5540 = CARTESIAN_POINT('',(75.5,-6.4,20.35));
#5541 = VECTOR('',#5542,1.);
#5542 = DIRECTION('',(0.,1.,2.22044604925E-16));
#5543 = PCURVE('',#3234,#5544);
#5544 = DEFINITIONAL_REPRESENTATION('',(#5545),#5549);
#5545 = LINE('',#5546,#5547);
#5546 = CARTESIAN_POINT('',(6.28318530718,-0.));
#5547 = VECTOR('',#5548,1.);
#5548 = DIRECTION('',(0.,1.));
#5549 = ( GEOMETRIC_REPRESENTATION_CONTEXT(2) 
PARAMETRIC_REPRESENTATION_CONTEXT() REPRESENTATION_CONTEXT('2D SPACE',''
  ) );
#5550 = PCURVE('',#3234,#5551);
#5551 = DEFINITIONAL_REPRESENTATION('',(#5552),#5556);
#5552 = LINE('',#5553,#5554);
#5553 = CARTESIAN_POINT('',(0.,-0.));
#5554 = VECTOR('',#5555,1.);
#5555 = DIRECTION('',(0.,1.));
#5556 = ( GEOMETRIC_REPRESENTATION_CONTEXT(2) 
PARAMETRIC_REPRESENTATION_CONTEXT() REPRESENTATION_CONTEXT('2D SPACE',''
  ) );
#5557 = ORIENTED_EDGE('',*,*,#5558,.F.);
#5558 = EDGE_CURVE('',#5536,#5536,#5559,.T.);
#5559 = SURFACE_CURVE('',#5560,(#5565,#5572),.PCURVE_S1.);
#5560 = CIRCLE('',#5561,2.5);
#5561 = AXIS2_PLACEMENT_3D('',#5562,#5563,#5564);
#5562 = CARTESIAN_POINT('',(73.,-3.9,20.35));
#5563 = DIRECTION('',(0.,1.,2.22044604925E-16));
#5564 = DIRECTION('',(1.,0.,-0.));
#5565 = PCURVE('',#3234,#5566);
#5566 = DEFINITIONAL_REPRESENTATION('',(#5567),#5571);
#5567 = LINE('',#5568,#5569);
#5568 = CARTESIAN_POINT('',(0.,2.5));
#5569 = VECTOR('',#5570,1.);
#5570 = DIRECTION('',(1.,0.));
#5571 = ( GEOMETRIC_REPRESENTATION_CONTEXT(2) 
PARAMETRIC_REPRESENTATION_CONTEXT() REPRESENTATION_CONTEXT('2D SPACE',''
  ) );
#5572 = PCURVE('',#4954,#5573);
#5573 = DEFINITIONAL_REPRESENTATION('',(#5574),#5578);
#5574 = CIRCLE('',#5575,2.5);
#5575 = AXIS2_PLACEMENT_2D('',#5576,#5577);
#5576 = CARTESIAN_POINT('',(0.,0.));
#5577 = DIRECTION('',(1.,0.));
#5578 = ( GEOMETRIC_REPRESENTATION_CONTEXT(2) 
PARAMETRIC_REPRESENTATION_CONTEXT() REPRESENTATION_CONTEXT('2D SPACE',''
  ) );
#5579 = ORIENTED_EDGE('',*,*,#5535,.F.);
#5580 = ORIENTED_EDGE('',*,*,#3217,.T.);
#5581 = ADVANCED_FACE('',(#5582),#3437,.F.);
#5582 = FACE_BOUND('',#5583,.F.);
#5583 = EDGE_LOOP('',(#5584,#5603,#5604,#5605));
#5584 = ORIENTED_EDGE('',*,*,#5585,.F.);
#5585 = EDGE_CURVE('',#3401,#3588,#5586,.T.);
#5586 = SURFACE_CURVE('',#5587,(#5591,#5597),.PCURVE_S1.);
#5587 = LINE('',#5588,#5589);
#5588 = CARTESIAN_POINT('',(104.4,82.399999984253,-34.4));
#5589 = VECTOR('',#5590,1.);
#5590 = DIRECTION('',(-4.329780281177E-17,-0.707106781187,
    -0.707106781187));
#5591 = PCURVE('',#3437,#5592);
#5592 = DEFINITIONAL_REPRESENTATION('',(#5593),#5596);
#5593 = B_SPLINE_CURVE_WITH_KNOTS('',1,(#5594,#5595),.UNSPECIFIED.,.F.,
  .F.,(2,2),(0.,2.12132034356),.PIECEWISE_BEZIER_KNOTS.);
#5594 = CARTESIAN_POINT('',(1.42108547152E-14,-1.06066017178));
#5595 = CARTESIAN_POINT('',(1.42108547152E-14,1.06066017178));
#5596 = ( GEOMETRIC_REPRESENTATION_CONTEXT(2) 
PARAMETRIC_REPRESENTATION_CONTEXT() REPRESENTATION_CONTEXT('2D SPACE',''
  ) );
#5597 = PCURVE('',#3604,#5598);
#5598 = DEFINITIONAL_REPRESENTATION('',(#5599),#5602);
#5599 = B_SPLINE_CURVE_WITH_KNOTS('',1,(#5600,#5601),.UNSPECIFIED.,.F.,
  .F.,(2,2),(0.,2.12132034356),.PIECEWISE_BEZIER_KNOTS.);
#5600 = CARTESIAN_POINT('',(1.570796326795,0.));
#5601 = CARTESIAN_POINT('',(1.570796326795,-1.5));
#5602 = ( GEOMETRIC_REPRESENTATION_CONTEXT(2) 
PARAMETRIC_REPRESENTATION_CONTEXT() REPRESENTATION_CONTEXT('2D SPACE',''
  ) );
#5603 = ORIENTED_EDGE('',*,*,#3423,.T.);
#5604 = ORIENTED_EDGE('',*,*,#3452,.T.);
#5605 = ORIENTED_EDGE('',*,*,#3616,.F.);
#5606 = ADVANCED_FACE('',(#5607),#3518,.T.);
#5607 = FACE_BOUND('',#5608,.F.);
#5608 = EDGE_LOOP('',(#5609,#5610,#5611,#5630));
#5609 = ORIENTED_EDGE('',*,*,#3697,.F.);
#5610 = ORIENTED_EDGE('',*,*,#3810,.T.);
#5611 = ORIENTED_EDGE('',*,*,#5612,.T.);
#5612 = EDGE_CURVE('',#3790,#3503,#5613,.T.);
#5613 = SURFACE_CURVE('',#5614,(#5618,#5624),.PCURVE_S1.);
#5614 = LINE('',#5615,#5616);
#5615 = CARTESIAN_POINT('',(104.4,-4.649999999997,-35.15));
#5616 = VECTOR('',#5617,1.);
#5617 = DIRECTION('',(-0.,0.707106781187,-0.707106781187));
#5618 = PCURVE('',#3518,#5619);
#5619 = DEFINITIONAL_REPRESENTATION('',(#5620),#5623);
#5620 = B_SPLINE_CURVE_WITH_KNOTS('',1,(#5621,#5622),.UNSPECIFIED.,.F.,
  .F.,(2,2),(-1.06066017178,1.06066017178),.PIECEWISE_BEZIER_KNOTS.);
#5621 = CARTESIAN_POINT('',(-111.8,-1.06066017178));
#5622 = CARTESIAN_POINT('',(-111.8,1.06066017178));
#5623 = ( GEOMETRIC_REPRESENTATION_CONTEXT(2) 
PARAMETRIC_REPRESENTATION_CONTEXT() REPRESENTATION_CONTEXT('2D SPACE',''
  ) );
#5624 = PCURVE('',#3547,#5625);
#5625 = DEFINITIONAL_REPRESENTATION('',(#5626),#5629);
#5626 = B_SPLINE_CURVE_WITH_KNOTS('',1,(#5627,#5628),.UNSPECIFIED.,.F.,
  .F.,(2,2),(-1.06066017178,1.06066017178),.PIECEWISE_BEZIER_KNOTS.);
#5627 = CARTESIAN_POINT('',(0.,0.));
#5628 = CARTESIAN_POINT('',(0.,-1.5));
#5629 = ( GEOMETRIC_REPRESENTATION_CONTEXT(2) 
PARAMETRIC_REPRESENTATION_CONTEXT() REPRESENTATION_CONTEXT('2D SPACE',''
  ) );
#5630 = ORIENTED_EDGE('',*,*,#3500,.F.);
#5631 = ADVANCED_FACE('',(#5632),#3547,.T.);
#5632 = FACE_BOUND('',#5633,.F.);
#5633 = EDGE_LOOP('',(#5634,#5635,#5636,#5655));
#5634 = ORIENTED_EDGE('',*,*,#5612,.F.);
#5635 = ORIENTED_EDGE('',*,*,#5074,.T.);
#5636 = ORIENTED_EDGE('',*,*,#5637,.T.);
#5637 = EDGE_CURVE('',#5028,#3531,#5638,.T.);
#5638 = SURFACE_CURVE('',#5639,(#5643,#5649),.PCURVE_S1.);
#5639 = LINE('',#5640,#5641);
#5640 = CARTESIAN_POINT('',(107.4,-2.400000000003,-34.4));
#5641 = VECTOR('',#5642,1.);
#5642 = DIRECTION('',(-0.707106781187,4.329780281177E-17,-0.707106781187
    ));
#5643 = PCURVE('',#3547,#5644);
#5644 = DEFINITIONAL_REPRESENTATION('',(#5645),#5648);
#5645 = B_SPLINE_CURVE_WITH_KNOTS('',1,(#5646,#5647),.UNSPECIFIED.,.F.,
  .F.,(2,2),(0.,2.12132034356),.PIECEWISE_BEZIER_KNOTS.);
#5646 = CARTESIAN_POINT('',(1.570796326795,0.));
#5647 = CARTESIAN_POINT('',(1.570796326795,-1.5));
#5648 = ( GEOMETRIC_REPRESENTATION_CONTEXT(2) 
PARAMETRIC_REPRESENTATION_CONTEXT() REPRESENTATION_CONTEXT('2D SPACE',''
  ) );
#5649 = PCURVE('',#3575,#5650);
#5650 = DEFINITIONAL_REPRESENTATION('',(#5651),#5654);
#5651 = B_SPLINE_CURVE_WITH_KNOTS('',1,(#5652,#5653),.UNSPECIFIED.,.F.,
  .F.,(2,2),(0.,2.12132034356),.PIECEWISE_BEZIER_KNOTS.);
#5652 = CARTESIAN_POINT('',(0.,-1.06066017178));
#5653 = CARTESIAN_POINT('',(0.,1.06066017178));
#5654 = ( GEOMETRIC_REPRESENTATION_CONTEXT(2) 
PARAMETRIC_REPRESENTATION_CONTEXT() REPRESENTATION_CONTEXT('2D SPACE',''
  ) );
#5655 = ORIENTED_EDGE('',*,*,#3530,.F.);
#5656 = ADVANCED_FACE('',(#5657),#3575,.T.);
#5657 = FACE_BOUND('',#5658,.F.);
#5658 = EDGE_LOOP('',(#5659,#5660,#5661,#5680));
#5659 = ORIENTED_EDGE('',*,*,#5637,.F.);
#5660 = ORIENTED_EDGE('',*,*,#5049,.T.);
#5661 = ORIENTED_EDGE('',*,*,#5662,.T.);
#5662 = EDGE_CURVE('',#4970,#3560,#5663,.T.);
#5663 = SURFACE_CURVE('',#5664,(#5668,#5674),.PCURVE_S1.);
#5664 = LINE('',#5665,#5666);
#5665 = CARTESIAN_POINT('',(106.65,79.399999984253,-35.15));
#5666 = VECTOR('',#5667,1.);
#5667 = DIRECTION('',(-0.707106781187,0.,-0.707106781187));
#5668 = PCURVE('',#3575,#5669);
#5669 = DEFINITIONAL_REPRESENTATION('',(#5670),#5673);
#5670 = B_SPLINE_CURVE_WITH_KNOTS('',1,(#5671,#5672),.UNSPECIFIED.,.F.,
  .F.,(2,2),(-1.06066017178,1.06066017178),.PIECEWISE_BEZIER_KNOTS.);
#5671 = CARTESIAN_POINT('',(-81.79999998425,-1.06066017178));
#5672 = CARTESIAN_POINT('',(-81.79999998425,1.06066017178));
#5673 = ( GEOMETRIC_REPRESENTATION_CONTEXT(2) 
PARAMETRIC_REPRESENTATION_CONTEXT() REPRESENTATION_CONTEXT('2D SPACE',''
  ) );
#5674 = PCURVE('',#3604,#5675);
#5675 = DEFINITIONAL_REPRESENTATION('',(#5676),#5679);
#5676 = B_SPLINE_CURVE_WITH_KNOTS('',1,(#5677,#5678),.UNSPECIFIED.,.F.,
  .F.,(2,2),(-1.06066017178,1.06066017178),.PIECEWISE_BEZIER_KNOTS.);
#5677 = CARTESIAN_POINT('',(0.,0.));
#5678 = CARTESIAN_POINT('',(0.,-1.5));
#5679 = ( GEOMETRIC_REPRESENTATION_CONTEXT(2) 
PARAMETRIC_REPRESENTATION_CONTEXT() REPRESENTATION_CONTEXT('2D SPACE',''
  ) );
#5680 = ORIENTED_EDGE('',*,*,#3559,.F.);
#5681 = ADVANCED_FACE('',(#5682),#3604,.T.);
#5682 = FACE_BOUND('',#5683,.F.);
#5683 = EDGE_LOOP('',(#5684,#5685,#5686,#5687));
#5684 = ORIENTED_EDGE('',*,*,#5662,.F.);
#5685 = ORIENTED_EDGE('',*,*,#4990,.T.);
#5686 = ORIENTED_EDGE('',*,*,#5585,.T.);
#5687 = ORIENTED_EDGE('',*,*,#3587,.F.);
#5688 = ADVANCED_FACE('',(#5689),#3680,.F.);
#5689 = FACE_BOUND('',#5690,.F.);
#5690 = EDGE_LOOP('',(#5691,#5714,#5741,#5742));
#5691 = ORIENTED_EDGE('',*,*,#5692,.T.);
#5692 = EDGE_CURVE('',#3664,#5693,#5695,.T.);
#5693 = VERTEX_POINT('',#5694);
#5694 = CARTESIAN_POINT('',(64.,62.,-22.4));
#5695 = SEAM_CURVE('',#5696,(#5700,#5707),.PCURVE_S1.);
#5696 = LINE('',#5697,#5698);
#5697 = CARTESIAN_POINT('',(64.,62.,-35.91));
#5698 = VECTOR('',#5699,1.);
#5699 = DIRECTION('',(0.,0.,1.));
#5700 = PCURVE('',#3680,#5701);
#5701 = DEFINITIONAL_REPRESENTATION('',(#5702),#5706);
#5702 = LINE('',#5703,#5704);
#5703 = CARTESIAN_POINT('',(6.28318530718,-0.));
#5704 = VECTOR('',#5705,1.);
#5705 = DIRECTION('',(0.,1.));
#5706 = ( GEOMETRIC_REPRESENTATION_CONTEXT(2) 
PARAMETRIC_REPRESENTATION_CONTEXT() REPRESENTATION_CONTEXT('2D SPACE',''
  ) );
#5707 = PCURVE('',#3680,#5708);
#5708 = DEFINITIONAL_REPRESENTATION('',(#5709),#5713);
#5709 = LINE('',#5710,#5711);
#5710 = CARTESIAN_POINT('',(0.,-0.));
#5711 = VECTOR('',#5712,1.);
#5712 = DIRECTION('',(0.,1.));
#5713 = ( GEOMETRIC_REPRESENTATION_CONTEXT(2) 
PARAMETRIC_REPRESENTATION_CONTEXT() REPRESENTATION_CONTEXT('2D SPACE',''
  ) );
#5714 = ORIENTED_EDGE('',*,*,#5715,.F.);
#5715 = EDGE_CURVE('',#5693,#5693,#5716,.T.);
#5716 = SURFACE_CURVE('',#5717,(#5722,#5729),.PCURVE_S1.);
#5717 = CIRCLE('',#5718,4.);
#5718 = AXIS2_PLACEMENT_3D('',#5719,#5720,#5721);
#5719 = CARTESIAN_POINT('',(60.,62.,-22.4));
#5720 = DIRECTION('',(0.,0.,1.));
#5721 = DIRECTION('',(1.,0.,-0.));
#5722 = PCURVE('',#3680,#5723);
#5723 = DEFINITIONAL_REPRESENTATION('',(#5724),#5728);
#5724 = LINE('',#5725,#5726);
#5725 = CARTESIAN_POINT('',(0.,13.51));
#5726 = VECTOR('',#5727,1.);
#5727 = DIRECTION('',(1.,0.));
#5728 = ( GEOMETRIC_REPRESENTATION_CONTEXT(2) 
PARAMETRIC_REPRESENTATION_CONTEXT() REPRESENTATION_CONTEXT('2D SPACE',''
  ) );
#5729 = PCURVE('',#5730,#5735);
#5730 = PLANE('',#5731);
#5731 = AXIS2_PLACEMENT_3D('',#5732,#5733,#5734);
#5732 = CARTESIAN_POINT('',(60.,62.,-22.4));
#5733 = DIRECTION('',(0.,0.,1.));
#5734 = DIRECTION('',(1.,0.,-0.));
#5735 = DEFINITIONAL_REPRESENTATION('',(#5736),#5740);
#5736 = CIRCLE('',#5737,4.);
#5737 = AXIS2_PLACEMENT_2D('',#5738,#5739);
#5738 = CARTESIAN_POINT('',(0.,0.));
#5739 = DIRECTION('',(1.,0.));
#5740 = ( GEOMETRIC_REPRESENTATION_CONTEXT(2) 
PARAMETRIC_REPRESENTATION_CONTEXT() REPRESENTATION_CONTEXT('2D SPACE',''
  ) );
#5741 = ORIENTED_EDGE('',*,*,#5692,.F.);
#5742 = ORIENTED_EDGE('',*,*,#3663,.T.);
#5743 = ADVANCED_FACE('',(#5744),#3758,.T.);
#5744 = FACE_BOUND('',#5745,.T.);
#5745 = EDGE_LOOP('',(#5746,#5747,#5748,#5749));
#5746 = ORIENTED_EDGE('',*,*,#5136,.F.);
#5747 = ORIENTED_EDGE('',*,*,#3743,.T.);
#5748 = ORIENTED_EDGE('',*,*,#5235,.T.);
#5749 = ORIENTED_EDGE('',*,*,#5750,.F.);
#5750 = EDGE_CURVE('',#5137,#5236,#5751,.T.);
#5751 = SURFACE_CURVE('',#5752,(#5756,#5763),.PCURVE_S1.);
#5752 = LINE('',#5753,#5754);
#5753 = CARTESIAN_POINT('',(59.4,-4.8,-34.1));
#5754 = VECTOR('',#5755,1.);
#5755 = DIRECTION('',(1.,0.,-0.));
#5756 = PCURVE('',#3758,#5757);
#5757 = DEFINITIONAL_REPRESENTATION('',(#5758),#5762);
#5758 = LINE('',#5759,#5760);
#5759 = CARTESIAN_POINT('',(0.,5.6));
#5760 = VECTOR('',#5761,1.);
#5761 = DIRECTION('',(1.,0.));
#5762 = ( GEOMETRIC_REPRESENTATION_CONTEXT(2) 
PARAMETRIC_REPRESENTATION_CONTEXT() REPRESENTATION_CONTEXT('2D SPACE',''
  ) );
#5763 = PCURVE('',#4329,#5764);
#5764 = DEFINITIONAL_REPRESENTATION('',(#5765),#5769);
#5765 = LINE('',#5766,#5767);
#5766 = CARTESIAN_POINT('',(0.,0.));
#5767 = VECTOR('',#5768,1.);
#5768 = DIRECTION('',(0.,1.));
#5769 = ( GEOMETRIC_REPRESENTATION_CONTEXT(2) 
PARAMETRIC_REPRESENTATION_CONTEXT() REPRESENTATION_CONTEXT('2D SPACE',''
  ) );
#5770 = ADVANCED_FACE('',(#5771),#3871,.T.);
#5771 = FACE_BOUND('',#5772,.T.);
#5772 = EDGE_LOOP('',(#5773,#5774,#5775,#5776));
#5773 = ORIENTED_EDGE('',*,*,#3974,.F.);
#5774 = ORIENTED_EDGE('',*,*,#3857,.T.);
#5775 = ORIENTED_EDGE('',*,*,#3886,.T.);
#5776 = ORIENTED_EDGE('',*,*,#4023,.F.);
#5777 = ADVANCED_FACE('',(#5778,#5784),#4329,.F.);
#5778 = FACE_BOUND('',#5779,.F.);
#5779 = EDGE_LOOP('',(#5780,#5781,#5782,#5783));
#5780 = ORIENTED_EDGE('',*,*,#5750,.F.);
#5781 = ORIENTED_EDGE('',*,*,#5159,.T.);
#5782 = ORIENTED_EDGE('',*,*,#5208,.T.);
#5783 = ORIENTED_EDGE('',*,*,#5258,.F.);
#5784 = FACE_BOUND('',#5785,.F.);
#5785 = EDGE_LOOP('',(#5786,#5787,#5788,#5789));
#5786 = ORIENTED_EDGE('',*,*,#4314,.F.);
#5787 = ORIENTED_EDGE('',*,*,#4543,.T.);
#5788 = ORIENTED_EDGE('',*,*,#4590,.T.);
#5789 = ORIENTED_EDGE('',*,*,#4615,.F.);
#5790 = ADVANCED_FACE('',(#5791),#4381,.T.);
#5791 = FACE_BOUND('',#5792,.T.);
#5792 = EDGE_LOOP('',(#5793,#5822,#5843,#5844));
#5793 = ORIENTED_EDGE('',*,*,#5794,.F.);
#5794 = EDGE_CURVE('',#5795,#5795,#5797,.T.);
#5795 = VERTEX_POINT('',#5796);
#5796 = CARTESIAN_POINT('',(11.5,12.5,-17.5));
#5797 = SURFACE_CURVE('',#5798,(#5803,#5810),.PCURVE_S1.);
#5798 = CIRCLE('',#5799,3.);
#5799 = AXIS2_PLACEMENT_3D('',#5800,#5801,#5802);
#5800 = CARTESIAN_POINT('',(8.5,12.5,-17.5));
#5801 = DIRECTION('',(0.,0.,1.));
#5802 = DIRECTION('',(1.,0.,-0.));
#5803 = PCURVE('',#4381,#5804);
#5804 = DEFINITIONAL_REPRESENTATION('',(#5805),#5809);
#5805 = LINE('',#5806,#5807);
#5806 = CARTESIAN_POINT('',(0.,16.));
#5807 = VECTOR('',#5808,1.);
#5808 = DIRECTION('',(1.,0.));
#5809 = ( GEOMETRIC_REPRESENTATION_CONTEXT(2) 
PARAMETRIC_REPRESENTATION_CONTEXT() REPRESENTATION_CONTEXT('2D SPACE',''
  ) );
#5810 = PCURVE('',#5811,#5816);
#5811 = PLANE('',#5812);
#5812 = AXIS2_PLACEMENT_3D('',#5813,#5814,#5815);
#5813 = CARTESIAN_POINT('',(8.5,12.5,-17.5));
#5814 = DIRECTION('',(0.,0.,1.));
#5815 = DIRECTION('',(1.,0.,-0.));
#5816 = DEFINITIONAL_REPRESENTATION('',(#5817),#5821);
#5817 = CIRCLE('',#5818,3.);
#5818 = AXIS2_PLACEMENT_2D('',#5819,#5820);
#5819 = CARTESIAN_POINT('',(0.,0.));
#5820 = DIRECTION('',(1.,0.));
#5821 = ( GEOMETRIC_REPRESENTATION_CONTEXT(2) 
PARAMETRIC_REPRESENTATION_CONTEXT() REPRESENTATION_CONTEXT('2D SPACE',''
  ) );
#5822 = ORIENTED_EDGE('',*,*,#5823,.F.);
#5823 = EDGE_CURVE('',#4365,#5795,#5824,.T.);
#5824 = SEAM_CURVE('',#5825,(#5829,#5836),.PCURVE_S1.);
#5825 = LINE('',#5826,#5827);
#5826 = CARTESIAN_POINT('',(11.5,12.5,-33.5));
#5827 = VECTOR('',#5828,1.);
#5828 = DIRECTION('',(0.,0.,1.));
#5829 = PCURVE('',#4381,#5830);
#5830 = DEFINITIONAL_REPRESENTATION('',(#5831),#5835);
#5831 = LINE('',#5832,#5833);
#5832 = CARTESIAN_POINT('',(6.28318530718,-0.));
#5833 = VECTOR('',#5834,1.);
#5834 = DIRECTION('',(0.,1.));
#5835 = ( GEOMETRIC_REPRESENTATION_CONTEXT(2) 
PARAMETRIC_REPRESENTATION_CONTEXT() REPRESENTATION_CONTEXT('2D SPACE',''
  ) );
#5836 = PCURVE('',#4381,#5837);
#5837 = DEFINITIONAL_REPRESENTATION('',(#5838),#5842);
#5838 = LINE('',#5839,#5840);
#5839 = CARTESIAN_POINT('',(0.,-0.));
#5840 = VECTOR('',#5841,1.);
#5841 = DIRECTION('',(0.,1.));
#5842 = ( GEOMETRIC_REPRESENTATION_CONTEXT(2) 
PARAMETRIC_REPRESENTATION_CONTEXT() REPRESENTATION_CONTEXT('2D SPACE',''
  ) );
#5843 = ORIENTED_EDGE('',*,*,#4364,.T.);
#5844 = ORIENTED_EDGE('',*,*,#5823,.T.);
#5845 = ADVANCED_FACE('',(#5846),#4412,.T.);
#5846 = FACE_BOUND('',#5847,.T.);
#5847 = EDGE_LOOP('',(#5848,#5877,#5898,#5899));
#5848 = ORIENTED_EDGE('',*,*,#5849,.F.);
#5849 = EDGE_CURVE('',#5850,#5850,#5852,.T.);
#5850 = VERTEX_POINT('',#5851);
#5851 = CARTESIAN_POINT('',(82.5,12.5,-17.5));
#5852 = SURFACE_CURVE('',#5853,(#5858,#5865),.PCURVE_S1.);
#5853 = CIRCLE('',#5854,3.);
#5854 = AXIS2_PLACEMENT_3D('',#5855,#5856,#5857);
#5855 = CARTESIAN_POINT('',(79.5,12.5,-17.5));
#5856 = DIRECTION('',(0.,0.,1.));
#5857 = DIRECTION('',(1.,0.,-0.));
#5858 = PCURVE('',#4412,#5859);
#5859 = DEFINITIONAL_REPRESENTATION('',(#5860),#5864);
#5860 = LINE('',#5861,#5862);
#5861 = CARTESIAN_POINT('',(0.,16.));
#5862 = VECTOR('',#5863,1.);
#5863 = DIRECTION('',(1.,0.));
#5864 = ( GEOMETRIC_REPRESENTATION_CONTEXT(2) 
PARAMETRIC_REPRESENTATION_CONTEXT() REPRESENTATION_CONTEXT('2D SPACE',''
  ) );
#5865 = PCURVE('',#5866,#5871);
#5866 = PLANE('',#5867);
#5867 = AXIS2_PLACEMENT_3D('',#5868,#5869,#5870);
#5868 = CARTESIAN_POINT('',(79.5,12.5,-17.5));
#5869 = DIRECTION('',(0.,0.,1.));
#5870 = DIRECTION('',(1.,0.,-0.));
#5871 = DEFINITIONAL_REPRESENTATION('',(#5872),#5876);
#5872 = CIRCLE('',#5873,3.);
#5873 = AXIS2_PLACEMENT_2D('',#5874,#5875);
#5874 = CARTESIAN_POINT('',(0.,0.));
#5875 = DIRECTION('',(1.,0.));
#5876 = ( GEOMETRIC_REPRESENTATION_CONTEXT(2) 
PARAMETRIC_REPRESENTATION_CONTEXT() REPRESENTATION_CONTEXT('2D SPACE',''
  ) );
#5877 = ORIENTED_EDGE('',*,*,#5878,.F.);
#5878 = EDGE_CURVE('',#4396,#5850,#5879,.T.);
#5879 = SEAM_CURVE('',#5880,(#5884,#5891),.PCURVE_S1.);
#5880 = LINE('',#5881,#5882);
#5881 = CARTESIAN_POINT('',(82.5,12.5,-33.5));
#5882 = VECTOR('',#5883,1.);
#5883 = DIRECTION('',(0.,0.,1.));
#5884 = PCURVE('',#4412,#5885);
#5885 = DEFINITIONAL_REPRESENTATION('',(#5886),#5890);
#5886 = LINE('',#5887,#5888);
#5887 = CARTESIAN_POINT('',(6.28318530718,-0.));
#5888 = VECTOR('',#5889,1.);
#5889 = DIRECTION('',(0.,1.));
#5890 = ( GEOMETRIC_REPRESENTATION_CONTEXT(2) 
PARAMETRIC_REPRESENTATION_CONTEXT() REPRESENTATION_CONTEXT('2D SPACE',''
  ) );
#5891 = PCURVE('',#4412,#5892);
#5892 = DEFINITIONAL_REPRESENTATION('',(#5893),#5897);
#5893 = LINE('',#5894,#5895);
#5894 = CARTESIAN_POINT('',(0.,-0.));
#5895 = VECTOR('',#5896,1.);
#5896 = DIRECTION('',(0.,1.));
#5897 = ( GEOMETRIC_REPRESENTATION_CONTEXT(2) 
PARAMETRIC_REPRESENTATION_CONTEXT() REPRESENTATION_CONTEXT('2D SPACE',''
  ) );
#5898 = ORIENTED_EDGE('',*,*,#4395,.T.);
#5899 = ORIENTED_EDGE('',*,*,#5878,.T.);
#5900 = ADVANCED_FACE('',(#5901),#4443,.T.);
#5901 = FACE_BOUND('',#5902,.T.);
#5902 = EDGE_LOOP('',(#5903,#5932,#5953,#5954));
#5903 = ORIENTED_EDGE('',*,*,#5904,.F.);
#5904 = EDGE_CURVE('',#5905,#5905,#5907,.T.);
#5905 = VERTEX_POINT('',#5906);
#5906 = CARTESIAN_POINT('',(11.5,73.5,-17.5));
#5907 = SURFACE_CURVE('',#5908,(#5913,#5920),.PCURVE_S1.);
#5908 = CIRCLE('',#5909,3.);
#5909 = AXIS2_PLACEMENT_3D('',#5910,#5911,#5912);
#5910 = CARTESIAN_POINT('',(8.5,73.5,-17.5));
#5911 = DIRECTION('',(0.,0.,1.));
#5912 = DIRECTION('',(1.,0.,-0.));
#5913 = PCURVE('',#4443,#5914);
#5914 = DEFINITIONAL_REPRESENTATION('',(#5915),#5919);
#5915 = LINE('',#5916,#5917);
#5916 = CARTESIAN_POINT('',(0.,16.));
#5917 = VECTOR('',#5918,1.);
#5918 = DIRECTION('',(1.,0.));
#5919 = ( GEOMETRIC_REPRESENTATION_CONTEXT(2) 
PARAMETRIC_REPRESENTATION_CONTEXT() REPRESENTATION_CONTEXT('2D SPACE',''
  ) );
#5920 = PCURVE('',#5921,#5926);
#5921 = PLANE('',#5922);
#5922 = AXIS2_PLACEMENT_3D('',#5923,#5924,#5925);
#5923 = CARTESIAN_POINT('',(8.5,73.5,-17.5));
#5924 = DIRECTION('',(0.,0.,1.));
#5925 = DIRECTION('',(1.,0.,-0.));
#5926 = DEFINITIONAL_REPRESENTATION('',(#5927),#5931);
#5927 = CIRCLE('',#5928,3.);
#5928 = AXIS2_PLACEMENT_2D('',#5929,#5930);
#5929 = CARTESIAN_POINT('',(0.,0.));
#5930 = DIRECTION('',(1.,0.));
#5931 = ( GEOMETRIC_REPRESENTATION_CONTEXT(2) 
PARAMETRIC_REPRESENTATION_CONTEXT() REPRESENTATION_CONTEXT('2D SPACE',''
  ) );
#5932 = ORIENTED_EDGE('',*,*,#5933,.F.);
#5933 = EDGE_CURVE('',#4427,#5905,#5934,.T.);
#5934 = SEAM_CURVE('',#5935,(#5939,#5946),.PCURVE_S1.);
#5935 = LINE('',#5936,#5937);
#5936 = CARTESIAN_POINT('',(11.5,73.5,-33.5));
#5937 = VECTOR('',#5938,1.);
#5938 = DIRECTION('',(0.,0.,1.));
#5939 = PCURVE('',#4443,#5940);
#5940 = DEFINITIONAL_REPRESENTATION('',(#5941),#5945);
#5941 = LINE('',#5942,#5943);
#5942 = CARTESIAN_POINT('',(6.28318530718,-0.));
#5943 = VECTOR('',#5944,1.);
#5944 = DIRECTION('',(0.,1.));
#5945 = ( GEOMETRIC_REPRESENTATION_CONTEXT(2) 
PARAMETRIC_REPRESENTATION_CONTEXT() REPRESENTATION_CONTEXT('2D SPACE',''
  ) );
#5946 = PCURVE('',#4443,#5947);
#5947 = DEFINITIONAL_REPRESENTATION('',(#5948),#5952);
#5948 = LINE('',#5949,#5950);
#5949 = CARTESIAN_POINT('',(0.,-0.));
#5950 = VECTOR('',#5951,1.);
#5951 = DIRECTION('',(0.,1.));
#5952 = ( GEOMETRIC_REPRESENTATION_CONTEXT(2) 
PARAMETRIC_REPRESENTATION_CONTEXT() REPRESENTATION_CONTEXT('2D SPACE',''
  ) );
#5953 = ORIENTED_EDGE('',*,*,#4426,.T.);
#5954 = ORIENTED_EDGE('',*,*,#5933,.T.);
#5955 = ADVANCED_FACE('',(#5956),#4474,.T.);
#5956 = FACE_BOUND('',#5957,.T.);
#5957 = EDGE_LOOP('',(#5958,#5987,#6008,#6009));
#5958 = ORIENTED_EDGE('',*,*,#5959,.F.);
#5959 = EDGE_CURVE('',#5960,#5960,#5962,.T.);
#5960 = VERTEX_POINT('',#5961);
#5961 = CARTESIAN_POINT('',(68.,62.,-21.3));
#5962 = SURFACE_CURVE('',#5963,(#5968,#5975),.PCURVE_S1.);
#5963 = CIRCLE('',#5964,8.);
#5964 = AXIS2_PLACEMENT_3D('',#5965,#5966,#5967);
#5965 = CARTESIAN_POINT('',(60.,62.,-21.3));
#5966 = DIRECTION('',(0.,0.,1.));
#5967 = DIRECTION('',(1.,0.,-0.));
#5968 = PCURVE('',#4474,#5969);
#5969 = DEFINITIONAL_REPRESENTATION('',(#5970),#5974);
#5970 = LINE('',#5971,#5972);
#5971 = CARTESIAN_POINT('',(0.,12.2));
#5972 = VECTOR('',#5973,1.);
#5973 = DIRECTION('',(1.,0.));
#5974 = ( GEOMETRIC_REPRESENTATION_CONTEXT(2) 
PARAMETRIC_REPRESENTATION_CONTEXT() REPRESENTATION_CONTEXT('2D SPACE',''
  ) );
#5975 = PCURVE('',#5976,#5981);
#5976 = PLANE('',#5977);
#5977 = AXIS2_PLACEMENT_3D('',#5978,#5979,#5980);
#5978 = CARTESIAN_POINT('',(60.,62.,-21.3));
#5979 = DIRECTION('',(0.,0.,1.));
#5980 = DIRECTION('',(1.,0.,-0.));
#5981 = DEFINITIONAL_REPRESENTATION('',(#5982),#5986);
#5982 = CIRCLE('',#5983,8.);
#5983 = AXIS2_PLACEMENT_2D('',#5984,#5985);
#5984 = CARTESIAN_POINT('',(0.,0.));
#5985 = DIRECTION('',(1.,0.));
#5986 = ( GEOMETRIC_REPRESENTATION_CONTEXT(2) 
PARAMETRIC_REPRESENTATION_CONTEXT() REPRESENTATION_CONTEXT('2D SPACE',''
  ) );
#5987 = ORIENTED_EDGE('',*,*,#5988,.F.);
#5988 = EDGE_CURVE('',#4458,#5960,#5989,.T.);
#5989 = SEAM_CURVE('',#5990,(#5994,#6001),.PCURVE_S1.);
#5990 = LINE('',#5991,#5992);
#5991 = CARTESIAN_POINT('',(68.,62.,-33.5));
#5992 = VECTOR('',#5993,1.);
#5993 = DIRECTION('',(0.,0.,1.));
#5994 = PCURVE('',#4474,#5995);
#5995 = DEFINITIONAL_REPRESENTATION('',(#5996),#6000);
#5996 = LINE('',#5997,#5998);
#5997 = CARTESIAN_POINT('',(6.28318530718,-0.));
#5998 = VECTOR('',#5999,1.);
#5999 = DIRECTION('',(0.,1.));
#6000 = ( GEOMETRIC_REPRESENTATION_CONTEXT(2) 
PARAMETRIC_REPRESENTATION_CONTEXT() REPRESENTATION_CONTEXT('2D SPACE',''
  ) );
#6001 = PCURVE('',#4474,#6002);
#6002 = DEFINITIONAL_REPRESENTATION('',(#6003),#6007);
#6003 = LINE('',#6004,#6005);
#6004 = CARTESIAN_POINT('',(0.,-0.));
#6005 = VECTOR('',#6006,1.);
#6006 = DIRECTION('',(0.,1.));
#6007 = ( GEOMETRIC_REPRESENTATION_CONTEXT(2) 
PARAMETRIC_REPRESENTATION_CONTEXT() REPRESENTATION_CONTEXT('2D SPACE',''
  ) );
#6008 = ORIENTED_EDGE('',*,*,#4457,.T.);
#6009 = ORIENTED_EDGE('',*,*,#5988,.T.);
#6010 = ADVANCED_FACE('',(#6011),#4505,.T.);
#6011 = FACE_BOUND('',#6012,.T.);
#6012 = EDGE_LOOP('',(#6013,#6042,#6063,#6064));
#6013 = ORIENTED_EDGE('',*,*,#6014,.F.);
#6014 = EDGE_CURVE('',#6015,#6015,#6017,.T.);
#6015 = VERTEX_POINT('',#6016);
#6016 = CARTESIAN_POINT('',(82.5,73.5,-17.5));
#6017 = SURFACE_CURVE('',#6018,(#6023,#6030),.PCURVE_S1.);
#6018 = CIRCLE('',#6019,3.);
#6019 = AXIS2_PLACEMENT_3D('',#6020,#6021,#6022);
#6020 = CARTESIAN_POINT('',(79.5,73.5,-17.5));
#6021 = DIRECTION('',(0.,0.,1.));
#6022 = DIRECTION('',(1.,0.,-0.));
#6023 = PCURVE('',#4505,#6024);
#6024 = DEFINITIONAL_REPRESENTATION('',(#6025),#6029);
#6025 = LINE('',#6026,#6027);
#6026 = CARTESIAN_POINT('',(0.,16.));
#6027 = VECTOR('',#6028,1.);
#6028 = DIRECTION('',(1.,0.));
#6029 = ( GEOMETRIC_REPRESENTATION_CONTEXT(2) 
PARAMETRIC_REPRESENTATION_CONTEXT() REPRESENTATION_CONTEXT('2D SPACE',''
  ) );
#6030 = PCURVE('',#6031,#6036);
#6031 = PLANE('',#6032);
#6032 = AXIS2_PLACEMENT_3D('',#6033,#6034,#6035);
#6033 = CARTESIAN_POINT('',(79.5,73.5,-17.5));
#6034 = DIRECTION('',(0.,0.,1.));
#6035 = DIRECTION('',(1.,0.,-0.));
#6036 = DEFINITIONAL_REPRESENTATION('',(#6037),#6041);
#6037 = CIRCLE('',#6038,3.);
#6038 = AXIS2_PLACEMENT_2D('',#6039,#6040);
#6039 = CARTESIAN_POINT('',(0.,0.));
#6040 = DIRECTION('',(1.,0.));
#6041 = ( GEOMETRIC_REPRESENTATION_CONTEXT(2) 
PARAMETRIC_REPRESENTATION_CONTEXT() REPRESENTATION_CONTEXT('2D SPACE',''
  ) );
#6042 = ORIENTED_EDGE('',*,*,#6043,.F.);
#6043 = EDGE_CURVE('',#4489,#6015,#6044,.T.);
#6044 = SEAM_CURVE('',#6045,(#6049,#6056),.PCURVE_S1.);
#6045 = LINE('',#6046,#6047);
#6046 = CARTESIAN_POINT('',(82.5,73.5,-33.5));
#6047 = VECTOR('',#6048,1.);
#6048 = DIRECTION('',(0.,0.,1.));
#6049 = PCURVE('',#4505,#6050);
#6050 = DEFINITIONAL_REPRESENTATION('',(#6051),#6055);
#6051 = LINE('',#6052,#6053);
#6052 = CARTESIAN_POINT('',(6.28318530718,-0.));
#6053 = VECTOR('',#6054,1.);
#6054 = DIRECTION('',(0.,1.));
#6055 = ( GEOMETRIC_REPRESENTATION_CONTEXT(2) 
PARAMETRIC_REPRESENTATION_CONTEXT() REPRESENTATION_CONTEXT('2D SPACE',''
  ) );
#6056 = PCURVE('',#4505,#6057);
#6057 = DEFINITIONAL_REPRESENTATION('',(#6058),#6062);
#6058 = LINE('',#6059,#6060);
#6059 = CARTESIAN_POINT('',(0.,-0.));
#6060 = VECTOR('',#6061,1.);
#6061 = DIRECTION('',(0.,1.));
#6062 = ( GEOMETRIC_REPRESENTATION_CONTEXT(2) 
PARAMETRIC_REPRESENTATION_CONTEXT() REPRESENTATION_CONTEXT('2D SPACE',''
  ) );
#6063 = ORIENTED_EDGE('',*,*,#4488,.T.);
#6064 = ORIENTED_EDGE('',*,*,#6043,.T.);
#6065 = ADVANCED_FACE('',(#6066,#6072),#4677,.F.);
#6066 = FACE_BOUND('',#6067,.F.);
#6067 = EDGE_LOOP('',(#6068,#6069,#6070,#6071));
#6068 = ORIENTED_EDGE('',*,*,#5511,.F.);
#6069 = ORIENTED_EDGE('',*,*,#5435,.T.);
#6070 = ORIENTED_EDGE('',*,*,#5386,.T.);
#6071 = ORIENTED_EDGE('',*,*,#5484,.F.);
#6072 = FACE_BOUND('',#6073,.F.);
#6073 = EDGE_LOOP('',(#6074,#6075,#6076,#6077));
#6074 = ORIENTED_EDGE('',*,*,#4761,.T.);
#6075 = ORIENTED_EDGE('',*,*,#4662,.T.);
#6076 = ORIENTED_EDGE('',*,*,#4714,.F.);
#6077 = ORIENTED_EDGE('',*,*,#4808,.F.);
#6078 = ADVANCED_FACE('',(#6079,#6082),#4872,.F.);
#6079 = FACE_BOUND('',#6080,.F.);
#6080 = EDGE_LOOP('',(#6081));
#6081 = ORIENTED_EDGE('',*,*,#5312,.T.);
#6082 = FACE_BOUND('',#6083,.F.);
#6083 = EDGE_LOOP('',(#6084));
#6084 = ORIENTED_EDGE('',*,*,#4857,.F.);
#6085 = ADVANCED_FACE('',(#6086,#6089),#4954,.F.);
#6086 = FACE_BOUND('',#6087,.F.);
#6087 = EDGE_LOOP('',(#6088));
#6088 = ORIENTED_EDGE('',*,*,#5558,.T.);
#6089 = FACE_BOUND('',#6090,.F.);
#6090 = EDGE_LOOP('',(#6091));
#6091 = ORIENTED_EDGE('',*,*,#4939,.F.);
#6092 = ADVANCED_FACE('',(#6093),#5730,.F.);
#6093 = FACE_BOUND('',#6094,.F.);
#6094 = EDGE_LOOP('',(#6095));
#6095 = ORIENTED_EDGE('',*,*,#5715,.T.);
#6096 = ADVANCED_FACE('',(#6097,#6100),#5811,.T.);
#6097 = FACE_BOUND('',#6098,.T.);
#6098 = EDGE_LOOP('',(#6099));
#6099 = ORIENTED_EDGE('',*,*,#5794,.T.);
#6100 = FACE_BOUND('',#6101,.T.);
#6101 = EDGE_LOOP('',(#6102));
#6102 = ORIENTED_EDGE('',*,*,#6103,.F.);
#6103 = EDGE_CURVE('',#6104,#6104,#6106,.T.);
#6104 = VERTEX_POINT('',#6105);
#6105 = CARTESIAN_POINT('',(9.75,12.5,-17.5));
#6106 = SURFACE_CURVE('',#6107,(#6112,#6119),.PCURVE_S1.);
#6107 = CIRCLE('',#6108,1.25);
#6108 = AXIS2_PLACEMENT_3D('',#6109,#6110,#6111);
#6109 = CARTESIAN_POINT('',(8.5,12.5,-17.5));
#6110 = DIRECTION('',(0.,0.,1.));
#6111 = DIRECTION('',(1.,0.,-0.));
#6112 = PCURVE('',#5811,#6113);
#6113 = DEFINITIONAL_REPRESENTATION('',(#6114),#6118);
#6114 = CIRCLE('',#6115,1.25);
#6115 = AXIS2_PLACEMENT_2D('',#6116,#6117);
#6116 = CARTESIAN_POINT('',(0.,0.));
#6117 = DIRECTION('',(1.,0.));
#6118 = ( GEOMETRIC_REPRESENTATION_CONTEXT(2) 
PARAMETRIC_REPRESENTATION_CONTEXT() REPRESENTATION_CONTEXT('2D SPACE',''
  ) );
#6119 = PCURVE('',#6120,#6125);
#6120 = CYLINDRICAL_SURFACE('',#6121,1.25);
#6121 = AXIS2_PLACEMENT_3D('',#6122,#6123,#6124);
#6122 = CARTESIAN_POINT('',(8.5,12.5,-25.5));
#6123 = DIRECTION('',(0.,0.,1.));
#6124 = DIRECTION('',(1.,0.,-0.));
#6125 = DEFINITIONAL_REPRESENTATION('',(#6126),#6130);
#6126 = LINE('',#6127,#6128);
#6127 = CARTESIAN_POINT('',(0.,8.));
#6128 = VECTOR('',#6129,1.);
#6129 = DIRECTION('',(1.,0.));
#6130 = ( GEOMETRIC_REPRESENTATION_CONTEXT(2) 
PARAMETRIC_REPRESENTATION_CONTEXT() REPRESENTATION_CONTEXT('2D SPACE',''
  ) );
#6131 = ADVANCED_FACE('',(#6132,#6135),#5866,.T.);
#6132 = FACE_BOUND('',#6133,.T.);
#6133 = EDGE_LOOP('',(#6134));
#6134 = ORIENTED_EDGE('',*,*,#5849,.T.);
#6135 = FACE_BOUND('',#6136,.T.);
#6136 = EDGE_LOOP('',(#6137));
#6137 = ORIENTED_EDGE('',*,*,#6138,.F.);
#6138 = EDGE_CURVE('',#6139,#6139,#6141,.T.);
#6139 = VERTEX_POINT('',#6140);
#6140 = CARTESIAN_POINT('',(80.75,12.5,-17.5));
#6141 = SURFACE_CURVE('',#6142,(#6147,#6154),.PCURVE_S1.);
#6142 = CIRCLE('',#6143,1.25);
#6143 = AXIS2_PLACEMENT_3D('',#6144,#6145,#6146);
#6144 = CARTESIAN_POINT('',(79.5,12.5,-17.5));
#6145 = DIRECTION('',(0.,0.,1.));
#6146 = DIRECTION('',(1.,0.,-0.));
#6147 = PCURVE('',#5866,#6148);
#6148 = DEFINITIONAL_REPRESENTATION('',(#6149),#6153);
#6149 = CIRCLE('',#6150,1.25);
#6150 = AXIS2_PLACEMENT_2D('',#6151,#6152);
#6151 = CARTESIAN_POINT('',(0.,0.));
#6152 = DIRECTION('',(1.,0.));
#6153 = ( GEOMETRIC_REPRESENTATION_CONTEXT(2) 
PARAMETRIC_REPRESENTATION_CONTEXT() REPRESENTATION_CONTEXT('2D SPACE',''
  ) );
#6154 = PCURVE('',#6155,#6160);
#6155 = CYLINDRICAL_SURFACE('',#6156,1.25);
#6156 = AXIS2_PLACEMENT_3D('',#6157,#6158,#6159);
#6157 = CARTESIAN_POINT('',(79.5,12.5,-25.5));
#6158 = DIRECTION('',(0.,0.,1.));
#6159 = DIRECTION('',(1.,0.,-0.));
#6160 = DEFINITIONAL_REPRESENTATION('',(#6161),#6165);
#6161 = LINE('',#6162,#6163);
#6162 = CARTESIAN_POINT('',(0.,8.));
#6163 = VECTOR('',#6164,1.);
#6164 = DIRECTION('',(1.,0.));
#6165 = ( GEOMETRIC_REPRESENTATION_CONTEXT(2) 
PARAMETRIC_REPRESENTATION_CONTEXT() REPRESENTATION_CONTEXT('2D SPACE',''
  ) );
#6166 = ADVANCED_FACE('',(#6167,#6170),#5921,.T.);
#6167 = FACE_BOUND('',#6168,.T.);
#6168 = EDGE_LOOP('',(#6169));
#6169 = ORIENTED_EDGE('',*,*,#5904,.T.);
#6170 = FACE_BOUND('',#6171,.T.);
#6171 = EDGE_LOOP('',(#6172));
#6172 = ORIENTED_EDGE('',*,*,#6173,.F.);
#6173 = EDGE_CURVE('',#6174,#6174,#6176,.T.);
#6174 = VERTEX_POINT('',#6175);
#6175 = CARTESIAN_POINT('',(9.75,73.5,-17.5));
#6176 = SURFACE_CURVE('',#6177,(#6182,#6189),.PCURVE_S1.);
#6177 = CIRCLE('',#6178,1.25);
#6178 = AXIS2_PLACEMENT_3D('',#6179,#6180,#6181);
#6179 = CARTESIAN_POINT('',(8.5,73.5,-17.5));
#6180 = DIRECTION('',(0.,0.,1.));
#6181 = DIRECTION('',(1.,0.,-0.));
#6182 = PCURVE('',#5921,#6183);
#6183 = DEFINITIONAL_REPRESENTATION('',(#6184),#6188);
#6184 = CIRCLE('',#6185,1.25);
#6185 = AXIS2_PLACEMENT_2D('',#6186,#6187);
#6186 = CARTESIAN_POINT('',(0.,0.));
#6187 = DIRECTION('',(1.,0.));
#6188 = ( GEOMETRIC_REPRESENTATION_CONTEXT(2) 
PARAMETRIC_REPRESENTATION_CONTEXT() REPRESENTATION_CONTEXT('2D SPACE',''
  ) );
#6189 = PCURVE('',#6190,#6195);
#6190 = CYLINDRICAL_SURFACE('',#6191,1.25);
#6191 = AXIS2_PLACEMENT_3D('',#6192,#6193,#6194);
#6192 = CARTESIAN_POINT('',(8.5,73.5,-25.5));
#6193 = DIRECTION('',(0.,0.,1.));
#6194 = DIRECTION('',(1.,0.,-0.));
#6195 = DEFINITIONAL_REPRESENTATION('',(#6196),#6200);
#6196 = LINE('',#6197,#6198);
#6197 = CARTESIAN_POINT('',(0.,8.));
#6198 = VECTOR('',#6199,1.);
#6199 = DIRECTION('',(1.,0.));
#6200 = ( GEOMETRIC_REPRESENTATION_CONTEXT(2) 
PARAMETRIC_REPRESENTATION_CONTEXT() REPRESENTATION_CONTEXT('2D SPACE',''
  ) );
#6201 = ADVANCED_FACE('',(#6202),#5976,.T.);
#6202 = FACE_BOUND('',#6203,.T.);
#6203 = EDGE_LOOP('',(#6204));
#6204 = ORIENTED_EDGE('',*,*,#5959,.T.);
#6205 = ADVANCED_FACE('',(#6206,#6209),#6031,.T.);
#6206 = FACE_BOUND('',#6207,.T.);
#6207 = EDGE_LOOP('',(#6208));
#6208 = ORIENTED_EDGE('',*,*,#6014,.T.);
#6209 = FACE_BOUND('',#6210,.T.);
#6210 = EDGE_LOOP('',(#6211));
#6211 = ORIENTED_EDGE('',*,*,#6212,.F.);
#6212 = EDGE_CURVE('',#6213,#6213,#6215,.T.);
#6213 = VERTEX_POINT('',#6214);
#6214 = CARTESIAN_POINT('',(80.75,73.5,-17.5));
#6215 = SURFACE_CURVE('',#6216,(#6221,#6228),.PCURVE_S1.);
#6216 = CIRCLE('',#6217,1.25);
#6217 = AXIS2_PLACEMENT_3D('',#6218,#6219,#6220);
#6218 = CARTESIAN_POINT('',(79.5,73.5,-17.5));
#6219 = DIRECTION('',(0.,0.,1.));
#6220 = DIRECTION('',(1.,0.,-0.));
#6221 = PCURVE('',#6031,#6222);
#6222 = DEFINITIONAL_REPRESENTATION('',(#6223),#6227);
#6223 = CIRCLE('',#6224,1.25);
#6224 = AXIS2_PLACEMENT_2D('',#6225,#6226);
#6225 = CARTESIAN_POINT('',(0.,0.));
#6226 = DIRECTION('',(1.,0.));
#6227 = ( GEOMETRIC_REPRESENTATION_CONTEXT(2) 
PARAMETRIC_REPRESENTATION_CONTEXT() REPRESENTATION_CONTEXT('2D SPACE',''
  ) );
#6228 = PCURVE('',#6229,#6234);
#6229 = CYLINDRICAL_SURFACE('',#6230,1.25);
#6230 = AXIS2_PLACEMENT_3D('',#6231,#6232,#6233);
#6231 = CARTESIAN_POINT('',(79.5,73.5,-25.5));
#6232 = DIRECTION('',(0.,0.,1.));
#6233 = DIRECTION('',(1.,0.,-0.));
#6234 = DEFINITIONAL_REPRESENTATION('',(#6235),#6239);
#6235 = LINE('',#6236,#6237);
#6236 = CARTESIAN_POINT('',(0.,8.));
#6237 = VECTOR('',#6238,1.);
#6238 = DIRECTION('',(1.,0.));
#6239 = ( GEOMETRIC_REPRESENTATION_CONTEXT(2) 
PARAMETRIC_REPRESENTATION_CONTEXT() REPRESENTATION_CONTEXT('2D SPACE',''
  ) );
#6240 = ADVANCED_FACE('',(#6241),#6120,.F.);
#6241 = FACE_BOUND('',#6242,.F.);
#6242 = EDGE_LOOP('',(#6243,#6244,#6267,#6294));
#6243 = ORIENTED_EDGE('',*,*,#6103,.F.);
#6244 = ORIENTED_EDGE('',*,*,#6245,.F.);
#6245 = EDGE_CURVE('',#6246,#6104,#6248,.T.);
#6246 = VERTEX_POINT('',#6247);
#6247 = CARTESIAN_POINT('',(9.75,12.5,-25.5));
#6248 = SEAM_CURVE('',#6249,(#6253,#6260),.PCURVE_S1.);
#6249 = LINE('',#6250,#6251);
#6250 = CARTESIAN_POINT('',(9.75,12.5,-25.5));
#6251 = VECTOR('',#6252,1.);
#6252 = DIRECTION('',(0.,0.,1.));
#6253 = PCURVE('',#6120,#6254);
#6254 = DEFINITIONAL_REPRESENTATION('',(#6255),#6259);
#6255 = LINE('',#6256,#6257);
#6256 = CARTESIAN_POINT('',(6.28318530718,-0.));
#6257 = VECTOR('',#6258,1.);
#6258 = DIRECTION('',(0.,1.));
#6259 = ( GEOMETRIC_REPRESENTATION_CONTEXT(2) 
PARAMETRIC_REPRESENTATION_CONTEXT() REPRESENTATION_CONTEXT('2D SPACE',''
  ) );
#6260 = PCURVE('',#6120,#6261);
#6261 = DEFINITIONAL_REPRESENTATION('',(#6262),#6266);
#6262 = LINE('',#6263,#6264);
#6263 = CARTESIAN_POINT('',(0.,-0.));
#6264 = VECTOR('',#6265,1.);
#6265 = DIRECTION('',(0.,1.));
#6266 = ( GEOMETRIC_REPRESENTATION_CONTEXT(2) 
PARAMETRIC_REPRESENTATION_CONTEXT() REPRESENTATION_CONTEXT('2D SPACE',''
  ) );
#6267 = ORIENTED_EDGE('',*,*,#6268,.T.);
#6268 = EDGE_CURVE('',#6246,#6246,#6269,.T.);
#6269 = SURFACE_CURVE('',#6270,(#6275,#6282),.PCURVE_S1.);
#6270 = CIRCLE('',#6271,1.25);
#6271 = AXIS2_PLACEMENT_3D('',#6272,#6273,#6274);
#6272 = CARTESIAN_POINT('',(8.5,12.5,-25.5));
#6273 = DIRECTION('',(0.,0.,1.));
#6274 = DIRECTION('',(1.,0.,-0.));
#6275 = PCURVE('',#6120,#6276);
#6276 = DEFINITIONAL_REPRESENTATION('',(#6277),#6281);
#6277 = LINE('',#6278,#6279);
#6278 = CARTESIAN_POINT('',(0.,0.));
#6279 = VECTOR('',#6280,1.);
#6280 = DIRECTION('',(1.,0.));
#6281 = ( GEOMETRIC_REPRESENTATION_CONTEXT(2) 
PARAMETRIC_REPRESENTATION_CONTEXT() REPRESENTATION_CONTEXT('2D SPACE',''
  ) );
#6282 = PCURVE('',#6283,#6288);
#6283 = PLANE('',#6284);
#6284 = AXIS2_PLACEMENT_3D('',#6285,#6286,#6287);
#6285 = CARTESIAN_POINT('',(8.5,12.5,-25.5));
#6286 = DIRECTION('',(0.,0.,1.));
#6287 = DIRECTION('',(1.,0.,-0.));
#6288 = DEFINITIONAL_REPRESENTATION('',(#6289),#6293);
#6289 = CIRCLE('',#6290,1.25);
#6290 = AXIS2_PLACEMENT_2D('',#6291,#6292);
#6291 = CARTESIAN_POINT('',(0.,0.));
#6292 = DIRECTION('',(1.,0.));
#6293 = ( GEOMETRIC_REPRESENTATION_CONTEXT(2) 
PARAMETRIC_REPRESENTATION_CONTEXT() REPRESENTATION_CONTEXT('2D SPACE',''
  ) );
#6294 = ORIENTED_EDGE('',*,*,#6245,.T.);
#6295 = ADVANCED_FACE('',(#6296),#6155,.F.);
#6296 = FACE_BOUND('',#6297,.F.);
#6297 = EDGE_LOOP('',(#6298,#6299,#6322,#6349));
#6298 = ORIENTED_EDGE('',*,*,#6138,.F.);
#6299 = ORIENTED_EDGE('',*,*,#6300,.F.);
#6300 = EDGE_CURVE('',#6301,#6139,#6303,.T.);
#6301 = VERTEX_POINT('',#6302);
#6302 = CARTESIAN_POINT('',(80.75,12.5,-25.5));
#6303 = SEAM_CURVE('',#6304,(#6308,#6315),.PCURVE_S1.);
#6304 = LINE('',#6305,#6306);
#6305 = CARTESIAN_POINT('',(80.75,12.5,-25.5));
#6306 = VECTOR('',#6307,1.);
#6307 = DIRECTION('',(0.,0.,1.));
#6308 = PCURVE('',#6155,#6309);
#6309 = DEFINITIONAL_REPRESENTATION('',(#6310),#6314);
#6310 = LINE('',#6311,#6312);
#6311 = CARTESIAN_POINT('',(6.28318530718,-0.));
#6312 = VECTOR('',#6313,1.);
#6313 = DIRECTION('',(0.,1.));
#6314 = ( GEOMETRIC_REPRESENTATION_CONTEXT(2) 
PARAMETRIC_REPRESENTATION_CONTEXT() REPRESENTATION_CONTEXT('2D SPACE',''
  ) );
#6315 = PCURVE('',#6155,#6316);
#6316 = DEFINITIONAL_REPRESENTATION('',(#6317),#6321);
#6317 = LINE('',#6318,#6319);
#6318 = CARTESIAN_POINT('',(0.,-0.));
#6319 = VECTOR('',#6320,1.);
#6320 = DIRECTION('',(0.,1.));
#6321 = ( GEOMETRIC_REPRESENTATION_CONTEXT(2) 
PARAMETRIC_REPRESENTATION_CONTEXT() REPRESENTATION_CONTEXT('2D SPACE',''
  ) );
#6322 = ORIENTED_EDGE('',*,*,#6323,.T.);
#6323 = EDGE_CURVE('',#6301,#6301,#6324,.T.);
#6324 = SURFACE_CURVE('',#6325,(#6330,#6337),.PCURVE_S1.);
#6325 = CIRCLE('',#6326,1.25);
#6326 = AXIS2_PLACEMENT_3D('',#6327,#6328,#6329);
#6327 = CARTESIAN_POINT('',(79.5,12.5,-25.5));
#6328 = DIRECTION('',(0.,0.,1.));
#6329 = DIRECTION('',(1.,0.,-0.));
#6330 = PCURVE('',#6155,#6331);
#6331 = DEFINITIONAL_REPRESENTATION('',(#6332),#6336);
#6332 = LINE('',#6333,#6334);
#6333 = CARTESIAN_POINT('',(0.,0.));
#6334 = VECTOR('',#6335,1.);
#6335 = DIRECTION('',(1.,0.));
#6336 = ( GEOMETRIC_REPRESENTATION_CONTEXT(2) 
PARAMETRIC_REPRESENTATION_CONTEXT() REPRESENTATION_CONTEXT('2D SPACE',''
  ) );
#6337 = PCURVE('',#6338,#6343);
#6338 = PLANE('',#6339);
#6339 = AXIS2_PLACEMENT_3D('',#6340,#6341,#6342);
#6340 = CARTESIAN_POINT('',(79.5,12.5,-25.5));
#6341 = DIRECTION('',(0.,0.,1.));
#6342 = DIRECTION('',(1.,0.,-0.));
#6343 = DEFINITIONAL_REPRESENTATION('',(#6344),#6348);
#6344 = CIRCLE('',#6345,1.25);
#6345 = AXIS2_PLACEMENT_2D('',#6346,#6347);
#6346 = CARTESIAN_POINT('',(0.,0.));
#6347 = DIRECTION('',(1.,0.));
#6348 = ( GEOMETRIC_REPRESENTATION_CONTEXT(2) 
PARAMETRIC_REPRESENTATION_CONTEXT() REPRESENTATION_CONTEXT('2D SPACE',''
  ) );
#6349 = ORIENTED_EDGE('',*,*,#6300,.T.);
#6350 = ADVANCED_FACE('',(#6351),#6190,.F.);
#6351 = FACE_BOUND('',#6352,.F.);
#6352 = EDGE_LOOP('',(#6353,#6354,#6377,#6404));
#6353 = ORIENTED_EDGE('',*,*,#6173,.F.);
#6354 = ORIENTED_EDGE('',*,*,#6355,.F.);
#6355 = EDGE_CURVE('',#6356,#6174,#6358,.T.);
#6356 = VERTEX_POINT('',#6357);
#6357 = CARTESIAN_POINT('',(9.75,73.5,-25.5));
#6358 = SEAM_CURVE('',#6359,(#6363,#6370),.PCURVE_S1.);
#6359 = LINE('',#6360,#6361);
#6360 = CARTESIAN_POINT('',(9.75,73.5,-25.5));
#6361 = VECTOR('',#6362,1.);
#6362 = DIRECTION('',(0.,0.,1.));
#6363 = PCURVE('',#6190,#6364);
#6364 = DEFINITIONAL_REPRESENTATION('',(#6365),#6369);
#6365 = LINE('',#6366,#6367);
#6366 = CARTESIAN_POINT('',(6.28318530718,-0.));
#6367 = VECTOR('',#6368,1.);
#6368 = DIRECTION('',(0.,1.));
#6369 = ( GEOMETRIC_REPRESENTATION_CONTEXT(2) 
PARAMETRIC_REPRESENTATION_CONTEXT() REPRESENTATION_CONTEXT('2D SPACE',''
  ) );
#6370 = PCURVE('',#6190,#6371);
#6371 = DEFINITIONAL_REPRESENTATION('',(#6372),#6376);
#6372 = LINE('',#6373,#6374);
#6373 = CARTESIAN_POINT('',(0.,-0.));
#6374 = VECTOR('',#6375,1.);
#6375 = DIRECTION('',(0.,1.));
#6376 = ( GEOMETRIC_REPRESENTATION_CONTEXT(2) 
PARAMETRIC_REPRESENTATION_CONTEXT() REPRESENTATION_CONTEXT('2D SPACE',''
  ) );
#6377 = ORIENTED_EDGE('',*,*,#6378,.T.);
#6378 = EDGE_CURVE('',#6356,#6356,#6379,.T.);
#6379 = SURFACE_CURVE('',#6380,(#6385,#6392),.PCURVE_S1.);
#6380 = CIRCLE('',#6381,1.25);
#6381 = AXIS2_PLACEMENT_3D('',#6382,#6383,#6384);
#6382 = CARTESIAN_POINT('',(8.5,73.5,-25.5));
#6383 = DIRECTION('',(0.,0.,1.));
#6384 = DIRECTION('',(1.,0.,-0.));
#6385 = PCURVE('',#6190,#6386);
#6386 = DEFINITIONAL_REPRESENTATION('',(#6387),#6391);
#6387 = LINE('',#6388,#6389);
#6388 = CARTESIAN_POINT('',(0.,0.));
#6389 = VECTOR('',#6390,1.);
#6390 = DIRECTION('',(1.,0.));
#6391 = ( GEOMETRIC_REPRESENTATION_CONTEXT(2) 
PARAMETRIC_REPRESENTATION_CONTEXT() REPRESENTATION_CONTEXT('2D SPACE',''
  ) );
#6392 = PCURVE('',#6393,#6398);
#6393 = PLANE('',#6394);
#6394 = AXIS2_PLACEMENT_3D('',#6395,#6396,#6397);
#6395 = CARTESIAN_POINT('',(8.5,73.5,-25.5));
#6396 = DIRECTION('',(0.,0.,1.));
#6397 = DIRECTION('',(1.,0.,-0.));
#6398 = DEFINITIONAL_REPRESENTATION('',(#6399),#6403);
#6399 = CIRCLE('',#6400,1.25);
#6400 = AXIS2_PLACEMENT_2D('',#6401,#6402);
#6401 = CARTESIAN_POINT('',(0.,0.));
#6402 = DIRECTION('',(1.,0.));
#6403 = ( GEOMETRIC_REPRESENTATION_CONTEXT(2) 
PARAMETRIC_REPRESENTATION_CONTEXT() REPRESENTATION_CONTEXT('2D SPACE',''
  ) );
#6404 = ORIENTED_EDGE('',*,*,#6355,.T.);
#6405 = ADVANCED_FACE('',(#6406),#6229,.F.);
#6406 = FACE_BOUND('',#6407,.F.);
#6407 = EDGE_LOOP('',(#6408,#6409,#6432,#6459));
#6408 = ORIENTED_EDGE('',*,*,#6212,.F.);
#6409 = ORIENTED_EDGE('',*,*,#6410,.F.);
#6410 = EDGE_CURVE('',#6411,#6213,#6413,.T.);
#6411 = VERTEX_POINT('',#6412);
#6412 = CARTESIAN_POINT('',(80.75,73.5,-25.5));
#6413 = SEAM_CURVE('',#6414,(#6418,#6425),.PCURVE_S1.);
#6414 = LINE('',#6415,#6416);
#6415 = CARTESIAN_POINT('',(80.75,73.5,-25.5));
#6416 = VECTOR('',#6417,1.);
#6417 = DIRECTION('',(0.,0.,1.));
#6418 = PCURVE('',#6229,#6419);
#6419 = DEFINITIONAL_REPRESENTATION('',(#6420),#6424);
#6420 = LINE('',#6421,#6422);
#6421 = CARTESIAN_POINT('',(6.28318530718,-0.));
#6422 = VECTOR('',#6423,1.);
#6423 = DIRECTION('',(0.,1.));
#6424 = ( GEOMETRIC_REPRESENTATION_CONTEXT(2) 
PARAMETRIC_REPRESENTATION_CONTEXT() REPRESENTATION_CONTEXT('2D SPACE',''
  ) );
#6425 = PCURVE('',#6229,#6426);
#6426 = DEFINITIONAL_REPRESENTATION('',(#6427),#6431);
#6427 = LINE('',#6428,#6429);
#6428 = CARTESIAN_POINT('',(0.,-0.));
#6429 = VECTOR('',#6430,1.);
#6430 = DIRECTION('',(0.,1.));
#6431 = ( GEOMETRIC_REPRESENTATION_CONTEXT(2) 
PARAMETRIC_REPRESENTATION_CONTEXT() REPRESENTATION_CONTEXT('2D SPACE',''
  ) );
#6432 = ORIENTED_EDGE('',*,*,#6433,.T.);
#6433 = EDGE_CURVE('',#6411,#6411,#6434,.T.);
#6434 = SURFACE_CURVE('',#6435,(#6440,#6447),.PCURVE_S1.);
#6435 = CIRCLE('',#6436,1.25);
#6436 = AXIS2_PLACEMENT_3D('',#6437,#6438,#6439);
#6437 = CARTESIAN_POINT('',(79.5,73.5,-25.5));
#6438 = DIRECTION('',(0.,0.,1.));
#6439 = DIRECTION('',(1.,0.,-0.));
#6440 = PCURVE('',#6229,#6441);
#6441 = DEFINITIONAL_REPRESENTATION('',(#6442),#6446);
#6442 = LINE('',#6443,#6444);
#6443 = CARTESIAN_POINT('',(0.,0.));
#6444 = VECTOR('',#6445,1.);
#6445 = DIRECTION('',(1.,0.));
#6446 = ( GEOMETRIC_REPRESENTATION_CONTEXT(2) 
PARAMETRIC_REPRESENTATION_CONTEXT() REPRESENTATION_CONTEXT('2D SPACE',''
  ) );
#6447 = PCURVE('',#6448,#6453);
#6448 = PLANE('',#6449);
#6449 = AXIS2_PLACEMENT_3D('',#6450,#6451,#6452);
#6450 = CARTESIAN_POINT('',(79.5,73.5,-25.5));
#6451 = DIRECTION('',(0.,0.,1.));
#6452 = DIRECTION('',(1.,0.,-0.));
#6453 = DEFINITIONAL_REPRESENTATION('',(#6454),#6458);
#6454 = CIRCLE('',#6455,1.25);
#6455 = AXIS2_PLACEMENT_2D('',#6456,#6457);
#6456 = CARTESIAN_POINT('',(0.,0.));
#6457 = DIRECTION('',(1.,0.));
#6458 = ( GEOMETRIC_REPRESENTATION_CONTEXT(2) 
PARAMETRIC_REPRESENTATION_CONTEXT() REPRESENTATION_CONTEXT('2D SPACE',''
  ) );
#6459 = ORIENTED_EDGE('',*,*,#6410,.T.);
#6460 = ADVANCED_FACE('',(#6461),#6283,.T.);
#6461 = FACE_BOUND('',#6462,.F.);
#6462 = EDGE_LOOP('',(#6463));
#6463 = ORIENTED_EDGE('',*,*,#6268,.F.);
#6464 = ADVANCED_FACE('',(#6465),#6338,.T.);
#6465 = FACE_BOUND('',#6466,.F.);
#6466 = EDGE_LOOP('',(#6467));
#6467 = ORIENTED_EDGE('',*,*,#6323,.F.);
#6468 = ADVANCED_FACE('',(#6469),#6393,.T.);
#6469 = FACE_BOUND('',#6470,.F.);
#6470 = EDGE_LOOP('',(#6471));
#6471 = ORIENTED_EDGE('',*,*,#6378,.F.);
#6472 = ADVANCED_FACE('',(#6473),#6448,.T.);
#6473 = FACE_BOUND('',#6474,.F.);
#6474 = EDGE_LOOP('',(#6475));
#6475 = ORIENTED_EDGE('',*,*,#6433,.F.);
#6476 = ( GEOMETRIC_REPRESENTATION_CONTEXT(3) 
GLOBAL_UNCERTAINTY_ASSIGNED_CONTEXT((#6480)) 
GLOBAL_UNIT_ASSIGNED_CONTEXT((#6477,#6478,#6479)) REPRESENTATION_CONTEXT
('Context #1','3D Context with UNIT and UNCERTAINTY') );
#6477 = ( LENGTH_UNIT() NAMED_UNIT(*) SI_UNIT(.MILLI.,.METRE.) );
#6478 = ( NAMED_UNIT(*) PLANE_ANGLE_UNIT() SI_UNIT($,.RADIAN.) );
#6479 = ( NAMED_UNIT(*) SI_UNIT($,.STERADIAN.) SOLID_ANGLE_UNIT() );
#6480 = UNCERTAINTY_MEASURE_WITH_UNIT(LENGTH_MEASURE(1.E-05),#6477,
  'distance_accuracy_value','confusion accuracy');
#6481 = CONTEXT_DEPENDENT_SHAPE_REPRESENTATION(#6482,#6484);
#6482 = ( REPRESENTATION_RELATIONSHIP('','',#40,#10) 
REPRESENTATION_RELATIONSHIP_WITH_TRANSFORMATION(#6483) 
SHAPE_REPRESENTATION_RELATIONSHIP() );
#6483 = ITEM_DEFINED_TRANSFORMATION('','',#11,#15);
#6484 = PRODUCT_DEFINITION_SHAPE('Placement','Placement of an item',
  #6485);
#6485 = NEXT_ASSEMBLY_USAGE_OCCURRENCE('67','n6_speedcam_case_body','',
  #5,#35,$);
#6486 = PRODUCT_RELATED_PRODUCT_CATEGORY('part',$,(#37));
#6487 = SHAPE_DEFINITION_REPRESENTATION(#6488,#6494);
#6488 = PRODUCT_DEFINITION_SHAPE('','',#6489);
#6489 = PRODUCT_DEFINITION('design','',#6490,#6493);
#6490 = PRODUCT_DEFINITION_FORMATION('','',#6491);
#6491 = PRODUCT('dfr0535','dfr0535','',(#6492));
#6492 = PRODUCT_CONTEXT('',#2,'mechanical');
#6493 = PRODUCT_DEFINITION_CONTEXT('part definition',#2,'design');
#6494 = SHAPE_REPRESENTATION('',(#11,#6495,#6499,#6503),#6507);
#6495 = AXIS2_PLACEMENT_3D('',#6496,#6497,#6498);
#6496 = CARTESIAN_POINT('',(0.,0.,0.));
#6497 = DIRECTION('',(0.,0.,1.));
#6498 = DIRECTION('',(1.,0.,-0.));
#6499 = AXIS2_PLACEMENT_3D('',#6500,#6501,#6502);
#6500 = CARTESIAN_POINT('',(0.,0.,0.));
#6501 = DIRECTION('',(0.,0.,1.));
#6502 = DIRECTION('',(1.,0.,-0.));
#6503 = AXIS2_PLACEMENT_3D('',#6504,#6505,#6506);
#6504 = CARTESIAN_POINT('',(32.,50.,-6.));
#6505 = DIRECTION('',(0.,0.,1.));
#6506 = DIRECTION('',(1.,0.,-0.));
#6507 = ( GEOMETRIC_REPRESENTATION_CONTEXT(3) 
GLOBAL_UNCERTAINTY_ASSIGNED_CONTEXT((#6511)) 
GLOBAL_UNIT_ASSIGNED_CONTEXT((#6508,#6509,#6510)) REPRESENTATION_CONTEXT
('Context #1','3D Context with UNIT and UNCERTAINTY') );
#6508 = ( LENGTH_UNIT() NAMED_UNIT(*) SI_UNIT(.MILLI.,.METRE.) );
#6509 = ( NAMED_UNIT(*) PLANE_ANGLE_UNIT() SI_UNIT($,.RADIAN.) );
#6510 = ( NAMED_UNIT(*) SI_UNIT($,.STERADIAN.) SOLID_ANGLE_UNIT() );
#6511 = UNCERTAINTY_MEASURE_WITH_UNIT(LENGTH_MEASURE(1.E-07),#6508,
  'distance_accuracy_value','confusion accuracy');
#6512 = CONTEXT_DEPENDENT_SHAPE_REPRESENTATION(#6513,#6515);
#6513 = ( REPRESENTATION_RELATIONSHIP('','',#6494,#10) 
REPRESENTATION_RELATIONSHIP_WITH_TRANSFORMATION(#6514) 
SHAPE_REPRESENTATION_RELATIONSHIP() );
#6514 = ITEM_DEFINED_TRANSFORMATION('','',#11,#19);
#6515 = PRODUCT_DEFINITION_SHAPE('Placement','Placement of an item',
  #6516);
#6516 = NEXT_ASSEMBLY_USAGE_OCCURRENCE('71','dfr0535','',#5,#6489,$);
#6517 = PRODUCT_RELATED_PRODUCT_CATEGORY('part',$,(#6491));
#6518 = SHAPE_DEFINITION_REPRESENTATION(#6519,#6525);
#6519 = PRODUCT_DEFINITION_SHAPE('','',#6520);
#6520 = PRODUCT_DEFINITION('design','',#6521,#6524);
#6521 = PRODUCT_DEFINITION_FORMATION('','',#6522);
#6522 = PRODUCT('dfr0535_pcb','dfr0535_pcb','',(#6523));
#6523 = PRODUCT_CONTEXT('',#2,'mechanical');
#6524 = PRODUCT_DEFINITION_CONTEXT('part definition',#2,'design');
#6525 = ADVANCED_BREP_SHAPE_REPRESENTATION('',(#11,#6526),#7528);
#6526 = MANIFOLD_SOLID_BREP('',#6527);
#6527 = CLOSED_SHELL('',(#6528,#6648,#6972,#7022,#7076,#7305,#7332,#7359
    ,#7386,#7413,#7420,#7447,#7474,#7501));
#6528 = ADVANCED_FACE('',(#6529),#6543,.F.);
#6529 = FACE_BOUND('',#6530,.F.);
#6530 = EDGE_LOOP('',(#6531,#6566,#6594,#6622));
#6531 = ORIENTED_EDGE('',*,*,#6532,.F.);
#6532 = EDGE_CURVE('',#6533,#6535,#6537,.T.);
#6533 = VERTEX_POINT('',#6534);
#6534 = CARTESIAN_POINT('',(-4.440892098501E-16,3.,1.6));
#6535 = VERTEX_POINT('',#6536);
#6536 = CARTESIAN_POINT('',(-4.440892098501E-16,65.,1.6));
#6537 = SURFACE_CURVE('',#6538,(#6542,#6554),.PCURVE_S1.);
#6538 = LINE('',#6539,#6540);
#6539 = CARTESIAN_POINT('',(0.,0.,1.6));
#6540 = VECTOR('',#6541,1.);
#6541 = DIRECTION('',(-0.,1.,0.));
#6542 = PCURVE('',#6543,#6548);
#6543 = PLANE('',#6544);
#6544 = AXIS2_PLACEMENT_3D('',#6545,#6546,#6547);
#6545 = CARTESIAN_POINT('',(0.,0.,0.));
#6546 = DIRECTION('',(1.,0.,-0.));
#6547 = DIRECTION('',(0.,0.,1.));
#6548 = DEFINITIONAL_REPRESENTATION('',(#6549),#6553);
#6549 = LINE('',#6550,#6551);
#6550 = CARTESIAN_POINT('',(1.6,0.));
#6551 = VECTOR('',#6552,1.);
#6552 = DIRECTION('',(0.,-1.));
#6553 = ( GEOMETRIC_REPRESENTATION_CONTEXT(2) 
PARAMETRIC_REPRESENTATION_CONTEXT() REPRESENTATION_CONTEXT('2D SPACE',''
  ) );
#6554 = PCURVE('',#6555,#6560);
#6555 = PLANE('',#6556);
#6556 = AXIS2_PLACEMENT_3D('',#6557,#6558,#6559);
#6557 = CARTESIAN_POINT('',(0.,0.,1.6));
#6558 = DIRECTION('',(0.,0.,1.));
#6559 = DIRECTION('',(1.,0.,-0.));
#6560 = DEFINITIONAL_REPRESENTATION('',(#6561),#6565);
#6561 = LINE('',#6562,#6563);
#6562 = CARTESIAN_POINT('',(0.,0.));
#6563 = VECTOR('',#6564,1.);
#6564 = DIRECTION('',(0.,1.));
#6565 = ( GEOMETRIC_REPRESENTATION_CONTEXT(2) 
PARAMETRIC_REPRESENTATION_CONTEXT() REPRESENTATION_CONTEXT('2D SPACE',''
  ) );
#6566 = ORIENTED_EDGE('',*,*,#6567,.F.);
#6567 = EDGE_CURVE('',#6568,#6533,#6570,.T.);
#6568 = VERTEX_POINT('',#6569);
#6569 = CARTESIAN_POINT('',(-4.440892098501E-16,3.,0.));
#6570 = SURFACE_CURVE('',#6571,(#6575,#6582),.PCURVE_S1.);
#6571 = LINE('',#6572,#6573);
#6572 = CARTESIAN_POINT('',(-4.440892098501E-16,3.,0.));
#6573 = VECTOR('',#6574,1.);
#6574 = DIRECTION('',(0.,0.,1.));
#6575 = PCURVE('',#6543,#6576);
#6576 = DEFINITIONAL_REPRESENTATION('',(#6577),#6581);
#6577 = LINE('',#6578,#6579);
#6578 = CARTESIAN_POINT('',(0.,-3.));
#6579 = VECTOR('',#6580,1.);
#6580 = DIRECTION('',(1.,0.));
#6581 = ( GEOMETRIC_REPRESENTATION_CONTEXT(2) 
PARAMETRIC_REPRESENTATION_CONTEXT() REPRESENTATION_CONTEXT('2D SPACE',''
  ) );
#6582 = PCURVE('',#6583,#6588);
#6583 = CYLINDRICAL_SURFACE('',#6584,3.);
#6584 = AXIS2_PLACEMENT_3D('',#6585,#6586,#6587);
#6585 = CARTESIAN_POINT('',(3.,3.,0.));
#6586 = DIRECTION('',(0.,0.,1.));
#6587 = DIRECTION('',(-1.,-0.,0.));
#6588 = DEFINITIONAL_REPRESENTATION('',(#6589),#6593);
#6589 = LINE('',#6590,#6591);
#6590 = CARTESIAN_POINT('',(0.,0.));
#6591 = VECTOR('',#6592,1.);
#6592 = DIRECTION('',(0.,1.));
#6593 = ( GEOMETRIC_REPRESENTATION_CONTEXT(2) 
PARAMETRIC_REPRESENTATION_CONTEXT() REPRESENTATION_CONTEXT('2D SPACE',''
  ) );
#6594 = ORIENTED_EDGE('',*,*,#6595,.T.);
#6595 = EDGE_CURVE('',#6568,#6596,#6598,.T.);
#6596 = VERTEX_POINT('',#6597);
#6597 = CARTESIAN_POINT('',(-4.440892098501E-16,65.,0.));
#6598 = SURFACE_CURVE('',#6599,(#6603,#6610),.PCURVE_S1.);
#6599 = LINE('',#6600,#6601);
#6600 = CARTESIAN_POINT('',(0.,0.,0.));
#6601 = VECTOR('',#6602,1.);
#6602 = DIRECTION('',(-0.,1.,0.));
#6603 = PCURVE('',#6543,#6604);
#6604 = DEFINITIONAL_REPRESENTATION('',(#6605),#6609);
#6605 = LINE('',#6606,#6607);
#6606 = CARTESIAN_POINT('',(0.,0.));
#6607 = VECTOR('',#6608,1.);
#6608 = DIRECTION('',(0.,-1.));
#6609 = ( GEOMETRIC_REPRESENTATION_CONTEXT(2) 
PARAMETRIC_REPRESENTATION_CONTEXT() REPRESENTATION_CONTEXT('2D SPACE',''
  ) );
#6610 = PCURVE('',#6611,#6616);
#6611 = PLANE('',#6612);
#6612 = AXIS2_PLACEMENT_3D('',#6613,#6614,#6615);
#6613 = CARTESIAN_POINT('',(0.,0.,0.));
#6614 = DIRECTION('',(0.,0.,1.));
#6615 = DIRECTION('',(1.,0.,-0.));
#6616 = DEFINITIONAL_REPRESENTATION('',(#6617),#6621);
#6617 = LINE('',#6618,#6619);
#6618 = CARTESIAN_POINT('',(0.,0.));
#6619 = VECTOR('',#6620,1.);
#6620 = DIRECTION('',(0.,1.));
#6621 = ( GEOMETRIC_REPRESENTATION_CONTEXT(2) 
PARAMETRIC_REPRESENTATION_CONTEXT() REPRESENTATION_CONTEXT('2D SPACE',''
  ) );
#6622 = ORIENTED_EDGE('',*,*,#6623,.T.);
#6623 = EDGE_CURVE('',#6596,#6535,#6624,.T.);
#6624 = SURFACE_CURVE('',#6625,(#6629,#6636),.PCURVE_S1.);
#6625 = LINE('',#6626,#6627);
#6626 = CARTESIAN_POINT('',(-4.440892098501E-16,65.,0.));
#6627 = VECTOR('',#6628,1.);
#6628 = DIRECTION('',(0.,0.,1.));
#6629 = PCURVE('',#6543,#6630);
#6630 = DEFINITIONAL_REPRESENTATION('',(#6631),#6635);
#6631 = LINE('',#6632,#6633);
#6632 = CARTESIAN_POINT('',(0.,-65.));
#6633 = VECTOR('',#6634,1.);
#6634 = DIRECTION('',(1.,0.));
#6635 = ( GEOMETRIC_REPRESENTATION_CONTEXT(2) 
PARAMETRIC_REPRESENTATION_CONTEXT() REPRESENTATION_CONTEXT('2D SPACE',''
  ) );
#6636 = PCURVE('',#6637,#6642);
#6637 = CYLINDRICAL_SURFACE('',#6638,3.);
#6638 = AXIS2_PLACEMENT_3D('',#6639,#6640,#6641);
#6639 = CARTESIAN_POINT('',(3.,65.,0.));
#6640 = DIRECTION('',(0.,0.,1.));
#6641 = DIRECTION('',(-1.,-0.,0.));
#6642 = DEFINITIONAL_REPRESENTATION('',(#6643),#6647);
#6643 = LINE('',#6644,#6645);
#6644 = CARTESIAN_POINT('',(-0.,0.));
#6645 = VECTOR('',#6646,1.);
#6646 = DIRECTION('',(-0.,1.));
#6647 = ( GEOMETRIC_REPRESENTATION_CONTEXT(2) 
PARAMETRIC_REPRESENTATION_CONTEXT() REPRESENTATION_CONTEXT('2D SPACE',''
  ) );
#6648 = ADVANCED_FACE('',(#6649,#6848,#6879,#6910,#6941),#6555,.T.);
#6649 = FACE_BOUND('',#6650,.T.);
#6650 = EDGE_LOOP('',(#6651,#6652,#6676,#6704,#6737,#6765,#6794,#6822));
#6651 = ORIENTED_EDGE('',*,*,#6532,.F.);
#6652 = ORIENTED_EDGE('',*,*,#6653,.T.);
#6653 = EDGE_CURVE('',#6533,#6654,#6656,.T.);
#6654 = VERTEX_POINT('',#6655);
#6655 = CARTESIAN_POINT('',(3.,-4.440892098501E-16,1.6));
#6656 = SURFACE_CURVE('',#6657,(#6662,#6669),.PCURVE_S1.);
#6657 = CIRCLE('',#6658,3.);
#6658 = AXIS2_PLACEMENT_3D('',#6659,#6660,#6661);
#6659 = CARTESIAN_POINT('',(3.,3.,1.6));
#6660 = DIRECTION('',(0.,0.,1.));
#6661 = DIRECTION('',(0.,-1.,0.));
#6662 = PCURVE('',#6555,#6663);
#6663 = DEFINITIONAL_REPRESENTATION('',(#6664),#6668);
#6664 = CIRCLE('',#6665,3.);
#6665 = AXIS2_PLACEMENT_2D('',#6666,#6667);
#6666 = CARTESIAN_POINT('',(3.,3.));
#6667 = DIRECTION('',(0.,-1.));
#6668 = ( GEOMETRIC_REPRESENTATION_CONTEXT(2) 
PARAMETRIC_REPRESENTATION_CONTEXT() REPRESENTATION_CONTEXT('2D SPACE',''
  ) );
#6669 = PCURVE('',#6583,#6670);
#6670 = DEFINITIONAL_REPRESENTATION('',(#6671),#6675);
#6671 = LINE('',#6672,#6673);
#6672 = CARTESIAN_POINT('',(-4.712388980385,1.6));
#6673 = VECTOR('',#6674,1.);
#6674 = DIRECTION('',(1.,0.));
#6675 = ( GEOMETRIC_REPRESENTATION_CONTEXT(2) 
PARAMETRIC_REPRESENTATION_CONTEXT() REPRESENTATION_CONTEXT('2D SPACE',''
  ) );
#6676 = ORIENTED_EDGE('',*,*,#6677,.T.);
#6677 = EDGE_CURVE('',#6654,#6678,#6680,.T.);
#6678 = VERTEX_POINT('',#6679);
#6679 = CARTESIAN_POINT('',(75.,-4.440892098501E-16,1.6));
#6680 = SURFACE_CURVE('',#6681,(#6685,#6692),.PCURVE_S1.);
#6681 = LINE('',#6682,#6683);
#6682 = CARTESIAN_POINT('',(0.,0.,1.6));
#6683 = VECTOR('',#6684,1.);
#6684 = DIRECTION('',(1.,0.,-0.));
#6685 = PCURVE('',#6555,#6686);
#6686 = DEFINITIONAL_REPRESENTATION('',(#6687),#6691);
#6687 = LINE('',#6688,#6689);
#6688 = CARTESIAN_POINT('',(0.,0.));
#6689 = VECTOR('',#6690,1.);
#6690 = DIRECTION('',(1.,0.));
#6691 = ( GEOMETRIC_REPRESENTATION_CONTEXT(2) 
PARAMETRIC_REPRESENTATION_CONTEXT() REPRESENTATION_CONTEXT('2D SPACE',''
  ) );
#6692 = PCURVE('',#6693,#6698);
#6693 = PLANE('',#6694);
#6694 = AXIS2_PLACEMENT_3D('',#6695,#6696,#6697);
#6695 = CARTESIAN_POINT('',(0.,0.,0.));
#6696 = DIRECTION('',(-0.,1.,0.));
#6697 = DIRECTION('',(0.,0.,1.));
#6698 = DEFINITIONAL_REPRESENTATION('',(#6699),#6703);
#6699 = LINE('',#6700,#6701);
#6700 = CARTESIAN_POINT('',(1.6,0.));
#6701 = VECTOR('',#6702,1.);
#6702 = DIRECTION('',(0.,1.));
#6703 = ( GEOMETRIC_REPRESENTATION_CONTEXT(2) 
PARAMETRIC_REPRESENTATION_CONTEXT() REPRESENTATION_CONTEXT('2D SPACE',''
  ) );
#6704 = ORIENTED_EDGE('',*,*,#6705,.F.);
#6705 = EDGE_CURVE('',#6706,#6678,#6708,.T.);
#6706 = VERTEX_POINT('',#6707);
#6707 = CARTESIAN_POINT('',(78.,3.,1.6));
#6708 = SURFACE_CURVE('',#6709,(#6714,#6725),.PCURVE_S1.);
#6709 = CIRCLE('',#6710,3.);
#6710 = AXIS2_PLACEMENT_3D('',#6711,#6712,#6713);
#6711 = CARTESIAN_POINT('',(75.,3.,1.6));
#6712 = DIRECTION('',(-0.,-0.,-1.));
#6713 = DIRECTION('',(0.,-1.,0.));
#6714 = PCURVE('',#6555,#6715);
#6715 = DEFINITIONAL_REPRESENTATION('',(#6716),#6724);
#6716 = ( BOUNDED_CURVE() B_SPLINE_CURVE(2,(#6717,#6718,#6719,#6720,
#6721,#6722,#6723),.UNSPECIFIED.,.T.,.F.) B_SPLINE_CURVE_WITH_KNOTS((1,2
    ,2,2,2,1),(-2.094395102393,0.,2.094395102393,4.188790204786,
6.28318530718,8.377580409573),.UNSPECIFIED.) CURVE() 
GEOMETRIC_REPRESENTATION_ITEM() RATIONAL_B_SPLINE_CURVE((1.,0.5,1.,0.5,
1.,0.5,1.)) REPRESENTATION_ITEM('') );
#6717 = CARTESIAN_POINT('',(75.,-4.440892098501E-16));
#6718 = CARTESIAN_POINT('',(69.803847577293,-4.440892098501E-16));
#6719 = CARTESIAN_POINT('',(72.401923788647,4.5));
#6720 = CARTESIAN_POINT('',(75.,9.));
#6721 = CARTESIAN_POINT('',(77.598076211353,4.5));
#6722 = CARTESIAN_POINT('',(80.196152422707,3.996802888651E-15));
#6723 = CARTESIAN_POINT('',(75.,-4.440892098501E-16));
#6724 = ( GEOMETRIC_REPRESENTATION_CONTEXT(2) 
PARAMETRIC_REPRESENTATION_CONTEXT() REPRESENTATION_CONTEXT('2D SPACE',''
  ) );
#6725 = PCURVE('',#6726,#6731);
#6726 = CYLINDRICAL_SURFACE('',#6727,3.);
#6727 = AXIS2_PLACEMENT_3D('',#6728,#6729,#6730);
#6728 = CARTESIAN_POINT('',(75.,3.,0.));
#6729 = DIRECTION('',(0.,0.,1.));
#6730 = DIRECTION('',(1.,0.,-0.));
#6731 = DEFINITIONAL_REPRESENTATION('',(#6732),#6736);
#6732 = LINE('',#6733,#6734);
#6733 = CARTESIAN_POINT('',(4.712388980385,1.6));
#6734 = VECTOR('',#6735,1.);
#6735 = DIRECTION('',(-1.,0.));
#6736 = ( GEOMETRIC_REPRESENTATION_CONTEXT(2) 
PARAMETRIC_REPRESENTATION_CONTEXT() REPRESENTATION_CONTEXT('2D SPACE',''
  ) );
#6737 = ORIENTED_EDGE('',*,*,#6738,.T.);
#6738 = EDGE_CURVE('',#6706,#6739,#6741,.T.);
#6739 = VERTEX_POINT('',#6740);
#6740 = CARTESIAN_POINT('',(78.,65.,1.6));
#6741 = SURFACE_CURVE('',#6742,(#6746,#6753),.PCURVE_S1.);
#6742 = LINE('',#6743,#6744);
#6743 = CARTESIAN_POINT('',(78.,0.,1.6));
#6744 = VECTOR('',#6745,1.);
#6745 = DIRECTION('',(-0.,1.,0.));
#6746 = PCURVE('',#6555,#6747);
#6747 = DEFINITIONAL_REPRESENTATION('',(#6748),#6752);
#6748 = LINE('',#6749,#6750);
#6749 = CARTESIAN_POINT('',(78.,0.));
#6750 = VECTOR('',#6751,1.);
#6751 = DIRECTION('',(0.,1.));
#6752 = ( GEOMETRIC_REPRESENTATION_CONTEXT(2) 
PARAMETRIC_REPRESENTATION_CONTEXT() REPRESENTATION_CONTEXT('2D SPACE',''
  ) );
#6753 = PCURVE('',#6754,#6759);
#6754 = PLANE('',#6755);
#6755 = AXIS2_PLACEMENT_3D('',#6756,#6757,#6758);
#6756 = CARTESIAN_POINT('',(78.,0.,0.));
#6757 = DIRECTION('',(1.,0.,-0.));
#6758 = DIRECTION('',(0.,0.,1.));
#6759 = DEFINITIONAL_REPRESENTATION('',(#6760),#6764);
#6760 = LINE('',#6761,#6762);
#6761 = CARTESIAN_POINT('',(1.6,0.));
#6762 = VECTOR('',#6763,1.);
#6763 = DIRECTION('',(0.,-1.));
#6764 = ( GEOMETRIC_REPRESENTATION_CONTEXT(2) 
PARAMETRIC_REPRESENTATION_CONTEXT() REPRESENTATION_CONTEXT('2D SPACE',''
  ) );
#6765 = ORIENTED_EDGE('',*,*,#6766,.T.);
#6766 = EDGE_CURVE('',#6739,#6767,#6769,.T.);
#6767 = VERTEX_POINT('',#6768);
#6768 = CARTESIAN_POINT('',(75.,68.,1.6));
#6769 = SURFACE_CURVE('',#6770,(#6775,#6782),.PCURVE_S1.);
#6770 = CIRCLE('',#6771,3.);
#6771 = AXIS2_PLACEMENT_3D('',#6772,#6773,#6774);
#6772 = CARTESIAN_POINT('',(75.,65.,1.6));
#6773 = DIRECTION('',(0.,0.,1.));
#6774 = DIRECTION('',(0.,-1.,0.));
#6775 = PCURVE('',#6555,#6776);
#6776 = DEFINITIONAL_REPRESENTATION('',(#6777),#6781);
#6777 = CIRCLE('',#6778,3.);
#6778 = AXIS2_PLACEMENT_2D('',#6779,#6780);
#6779 = CARTESIAN_POINT('',(75.,65.));
#6780 = DIRECTION('',(0.,-1.));
#6781 = ( GEOMETRIC_REPRESENTATION_CONTEXT(2) 
PARAMETRIC_REPRESENTATION_CONTEXT() REPRESENTATION_CONTEXT('2D SPACE',''
  ) );
#6782 = PCURVE('',#6783,#6788);
#6783 = CYLINDRICAL_SURFACE('',#6784,3.);
#6784 = AXIS2_PLACEMENT_3D('',#6785,#6786,#6787);
#6785 = CARTESIAN_POINT('',(75.,65.,0.));
#6786 = DIRECTION('',(0.,0.,1.));
#6787 = DIRECTION('',(1.,0.,-0.));
#6788 = DEFINITIONAL_REPRESENTATION('',(#6789),#6793);
#6789 = LINE('',#6790,#6791);
#6790 = CARTESIAN_POINT('',(-1.570796326795,1.6));
#6791 = VECTOR('',#6792,1.);
#6792 = DIRECTION('',(1.,0.));
#6793 = ( GEOMETRIC_REPRESENTATION_CONTEXT(2) 
PARAMETRIC_REPRESENTATION_CONTEXT() REPRESENTATION_CONTEXT('2D SPACE',''
  ) );
#6794 = ORIENTED_EDGE('',*,*,#6795,.F.);
#6795 = EDGE_CURVE('',#6796,#6767,#6798,.T.);
#6796 = VERTEX_POINT('',#6797);
#6797 = CARTESIAN_POINT('',(3.,68.,1.6));
#6798 = SURFACE_CURVE('',#6799,(#6803,#6810),.PCURVE_S1.);
#6799 = LINE('',#6800,#6801);
#6800 = CARTESIAN_POINT('',(0.,68.,1.6));
#6801 = VECTOR('',#6802,1.);
#6802 = DIRECTION('',(1.,0.,-0.));
#6803 = PCURVE('',#6555,#6804);
#6804 = DEFINITIONAL_REPRESENTATION('',(#6805),#6809);
#6805 = LINE('',#6806,#6807);
#6806 = CARTESIAN_POINT('',(0.,68.));
#6807 = VECTOR('',#6808,1.);
#6808 = DIRECTION('',(1.,0.));
#6809 = ( GEOMETRIC_REPRESENTATION_CONTEXT(2) 
PARAMETRIC_REPRESENTATION_CONTEXT() REPRESENTATION_CONTEXT('2D SPACE',''
  ) );
#6810 = PCURVE('',#6811,#6816);
#6811 = PLANE('',#6812);
#6812 = AXIS2_PLACEMENT_3D('',#6813,#6814,#6815);
#6813 = CARTESIAN_POINT('',(0.,68.,0.));
#6814 = DIRECTION('',(-0.,1.,0.));
#6815 = DIRECTION('',(0.,0.,1.));
#6816 = DEFINITIONAL_REPRESENTATION('',(#6817),#6821);
#6817 = LINE('',#6818,#6819);
#6818 = CARTESIAN_POINT('',(1.6,0.));
#6819 = VECTOR('',#6820,1.);
#6820 = DIRECTION('',(0.,1.));
#6821 = ( GEOMETRIC_REPRESENTATION_CONTEXT(2) 
PARAMETRIC_REPRESENTATION_CONTEXT() REPRESENTATION_CONTEXT('2D SPACE',''
  ) );
#6822 = ORIENTED_EDGE('',*,*,#6823,.F.);
#6823 = EDGE_CURVE('',#6535,#6796,#6824,.T.);
#6824 = SURFACE_CURVE('',#6825,(#6830,#6841),.PCURVE_S1.);
#6825 = CIRCLE('',#6826,3.);
#6826 = AXIS2_PLACEMENT_3D('',#6827,#6828,#6829);
#6827 = CARTESIAN_POINT('',(3.,65.,1.6));
#6828 = DIRECTION('',(-0.,-0.,-1.));
#6829 = DIRECTION('',(0.,-1.,0.));
#6830 = PCURVE('',#6555,#6831);
#6831 = DEFINITIONAL_REPRESENTATION('',(#6832),#6840);
#6832 = ( BOUNDED_CURVE() B_SPLINE_CURVE(2,(#6833,#6834,#6835,#6836,
#6837,#6838,#6839),.UNSPECIFIED.,.T.,.F.) B_SPLINE_CURVE_WITH_KNOTS((1,2
    ,2,2,2,1),(-2.094395102393,0.,2.094395102393,4.188790204786,
6.28318530718,8.377580409573),.UNSPECIFIED.) CURVE() 
GEOMETRIC_REPRESENTATION_ITEM() RATIONAL_B_SPLINE_CURVE((1.,0.5,1.,0.5,
1.,0.5,1.)) REPRESENTATION_ITEM('') );
#6833 = CARTESIAN_POINT('',(3.,62.));
#6834 = CARTESIAN_POINT('',(-2.196152422707,62.));
#6835 = CARTESIAN_POINT('',(0.401923788647,66.5));
#6836 = CARTESIAN_POINT('',(3.,71.));
#6837 = CARTESIAN_POINT('',(5.598076211353,66.5));
#6838 = CARTESIAN_POINT('',(8.196152422707,62.));
#6839 = CARTESIAN_POINT('',(3.,62.));
#6840 = ( GEOMETRIC_REPRESENTATION_CONTEXT(2) 
PARAMETRIC_REPRESENTATION_CONTEXT() REPRESENTATION_CONTEXT('2D SPACE',''
  ) );
#6841 = PCURVE('',#6637,#6842);
#6842 = DEFINITIONAL_REPRESENTATION('',(#6843),#6847);
#6843 = LINE('',#6844,#6845);
#6844 = CARTESIAN_POINT('',(1.570796326795,1.6));
#6845 = VECTOR('',#6846,1.);
#6846 = DIRECTION('',(-1.,0.));
#6847 = ( GEOMETRIC_REPRESENTATION_CONTEXT(2) 
PARAMETRIC_REPRESENTATION_CONTEXT() REPRESENTATION_CONTEXT('2D SPACE',''
  ) );
#6848 = FACE_BOUND('',#6849,.T.);
#6849 = EDGE_LOOP('',(#6850));
#6850 = ORIENTED_EDGE('',*,*,#6851,.F.);
#6851 = EDGE_CURVE('',#6852,#6852,#6854,.T.);
#6852 = VERTEX_POINT('',#6853);
#6853 = CARTESIAN_POINT('',(5.1,3.5,1.6));
#6854 = SURFACE_CURVE('',#6855,(#6860,#6867),.PCURVE_S1.);
#6855 = CIRCLE('',#6856,1.6);
#6856 = AXIS2_PLACEMENT_3D('',#6857,#6858,#6859);
#6857 = CARTESIAN_POINT('',(3.5,3.5,1.6));
#6858 = DIRECTION('',(0.,0.,1.));
#6859 = DIRECTION('',(1.,0.,-0.));
#6860 = PCURVE('',#6555,#6861);
#6861 = DEFINITIONAL_REPRESENTATION('',(#6862),#6866);
#6862 = CIRCLE('',#6863,1.6);
#6863 = AXIS2_PLACEMENT_2D('',#6864,#6865);
#6864 = CARTESIAN_POINT('',(3.5,3.5));
#6865 = DIRECTION('',(1.,0.));
#6866 = ( GEOMETRIC_REPRESENTATION_CONTEXT(2) 
PARAMETRIC_REPRESENTATION_CONTEXT() REPRESENTATION_CONTEXT('2D SPACE',''
  ) );
#6867 = PCURVE('',#6868,#6873);
#6868 = CYLINDRICAL_SURFACE('',#6869,1.6);
#6869 = AXIS2_PLACEMENT_3D('',#6870,#6871,#6872);
#6870 = CARTESIAN_POINT('',(3.5,3.5,-1.));
#6871 = DIRECTION('',(0.,0.,1.));
#6872 = DIRECTION('',(1.,0.,-0.));
#6873 = DEFINITIONAL_REPRESENTATION('',(#6874),#6878);
#6874 = LINE('',#6875,#6876);
#6875 = CARTESIAN_POINT('',(0.,2.6));
#6876 = VECTOR('',#6877,1.);
#6877 = DIRECTION('',(1.,0.));
#6878 = ( GEOMETRIC_REPRESENTATION_CONTEXT(2) 
PARAMETRIC_REPRESENTATION_CONTEXT() REPRESENTATION_CONTEXT('2D SPACE',''
  ) );
#6879 = FACE_BOUND('',#6880,.T.);
#6880 = EDGE_LOOP('',(#6881));
#6881 = ORIENTED_EDGE('',*,*,#6882,.F.);
#6882 = EDGE_CURVE('',#6883,#6883,#6885,.T.);
#6883 = VERTEX_POINT('',#6884);
#6884 = CARTESIAN_POINT('',(76.1,3.5,1.6));
#6885 = SURFACE_CURVE('',#6886,(#6891,#6898),.PCURVE_S1.);
#6886 = CIRCLE('',#6887,1.6);
#6887 = AXIS2_PLACEMENT_3D('',#6888,#6889,#6890);
#6888 = CARTESIAN_POINT('',(74.5,3.5,1.6));
#6889 = DIRECTION('',(0.,0.,1.));
#6890 = DIRECTION('',(1.,0.,-0.));
#6891 = PCURVE('',#6555,#6892);
#6892 = DEFINITIONAL_REPRESENTATION('',(#6893),#6897);
#6893 = CIRCLE('',#6894,1.6);
#6894 = AXIS2_PLACEMENT_2D('',#6895,#6896);
#6895 = CARTESIAN_POINT('',(74.5,3.5));
#6896 = DIRECTION('',(1.,0.));
#6897 = ( GEOMETRIC_REPRESENTATION_CONTEXT(2) 
PARAMETRIC_REPRESENTATION_CONTEXT() REPRESENTATION_CONTEXT('2D SPACE',''
  ) );
#6898 = PCURVE('',#6899,#6904);
#6899 = CYLINDRICAL_SURFACE('',#6900,1.6);
#6900 = AXIS2_PLACEMENT_3D('',#6901,#6902,#6903);
#6901 = CARTESIAN_POINT('',(74.5,3.5,-1.));
#6902 = DIRECTION('',(0.,0.,1.));
#6903 = DIRECTION('',(1.,0.,-0.));
#6904 = DEFINITIONAL_REPRESENTATION('',(#6905),#6909);
#6905 = LINE('',#6906,#6907);
#6906 = CARTESIAN_POINT('',(0.,2.6));
#6907 = VECTOR('',#6908,1.);
#6908 = DIRECTION('',(1.,0.));
#6909 = ( GEOMETRIC_REPRESENTATION_CONTEXT(2) 
PARAMETRIC_REPRESENTATION_CONTEXT() REPRESENTATION_CONTEXT('2D SPACE',''
  ) );
#6910 = FACE_BOUND('',#6911,.T.);
#6911 = EDGE_LOOP('',(#6912));
#6912 = ORIENTED_EDGE('',*,*,#6913,.F.);
#6913 = EDGE_CURVE('',#6914,#6914,#6916,.T.);
#6914 = VERTEX_POINT('',#6915);
#6915 = CARTESIAN_POINT('',(5.1,64.5,1.6));
#6916 = SURFACE_CURVE('',#6917,(#6922,#6929),.PCURVE_S1.);
#6917 = CIRCLE('',#6918,1.6);
#6918 = AXIS2_PLACEMENT_3D('',#6919,#6920,#6921);
#6919 = CARTESIAN_POINT('',(3.5,64.5,1.6));
#6920 = DIRECTION('',(0.,0.,1.));
#6921 = DIRECTION('',(1.,0.,-0.));
#6922 = PCURVE('',#6555,#6923);
#6923 = DEFINITIONAL_REPRESENTATION('',(#6924),#6928);
#6924 = CIRCLE('',#6925,1.6);
#6925 = AXIS2_PLACEMENT_2D('',#6926,#6927);
#6926 = CARTESIAN_POINT('',(3.5,64.5));
#6927 = DIRECTION('',(1.,0.));
#6928 = ( GEOMETRIC_REPRESENTATION_CONTEXT(2) 
PARAMETRIC_REPRESENTATION_CONTEXT() REPRESENTATION_CONTEXT('2D SPACE',''
  ) );
#6929 = PCURVE('',#6930,#6935);
#6930 = CYLINDRICAL_SURFACE('',#6931,1.6);
#6931 = AXIS2_PLACEMENT_3D('',#6932,#6933,#6934);
#6932 = CARTESIAN_POINT('',(3.5,64.5,-1.));
#6933 = DIRECTION('',(0.,0.,1.));
#6934 = DIRECTION('',(1.,0.,-0.));
#6935 = DEFINITIONAL_REPRESENTATION('',(#6936),#6940);
#6936 = LINE('',#6937,#6938);
#6937 = CARTESIAN_POINT('',(0.,2.6));
#6938 = VECTOR('',#6939,1.);
#6939 = DIRECTION('',(1.,0.));
#6940 = ( GEOMETRIC_REPRESENTATION_CONTEXT(2) 
PARAMETRIC_REPRESENTATION_CONTEXT() REPRESENTATION_CONTEXT('2D SPACE',''
  ) );
#6941 = FACE_BOUND('',#6942,.T.);
#6942 = EDGE_LOOP('',(#6943));
#6943 = ORIENTED_EDGE('',*,*,#6944,.F.);
#6944 = EDGE_CURVE('',#6945,#6945,#6947,.T.);
#6945 = VERTEX_POINT('',#6946);
#6946 = CARTESIAN_POINT('',(76.1,64.5,1.6));
#6947 = SURFACE_CURVE('',#6948,(#6953,#6960),.PCURVE_S1.);
#6948 = CIRCLE('',#6949,1.6);
#6949 = AXIS2_PLACEMENT_3D('',#6950,#6951,#6952);
#6950 = CARTESIAN_POINT('',(74.5,64.5,1.6));
#6951 = DIRECTION('',(0.,0.,1.));
#6952 = DIRECTION('',(1.,0.,-0.));
#6953 = PCURVE('',#6555,#6954);
#6954 = DEFINITIONAL_REPRESENTATION('',(#6955),#6959);
#6955 = CIRCLE('',#6956,1.6);
#6956 = AXIS2_PLACEMENT_2D('',#6957,#6958);
#6957 = CARTESIAN_POINT('',(74.5,64.5));
#6958 = DIRECTION('',(1.,0.));
#6959 = ( GEOMETRIC_REPRESENTATION_CONTEXT(2) 
PARAMETRIC_REPRESENTATION_CONTEXT() REPRESENTATION_CONTEXT('2D SPACE',''
  ) );
#6960 = PCURVE('',#6961,#6966);
#6961 = CYLINDRICAL_SURFACE('',#6962,1.6);
#6962 = AXIS2_PLACEMENT_3D('',#6963,#6964,#6965);
#6963 = CARTESIAN_POINT('',(74.5,64.5,-1.));
#6964 = DIRECTION('',(0.,0.,1.));
#6965 = DIRECTION('',(1.,0.,-0.));
#6966 = DEFINITIONAL_REPRESENTATION('',(#6967),#6971);
#6967 = LINE('',#6968,#6969);
#6968 = CARTESIAN_POINT('',(0.,2.6));
#6969 = VECTOR('',#6970,1.);
#6970 = DIRECTION('',(1.,0.));
#6971 = ( GEOMETRIC_REPRESENTATION_CONTEXT(2) 
PARAMETRIC_REPRESENTATION_CONTEXT() REPRESENTATION_CONTEXT('2D SPACE',''
  ) );
#6972 = ADVANCED_FACE('',(#6973),#6583,.T.);
#6973 = FACE_BOUND('',#6974,.T.);
#6974 = EDGE_LOOP('',(#6975,#6999,#7020,#7021));
#6975 = ORIENTED_EDGE('',*,*,#6976,.T.);
#6976 = EDGE_CURVE('',#6568,#6977,#6979,.T.);
#6977 = VERTEX_POINT('',#6978);
#6978 = CARTESIAN_POINT('',(3.,-4.440892098501E-16,0.));
#6979 = SURFACE_CURVE('',#6980,(#6985,#6992),.PCURVE_S1.);
#6980 = CIRCLE('',#6981,3.);
#6981 = AXIS2_PLACEMENT_3D('',#6982,#6983,#6984);
#6982 = CARTESIAN_POINT('',(3.,3.,0.));
#6983 = DIRECTION('',(0.,0.,1.));
#6984 = DIRECTION('',(0.,-1.,0.));
#6985 = PCURVE('',#6583,#6986);
#6986 = DEFINITIONAL_REPRESENTATION('',(#6987),#6991);
#6987 = LINE('',#6988,#6989);
#6988 = CARTESIAN_POINT('',(-4.712388980385,0.));
#6989 = VECTOR('',#6990,1.);
#6990 = DIRECTION('',(1.,0.));
#6991 = ( GEOMETRIC_REPRESENTATION_CONTEXT(2) 
PARAMETRIC_REPRESENTATION_CONTEXT() REPRESENTATION_CONTEXT('2D SPACE',''
  ) );
#6992 = PCURVE('',#6611,#6993);
#6993 = DEFINITIONAL_REPRESENTATION('',(#6994),#6998);
#6994 = CIRCLE('',#6995,3.);
#6995 = AXIS2_PLACEMENT_2D('',#6996,#6997);
#6996 = CARTESIAN_POINT('',(3.,3.));
#6997 = DIRECTION('',(0.,-1.));
#6998 = ( GEOMETRIC_REPRESENTATION_CONTEXT(2) 
PARAMETRIC_REPRESENTATION_CONTEXT() REPRESENTATION_CONTEXT('2D SPACE',''
  ) );
#6999 = ORIENTED_EDGE('',*,*,#7000,.T.);
#7000 = EDGE_CURVE('',#6977,#6654,#7001,.T.);
#7001 = SURFACE_CURVE('',#7002,(#7006,#7013),.PCURVE_S1.);
#7002 = LINE('',#7003,#7004);
#7003 = CARTESIAN_POINT('',(3.,-4.440892098501E-16,0.));
#7004 = VECTOR('',#7005,1.);
#7005 = DIRECTION('',(0.,0.,1.));
#7006 = PCURVE('',#6583,#7007);
#7007 = DEFINITIONAL_REPRESENTATION('',(#7008),#7012);
#7008 = LINE('',#7009,#7010);
#7009 = CARTESIAN_POINT('',(1.570796326795,0.));
#7010 = VECTOR('',#7011,1.);
#7011 = DIRECTION('',(0.,1.));
#7012 = ( GEOMETRIC_REPRESENTATION_CONTEXT(2) 
PARAMETRIC_REPRESENTATION_CONTEXT() REPRESENTATION_CONTEXT('2D SPACE',''
  ) );
#7013 = PCURVE('',#6693,#7014);
#7014 = DEFINITIONAL_REPRESENTATION('',(#7015),#7019);
#7015 = LINE('',#7016,#7017);
#7016 = CARTESIAN_POINT('',(0.,3.));
#7017 = VECTOR('',#7018,1.);
#7018 = DIRECTION('',(1.,0.));
#7019 = ( GEOMETRIC_REPRESENTATION_CONTEXT(2) 
PARAMETRIC_REPRESENTATION_CONTEXT() REPRESENTATION_CONTEXT('2D SPACE',''
  ) );
#7020 = ORIENTED_EDGE('',*,*,#6653,.F.);
#7021 = ORIENTED_EDGE('',*,*,#6567,.F.);
#7022 = ADVANCED_FACE('',(#7023),#6637,.T.);
#7023 = FACE_BOUND('',#7024,.F.);
#7024 = EDGE_LOOP('',(#7025,#7053,#7074,#7075));
#7025 = ORIENTED_EDGE('',*,*,#7026,.T.);
#7026 = EDGE_CURVE('',#6596,#7027,#7029,.T.);
#7027 = VERTEX_POINT('',#7028);
#7028 = CARTESIAN_POINT('',(3.,68.,0.));
#7029 = SURFACE_CURVE('',#7030,(#7035,#7042),.PCURVE_S1.);
#7030 = CIRCLE('',#7031,3.);
#7031 = AXIS2_PLACEMENT_3D('',#7032,#7033,#7034);
#7032 = CARTESIAN_POINT('',(3.,65.,0.));
#7033 = DIRECTION('',(-0.,-0.,-1.));
#7034 = DIRECTION('',(0.,-1.,0.));
#7035 = PCURVE('',#6637,#7036);
#7036 = DEFINITIONAL_REPRESENTATION('',(#7037),#7041);
#7037 = LINE('',#7038,#7039);
#7038 = CARTESIAN_POINT('',(1.570796326795,-0.));
#7039 = VECTOR('',#7040,1.);
#7040 = DIRECTION('',(-1.,0.));
#7041 = ( GEOMETRIC_REPRESENTATION_CONTEXT(2) 
PARAMETRIC_REPRESENTATION_CONTEXT() REPRESENTATION_CONTEXT('2D SPACE',''
  ) );
#7042 = PCURVE('',#6611,#7043);
#7043 = DEFINITIONAL_REPRESENTATION('',(#7044),#7052);
#7044 = ( BOUNDED_CURVE() B_SPLINE_CURVE(2,(#7045,#7046,#7047,#7048,
#7049,#7050,#7051),.UNSPECIFIED.,.T.,.F.) B_SPLINE_CURVE_WITH_KNOTS((1,2
    ,2,2,2,1),(-2.094395102393,0.,2.094395102393,4.188790204786,
6.28318530718,8.377580409573),.UNSPECIFIED.) CURVE() 
GEOMETRIC_REPRESENTATION_ITEM() RATIONAL_B_SPLINE_CURVE((1.,0.5,1.,0.5,
1.,0.5,1.)) REPRESENTATION_ITEM('') );
#7045 = CARTESIAN_POINT('',(3.,62.));
#7046 = CARTESIAN_POINT('',(-2.196152422707,62.));
#7047 = CARTESIAN_POINT('',(0.401923788647,66.5));
#7048 = CARTESIAN_POINT('',(3.,71.));
#7049 = CARTESIAN_POINT('',(5.598076211353,66.5));
#7050 = CARTESIAN_POINT('',(8.196152422707,62.));
#7051 = CARTESIAN_POINT('',(3.,62.));
#7052 = ( GEOMETRIC_REPRESENTATION_CONTEXT(2) 
PARAMETRIC_REPRESENTATION_CONTEXT() REPRESENTATION_CONTEXT('2D SPACE',''
  ) );
#7053 = ORIENTED_EDGE('',*,*,#7054,.T.);
#7054 = EDGE_CURVE('',#7027,#6796,#7055,.T.);
#7055 = SURFACE_CURVE('',#7056,(#7060,#7067),.PCURVE_S1.);
#7056 = LINE('',#7057,#7058);
#7057 = CARTESIAN_POINT('',(3.,68.,0.));
#7058 = VECTOR('',#7059,1.);
#7059 = DIRECTION('',(0.,0.,1.));
#7060 = PCURVE('',#6637,#7061);
#7061 = DEFINITIONAL_REPRESENTATION('',(#7062),#7066);
#7062 = LINE('',#7063,#7064);
#7063 = CARTESIAN_POINT('',(-1.570796326795,0.));
#7064 = VECTOR('',#7065,1.);
#7065 = DIRECTION('',(-0.,1.));
#7066 = ( GEOMETRIC_REPRESENTATION_CONTEXT(2) 
PARAMETRIC_REPRESENTATION_CONTEXT() REPRESENTATION_CONTEXT('2D SPACE',''
  ) );
#7067 = PCURVE('',#6811,#7068);
#7068 = DEFINITIONAL_REPRESENTATION('',(#7069),#7073);
#7069 = LINE('',#7070,#7071);
#7070 = CARTESIAN_POINT('',(0.,3.));
#7071 = VECTOR('',#7072,1.);
#7072 = DIRECTION('',(1.,0.));
#7073 = ( GEOMETRIC_REPRESENTATION_CONTEXT(2) 
PARAMETRIC_REPRESENTATION_CONTEXT() REPRESENTATION_CONTEXT('2D SPACE',''
  ) );
#7074 = ORIENTED_EDGE('',*,*,#6823,.F.);
#7075 = ORIENTED_EDGE('',*,*,#6623,.F.);
#7076 = ADVANCED_FACE('',(#7077,#7201,#7227,#7253,#7279),#6611,.F.);
#7077 = FACE_BOUND('',#7078,.F.);
#7078 = EDGE_LOOP('',(#7079,#7080,#7081,#7104,#7132,#7155,#7179,#7200));
#7079 = ORIENTED_EDGE('',*,*,#6595,.F.);
#7080 = ORIENTED_EDGE('',*,*,#6976,.T.);
#7081 = ORIENTED_EDGE('',*,*,#7082,.T.);
#7082 = EDGE_CURVE('',#6977,#7083,#7085,.T.);
#7083 = VERTEX_POINT('',#7084);
#7084 = CARTESIAN_POINT('',(75.,-4.440892098501E-16,0.));
#7085 = SURFACE_CURVE('',#7086,(#7090,#7097),.PCURVE_S1.);
#7086 = LINE('',#7087,#7088);
#7087 = CARTESIAN_POINT('',(0.,0.,0.));
#7088 = VECTOR('',#7089,1.);
#7089 = DIRECTION('',(1.,0.,-0.));
#7090 = PCURVE('',#6611,#7091);
#7091 = DEFINITIONAL_REPRESENTATION('',(#7092),#7096);
#7092 = LINE('',#7093,#7094);
#7093 = CARTESIAN_POINT('',(0.,0.));
#7094 = VECTOR('',#7095,1.);
#7095 = DIRECTION('',(1.,0.));
#7096 = ( GEOMETRIC_REPRESENTATION_CONTEXT(2) 
PARAMETRIC_REPRESENTATION_CONTEXT() REPRESENTATION_CONTEXT('2D SPACE',''
  ) );
#7097 = PCURVE('',#6693,#7098);
#7098 = DEFINITIONAL_REPRESENTATION('',(#7099),#7103);
#7099 = LINE('',#7100,#7101);
#7100 = CARTESIAN_POINT('',(0.,0.));
#7101 = VECTOR('',#7102,1.);
#7102 = DIRECTION('',(0.,1.));
#7103 = ( GEOMETRIC_REPRESENTATION_CONTEXT(2) 
PARAMETRIC_REPRESENTATION_CONTEXT() REPRESENTATION_CONTEXT('2D SPACE',''
  ) );
#7104 = ORIENTED_EDGE('',*,*,#7105,.F.);
#7105 = EDGE_CURVE('',#7106,#7083,#7108,.T.);
#7106 = VERTEX_POINT('',#7107);
#7107 = CARTESIAN_POINT('',(78.,3.,0.));
#7108 = SURFACE_CURVE('',#7109,(#7114,#7125),.PCURVE_S1.);
#7109 = CIRCLE('',#7110,3.);
#7110 = AXIS2_PLACEMENT_3D('',#7111,#7112,#7113);
#7111 = CARTESIAN_POINT('',(75.,3.,0.));
#7112 = DIRECTION('',(-0.,-0.,-1.));
#7113 = DIRECTION('',(0.,-1.,0.));
#7114 = PCURVE('',#6611,#7115);
#7115 = DEFINITIONAL_REPRESENTATION('',(#7116),#7124);
#7116 = ( BOUNDED_CURVE() B_SPLINE_CURVE(2,(#7117,#7118,#7119,#7120,
#7121,#7122,#7123),.UNSPECIFIED.,.T.,.F.) B_SPLINE_CURVE_WITH_KNOTS((1,2
    ,2,2,2,1),(-2.094395102393,0.,2.094395102393,4.188790204786,
6.28318530718,8.377580409573),.UNSPECIFIED.) CURVE() 
GEOMETRIC_REPRESENTATION_ITEM() RATIONAL_B_SPLINE_CURVE((1.,0.5,1.,0.5,
1.,0.5,1.)) REPRESENTATION_ITEM('') );
#7117 = CARTESIAN_POINT('',(75.,-4.440892098501E-16));
#7118 = CARTESIAN_POINT('',(69.803847577293,-4.440892098501E-16));
#7119 = CARTESIAN_POINT('',(72.401923788647,4.5));
#7120 = CARTESIAN_POINT('',(75.,9.));
#7121 = CARTESIAN_POINT('',(77.598076211353,4.5));
#7122 = CARTESIAN_POINT('',(80.196152422707,3.996802888651E-15));
#7123 = CARTESIAN_POINT('',(75.,-4.440892098501E-16));
#7124 = ( GEOMETRIC_REPRESENTATION_CONTEXT(2) 
PARAMETRIC_REPRESENTATION_CONTEXT() REPRESENTATION_CONTEXT('2D SPACE',''
  ) );
#7125 = PCURVE('',#6726,#7126);
#7126 = DEFINITIONAL_REPRESENTATION('',(#7127),#7131);
#7127 = LINE('',#7128,#7129);
#7128 = CARTESIAN_POINT('',(4.712388980385,-0.));
#7129 = VECTOR('',#7130,1.);
#7130 = DIRECTION('',(-1.,0.));
#7131 = ( GEOMETRIC_REPRESENTATION_CONTEXT(2) 
PARAMETRIC_REPRESENTATION_CONTEXT() REPRESENTATION_CONTEXT('2D SPACE',''
  ) );
#7132 = ORIENTED_EDGE('',*,*,#7133,.T.);
#7133 = EDGE_CURVE('',#7106,#7134,#7136,.T.);
#7134 = VERTEX_POINT('',#7135);
#7135 = CARTESIAN_POINT('',(78.,65.,0.));
#7136 = SURFACE_CURVE('',#7137,(#7141,#7148),.PCURVE_S1.);
#7137 = LINE('',#7138,#7139);
#7138 = CARTESIAN_POINT('',(78.,0.,0.));
#7139 = VECTOR('',#7140,1.);
#7140 = DIRECTION('',(-0.,1.,0.));
#7141 = PCURVE('',#6611,#7142);
#7142 = DEFINITIONAL_REPRESENTATION('',(#7143),#7147);
#7143 = LINE('',#7144,#7145);
#7144 = CARTESIAN_POINT('',(78.,0.));
#7145 = VECTOR('',#7146,1.);
#7146 = DIRECTION('',(0.,1.));
#7147 = ( GEOMETRIC_REPRESENTATION_CONTEXT(2) 
PARAMETRIC_REPRESENTATION_CONTEXT() REPRESENTATION_CONTEXT('2D SPACE',''
  ) );
#7148 = PCURVE('',#6754,#7149);
#7149 = DEFINITIONAL_REPRESENTATION('',(#7150),#7154);
#7150 = LINE('',#7151,#7152);
#7151 = CARTESIAN_POINT('',(0.,0.));
#7152 = VECTOR('',#7153,1.);
#7153 = DIRECTION('',(0.,-1.));
#7154 = ( GEOMETRIC_REPRESENTATION_CONTEXT(2) 
PARAMETRIC_REPRESENTATION_CONTEXT() REPRESENTATION_CONTEXT('2D SPACE',''
  ) );
#7155 = ORIENTED_EDGE('',*,*,#7156,.T.);
#7156 = EDGE_CURVE('',#7134,#7157,#7159,.T.);
#7157 = VERTEX_POINT('',#7158);
#7158 = CARTESIAN_POINT('',(75.,68.,0.));
#7159 = SURFACE_CURVE('',#7160,(#7165,#7172),.PCURVE_S1.);
#7160 = CIRCLE('',#7161,3.);
#7161 = AXIS2_PLACEMENT_3D('',#7162,#7163,#7164);
#7162 = CARTESIAN_POINT('',(75.,65.,0.));
#7163 = DIRECTION('',(0.,0.,1.));
#7164 = DIRECTION('',(0.,-1.,0.));
#7165 = PCURVE('',#6611,#7166);
#7166 = DEFINITIONAL_REPRESENTATION('',(#7167),#7171);
#7167 = CIRCLE('',#7168,3.);
#7168 = AXIS2_PLACEMENT_2D('',#7169,#7170);
#7169 = CARTESIAN_POINT('',(75.,65.));
#7170 = DIRECTION('',(0.,-1.));
#7171 = ( GEOMETRIC_REPRESENTATION_CONTEXT(2) 
PARAMETRIC_REPRESENTATION_CONTEXT() REPRESENTATION_CONTEXT('2D SPACE',''
  ) );
#7172 = PCURVE('',#6783,#7173);
#7173 = DEFINITIONAL_REPRESENTATION('',(#7174),#7178);
#7174 = LINE('',#7175,#7176);
#7175 = CARTESIAN_POINT('',(-1.570796326795,0.));
#7176 = VECTOR('',#7177,1.);
#7177 = DIRECTION('',(1.,0.));
#7178 = ( GEOMETRIC_REPRESENTATION_CONTEXT(2) 
PARAMETRIC_REPRESENTATION_CONTEXT() REPRESENTATION_CONTEXT('2D SPACE',''
  ) );
#7179 = ORIENTED_EDGE('',*,*,#7180,.F.);
#7180 = EDGE_CURVE('',#7027,#7157,#7181,.T.);
#7181 = SURFACE_CURVE('',#7182,(#7186,#7193),.PCURVE_S1.);
#7182 = LINE('',#7183,#7184);
#7183 = CARTESIAN_POINT('',(0.,68.,0.));
#7184 = VECTOR('',#7185,1.);
#7185 = DIRECTION('',(1.,0.,-0.));
#7186 = PCURVE('',#6611,#7187);
#7187 = DEFINITIONAL_REPRESENTATION('',(#7188),#7192);
#7188 = LINE('',#7189,#7190);
#7189 = CARTESIAN_POINT('',(0.,68.));
#7190 = VECTOR('',#7191,1.);
#7191 = DIRECTION('',(1.,0.));
#7192 = ( GEOMETRIC_REPRESENTATION_CONTEXT(2) 
PARAMETRIC_REPRESENTATION_CONTEXT() REPRESENTATION_CONTEXT('2D SPACE',''
  ) );
#7193 = PCURVE('',#6811,#7194);
#7194 = DEFINITIONAL_REPRESENTATION('',(#7195),#7199);
#7195 = LINE('',#7196,#7197);
#7196 = CARTESIAN_POINT('',(0.,0.));
#7197 = VECTOR('',#7198,1.);
#7198 = DIRECTION('',(0.,1.));
#7199 = ( GEOMETRIC_REPRESENTATION_CONTEXT(2) 
PARAMETRIC_REPRESENTATION_CONTEXT() REPRESENTATION_CONTEXT('2D SPACE',''
  ) );
#7200 = ORIENTED_EDGE('',*,*,#7026,.F.);
#7201 = FACE_BOUND('',#7202,.F.);
#7202 = EDGE_LOOP('',(#7203));
#7203 = ORIENTED_EDGE('',*,*,#7204,.F.);
#7204 = EDGE_CURVE('',#7205,#7205,#7207,.T.);
#7205 = VERTEX_POINT('',#7206);
#7206 = CARTESIAN_POINT('',(5.1,3.5,0.));
#7207 = SURFACE_CURVE('',#7208,(#7213,#7220),.PCURVE_S1.);
#7208 = CIRCLE('',#7209,1.6);
#7209 = AXIS2_PLACEMENT_3D('',#7210,#7211,#7212);
#7210 = CARTESIAN_POINT('',(3.5,3.5,0.));
#7211 = DIRECTION('',(0.,0.,1.));
#7212 = DIRECTION('',(1.,0.,-0.));
#7213 = PCURVE('',#6611,#7214);
#7214 = DEFINITIONAL_REPRESENTATION('',(#7215),#7219);
#7215 = CIRCLE('',#7216,1.6);
#7216 = AXIS2_PLACEMENT_2D('',#7217,#7218);
#7217 = CARTESIAN_POINT('',(3.5,3.5));
#7218 = DIRECTION('',(1.,0.));
#7219 = ( GEOMETRIC_REPRESENTATION_CONTEXT(2) 
PARAMETRIC_REPRESENTATION_CONTEXT() REPRESENTATION_CONTEXT('2D SPACE',''
  ) );
#7220 = PCURVE('',#6868,#7221);
#7221 = DEFINITIONAL_REPRESENTATION('',(#7222),#7226);
#7222 = LINE('',#7223,#7224);
#7223 = CARTESIAN_POINT('',(0.,1.));
#7224 = VECTOR('',#7225,1.);
#7225 = DIRECTION('',(1.,0.));
#7226 = ( GEOMETRIC_REPRESENTATION_CONTEXT(2) 
PARAMETRIC_REPRESENTATION_CONTEXT() REPRESENTATION_CONTEXT('2D SPACE',''
  ) );
#7227 = FACE_BOUND('',#7228,.F.);
#7228 = EDGE_LOOP('',(#7229));
#7229 = ORIENTED_EDGE('',*,*,#7230,.F.);
#7230 = EDGE_CURVE('',#7231,#7231,#7233,.T.);
#7231 = VERTEX_POINT('',#7232);
#7232 = CARTESIAN_POINT('',(76.1,3.5,0.));
#7233 = SURFACE_CURVE('',#7234,(#7239,#7246),.PCURVE_S1.);
#7234 = CIRCLE('',#7235,1.6);
#7235 = AXIS2_PLACEMENT_3D('',#7236,#7237,#7238);
#7236 = CARTESIAN_POINT('',(74.5,3.5,0.));
#7237 = DIRECTION('',(0.,0.,1.));
#7238 = DIRECTION('',(1.,0.,-0.));
#7239 = PCURVE('',#6611,#7240);
#7240 = DEFINITIONAL_REPRESENTATION('',(#7241),#7245);
#7241 = CIRCLE('',#7242,1.6);
#7242 = AXIS2_PLACEMENT_2D('',#7243,#7244);
#7243 = CARTESIAN_POINT('',(74.5,3.5));
#7244 = DIRECTION('',(1.,0.));
#7245 = ( GEOMETRIC_REPRESENTATION_CONTEXT(2) 
PARAMETRIC_REPRESENTATION_CONTEXT() REPRESENTATION_CONTEXT('2D SPACE',''
  ) );
#7246 = PCURVE('',#6899,#7247);
#7247 = DEFINITIONAL_REPRESENTATION('',(#7248),#7252);
#7248 = LINE('',#7249,#7250);
#7249 = CARTESIAN_POINT('',(0.,1.));
#7250 = VECTOR('',#7251,1.);
#7251 = DIRECTION('',(1.,0.));
#7252 = ( GEOMETRIC_REPRESENTATION_CONTEXT(2) 
PARAMETRIC_REPRESENTATION_CONTEXT() REPRESENTATION_CONTEXT('2D SPACE',''
  ) );
#7253 = FACE_BOUND('',#7254,.F.);
#7254 = EDGE_LOOP('',(#7255));
#7255 = ORIENTED_EDGE('',*,*,#7256,.F.);
#7256 = EDGE_CURVE('',#7257,#7257,#7259,.T.);
#7257 = VERTEX_POINT('',#7258);
#7258 = CARTESIAN_POINT('',(5.1,64.5,0.));
#7259 = SURFACE_CURVE('',#7260,(#7265,#7272),.PCURVE_S1.);
#7260 = CIRCLE('',#7261,1.6);
#7261 = AXIS2_PLACEMENT_3D('',#7262,#7263,#7264);
#7262 = CARTESIAN_POINT('',(3.5,64.5,0.));
#7263 = DIRECTION('',(0.,0.,1.));
#7264 = DIRECTION('',(1.,0.,-0.));
#7265 = PCURVE('',#6611,#7266);
#7266 = DEFINITIONAL_REPRESENTATION('',(#7267),#7271);
#7267 = CIRCLE('',#7268,1.6);
#7268 = AXIS2_PLACEMENT_2D('',#7269,#7270);
#7269 = CARTESIAN_POINT('',(3.5,64.5));
#7270 = DIRECTION('',(1.,0.));
#7271 = ( GEOMETRIC_REPRESENTATION_CONTEXT(2) 
PARAMETRIC_REPRESENTATION_CONTEXT() REPRESENTATION_CONTEXT('2D SPACE',''
  ) );
#7272 = PCURVE('',#6930,#7273);
#7273 = DEFINITIONAL_REPRESENTATION('',(#7274),#7278);
#7274 = LINE('',#7275,#7276);
#7275 = CARTESIAN_POINT('',(0.,1.));
#7276 = VECTOR('',#7277,1.);
#7277 = DIRECTION('',(1.,0.));
#7278 = ( GEOMETRIC_REPRESENTATION_CONTEXT(2) 
PARAMETRIC_REPRESENTATION_CONTEXT() REPRESENTATION_CONTEXT('2D SPACE',''
  ) );
#7279 = FACE_BOUND('',#7280,.F.);
#7280 = EDGE_LOOP('',(#7281));
#7281 = ORIENTED_EDGE('',*,*,#7282,.F.);
#7282 = EDGE_CURVE('',#7283,#7283,#7285,.T.);
#7283 = VERTEX_POINT('',#7284);
#7284 = CARTESIAN_POINT('',(76.1,64.5,0.));
#7285 = SURFACE_CURVE('',#7286,(#7291,#7298),.PCURVE_S1.);
#7286 = CIRCLE('',#7287,1.6);
#7287 = AXIS2_PLACEMENT_3D('',#7288,#7289,#7290);
#7288 = CARTESIAN_POINT('',(74.5,64.5,0.));
#7289 = DIRECTION('',(0.,0.,1.));
#7290 = DIRECTION('',(1.,0.,-0.));
#7291 = PCURVE('',#6611,#7292);
#7292 = DEFINITIONAL_REPRESENTATION('',(#7293),#7297);
#7293 = CIRCLE('',#7294,1.6);
#7294 = AXIS2_PLACEMENT_2D('',#7295,#7296);
#7295 = CARTESIAN_POINT('',(74.5,64.5));
#7296 = DIRECTION('',(1.,0.));
#7297 = ( GEOMETRIC_REPRESENTATION_CONTEXT(2) 
PARAMETRIC_REPRESENTATION_CONTEXT() REPRESENTATION_CONTEXT('2D SPACE',''
  ) );
#7298 = PCURVE('',#6961,#7299);
#7299 = DEFINITIONAL_REPRESENTATION('',(#7300),#7304);
#7300 = LINE('',#7301,#7302);
#7301 = CARTESIAN_POINT('',(0.,1.));
#7302 = VECTOR('',#7303,1.);
#7303 = DIRECTION('',(1.,0.));
#7304 = ( GEOMETRIC_REPRESENTATION_CONTEXT(2) 
PARAMETRIC_REPRESENTATION_CONTEXT() REPRESENTATION_CONTEXT('2D SPACE',''
  ) );
#7305 = ADVANCED_FACE('',(#7306),#6693,.F.);
#7306 = FACE_BOUND('',#7307,.F.);
#7307 = EDGE_LOOP('',(#7308,#7309,#7310,#7311));
#7308 = ORIENTED_EDGE('',*,*,#7082,.F.);
#7309 = ORIENTED_EDGE('',*,*,#7000,.T.);
#7310 = ORIENTED_EDGE('',*,*,#6677,.T.);
#7311 = ORIENTED_EDGE('',*,*,#7312,.F.);
#7312 = EDGE_CURVE('',#7083,#6678,#7313,.T.);
#7313 = SURFACE_CURVE('',#7314,(#7318,#7325),.PCURVE_S1.);
#7314 = LINE('',#7315,#7316);
#7315 = CARTESIAN_POINT('',(75.,-4.440892098501E-16,0.));
#7316 = VECTOR('',#7317,1.);
#7317 = DIRECTION('',(0.,0.,1.));
#7318 = PCURVE('',#6693,#7319);
#7319 = DEFINITIONAL_REPRESENTATION('',(#7320),#7324);
#7320 = LINE('',#7321,#7322);
#7321 = CARTESIAN_POINT('',(0.,75.));
#7322 = VECTOR('',#7323,1.);
#7323 = DIRECTION('',(1.,0.));
#7324 = ( GEOMETRIC_REPRESENTATION_CONTEXT(2) 
PARAMETRIC_REPRESENTATION_CONTEXT() REPRESENTATION_CONTEXT('2D SPACE',''
  ) );
#7325 = PCURVE('',#6726,#7326);
#7326 = DEFINITIONAL_REPRESENTATION('',(#7327),#7331);
#7327 = LINE('',#7328,#7329);
#7328 = CARTESIAN_POINT('',(-1.570796326795,0.));
#7329 = VECTOR('',#7330,1.);
#7330 = DIRECTION('',(-0.,1.));
#7331 = ( GEOMETRIC_REPRESENTATION_CONTEXT(2) 
PARAMETRIC_REPRESENTATION_CONTEXT() REPRESENTATION_CONTEXT('2D SPACE',''
  ) );
#7332 = ADVANCED_FACE('',(#7333),#6811,.T.);
#7333 = FACE_BOUND('',#7334,.T.);
#7334 = EDGE_LOOP('',(#7335,#7336,#7337,#7338));
#7335 = ORIENTED_EDGE('',*,*,#7180,.F.);
#7336 = ORIENTED_EDGE('',*,*,#7054,.T.);
#7337 = ORIENTED_EDGE('',*,*,#6795,.T.);
#7338 = ORIENTED_EDGE('',*,*,#7339,.F.);
#7339 = EDGE_CURVE('',#7157,#6767,#7340,.T.);
#7340 = SURFACE_CURVE('',#7341,(#7345,#7352),.PCURVE_S1.);
#7341 = LINE('',#7342,#7343);
#7342 = CARTESIAN_POINT('',(75.,68.,0.));
#7343 = VECTOR('',#7344,1.);
#7344 = DIRECTION('',(0.,0.,1.));
#7345 = PCURVE('',#6811,#7346);
#7346 = DEFINITIONAL_REPRESENTATION('',(#7347),#7351);
#7347 = LINE('',#7348,#7349);
#7348 = CARTESIAN_POINT('',(0.,75.));
#7349 = VECTOR('',#7350,1.);
#7350 = DIRECTION('',(1.,0.));
#7351 = ( GEOMETRIC_REPRESENTATION_CONTEXT(2) 
PARAMETRIC_REPRESENTATION_CONTEXT() REPRESENTATION_CONTEXT('2D SPACE',''
  ) );
#7352 = PCURVE('',#6783,#7353);
#7353 = DEFINITIONAL_REPRESENTATION('',(#7354),#7358);
#7354 = LINE('',#7355,#7356);
#7355 = CARTESIAN_POINT('',(1.570796326795,0.));
#7356 = VECTOR('',#7357,1.);
#7357 = DIRECTION('',(0.,1.));
#7358 = ( GEOMETRIC_REPRESENTATION_CONTEXT(2) 
PARAMETRIC_REPRESENTATION_CONTEXT() REPRESENTATION_CONTEXT('2D SPACE',''
  ) );
#7359 = ADVANCED_FACE('',(#7360),#6726,.T.);
#7360 = FACE_BOUND('',#7361,.F.);
#7361 = EDGE_LOOP('',(#7362,#7363,#7364,#7365));
#7362 = ORIENTED_EDGE('',*,*,#7105,.T.);
#7363 = ORIENTED_EDGE('',*,*,#7312,.T.);
#7364 = ORIENTED_EDGE('',*,*,#6705,.F.);
#7365 = ORIENTED_EDGE('',*,*,#7366,.F.);
#7366 = EDGE_CURVE('',#7106,#6706,#7367,.T.);
#7367 = SURFACE_CURVE('',#7368,(#7372,#7379),.PCURVE_S1.);
#7368 = LINE('',#7369,#7370);
#7369 = CARTESIAN_POINT('',(78.,3.,0.));
#7370 = VECTOR('',#7371,1.);
#7371 = DIRECTION('',(0.,0.,1.));
#7372 = PCURVE('',#6726,#7373);
#7373 = DEFINITIONAL_REPRESENTATION('',(#7374),#7378);
#7374 = LINE('',#7375,#7376);
#7375 = CARTESIAN_POINT('',(-0.,0.));
#7376 = VECTOR('',#7377,1.);
#7377 = DIRECTION('',(-0.,1.));
#7378 = ( GEOMETRIC_REPRESENTATION_CONTEXT(2) 
PARAMETRIC_REPRESENTATION_CONTEXT() REPRESENTATION_CONTEXT('2D SPACE',''
  ) );
#7379 = PCURVE('',#6754,#7380);
#7380 = DEFINITIONAL_REPRESENTATION('',(#7381),#7385);
#7381 = LINE('',#7382,#7383);
#7382 = CARTESIAN_POINT('',(0.,-3.));
#7383 = VECTOR('',#7384,1.);
#7384 = DIRECTION('',(1.,0.));
#7385 = ( GEOMETRIC_REPRESENTATION_CONTEXT(2) 
PARAMETRIC_REPRESENTATION_CONTEXT() REPRESENTATION_CONTEXT('2D SPACE',''
  ) );
#7386 = ADVANCED_FACE('',(#7387),#6783,.T.);
#7387 = FACE_BOUND('',#7388,.T.);
#7388 = EDGE_LOOP('',(#7389,#7390,#7391,#7392));
#7389 = ORIENTED_EDGE('',*,*,#7156,.T.);
#7390 = ORIENTED_EDGE('',*,*,#7339,.T.);
#7391 = ORIENTED_EDGE('',*,*,#6766,.F.);
#7392 = ORIENTED_EDGE('',*,*,#7393,.F.);
#7393 = EDGE_CURVE('',#7134,#6739,#7394,.T.);
#7394 = SURFACE_CURVE('',#7395,(#7399,#7406),.PCURVE_S1.);
#7395 = LINE('',#7396,#7397);
#7396 = CARTESIAN_POINT('',(78.,65.,0.));
#7397 = VECTOR('',#7398,1.);
#7398 = DIRECTION('',(0.,0.,1.));
#7399 = PCURVE('',#6783,#7400);
#7400 = DEFINITIONAL_REPRESENTATION('',(#7401),#7405);
#7401 = LINE('',#7402,#7403);
#7402 = CARTESIAN_POINT('',(0.,0.));
#7403 = VECTOR('',#7404,1.);
#7404 = DIRECTION('',(0.,1.));
#7405 = ( GEOMETRIC_REPRESENTATION_CONTEXT(2) 
PARAMETRIC_REPRESENTATION_CONTEXT() REPRESENTATION_CONTEXT('2D SPACE',''
  ) );
#7406 = PCURVE('',#6754,#7407);
#7407 = DEFINITIONAL_REPRESENTATION('',(#7408),#7412);
#7408 = LINE('',#7409,#7410);
#7409 = CARTESIAN_POINT('',(0.,-65.));
#7410 = VECTOR('',#7411,1.);
#7411 = DIRECTION('',(1.,0.));
#7412 = ( GEOMETRIC_REPRESENTATION_CONTEXT(2) 
PARAMETRIC_REPRESENTATION_CONTEXT() REPRESENTATION_CONTEXT('2D SPACE',''
  ) );
#7413 = ADVANCED_FACE('',(#7414),#6754,.T.);
#7414 = FACE_BOUND('',#7415,.T.);
#7415 = EDGE_LOOP('',(#7416,#7417,#7418,#7419));
#7416 = ORIENTED_EDGE('',*,*,#6738,.F.);
#7417 = ORIENTED_EDGE('',*,*,#7366,.F.);
#7418 = ORIENTED_EDGE('',*,*,#7133,.T.);
#7419 = ORIENTED_EDGE('',*,*,#7393,.T.);
#7420 = ADVANCED_FACE('',(#7421),#6868,.F.);
#7421 = FACE_BOUND('',#7422,.F.);
#7422 = EDGE_LOOP('',(#7423,#7424,#7445,#7446));
#7423 = ORIENTED_EDGE('',*,*,#6851,.F.);
#7424 = ORIENTED_EDGE('',*,*,#7425,.F.);
#7425 = EDGE_CURVE('',#7205,#6852,#7426,.T.);
#7426 = SEAM_CURVE('',#7427,(#7431,#7438),.PCURVE_S1.);
#7427 = LINE('',#7428,#7429);
#7428 = CARTESIAN_POINT('',(5.1,3.5,-1.));
#7429 = VECTOR('',#7430,1.);
#7430 = DIRECTION('',(0.,0.,1.));
#7431 = PCURVE('',#6868,#7432);
#7432 = DEFINITIONAL_REPRESENTATION('',(#7433),#7437);
#7433 = LINE('',#7434,#7435);
#7434 = CARTESIAN_POINT('',(6.28318530718,-0.));
#7435 = VECTOR('',#7436,1.);
#7436 = DIRECTION('',(0.,1.));
#7437 = ( GEOMETRIC_REPRESENTATION_CONTEXT(2) 
PARAMETRIC_REPRESENTATION_CONTEXT() REPRESENTATION_CONTEXT('2D SPACE',''
  ) );
#7438 = PCURVE('',#6868,#7439);
#7439 = DEFINITIONAL_REPRESENTATION('',(#7440),#7444);
#7440 = LINE('',#7441,#7442);
#7441 = CARTESIAN_POINT('',(0.,-0.));
#7442 = VECTOR('',#7443,1.);
#7443 = DIRECTION('',(0.,1.));
#7444 = ( GEOMETRIC_REPRESENTATION_CONTEXT(2) 
PARAMETRIC_REPRESENTATION_CONTEXT() REPRESENTATION_CONTEXT('2D SPACE',''
  ) );
#7445 = ORIENTED_EDGE('',*,*,#7204,.T.);
#7446 = ORIENTED_EDGE('',*,*,#7425,.T.);
#7447 = ADVANCED_FACE('',(#7448),#6899,.F.);
#7448 = FACE_BOUND('',#7449,.F.);
#7449 = EDGE_LOOP('',(#7450,#7451,#7472,#7473));
#7450 = ORIENTED_EDGE('',*,*,#6882,.F.);
#7451 = ORIENTED_EDGE('',*,*,#7452,.F.);
#7452 = EDGE_CURVE('',#7231,#6883,#7453,.T.);
#7453 = SEAM_CURVE('',#7454,(#7458,#7465),.PCURVE_S1.);
#7454 = LINE('',#7455,#7456);
#7455 = CARTESIAN_POINT('',(76.1,3.5,-1.));
#7456 = VECTOR('',#7457,1.);
#7457 = DIRECTION('',(0.,0.,1.));
#7458 = PCURVE('',#6899,#7459);
#7459 = DEFINITIONAL_REPRESENTATION('',(#7460),#7464);
#7460 = LINE('',#7461,#7462);
#7461 = CARTESIAN_POINT('',(6.28318530718,-0.));
#7462 = VECTOR('',#7463,1.);
#7463 = DIRECTION('',(0.,1.));
#7464 = ( GEOMETRIC_REPRESENTATION_CONTEXT(2) 
PARAMETRIC_REPRESENTATION_CONTEXT() REPRESENTATION_CONTEXT('2D SPACE',''
  ) );
#7465 = PCURVE('',#6899,#7466);
#7466 = DEFINITIONAL_REPRESENTATION('',(#7467),#7471);
#7467 = LINE('',#7468,#7469);
#7468 = CARTESIAN_POINT('',(0.,-0.));
#7469 = VECTOR('',#7470,1.);
#7470 = DIRECTION('',(0.,1.));
#7471 = ( GEOMETRIC_REPRESENTATION_CONTEXT(2) 
PARAMETRIC_REPRESENTATION_CONTEXT() REPRESENTATION_CONTEXT('2D SPACE',''
  ) );
#7472 = ORIENTED_EDGE('',*,*,#7230,.T.);
#7473 = ORIENTED_EDGE('',*,*,#7452,.T.);
#7474 = ADVANCED_FACE('',(#7475),#6930,.F.);
#7475 = FACE_BOUND('',#7476,.F.);
#7476 = EDGE_LOOP('',(#7477,#7478,#7499,#7500));
#7477 = ORIENTED_EDGE('',*,*,#6913,.F.);
#7478 = ORIENTED_EDGE('',*,*,#7479,.F.);
#7479 = EDGE_CURVE('',#7257,#6914,#7480,.T.);
#7480 = SEAM_CURVE('',#7481,(#7485,#7492),.PCURVE_S1.);
#7481 = LINE('',#7482,#7483);
#7482 = CARTESIAN_POINT('',(5.1,64.5,-1.));
#7483 = VECTOR('',#7484,1.);
#7484 = DIRECTION('',(0.,0.,1.));
#7485 = PCURVE('',#6930,#7486);
#7486 = DEFINITIONAL_REPRESENTATION('',(#7487),#7491);
#7487 = LINE('',#7488,#7489);
#7488 = CARTESIAN_POINT('',(6.28318530718,-0.));
#7489 = VECTOR('',#7490,1.);
#7490 = DIRECTION('',(0.,1.));
#7491 = ( GEOMETRIC_REPRESENTATION_CONTEXT(2) 
PARAMETRIC_REPRESENTATION_CONTEXT() REPRESENTATION_CONTEXT('2D SPACE',''
  ) );
#7492 = PCURVE('',#6930,#7493);
#7493 = DEFINITIONAL_REPRESENTATION('',(#7494),#7498);
#7494 = LINE('',#7495,#7496);
#7495 = CARTESIAN_POINT('',(0.,-0.));
#7496 = VECTOR('',#7497,1.);
#7497 = DIRECTION('',(0.,1.));
#7498 = ( GEOMETRIC_REPRESENTATION_CONTEXT(2) 
PARAMETRIC_REPRESENTATION_CONTEXT() REPRESENTATION_CONTEXT('2D SPACE',''
  ) );
#7499 = ORIENTED_EDGE('',*,*,#7256,.T.);
#7500 = ORIENTED_EDGE('',*,*,#7479,.T.);
#7501 = ADVANCED_FACE('',(#7502),#6961,.F.);
#7502 = FACE_BOUND('',#7503,.F.);
#7503 = EDGE_LOOP('',(#7504,#7505,#7526,#7527));
#7504 = ORIENTED_EDGE('',*,*,#6944,.F.);
#7505 = ORIENTED_EDGE('',*,*,#7506,.F.);
#7506 = EDGE_CURVE('',#7283,#6945,#7507,.T.);
#7507 = SEAM_CURVE('',#7508,(#7512,#7519),.PCURVE_S1.);
#7508 = LINE('',#7509,#7510);
#7509 = CARTESIAN_POINT('',(76.1,64.5,-1.));
#7510 = VECTOR('',#7511,1.);
#7511 = DIRECTION('',(0.,0.,1.));
#7512 = PCURVE('',#6961,#7513);
#7513 = DEFINITIONAL_REPRESENTATION('',(#7514),#7518);
#7514 = LINE('',#7515,#7516);
#7515 = CARTESIAN_POINT('',(6.28318530718,-0.));
#7516 = VECTOR('',#7517,1.);
#7517 = DIRECTION('',(0.,1.));
#7518 = ( GEOMETRIC_REPRESENTATION_CONTEXT(2) 
PARAMETRIC_REPRESENTATION_CONTEXT() REPRESENTATION_CONTEXT('2D SPACE',''
  ) );
#7519 = PCURVE('',#6961,#7520);
#7520 = DEFINITIONAL_REPRESENTATION('',(#7521),#7525);
#7521 = LINE('',#7522,#7523);
#7522 = CARTESIAN_POINT('',(0.,-0.));
#7523 = VECTOR('',#7524,1.);
#7524 = DIRECTION('',(0.,1.));
#7525 = ( GEOMETRIC_REPRESENTATION_CONTEXT(2) 
PARAMETRIC_REPRESENTATION_CONTEXT() REPRESENTATION_CONTEXT('2D SPACE',''
  ) );
#7526 = ORIENTED_EDGE('',*,*,#7282,.T.);
#7527 = ORIENTED_EDGE('',*,*,#7506,.T.);
#7528 = ( GEOMETRIC_REPRESENTATION_CONTEXT(3) 
GLOBAL_UNCERTAINTY_ASSIGNED_CONTEXT((#7532)) 
GLOBAL_UNIT_ASSIGNED_CONTEXT((#7529,#7530,#7531)) REPRESENTATION_CONTEXT
('Context #1','3D Context with UNIT and UNCERTAINTY') );
#7529 = ( LENGTH_UNIT() NAMED_UNIT(*) SI_UNIT(.MILLI.,.METRE.) );
#7530 = ( NAMED_UNIT(*) PLANE_ANGLE_UNIT() SI_UNIT($,.RADIAN.) );
#7531 = ( NAMED_UNIT(*) SI_UNIT($,.STERADIAN.) SOLID_ANGLE_UNIT() );
#7532 = UNCERTAINTY_MEASURE_WITH_UNIT(LENGTH_MEASURE(1.E-07),#7529,
  'distance_accuracy_value','confusion accuracy');
#7533 = CONTEXT_DEPENDENT_SHAPE_REPRESENTATION(#7534,#7536);
#7534 = ( REPRESENTATION_RELATIONSHIP('','',#6525,#6494) 
REPRESENTATION_RELATIONSHIP_WITH_TRANSFORMATION(#7535) 
SHAPE_REPRESENTATION_RELATIONSHIP() );
#7535 = ITEM_DEFINED_TRANSFORMATION('','',#11,#6495);
#7536 = PRODUCT_DEFINITION_SHAPE('Placement','Placement of an item',
  #7537);
#7537 = NEXT_ASSEMBLY_USAGE_OCCURRENCE('68','dfr0535_pcb','',#6489,#6520
  ,$);
#7538 = PRODUCT_RELATED_PRODUCT_CATEGORY('part',$,(#6522));
#7539 = SHAPE_DEFINITION_REPRESENTATION(#7540,#7546);
#7540 = PRODUCT_DEFINITION_SHAPE('','',#7541);
#7541 = PRODUCT_DEFINITION('design','',#7542,#7545);
#7542 = PRODUCT_DEFINITION_FORMATION('','',#7543);
#7543 = PRODUCT('dfr0535_components','dfr0535_components','',(#7544));
#7544 = PRODUCT_CONTEXT('',#2,'mechanical');
#7545 = PRODUCT_DEFINITION_CONTEXT('part definition',#2,'design');
#7546 = ADVANCED_BREP_SHAPE_REPRESENTATION('',(#11,#7547),#8193);
#7547 = MANIFOLD_SOLID_BREP('',#7548);
#7548 = CLOSED_SHELL('',(#7549,#7665,#7865,#7917,#8061,#8086,#8111,#8136
    ,#8161,#8186));
#7549 = ADVANCED_FACE('',(#7550),#7564,.F.);
#7550 = FACE_BOUND('',#7551,.F.);
#7551 = EDGE_LOOP('',(#7552,#7587,#7613,#7641));
#7552 = ORIENTED_EDGE('',*,*,#7553,.F.);
#7553 = EDGE_CURVE('',#7554,#7556,#7558,.T.);
#7554 = VERTEX_POINT('',#7555);
#7555 = CARTESIAN_POINT('',(1.5,6.672144385112,12.6));
#7556 = VERTEX_POINT('',#7557);
#7557 = CARTESIAN_POINT('',(1.5,61.327855614888,12.6));
#7558 = SURFACE_CURVE('',#7559,(#7563,#7575),.PCURVE_S1.);
#7559 = LINE('',#7560,#7561);
#7560 = CARTESIAN_POINT('',(1.5,1.5,12.6));
#7561 = VECTOR('',#7562,1.);
#7562 = DIRECTION('',(-0.,1.,0.));
#7563 = PCURVE('',#7564,#7569);
#7564 = PLANE('',#7565);
#7565 = AXIS2_PLACEMENT_3D('',#7566,#7567,#7568);
#7566 = CARTESIAN_POINT('',(1.5,1.5,1.6));
#7567 = DIRECTION('',(1.,0.,-0.));
#7568 = DIRECTION('',(0.,0.,1.));
#7569 = DEFINITIONAL_REPRESENTATION('',(#7570),#7574);
#7570 = LINE('',#7571,#7572);
#7571 = CARTESIAN_POINT('',(11.,0.));
#7572 = VECTOR('',#7573,1.);
#7573 = DIRECTION('',(0.,-1.));
#7574 = ( GEOMETRIC_REPRESENTATION_CONTEXT(2) 
PARAMETRIC_REPRESENTATION_CONTEXT() REPRESENTATION_CONTEXT('2D SPACE',''
  ) );
#7575 = PCURVE('',#7576,#7581);
#7576 = PLANE('',#7577);
#7577 = AXIS2_PLACEMENT_3D('',#7578,#7579,#7580);
#7578 = CARTESIAN_POINT('',(1.5,1.5,12.6));
#7579 = DIRECTION('',(0.,0.,1.));
#7580 = DIRECTION('',(1.,0.,-0.));
#7581 = DEFINITIONAL_REPRESENTATION('',(#7582),#7586);
#7582 = LINE('',#7583,#7584);
#7583 = CARTESIAN_POINT('',(0.,0.));
#7584 = VECTOR('',#7585,1.);
#7585 = DIRECTION('',(0.,1.));
#7586 = ( GEOMETRIC_REPRESENTATION_CONTEXT(2) 
PARAMETRIC_REPRESENTATION_CONTEXT() REPRESENTATION_CONTEXT('2D SPACE',''
  ) );
#7587 = ORIENTED_EDGE('',*,*,#7588,.F.);
#7588 = EDGE_CURVE('',#7589,#7554,#7591,.T.);
#7589 = VERTEX_POINT('',#7590);
#7590 = CARTESIAN_POINT('',(1.5,6.672144385112,1.6));
#7591 = SURFACE_CURVE('',#7592,(#7596,#7602),.PCURVE_S1.);
#7592 = LINE('',#7593,#7594);
#7593 = CARTESIAN_POINT('',(1.5,6.672144385112,0.6));
#7594 = VECTOR('',#7595,1.);
#7595 = DIRECTION('',(0.,0.,1.));
#7596 = PCURVE('',#7564,#7597);
#7597 = DEFINITIONAL_REPRESENTATION('',(#7598),#7601);
#7598 = B_SPLINE_CURVE_WITH_KNOTS('',1,(#7599,#7600),.UNSPECIFIED.,.F.,
  .F.,(2,2),(-6.000000000173E-07,13.0000006),.PIECEWISE_BEZIER_KNOTS.);
#7599 = CARTESIAN_POINT('',(-1.0000006,-5.172144385112));
#7600 = CARTESIAN_POINT('',(12.0000006,-5.172144385112));
#7601 = ( GEOMETRIC_REPRESENTATION_CONTEXT(2) 
PARAMETRIC_REPRESENTATION_CONTEXT() REPRESENTATION_CONTEXT('2D SPACE',''
  ) );
#7602 = PCURVE('',#7603,#7608);
#7603 = CYLINDRICAL_SURFACE('',#7604,3.75);
#7604 = AXIS2_PLACEMENT_3D('',#7605,#7606,#7607);
#7605 = CARTESIAN_POINT('',(3.5,3.5,0.6));
#7606 = DIRECTION('',(0.,0.,1.));
#7607 = DIRECTION('',(1.,0.,-0.));
#7608 = DEFINITIONAL_REPRESENTATION('',(#7609),#7612);
#7609 = B_SPLINE_CURVE_WITH_KNOTS('',1,(#7610,#7611),.UNSPECIFIED.,.F.,
  .F.,(2,2),(1.,12.),.PIECEWISE_BEZIER_KNOTS.);
#7610 = CARTESIAN_POINT('',(8.416517878518,1.));
#7611 = CARTESIAN_POINT('',(8.416517878518,12.));
#7612 = ( GEOMETRIC_REPRESENTATION_CONTEXT(2) 
PARAMETRIC_REPRESENTATION_CONTEXT() REPRESENTATION_CONTEXT('2D SPACE',''
  ) );
#7613 = ORIENTED_EDGE('',*,*,#7614,.T.);
#7614 = EDGE_CURVE('',#7589,#7615,#7617,.T.);
#7615 = VERTEX_POINT('',#7616);
#7616 = CARTESIAN_POINT('',(1.5,61.327855614888,1.6));
#7617 = SURFACE_CURVE('',#7618,(#7622,#7629),.PCURVE_S1.);
#7618 = LINE('',#7619,#7620);
#7619 = CARTESIAN_POINT('',(1.5,1.5,1.6));
#7620 = VECTOR('',#7621,1.);
#7621 = DIRECTION('',(-0.,1.,0.));
#7622 = PCURVE('',#7564,#7623);
#7623 = DEFINITIONAL_REPRESENTATION('',(#7624),#7628);
#7624 = LINE('',#7625,#7626);
#7625 = CARTESIAN_POINT('',(0.,0.));
#7626 = VECTOR('',#7627,1.);
#7627 = DIRECTION('',(0.,-1.));
#7628 = ( GEOMETRIC_REPRESENTATION_CONTEXT(2) 
PARAMETRIC_REPRESENTATION_CONTEXT() REPRESENTATION_CONTEXT('2D SPACE',''
  ) );
#7629 = PCURVE('',#7630,#7635);
#7630 = PLANE('',#7631);
#7631 = AXIS2_PLACEMENT_3D('',#7632,#7633,#7634);
#7632 = CARTESIAN_POINT('',(1.5,1.5,1.6));
#7633 = DIRECTION('',(0.,0.,1.));
#7634 = DIRECTION('',(1.,0.,-0.));
#7635 = DEFINITIONAL_REPRESENTATION('',(#7636),#7640);
#7636 = LINE('',#7637,#7638);
#7637 = CARTESIAN_POINT('',(0.,0.));
#7638 = VECTOR('',#7639,1.);
#7639 = DIRECTION('',(0.,1.));
#7640 = ( GEOMETRIC_REPRESENTATION_CONTEXT(2) 
PARAMETRIC_REPRESENTATION_CONTEXT() REPRESENTATION_CONTEXT('2D SPACE',''
  ) );
#7641 = ORIENTED_EDGE('',*,*,#7642,.T.);
#7642 = EDGE_CURVE('',#7615,#7556,#7643,.T.);
#7643 = SURFACE_CURVE('',#7644,(#7648,#7654),.PCURVE_S1.);
#7644 = LINE('',#7645,#7646);
#7645 = CARTESIAN_POINT('',(1.5,61.327855614888,0.6));
#7646 = VECTOR('',#7647,1.);
#7647 = DIRECTION('',(0.,0.,1.));
#7648 = PCURVE('',#7564,#7649);
#7649 = DEFINITIONAL_REPRESENTATION('',(#7650),#7653);
#7650 = B_SPLINE_CURVE_WITH_KNOTS('',1,(#7651,#7652),.UNSPECIFIED.,.F.,
  .F.,(2,2),(-6.000000000173E-07,13.0000006),.PIECEWISE_BEZIER_KNOTS.);
#7651 = CARTESIAN_POINT('',(-1.0000006,-59.82785561488));
#7652 = CARTESIAN_POINT('',(12.0000006,-59.82785561488));
#7653 = ( GEOMETRIC_REPRESENTATION_CONTEXT(2) 
PARAMETRIC_REPRESENTATION_CONTEXT() REPRESENTATION_CONTEXT('2D SPACE',''
  ) );
#7654 = PCURVE('',#7655,#7660);
#7655 = CYLINDRICAL_SURFACE('',#7656,3.75);
#7656 = AXIS2_PLACEMENT_3D('',#7657,#7658,#7659);
#7657 = CARTESIAN_POINT('',(3.5,64.5,0.6));
#7658 = DIRECTION('',(0.,0.,1.));
#7659 = DIRECTION('',(1.,0.,-0.));
#7660 = DEFINITIONAL_REPRESENTATION('',(#7661),#7664);
#7661 = B_SPLINE_CURVE_WITH_KNOTS('',1,(#7662,#7663),.UNSPECIFIED.,.F.,
  .F.,(2,2),(1.,12.),.PIECEWISE_BEZIER_KNOTS.);
#7662 = CARTESIAN_POINT('',(4.149852735841,1.));
#7663 = CARTESIAN_POINT('',(4.149852735841,12.));
#7664 = ( GEOMETRIC_REPRESENTATION_CONTEXT(2) 
PARAMETRIC_REPRESENTATION_CONTEXT() REPRESENTATION_CONTEXT('2D SPACE',''
  ) );
#7665 = ADVANCED_FACE('',(#7666),#7576,.T.);
#7666 = FACE_BOUND('',#7667,.T.);
#7667 = EDGE_LOOP('',(#7668,#7669,#7697,#7725,#7754,#7782,#7811,#7839));
#7668 = ORIENTED_EDGE('',*,*,#7553,.F.);
#7669 = ORIENTED_EDGE('',*,*,#7670,.T.);
#7670 = EDGE_CURVE('',#7554,#7671,#7673,.T.);
#7671 = VERTEX_POINT('',#7672);
#7672 = CARTESIAN_POINT('',(6.672144385112,1.5,12.6));
#7673 = SURFACE_CURVE('',#7674,(#7679,#7690),.PCURVE_S1.);
#7674 = CIRCLE('',#7675,3.75);
#7675 = AXIS2_PLACEMENT_3D('',#7676,#7677,#7678);
#7676 = CARTESIAN_POINT('',(3.5,3.5,12.6));
#7677 = DIRECTION('',(0.,0.,-1.));
#7678 = DIRECTION('',(-0.533333333333,0.845905169363,0.));
#7679 = PCURVE('',#7576,#7680);
#7680 = DEFINITIONAL_REPRESENTATION('',(#7681),#7689);
#7681 = ( BOUNDED_CURVE() B_SPLINE_CURVE(2,(#7682,#7683,#7684,#7685,
#7686,#7687,#7688),.UNSPECIFIED.,.T.,.F.) B_SPLINE_CURVE_WITH_KNOTS((1,2
    ,2,2,2,1),(-2.094395102393,0.,2.094395102393,4.188790204786,
6.28318530718,8.377580409573),.UNSPECIFIED.) CURVE() 
GEOMETRIC_REPRESENTATION_ITEM() RATIONAL_B_SPLINE_CURVE((1.,0.5,1.,0.5,
1.,0.5,1.)) REPRESENTATION_ITEM('') );
#7682 = CARTESIAN_POINT('',(4.440892098501E-16,5.172144385112));
#7683 = CARTESIAN_POINT('',(5.494315243959,8.63624600025));
#7684 = CARTESIAN_POINT('',(5.747157621979,2.145978615013));
#7685 = CARTESIAN_POINT('',(6.,-4.344288770225));
#7686 = CARTESIAN_POINT('',(0.252842378021,-1.318123000125));
#7687 = CARTESIAN_POINT('',(-5.494315243959,1.708042769975));
#7688 = CARTESIAN_POINT('',(4.440892098501E-16,5.172144385112));
#7689 = ( GEOMETRIC_REPRESENTATION_CONTEXT(2) 
PARAMETRIC_REPRESENTATION_CONTEXT() REPRESENTATION_CONTEXT('2D SPACE',''
  ) );
#7690 = PCURVE('',#7603,#7691);
#7691 = DEFINITIONAL_REPRESENTATION('',(#7692),#7696);
#7692 = LINE('',#7693,#7694);
#7693 = CARTESIAN_POINT('',(8.416517878518,12.));
#7694 = VECTOR('',#7695,1.);
#7695 = DIRECTION('',(-1.,-0.));
#7696 = ( GEOMETRIC_REPRESENTATION_CONTEXT(2) 
PARAMETRIC_REPRESENTATION_CONTEXT() REPRESENTATION_CONTEXT('2D SPACE',''
  ) );
#7697 = ORIENTED_EDGE('',*,*,#7698,.T.);
#7698 = EDGE_CURVE('',#7671,#7699,#7701,.T.);
#7699 = VERTEX_POINT('',#7700);
#7700 = CARTESIAN_POINT('',(71.327855614888,1.5,12.6));
#7701 = SURFACE_CURVE('',#7702,(#7706,#7713),.PCURVE_S1.);
#7702 = LINE('',#7703,#7704);
#7703 = CARTESIAN_POINT('',(1.5,1.5,12.6));
#7704 = VECTOR('',#7705,1.);
#7705 = DIRECTION('',(1.,0.,-0.));
#7706 = PCURVE('',#7576,#7707);
#7707 = DEFINITIONAL_REPRESENTATION('',(#7708),#7712);
#7708 = LINE('',#7709,#7710);
#7709 = CARTESIAN_POINT('',(0.,0.));
#7710 = VECTOR('',#7711,1.);
#7711 = DIRECTION('',(1.,0.));
#7712 = ( GEOMETRIC_REPRESENTATION_CONTEXT(2) 
PARAMETRIC_REPRESENTATION_CONTEXT() REPRESENTATION_CONTEXT('2D SPACE',''
  ) );
#7713 = PCURVE('',#7714,#7719);
#7714 = PLANE('',#7715);
#7715 = AXIS2_PLACEMENT_3D('',#7716,#7717,#7718);
#7716 = CARTESIAN_POINT('',(1.5,1.5,1.6));
#7717 = DIRECTION('',(-0.,1.,0.));
#7718 = DIRECTION('',(0.,0.,1.));
#7719 = DEFINITIONAL_REPRESENTATION('',(#7720),#7724);
#7720 = LINE('',#7721,#7722);
#7721 = CARTESIAN_POINT('',(11.,0.));
#7722 = VECTOR('',#7723,1.);
#7723 = DIRECTION('',(0.,1.));
#7724 = ( GEOMETRIC_REPRESENTATION_CONTEXT(2) 
PARAMETRIC_REPRESENTATION_CONTEXT() REPRESENTATION_CONTEXT('2D SPACE',''
  ) );
#7725 = ORIENTED_EDGE('',*,*,#7726,.F.);
#7726 = EDGE_CURVE('',#7727,#7699,#7729,.T.);
#7727 = VERTEX_POINT('',#7728);
#7728 = CARTESIAN_POINT('',(76.5,6.672144385112,12.6));
#7729 = SURFACE_CURVE('',#7730,(#7735,#7742),.PCURVE_S1.);
#7730 = CIRCLE('',#7731,3.75);
#7731 = AXIS2_PLACEMENT_3D('',#7732,#7733,#7734);
#7732 = CARTESIAN_POINT('',(74.5,3.5,12.6));
#7733 = DIRECTION('',(0.,0.,1.));
#7734 = DIRECTION('',(1.,0.,-0.));
#7735 = PCURVE('',#7576,#7736);
#7736 = DEFINITIONAL_REPRESENTATION('',(#7737),#7741);
#7737 = CIRCLE('',#7738,3.75);
#7738 = AXIS2_PLACEMENT_2D('',#7739,#7740);
#7739 = CARTESIAN_POINT('',(73.,2.));
#7740 = DIRECTION('',(1.,0.));
#7741 = ( GEOMETRIC_REPRESENTATION_CONTEXT(2) 
PARAMETRIC_REPRESENTATION_CONTEXT() REPRESENTATION_CONTEXT('2D SPACE',''
  ) );
#7742 = PCURVE('',#7743,#7748);
#7743 = CYLINDRICAL_SURFACE('',#7744,3.75);
#7744 = AXIS2_PLACEMENT_3D('',#7745,#7746,#7747);
#7745 = CARTESIAN_POINT('',(74.5,3.5,0.6));
#7746 = DIRECTION('',(0.,0.,1.));
#7747 = DIRECTION('',(1.,0.,-0.));
#7748 = DEFINITIONAL_REPRESENTATION('',(#7749),#7753);
#7749 = LINE('',#7750,#7751);
#7750 = CARTESIAN_POINT('',(0.,12.));
#7751 = VECTOR('',#7752,1.);
#7752 = DIRECTION('',(1.,0.));
#7753 = ( GEOMETRIC_REPRESENTATION_CONTEXT(2) 
PARAMETRIC_REPRESENTATION_CONTEXT() REPRESENTATION_CONTEXT('2D SPACE',''
  ) );
#7754 = ORIENTED_EDGE('',*,*,#7755,.T.);
#7755 = EDGE_CURVE('',#7727,#7756,#7758,.T.);
#7756 = VERTEX_POINT('',#7757);
#7757 = CARTESIAN_POINT('',(76.5,61.327855614888,12.6));
#7758 = SURFACE_CURVE('',#7759,(#7763,#7770),.PCURVE_S1.);
#7759 = LINE('',#7760,#7761);
#7760 = CARTESIAN_POINT('',(76.5,1.5,12.6));
#7761 = VECTOR('',#7762,1.);
#7762 = DIRECTION('',(-0.,1.,0.));
#7763 = PCURVE('',#7576,#7764);
#7764 = DEFINITIONAL_REPRESENTATION('',(#7765),#7769);
#7765 = LINE('',#7766,#7767);
#7766 = CARTESIAN_POINT('',(75.,0.));
#7767 = VECTOR('',#7768,1.);
#7768 = DIRECTION('',(0.,1.));
#7769 = ( GEOMETRIC_REPRESENTATION_CONTEXT(2) 
PARAMETRIC_REPRESENTATION_CONTEXT() REPRESENTATION_CONTEXT('2D SPACE',''
  ) );
#7770 = PCURVE('',#7771,#7776);
#7771 = PLANE('',#7772);
#7772 = AXIS2_PLACEMENT_3D('',#7773,#7774,#7775);
#7773 = CARTESIAN_POINT('',(76.5,1.5,1.6));
#7774 = DIRECTION('',(1.,0.,-0.));
#7775 = DIRECTION('',(0.,0.,1.));
#7776 = DEFINITIONAL_REPRESENTATION('',(#7777),#7781);
#7777 = LINE('',#7778,#7779);
#7778 = CARTESIAN_POINT('',(11.,0.));
#7779 = VECTOR('',#7780,1.);
#7780 = DIRECTION('',(0.,-1.));
#7781 = ( GEOMETRIC_REPRESENTATION_CONTEXT(2) 
PARAMETRIC_REPRESENTATION_CONTEXT() REPRESENTATION_CONTEXT('2D SPACE',''
  ) );
#7782 = ORIENTED_EDGE('',*,*,#7783,.F.);
#7783 = EDGE_CURVE('',#7784,#7756,#7786,.T.);
#7784 = VERTEX_POINT('',#7785);
#7785 = CARTESIAN_POINT('',(71.327855614888,66.5,12.6));
#7786 = SURFACE_CURVE('',#7787,(#7792,#7799),.PCURVE_S1.);
#7787 = CIRCLE('',#7788,3.75);
#7788 = AXIS2_PLACEMENT_3D('',#7789,#7790,#7791);
#7789 = CARTESIAN_POINT('',(74.5,64.5,12.6));
#7790 = DIRECTION('',(0.,0.,1.));
#7791 = DIRECTION('',(1.,0.,-0.));
#7792 = PCURVE('',#7576,#7793);
#7793 = DEFINITIONAL_REPRESENTATION('',(#7794),#7798);
#7794 = CIRCLE('',#7795,3.75);
#7795 = AXIS2_PLACEMENT_2D('',#7796,#7797);
#7796 = CARTESIAN_POINT('',(73.,63.));
#7797 = DIRECTION('',(1.,0.));
#7798 = ( GEOMETRIC_REPRESENTATION_CONTEXT(2) 
PARAMETRIC_REPRESENTATION_CONTEXT() REPRESENTATION_CONTEXT('2D SPACE',''
  ) );
#7799 = PCURVE('',#7800,#7805);
#7800 = CYLINDRICAL_SURFACE('',#7801,3.75);
#7801 = AXIS2_PLACEMENT_3D('',#7802,#7803,#7804);
#7802 = CARTESIAN_POINT('',(74.5,64.5,0.6));
#7803 = DIRECTION('',(0.,0.,1.));
#7804 = DIRECTION('',(1.,0.,-0.));
#7805 = DEFINITIONAL_REPRESENTATION('',(#7806),#7810);
#7806 = LINE('',#7807,#7808);
#7807 = CARTESIAN_POINT('',(0.,12.));
#7808 = VECTOR('',#7809,1.);
#7809 = DIRECTION('',(1.,0.));
#7810 = ( GEOMETRIC_REPRESENTATION_CONTEXT(2) 
PARAMETRIC_REPRESENTATION_CONTEXT() REPRESENTATION_CONTEXT('2D SPACE',''
  ) );
#7811 = ORIENTED_EDGE('',*,*,#7812,.F.);
#7812 = EDGE_CURVE('',#7813,#7784,#7815,.T.);
#7813 = VERTEX_POINT('',#7814);
#7814 = CARTESIAN_POINT('',(6.672144385112,66.5,12.6));
#7815 = SURFACE_CURVE('',#7816,(#7820,#7827),.PCURVE_S1.);
#7816 = LINE('',#7817,#7818);
#7817 = CARTESIAN_POINT('',(1.5,66.5,12.6));
#7818 = VECTOR('',#7819,1.);
#7819 = DIRECTION('',(1.,0.,-0.));
#7820 = PCURVE('',#7576,#7821);
#7821 = DEFINITIONAL_REPRESENTATION('',(#7822),#7826);
#7822 = LINE('',#7823,#7824);
#7823 = CARTESIAN_POINT('',(0.,65.));
#7824 = VECTOR('',#7825,1.);
#7825 = DIRECTION('',(1.,0.));
#7826 = ( GEOMETRIC_REPRESENTATION_CONTEXT(2) 
PARAMETRIC_REPRESENTATION_CONTEXT() REPRESENTATION_CONTEXT('2D SPACE',''
  ) );
#7827 = PCURVE('',#7828,#7833);
#7828 = PLANE('',#7829);
#7829 = AXIS2_PLACEMENT_3D('',#7830,#7831,#7832);
#7830 = CARTESIAN_POINT('',(1.5,66.5,1.6));
#7831 = DIRECTION('',(-0.,1.,0.));
#7832 = DIRECTION('',(0.,0.,1.));
#7833 = DEFINITIONAL_REPRESENTATION('',(#7834),#7838);
#7834 = LINE('',#7835,#7836);
#7835 = CARTESIAN_POINT('',(11.,0.));
#7836 = VECTOR('',#7837,1.);
#7837 = DIRECTION('',(0.,1.));
#7838 = ( GEOMETRIC_REPRESENTATION_CONTEXT(2) 
PARAMETRIC_REPRESENTATION_CONTEXT() REPRESENTATION_CONTEXT('2D SPACE',''
  ) );
#7839 = ORIENTED_EDGE('',*,*,#7840,.T.);
#7840 = EDGE_CURVE('',#7813,#7556,#7841,.T.);
#7841 = SURFACE_CURVE('',#7842,(#7847,#7858),.PCURVE_S1.);
#7842 = CIRCLE('',#7843,3.75);
#7843 = AXIS2_PLACEMENT_3D('',#7844,#7845,#7846);
#7844 = CARTESIAN_POINT('',(3.5,64.5,12.6));
#7845 = DIRECTION('',(0.,0.,-1.));
#7846 = DIRECTION('',(0.845905169363,0.533333333333,0.));
#7847 = PCURVE('',#7576,#7848);
#7848 = DEFINITIONAL_REPRESENTATION('',(#7849),#7857);
#7849 = ( BOUNDED_CURVE() B_SPLINE_CURVE(2,(#7850,#7851,#7852,#7853,
#7854,#7855,#7856),.UNSPECIFIED.,.T.,.F.) B_SPLINE_CURVE_WITH_KNOTS((1,2
    ,2,2,2,1),(-2.094395102393,0.,2.094395102393,4.188790204786,
6.28318530718,8.377580409573),.UNSPECIFIED.) CURVE() 
GEOMETRIC_REPRESENTATION_ITEM() RATIONAL_B_SPLINE_CURVE((1.,0.5,1.,0.5,
1.,0.5,1.)) REPRESENTATION_ITEM('') );
#7850 = CARTESIAN_POINT('',(5.172144385112,65.));
#7851 = CARTESIAN_POINT('',(8.63624600025,59.505684756041));
#7852 = CARTESIAN_POINT('',(2.145978615013,59.252842378021));
#7853 = CARTESIAN_POINT('',(-4.344288770225,59.));
#7854 = CARTESIAN_POINT('',(-1.318123000125,64.747157621979));
#7855 = CARTESIAN_POINT('',(1.708042769975,70.494315243959));
#7856 = CARTESIAN_POINT('',(5.172144385112,65.));
#7857 = ( GEOMETRIC_REPRESENTATION_CONTEXT(2) 
PARAMETRIC_REPRESENTATION_CONTEXT() REPRESENTATION_CONTEXT('2D SPACE',''
  ) );
#7858 = PCURVE('',#7655,#7859);
#7859 = DEFINITIONAL_REPRESENTATION('',(#7860),#7864);
#7860 = LINE('',#7861,#7862);
#7861 = CARTESIAN_POINT('',(6.845721551723,12.));
#7862 = VECTOR('',#7863,1.);
#7863 = DIRECTION('',(-1.,-0.));
#7864 = ( GEOMETRIC_REPRESENTATION_CONTEXT(2) 
PARAMETRIC_REPRESENTATION_CONTEXT() REPRESENTATION_CONTEXT('2D SPACE',''
  ) );
#7865 = ADVANCED_FACE('',(#7866),#7655,.F.);
#7866 = FACE_BOUND('',#7867,.F.);
#7867 = EDGE_LOOP('',(#7868,#7896,#7915,#7916));
#7868 = ORIENTED_EDGE('',*,*,#7869,.F.);
#7869 = EDGE_CURVE('',#7870,#7615,#7872,.T.);
#7870 = VERTEX_POINT('',#7871);
#7871 = CARTESIAN_POINT('',(6.672144385112,66.5,1.6));
#7872 = SURFACE_CURVE('',#7873,(#7878,#7885),.PCURVE_S1.);
#7873 = CIRCLE('',#7874,3.75);
#7874 = AXIS2_PLACEMENT_3D('',#7875,#7876,#7877);
#7875 = CARTESIAN_POINT('',(3.5,64.5,1.6));
#7876 = DIRECTION('',(0.,0.,-1.));
#7877 = DIRECTION('',(0.845905169363,0.533333333333,0.));
#7878 = PCURVE('',#7655,#7879);
#7879 = DEFINITIONAL_REPRESENTATION('',(#7880),#7884);
#7880 = LINE('',#7881,#7882);
#7881 = CARTESIAN_POINT('',(6.845721551723,1.));
#7882 = VECTOR('',#7883,1.);
#7883 = DIRECTION('',(-1.,-0.));
#7884 = ( GEOMETRIC_REPRESENTATION_CONTEXT(2) 
PARAMETRIC_REPRESENTATION_CONTEXT() REPRESENTATION_CONTEXT('2D SPACE',''
  ) );
#7885 = PCURVE('',#7630,#7886);
#7886 = DEFINITIONAL_REPRESENTATION('',(#7887),#7895);
#7887 = ( BOUNDED_CURVE() B_SPLINE_CURVE(2,(#7888,#7889,#7890,#7891,
#7892,#7893,#7894),.UNSPECIFIED.,.T.,.F.) B_SPLINE_CURVE_WITH_KNOTS((1,2
    ,2,2,2,1),(-2.094395102393,0.,2.094395102393,4.188790204786,
6.28318530718,8.377580409573),.UNSPECIFIED.) CURVE() 
GEOMETRIC_REPRESENTATION_ITEM() RATIONAL_B_SPLINE_CURVE((1.,0.5,1.,0.5,
1.,0.5,1.)) REPRESENTATION_ITEM('') );
#7888 = CARTESIAN_POINT('',(5.172144385112,65.));
#7889 = CARTESIAN_POINT('',(8.63624600025,59.505684756041));
#7890 = CARTESIAN_POINT('',(2.145978615013,59.252842378021));
#7891 = CARTESIAN_POINT('',(-4.344288770225,59.));
#7892 = CARTESIAN_POINT('',(-1.318123000125,64.747157621979));
#7893 = CARTESIAN_POINT('',(1.708042769975,70.494315243959));
#7894 = CARTESIAN_POINT('',(5.172144385112,65.));
#7895 = ( GEOMETRIC_REPRESENTATION_CONTEXT(2) 
PARAMETRIC_REPRESENTATION_CONTEXT() REPRESENTATION_CONTEXT('2D SPACE',''
  ) );
#7896 = ORIENTED_EDGE('',*,*,#7897,.T.);
#7897 = EDGE_CURVE('',#7870,#7813,#7898,.T.);
#7898 = SURFACE_CURVE('',#7899,(#7903,#7909),.PCURVE_S1.);
#7899 = LINE('',#7900,#7901);
#7900 = CARTESIAN_POINT('',(6.672144385112,66.5,0.6));
#7901 = VECTOR('',#7902,1.);
#7902 = DIRECTION('',(0.,0.,1.));
#7903 = PCURVE('',#7655,#7904);
#7904 = DEFINITIONAL_REPRESENTATION('',(#7905),#7908);
#7905 = B_SPLINE_CURVE_WITH_KNOTS('',1,(#7906,#7907),.UNSPECIFIED.,.F.,
  .F.,(2,2),(1.,12.),.PIECEWISE_BEZIER_KNOTS.);
#7906 = CARTESIAN_POINT('',(6.845721551723,1.));
#7907 = CARTESIAN_POINT('',(6.845721551723,12.));
#7908 = ( GEOMETRIC_REPRESENTATION_CONTEXT(2) 
PARAMETRIC_REPRESENTATION_CONTEXT() REPRESENTATION_CONTEXT('2D SPACE',''
  ) );
#7909 = PCURVE('',#7828,#7910);
#7910 = DEFINITIONAL_REPRESENTATION('',(#7911),#7914);
#7911 = B_SPLINE_CURVE_WITH_KNOTS('',1,(#7912,#7913),.UNSPECIFIED.,.F.,
  .F.,(2,2),(-6.000000000173E-07,13.0000006),.PIECEWISE_BEZIER_KNOTS.);
#7912 = CARTESIAN_POINT('',(-1.0000006,5.172144385112));
#7913 = CARTESIAN_POINT('',(12.0000006,5.172144385112));
#7914 = ( GEOMETRIC_REPRESENTATION_CONTEXT(2) 
PARAMETRIC_REPRESENTATION_CONTEXT() REPRESENTATION_CONTEXT('2D SPACE',''
  ) );
#7915 = ORIENTED_EDGE('',*,*,#7840,.T.);
#7916 = ORIENTED_EDGE('',*,*,#7642,.F.);
#7917 = ADVANCED_FACE('',(#7918),#7630,.F.);
#7918 = FACE_BOUND('',#7919,.F.);
#7919 = EDGE_LOOP('',(#7920,#7921,#7945,#7968,#7992,#8015,#8039,#8060));
#7920 = ORIENTED_EDGE('',*,*,#7614,.F.);
#7921 = ORIENTED_EDGE('',*,*,#7922,.F.);
#7922 = EDGE_CURVE('',#7923,#7589,#7925,.T.);
#7923 = VERTEX_POINT('',#7924);
#7924 = CARTESIAN_POINT('',(6.672144385112,1.5,1.6));
#7925 = SURFACE_CURVE('',#7926,(#7931,#7938),.PCURVE_S1.);
#7926 = CIRCLE('',#7927,3.75);
#7927 = AXIS2_PLACEMENT_3D('',#7928,#7929,#7930);
#7928 = CARTESIAN_POINT('',(3.5,3.5,1.6));
#7929 = DIRECTION('',(0.,0.,1.));
#7930 = DIRECTION('',(0.845905169363,-0.533333333333,0.));
#7931 = PCURVE('',#7630,#7932);
#7932 = DEFINITIONAL_REPRESENTATION('',(#7933),#7937);
#7933 = CIRCLE('',#7934,3.75);
#7934 = AXIS2_PLACEMENT_2D('',#7935,#7936);
#7935 = CARTESIAN_POINT('',(2.,2.));
#7936 = DIRECTION('',(0.845905169363,-0.533333333333));
#7937 = ( GEOMETRIC_REPRESENTATION_CONTEXT(2) 
PARAMETRIC_REPRESENTATION_CONTEXT() REPRESENTATION_CONTEXT('2D SPACE',''
  ) );
#7938 = PCURVE('',#7603,#7939);
#7939 = DEFINITIONAL_REPRESENTATION('',(#7940),#7944);
#7940 = LINE('',#7941,#7942);
#7941 = CARTESIAN_POINT('',(5.720649062636,1.));
#7942 = VECTOR('',#7943,1.);
#7943 = DIRECTION('',(1.,0.));
#7944 = ( GEOMETRIC_REPRESENTATION_CONTEXT(2) 
PARAMETRIC_REPRESENTATION_CONTEXT() REPRESENTATION_CONTEXT('2D SPACE',''
  ) );
#7945 = ORIENTED_EDGE('',*,*,#7946,.T.);
#7946 = EDGE_CURVE('',#7923,#7947,#7949,.T.);
#7947 = VERTEX_POINT('',#7948);
#7948 = CARTESIAN_POINT('',(71.327855614888,1.5,1.6));
#7949 = SURFACE_CURVE('',#7950,(#7954,#7961),.PCURVE_S1.);
#7950 = LINE('',#7951,#7952);
#7951 = CARTESIAN_POINT('',(1.5,1.5,1.6));
#7952 = VECTOR('',#7953,1.);
#7953 = DIRECTION('',(1.,0.,-0.));
#7954 = PCURVE('',#7630,#7955);
#7955 = DEFINITIONAL_REPRESENTATION('',(#7956),#7960);
#7956 = LINE('',#7957,#7958);
#7957 = CARTESIAN_POINT('',(0.,0.));
#7958 = VECTOR('',#7959,1.);
#7959 = DIRECTION('',(1.,0.));
#7960 = ( GEOMETRIC_REPRESENTATION_CONTEXT(2) 
PARAMETRIC_REPRESENTATION_CONTEXT() REPRESENTATION_CONTEXT('2D SPACE',''
  ) );
#7961 = PCURVE('',#7714,#7962);
#7962 = DEFINITIONAL_REPRESENTATION('',(#7963),#7967);
#7963 = LINE('',#7964,#7965);
#7964 = CARTESIAN_POINT('',(0.,0.));
#7965 = VECTOR('',#7966,1.);
#7966 = DIRECTION('',(0.,1.));
#7967 = ( GEOMETRIC_REPRESENTATION_CONTEXT(2) 
PARAMETRIC_REPRESENTATION_CONTEXT() REPRESENTATION_CONTEXT('2D SPACE',''
  ) );
#7968 = ORIENTED_EDGE('',*,*,#7969,.F.);
#7969 = EDGE_CURVE('',#7970,#7947,#7972,.T.);
#7970 = VERTEX_POINT('',#7971);
#7971 = CARTESIAN_POINT('',(76.5,6.672144385112,1.6));
#7972 = SURFACE_CURVE('',#7973,(#7978,#7985),.PCURVE_S1.);
#7973 = CIRCLE('',#7974,3.75);
#7974 = AXIS2_PLACEMENT_3D('',#7975,#7976,#7977);
#7975 = CARTESIAN_POINT('',(74.5,3.5,1.6));
#7976 = DIRECTION('',(0.,0.,1.));
#7977 = DIRECTION('',(1.,0.,-0.));
#7978 = PCURVE('',#7630,#7979);
#7979 = DEFINITIONAL_REPRESENTATION('',(#7980),#7984);
#7980 = CIRCLE('',#7981,3.75);
#7981 = AXIS2_PLACEMENT_2D('',#7982,#7983);
#7982 = CARTESIAN_POINT('',(73.,2.));
#7983 = DIRECTION('',(1.,0.));
#7984 = ( GEOMETRIC_REPRESENTATION_CONTEXT(2) 
PARAMETRIC_REPRESENTATION_CONTEXT() REPRESENTATION_CONTEXT('2D SPACE',''
  ) );
#7985 = PCURVE('',#7743,#7986);
#7986 = DEFINITIONAL_REPRESENTATION('',(#7987),#7991);
#7987 = LINE('',#7988,#7989);
#7988 = CARTESIAN_POINT('',(0.,1.));
#7989 = VECTOR('',#7990,1.);
#7990 = DIRECTION('',(1.,0.));
#7991 = ( GEOMETRIC_REPRESENTATION_CONTEXT(2) 
PARAMETRIC_REPRESENTATION_CONTEXT() REPRESENTATION_CONTEXT('2D SPACE',''
  ) );
#7992 = ORIENTED_EDGE('',*,*,#7993,.T.);
#7993 = EDGE_CURVE('',#7970,#7994,#7996,.T.);
#7994 = VERTEX_POINT('',#7995);
#7995 = CARTESIAN_POINT('',(76.5,61.327855614888,1.6));
#7996 = SURFACE_CURVE('',#7997,(#8001,#8008),.PCURVE_S1.);
#7997 = LINE('',#7998,#7999);
#7998 = CARTESIAN_POINT('',(76.5,1.5,1.6));
#7999 = VECTOR('',#8000,1.);
#8000 = DIRECTION('',(-0.,1.,0.));
#8001 = PCURVE('',#7630,#8002);
#8002 = DEFINITIONAL_REPRESENTATION('',(#8003),#8007);
#8003 = LINE('',#8004,#8005);
#8004 = CARTESIAN_POINT('',(75.,0.));
#8005 = VECTOR('',#8006,1.);
#8006 = DIRECTION('',(0.,1.));
#8007 = ( GEOMETRIC_REPRESENTATION_CONTEXT(2) 
PARAMETRIC_REPRESENTATION_CONTEXT() REPRESENTATION_CONTEXT('2D SPACE',''
  ) );
#8008 = PCURVE('',#7771,#8009);
#8009 = DEFINITIONAL_REPRESENTATION('',(#8010),#8014);
#8010 = LINE('',#8011,#8012);
#8011 = CARTESIAN_POINT('',(0.,0.));
#8012 = VECTOR('',#8013,1.);
#8013 = DIRECTION('',(0.,-1.));
#8014 = ( GEOMETRIC_REPRESENTATION_CONTEXT(2) 
PARAMETRIC_REPRESENTATION_CONTEXT() REPRESENTATION_CONTEXT('2D SPACE',''
  ) );
#8015 = ORIENTED_EDGE('',*,*,#8016,.F.);
#8016 = EDGE_CURVE('',#8017,#7994,#8019,.T.);
#8017 = VERTEX_POINT('',#8018);
#8018 = CARTESIAN_POINT('',(71.327855614888,66.5,1.6));
#8019 = SURFACE_CURVE('',#8020,(#8025,#8032),.PCURVE_S1.);
#8020 = CIRCLE('',#8021,3.75);
#8021 = AXIS2_PLACEMENT_3D('',#8022,#8023,#8024);
#8022 = CARTESIAN_POINT('',(74.5,64.5,1.6));
#8023 = DIRECTION('',(0.,0.,1.));
#8024 = DIRECTION('',(1.,0.,-0.));
#8025 = PCURVE('',#7630,#8026);
#8026 = DEFINITIONAL_REPRESENTATION('',(#8027),#8031);
#8027 = CIRCLE('',#8028,3.75);
#8028 = AXIS2_PLACEMENT_2D('',#8029,#8030);
#8029 = CARTESIAN_POINT('',(73.,63.));
#8030 = DIRECTION('',(1.,0.));
#8031 = ( GEOMETRIC_REPRESENTATION_CONTEXT(2) 
PARAMETRIC_REPRESENTATION_CONTEXT() REPRESENTATION_CONTEXT('2D SPACE',''
  ) );
#8032 = PCURVE('',#7800,#8033);
#8033 = DEFINITIONAL_REPRESENTATION('',(#8034),#8038);
#8034 = LINE('',#8035,#8036);
#8035 = CARTESIAN_POINT('',(0.,1.));
#8036 = VECTOR('',#8037,1.);
#8037 = DIRECTION('',(1.,0.));
#8038 = ( GEOMETRIC_REPRESENTATION_CONTEXT(2) 
PARAMETRIC_REPRESENTATION_CONTEXT() REPRESENTATION_CONTEXT('2D SPACE',''
  ) );
#8039 = ORIENTED_EDGE('',*,*,#8040,.F.);
#8040 = EDGE_CURVE('',#7870,#8017,#8041,.T.);
#8041 = SURFACE_CURVE('',#8042,(#8046,#8053),.PCURVE_S1.);
#8042 = LINE('',#8043,#8044);
#8043 = CARTESIAN_POINT('',(1.5,66.5,1.6));
#8044 = VECTOR('',#8045,1.);
#8045 = DIRECTION('',(1.,0.,-0.));
#8046 = PCURVE('',#7630,#8047);
#8047 = DEFINITIONAL_REPRESENTATION('',(#8048),#8052);
#8048 = LINE('',#8049,#8050);
#8049 = CARTESIAN_POINT('',(0.,65.));
#8050 = VECTOR('',#8051,1.);
#8051 = DIRECTION('',(1.,0.));
#8052 = ( GEOMETRIC_REPRESENTATION_CONTEXT(2) 
PARAMETRIC_REPRESENTATION_CONTEXT() REPRESENTATION_CONTEXT('2D SPACE',''
  ) );
#8053 = PCURVE('',#7828,#8054);
#8054 = DEFINITIONAL_REPRESENTATION('',(#8055),#8059);
#8055 = LINE('',#8056,#8057);
#8056 = CARTESIAN_POINT('',(0.,0.));
#8057 = VECTOR('',#8058,1.);
#8058 = DIRECTION('',(0.,1.));
#8059 = ( GEOMETRIC_REPRESENTATION_CONTEXT(2) 
PARAMETRIC_REPRESENTATION_CONTEXT() REPRESENTATION_CONTEXT('2D SPACE',''
  ) );
#8060 = ORIENTED_EDGE('',*,*,#7869,.T.);
#8061 = ADVANCED_FACE('',(#8062),#7603,.F.);
#8062 = FACE_BOUND('',#8063,.F.);
#8063 = EDGE_LOOP('',(#8064,#8065,#8084,#8085));
#8064 = ORIENTED_EDGE('',*,*,#7670,.T.);
#8065 = ORIENTED_EDGE('',*,*,#8066,.F.);
#8066 = EDGE_CURVE('',#7923,#7671,#8067,.T.);
#8067 = SURFACE_CURVE('',#8068,(#8072,#8078),.PCURVE_S1.);
#8068 = LINE('',#8069,#8070);
#8069 = CARTESIAN_POINT('',(6.672144385112,1.5,0.6));
#8070 = VECTOR('',#8071,1.);
#8071 = DIRECTION('',(0.,0.,1.));
#8072 = PCURVE('',#7603,#8073);
#8073 = DEFINITIONAL_REPRESENTATION('',(#8074),#8077);
#8074 = B_SPLINE_CURVE_WITH_KNOTS('',1,(#8075,#8076),.UNSPECIFIED.,.F.,
  .F.,(2,2),(1.,12.),.PIECEWISE_BEZIER_KNOTS.);
#8075 = CARTESIAN_POINT('',(5.720649062636,1.));
#8076 = CARTESIAN_POINT('',(5.720649062636,12.));
#8077 = ( GEOMETRIC_REPRESENTATION_CONTEXT(2) 
PARAMETRIC_REPRESENTATION_CONTEXT() REPRESENTATION_CONTEXT('2D SPACE',''
  ) );
#8078 = PCURVE('',#7714,#8079);
#8079 = DEFINITIONAL_REPRESENTATION('',(#8080),#8083);
#8080 = B_SPLINE_CURVE_WITH_KNOTS('',1,(#8081,#8082),.UNSPECIFIED.,.F.,
  .F.,(2,2),(-6.000000000173E-07,13.0000006),.PIECEWISE_BEZIER_KNOTS.);
#8081 = CARTESIAN_POINT('',(-1.0000006,5.172144385112));
#8082 = CARTESIAN_POINT('',(12.0000006,5.172144385112));
#8083 = ( GEOMETRIC_REPRESENTATION_CONTEXT(2) 
PARAMETRIC_REPRESENTATION_CONTEXT() REPRESENTATION_CONTEXT('2D SPACE',''
  ) );
#8084 = ORIENTED_EDGE('',*,*,#7922,.T.);
#8085 = ORIENTED_EDGE('',*,*,#7588,.T.);
#8086 = ADVANCED_FACE('',(#8087),#7828,.T.);
#8087 = FACE_BOUND('',#8088,.T.);
#8088 = EDGE_LOOP('',(#8089,#8090,#8091,#8092));
#8089 = ORIENTED_EDGE('',*,*,#8040,.F.);
#8090 = ORIENTED_EDGE('',*,*,#7897,.T.);
#8091 = ORIENTED_EDGE('',*,*,#7812,.T.);
#8092 = ORIENTED_EDGE('',*,*,#8093,.F.);
#8093 = EDGE_CURVE('',#8017,#7784,#8094,.T.);
#8094 = SURFACE_CURVE('',#8095,(#8099,#8105),.PCURVE_S1.);
#8095 = LINE('',#8096,#8097);
#8096 = CARTESIAN_POINT('',(71.327855614888,66.5,0.6));
#8097 = VECTOR('',#8098,1.);
#8098 = DIRECTION('',(0.,0.,1.));
#8099 = PCURVE('',#7828,#8100);
#8100 = DEFINITIONAL_REPRESENTATION('',(#8101),#8104);
#8101 = B_SPLINE_CURVE_WITH_KNOTS('',1,(#8102,#8103),.UNSPECIFIED.,.F.,
  .F.,(2,2),(-6.000000000173E-07,13.0000006),.PIECEWISE_BEZIER_KNOTS.);
#8102 = CARTESIAN_POINT('',(-1.0000006,69.827855614888));
#8103 = CARTESIAN_POINT('',(12.0000006,69.827855614888));
#8104 = ( GEOMETRIC_REPRESENTATION_CONTEXT(2) 
PARAMETRIC_REPRESENTATION_CONTEXT() REPRESENTATION_CONTEXT('2D SPACE',''
  ) );
#8105 = PCURVE('',#7800,#8106);
#8106 = DEFINITIONAL_REPRESENTATION('',(#8107),#8110);
#8107 = B_SPLINE_CURVE_WITH_KNOTS('',1,(#8108,#8109),.UNSPECIFIED.,.F.,
  .F.,(2,2),(-6.000000000173E-07,13.0000006),.PIECEWISE_BEZIER_KNOTS.);
#8108 = CARTESIAN_POINT('',(2.579056409046,-6.000000000173E-07));
#8109 = CARTESIAN_POINT('',(2.579056409046,13.0000006));
#8110 = ( GEOMETRIC_REPRESENTATION_CONTEXT(2) 
PARAMETRIC_REPRESENTATION_CONTEXT() REPRESENTATION_CONTEXT('2D SPACE',''
  ) );
#8111 = ADVANCED_FACE('',(#8112),#7800,.F.);
#8112 = FACE_BOUND('',#8113,.F.);
#8113 = EDGE_LOOP('',(#8114,#8115,#8134,#8135));
#8114 = ORIENTED_EDGE('',*,*,#8016,.T.);
#8115 = ORIENTED_EDGE('',*,*,#8116,.T.);
#8116 = EDGE_CURVE('',#7994,#7756,#8117,.T.);
#8117 = SURFACE_CURVE('',#8118,(#8122,#8128),.PCURVE_S1.);
#8118 = LINE('',#8119,#8120);
#8119 = CARTESIAN_POINT('',(76.5,61.327855614888,0.6));
#8120 = VECTOR('',#8121,1.);
#8121 = DIRECTION('',(0.,0.,1.));
#8122 = PCURVE('',#7800,#8123);
#8123 = DEFINITIONAL_REPRESENTATION('',(#8124),#8127);
#8124 = B_SPLINE_CURVE_WITH_KNOTS('',1,(#8125,#8126),.UNSPECIFIED.,.F.,
  .F.,(2,2),(-6.000000000173E-07,13.0000006),.PIECEWISE_BEZIER_KNOTS.);
#8125 = CARTESIAN_POINT('',(5.274925224929,-6.000000000173E-07));
#8126 = CARTESIAN_POINT('',(5.274925224929,13.0000006));
#8127 = ( GEOMETRIC_REPRESENTATION_CONTEXT(2) 
PARAMETRIC_REPRESENTATION_CONTEXT() REPRESENTATION_CONTEXT('2D SPACE',''
  ) );
#8128 = PCURVE('',#7771,#8129);
#8129 = DEFINITIONAL_REPRESENTATION('',(#8130),#8133);
#8130 = B_SPLINE_CURVE_WITH_KNOTS('',1,(#8131,#8132),.UNSPECIFIED.,.F.,
  .F.,(2,2),(-6.000000000173E-07,13.0000006),.PIECEWISE_BEZIER_KNOTS.);
#8131 = CARTESIAN_POINT('',(-1.0000006,-59.82785561488));
#8132 = CARTESIAN_POINT('',(12.0000006,-59.82785561488));
#8133 = ( GEOMETRIC_REPRESENTATION_CONTEXT(2) 
PARAMETRIC_REPRESENTATION_CONTEXT() REPRESENTATION_CONTEXT('2D SPACE',''
  ) );
#8134 = ORIENTED_EDGE('',*,*,#7783,.F.);
#8135 = ORIENTED_EDGE('',*,*,#8093,.F.);
#8136 = ADVANCED_FACE('',(#8137),#7771,.T.);
#8137 = FACE_BOUND('',#8138,.T.);
#8138 = EDGE_LOOP('',(#8139,#8140,#8159,#8160));
#8139 = ORIENTED_EDGE('',*,*,#7755,.F.);
#8140 = ORIENTED_EDGE('',*,*,#8141,.F.);
#8141 = EDGE_CURVE('',#7970,#7727,#8142,.T.);
#8142 = SURFACE_CURVE('',#8143,(#8147,#8153),.PCURVE_S1.);
#8143 = LINE('',#8144,#8145);
#8144 = CARTESIAN_POINT('',(76.5,6.672144385112,0.6));
#8145 = VECTOR('',#8146,1.);
#8146 = DIRECTION('',(0.,0.,1.));
#8147 = PCURVE('',#7771,#8148);
#8148 = DEFINITIONAL_REPRESENTATION('',(#8149),#8152);
#8149 = B_SPLINE_CURVE_WITH_KNOTS('',1,(#8150,#8151),.UNSPECIFIED.,.F.,
  .F.,(2,2),(-6.000000000173E-07,13.0000006),.PIECEWISE_BEZIER_KNOTS.);
#8150 = CARTESIAN_POINT('',(-1.0000006,-5.172144385112));
#8151 = CARTESIAN_POINT('',(12.0000006,-5.172144385112));
#8152 = ( GEOMETRIC_REPRESENTATION_CONTEXT(2) 
PARAMETRIC_REPRESENTATION_CONTEXT() REPRESENTATION_CONTEXT('2D SPACE',''
  ) );
#8153 = PCURVE('',#7743,#8154);
#8154 = DEFINITIONAL_REPRESENTATION('',(#8155),#8158);
#8155 = B_SPLINE_CURVE_WITH_KNOTS('',1,(#8156,#8157),.UNSPECIFIED.,.F.,
  .F.,(2,2),(-6.000000000173E-07,13.0000006),.PIECEWISE_BEZIER_KNOTS.);
#8156 = CARTESIAN_POINT('',(1.008260082251,-6.000000000173E-07));
#8157 = CARTESIAN_POINT('',(1.008260082251,13.0000006));
#8158 = ( GEOMETRIC_REPRESENTATION_CONTEXT(2) 
PARAMETRIC_REPRESENTATION_CONTEXT() REPRESENTATION_CONTEXT('2D SPACE',''
  ) );
#8159 = ORIENTED_EDGE('',*,*,#7993,.T.);
#8160 = ORIENTED_EDGE('',*,*,#8116,.T.);
#8161 = ADVANCED_FACE('',(#8162),#7743,.F.);
#8162 = FACE_BOUND('',#8163,.F.);
#8163 = EDGE_LOOP('',(#8164,#8165,#8184,#8185));
#8164 = ORIENTED_EDGE('',*,*,#7969,.T.);
#8165 = ORIENTED_EDGE('',*,*,#8166,.T.);
#8166 = EDGE_CURVE('',#7947,#7699,#8167,.T.);
#8167 = SURFACE_CURVE('',#8168,(#8172,#8178),.PCURVE_S1.);
#8168 = LINE('',#8169,#8170);
#8169 = CARTESIAN_POINT('',(71.327855614888,1.5,0.6));
#8170 = VECTOR('',#8171,1.);
#8171 = DIRECTION('',(0.,0.,1.));
#8172 = PCURVE('',#7743,#8173);
#8173 = DEFINITIONAL_REPRESENTATION('',(#8174),#8177);
#8174 = B_SPLINE_CURVE_WITH_KNOTS('',1,(#8175,#8176),.UNSPECIFIED.,.F.,
  .F.,(2,2),(-6.000000000173E-07,13.0000006),.PIECEWISE_BEZIER_KNOTS.);
#8175 = CARTESIAN_POINT('',(3.704128898134,-6.000000000173E-07));
#8176 = CARTESIAN_POINT('',(3.704128898134,13.0000006));
#8177 = ( GEOMETRIC_REPRESENTATION_CONTEXT(2) 
PARAMETRIC_REPRESENTATION_CONTEXT() REPRESENTATION_CONTEXT('2D SPACE',''
  ) );
#8178 = PCURVE('',#7714,#8179);
#8179 = DEFINITIONAL_REPRESENTATION('',(#8180),#8183);
#8180 = B_SPLINE_CURVE_WITH_KNOTS('',1,(#8181,#8182),.UNSPECIFIED.,.F.,
  .F.,(2,2),(-6.000000000173E-07,13.0000006),.PIECEWISE_BEZIER_KNOTS.);
#8181 = CARTESIAN_POINT('',(-1.0000006,69.827855614888));
#8182 = CARTESIAN_POINT('',(12.0000006,69.827855614888));
#8183 = ( GEOMETRIC_REPRESENTATION_CONTEXT(2) 
PARAMETRIC_REPRESENTATION_CONTEXT() REPRESENTATION_CONTEXT('2D SPACE',''
  ) );
#8184 = ORIENTED_EDGE('',*,*,#7726,.F.);
#8185 = ORIENTED_EDGE('',*,*,#8141,.F.);
#8186 = ADVANCED_FACE('',(#8187),#7714,.F.);
#8187 = FACE_BOUND('',#8188,.F.);
#8188 = EDGE_LOOP('',(#8189,#8190,#8191,#8192));
#8189 = ORIENTED_EDGE('',*,*,#7946,.F.);
#8190 = ORIENTED_EDGE('',*,*,#8066,.T.);
#8191 = ORIENTED_EDGE('',*,*,#7698,.T.);
#8192 = ORIENTED_EDGE('',*,*,#8166,.F.);
#8193 = ( GEOMETRIC_REPRESENTATION_CONTEXT(3) 
GLOBAL_UNCERTAINTY_ASSIGNED_CONTEXT((#8197)) 
GLOBAL_UNIT_ASSIGNED_CONTEXT((#8194,#8195,#8196)) REPRESENTATION_CONTEXT
('Context #1','3D Context with UNIT and UNCERTAINTY') );
#8194 = ( LENGTH_UNIT() NAMED_UNIT(*) SI_UNIT(.MILLI.,.METRE.) );
#8195 = ( NAMED_UNIT(*) PLANE_ANGLE_UNIT() SI_UNIT($,.RADIAN.) );
#8196 = ( NAMED_UNIT(*) SI_UNIT($,.STERADIAN.) SOLID_ANGLE_UNIT() );
#8197 = UNCERTAINTY_MEASURE_WITH_UNIT(LENGTH_MEASURE(1.E-07),#8194,
  'distance_accuracy_value','confusion accuracy');
#8198 = CONTEXT_DEPENDENT_SHAPE_REPRESENTATION(#8199,#8201);
#8199 = ( REPRESENTATION_RELATIONSHIP('','',#7546,#6494) 
REPRESENTATION_RELATIONSHIP_WITH_TRANSFORMATION(#8200) 
SHAPE_REPRESENTATION_RELATIONSHIP() );
#8200 = ITEM_DEFINED_TRANSFORMATION('','',#11,#6499);
#8201 = PRODUCT_DEFINITION_SHAPE('Placement','Placement of an item',
  #8202);
#8202 = NEXT_ASSEMBLY_USAGE_OCCURRENCE('69','dfr0535_components','',
  #6489,#7541,$);
#8203 = PRODUCT_RELATED_PRODUCT_CATEGORY('part',$,(#7543));
#8204 = SHAPE_DEFINITION_REPRESENTATION(#8205,#8211);
#8205 = PRODUCT_DEFINITION_SHAPE('','',#8206);
#8206 = PRODUCT_DEFINITION('design','',#8207,#8210);
#8207 = PRODUCT_DEFINITION_FORMATION('','',#8208);
#8208 = PRODUCT('dfr0535_heatsink_back','dfr0535_heatsink_back','',(
    #8209));
#8209 = PRODUCT_CONTEXT('',#2,'mechanical');
#8210 = PRODUCT_DEFINITION_CONTEXT('part definition',#2,'design');
#8211 = ADVANCED_BREP_SHAPE_REPRESENTATION('',(#11,#8212),#8542);
#8212 = MANIFOLD_SOLID_BREP('',#8213);
#8213 = CLOSED_SHELL('',(#8214,#8334,#8434,#8481,#8528,#8535));
#8214 = ADVANCED_FACE('',(#8215),#8229,.F.);
#8215 = FACE_BOUND('',#8216,.F.);
#8216 = EDGE_LOOP('',(#8217,#8252,#8280,#8308));
#8217 = ORIENTED_EDGE('',*,*,#8218,.F.);
#8218 = EDGE_CURVE('',#8219,#8221,#8223,.T.);
#8219 = VERTEX_POINT('',#8220);
#8220 = CARTESIAN_POINT('',(0.,0.,0.));
#8221 = VERTEX_POINT('',#8222);
#8222 = CARTESIAN_POINT('',(0.,0.,6.));
#8223 = SURFACE_CURVE('',#8224,(#8228,#8240),.PCURVE_S1.);
#8224 = LINE('',#8225,#8226);
#8225 = CARTESIAN_POINT('',(0.,0.,0.));
#8226 = VECTOR('',#8227,1.);
#8227 = DIRECTION('',(0.,0.,1.));
#8228 = PCURVE('',#8229,#8234);
#8229 = PLANE('',#8230);
#8230 = AXIS2_PLACEMENT_3D('',#8231,#8232,#8233);
#8231 = CARTESIAN_POINT('',(0.,0.,0.));
#8232 = DIRECTION('',(1.,0.,-0.));
#8233 = DIRECTION('',(0.,0.,1.));
#8234 = DEFINITIONAL_REPRESENTATION('',(#8235),#8239);
#8235 = LINE('',#8236,#8237);
#8236 = CARTESIAN_POINT('',(0.,0.));
#8237 = VECTOR('',#8238,1.);
#8238 = DIRECTION('',(1.,0.));
#8239 = ( GEOMETRIC_REPRESENTATION_CONTEXT(2) 
PARAMETRIC_REPRESENTATION_CONTEXT() REPRESENTATION_CONTEXT('2D SPACE',''
  ) );
#8240 = PCURVE('',#8241,#8246);
#8241 = PLANE('',#8242);
#8242 = AXIS2_PLACEMENT_3D('',#8243,#8244,#8245);
#8243 = CARTESIAN_POINT('',(0.,0.,0.));
#8244 = DIRECTION('',(-0.,1.,0.));
#8245 = DIRECTION('',(0.,0.,1.));
#8246 = DEFINITIONAL_REPRESENTATION('',(#8247),#8251);
#8247 = LINE('',#8248,#8249);
#8248 = CARTESIAN_POINT('',(0.,0.));
#8249 = VECTOR('',#8250,1.);
#8250 = DIRECTION('',(1.,0.));
#8251 = ( GEOMETRIC_REPRESENTATION_CONTEXT(2) 
PARAMETRIC_REPRESENTATION_CONTEXT() REPRESENTATION_CONTEXT('2D SPACE',''
  ) );
#8252 = ORIENTED_EDGE('',*,*,#8253,.T.);
#8253 = EDGE_CURVE('',#8219,#8254,#8256,.T.);
#8254 = VERTEX_POINT('',#8255);
#8255 = CARTESIAN_POINT('',(0.,14.,0.));
#8256 = SURFACE_CURVE('',#8257,(#8261,#8268),.PCURVE_S1.);
#8257 = LINE('',#8258,#8259);
#8258 = CARTESIAN_POINT('',(0.,0.,0.));
#8259 = VECTOR('',#8260,1.);
#8260 = DIRECTION('',(-0.,1.,0.));
#8261 = PCURVE('',#8229,#8262);
#8262 = DEFINITIONAL_REPRESENTATION('',(#8263),#8267);
#8263 = LINE('',#8264,#8265);
#8264 = CARTESIAN_POINT('',(0.,0.));
#8265 = VECTOR('',#8266,1.);
#8266 = DIRECTION('',(0.,-1.));
#8267 = ( GEOMETRIC_REPRESENTATION_CONTEXT(2) 
PARAMETRIC_REPRESENTATION_CONTEXT() REPRESENTATION_CONTEXT('2D SPACE',''
  ) );
#8268 = PCURVE('',#8269,#8274);
#8269 = PLANE('',#8270);
#8270 = AXIS2_PLACEMENT_3D('',#8271,#8272,#8273);
#8271 = CARTESIAN_POINT('',(0.,0.,0.));
#8272 = DIRECTION('',(0.,0.,1.));
#8273 = DIRECTION('',(1.,0.,-0.));
#8274 = DEFINITIONAL_REPRESENTATION('',(#8275),#8279);
#8275 = LINE('',#8276,#8277);
#8276 = CARTESIAN_POINT('',(0.,0.));
#8277 = VECTOR('',#8278,1.);
#8278 = DIRECTION('',(0.,1.));
#8279 = ( GEOMETRIC_REPRESENTATION_CONTEXT(2) 
PARAMETRIC_REPRESENTATION_CONTEXT() REPRESENTATION_CONTEXT('2D SPACE',''
  ) );
#8280 = ORIENTED_EDGE('',*,*,#8281,.T.);
#8281 = EDGE_CURVE('',#8254,#8282,#8284,.T.);
#8282 = VERTEX_POINT('',#8283);
#8283 = CARTESIAN_POINT('',(0.,14.,6.));
#8284 = SURFACE_CURVE('',#8285,(#8289,#8296),.PCURVE_S1.);
#8285 = LINE('',#8286,#8287);
#8286 = CARTESIAN_POINT('',(0.,14.,0.));
#8287 = VECTOR('',#8288,1.);
#8288 = DIRECTION('',(0.,0.,1.));
#8289 = PCURVE('',#8229,#8290);
#8290 = DEFINITIONAL_REPRESENTATION('',(#8291),#8295);
#8291 = LINE('',#8292,#8293);
#8292 = CARTESIAN_POINT('',(0.,-14.));
#8293 = VECTOR('',#8294,1.);
#8294 = DIRECTION('',(1.,0.));
#8295 = ( GEOMETRIC_REPRESENTATION_CONTEXT(2) 
PARAMETRIC_REPRESENTATION_CONTEXT() REPRESENTATION_CONTEXT('2D SPACE',''
  ) );
#8296 = PCURVE('',#8297,#8302);
#8297 = PLANE('',#8298);
#8298 = AXIS2_PLACEMENT_3D('',#8299,#8300,#8301);
#8299 = CARTESIAN_POINT('',(0.,14.,0.));
#8300 = DIRECTION('',(-0.,1.,0.));
#8301 = DIRECTION('',(0.,0.,1.));
#8302 = DEFINITIONAL_REPRESENTATION('',(#8303),#8307);
#8303 = LINE('',#8304,#8305);
#8304 = CARTESIAN_POINT('',(0.,0.));
#8305 = VECTOR('',#8306,1.);
#8306 = DIRECTION('',(1.,0.));
#8307 = ( GEOMETRIC_REPRESENTATION_CONTEXT(2) 
PARAMETRIC_REPRESENTATION_CONTEXT() REPRESENTATION_CONTEXT('2D SPACE',''
  ) );
#8308 = ORIENTED_EDGE('',*,*,#8309,.F.);
#8309 = EDGE_CURVE('',#8221,#8282,#8310,.T.);
#8310 = SURFACE_CURVE('',#8311,(#8315,#8322),.PCURVE_S1.);
#8311 = LINE('',#8312,#8313);
#8312 = CARTESIAN_POINT('',(0.,0.,6.));
#8313 = VECTOR('',#8314,1.);
#8314 = DIRECTION('',(-0.,1.,0.));
#8315 = PCURVE('',#8229,#8316);
#8316 = DEFINITIONAL_REPRESENTATION('',(#8317),#8321);
#8317 = LINE('',#8318,#8319);
#8318 = CARTESIAN_POINT('',(6.,0.));
#8319 = VECTOR('',#8320,1.);
#8320 = DIRECTION('',(0.,-1.));
#8321 = ( GEOMETRIC_REPRESENTATION_CONTEXT(2) 
PARAMETRIC_REPRESENTATION_CONTEXT() REPRESENTATION_CONTEXT('2D SPACE',''
  ) );
#8322 = PCURVE('',#8323,#8328);
#8323 = PLANE('',#8324);
#8324 = AXIS2_PLACEMENT_3D('',#8325,#8326,#8327);
#8325 = CARTESIAN_POINT('',(0.,0.,6.));
#8326 = DIRECTION('',(0.,0.,1.));
#8327 = DIRECTION('',(1.,0.,-0.));
#8328 = DEFINITIONAL_REPRESENTATION('',(#8329),#8333);
#8329 = LINE('',#8330,#8331);
#8330 = CARTESIAN_POINT('',(0.,0.));
#8331 = VECTOR('',#8332,1.);
#8332 = DIRECTION('',(0.,1.));
#8333 = ( GEOMETRIC_REPRESENTATION_CONTEXT(2) 
PARAMETRIC_REPRESENTATION_CONTEXT() REPRESENTATION_CONTEXT('2D SPACE',''
  ) );
#8334 = ADVANCED_FACE('',(#8335),#8349,.T.);
#8335 = FACE_BOUND('',#8336,.T.);
#8336 = EDGE_LOOP('',(#8337,#8367,#8390,#8413));
#8337 = ORIENTED_EDGE('',*,*,#8338,.F.);
#8338 = EDGE_CURVE('',#8339,#8341,#8343,.T.);
#8339 = VERTEX_POINT('',#8340);
#8340 = CARTESIAN_POINT('',(14.,0.,0.));
#8341 = VERTEX_POINT('',#8342);
#8342 = CARTESIAN_POINT('',(14.,0.,6.));
#8343 = SURFACE_CURVE('',#8344,(#8348,#8360),.PCURVE_S1.);
#8344 = LINE('',#8345,#8346);
#8345 = CARTESIAN_POINT('',(14.,0.,0.));
#8346 = VECTOR('',#8347,1.);
#8347 = DIRECTION('',(0.,0.,1.));
#8348 = PCURVE('',#8349,#8354);
#8349 = PLANE('',#8350);
#8350 = AXIS2_PLACEMENT_3D('',#8351,#8352,#8353);
#8351 = CARTESIAN_POINT('',(14.,0.,0.));
#8352 = DIRECTION('',(1.,0.,-0.));
#8353 = DIRECTION('',(0.,0.,1.));
#8354 = DEFINITIONAL_REPRESENTATION('',(#8355),#8359);
#8355 = LINE('',#8356,#8357);
#8356 = CARTESIAN_POINT('',(0.,0.));
#8357 = VECTOR('',#8358,1.);
#8358 = DIRECTION('',(1.,0.));
#8359 = ( GEOMETRIC_REPRESENTATION_CONTEXT(2) 
PARAMETRIC_REPRESENTATION_CONTEXT() REPRESENTATION_CONTEXT('2D SPACE',''
  ) );
#8360 = PCURVE('',#8241,#8361);
#8361 = DEFINITIONAL_REPRESENTATION('',(#8362),#8366);
#8362 = LINE('',#8363,#8364);
#8363 = CARTESIAN_POINT('',(0.,14.));
#8364 = VECTOR('',#8365,1.);
#8365 = DIRECTION('',(1.,0.));
#8366 = ( GEOMETRIC_REPRESENTATION_CONTEXT(2) 
PARAMETRIC_REPRESENTATION_CONTEXT() REPRESENTATION_CONTEXT('2D SPACE',''
  ) );
#8367 = ORIENTED_EDGE('',*,*,#8368,.T.);
#8368 = EDGE_CURVE('',#8339,#8369,#8371,.T.);
#8369 = VERTEX_POINT('',#8370);
#8370 = CARTESIAN_POINT('',(14.,14.,0.));
#8371 = SURFACE_CURVE('',#8372,(#8376,#8383),.PCURVE_S1.);
#8372 = LINE('',#8373,#8374);
#8373 = CARTESIAN_POINT('',(14.,0.,0.));
#8374 = VECTOR('',#8375,1.);
#8375 = DIRECTION('',(-0.,1.,0.));
#8376 = PCURVE('',#8349,#8377);
#8377 = DEFINITIONAL_REPRESENTATION('',(#8378),#8382);
#8378 = LINE('',#8379,#8380);
#8379 = CARTESIAN_POINT('',(0.,0.));
#8380 = VECTOR('',#8381,1.);
#8381 = DIRECTION('',(0.,-1.));
#8382 = ( GEOMETRIC_REPRESENTATION_CONTEXT(2) 
PARAMETRIC_REPRESENTATION_CONTEXT() REPRESENTATION_CONTEXT('2D SPACE',''
  ) );
#8383 = PCURVE('',#8269,#8384);
#8384 = DEFINITIONAL_REPRESENTATION('',(#8385),#8389);
#8385 = LINE('',#8386,#8387);
#8386 = CARTESIAN_POINT('',(14.,0.));
#8387 = VECTOR('',#8388,1.);
#8388 = DIRECTION('',(0.,1.));
#8389 = ( GEOMETRIC_REPRESENTATION_CONTEXT(2) 
PARAMETRIC_REPRESENTATION_CONTEXT() REPRESENTATION_CONTEXT('2D SPACE',''
  ) );
#8390 = ORIENTED_EDGE('',*,*,#8391,.T.);
#8391 = EDGE_CURVE('',#8369,#8392,#8394,.T.);
#8392 = VERTEX_POINT('',#8393);
#8393 = CARTESIAN_POINT('',(14.,14.,6.));
#8394 = SURFACE_CURVE('',#8395,(#8399,#8406),.PCURVE_S1.);
#8395 = LINE('',#8396,#8397);
#8396 = CARTESIAN_POINT('',(14.,14.,0.));
#8397 = VECTOR('',#8398,1.);
#8398 = DIRECTION('',(0.,0.,1.));
#8399 = PCURVE('',#8349,#8400);
#8400 = DEFINITIONAL_REPRESENTATION('',(#8401),#8405);
#8401 = LINE('',#8402,#8403);
#8402 = CARTESIAN_POINT('',(0.,-14.));
#8403 = VECTOR('',#8404,1.);
#8404 = DIRECTION('',(1.,0.));
#8405 = ( GEOMETRIC_REPRESENTATION_CONTEXT(2) 
PARAMETRIC_REPRESENTATION_CONTEXT() REPRESENTATION_CONTEXT('2D SPACE',''
  ) );
#8406 = PCURVE('',#8297,#8407);
#8407 = DEFINITIONAL_REPRESENTATION('',(#8408),#8412);
#8408 = LINE('',#8409,#8410);
#8409 = CARTESIAN_POINT('',(0.,14.));
#8410 = VECTOR('',#8411,1.);
#8411 = DIRECTION('',(1.,0.));
#8412 = ( GEOMETRIC_REPRESENTATION_CONTEXT(2) 
PARAMETRIC_REPRESENTATION_CONTEXT() REPRESENTATION_CONTEXT('2D SPACE',''
  ) );
#8413 = ORIENTED_EDGE('',*,*,#8414,.F.);
#8414 = EDGE_CURVE('',#8341,#8392,#8415,.T.);
#8415 = SURFACE_CURVE('',#8416,(#8420,#8427),.PCURVE_S1.);
#8416 = LINE('',#8417,#8418);
#8417 = CARTESIAN_POINT('',(14.,0.,6.));
#8418 = VECTOR('',#8419,1.);
#8419 = DIRECTION('',(-0.,1.,0.));
#8420 = PCURVE('',#8349,#8421);
#8421 = DEFINITIONAL_REPRESENTATION('',(#8422),#8426);
#8422 = LINE('',#8423,#8424);
#8423 = CARTESIAN_POINT('',(6.,0.));
#8424 = VECTOR('',#8425,1.);
#8425 = DIRECTION('',(0.,-1.));
#8426 = ( GEOMETRIC_REPRESENTATION_CONTEXT(2) 
PARAMETRIC_REPRESENTATION_CONTEXT() REPRESENTATION_CONTEXT('2D SPACE',''
  ) );
#8427 = PCURVE('',#8323,#8428);
#8428 = DEFINITIONAL_REPRESENTATION('',(#8429),#8433);
#8429 = LINE('',#8430,#8431);
#8430 = CARTESIAN_POINT('',(14.,0.));
#8431 = VECTOR('',#8432,1.);
#8432 = DIRECTION('',(0.,1.));
#8433 = ( GEOMETRIC_REPRESENTATION_CONTEXT(2) 
PARAMETRIC_REPRESENTATION_CONTEXT() REPRESENTATION_CONTEXT('2D SPACE',''
  ) );
#8434 = ADVANCED_FACE('',(#8435),#8241,.F.);
#8435 = FACE_BOUND('',#8436,.F.);
#8436 = EDGE_LOOP('',(#8437,#8458,#8459,#8480));
#8437 = ORIENTED_EDGE('',*,*,#8438,.F.);
#8438 = EDGE_CURVE('',#8219,#8339,#8439,.T.);
#8439 = SURFACE_CURVE('',#8440,(#8444,#8451),.PCURVE_S1.);
#8440 = LINE('',#8441,#8442);
#8441 = CARTESIAN_POINT('',(0.,0.,0.));
#8442 = VECTOR('',#8443,1.);
#8443 = DIRECTION('',(1.,0.,-0.));
#8444 = PCURVE('',#8241,#8445);
#8445 = DEFINITIONAL_REPRESENTATION('',(#8446),#8450);
#8446 = LINE('',#8447,#8448);
#8447 = CARTESIAN_POINT('',(0.,0.));
#8448 = VECTOR('',#8449,1.);
#8449 = DIRECTION('',(0.,1.));
#8450 = ( GEOMETRIC_REPRESENTATION_CONTEXT(2) 
PARAMETRIC_REPRESENTATION_CONTEXT() REPRESENTATION_CONTEXT('2D SPACE',''
  ) );
#8451 = PCURVE('',#8269,#8452);
#8452 = DEFINITIONAL_REPRESENTATION('',(#8453),#8457);
#8453 = LINE('',#8454,#8455);
#8454 = CARTESIAN_POINT('',(0.,0.));
#8455 = VECTOR('',#8456,1.);
#8456 = DIRECTION('',(1.,0.));
#8457 = ( GEOMETRIC_REPRESENTATION_CONTEXT(2) 
PARAMETRIC_REPRESENTATION_CONTEXT() REPRESENTATION_CONTEXT('2D SPACE',''
  ) );
#8458 = ORIENTED_EDGE('',*,*,#8218,.T.);
#8459 = ORIENTED_EDGE('',*,*,#8460,.T.);
#8460 = EDGE_CURVE('',#8221,#8341,#8461,.T.);
#8461 = SURFACE_CURVE('',#8462,(#8466,#8473),.PCURVE_S1.);
#8462 = LINE('',#8463,#8464);
#8463 = CARTESIAN_POINT('',(0.,0.,6.));
#8464 = VECTOR('',#8465,1.);
#8465 = DIRECTION('',(1.,0.,-0.));
#8466 = PCURVE('',#8241,#8467);
#8467 = DEFINITIONAL_REPRESENTATION('',(#8468),#8472);
#8468 = LINE('',#8469,#8470);
#8469 = CARTESIAN_POINT('',(6.,0.));
#8470 = VECTOR('',#8471,1.);
#8471 = DIRECTION('',(0.,1.));
#8472 = ( GEOMETRIC_REPRESENTATION_CONTEXT(2) 
PARAMETRIC_REPRESENTATION_CONTEXT() REPRESENTATION_CONTEXT('2D SPACE',''
  ) );
#8473 = PCURVE('',#8323,#8474);
#8474 = DEFINITIONAL_REPRESENTATION('',(#8475),#8479);
#8475 = LINE('',#8476,#8477);
#8476 = CARTESIAN_POINT('',(0.,0.));
#8477 = VECTOR('',#8478,1.);
#8478 = DIRECTION('',(1.,0.));
#8479 = ( GEOMETRIC_REPRESENTATION_CONTEXT(2) 
PARAMETRIC_REPRESENTATION_CONTEXT() REPRESENTATION_CONTEXT('2D SPACE',''
  ) );
#8480 = ORIENTED_EDGE('',*,*,#8338,.F.);
#8481 = ADVANCED_FACE('',(#8482),#8297,.T.);
#8482 = FACE_BOUND('',#8483,.T.);
#8483 = EDGE_LOOP('',(#8484,#8505,#8506,#8527));
#8484 = ORIENTED_EDGE('',*,*,#8485,.F.);
#8485 = EDGE_CURVE('',#8254,#8369,#8486,.T.);
#8486 = SURFACE_CURVE('',#8487,(#8491,#8498),.PCURVE_S1.);
#8487 = LINE('',#8488,#8489);
#8488 = CARTESIAN_POINT('',(0.,14.,0.));
#8489 = VECTOR('',#8490,1.);
#8490 = DIRECTION('',(1.,0.,-0.));
#8491 = PCURVE('',#8297,#8492);
#8492 = DEFINITIONAL_REPRESENTATION('',(#8493),#8497);
#8493 = LINE('',#8494,#8495);
#8494 = CARTESIAN_POINT('',(0.,0.));
#8495 = VECTOR('',#8496,1.);
#8496 = DIRECTION('',(0.,1.));
#8497 = ( GEOMETRIC_REPRESENTATION_CONTEXT(2) 
PARAMETRIC_REPRESENTATION_CONTEXT() REPRESENTATION_CONTEXT('2D SPACE',''
  ) );
#8498 = PCURVE('',#8269,#8499);
#8499 = DEFINITIONAL_REPRESENTATION('',(#8500),#8504);
#8500 = LINE('',#8501,#8502);
#8501 = CARTESIAN_POINT('',(0.,14.));
#8502 = VECTOR('',#8503,1.);
#8503 = DIRECTION('',(1.,0.));
#8504 = ( GEOMETRIC_REPRESENTATION_CONTEXT(2) 
PARAMETRIC_REPRESENTATION_CONTEXT() REPRESENTATION_CONTEXT('2D SPACE',''
  ) );
#8505 = ORIENTED_EDGE('',*,*,#8281,.T.);
#8506 = ORIENTED_EDGE('',*,*,#8507,.T.);
#8507 = EDGE_CURVE('',#8282,#8392,#8508,.T.);
#8508 = SURFACE_CURVE('',#8509,(#8513,#8520),.PCURVE_S1.);
#8509 = LINE('',#8510,#8511);
#8510 = CARTESIAN_POINT('',(0.,14.,6.));
#8511 = VECTOR('',#8512,1.);
#8512 = DIRECTION('',(1.,0.,-0.));
#8513 = PCURVE('',#8297,#8514);
#8514 = DEFINITIONAL_REPRESENTATION('',(#8515),#8519);
#8515 = LINE('',#8516,#8517);
#8516 = CARTESIAN_POINT('',(6.,0.));
#8517 = VECTOR('',#8518,1.);
#8518 = DIRECTION('',(0.,1.));
#8519 = ( GEOMETRIC_REPRESENTATION_CONTEXT(2) 
PARAMETRIC_REPRESENTATION_CONTEXT() REPRESENTATION_CONTEXT('2D SPACE',''
  ) );
#8520 = PCURVE('',#8323,#8521);
#8521 = DEFINITIONAL_REPRESENTATION('',(#8522),#8526);
#8522 = LINE('',#8523,#8524);
#8523 = CARTESIAN_POINT('',(0.,14.));
#8524 = VECTOR('',#8525,1.);
#8525 = DIRECTION('',(1.,0.));
#8526 = ( GEOMETRIC_REPRESENTATION_CONTEXT(2) 
PARAMETRIC_REPRESENTATION_CONTEXT() REPRESENTATION_CONTEXT('2D SPACE',''
  ) );
#8527 = ORIENTED_EDGE('',*,*,#8391,.F.);
#8528 = ADVANCED_FACE('',(#8529),#8269,.F.);
#8529 = FACE_BOUND('',#8530,.F.);
#8530 = EDGE_LOOP('',(#8531,#8532,#8533,#8534));
#8531 = ORIENTED_EDGE('',*,*,#8253,.F.);
#8532 = ORIENTED_EDGE('',*,*,#8438,.T.);
#8533 = ORIENTED_EDGE('',*,*,#8368,.T.);
#8534 = ORIENTED_EDGE('',*,*,#8485,.F.);
#8535 = ADVANCED_FACE('',(#8536),#8323,.T.);
#8536 = FACE_BOUND('',#8537,.T.);
#8537 = EDGE_LOOP('',(#8538,#8539,#8540,#8541));
#8538 = ORIENTED_EDGE('',*,*,#8309,.F.);
#8539 = ORIENTED_EDGE('',*,*,#8460,.T.);
#8540 = ORIENTED_EDGE('',*,*,#8414,.T.);
#8541 = ORIENTED_EDGE('',*,*,#8507,.F.);
#8542 = ( GEOMETRIC_REPRESENTATION_CONTEXT(3) 
GLOBAL_UNCERTAINTY_ASSIGNED_CONTEXT((#8546)) 
GLOBAL_UNIT_ASSIGNED_CONTEXT((#8543,#8544,#8545)) REPRESENTATION_CONTEXT
('Context #1','3D Context with UNIT and UNCERTAINTY') );
#8543 = ( LENGTH_UNIT() NAMED_UNIT(*) SI_UNIT(.MILLI.,.METRE.) );
#8544 = ( NAMED_UNIT(*) PLANE_ANGLE_UNIT() SI_UNIT($,.RADIAN.) );
#8545 = ( NAMED_UNIT(*) SI_UNIT($,.STERADIAN.) SOLID_ANGLE_UNIT() );
#8546 = UNCERTAINTY_MEASURE_WITH_UNIT(LENGTH_MEASURE(1.E-07),#8543,
  'distance_accuracy_value','confusion accuracy');
#8547 = CONTEXT_DEPENDENT_SHAPE_REPRESENTATION(#8548,#8550);
#8548 = ( REPRESENTATION_RELATIONSHIP('','',#8211,#6494) 
REPRESENTATION_RELATIONSHIP_WITH_TRANSFORMATION(#8549) 
SHAPE_REPRESENTATION_RELATIONSHIP() );
#8549 = ITEM_DEFINED_TRANSFORMATION('','',#11,#6503);
#8550 = PRODUCT_DEFINITION_SHAPE('Placement','Placement of an item',
  #8551);
#8551 = NEXT_ASSEMBLY_USAGE_OCCURRENCE('70','dfr0535_heatsink_back','',
  #6489,#8206,$);
#8552 = PRODUCT_RELATED_PRODUCT_CATEGORY('part',$,(#8208));
#8553 = SHAPE_DEFINITION_REPRESENTATION(#8554,#8560);
#8554 = PRODUCT_DEFINITION_SHAPE('','',#8555);
#8555 = PRODUCT_DEFINITION('design','',#8556,#8559);
#8556 = PRODUCT_DEFINITION_FORMATION('','',#8557);
#8557 = PRODUCT('lipo_pouch_envelope','lipo_pouch_envelope','',(#8558));
#8558 = PRODUCT_CONTEXT('',#2,'mechanical');
#8559 = PRODUCT_DEFINITION_CONTEXT('part definition',#2,'design');
#8560 = ADVANCED_BREP_SHAPE_REPRESENTATION('',(#11,#8561),#8891);
#8561 = MANIFOLD_SOLID_BREP('',#8562);
#8562 = CLOSED_SHELL('',(#8563,#8683,#8783,#8830,#8877,#8884));
#8563 = ADVANCED_FACE('',(#8564),#8578,.F.);
#8564 = FACE_BOUND('',#8565,.F.);
#8565 = EDGE_LOOP('',(#8566,#8601,#8629,#8657));
#8566 = ORIENTED_EDGE('',*,*,#8567,.F.);
#8567 = EDGE_CURVE('',#8568,#8570,#8572,.T.);
#8568 = VERTEX_POINT('',#8569);
#8569 = CARTESIAN_POINT('',(-30.,-18.,-4.));
#8570 = VERTEX_POINT('',#8571);
#8571 = CARTESIAN_POINT('',(-30.,-18.,4.));
#8572 = SURFACE_CURVE('',#8573,(#8577,#8589),.PCURVE_S1.);
#8573 = LINE('',#8574,#8575);
#8574 = CARTESIAN_POINT('',(-30.,-18.,-4.));
#8575 = VECTOR('',#8576,1.);
#8576 = DIRECTION('',(0.,0.,1.));
#8577 = PCURVE('',#8578,#8583);
#8578 = PLANE('',#8579);
#8579 = AXIS2_PLACEMENT_3D('',#8580,#8581,#8582);
#8580 = CARTESIAN_POINT('',(-30.,-18.,-4.));
#8581 = DIRECTION('',(1.,0.,-0.));
#8582 = DIRECTION('',(0.,0.,1.));
#8583 = DEFINITIONAL_REPRESENTATION('',(#8584),#8588);
#8584 = LINE('',#8585,#8586);
#8585 = CARTESIAN_POINT('',(0.,0.));
#8586 = VECTOR('',#8587,1.);
#8587 = DIRECTION('',(1.,0.));
#8588 = ( GEOMETRIC_REPRESENTATION_CONTEXT(2) 
PARAMETRIC_REPRESENTATION_CONTEXT() REPRESENTATION_CONTEXT('2D SPACE',''
  ) );
#8589 = PCURVE('',#8590,#8595);
#8590 = PLANE('',#8591);
#8591 = AXIS2_PLACEMENT_3D('',#8592,#8593,#8594);
#8592 = CARTESIAN_POINT('',(-30.,-18.,-4.));
#8593 = DIRECTION('',(-0.,1.,0.));
#8594 = DIRECTION('',(0.,0.,1.));
#8595 = DEFINITIONAL_REPRESENTATION('',(#8596),#8600);
#8596 = LINE('',#8597,#8598);
#8597 = CARTESIAN_POINT('',(0.,0.));
#8598 = VECTOR('',#8599,1.);
#8599 = DIRECTION('',(1.,0.));
#8600 = ( GEOMETRIC_REPRESENTATION_CONTEXT(2) 
PARAMETRIC_REPRESENTATION_CONTEXT() REPRESENTATION_CONTEXT('2D SPACE',''
  ) );
#8601 = ORIENTED_EDGE('',*,*,#8602,.T.);
#8602 = EDGE_CURVE('',#8568,#8603,#8605,.T.);
#8603 = VERTEX_POINT('',#8604);
#8604 = CARTESIAN_POINT('',(-30.,18.,-4.));
#8605 = SURFACE_CURVE('',#8606,(#8610,#8617),.PCURVE_S1.);
#8606 = LINE('',#8607,#8608);
#8607 = CARTESIAN_POINT('',(-30.,-18.,-4.));
#8608 = VECTOR('',#8609,1.);
#8609 = DIRECTION('',(-0.,1.,0.));
#8610 = PCURVE('',#8578,#8611);
#8611 = DEFINITIONAL_REPRESENTATION('',(#8612),#8616);
#8612 = LINE('',#8613,#8614);
#8613 = CARTESIAN_POINT('',(0.,0.));
#8614 = VECTOR('',#8615,1.);
#8615 = DIRECTION('',(0.,-1.));
#8616 = ( GEOMETRIC_REPRESENTATION_CONTEXT(2) 
PARAMETRIC_REPRESENTATION_CONTEXT() REPRESENTATION_CONTEXT('2D SPACE',''
  ) );
#8617 = PCURVE('',#8618,#8623);
#8618 = PLANE('',#8619);
#8619 = AXIS2_PLACEMENT_3D('',#8620,#8621,#8622);
#8620 = CARTESIAN_POINT('',(-30.,-18.,-4.));
#8621 = DIRECTION('',(0.,0.,1.));
#8622 = DIRECTION('',(1.,0.,-0.));
#8623 = DEFINITIONAL_REPRESENTATION('',(#8624),#8628);
#8624 = LINE('',#8625,#8626);
#8625 = CARTESIAN_POINT('',(0.,0.));
#8626 = VECTOR('',#8627,1.);
#8627 = DIRECTION('',(0.,1.));
#8628 = ( GEOMETRIC_REPRESENTATION_CONTEXT(2) 
PARAMETRIC_REPRESENTATION_CONTEXT() REPRESENTATION_CONTEXT('2D SPACE',''
  ) );
#8629 = ORIENTED_EDGE('',*,*,#8630,.T.);
#8630 = EDGE_CURVE('',#8603,#8631,#8633,.T.);
#8631 = VERTEX_POINT('',#8632);
#8632 = CARTESIAN_POINT('',(-30.,18.,4.));
#8633 = SURFACE_CURVE('',#8634,(#8638,#8645),.PCURVE_S1.);
#8634 = LINE('',#8635,#8636);
#8635 = CARTESIAN_POINT('',(-30.,18.,-4.));
#8636 = VECTOR('',#8637,1.);
#8637 = DIRECTION('',(0.,0.,1.));
#8638 = PCURVE('',#8578,#8639);
#8639 = DEFINITIONAL_REPRESENTATION('',(#8640),#8644);
#8640 = LINE('',#8641,#8642);
#8641 = CARTESIAN_POINT('',(0.,-36.));
#8642 = VECTOR('',#8643,1.);
#8643 = DIRECTION('',(1.,0.));
#8644 = ( GEOMETRIC_REPRESENTATION_CONTEXT(2) 
PARAMETRIC_REPRESENTATION_CONTEXT() REPRESENTATION_CONTEXT('2D SPACE',''
  ) );
#8645 = PCURVE('',#8646,#8651);
#8646 = PLANE('',#8647);
#8647 = AXIS2_PLACEMENT_3D('',#8648,#8649,#8650);
#8648 = CARTESIAN_POINT('',(-30.,18.,-4.));
#8649 = DIRECTION('',(-0.,1.,0.));
#8650 = DIRECTION('',(0.,0.,1.));
#8651 = DEFINITIONAL_REPRESENTATION('',(#8652),#8656);
#8652 = LINE('',#8653,#8654);
#8653 = CARTESIAN_POINT('',(0.,0.));
#8654 = VECTOR('',#8655,1.);
#8655 = DIRECTION('',(1.,0.));
#8656 = ( GEOMETRIC_REPRESENTATION_CONTEXT(2) 
PARAMETRIC_REPRESENTATION_CONTEXT() REPRESENTATION_CONTEXT('2D SPACE',''
  ) );
#8657 = ORIENTED_EDGE('',*,*,#8658,.F.);
#8658 = EDGE_CURVE('',#8570,#8631,#8659,.T.);
#8659 = SURFACE_CURVE('',#8660,(#8664,#8671),.PCURVE_S1.);
#8660 = LINE('',#8661,#8662);
#8661 = CARTESIAN_POINT('',(-30.,-18.,4.));
#8662 = VECTOR('',#8663,1.);
#8663 = DIRECTION('',(-0.,1.,0.));
#8664 = PCURVE('',#8578,#8665);
#8665 = DEFINITIONAL_REPRESENTATION('',(#8666),#8670);
#8666 = LINE('',#8667,#8668);
#8667 = CARTESIAN_POINT('',(8.,0.));
#8668 = VECTOR('',#8669,1.);
#8669 = DIRECTION('',(0.,-1.));
#8670 = ( GEOMETRIC_REPRESENTATION_CONTEXT(2) 
PARAMETRIC_REPRESENTATION_CONTEXT() REPRESENTATION_CONTEXT('2D SPACE',''
  ) );
#8671 = PCURVE('',#8672,#8677);
#8672 = PLANE('',#8673);
#8673 = AXIS2_PLACEMENT_3D('',#8674,#8675,#8676);
#8674 = CARTESIAN_POINT('',(-30.,-18.,4.));
#8675 = DIRECTION('',(0.,0.,1.));
#8676 = DIRECTION('',(1.,0.,-0.));
#8677 = DEFINITIONAL_REPRESENTATION('',(#8678),#8682);
#8678 = LINE('',#8679,#8680);
#8679 = CARTESIAN_POINT('',(0.,0.));
#8680 = VECTOR('',#8681,1.);
#8681 = DIRECTION('',(0.,1.));
#8682 = ( GEOMETRIC_REPRESENTATION_CONTEXT(2) 
PARAMETRIC_REPRESENTATION_CONTEXT() REPRESENTATION_CONTEXT('2D SPACE',''
  ) );
#8683 = ADVANCED_FACE('',(#8684),#8698,.T.);
#8684 = FACE_BOUND('',#8685,.T.);
#8685 = EDGE_LOOP('',(#8686,#8716,#8739,#8762));
#8686 = ORIENTED_EDGE('',*,*,#8687,.F.);
#8687 = EDGE_CURVE('',#8688,#8690,#8692,.T.);
#8688 = VERTEX_POINT('',#8689);
#8689 = CARTESIAN_POINT('',(30.,-18.,-4.));
#8690 = VERTEX_POINT('',#8691);
#8691 = CARTESIAN_POINT('',(30.,-18.,4.));
#8692 = SURFACE_CURVE('',#8693,(#8697,#8709),.PCURVE_S1.);
#8693 = LINE('',#8694,#8695);
#8694 = CARTESIAN_POINT('',(30.,-18.,-4.));
#8695 = VECTOR('',#8696,1.);
#8696 = DIRECTION('',(0.,0.,1.));
#8697 = PCURVE('',#8698,#8703);
#8698 = PLANE('',#8699);
#8699 = AXIS2_PLACEMENT_3D('',#8700,#8701,#8702);
#8700 = CARTESIAN_POINT('',(30.,-18.,-4.));
#8701 = DIRECTION('',(1.,0.,-0.));
#8702 = DIRECTION('',(0.,0.,1.));
#8703 = DEFINITIONAL_REPRESENTATION('',(#8704),#8708);
#8704 = LINE('',#8705,#8706);
#8705 = CARTESIAN_POINT('',(0.,0.));
#8706 = VECTOR('',#8707,1.);
#8707 = DIRECTION('',(1.,0.));
#8708 = ( GEOMETRIC_REPRESENTATION_CONTEXT(2) 
PARAMETRIC_REPRESENTATION_CONTEXT() REPRESENTATION_CONTEXT('2D SPACE',''
  ) );
#8709 = PCURVE('',#8590,#8710);
#8710 = DEFINITIONAL_REPRESENTATION('',(#8711),#8715);
#8711 = LINE('',#8712,#8713);
#8712 = CARTESIAN_POINT('',(0.,60.));
#8713 = VECTOR('',#8714,1.);
#8714 = DIRECTION('',(1.,0.));
#8715 = ( GEOMETRIC_REPRESENTATION_CONTEXT(2) 
PARAMETRIC_REPRESENTATION_CONTEXT() REPRESENTATION_CONTEXT('2D SPACE',''
  ) );
#8716 = ORIENTED_EDGE('',*,*,#8717,.T.);
#8717 = EDGE_CURVE('',#8688,#8718,#8720,.T.);
#8718 = VERTEX_POINT('',#8719);
#8719 = CARTESIAN_POINT('',(30.,18.,-4.));
#8720 = SURFACE_CURVE('',#8721,(#8725,#8732),.PCURVE_S1.);
#8721 = LINE('',#8722,#8723);
#8722 = CARTESIAN_POINT('',(30.,-18.,-4.));
#8723 = VECTOR('',#8724,1.);
#8724 = DIRECTION('',(-0.,1.,0.));
#8725 = PCURVE('',#8698,#8726);
#8726 = DEFINITIONAL_REPRESENTATION('',(#8727),#8731);
#8727 = LINE('',#8728,#8729);
#8728 = CARTESIAN_POINT('',(0.,0.));
#8729 = VECTOR('',#8730,1.);
#8730 = DIRECTION('',(0.,-1.));
#8731 = ( GEOMETRIC_REPRESENTATION_CONTEXT(2) 
PARAMETRIC_REPRESENTATION_CONTEXT() REPRESENTATION_CONTEXT('2D SPACE',''
  ) );
#8732 = PCURVE('',#8618,#8733);
#8733 = DEFINITIONAL_REPRESENTATION('',(#8734),#8738);
#8734 = LINE('',#8735,#8736);
#8735 = CARTESIAN_POINT('',(60.,0.));
#8736 = VECTOR('',#8737,1.);
#8737 = DIRECTION('',(0.,1.));
#8738 = ( GEOMETRIC_REPRESENTATION_CONTEXT(2) 
PARAMETRIC_REPRESENTATION_CONTEXT() REPRESENTATION_CONTEXT('2D SPACE',''
  ) );
#8739 = ORIENTED_EDGE('',*,*,#8740,.T.);
#8740 = EDGE_CURVE('',#8718,#8741,#8743,.T.);
#8741 = VERTEX_POINT('',#8742);
#8742 = CARTESIAN_POINT('',(30.,18.,4.));
#8743 = SURFACE_CURVE('',#8744,(#8748,#8755),.PCURVE_S1.);
#8744 = LINE('',#8745,#8746);
#8745 = CARTESIAN_POINT('',(30.,18.,-4.));
#8746 = VECTOR('',#8747,1.);
#8747 = DIRECTION('',(0.,0.,1.));
#8748 = PCURVE('',#8698,#8749);
#8749 = DEFINITIONAL_REPRESENTATION('',(#8750),#8754);
#8750 = LINE('',#8751,#8752);
#8751 = CARTESIAN_POINT('',(0.,-36.));
#8752 = VECTOR('',#8753,1.);
#8753 = DIRECTION('',(1.,0.));
#8754 = ( GEOMETRIC_REPRESENTATION_CONTEXT(2) 
PARAMETRIC_REPRESENTATION_CONTEXT() REPRESENTATION_CONTEXT('2D SPACE',''
  ) );
#8755 = PCURVE('',#8646,#8756);
#8756 = DEFINITIONAL_REPRESENTATION('',(#8757),#8761);
#8757 = LINE('',#8758,#8759);
#8758 = CARTESIAN_POINT('',(0.,60.));
#8759 = VECTOR('',#8760,1.);
#8760 = DIRECTION('',(1.,0.));
#8761 = ( GEOMETRIC_REPRESENTATION_CONTEXT(2) 
PARAMETRIC_REPRESENTATION_CONTEXT() REPRESENTATION_CONTEXT('2D SPACE',''
  ) );
#8762 = ORIENTED_EDGE('',*,*,#8763,.F.);
#8763 = EDGE_CURVE('',#8690,#8741,#8764,.T.);
#8764 = SURFACE_CURVE('',#8765,(#8769,#8776),.PCURVE_S1.);
#8765 = LINE('',#8766,#8767);
#8766 = CARTESIAN_POINT('',(30.,-18.,4.));
#8767 = VECTOR('',#8768,1.);
#8768 = DIRECTION('',(-0.,1.,0.));
#8769 = PCURVE('',#8698,#8770);
#8770 = DEFINITIONAL_REPRESENTATION('',(#8771),#8775);
#8771 = LINE('',#8772,#8773);
#8772 = CARTESIAN_POINT('',(8.,0.));
#8773 = VECTOR('',#8774,1.);
#8774 = DIRECTION('',(0.,-1.));
#8775 = ( GEOMETRIC_REPRESENTATION_CONTEXT(2) 
PARAMETRIC_REPRESENTATION_CONTEXT() REPRESENTATION_CONTEXT('2D SPACE',''
  ) );
#8776 = PCURVE('',#8672,#8777);
#8777 = DEFINITIONAL_REPRESENTATION('',(#8778),#8782);
#8778 = LINE('',#8779,#8780);
#8779 = CARTESIAN_POINT('',(60.,0.));
#8780 = VECTOR('',#8781,1.);
#8781 = DIRECTION('',(0.,1.));
#8782 = ( GEOMETRIC_REPRESENTATION_CONTEXT(2) 
PARAMETRIC_REPRESENTATION_CONTEXT() REPRESENTATION_CONTEXT('2D SPACE',''
  ) );
#8783 = ADVANCED_FACE('',(#8784),#8590,.F.);
#8784 = FACE_BOUND('',#8785,.F.);
#8785 = EDGE_LOOP('',(#8786,#8807,#8808,#8829));
#8786 = ORIENTED_EDGE('',*,*,#8787,.F.);
#8787 = EDGE_CURVE('',#8568,#8688,#8788,.T.);
#8788 = SURFACE_CURVE('',#8789,(#8793,#8800),.PCURVE_S1.);
#8789 = LINE('',#8790,#8791);
#8790 = CARTESIAN_POINT('',(-30.,-18.,-4.));
#8791 = VECTOR('',#8792,1.);
#8792 = DIRECTION('',(1.,0.,-0.));
#8793 = PCURVE('',#8590,#8794);
#8794 = DEFINITIONAL_REPRESENTATION('',(#8795),#8799);
#8795 = LINE('',#8796,#8797);
#8796 = CARTESIAN_POINT('',(0.,0.));
#8797 = VECTOR('',#8798,1.);
#8798 = DIRECTION('',(0.,1.));
#8799 = ( GEOMETRIC_REPRESENTATION_CONTEXT(2) 
PARAMETRIC_REPRESENTATION_CONTEXT() REPRESENTATION_CONTEXT('2D SPACE',''
  ) );
#8800 = PCURVE('',#8618,#8801);
#8801 = DEFINITIONAL_REPRESENTATION('',(#8802),#8806);
#8802 = LINE('',#8803,#8804);
#8803 = CARTESIAN_POINT('',(0.,0.));
#8804 = VECTOR('',#8805,1.);
#8805 = DIRECTION('',(1.,0.));
#8806 = ( GEOMETRIC_REPRESENTATION_CONTEXT(2) 
PARAMETRIC_REPRESENTATION_CONTEXT() REPRESENTATION_CONTEXT('2D SPACE',''
  ) );
#8807 = ORIENTED_EDGE('',*,*,#8567,.T.);
#8808 = ORIENTED_EDGE('',*,*,#8809,.T.);
#8809 = EDGE_CURVE('',#8570,#8690,#8810,.T.);
#8810 = SURFACE_CURVE('',#8811,(#8815,#8822),.PCURVE_S1.);
#8811 = LINE('',#8812,#8813);
#8812 = CARTESIAN_POINT('',(-30.,-18.,4.));
#8813 = VECTOR('',#8814,1.);
#8814 = DIRECTION('',(1.,0.,-0.));
#8815 = PCURVE('',#8590,#8816);
#8816 = DEFINITIONAL_REPRESENTATION('',(#8817),#8821);
#8817 = LINE('',#8818,#8819);
#8818 = CARTESIAN_POINT('',(8.,0.));
#8819 = VECTOR('',#8820,1.);
#8820 = DIRECTION('',(0.,1.));
#8821 = ( GEOMETRIC_REPRESENTATION_CONTEXT(2) 
PARAMETRIC_REPRESENTATION_CONTEXT() REPRESENTATION_CONTEXT('2D SPACE',''
  ) );
#8822 = PCURVE('',#8672,#8823);
#8823 = DEFINITIONAL_REPRESENTATION('',(#8824),#8828);
#8824 = LINE('',#8825,#8826);
#8825 = CARTESIAN_POINT('',(0.,0.));
#8826 = VECTOR('',#8827,1.);
#8827 = DIRECTION('',(1.,0.));
#8828 = ( GEOMETRIC_REPRESENTATION_CONTEXT(2) 
PARAMETRIC_REPRESENTATION_CONTEXT() REPRESENTATION_CONTEXT('2D SPACE',''
  ) );
#8829 = ORIENTED_EDGE('',*,*,#8687,.F.);
#8830 = ADVANCED_FACE('',(#8831),#8646,.T.);
#8831 = FACE_BOUND('',#8832,.T.);
#8832 = EDGE_LOOP('',(#8833,#8854,#8855,#8876));
#8833 = ORIENTED_EDGE('',*,*,#8834,.F.);
#8834 = EDGE_CURVE('',#8603,#8718,#8835,.T.);
#8835 = SURFACE_CURVE('',#8836,(#8840,#8847),.PCURVE_S1.);
#8836 = LINE('',#8837,#8838);
#8837 = CARTESIAN_POINT('',(-30.,18.,-4.));
#8838 = VECTOR('',#8839,1.);
#8839 = DIRECTION('',(1.,0.,-0.));
#8840 = PCURVE('',#8646,#8841);
#8841 = DEFINITIONAL_REPRESENTATION('',(#8842),#8846);
#8842 = LINE('',#8843,#8844);
#8843 = CARTESIAN_POINT('',(0.,0.));
#8844 = VECTOR('',#8845,1.);
#8845 = DIRECTION('',(0.,1.));
#8846 = ( GEOMETRIC_REPRESENTATION_CONTEXT(2) 
PARAMETRIC_REPRESENTATION_CONTEXT() REPRESENTATION_CONTEXT('2D SPACE',''
  ) );
#8847 = PCURVE('',#8618,#8848);
#8848 = DEFINITIONAL_REPRESENTATION('',(#8849),#8853);
#8849 = LINE('',#8850,#8851);
#8850 = CARTESIAN_POINT('',(0.,36.));
#8851 = VECTOR('',#8852,1.);
#8852 = DIRECTION('',(1.,0.));
#8853 = ( GEOMETRIC_REPRESENTATION_CONTEXT(2) 
PARAMETRIC_REPRESENTATION_CONTEXT() REPRESENTATION_CONTEXT('2D SPACE',''
  ) );
#8854 = ORIENTED_EDGE('',*,*,#8630,.T.);
#8855 = ORIENTED_EDGE('',*,*,#8856,.T.);
#8856 = EDGE_CURVE('',#8631,#8741,#8857,.T.);
#8857 = SURFACE_CURVE('',#8858,(#8862,#8869),.PCURVE_S1.);
#8858 = LINE('',#8859,#8860);
#8859 = CARTESIAN_POINT('',(-30.,18.,4.));
#8860 = VECTOR('',#8861,1.);
#8861 = DIRECTION('',(1.,0.,-0.));
#8862 = PCURVE('',#8646,#8863);
#8863 = DEFINITIONAL_REPRESENTATION('',(#8864),#8868);
#8864 = LINE('',#8865,#8866);
#8865 = CARTESIAN_POINT('',(8.,0.));
#8866 = VECTOR('',#8867,1.);
#8867 = DIRECTION('',(0.,1.));
#8868 = ( GEOMETRIC_REPRESENTATION_CONTEXT(2) 
PARAMETRIC_REPRESENTATION_CONTEXT() REPRESENTATION_CONTEXT('2D SPACE',''
  ) );
#8869 = PCURVE('',#8672,#8870);
#8870 = DEFINITIONAL_REPRESENTATION('',(#8871),#8875);
#8871 = LINE('',#8872,#8873);
#8872 = CARTESIAN_POINT('',(0.,36.));
#8873 = VECTOR('',#8874,1.);
#8874 = DIRECTION('',(1.,0.));
#8875 = ( GEOMETRIC_REPRESENTATION_CONTEXT(2) 
PARAMETRIC_REPRESENTATION_CONTEXT() REPRESENTATION_CONTEXT('2D SPACE',''
  ) );
#8876 = ORIENTED_EDGE('',*,*,#8740,.F.);
#8877 = ADVANCED_FACE('',(#8878),#8618,.F.);
#8878 = FACE_BOUND('',#8879,.F.);
#8879 = EDGE_LOOP('',(#8880,#8881,#8882,#8883));
#8880 = ORIENTED_EDGE('',*,*,#8602,.F.);
#8881 = ORIENTED_EDGE('',*,*,#8787,.T.);
#8882 = ORIENTED_EDGE('',*,*,#8717,.T.);
#8883 = ORIENTED_EDGE('',*,*,#8834,.F.);
#8884 = ADVANCED_FACE('',(#8885),#8672,.T.);
#8885 = FACE_BOUND('',#8886,.T.);
#8886 = EDGE_LOOP('',(#8887,#8888,#8889,#8890));
#8887 = ORIENTED_EDGE('',*,*,#8658,.F.);
#8888 = ORIENTED_EDGE('',*,*,#8809,.T.);
#8889 = ORIENTED_EDGE('',*,*,#8763,.T.);
#8890 = ORIENTED_EDGE('',*,*,#8856,.F.);
#8891 = ( GEOMETRIC_REPRESENTATION_CONTEXT(3) 
GLOBAL_UNCERTAINTY_ASSIGNED_CONTEXT((#8895)) 
GLOBAL_UNIT_ASSIGNED_CONTEXT((#8892,#8893,#8894)) REPRESENTATION_CONTEXT
('Context #1','3D Context with UNIT and UNCERTAINTY') );
#8892 = ( LENGTH_UNIT() NAMED_UNIT(*) SI_UNIT(.MILLI.,.METRE.) );
#8893 = ( NAMED_UNIT(*) PLANE_ANGLE_UNIT() SI_UNIT($,.RADIAN.) );
#8894 = ( NAMED_UNIT(*) SI_UNIT($,.STERADIAN.) SOLID_ANGLE_UNIT() );
#8895 = UNCERTAINTY_MEASURE_WITH_UNIT(LENGTH_MEASURE(1.E-07),#8892,
  'distance_accuracy_value','confusion accuracy');
#8896 = CONTEXT_DEPENDENT_SHAPE_REPRESENTATION(#8897,#8899);
#8897 = ( REPRESENTATION_RELATIONSHIP('','',#8560,#10) 
REPRESENTATION_RELATIONSHIP_WITH_TRANSFORMATION(#8898) 
SHAPE_REPRESENTATION_RELATIONSHIP() );
#8898 = ITEM_DEFINED_TRANSFORMATION('','',#11,#23);
#8899 = PRODUCT_DEFINITION_SHAPE('Placement','Placement of an item',
  #8900);
#8900 = NEXT_ASSEMBLY_USAGE_OCCURRENCE('72','lipo_pouch_envelope','',#5,
  #8555,$);
#8901 = PRODUCT_RELATED_PRODUCT_CATEGORY('part',$,(#8557));
#8902 = SHAPE_DEFINITION_REPRESENTATION(#6484,#8903);
#8903 = SHAPE_REPRESENTATION('',(#15),#6476);
#8904 = SHAPE_DEFINITION_REPRESENTATION(#7536,#8905);
#8905 = SHAPE_REPRESENTATION('',(#6495),#7528);
#8906 = SHAPE_DEFINITION_REPRESENTATION(#8201,#8907);
#8907 = SHAPE_REPRESENTATION('',(#6499),#8193);
#8908 = SHAPE_DEFINITION_REPRESENTATION(#8550,#8909);
#8909 = SHAPE_REPRESENTATION('',(#6503),#8542);
#8910 = SHAPE_DEFINITION_REPRESENTATION(#7536,#8911);
#8911 = SHAPE_REPRESENTATION('',(#6495),#7528);
#8912 = SHAPE_DEFINITION_REPRESENTATION(#8201,#8913);
#8913 = SHAPE_REPRESENTATION('',(#6499),#8193);
#8914 = SHAPE_DEFINITION_REPRESENTATION(#8550,#8915);
#8915 = SHAPE_REPRESENTATION('',(#6503),#8542);
#8916 = SHAPE_DEFINITION_REPRESENTATION(#8899,#8917);
#8917 = SHAPE_REPRESENTATION('',(#23),#8891);
#8918 = SHAPE_DEFINITION_REPRESENTATION(#6484,#8919);
#8919 = SHAPE_REPRESENTATION('',(#15),#6476);
#8920 = SHAPE_DEFINITION_REPRESENTATION(#8899,#8921);
#8921 = SHAPE_REPRESENTATION('',(#23),#8891);
#8922 = MECHANICAL_DESIGN_GEOMETRIC_PRESENTATION_REPRESENTATION('',(
    #8923),#8891);
#8923 = STYLED_ITEM('color',(#8924),#8561);
#8924 = PRESENTATION_STYLE_ASSIGNMENT((#8925));
#8925 = SURFACE_STYLE_USAGE(.BOTH.,#8926);
#8926 = SURFACE_SIDE_STYLE('',(#8927));
#8927 = SURFACE_STYLE_FILL_AREA(#8928);
#8928 = FILL_AREA_STYLE('',(#8929));
#8929 = FILL_AREA_STYLE_COLOUR('',#8930);
#8930 = COLOUR_RGB('',0.850000012718,0.750000000934,0.199999998682);
#8931 = MECHANICAL_DESIGN_GEOMETRIC_PRESENTATION_REPRESENTATION('',(
    #8932,#8940),#7528);
#8932 = STYLED_ITEM('color',(#8933),#6526);
#8933 = PRESENTATION_STYLE_ASSIGNMENT((#8934));
#8934 = SURFACE_STYLE_USAGE(.BOTH.,#8935);
#8935 = SURFACE_SIDE_STYLE('',(#8936));
#8936 = SURFACE_STYLE_FILL_AREA(#8937);
#8937 = FILL_AREA_STYLE('',(#8938));
#8938 = FILL_AREA_STYLE_COLOUR('',#8939);
#8939 = COLOUR_RGB('',0.149999997808,0.149999997808,0.149999997808);
#8940 = OVER_RIDING_STYLED_ITEM('overriding color',(#8941),#6526,#8932);
#8941 = PRESENTATION_STYLE_BY_CONTEXT((#8942),#8911);
#8942 = SURFACE_STYLE_USAGE(.BOTH.,#8943);
#8943 = SURFACE_SIDE_STYLE('',(#8944));
#8944 = SURFACE_STYLE_FILL_AREA(#8945);
#8945 = FILL_AREA_STYLE('',(#8946));
#8946 = FILL_AREA_STYLE_COLOUR('',#8947);
#8947 = COLOUR_RGB('',0.149999997808,0.149999997808,0.149999997808);
#8948 = MECHANICAL_DESIGN_GEOMETRIC_PRESENTATION_REPRESENTATION('',(
    #8949,#8956),#8193);
#8949 = STYLED_ITEM('color',(#8950),#7547);
#8950 = PRESENTATION_STYLE_ASSIGNMENT((#8951));
#8951 = SURFACE_STYLE_USAGE(.BOTH.,#8952);
#8952 = SURFACE_SIDE_STYLE('',(#8953));
#8953 = SURFACE_STYLE_FILL_AREA(#8954);
#8954 = FILL_AREA_STYLE('',(#8955));
#8955 = FILL_AREA_STYLE_COLOUR('',#8939);
#8956 = OVER_RIDING_STYLED_ITEM('overriding color',(#8957),#7547,#8949);
#8957 = PRESENTATION_STYLE_BY_CONTEXT((#8958),#8913);
#8958 = SURFACE_STYLE_USAGE(.BOTH.,#8959);
#8959 = SURFACE_SIDE_STYLE('',(#8960));
#8960 = SURFACE_STYLE_FILL_AREA(#8961);
#8961 = FILL_AREA_STYLE('',(#8962));
#8962 = FILL_AREA_STYLE_COLOUR('',#8947);
#8963 = MECHANICAL_DESIGN_GEOMETRIC_PRESENTATION_REPRESENTATION('',(
    #8964,#8974),#6476);
#8964 = STYLED_ITEM('color',(#8965),#41);
#8965 = PRESENTATION_STYLE_ASSIGNMENT((#8966));
#8966 = SURFACE_STYLE_USAGE(.BOTH.,#8967);
#8967 = SURFACE_SIDE_STYLE('',(#8968,#8972));
#8968 = SURFACE_STYLE_FILL_AREA(#8969);
#8969 = FILL_AREA_STYLE('',(#8970));
#8970 = FILL_AREA_STYLE_COLOUR('',#8971);
#8971 = COLOUR_RGB('',0.250000000672,0.45000000386,0.750000000934);
#8972 = SURFACE_STYLE_RENDERING_WITH_PROPERTIES(.NORMAL_SHADING.,#8971,(
    #8973));
#8973 = SURFACE_STYLE_TRANSPARENT(0.699999988079);
#8974 = OVER_RIDING_STYLED_ITEM('overriding color',(#8975),#41,#8964);
#8975 = PRESENTATION_STYLE_BY_CONTEXT((#8976),#8919);
#8976 = SURFACE_STYLE_USAGE(.BOTH.,#8977);
#8977 = SURFACE_SIDE_STYLE('',(#8978,#8982));
#8978 = SURFACE_STYLE_FILL_AREA(#8979);
#8979 = FILL_AREA_STYLE('',(#8980));
#8980 = FILL_AREA_STYLE_COLOUR('',#8981);
#8981 = COLOUR_RGB('',0.250000000672,0.45000000386,0.750000000934);
#8982 = SURFACE_STYLE_RENDERING_WITH_PROPERTIES(.NORMAL_SHADING.,#8981,(
    #8983));
#8983 = SURFACE_STYLE_TRANSPARENT(0.699999988079);
#8984 = MECHANICAL_DESIGN_GEOMETRIC_PRESENTATION_REPRESENTATION('',(
    #8985),#8542);
#8985 = STYLED_ITEM('color',(#8986),#8212);
#8986 = PRESENTATION_STYLE_ASSIGNMENT((#8987));
#8987 = SURFACE_STYLE_USAGE(.BOTH.,#8988);
#8988 = SURFACE_SIDE_STYLE('',(#8989));
#8989 = SURFACE_STYLE_FILL_AREA(#8990);
#8990 = FILL_AREA_STYLE('',(#8991));
#8991 = FILL_AREA_STYLE_COLOUR('',#8939);

#8992=DESCRIPTIVE_REPRESENTATION_ITEM('cadgen:generator','cadgen');
#8993=REPRESENTATION('cadgen:generator',(#8992),#27);
#8994=PROPERTY_DEFINITION('cadgen metadata','cadgen:generator',#5);
#8995=PROPERTY_DEFINITION_REPRESENTATION(#8994,#8993);
#8996=DESCRIPTIVE_REPRESENTATION_ITEM('cadgen:entryKind','assembly');
#8997=REPRESENTATION('cadgen:entryKind',(#8996),#27);
#8998=PROPERTY_DEFINITION('cadgen metadata','cadgen:entryKind',#5);
#8999=PROPERTY_DEFINITION_REPRESENTATION(#8998,#8997);
#9000=DESCRIPTIVE_REPRESENTATION_ITEM('cadgen:sourcePath','n6_speedcam_case_back_module.step.py');
#9001=REPRESENTATION('cadgen:sourcePath',(#9000),#27);
#9002=PROPERTY_DEFINITION('cadgen metadata','cadgen:sourcePath',#5);
#9003=PROPERTY_DEFINITION_REPRESENTATION(#9002,#9001);
#9004=DESCRIPTIVE_REPRESENTATION_ITEM('cadgen:sourceHash','805571ea6af711a45db2babd5abeeac7fbdfc9ac0043274290285cbaba6473a8');
#9005=REPRESENTATION('cadgen:sourceHash',(#9004),#27);
#9006=PROPERTY_DEFINITION('cadgen metadata','cadgen:sourceHash',#5);
#9007=PROPERTY_DEFINITION_REPRESENTATION(#9006,#9005);
ENDSEC;
END-ISO-10303-21;
